  0
SECTION
  2
HEADER
  9
$ACADVER
  1
AC1018
  9
$HANDSEED
  5
FFFFFFFF
  9
$ANGBASE
  50
0.0
  9
$ANGDIR
  70
1
  9
$MEASUREMENT
  70
0
  9
$INSUNITS
  70
1
  0
ENDSEC
  0
SECTION
  2
TABLES
  0
TABLE
  2
APPID
  5
1
330
0
100
AcDbSymbolTable
 70
1
  0
APPID
  5
2
330
1
100
AcDbSymbolTableRecord
100
AcDbRegAppTableRecord
  2
ACAD
 70
0
  0
ENDTAB
  0
TABLE
  2
LTYPE
  5
3
330
0
100
AcDbSymbolTable
 70
6
  0
LTYPE
  5
4
330
3
100
AcDbSymbolTableRecord
100
AcDbLinetypeTableRecord
  2
ByBlock
 70
0
  3

 72
65
 73
0
 40
0
  0
LTYPE
  5
5
330
3
100
AcDbSymbolTableRecord
100
AcDbLinetypeTableRecord
  2
ByLayer
 70
0
  3

 72
65
 73
0
 40
0
  0
LTYPE
  5
6
330
3
100
AcDbSymbolTableRecord
100
AcDbLinetypeTableRecord
  2
CONTINUOUS
 70
0
  3
Solid line
 72
65
 73
0
 40
0
  0
LTYPE
  5
7
330
3
100
AcDbSymbolTableRecord
100
AcDbLinetypeTableRecord
  2
DASHDOT
 70
0
  3
Dash Dot ____ _ ____ _
 72
65
 73
4
 40
2
 49
1.25
 74
0
 49
-0.25
 74
0
 49
0.25
 74
0
 49
-0.25
 74
0
  0
LTYPE
  5
8
330
3
100
AcDbSymbolTableRecord
100
AcDbLinetypeTableRecord
  2
DASHED
 70
0
  3
Dashed __ __ __ __ __
 72
65
 73
2
 40
0.75
 49
0.5
 74
0
 49
-0.25
 74
0
  0
LTYPE
  5
9
330
3
100
AcDbSymbolTableRecord
100
AcDbLinetypeTableRecord
  2
DOTTED
 70
0
  3
Dotted .  .  .  .
 72
65
 73
2
 40
0.2
 49
0.0
 74
0
 49
-0.2
 74
0
  0
ENDTAB
  0
TABLE
  2
STYLE
  5
A
330
0
100
AcDbSymbolTable
 70
4
  0
STYLE
  5
B
330
A
100
AcDbSymbolTableRecord
100
AcDbTextStyleTableRecord
  2
KICAD
 70
0
 40
0
 41
1
 42
1
 50
0
 71
0
  3
isocp.shx
  0
STYLE
  5
C
330
A
100
AcDbSymbolTableRecord
100
AcDbTextStyleTableRecord
  2
KICADB
 70
0
 40
0
 41
1
 42
1
 50
0
 71
0
  3
isocp.shx
  0
STYLE
  5
D
330
A
100
AcDbSymbolTableRecord
100
AcDbTextStyleTableRecord
  2
KICADI
 70
0
 40
0
 41
1
 42
1
 50
15
 71
0
  3
isocp.shx
  0
STYLE
  5
E
330
A
100
AcDbSymbolTableRecord
100
AcDbTextStyleTableRecord
  2
KICADBI
 70
0
 40
0
 41
1
 42
1
 50
15
 71
0
  3
isocp.shx
  0
ENDTAB
  0
TABLE
  2
LAYER
  5
F
330
0
100
AcDbSymbolTable
 70
2
  0
LAYER
  5
12
330
F
100
AcDbSymbolTableRecord
100
AcDbLayerTableRecord
  2
0
 70
0
 62
7
  6
CONTINUOUS
390
10
  0
LAYER
  5
13
330
F
100
AcDbSymbolTableRecord
100
AcDbLayerTableRecord
  2
BLACK
 70
0
 62
250
  6
CONTINUOUS
390
10
  0
ENDTAB
  0
TABLE
  2
VPORT
  5
14
330
0
100
AcDbSymbolTable
 70
0
  0
ENDTAB
  0
TABLE
  2
VIEW
  5
15
330
0
100
AcDbSymbolTable
 70
0
  0
ENDTAB
  0
TABLE
  2
UCS
  5
16
330
0
100
AcDbSymbolTable
 70
0
  0
ENDTAB
  0
TABLE
  2
DIMSTYLE
  5
17
330
0
100
AcDbSymbolTable
 70
1
100
AcDbDimStyleTable
 71
0
  0
DIMSTYLE
105
18
330
17
100
AcDbSymbolTableRecord
100
AcDbDimStyleTableRecord
  2
Standard
 70
0
  0
ENDTAB
  0
TABLE
  2
BLOCK_RECORD
  5
19
330
0
100
AcDbSymbolTable
 70
3
  0
BLOCK_RECORD
  5
1A
330
19
100
AcDbSymbolTableRecord
100
AcDbBlockTableRecord
  2
*Model_Space
340
1D
 70
0
280
1
281
0
  0
BLOCK_RECORD
  5
1B
330
19
100
AcDbSymbolTableRecord
100
AcDbBlockTableRecord
  2
*Paper_Space
340
1E
 70
0
280
1
281
0
  0
BLOCK_RECORD
  5
1C
330
19
100
AcDbSymbolTableRecord
100
AcDbBlockTableRecord
  2
*Paper_Space0
340
1F
 70
0
280
1
281
0
  0
ENDTAB
  0
ENDSEC
  0
SECTION
  2
BLOCKS
  0
BLOCK
  5
23
330
1A
100
AcDbEntity
  8
0
100
AcDbBlockBegin
  2
*Model_Space
 70
0
 10
0.0
 20
0.0
 30
0.0
  3
*Model_Space
  1

  0
ENDBLK
  5
22
330
1A
100
AcDbEntity
  8
0
100
AcDbBlockEnd
  0
BLOCK
  5
25
330
1B
100
AcDbEntity
 67
1
  8
0
100
AcDbBlockBegin
  2
*Paper_Space
 70
0
 10
0.0
 20
0.0
 30
0.0
  3
*Paper_Space
  1

  0
ENDBLK
  5
24
330
1B
100
AcDbEntity
 67
1
  8
0
100
AcDbBlockEnd
  0
BLOCK
  5
27
330
1C
100
AcDbEntity
 67
1
  8
0
100
AcDbBlockBegin
  2
*Paper_Space0
 70
0
 10
0.0
 20
0.0
 30
0.0
  3
*Paper_Space0
  1

  0
ENDBLK
  5
26
330
1C
100
AcDbEntity
 67
1
  8
0
100
AcDbBlockEnd
  0
ENDSEC
  0
SECTION
  2
ENTITIES
  0
LINE
  5
28
330
1A
100
AcDbEntity
  8
BLACK
  6
CONTINUOUS
100
AcDbLine
 10
1.0395698031496063
 20
0.71639968503937
 30
0
 11
1.0431301181102361
 21
0.7143441338582677
 31
0
  0
LINE
  5
29
330
1A
100
AcDbEntity
  8
BLACK
  6
CONTINUOUS
100
AcDbLine
 10
1.0431301181102361
 20
0.7143441338582677
 30
0
 11
1.0460370472440945
 21
0.7114372047244094
 31
0
  0
LINE
  5
2A
330
1A
100
AcDbEntity
  8
BLACK
  6
CONTINUOUS
100
AcDbLine
 10
1.0460370472440945
 20
0.7114372047244094
 30
0
 11
1.0480925984251968
 21
0.7078768897637795
 31
0
  0
LINE
  5
2B
330
1A
100
AcDbEntity
  8
BLACK
  6
CONTINUOUS
100
AcDbLine
 10
1.0480925984251968
 20
0.7078768897637795
 30
0
 11
1.0491566141732283
 21
0.703905905511811
 31
0
  0
LINE
  5
2C
330
1A
100
AcDbEntity
  8
BLACK
  6
CONTINUOUS
100
AcDbLine
 10
1.0491566141732283
 20
0.703905905511811
 30
0
 11
1.0491566141732283
 21
0.6997948818897638
 31
0
  0
LINE
  5
2D
330
1A
100
AcDbEntity
  8
BLACK
  6
CONTINUOUS
100
AcDbLine
 10
1.0491566141732283
 20
0.6997948818897638
 30
0
 11
1.0480925984251968
 21
0.6958238976377953
 31
0
  0
LINE
  5
2E
330
1A
100
AcDbEntity
  8
BLACK
  6
CONTINUOUS
100
AcDbLine
 10
1.0480925984251968
 20
0.6958238976377953
 30
0
 11
1.0460370472440945
 21
0.6922635826771654
 31
0
  0
LINE
  5
2F
330
1A
100
AcDbEntity
  8
BLACK
  6
CONTINUOUS
100
AcDbLine
 10
1.0460370472440945
 20
0.6922635826771654
 30
0
 11
1.0431301181102361
 21
0.6893566535433071
 31
0
  0
LINE
  5
30
330
1A
100
AcDbEntity
  8
BLACK
  6
CONTINUOUS
100
AcDbLine
 10
1.0431301181102361
 20
0.6893566535433071
 30
0
 11
1.0414173228346457
 21
0.6883677952755906
 31
0
  0
LINE
  5
31
330
1A
100
AcDbEntity
  8
BLACK
  6
CONTINUOUS
100
AcDbLine
 10
1.0414173228346457
 20
0.6883677952755906
 30
0
 11
1.0414173228346457
 21
0.6718582677165355
 31
0
  0
LINE
  5
32
330
1A
100
AcDbEntity
  8
BLACK
  6
CONTINUOUS
100
AcDbLine
 10
1.0414173228346457
 20
0.6718582677165355
 30
0
 11
1.0412660236220472
 21
0.670322125984252
 31
0
  0
LINE
  5
33
330
1A
100
AcDbEntity
  8
BLACK
  6
CONTINUOUS
100
AcDbLine
 10
1.0412660236220472
 20
0.670322125984252
 30
0
 11
1.04009031496063
 21
0.6674837007874016
 31
0
  0
LINE
  5
34
330
1A
100
AcDbEntity
  8
BLACK
  6
CONTINUOUS
100
AcDbLine
 10
1.04009031496063
 20
0.6674837007874016
 30
0
 11
1.0391111023622046
 21
0.6662905118110236
 31
0
  0
LINE
  5
35
330
1A
100
AcDbEntity
  8
BLACK
  6
CONTINUOUS
100
AcDbLine
 10
1.0391111023622046
 20
0.6662905118110236
 30
0
 11
1.0298317716535432
 21
0.657011220472441
 31
0
  0
LINE
  5
36
330
1A
100
AcDbEntity
  8
BLACK
  6
CONTINUOUS
100
AcDbLine
 10
1.0298317716535432
 20
0.657011220472441
 30
0
 11
1.0310599212598426
 21
0.6524276771653543
 31
0
  0
LINE
  5
37
330
1A
100
AcDbEntity
  8
BLACK
  6
CONTINUOUS
100
AcDbLine
 10
1.0310599212598426
 20
0.6524276771653543
 30
0
 11
1.0310599212598426
 21
0.6472888582677165
 31
0
  0
LINE
  5
38
330
1A
100
AcDbEntity
  8
BLACK
  6
CONTINUOUS
100
AcDbLine
 10
1.0310599212598426
 20
0.6472888582677165
 30
0
 11
1.0297299212598425
 21
0.6423251181102362
 31
0
  0
LINE
  5
39
330
1A
100
AcDbEntity
  8
BLACK
  6
CONTINUOUS
100
AcDbLine
 10
1.0297299212598425
 20
0.6423251181102362
 30
0
 11
1.0271605118110236
 21
0.6378747637795276
 31
0
  0
LINE
  5
3A
330
1A
100
AcDbEntity
  8
BLACK
  6
CONTINUOUS
100
AcDbLine
 10
1.0271605118110236
 20
0.6378747637795276
 30
0
 11
1.023526811023622
 21
0.634241062992126
 31
0
  0
LINE
  5
3B
330
1A
100
AcDbEntity
  8
BLACK
  6
CONTINUOUS
100
AcDbLine
 10
1.023526811023622
 20
0.634241062992126
 30
0
 11
1.0190764566929134
 21
0.6316716535433071
 31
0
  0
LINE
  5
3C
330
1A
100
AcDbEntity
  8
BLACK
  6
CONTINUOUS
100
AcDbLine
 10
1.0190764566929134
 20
0.6316716535433071
 30
0
 11
1.0141127165354331
 21
0.6303416535433071
 31
0
  0
LINE
  5
3D
330
1A
100
AcDbEntity
  8
BLACK
  6
CONTINUOUS
100
AcDbLine
 10
1.0141127165354331
 20
0.6303416535433071
 30
0
 11
1.0089738976377953
 21
0.6303416535433071
 31
0
  0
LINE
  5
3E
330
1A
100
AcDbEntity
  8
BLACK
  6
CONTINUOUS
100
AcDbLine
 10
1.0089738976377953
 20
0.6303416535433071
 30
0
 11
1.0040101574803149
 21
0.6316716535433071
 31
0
  0
LINE
  5
3F
330
1A
100
AcDbEntity
  8
BLACK
  6
CONTINUOUS
100
AcDbLine
 10
1.0040101574803149
 20
0.6316716535433071
 30
0
 11
0.9995598031496062
 21
0.634241062992126
 31
0
  0
LINE
  5
40
330
1A
100
AcDbEntity
  8
BLACK
  6
CONTINUOUS
100
AcDbLine
 10
0.9995598031496062
 20
0.634241062992126
 30
0
 11
0.9959261023622047
 21
0.6378747637795276
 31
0
  0
LINE
  5
41
330
1A
100
AcDbEntity
  8
BLACK
  6
CONTINUOUS
100
AcDbLine
 10
0.9959261023622047
 20
0.6378747637795276
 30
0
 11
0.9933566929133858
 21
0.6423251181102362
 31
0
  0
LINE
  5
42
330
1A
100
AcDbEntity
  8
BLACK
  6
CONTINUOUS
100
AcDbLine
 10
0.9933566929133858
 20
0.6423251181102362
 30
0
 11
0.9920266929133859
 21
0.6472888582677165
 31
0
  0
LINE
  5
43
330
1A
100
AcDbEntity
  8
BLACK
  6
CONTINUOUS
100
AcDbLine
 10
0.9920266929133859
 20
0.6472888582677165
 30
0
 11
0.9920266929133859
 21
0.6524276771653543
 31
0
  0
LINE
  5
44
330
1A
100
AcDbEntity
  8
BLACK
  6
CONTINUOUS
100
AcDbLine
 10
0.9920266929133859
 20
0.6524276771653543
 30
0
 11
0.9933566929133858
 21
0.6573914173228347
 31
0
  0
LINE
  5
45
330
1A
100
AcDbEntity
  8
BLACK
  6
CONTINUOUS
100
AcDbLine
 10
0.9933566929133858
 20
0.6573914173228347
 30
0
 11
0.9959261023622047
 21
0.6618417716535433
 31
0
  0
LINE
  5
46
330
1A
100
AcDbEntity
  8
BLACK
  6
CONTINUOUS
100
AcDbLine
 10
0.9959261023622047
 20
0.6618417716535433
 30
0
 11
0.9995598031496062
 21
0.6654754724409448
 31
0
  0
LINE
  5
47
330
1A
100
AcDbEntity
  8
BLACK
  6
CONTINUOUS
100
AcDbLine
 10
0.9995598031496062
 20
0.6654754724409448
 30
0
 11
1.0040101574803149
 21
0.6680448818897637
 31
0
  0
LINE
  5
48
330
1A
100
AcDbEntity
  8
BLACK
  6
CONTINUOUS
100
AcDbLine
 10
1.0040101574803149
 20
0.6680448818897637
 30
0
 11
1.0089738976377953
 21
0.6693748818897638
 31
0
  0
LINE
  5
49
330
1A
100
AcDbEntity
  8
BLACK
  6
CONTINUOUS
100
AcDbLine
 10
1.0089738976377953
 20
0.6693748818897638
 30
0
 11
1.0141127165354331
 21
0.6693748818897638
 31
0
  0
LINE
  5
4A
330
1A
100
AcDbEntity
  8
BLACK
  6
CONTINUOUS
100
AcDbLine
 10
1.0141127165354331
 20
0.6693748818897638
 30
0
 11
1.018696220472441
 21
0.6681467716535433
 31
0
  0
LINE
  5
4B
330
1A
100
AcDbEntity
  8
BLACK
  6
CONTINUOUS
100
AcDbLine
 10
1.018696220472441
 20
0.6681467716535433
 30
0
 11
1.0256692913385828
 21
0.6751198031496063
 31
0
  0
LINE
  5
4C
330
1A
100
AcDbEntity
  8
BLACK
  6
CONTINUOUS
100
AcDbLine
 10
1.0256692913385828
 20
0.6751198031496063
 30
0
 11
1.0256692913385828
 21
0.6883677952755906
 31
0
  0
LINE
  5
4D
330
1A
100
AcDbEntity
  8
BLACK
  6
CONTINUOUS
100
AcDbLine
 10
1.0256692913385828
 20
0.6883677952755906
 30
0
 11
1.0239564960629921
 21
0.6893566535433071
 31
0
  0
LINE
  5
4E
330
1A
100
AcDbEntity
  8
BLACK
  6
CONTINUOUS
100
AcDbLine
 10
1.0239564960629921
 20
0.6893566535433071
 30
0
 11
1.0210495669291337
 21
0.6922635826771654
 31
0
  0
LINE
  5
4F
330
1A
100
AcDbEntity
  8
BLACK
  6
CONTINUOUS
100
AcDbLine
 10
1.0210495669291337
 20
0.6922635826771654
 30
0
 11
1.0189940157480315
 21
0.6958238976377953
 31
0
  0
LINE
  5
50
330
1A
100
AcDbEntity
  8
BLACK
  6
CONTINUOUS
100
AcDbLine
 10
1.0189940157480315
 20
0.6958238976377953
 30
0
 11
1.01793
 21
0.6997948818897638
 31
0
  0
LINE
  5
51
330
1A
100
AcDbEntity
  8
BLACK
  6
CONTINUOUS
100
AcDbLine
 10
1.01793
 20
0.6997948818897638
 30
0
 11
1.01793
 21
0.703905905511811
 31
0
  0
LINE
  5
52
330
1A
100
AcDbEntity
  8
BLACK
  6
CONTINUOUS
100
AcDbLine
 10
1.01793
 20
0.703905905511811
 30
0
 11
1.0189940157480315
 21
0.7078768897637795
 31
0
  0
LINE
  5
53
330
1A
100
AcDbEntity
  8
BLACK
  6
CONTINUOUS
100
AcDbLine
 10
1.0189940157480315
 20
0.7078768897637795
 30
0
 11
1.0210495669291337
 21
0.7114372047244094
 31
0
  0
LINE
  5
54
330
1A
100
AcDbEntity
  8
BLACK
  6
CONTINUOUS
100
AcDbLine
 10
1.0210495669291337
 20
0.7114372047244094
 30
0
 11
1.0239564960629921
 21
0.7143441338582677
 31
0
  0
LINE
  5
55
330
1A
100
AcDbEntity
  8
BLACK
  6
CONTINUOUS
100
AcDbLine
 10
1.0239564960629921
 20
0.7143441338582677
 30
0
 11
1.0275168110236221
 21
0.71639968503937
 31
0
  0
LINE
  5
56
330
1A
100
AcDbEntity
  8
BLACK
  6
CONTINUOUS
100
AcDbLine
 10
1.0275168110236221
 20
0.71639968503937
 30
0
 11
1.0314877952755905
 21
0.7174637007874015
 31
0
  0
LINE
  5
57
330
1A
100
AcDbEntity
  8
BLACK
  6
CONTINUOUS
100
AcDbLine
 10
1.0314877952755905
 20
0.7174637007874015
 30
0
 11
1.0355988188976377
 21
0.7174637007874015
 31
0
  0
LINE
  5
58
330
1A
100
AcDbEntity
  8
BLACK
  6
CONTINUOUS
100
AcDbLine
 10
1.0355988188976377
 20
0.7174637007874015
 30
0
 11
1.0395698031496063
 21
0.71639968503937
 31
0
  0
LINE
  5
59
330
1A
100
AcDbEntity
  8
BLACK
  6
CONTINUOUS
100
AcDbLine
 10
0.8235613779527559
 20
1.8593991338582676
 30
0
 11
0.8271216929133858
 21
1.8573435826771654
 31
0
  0
LINE
  5
5A
330
1A
100
AcDbEntity
  8
BLACK
  6
CONTINUOUS
100
AcDbLine
 10
0.8271216929133858
 20
1.8573435826771654
 30
0
 11
0.830028622047244
 21
1.854436653543307
 31
0
  0
LINE
  5
5B
330
1A
100
AcDbEntity
  8
BLACK
  6
CONTINUOUS
100
AcDbLine
 10
0.830028622047244
 20
1.854436653543307
 30
0
 11
0.8320841732283465
 21
1.8508763385826772
 31
0
  0
LINE
  5
5C
330
1A
100
AcDbEntity
  8
BLACK
  6
CONTINUOUS
100
AcDbLine
 10
0.8320841732283465
 20
1.8508763385826772
 30
0
 11
0.8331481889763779
 21
1.8469053543307086
 31
0
  0
LINE
  5
5D
330
1A
100
AcDbEntity
  8
BLACK
  6
CONTINUOUS
100
AcDbLine
 10
0.8331481889763779
 20
1.8469053543307086
 30
0
 11
0.8331481889763779
 21
1.8427943307086614
 31
0
  0
LINE
  5
5E
330
1A
100
AcDbEntity
  8
BLACK
  6
CONTINUOUS
100
AcDbLine
 10
0.8331481889763779
 20
1.8427943307086614
 30
0
 11
0.8320841732283465
 21
1.8388233464566928
 31
0
  0
LINE
  5
5F
330
1A
100
AcDbEntity
  8
BLACK
  6
CONTINUOUS
100
AcDbLine
 10
0.8320841732283465
 20
1.8388233464566928
 30
0
 11
0.830028622047244
 21
1.835263031496063
 31
0
  0
LINE
  5
60
330
1A
100
AcDbEntity
  8
BLACK
  6
CONTINUOUS
100
AcDbLine
 10
0.830028622047244
 20
1.835263031496063
 30
0
 11
0.8271216929133858
 21
1.8323561023622046
 31
0
  0
LINE
  5
61
330
1A
100
AcDbEntity
  8
BLACK
  6
CONTINUOUS
100
AcDbLine
 10
0.8271216929133858
 20
1.8323561023622046
 30
0
 11
0.8235613779527559
 21
1.8303005511811024
 31
0
  0
LINE
  5
62
330
1A
100
AcDbEntity
  8
BLACK
  6
CONTINUOUS
100
AcDbLine
 10
0.8235613779527559
 20
1.8303005511811024
 30
0
 11
0.8195903937007873
 21
1.8292365354330709
 31
0
  0
LINE
  5
63
330
1A
100
AcDbEntity
  8
BLACK
  6
CONTINUOUS
100
AcDbLine
 10
0.8195903937007873
 20
1.8292365354330709
 30
0
 11
0.8154793700787402
 21
1.8292365354330709
 31
0
  0
LINE
  5
64
330
1A
100
AcDbEntity
  8
BLACK
  6
CONTINUOUS
100
AcDbLine
 10
0.8154793700787402
 20
1.8292365354330709
 30
0
 11
0.8138780708661417
 21
1.8296655905511812
 31
0
  0
LINE
  5
65
330
1A
100
AcDbEntity
  8
BLACK
  6
CONTINUOUS
100
AcDbLine
 10
0.8138780708661417
 20
1.8296655905511812
 30
0
 11
0.6229388582677166
 21
1.6387263779527559
 31
0
  0
LINE
  5
66
330
1A
100
AcDbEntity
  8
BLACK
  6
CONTINUOUS
100
AcDbLine
 10
0.6229388582677166
 20
1.6387263779527559
 30
0
 11
0.6231566141732283
 21
1.6379137795275591
 31
0
  0
LINE
  5
67
330
1A
100
AcDbEntity
  8
BLACK
  6
CONTINUOUS
100
AcDbLine
 10
0.6231566141732283
 20
1.6379137795275591
 30
0
 11
0.6231566141732283
 21
1.6338027559055117
 31
0
  0
LINE
  5
68
330
1A
100
AcDbEntity
  8
BLACK
  6
CONTINUOUS
100
AcDbLine
 10
0.6231566141732283
 20
1.6338027559055117
 30
0
 11
0.6220925984251968
 21
1.6298317716535433
 31
0
  0
LINE
  5
69
330
1A
100
AcDbEntity
  8
BLACK
  6
CONTINUOUS
100
AcDbLine
 10
0.6220925984251968
 20
1.6298317716535433
 30
0
 11
0.6200370472440945
 21
1.6262714566929133
 31
0
  0
LINE
  5
6A
330
1A
100
AcDbEntity
  8
BLACK
  6
CONTINUOUS
100
AcDbLine
 10
0.6200370472440945
 20
1.6262714566929133
 30
0
 11
0.6171301181102362
 21
1.6233645275590551
 31
0
  0
LINE
  5
6B
330
1A
100
AcDbEntity
  8
BLACK
  6
CONTINUOUS
100
AcDbLine
 10
0.6171301181102362
 20
1.6233645275590551
 30
0
 11
0.6135698031496063
 21
1.6213089763779527
 31
0
  0
LINE
  5
6C
330
1A
100
AcDbEntity
  8
BLACK
  6
CONTINUOUS
100
AcDbLine
 10
0.6135698031496063
 20
1.6213089763779527
 30
0
 11
0.6095988188976378
 21
1.6202449606299212
 31
0
  0
LINE
  5
6D
330
1A
100
AcDbEntity
  8
BLACK
  6
CONTINUOUS
100
AcDbLine
 10
0.6095988188976378
 20
1.6202449606299212
 30
0
 11
0.6054877952755905
 21
1.6202449606299212
 31
0
  0
LINE
  5
6E
330
1A
100
AcDbEntity
  8
BLACK
  6
CONTINUOUS
100
AcDbLine
 10
0.6054877952755905
 20
1.6202449606299212
 30
0
 11
0.6046751968503937
 21
1.6204627165354331
 31
0
  0
LINE
  5
6F
330
1A
100
AcDbEntity
  8
BLACK
  6
CONTINUOUS
100
AcDbLine
 10
0.6046751968503937
 20
1.6204627165354331
 30
0
 11
0.5888582677165354
 21
1.604645748031496
 31
0
  0
LINE
  5
70
330
1A
100
AcDbEntity
  8
BLACK
  6
CONTINUOUS
100
AcDbLine
 10
0.5888582677165354
 20
1.604645748031496
 30
0
 11
0.5888582677165354
 21
1.1639143700787402
 31
0
  0
LINE
  5
71
330
1A
100
AcDbEntity
  8
BLACK
  6
CONTINUOUS
100
AcDbLine
 10
0.5888582677165354
 20
1.1639143700787402
 30
0
 11
0.589586811023622
 21
1.1634937401574803
 31
0
  0
LINE
  5
72
330
1A
100
AcDbEntity
  8
BLACK
  6
CONTINUOUS
100
AcDbLine
 10
0.589586811023622
 20
1.1634937401574803
 30
0
 11
0.5924937401574804
 21
1.1605868110236219
 31
0
  0
LINE
  5
73
330
1A
100
AcDbEntity
  8
BLACK
  6
CONTINUOUS
100
AcDbLine
 10
0.5924937401574804
 20
1.1605868110236219
 30
0
 11
0.5945492913385827
 21
1.1570264960629921
 31
0
  0
LINE
  5
74
330
1A
100
AcDbEntity
  8
BLACK
  6
CONTINUOUS
100
AcDbLine
 10
0.5945492913385827
 20
1.1570264960629921
 30
0
 11
0.5956133070866142
 21
1.1530555118110235
 31
0
  0
LINE
  5
75
330
1A
100
AcDbEntity
  8
BLACK
  6
CONTINUOUS
100
AcDbLine
 10
0.5956133070866142
 20
1.1530555118110235
 30
0
 11
0.5956133070866142
 21
1.1489444881889763
 31
0
  0
LINE
  5
76
330
1A
100
AcDbEntity
  8
BLACK
  6
CONTINUOUS
100
AcDbLine
 10
0.5956133070866142
 20
1.1489444881889763
 30
0
 11
0.5945492913385827
 21
1.1449735039370079
 31
0
  0
LINE
  5
77
330
1A
100
AcDbEntity
  8
BLACK
  6
CONTINUOUS
100
AcDbLine
 10
0.5945492913385827
 20
1.1449735039370079
 30
0
 11
0.5924937401574804
 21
1.1414131889763779
 31
0
  0
LINE
  5
78
330
1A
100
AcDbEntity
  8
BLACK
  6
CONTINUOUS
100
AcDbLine
 10
0.5924937401574804
 20
1.1414131889763779
 30
0
 11
0.589586811023622
 21
1.1385062598425197
 31
0
  0
LINE
  5
79
330
1A
100
AcDbEntity
  8
BLACK
  6
CONTINUOUS
100
AcDbLine
 10
0.589586811023622
 20
1.1385062598425197
 30
0
 11
0.5888582677165354
 21
1.1380856692913386
 31
0
  0
LINE
  5
7A
330
1A
100
AcDbEntity
  8
BLACK
  6
CONTINUOUS
100
AcDbLine
 10
0.5888582677165354
 20
1.1380856692913386
 30
0
 11
0.5888582677165354
 21
0.9249339763779527
 31
0
  0
LINE
  5
7B
330
1A
100
AcDbEntity
  8
BLACK
  6
CONTINUOUS
100
AcDbLine
 10
0.5888582677165354
 20
0.9249339763779527
 30
0
 11
0.5886880708661417
 21
0.9232058267716535
 31
0
  0
LINE
  5
7C
330
1A
100
AcDbEntity
  8
BLACK
  6
CONTINUOUS
100
AcDbLine
 10
0.5886880708661417
 20
0.9232058267716535
 30
0
 11
0.5873653937007874
 21
0.9200125984251968
 31
0
  0
LINE
  5
7D
330
1A
100
AcDbEntity
  8
BLACK
  6
CONTINUOUS
100
AcDbLine
 10
0.5873653937007874
 20
0.9200125984251968
 30
0
 11
0.5862637401574803
 21
0.9186702362204724
 31
0
  0
LINE
  5
7E
330
1A
100
AcDbEntity
  8
BLACK
  6
CONTINUOUS
100
AcDbLine
 10
0.5862637401574803
 20
0.9186702362204724
 30
0
 11
0.5743083858267717
 21
0.9067149212598425
 31
0
  0
LINE
  5
7F
330
1A
100
AcDbEntity
  8
BLACK
  6
CONTINUOUS
100
AcDbLine
 10
0.5743083858267717
 20
0.9067149212598425
 30
0
 11
0.5745261417322834
 21
0.9059023228346457
 31
0
  0
LINE
  5
80
330
1A
100
AcDbEntity
  8
BLACK
  6
CONTINUOUS
100
AcDbLine
 10
0.5745261417322834
 20
0.9059023228346457
 30
0
 11
0.5745261417322834
 21
0.9017912992125984
 31
0
  0
LINE
  5
81
330
1A
100
AcDbEntity
  8
BLACK
  6
CONTINUOUS
100
AcDbLine
 10
0.5745261417322834
 20
0.9017912992125984
 30
0
 11
0.5734621259842519
 21
0.8978203149606299
 31
0
  0
LINE
  5
82
330
1A
100
AcDbEntity
  8
BLACK
  6
CONTINUOUS
100
AcDbLine
 10
0.5734621259842519
 20
0.8978203149606299
 30
0
 11
0.5714065748031496
 21
0.8942599999999999
 31
0
  0
LINE
  5
83
330
1A
100
AcDbEntity
  8
BLACK
  6
CONTINUOUS
100
AcDbLine
 10
0.5714065748031496
 20
0.8942599999999999
 30
0
 11
0.5688582677165355
 21
0.8917116929133858
 31
0
  0
LINE
  5
84
330
1A
100
AcDbEntity
  8
BLACK
  6
CONTINUOUS
100
AcDbLine
 10
0.5688582677165355
 20
0.8917116929133858
 30
0
 11
0.5688582677165355
 21
0.8473149606299213
 31
0
  0
LINE
  5
85
330
1A
100
AcDbEntity
  8
BLACK
  6
CONTINUOUS
100
AcDbLine
 10
0.5688582677165355
 20
0.8473149606299213
 30
0
 11
0.5686880708661417
 21
0.845586811023622
 31
0
  0
LINE
  5
86
330
1A
100
AcDbEntity
  8
BLACK
  6
CONTINUOUS
100
AcDbLine
 10
0.5686880708661417
 20
0.845586811023622
 30
0
 11
0.5686880708661417
 21
0.8455867716535432
 31
0
  0
LINE
  5
87
330
1A
100
AcDbEntity
  8
BLACK
  6
CONTINUOUS
100
AcDbLine
 10
0.5686880708661417
 20
0.8455867716535432
 30
0
 11
0.5673653937007874
 21
0.8423935433070866
 31
0
  0
LINE
  5
88
330
1A
100
AcDbEntity
  8
BLACK
  6
CONTINUOUS
100
AcDbLine
 10
0.5673653937007874
 20
0.8423935433070866
 30
0
 11
0.5662637401574803
 21
0.841051220472441
 31
0
  0
LINE
  5
89
330
1A
100
AcDbEntity
  8
BLACK
  6
CONTINUOUS
100
AcDbLine
 10
0.5662637401574803
 20
0.841051220472441
 30
0
 11
0.4560707874015748
 21
0.7308582677165354
 31
0
  0
LINE
  5
8A
330
1A
100
AcDbEntity
  8
BLACK
  6
CONTINUOUS
100
AcDbLine
 10
0.4560707874015748
 20
0.7308582677165354
 30
0
 11
0.4918351181102362
 21
0.695093937007874
 31
0
  0
LINE
  5
8B
330
1A
100
AcDbEntity
  8
BLACK
  6
CONTINUOUS
100
AcDbLine
 10
0.4918351181102362
 20
0.695093937007874
 30
0
 11
0.4934166929133858
 21
0.6955176771653543
 31
0
  0
LINE
  5
8C
330
1A
100
AcDbEntity
  8
BLACK
  6
CONTINUOUS
100
AcDbLine
 10
0.4934166929133858
 20
0.6955176771653543
 30
0
 11
0.497527716535433
 21
0.6955176771653543
 31
0
  0
LINE
  5
8D
330
1A
100
AcDbEntity
  8
BLACK
  6
CONTINUOUS
100
AcDbLine
 10
0.497527716535433
 20
0.6955176771653543
 30
0
 11
0.5014987007874016
 21
0.6944536614173228
 31
0
  0
LINE
  5
8E
330
1A
100
AcDbEntity
  8
BLACK
  6
CONTINUOUS
100
AcDbLine
 10
0.5014987007874016
 20
0.6944536614173228
 30
0
 11
0.5050590157480315
 21
0.6923981102362204
 31
0
  0
LINE
  5
8F
330
1A
100
AcDbEntity
  8
BLACK
  6
CONTINUOUS
100
AcDbLine
 10
0.5050590157480315
 20
0.6923981102362204
 30
0
 11
0.5079659448818897
 21
0.6894911811023622
 31
0
  0
LINE
  5
90
330
1A
100
AcDbEntity
  8
BLACK
  6
CONTINUOUS
100
AcDbLine
 10
0.5079659448818897
 20
0.6894911811023622
 30
0
 11
0.5100214960629921
 21
0.6859308661417323
 31
0
  0
LINE
  5
91
330
1A
100
AcDbEntity
  8
BLACK
  6
CONTINUOUS
100
AcDbLine
 10
0.5100214960629921
 20
0.6859308661417323
 30
0
 11
0.5110855118110236
 21
0.6819598818897638
 31
0
  0
LINE
  5
92
330
1A
100
AcDbEntity
  8
BLACK
  6
CONTINUOUS
100
AcDbLine
 10
0.5110855118110236
 20
0.6819598818897638
 30
0
 11
0.5110855118110236
 21
0.6778488582677166
 31
0
  0
LINE
  5
93
330
1A
100
AcDbEntity
  8
BLACK
  6
CONTINUOUS
100
AcDbLine
 10
0.5110855118110236
 20
0.6778488582677166
 30
0
 11
0.5100214960629921
 21
0.6738778740157481
 31
0
  0
LINE
  5
94
330
1A
100
AcDbEntity
  8
BLACK
  6
CONTINUOUS
100
AcDbLine
 10
0.5100214960629921
 20
0.6738778740157481
 30
0
 11
0.5079659448818897
 21
0.6703175590551181
 31
0
  0
LINE
  5
95
330
1A
100
AcDbEntity
  8
BLACK
  6
CONTINUOUS
100
AcDbLine
 10
0.5079659448818897
 20
0.6703175590551181
 30
0
 11
0.5050590157480315
 21
0.6674106299212599
 31
0
  0
LINE
  5
96
330
1A
100
AcDbEntity
  8
BLACK
  6
CONTINUOUS
100
AcDbLine
 10
0.5050590157480315
 20
0.6674106299212599
 30
0
 11
0.5014987007874016
 21
0.6653550787401574
 31
0
  0
LINE
  5
97
330
1A
100
AcDbEntity
  8
BLACK
  6
CONTINUOUS
100
AcDbLine
 10
0.5014987007874016
 20
0.6653550787401574
 30
0
 11
0.497527716535433
 21
0.6642910629921259
 31
0
  0
LINE
  5
98
330
1A
100
AcDbEntity
  8
BLACK
  6
CONTINUOUS
100
AcDbLine
 10
0.497527716535433
 20
0.6642910629921259
 30
0
 11
0.4934166929133858
 21
0.6642910629921259
 31
0
  0
LINE
  5
99
330
1A
100
AcDbEntity
  8
BLACK
  6
CONTINUOUS
100
AcDbLine
 10
0.4934166929133858
 20
0.6642910629921259
 30
0
 11
0.4894457086614173
 21
0.6653550787401574
 31
0
  0
LINE
  5
9A
330
1A
100
AcDbEntity
  8
BLACK
  6
CONTINUOUS
100
AcDbLine
 10
0.4894457086614173
 20
0.6653550787401574
 30
0
 11
0.4858853937007874
 21
0.6674106299212599
 31
0
  0
LINE
  5
9B
330
1A
100
AcDbEntity
  8
BLACK
  6
CONTINUOUS
100
AcDbLine
 10
0.4858853937007874
 20
0.6674106299212599
 30
0
 11
0.4829784645669291
 21
0.6703175590551181
 31
0
  0
LINE
  5
9C
330
1A
100
AcDbEntity
  8
BLACK
  6
CONTINUOUS
100
AcDbLine
 10
0.4829784645669291
 20
0.6703175590551181
 30
0
 11
0.4809229133858268
 21
0.6738778740157481
 31
0
  0
LINE
  5
9D
330
1A
100
AcDbEntity
  8
BLACK
  6
CONTINUOUS
100
AcDbLine
 10
0.4809229133858268
 20
0.6738778740157481
 30
0
 11
0.4798588976377953
 21
0.6778488582677166
 31
0
  0
LINE
  5
9E
330
1A
100
AcDbEntity
  8
BLACK
  6
CONTINUOUS
100
AcDbLine
 10
0.4798588976377953
 20
0.6778488582677166
 30
0
 11
0.4798588976377953
 21
0.6819598818897638
 31
0
  0
LINE
  5
9F
330
1A
100
AcDbEntity
  8
BLACK
  6
CONTINUOUS
100
AcDbLine
 10
0.4798588976377953
 20
0.6819598818897638
 30
0
 11
0.4798705511811023
 21
0.6820035433070866
 31
0
  0
LINE
  5
A0
330
1A
100
AcDbEntity
  8
BLACK
  6
CONTINUOUS
100
AcDbLine
 10
0.4798705511811023
 20
0.6820035433070866
 30
0
 11
0.439874094488189
 21
0.722
 31
0
  0
LINE
  5
A1
330
1A
100
AcDbEntity
  8
BLACK
  6
CONTINUOUS
100
AcDbLine
 10
0.439874094488189
 20
0.722
 30
0
 11
0.4265127952755906
 21
0.722
 31
0
  0
LINE
  5
A2
330
1A
100
AcDbEntity
  8
BLACK
  6
CONTINUOUS
100
AcDbLine
 10
0.4265127952755906
 20
0.722
 30
0
 11
0.4260921653543307
 21
0.7212714566929134
 31
0
  0
LINE
  5
A3
330
1A
100
AcDbEntity
  8
BLACK
  6
CONTINUOUS
100
AcDbLine
 10
0.4260921653543307
 20
0.7212714566929134
 30
0
 11
0.4231852362204724
 21
0.7183645275590551
 31
0
  0
LINE
  5
A4
330
1A
100
AcDbEntity
  8
BLACK
  6
CONTINUOUS
100
AcDbLine
 10
0.4231852362204724
 20
0.7183645275590551
 30
0
 11
0.4196249212598425
 21
0.7163089763779528
 31
0
  0
LINE
  5
A5
330
1A
100
AcDbEntity
  8
BLACK
  6
CONTINUOUS
100
AcDbLine
 10
0.4196249212598425
 20
0.7163089763779528
 30
0
 11
0.415653937007874
 21
0.7152449606299213
 31
0
  0
LINE
  5
A6
330
1A
100
AcDbEntity
  8
BLACK
  6
CONTINUOUS
100
AcDbLine
 10
0.415653937007874
 20
0.7152449606299213
 30
0
 11
0.4115429133858268
 21
0.7152449606299213
 31
0
  0
LINE
  5
A7
330
1A
100
AcDbEntity
  8
BLACK
  6
CONTINUOUS
100
AcDbLine
 10
0.4115429133858268
 20
0.7152449606299213
 30
0
 11
0.4075719291338583
 21
0.7163089763779528
 31
0
  0
LINE
  5
A8
330
1A
100
AcDbEntity
  8
BLACK
  6
CONTINUOUS
100
AcDbLine
 10
0.4075719291338583
 20
0.7163089763779528
 30
0
 11
0.4040116141732283
 21
0.7183645275590551
 31
0
  0
LINE
  5
A9
330
1A
100
AcDbEntity
  8
BLACK
  6
CONTINUOUS
100
AcDbLine
 10
0.4040116141732283
 20
0.7183645275590551
 30
0
 11
0.4011046850393701
 21
0.7212714566929134
 31
0
  0
LINE
  5
AA
330
1A
100
AcDbEntity
  8
BLACK
  6
CONTINUOUS
100
AcDbLine
 10
0.4011046850393701
 20
0.7212714566929134
 30
0
 11
0.3990491338582677
 21
0.7248317716535433
 31
0
  0
LINE
  5
AB
330
1A
100
AcDbEntity
  8
BLACK
  6
CONTINUOUS
100
AcDbLine
 10
0.3990491338582677
 20
0.7248317716535433
 30
0
 11
0.3979851181102362
 21
0.7288027559055118
 31
0
  0
LINE
  5
AC
330
1A
100
AcDbEntity
  8
BLACK
  6
CONTINUOUS
100
AcDbLine
 10
0.3979851181102362
 20
0.7288027559055118
 30
0
 11
0.3979851181102362
 21
0.732913779527559
 31
0
  0
LINE
  5
AD
330
1A
100
AcDbEntity
  8
BLACK
  6
CONTINUOUS
100
AcDbLine
 10
0.3979851181102362
 20
0.732913779527559
 30
0
 11
0.3990491338582677
 21
0.7368847637795275
 31
0
  0
LINE
  5
AE
330
1A
100
AcDbEntity
  8
BLACK
  6
CONTINUOUS
100
AcDbLine
 10
0.3990491338582677
 20
0.7368847637795275
 30
0
 11
0.4011046850393701
 21
0.7404450787401574
 31
0
  0
LINE
  5
AF
330
1A
100
AcDbEntity
  8
BLACK
  6
CONTINUOUS
100
AcDbLine
 10
0.4011046850393701
 20
0.7404450787401574
 30
0
 11
0.4040116141732283
 21
0.7433520078740158
 31
0
  0
LINE
  5
B0
330
1A
100
AcDbEntity
  8
BLACK
  6
CONTINUOUS
100
AcDbLine
 10
0.4040116141732283
 20
0.7433520078740158
 30
0
 11
0.4075719291338583
 21
0.7454075590551181
 31
0
  0
LINE
  5
B1
330
1A
100
AcDbEntity
  8
BLACK
  6
CONTINUOUS
100
AcDbLine
 10
0.4075719291338583
 20
0.7454075590551181
 30
0
 11
0.4115429133858268
 21
0.7464715748031496
 31
0
  0
LINE
  5
B2
330
1A
100
AcDbEntity
  8
BLACK
  6
CONTINUOUS
100
AcDbLine
 10
0.4115429133858268
 20
0.7464715748031496
 30
0
 11
0.415653937007874
 21
0.7464715748031496
 31
0
  0
LINE
  5
B3
330
1A
100
AcDbEntity
  8
BLACK
  6
CONTINUOUS
100
AcDbLine
 10
0.415653937007874
 20
0.7464715748031496
 30
0
 11
0.4196249212598425
 21
0.7454075590551181
 31
0
  0
LINE
  5
B4
330
1A
100
AcDbEntity
  8
BLACK
  6
CONTINUOUS
100
AcDbLine
 10
0.4196249212598425
 20
0.7454075590551181
 30
0
 11
0.4231852362204724
 21
0.7433520078740158
 31
0
  0
LINE
  5
B5
330
1A
100
AcDbEntity
  8
BLACK
  6
CONTINUOUS
100
AcDbLine
 10
0.4231852362204724
 20
0.7433520078740158
 30
0
 11
0.4260921653543307
 21
0.7404450787401574
 31
0
  0
LINE
  5
B6
330
1A
100
AcDbEntity
  8
BLACK
  6
CONTINUOUS
100
AcDbLine
 10
0.4260921653543307
 20
0.7404450787401574
 30
0
 11
0.4265127952755906
 21
0.7397165354330708
 31
0
  0
LINE
  5
B7
330
1A
100
AcDbEntity
  8
BLACK
  6
CONTINUOUS
100
AcDbLine
 10
0.4265127952755906
 20
0.7397165354330708
 30
0
 11
0.439874094488189
 21
0.7397165354330708
 31
0
  0
LINE
  5
B8
330
1A
100
AcDbEntity
  8
BLACK
  6
CONTINUOUS
100
AcDbLine
 10
0.439874094488189
 20
0.7397165354330708
 30
0
 11
0.5511417322834645
 21
0.8509841732283464
 31
0
  0
LINE
  5
B9
330
1A
100
AcDbEntity
  8
BLACK
  6
CONTINUOUS
100
AcDbLine
 10
0.5511417322834645
 20
0.8509841732283464
 30
0
 11
0.5511417322834645
 21
0.8903048031496062
 31
0
  0
LINE
  5
BA
330
1A
100
AcDbEntity
  8
BLACK
  6
CONTINUOUS
100
AcDbLine
 10
0.5511417322834645
 20
0.8903048031496062
 30
0
 11
0.5493260236220472
 21
0.8913530708661417
 31
0
  0
LINE
  5
BB
330
1A
100
AcDbEntity
  8
BLACK
  6
CONTINUOUS
100
AcDbLine
 10
0.5493260236220472
 20
0.8913530708661417
 30
0
 11
0.5464190944881889
 21
0.8942599999999999
 31
0
  0
LINE
  5
BC
330
1A
100
AcDbEntity
  8
BLACK
  6
CONTINUOUS
100
AcDbLine
 10
0.5464190944881889
 20
0.8942599999999999
 30
0
 11
0.5443635433070866
 21
0.8978203149606299
 31
0
  0
LINE
  5
BD
330
1A
100
AcDbEntity
  8
BLACK
  6
CONTINUOUS
100
AcDbLine
 10
0.5443635433070866
 20
0.8978203149606299
 30
0
 11
0.5432995275590551
 21
0.9017912992125984
 31
0
  0
LINE
  5
BE
330
1A
100
AcDbEntity
  8
BLACK
  6
CONTINUOUS
100
AcDbLine
 10
0.5432995275590551
 20
0.9017912992125984
 30
0
 11
0.5432995275590551
 21
0.9059023228346457
 31
0
  0
LINE
  5
BF
330
1A
100
AcDbEntity
  8
BLACK
  6
CONTINUOUS
100
AcDbLine
 10
0.5432995275590551
 20
0.9059023228346457
 30
0
 11
0.5443635433070866
 21
0.9098733070866142
 31
0
  0
LINE
  5
C0
330
1A
100
AcDbEntity
  8
BLACK
  6
CONTINUOUS
100
AcDbLine
 10
0.5443635433070866
 20
0.9098733070866142
 30
0
 11
0.5464190944881889
 21
0.9134336220472441
 31
0
  0
LINE
  5
C1
330
1A
100
AcDbEntity
  8
BLACK
  6
CONTINUOUS
100
AcDbLine
 10
0.5464190944881889
 20
0.9134336220472441
 30
0
 11
0.5493260236220472
 21
0.9163405511811024
 31
0
  0
LINE
  5
C2
330
1A
100
AcDbEntity
  8
BLACK
  6
CONTINUOUS
100
AcDbLine
 10
0.5493260236220472
 20
0.9163405511811024
 30
0
 11
0.5528863385826771
 21
0.9183961023622047
 31
0
  0
LINE
  5
C3
330
1A
100
AcDbEntity
  8
BLACK
  6
CONTINUOUS
100
AcDbLine
 10
0.5528863385826771
 20
0.9183961023622047
 30
0
 11
0.5568573228346456
 21
0.9194601181102362
 31
0
  0
LINE
  5
C4
330
1A
100
AcDbEntity
  8
BLACK
  6
CONTINUOUS
100
AcDbLine
 10
0.5568573228346456
 20
0.9194601181102362
 30
0
 11
0.5609683464566929
 21
0.9194601181102362
 31
0
  0
LINE
  5
C5
330
1A
100
AcDbEntity
  8
BLACK
  6
CONTINUOUS
100
AcDbLine
 10
0.5609683464566929
 20
0.9194601181102362
 30
0
 11
0.561780905511811
 21
0.9192424015748031
 31
0
  0
LINE
  5
C6
330
1A
100
AcDbEntity
  8
BLACK
  6
CONTINUOUS
100
AcDbLine
 10
0.561780905511811
 20
0.9192424015748031
 30
0
 11
0.5711417322834645
 21
0.9286031889763779
 31
0
  0
LINE
  5
C7
330
1A
100
AcDbEntity
  8
BLACK
  6
CONTINUOUS
100
AcDbLine
 10
0.5711417322834645
 20
0.9286031889763779
 30
0
 11
0.5711417322834645
 21
1.1380856692913386
 31
0
  0
LINE
  5
C8
330
1A
100
AcDbEntity
  8
BLACK
  6
CONTINUOUS
100
AcDbLine
 10
0.5711417322834645
 20
1.1380856692913386
 30
0
 11
0.5704131889763779
 21
1.1385062598425197
 31
0
  0
LINE
  5
C9
330
1A
100
AcDbEntity
  8
BLACK
  6
CONTINUOUS
100
AcDbLine
 10
0.5704131889763779
 20
1.1385062598425197
 30
0
 11
0.5675062598425197
 21
1.1414131889763779
 31
0
  0
LINE
  5
CA
330
1A
100
AcDbEntity
  8
BLACK
  6
CONTINUOUS
100
AcDbLine
 10
0.5675062598425197
 20
1.1414131889763779
 30
0
 11
0.5654507086614173
 21
1.1449735039370079
 31
0
  0
LINE
  5
CB
330
1A
100
AcDbEntity
  8
BLACK
  6
CONTINUOUS
100
AcDbLine
 10
0.5654507086614173
 20
1.1449735039370079
 30
0
 11
0.5643866929133858
 21
1.1489444881889763
 31
0
  0
LINE
  5
CC
330
1A
100
AcDbEntity
  8
BLACK
  6
CONTINUOUS
100
AcDbLine
 10
0.5643866929133858
 20
1.1489444881889763
 30
0
 11
0.5643866929133858
 21
1.1530555118110235
 31
0
  0
LINE
  5
CD
330
1A
100
AcDbEntity
  8
BLACK
  6
CONTINUOUS
100
AcDbLine
 10
0.5643866929133858
 20
1.1530555118110235
 30
0
 11
0.5654507086614173
 21
1.1570264960629921
 31
0
  0
LINE
  5
CE
330
1A
100
AcDbEntity
  8
BLACK
  6
CONTINUOUS
100
AcDbLine
 10
0.5654507086614173
 20
1.1570264960629921
 30
0
 11
0.5675062598425197
 21
1.1605868110236219
 31
0
  0
LINE
  5
CF
330
1A
100
AcDbEntity
  8
BLACK
  6
CONTINUOUS
100
AcDbLine
 10
0.5675062598425197
 20
1.1605868110236219
 30
0
 11
0.5704131889763779
 21
1.1634937401574803
 31
0
  0
LINE
  5
D0
330
1A
100
AcDbEntity
  8
BLACK
  6
CONTINUOUS
100
AcDbLine
 10
0.5704131889763779
 20
1.1634937401574803
 30
0
 11
0.5711417322834645
 21
1.1639143700787402
 31
0
  0
LINE
  5
D1
330
1A
100
AcDbEntity
  8
BLACK
  6
CONTINUOUS
100
AcDbLine
 10
0.5711417322834645
 20
1.1639143700787402
 30
0
 11
0.5711417322834645
 21
1.6083149606299212
 31
0
  0
LINE
  5
D2
330
1A
100
AcDbEntity
  8
BLACK
  6
CONTINUOUS
100
AcDbLine
 10
0.5711417322834645
 20
1.6083149606299212
 30
0
 11
0.5713119291338583
 21
1.6100431102362205
 31
0
  0
LINE
  5
D3
330
1A
100
AcDbEntity
  8
BLACK
  6
CONTINUOUS
100
AcDbLine
 10
0.5713119291338583
 20
1.6100431102362205
 30
0
 11
0.5716008661417322
 21
1.6107406299212599
 31
0
  0
LINE
  5
D4
330
1A
100
AcDbEntity
  8
BLACK
  6
CONTINUOUS
100
AcDbLine
 10
0.5716008661417322
 20
1.6107406299212599
 30
0
 11
0.5726346062992126
 21
1.6132363779527559
 31
0
  0
LINE
  5
D5
330
1A
100
AcDbEntity
  8
BLACK
  6
CONTINUOUS
100
AcDbLine
 10
0.5726346062992126
 20
1.6132363779527559
 30
0
 11
0.5737362598425196
 21
1.6145787007874015
 31
0
  0
LINE
  5
D6
330
1A
100
AcDbEntity
  8
BLACK
  6
CONTINUOUS
100
AcDbLine
 10
0.5737362598425196
 20
1.6145787007874015
 30
0
 11
0.5921477165354331
 21
1.6329901968503937
 31
0
  0
LINE
  5
D7
330
1A
100
AcDbEntity
  8
BLACK
  6
CONTINUOUS
100
AcDbLine
 10
0.5921477165354331
 20
1.6329901968503937
 30
0
 11
0.59193
 21
1.6338027559055117
 31
0
  0
LINE
  5
D8
330
1A
100
AcDbEntity
  8
BLACK
  6
CONTINUOUS
100
AcDbLine
 10
0.59193
 20
1.6338027559055117
 30
0
 11
0.59193
 21
1.6379137795275591
 31
0
  0
LINE
  5
D9
330
1A
100
AcDbEntity
  8
BLACK
  6
CONTINUOUS
100
AcDbLine
 10
0.59193
 20
1.6379137795275591
 30
0
 11
0.5929940157480315
 21
1.6418847637795275
 31
0
  0
LINE
  5
DA
330
1A
100
AcDbEntity
  8
BLACK
  6
CONTINUOUS
100
AcDbLine
 10
0.5929940157480315
 20
1.6418847637795275
 30
0
 11
0.5950495669291338
 21
1.6454450787401576
 31
0
  0
LINE
  5
DB
330
1A
100
AcDbEntity
  8
BLACK
  6
CONTINUOUS
100
AcDbLine
 10
0.5950495669291338
 20
1.6454450787401576
 30
0
 11
0.5979564960629921
 21
1.6483520078740157
 31
0
  0
LINE
  5
DC
330
1A
100
AcDbEntity
  8
BLACK
  6
CONTINUOUS
100
AcDbLine
 10
0.5979564960629921
 20
1.6483520078740157
 30
0
 11
0.6015168110236221
 21
1.6504075590551182
 31
0
  0
LINE
  5
DD
330
1A
100
AcDbEntity
  8
BLACK
  6
CONTINUOUS
100
AcDbLine
 10
0.6015168110236221
 20
1.6504075590551182
 30
0
 11
0.6054877952755905
 21
1.6514715748031497
 31
0
  0
LINE
  5
DE
330
1A
100
AcDbEntity
  8
BLACK
  6
CONTINUOUS
100
AcDbLine
 10
0.6054877952755905
 20
1.6514715748031497
 30
0
 11
0.6095988188976378
 21
1.6514715748031497
 31
0
  0
LINE
  5
DF
330
1A
100
AcDbEntity
  8
BLACK
  6
CONTINUOUS
100
AcDbLine
 10
0.6095988188976378
 20
1.6514715748031497
 30
0
 11
0.6104113779527559
 21
1.6512538582677165
 31
0
  0
LINE
  5
E0
330
1A
100
AcDbEntity
  8
BLACK
  6
CONTINUOUS
100
AcDbLine
 10
0.6104113779527559
 20
1.6512538582677165
 30
0
 11
0.8019279527559054
 21
1.8427704330708661
 31
0
  0
LINE
  5
E1
330
1A
100
AcDbEntity
  8
BLACK
  6
CONTINUOUS
100
AcDbLine
 10
0.8019279527559054
 20
1.8427704330708661
 30
0
 11
0.8019215748031496
 21
1.8427943307086614
 31
0
  0
LINE
  5
E2
330
1A
100
AcDbEntity
  8
BLACK
  6
CONTINUOUS
100
AcDbLine
 10
0.8019215748031496
 20
1.8427943307086614
 30
0
 11
0.8019215748031496
 21
1.8469053543307086
 31
0
  0
LINE
  5
E3
330
1A
100
AcDbEntity
  8
BLACK
  6
CONTINUOUS
100
AcDbLine
 10
0.8019215748031496
 20
1.8469053543307086
 30
0
 11
0.8029855905511811
 21
1.8508763385826772
 31
0
  0
LINE
  5
E4
330
1A
100
AcDbEntity
  8
BLACK
  6
CONTINUOUS
100
AcDbLine
 10
0.8029855905511811
 20
1.8508763385826772
 30
0
 11
0.8050411417322835
 21
1.854436653543307
 31
0
  0
LINE
  5
E5
330
1A
100
AcDbEntity
  8
BLACK
  6
CONTINUOUS
100
AcDbLine
 10
0.8050411417322835
 20
1.854436653543307
 30
0
 11
0.8079480708661417
 21
1.8573435826771654
 31
0
  0
LINE
  5
E6
330
1A
100
AcDbEntity
  8
BLACK
  6
CONTINUOUS
100
AcDbLine
 10
0.8079480708661417
 20
1.8573435826771654
 30
0
 11
0.8115083858267716
 21
1.8593991338582676
 31
0
  0
LINE
  5
E7
330
1A
100
AcDbEntity
  8
BLACK
  6
CONTINUOUS
100
AcDbLine
 10
0.8115083858267716
 20
1.8593991338582676
 30
0
 11
0.8154793700787402
 21
1.8604631496062991
 31
0
  0
LINE
  5
E8
330
1A
100
AcDbEntity
  8
BLACK
  6
CONTINUOUS
100
AcDbLine
 10
0.8154793700787402
 20
1.8604631496062991
 30
0
 11
0.8195903937007873
 21
1.8604631496062991
 31
0
  0
LINE
  5
E9
330
1A
100
AcDbEntity
  8
BLACK
  6
CONTINUOUS
100
AcDbLine
 10
0.8195903937007873
 20
1.8604631496062991
 30
0
 11
0.8235613779527559
 21
1.8593991338582676
 31
0
  0
LINE
  5
EA
330
1A
100
AcDbEntity
  8
BLACK
  6
CONTINUOUS
100
AcDbLine
 10
0.6834322440944882
 20
1.9392327559055118
 30
0
 11
0.6869925590551181
 21
1.9371772047244094
 31
0
  0
LINE
  5
EB
330
1A
100
AcDbEntity
  8
BLACK
  6
CONTINUOUS
100
AcDbLine
 10
0.6869925590551181
 20
1.9371772047244094
 30
0
 11
0.6898994881889764
 21
1.9342702755905512
 31
0
  0
LINE
  5
EC
330
1A
100
AcDbEntity
  8
BLACK
  6
CONTINUOUS
100
AcDbLine
 10
0.6898994881889764
 20
1.9342702755905512
 30
0
 11
0.6903201181102362
 21
1.9335417322834645
 31
0
  0
LINE
  5
ED
330
1A
100
AcDbEntity
  8
BLACK
  6
CONTINUOUS
100
AcDbLine
 10
0.6903201181102362
 20
1.9335417322834645
 30
0
 11
0.8227181102362204
 21
1.9335417322834645
 31
0
  0
LINE
  5
EE
330
1A
100
AcDbEntity
  8
BLACK
  6
CONTINUOUS
100
AcDbLine
 10
0.8227181102362204
 20
1.9335417322834645
 30
0
 11
0.8244462598425196
 21
1.9333715354330707
 31
0
  0
LINE
  5
EF
330
1A
100
AcDbEntity
  8
BLACK
  6
CONTINUOUS
100
AcDbLine
 10
0.8244462598425196
 20
1.9333715354330707
 30
0
 11
0.8244462992125984
 21
1.9333715354330707
 31
0
  0
LINE
  5
F0
330
1A
100
AcDbEntity
  8
BLACK
  6
CONTINUOUS
100
AcDbLine
 10
0.8244462992125984
 20
1.9333715354330707
 30
0
 11
0.8276395275590551
 21
1.9320488582677164
 31
0
  0
LINE
  5
F1
330
1A
100
AcDbEntity
  8
BLACK
  6
CONTINUOUS
100
AcDbLine
 10
0.8276395275590551
 20
1.9320488582677164
 30
0
 11
0.8289818503937008
 21
1.9309472047244094
 31
0
  0
LINE
  5
F2
330
1A
100
AcDbEntity
  8
BLACK
  6
CONTINUOUS
100
AcDbLine
 10
0.8289818503937008
 20
1.9309472047244094
 30
0
 11
0.8758070472440944
 21
1.8841220078740157
 31
0
  0
LINE
  5
F3
330
1A
100
AcDbEntity
  8
BLACK
  6
CONTINUOUS
100
AcDbLine
 10
0.8758070472440944
 20
1.8841220078740157
 30
0
 11
0.8769087007874016
 21
1.8827796850393701
 31
0
  0
LINE
  5
F4
330
1A
100
AcDbEntity
  8
BLACK
  6
CONTINUOUS
100
AcDbLine
 10
0.8769087007874016
 20
1.8827796850393701
 30
0
 11
0.8780223228346457
 21
1.8800911811023622
 31
0
  0
LINE
  5
F5
330
1A
100
AcDbEntity
  8
BLACK
  6
CONTINUOUS
100
AcDbLine
 10
0.8780223228346457
 20
1.8800911811023622
 30
0
 11
0.8782313779527559
 21
1.8795864173228347
 31
0
  0
LINE
  5
F6
330
1A
100
AcDbEntity
  8
BLACK
  6
CONTINUOUS
100
AcDbLine
 10
0.8782313779527559
 20
1.8795864173228347
 30
0
 11
0.8784015748031496
 21
1.8778582677165354
 31
0
  0
LINE
  5
F7
330
1A
100
AcDbEntity
  8
BLACK
  6
CONTINUOUS
100
AcDbLine
 10
0.8784015748031496
 20
1.8778582677165354
 30
0
 11
0.8784015748031496
 21
1.8638582677165354
 31
0
  0
LINE
  5
F8
330
1A
100
AcDbEntity
  8
BLACK
  6
CONTINUOUS
100
AcDbLine
 10
0.8784015748031496
 20
1.8638582677165354
 30
0
 11
0.8784015748031496
 21
1.8448582677165355
 31
0
  0
LINE
  5
F9
330
1A
100
AcDbEntity
  8
BLACK
  6
CONTINUOUS
100
AcDbLine
 10
0.8784015748031496
 20
1.8448582677165355
 30
0
 11
0.8784015748031496
 21
1.8430667716535432
 31
0
  0
LINE
  5
FA
330
1A
100
AcDbEntity
  8
BLACK
  6
CONTINUOUS
100
AcDbLine
 10
0.8784015748031496
 20
1.8430667716535432
 30
0
 11
0.9482125196850394
 21
1.7732558267716536
 31
0
  0
LINE
  5
FB
330
1A
100
AcDbEntity
  8
BLACK
  6
CONTINUOUS
100
AcDbLine
 10
0.9482125196850394
 20
1.7732558267716536
 30
0
 11
1.3551292913385826
 21
1.7732558267716536
 31
0
  0
LINE
  5
FC
330
1A
100
AcDbEntity
  8
BLACK
  6
CONTINUOUS
100
AcDbLine
 10
1.3551292913385826
 20
1.7732558267716536
 30
0
 11
1.3555499212598425
 21
1.7739843700787401
 31
0
  0
LINE
  5
FD
330
1A
100
AcDbEntity
  8
BLACK
  6
CONTINUOUS
100
AcDbLine
 10
1.3555499212598425
 20
1.7739843700787401
 30
0
 11
1.3584568503937007
 21
1.7768912992125985
 31
0
  0
LINE
  5
FE
330
1A
100
AcDbEntity
  8
BLACK
  6
CONTINUOUS
100
AcDbLine
 10
1.3584568503937007
 20
1.7768912992125985
 30
0
 11
1.3620171653543307
 21
1.7789468503937007
 31
0
  0
LINE
  5
FF
330
1A
100
AcDbEntity
  8
BLACK
  6
CONTINUOUS
100
AcDbLine
 10
1.3620171653543307
 20
1.7789468503937007
 30
0
 11
1.3659881496062991
 21
1.7800108661417322
 31
0
  0
LINE
  5
100
330
1A
100
AcDbEntity
  8
BLACK
  6
CONTINUOUS
100
AcDbLine
 10
1.3659881496062991
 20
1.7800108661417322
 30
0
 11
1.3700991732283465
 21
1.7800108661417322
 31
0
  0
LINE
  5
101
330
1A
100
AcDbEntity
  8
BLACK
  6
CONTINUOUS
100
AcDbLine
 10
1.3700991732283465
 20
1.7800108661417322
 30
0
 11
1.3740701574803149
 21
1.7789468503937007
 31
0
  0
LINE
  5
102
330
1A
100
AcDbEntity
  8
BLACK
  6
CONTINUOUS
100
AcDbLine
 10
1.3740701574803149
 20
1.7789468503937007
 30
0
 11
1.3776304724409449
 21
1.7768912992125985
 31
0
  0
LINE
  5
103
330
1A
100
AcDbEntity
  8
BLACK
  6
CONTINUOUS
100
AcDbLine
 10
1.3776304724409449
 20
1.7768912992125985
 30
0
 11
1.3805374015748031
 21
1.7739843700787401
 31
0
  0
LINE
  5
104
330
1A
100
AcDbEntity
  8
BLACK
  6
CONTINUOUS
100
AcDbLine
 10
1.3805374015748031
 20
1.7739843700787401
 30
0
 11
1.380958031496063
 21
1.7732558267716536
 31
0
  0
LINE
  5
105
330
1A
100
AcDbEntity
  8
BLACK
  6
CONTINUOUS
100
AcDbLine
 10
1.380958031496063
 20
1.7732558267716536
 30
0
 11
1.4764133858267716
 21
1.7732558267716536
 31
0
  0
LINE
  5
106
330
1A
100
AcDbEntity
  8
BLACK
  6
CONTINUOUS
100
AcDbLine
 10
1.4764133858267716
 20
1.7732558267716536
 30
0
 11
1.5879829921259843
 21
1.8848254724409448
 31
0
  0
LINE
  5
107
330
1A
100
AcDbEntity
  8
BLACK
  6
CONTINUOUS
100
AcDbLine
 10
1.5879829921259843
 20
1.8848254724409448
 30
0
 11
1.5875283070866142
 21
1.8865225196850393
 31
0
  0
LINE
  5
108
330
1A
100
AcDbEntity
  8
BLACK
  6
CONTINUOUS
100
AcDbLine
 10
1.5875283070866142
 20
1.8865225196850393
 30
0
 11
1.5875283070866142
 21
1.8906335433070867
 31
0
  0
LINE
  5
109
330
1A
100
AcDbEntity
  8
BLACK
  6
CONTINUOUS
100
AcDbLine
 10
1.5875283070866142
 20
1.8906335433070867
 30
0
 11
1.5885923228346457
 21
1.8946045275590551
 31
0
  0
LINE
  5
10A
330
1A
100
AcDbEntity
  8
BLACK
  6
CONTINUOUS
100
AcDbLine
 10
1.5885923228346457
 20
1.8946045275590551
 30
0
 11
1.5906478740157479
 21
1.8981648425196851
 31
0
  0
LINE
  5
10B
330
1A
100
AcDbEntity
  8
BLACK
  6
CONTINUOUS
100
AcDbLine
 10
1.5906478740157479
 20
1.8981648425196851
 30
0
 11
1.5935548031496063
 21
1.9010717716535432
 31
0
  0
LINE
  5
10C
330
1A
100
AcDbEntity
  8
BLACK
  6
CONTINUOUS
100
AcDbLine
 10
1.5935548031496063
 20
1.9010717716535432
 30
0
 11
1.5971151181102361
 21
1.9031273228346457
 31
0
  0
LINE
  5
10D
330
1A
100
AcDbEntity
  8
BLACK
  6
CONTINUOUS
100
AcDbLine
 10
1.5971151181102361
 20
1.9031273228346457
 30
0
 11
1.6010861023622047
 21
1.9041913385826772
 31
0
  0
LINE
  5
10E
330
1A
100
AcDbEntity
  8
BLACK
  6
CONTINUOUS
100
AcDbLine
 10
1.6010861023622047
 20
1.9041913385826772
 30
0
 11
1.6051971259842519
 21
1.9041913385826772
 31
0
  0
LINE
  5
10F
330
1A
100
AcDbEntity
  8
BLACK
  6
CONTINUOUS
100
AcDbLine
 10
1.6051971259842519
 20
1.9041913385826772
 30
0
 11
1.6091681102362205
 21
1.9031273228346457
 31
0
  0
LINE
  5
110
330
1A
100
AcDbEntity
  8
BLACK
  6
CONTINUOUS
100
AcDbLine
 10
1.6091681102362205
 20
1.9031273228346457
 30
0
 11
1.6127284251968503
 21
1.9010717716535432
 31
0
  0
LINE
  5
111
330
1A
100
AcDbEntity
  8
BLACK
  6
CONTINUOUS
100
AcDbLine
 10
1.6127284251968503
 20
1.9010717716535432
 30
0
 11
1.6156353543307087
 21
1.8981648425196851
 31
0
  0
LINE
  5
112
330
1A
100
AcDbEntity
  8
BLACK
  6
CONTINUOUS
100
AcDbLine
 10
1.6156353543307087
 20
1.8981648425196851
 30
0
 11
1.6176909055118109
 21
1.8946045275590551
 31
0
  0
LINE
  5
113
330
1A
100
AcDbEntity
  8
BLACK
  6
CONTINUOUS
100
AcDbLine
 10
1.6176909055118109
 20
1.8946045275590551
 30
0
 11
1.6187549212598424
 21
1.8906335433070867
 31
0
  0
LINE
  5
114
330
1A
100
AcDbEntity
  8
BLACK
  6
CONTINUOUS
100
AcDbLine
 10
1.6187549212598424
 20
1.8906335433070867
 30
0
 11
1.6187549212598424
 21
1.8865225196850393
 31
0
  0
LINE
  5
115
330
1A
100
AcDbEntity
  8
BLACK
  6
CONTINUOUS
100
AcDbLine
 10
1.6187549212598424
 20
1.8865225196850393
 30
0
 11
1.6176909055118109
 21
1.8825515354330709
 31
0
  0
LINE
  5
116
330
1A
100
AcDbEntity
  8
BLACK
  6
CONTINUOUS
100
AcDbLine
 10
1.6176909055118109
 20
1.8825515354330709
 30
0
 11
1.6156353543307087
 21
1.8789912204724408
 31
0
  0
LINE
  5
117
330
1A
100
AcDbEntity
  8
BLACK
  6
CONTINUOUS
100
AcDbLine
 10
1.6156353543307087
 20
1.8789912204724408
 30
0
 11
1.6127284251968503
 21
1.8760842913385827
 31
0
  0
LINE
  5
118
330
1A
100
AcDbEntity
  8
BLACK
  6
CONTINUOUS
100
AcDbLine
 10
1.6127284251968503
 20
1.8760842913385827
 30
0
 11
1.6091681102362205
 21
1.8740287401574802
 31
0
  0
LINE
  5
119
330
1A
100
AcDbEntity
  8
BLACK
  6
CONTINUOUS
100
AcDbLine
 10
1.6091681102362205
 20
1.8740287401574802
 30
0
 11
1.6051971259842519
 21
1.8729647244094487
 31
0
  0
LINE
  5
11A
330
1A
100
AcDbEntity
  8
BLACK
  6
CONTINUOUS
100
AcDbLine
 10
1.6051971259842519
 20
1.8729647244094487
 30
0
 11
1.6011772440944883
 21
1.8729647244094487
 31
0
  0
LINE
  5
11B
330
1A
100
AcDbEntity
  8
BLACK
  6
CONTINUOUS
100
AcDbLine
 10
1.6011772440944883
 20
1.8729647244094487
 30
0
 11
1.4863463385826772
 21
1.7581338188976376
 31
0
  0
LINE
  5
11C
330
1A
100
AcDbEntity
  8
BLACK
  6
CONTINUOUS
100
AcDbLine
 10
1.4863463385826772
 20
1.7581338188976376
 30
0
 11
1.4850040157480315
 21
1.7570321653543306
 31
0
  0
LINE
  5
11D
330
1A
100
AcDbEntity
  8
BLACK
  6
CONTINUOUS
100
AcDbLine
 10
1.4850040157480315
 20
1.7570321653543306
 30
0
 11
1.4818107874015747
 21
1.7557094881889763
 31
0
  0
LINE
  5
11E
330
1A
100
AcDbEntity
  8
BLACK
  6
CONTINUOUS
100
AcDbLine
 10
1.4818107874015747
 20
1.7557094881889763
 30
0
 11
1.4818107480314959
 21
1.7557094881889763
 31
0
  0
LINE
  5
11F
330
1A
100
AcDbEntity
  8
BLACK
  6
CONTINUOUS
100
AcDbLine
 10
1.4818107480314959
 20
1.7557094881889763
 30
0
 11
1.4800825984251968
 21
1.7555392913385826
 31
0
  0
LINE
  5
120
330
1A
100
AcDbEntity
  8
BLACK
  6
CONTINUOUS
100
AcDbLine
 10
1.4800825984251968
 20
1.7555392913385826
 30
0
 11
1.380958031496063
 21
1.7555392913385826
 31
0
  0
LINE
  5
121
330
1A
100
AcDbEntity
  8
BLACK
  6
CONTINUOUS
100
AcDbLine
 10
1.380958031496063
 20
1.7555392913385826
 30
0
 11
1.3805374015748031
 21
1.7548107480314961
 31
0
  0
LINE
  5
122
330
1A
100
AcDbEntity
  8
BLACK
  6
CONTINUOUS
100
AcDbLine
 10
1.3805374015748031
 20
1.7548107480314961
 30
0
 11
1.3776304724409449
 21
1.7519038188976377
 31
0
  0
LINE
  5
123
330
1A
100
AcDbEntity
  8
BLACK
  6
CONTINUOUS
100
AcDbLine
 10
1.3776304724409449
 20
1.7519038188976377
 30
0
 11
1.3740701574803149
 21
1.7498482677165355
 31
0
  0
LINE
  5
124
330
1A
100
AcDbEntity
  8
BLACK
  6
CONTINUOUS
100
AcDbLine
 10
1.3740701574803149
 20
1.7498482677165355
 30
0
 11
1.3700991732283465
 21
1.748784251968504
 31
0
  0
LINE
  5
125
330
1A
100
AcDbEntity
  8
BLACK
  6
CONTINUOUS
100
AcDbLine
 10
1.3700991732283465
 20
1.748784251968504
 30
0
 11
1.3659881496062991
 21
1.748784251968504
 31
0
  0
LINE
  5
126
330
1A
100
AcDbEntity
  8
BLACK
  6
CONTINUOUS
100
AcDbLine
 10
1.3659881496062991
 20
1.748784251968504
 30
0
 11
1.3620171653543307
 21
1.7498482677165355
 31
0
  0
LINE
  5
127
330
1A
100
AcDbEntity
  8
BLACK
  6
CONTINUOUS
100
AcDbLine
 10
1.3620171653543307
 20
1.7498482677165355
 30
0
 11
1.3584568503937007
 21
1.7519038188976377
 31
0
  0
LINE
  5
128
330
1A
100
AcDbEntity
  8
BLACK
  6
CONTINUOUS
100
AcDbLine
 10
1.3584568503937007
 20
1.7519038188976377
 30
0
 11
1.3555499212598425
 21
1.7548107480314961
 31
0
  0
LINE
  5
129
330
1A
100
AcDbEntity
  8
BLACK
  6
CONTINUOUS
100
AcDbLine
 10
1.3555499212598425
 20
1.7548107480314961
 30
0
 11
1.3551292913385826
 21
1.7555392913385826
 31
0
  0
LINE
  5
12A
330
1A
100
AcDbEntity
  8
BLACK
  6
CONTINUOUS
100
AcDbLine
 10
1.3551292913385826
 20
1.7555392913385826
 30
0
 11
0.9445433070866142
 21
1.7555392913385826
 31
0
  0
LINE
  5
12B
330
1A
100
AcDbEntity
  8
BLACK
  6
CONTINUOUS
100
AcDbLine
 10
0.9445433070866142
 20
1.7555392913385826
 30
0
 11
0.942815157480315
 21
1.7557094881889763
 31
0
  0
LINE
  5
12C
330
1A
100
AcDbEntity
  8
BLACK
  6
CONTINUOUS
100
AcDbLine
 10
0.942815157480315
 20
1.7557094881889763
 30
0
 11
0.9428151181102362
 21
1.7557094881889763
 31
0
  0
LINE
  5
12D
330
1A
100
AcDbEntity
  8
BLACK
  6
CONTINUOUS
100
AcDbLine
 10
0.9428151181102362
 20
1.7557094881889763
 30
0
 11
0.9396218897637795
 21
1.7570321653543306
 31
0
  0
LINE
  5
12E
330
1A
100
AcDbEntity
  8
BLACK
  6
CONTINUOUS
100
AcDbLine
 10
0.9396218897637795
 20
1.7570321653543306
 30
0
 11
0.9382795669291338
 21
1.7581338188976376
 31
0
  0
LINE
  5
12F
330
1A
100
AcDbEntity
  8
BLACK
  6
CONTINUOUS
100
AcDbLine
 10
0.9382795669291338
 20
1.7581338188976376
 30
0
 11
0.8688129527559055
 21
1.8276004330708662
 31
0
  0
LINE
  5
130
330
1A
100
AcDbEntity
  8
BLACK
  6
CONTINUOUS
100
AcDbLine
 10
0.8688129527559055
 20
1.8276004330708662
 30
0
 11
0.6308582677165354
 21
1.5896457480314961
 31
0
  0
LINE
  5
131
330
1A
100
AcDbEntity
  8
BLACK
  6
CONTINUOUS
100
AcDbLine
 10
0.6308582677165354
 20
1.5896457480314961
 30
0
 11
0.6308582677165354
 21
1.2909143700787402
 31
0
  0
LINE
  5
132
330
1A
100
AcDbEntity
  8
BLACK
  6
CONTINUOUS
100
AcDbLine
 10
0.6308582677165354
 20
1.2909143700787402
 30
0
 11
0.631586811023622
 21
1.2904937401574803
 31
0
  0
LINE
  5
133
330
1A
100
AcDbEntity
  8
BLACK
  6
CONTINUOUS
100
AcDbLine
 10
0.631586811023622
 20
1.2904937401574803
 30
0
 11
0.6344937401574803
 21
1.2875868110236219
 31
0
  0
LINE
  5
134
330
1A
100
AcDbEntity
  8
BLACK
  6
CONTINUOUS
100
AcDbLine
 10
0.6344937401574803
 20
1.2875868110236219
 30
0
 11
0.6365492913385826
 21
1.2840264960629921
 31
0
  0
LINE
  5
135
330
1A
100
AcDbEntity
  8
BLACK
  6
CONTINUOUS
100
AcDbLine
 10
0.6365492913385826
 20
1.2840264960629921
 30
0
 11
0.6376133070866141
 21
1.2800555118110235
 31
0
  0
LINE
  5
136
330
1A
100
AcDbEntity
  8
BLACK
  6
CONTINUOUS
100
AcDbLine
 10
0.6376133070866141
 20
1.2800555118110235
 30
0
 11
0.6376133070866141
 21
1.2759444881889763
 31
0
  0
LINE
  5
137
330
1A
100
AcDbEntity
  8
BLACK
  6
CONTINUOUS
100
AcDbLine
 10
0.6376133070866141
 20
1.2759444881889763
 30
0
 11
0.6365492913385826
 21
1.2719735039370079
 31
0
  0
LINE
  5
138
330
1A
100
AcDbEntity
  8
BLACK
  6
CONTINUOUS
100
AcDbLine
 10
0.6365492913385826
 20
1.2719735039370079
 30
0
 11
0.6344937401574803
 21
1.2684131889763779
 31
0
  0
LINE
  5
139
330
1A
100
AcDbEntity
  8
BLACK
  6
CONTINUOUS
100
AcDbLine
 10
0.6344937401574803
 20
1.2684131889763779
 30
0
 11
0.631586811023622
 21
1.2655062598425197
 31
0
  0
LINE
  5
13A
330
1A
100
AcDbEntity
  8
BLACK
  6
CONTINUOUS
100
AcDbLine
 10
0.631586811023622
 20
1.2655062598425197
 30
0
 11
0.6280264960629921
 21
1.2634507086614173
 31
0
  0
LINE
  5
13B
330
1A
100
AcDbEntity
  8
BLACK
  6
CONTINUOUS
100
AcDbLine
 10
0.6280264960629921
 20
1.2634507086614173
 30
0
 11
0.6240555118110236
 21
1.2623866929133858
 31
0
  0
LINE
  5
13C
330
1A
100
AcDbEntity
  8
BLACK
  6
CONTINUOUS
100
AcDbLine
 10
0.6240555118110236
 20
1.2623866929133858
 30
0
 11
0.6199444881889764
 21
1.2623866929133858
 31
0
  0
LINE
  5
13D
330
1A
100
AcDbEntity
  8
BLACK
  6
CONTINUOUS
100
AcDbLine
 10
0.6199444881889764
 20
1.2623866929133858
 30
0
 11
0.6159735039370079
 21
1.2634507086614173
 31
0
  0
LINE
  5
13E
330
1A
100
AcDbEntity
  8
BLACK
  6
CONTINUOUS
100
AcDbLine
 10
0.6159735039370079
 20
1.2634507086614173
 30
0
 11
0.612413188976378
 21
1.2655062598425197
 31
0
  0
LINE
  5
13F
330
1A
100
AcDbEntity
  8
BLACK
  6
CONTINUOUS
100
AcDbLine
 10
0.612413188976378
 20
1.2655062598425197
 30
0
 11
0.6095062598425197
 21
1.2684131889763779
 31
0
  0
LINE
  5
140
330
1A
100
AcDbEntity
  8
BLACK
  6
CONTINUOUS
100
AcDbLine
 10
0.6095062598425197
 20
1.2684131889763779
 30
0
 11
0.6074507086614173
 21
1.2719735039370079
 31
0
  0
LINE
  5
141
330
1A
100
AcDbEntity
  8
BLACK
  6
CONTINUOUS
100
AcDbLine
 10
0.6074507086614173
 20
1.2719735039370079
 30
0
 11
0.6063866929133858
 21
1.2759444881889763
 31
0
  0
LINE
  5
142
330
1A
100
AcDbEntity
  8
BLACK
  6
CONTINUOUS
100
AcDbLine
 10
0.6063866929133858
 20
1.2759444881889763
 30
0
 11
0.6063866929133858
 21
1.2800555118110235
 31
0
  0
LINE
  5
143
330
1A
100
AcDbEntity
  8
BLACK
  6
CONTINUOUS
100
AcDbLine
 10
0.6063866929133858
 20
1.2800555118110235
 30
0
 11
0.6074507086614173
 21
1.2840264960629921
 31
0
  0
LINE
  5
144
330
1A
100
AcDbEntity
  8
BLACK
  6
CONTINUOUS
100
AcDbLine
 10
0.6074507086614173
 20
1.2840264960629921
 30
0
 11
0.6095062598425197
 21
1.2875868110236219
 31
0
  0
LINE
  5
145
330
1A
100
AcDbEntity
  8
BLACK
  6
CONTINUOUS
100
AcDbLine
 10
0.6095062598425197
 20
1.2875868110236219
 30
0
 11
0.612413188976378
 21
1.2904937401574803
 31
0
  0
LINE
  5
146
330
1A
100
AcDbEntity
  8
BLACK
  6
CONTINUOUS
100
AcDbLine
 10
0.612413188976378
 20
1.2904937401574803
 30
0
 11
0.6131417322834646
 21
1.2909143700787402
 31
0
  0
LINE
  5
147
330
1A
100
AcDbEntity
  8
BLACK
  6
CONTINUOUS
100
AcDbLine
 10
0.6131417322834646
 20
1.2909143700787402
 30
0
 11
0.6131417322834646
 21
1.5933149606299213
 31
0
  0
LINE
  5
148
330
1A
100
AcDbEntity
  8
BLACK
  6
CONTINUOUS
100
AcDbLine
 10
0.6131417322834646
 20
1.5933149606299213
 30
0
 11
0.6133119291338582
 21
1.5950431102362204
 31
0
  0
LINE
  5
149
330
1A
100
AcDbEntity
  8
BLACK
  6
CONTINUOUS
100
AcDbLine
 10
0.6133119291338582
 20
1.5950431102362204
 30
0
 11
0.6146346062992126
 21
1.5982363385826772
 31
0
  0
LINE
  5
14A
330
1A
100
AcDbEntity
  8
BLACK
  6
CONTINUOUS
100
AcDbLine
 10
0.6146346062992126
 20
1.5982363385826772
 30
0
 11
0.6146346062992126
 21
1.598236377952756
 31
0
  0
LINE
  5
14B
330
1A
100
AcDbEntity
  8
BLACK
  6
CONTINUOUS
100
AcDbLine
 10
0.6146346062992126
 20
1.598236377952756
 30
0
 11
0.6157362598425197
 21
1.5995787007874016
 31
0
  0
LINE
  5
14C
330
1A
100
AcDbEntity
  8
BLACK
  6
CONTINUOUS
100
AcDbLine
 10
0.6157362598425197
 20
1.5995787007874016
 30
0
 11
0.8606850393700787
 21
1.8445274803149605
 31
0
  0
LINE
  5
14D
330
1A
100
AcDbEntity
  8
BLACK
  6
CONTINUOUS
100
AcDbLine
 10
0.8606850393700787
 20
1.8445274803149605
 30
0
 11
0.8606850393700787
 21
1.8448582677165355
 31
0
  0
LINE
  5
14E
330
1A
100
AcDbEntity
  8
BLACK
  6
CONTINUOUS
100
AcDbLine
 10
0.8606850393700787
 20
1.8448582677165355
 30
0
 11
0.8606850393700787
 21
1.8638582677165354
 31
0
  0
LINE
  5
14F
330
1A
100
AcDbEntity
  8
BLACK
  6
CONTINUOUS
100
AcDbLine
 10
0.8606850393700787
 20
1.8638582677165354
 30
0
 11
0.8606850393700787
 21
1.8741890551181102
 31
0
  0
LINE
  5
150
330
1A
100
AcDbEntity
  8
BLACK
  6
CONTINUOUS
100
AcDbLine
 10
0.8606850393700787
 20
1.8741890551181102
 30
0
 11
0.8190488976377952
 21
1.9158251968503937
 31
0
  0
LINE
  5
151
330
1A
100
AcDbEntity
  8
BLACK
  6
CONTINUOUS
100
AcDbLine
 10
0.8190488976377952
 20
1.9158251968503937
 30
0
 11
0.6903201181102362
 21
1.9158251968503937
 31
0
  0
LINE
  5
152
330
1A
100
AcDbEntity
  8
BLACK
  6
CONTINUOUS
100
AcDbLine
 10
0.6903201181102362
 20
1.9158251968503937
 30
0
 11
0.6898994881889764
 21
1.9150966535433069
 31
0
  0
LINE
  5
153
330
1A
100
AcDbEntity
  8
BLACK
  6
CONTINUOUS
100
AcDbLine
 10
0.6898994881889764
 20
1.9150966535433069
 30
0
 11
0.6869925590551181
 21
1.9121897244094488
 31
0
  0
LINE
  5
154
330
1A
100
AcDbEntity
  8
BLACK
  6
CONTINUOUS
100
AcDbLine
 10
0.6869925590551181
 20
1.9121897244094488
 30
0
 11
0.6834322440944882
 21
1.9101341732283463
 31
0
  0
LINE
  5
155
330
1A
100
AcDbEntity
  8
BLACK
  6
CONTINUOUS
100
AcDbLine
 10
0.6834322440944882
 20
1.9101341732283463
 30
0
 11
0.6794612598425197
 21
1.9090701574803148
 31
0
  0
LINE
  5
156
330
1A
100
AcDbEntity
  8
BLACK
  6
CONTINUOUS
100
AcDbLine
 10
0.6794612598425197
 20
1.9090701574803148
 30
0
 11
0.6753502362204724
 21
1.9090701574803148
 31
0
  0
LINE
  5
157
330
1A
100
AcDbEntity
  8
BLACK
  6
CONTINUOUS
100
AcDbLine
 10
0.6753502362204724
 20
1.9090701574803148
 30
0
 11
0.6713792519685039
 21
1.9101341732283463
 31
0
  0
LINE
  5
158
330
1A
100
AcDbEntity
  8
BLACK
  6
CONTINUOUS
100
AcDbLine
 10
0.6713792519685039
 20
1.9101341732283463
 30
0
 11
0.667818937007874
 21
1.9121897244094488
 31
0
  0
LINE
  5
159
330
1A
100
AcDbEntity
  8
BLACK
  6
CONTINUOUS
100
AcDbLine
 10
0.667818937007874
 20
1.9121897244094488
 30
0
 11
0.6649120078740157
 21
1.9150966535433069
 31
0
  0
LINE
  5
15A
330
1A
100
AcDbEntity
  8
BLACK
  6
CONTINUOUS
100
AcDbLine
 10
0.6649120078740157
 20
1.9150966535433069
 30
0
 11
0.6628564566929134
 21
1.918656968503937
 31
0
  0
LINE
  5
15B
330
1A
100
AcDbEntity
  8
BLACK
  6
CONTINUOUS
100
AcDbLine
 10
0.6628564566929134
 20
1.918656968503937
 30
0
 11
0.6617924409448819
 21
1.9226279527559054
 31
0
  0
LINE
  5
15C
330
1A
100
AcDbEntity
  8
BLACK
  6
CONTINUOUS
100
AcDbLine
 10
0.6617924409448819
 20
1.9226279527559054
 30
0
 11
0.6617924409448819
 21
1.9267389763779528
 31
0
  0
LINE
  5
15D
330
1A
100
AcDbEntity
  8
BLACK
  6
CONTINUOUS
100
AcDbLine
 10
0.6617924409448819
 20
1.9267389763779528
 30
0
 11
0.6628564566929134
 21
1.9307099606299212
 31
0
  0
LINE
  5
15E
330
1A
100
AcDbEntity
  8
BLACK
  6
CONTINUOUS
100
AcDbLine
 10
0.6628564566929134
 20
1.9307099606299212
 30
0
 11
0.6649120078740157
 21
1.9342702755905512
 31
0
  0
LINE
  5
15F
330
1A
100
AcDbEntity
  8
BLACK
  6
CONTINUOUS
100
AcDbLine
 10
0.6649120078740157
 20
1.9342702755905512
 30
0
 11
0.667818937007874
 21
1.9371772047244094
 31
0
  0
LINE
  5
160
330
1A
100
AcDbEntity
  8
BLACK
  6
CONTINUOUS
100
AcDbLine
 10
0.667818937007874
 20
1.9371772047244094
 30
0
 11
0.6713792519685039
 21
1.9392327559055118
 31
0
  0
LINE
  5
161
330
1A
100
AcDbEntity
  8
BLACK
  6
CONTINUOUS
100
AcDbLine
 10
0.6713792519685039
 20
1.9392327559055118
 30
0
 11
0.6753502362204724
 21
1.9402967716535433
 31
0
  0
LINE
  5
162
330
1A
100
AcDbEntity
  8
BLACK
  6
CONTINUOUS
100
AcDbLine
 10
0.6753502362204724
 20
1.9402967716535433
 30
0
 11
0.6794612598425197
 21
1.9402967716535433
 31
0
  0
LINE
  5
163
330
1A
100
AcDbEntity
  8
BLACK
  6
CONTINUOUS
100
AcDbLine
 10
0.6794612598425197
 20
1.9402967716535433
 30
0
 11
0.6834322440944882
 21
1.9392327559055118
 31
0
  0
LINE
  5
164
330
1A
100
AcDbEntity
  8
BLACK
  6
CONTINUOUS
100
AcDbLine
 10
0.4365697244094488
 20
1.815407559055118
 30
0
 11
0.4401300393700787
 21
1.8133520078740157
 31
0
  0
LINE
  5
165
330
1A
100
AcDbEntity
  8
BLACK
  6
CONTINUOUS
100
AcDbLine
 10
0.4401300393700787
 20
1.8133520078740157
 30
0
 11
0.443036968503937
 21
1.8104450787401574
 31
0
  0
LINE
  5
166
330
1A
100
AcDbEntity
  8
BLACK
  6
CONTINUOUS
100
AcDbLine
 10
0.443036968503937
 20
1.8104450787401574
 30
0
 11
0.4450925196850394
 21
1.8068847637795276
 31
0
  0
LINE
  5
167
330
1A
100
AcDbEntity
  8
BLACK
  6
CONTINUOUS
100
AcDbLine
 10
0.4450925196850394
 20
1.8068847637795276
 30
0
 11
0.4461565354330709
 21
1.8029137795275589
 31
0
  0
LINE
  5
168
330
1A
100
AcDbEntity
  8
BLACK
  6
CONTINUOUS
100
AcDbLine
 10
0.4461565354330709
 20
1.8029137795275589
 30
0
 11
0.4461565354330709
 21
1.7988027559055118
 31
0
  0
LINE
  5
169
330
1A
100
AcDbEntity
  8
BLACK
  6
CONTINUOUS
100
AcDbLine
 10
0.4461565354330709
 20
1.7988027559055118
 30
0
 11
0.4450925196850394
 21
1.7948317716535434
 31
0
  0
LINE
  5
16A
330
1A
100
AcDbEntity
  8
BLACK
  6
CONTINUOUS
100
AcDbLine
 10
0.4450925196850394
 20
1.7948317716535434
 30
0
 11
0.443036968503937
 21
1.7912714566929133
 31
0
  0
LINE
  5
16B
330
1A
100
AcDbEntity
  8
BLACK
  6
CONTINUOUS
100
AcDbLine
 10
0.443036968503937
 20
1.7912714566929133
 30
0
 11
0.4401300393700787
 21
1.7883645275590552
 31
0
  0
LINE
  5
16C
330
1A
100
AcDbEntity
  8
BLACK
  6
CONTINUOUS
100
AcDbLine
 10
0.4401300393700787
 20
1.7883645275590552
 30
0
 11
0.4365697244094488
 21
1.7863089763779527
 31
0
  0
LINE
  5
16D
330
1A
100
AcDbEntity
  8
BLACK
  6
CONTINUOUS
100
AcDbLine
 10
0.4365697244094488
 20
1.7863089763779527
 30
0
 11
0.4325987401574803
 21
1.7852449606299212
 31
0
  0
LINE
  5
16E
330
1A
100
AcDbEntity
  8
BLACK
  6
CONTINUOUS
100
AcDbLine
 10
0.4325987401574803
 20
1.7852449606299212
 30
0
 11
0.428487716535433
 21
1.7852449606299212
 31
0
  0
LINE
  5
16F
330
1A
100
AcDbEntity
  8
BLACK
  6
CONTINUOUS
100
AcDbLine
 10
0.428487716535433
 20
1.7852449606299212
 30
0
 11
0.4276751181102362
 21
1.7854627165354331
 31
0
  0
LINE
  5
170
330
1A
100
AcDbEntity
  8
BLACK
  6
CONTINUOUS
100
AcDbLine
 10
0.4276751181102362
 20
1.7854627165354331
 30
0
 11
0.3534015748031496
 21
1.7111891338582677
 31
0
  0
LINE
  5
171
330
1A
100
AcDbEntity
  8
BLACK
  6
CONTINUOUS
100
AcDbLine
 10
0.3534015748031496
 20
1.7111891338582677
 30
0
 11
0.3534015748031496
 21
0.7580805511811023
 31
0
  0
LINE
  5
172
330
1A
100
AcDbEntity
  8
BLACK
  6
CONTINUOUS
100
AcDbLine
 10
0.3534015748031496
 20
0.7580805511811023
 30
0
 11
0.3550370472440945
 21
0.7564450787401574
 31
0
  0
LINE
  5
173
330
1A
100
AcDbEntity
  8
BLACK
  6
CONTINUOUS
100
AcDbLine
 10
0.3550370472440945
 20
0.7564450787401574
 30
0
 11
0.3570925984251969
 21
0.7528847637795275
 31
0
  0
LINE
  5
174
330
1A
100
AcDbEntity
  8
BLACK
  6
CONTINUOUS
100
AcDbLine
 10
0.3570925984251969
 20
0.7528847637795275
 30
0
 11
0.3581566141732284
 21
0.748913779527559
 31
0
  0
LINE
  5
175
330
1A
100
AcDbEntity
  8
BLACK
  6
CONTINUOUS
100
AcDbLine
 10
0.3581566141732284
 20
0.748913779527559
 30
0
 11
0.3581566141732284
 21
0.7448027559055118
 31
0
  0
LINE
  5
176
330
1A
100
AcDbEntity
  8
BLACK
  6
CONTINUOUS
100
AcDbLine
 10
0.3581566141732284
 20
0.7448027559055118
 30
0
 11
0.3570925984251969
 21
0.7408317716535433
 31
0
  0
LINE
  5
177
330
1A
100
AcDbEntity
  8
BLACK
  6
CONTINUOUS
100
AcDbLine
 10
0.3570925984251969
 20
0.7408317716535433
 30
0
 11
0.3550370472440945
 21
0.7372714566929134
 31
0
  0
LINE
  5
178
330
1A
100
AcDbEntity
  8
BLACK
  6
CONTINUOUS
100
AcDbLine
 10
0.3550370472440945
 20
0.7372714566929134
 30
0
 11
0.3521301181102362
 21
0.7343645275590551
 31
0
  0
LINE
  5
179
330
1A
100
AcDbEntity
  8
BLACK
  6
CONTINUOUS
100
AcDbLine
 10
0.3521301181102362
 20
0.7343645275590551
 30
0
 11
0.3485698031496063
 21
0.7323089763779528
 31
0
  0
LINE
  5
17A
330
1A
100
AcDbEntity
  8
BLACK
  6
CONTINUOUS
100
AcDbLine
 10
0.3485698031496063
 20
0.7323089763779528
 30
0
 11
0.3445988188976378
 21
0.7312449606299213
 31
0
  0
LINE
  5
17B
330
1A
100
AcDbEntity
  8
BLACK
  6
CONTINUOUS
100
AcDbLine
 10
0.3445988188976378
 20
0.7312449606299213
 30
0
 11
0.3404877952755905
 21
0.7312449606299213
 31
0
  0
LINE
  5
17C
330
1A
100
AcDbEntity
  8
BLACK
  6
CONTINUOUS
100
AcDbLine
 10
0.3404877952755905
 20
0.7312449606299213
 30
0
 11
0.336516811023622
 21
0.7323089763779528
 31
0
  0
LINE
  5
17D
330
1A
100
AcDbEntity
  8
BLACK
  6
CONTINUOUS
100
AcDbLine
 10
0.336516811023622
 20
0.7323089763779528
 30
0
 11
0.3329564960629921
 21
0.7343645275590551
 31
0
  0
LINE
  5
17E
330
1A
100
AcDbEntity
  8
BLACK
  6
CONTINUOUS
100
AcDbLine
 10
0.3329564960629921
 20
0.7343645275590551
 30
0
 11
0.3300495669291338
 21
0.7372714566929134
 31
0
  0
LINE
  5
17F
330
1A
100
AcDbEntity
  8
BLACK
  6
CONTINUOUS
100
AcDbLine
 10
0.3300495669291338
 20
0.7372714566929134
 30
0
 11
0.3279940157480315
 21
0.7408317716535433
 31
0
  0
LINE
  5
180
330
1A
100
AcDbEntity
  8
BLACK
  6
CONTINUOUS
100
AcDbLine
 10
0.3279940157480315
 20
0.7408317716535433
 30
0
 11
0.32693
 21
0.7448027559055118
 31
0
  0
LINE
  5
181
330
1A
100
AcDbEntity
  8
BLACK
  6
CONTINUOUS
100
AcDbLine
 10
0.32693
 20
0.7448027559055118
 30
0
 11
0.32693
 21
0.748913779527559
 31
0
  0
LINE
  5
182
330
1A
100
AcDbEntity
  8
BLACK
  6
CONTINUOUS
100
AcDbLine
 10
0.32693
 20
0.748913779527559
 30
0
 11
0.3279940157480315
 21
0.7528847637795275
 31
0
  0
LINE
  5
183
330
1A
100
AcDbEntity
  8
BLACK
  6
CONTINUOUS
100
AcDbLine
 10
0.3279940157480315
 20
0.7528847637795275
 30
0
 11
0.3300495669291338
 21
0.7564450787401574
 31
0
  0
LINE
  5
184
330
1A
100
AcDbEntity
  8
BLACK
  6
CONTINUOUS
100
AcDbLine
 10
0.3300495669291338
 20
0.7564450787401574
 30
0
 11
0.3329564960629921
 21
0.7593520078740157
 31
0
  0
LINE
  5
185
330
1A
100
AcDbEntity
  8
BLACK
  6
CONTINUOUS
100
AcDbLine
 10
0.3329564960629921
 20
0.7593520078740157
 30
0
 11
0.3356850393700787
 21
0.7609273622047243
 31
0
  0
LINE
  5
186
330
1A
100
AcDbEntity
  8
BLACK
  6
CONTINUOUS
100
AcDbLine
 10
0.3356850393700787
 20
0.7609273622047243
 30
0
 11
0.3356850393700787
 21
1.7148583464566929
 31
0
  0
LINE
  5
187
330
1A
100
AcDbEntity
  8
BLACK
  6
CONTINUOUS
100
AcDbLine
 10
0.3356850393700787
 20
1.7148583464566929
 30
0
 11
0.3358552362204724
 21
1.7165864960629922
 31
0
  0
LINE
  5
188
330
1A
100
AcDbEntity
  8
BLACK
  6
CONTINUOUS
100
AcDbLine
 10
0.3358552362204724
 20
1.7165864960629922
 30
0
 11
0.3361441732283464
 21
1.7172840157480314
 31
0
  0
LINE
  5
189
330
1A
100
AcDbEntity
  8
BLACK
  6
CONTINUOUS
100
AcDbLine
 10
0.3361441732283464
 20
1.7172840157480314
 30
0
 11
0.3371779133858268
 21
1.7197797637795276
 31
0
  0
LINE
  5
18A
330
1A
100
AcDbEntity
  8
BLACK
  6
CONTINUOUS
100
AcDbLine
 10
0.3371779133858268
 20
1.7197797637795276
 30
0
 11
0.3382795669291339
 21
1.7211220866141732
 31
0
  0
LINE
  5
18B
330
1A
100
AcDbEntity
  8
BLACK
  6
CONTINUOUS
100
AcDbLine
 10
0.3382795669291339
 20
1.7211220866141732
 30
0
 11
0.4151476377952756
 21
1.7979901968503937
 31
0
  0
LINE
  5
18C
330
1A
100
AcDbEntity
  8
BLACK
  6
CONTINUOUS
100
AcDbLine
 10
0.4151476377952756
 20
1.7979901968503937
 30
0
 11
0.4149299212598425
 21
1.7988027559055118
 31
0
  0
LINE
  5
18D
330
1A
100
AcDbEntity
  8
BLACK
  6
CONTINUOUS
100
AcDbLine
 10
0.4149299212598425
 20
1.7988027559055118
 30
0
 11
0.4149299212598425
 21
1.8029137795275589
 31
0
  0
LINE
  5
18E
330
1A
100
AcDbEntity
  8
BLACK
  6
CONTINUOUS
100
AcDbLine
 10
0.4149299212598425
 20
1.8029137795275589
 30
0
 11
0.415993937007874
 21
1.8068847637795276
 31
0
  0
LINE
  5
18F
330
1A
100
AcDbEntity
  8
BLACK
  6
CONTINUOUS
100
AcDbLine
 10
0.415993937007874
 20
1.8068847637795276
 30
0
 11
0.4180494881889764
 21
1.8104450787401574
 31
0
  0
LINE
  5
190
330
1A
100
AcDbEntity
  8
BLACK
  6
CONTINUOUS
100
AcDbLine
 10
0.4180494881889764
 20
1.8104450787401574
 30
0
 11
0.4209564173228346
 21
1.8133520078740157
 31
0
  0
LINE
  5
191
330
1A
100
AcDbEntity
  8
BLACK
  6
CONTINUOUS
100
AcDbLine
 10
0.4209564173228346
 20
1.8133520078740157
 30
0
 11
0.4245167322834645
 21
1.815407559055118
 31
0
  0
LINE
  5
192
330
1A
100
AcDbEntity
  8
BLACK
  6
CONTINUOUS
100
AcDbLine
 10
0.4245167322834645
 20
1.815407559055118
 30
0
 11
0.428487716535433
 21
1.8164715748031495
 31
0
  0
LINE
  5
193
330
1A
100
AcDbEntity
  8
BLACK
  6
CONTINUOUS
100
AcDbLine
 10
0.428487716535433
 20
1.8164715748031495
 30
0
 11
0.4325987401574803
 21
1.8164715748031495
 31
0
  0
LINE
  5
194
330
1A
100
AcDbEntity
  8
BLACK
  6
CONTINUOUS
100
AcDbLine
 10
0.4325987401574803
 20
1.8164715748031495
 30
0
 11
0.4365697244094488
 21
1.815407559055118
 31
0
  0
LINE
  5
195
330
1A
100
AcDbEntity
  8
BLACK
  6
CONTINUOUS
100
AcDbLine
 10
1.4944753149606298
 20
1.0114075590551181
 30
0
 11
1.4980356299212598
 21
1.0093520078740157
 31
0
  0
LINE
  5
196
330
1A
100
AcDbEntity
  8
BLACK
  6
CONTINUOUS
100
AcDbLine
 10
1.4980356299212598
 20
1.0093520078740157
 30
0
 11
1.500942559055118
 21
1.0064450787401575
 31
0
  0
LINE
  5
197
330
1A
100
AcDbEntity
  8
BLACK
  6
CONTINUOUS
100
AcDbLine
 10
1.500942559055118
 20
1.0064450787401575
 30
0
 11
1.5029981102362204
 21
1.0028847637795275
 31
0
  0
LINE
  5
198
330
1A
100
AcDbEntity
  8
BLACK
  6
CONTINUOUS
100
AcDbLine
 10
1.5029981102362204
 20
1.0028847637795275
 30
0
 11
1.5040621259842519
 21
0.998913779527559
 31
0
  0
LINE
  5
199
330
1A
100
AcDbEntity
  8
BLACK
  6
CONTINUOUS
100
AcDbLine
 10
1.5040621259842519
 20
0.998913779527559
 30
0
 11
1.5040621259842519
 21
0.9948027559055118
 31
0
  0
LINE
  5
19A
330
1A
100
AcDbEntity
  8
BLACK
  6
CONTINUOUS
100
AcDbLine
 10
1.5040621259842519
 20
0.9948027559055118
 30
0
 11
1.5029981102362204
 21
0.9908317716535433
 31
0
  0
LINE
  5
19B
330
1A
100
AcDbEntity
  8
BLACK
  6
CONTINUOUS
100
AcDbLine
 10
1.5029981102362204
 20
0.9908317716535433
 30
0
 11
1.500942559055118
 21
0.9872714566929134
 31
0
  0
LINE
  5
19C
330
1A
100
AcDbEntity
  8
BLACK
  6
CONTINUOUS
100
AcDbLine
 10
1.500942559055118
 20
0.9872714566929134
 30
0
 11
1.5002598425196849
 21
0.9865887401574803
 31
0
  0
LINE
  5
19D
330
1A
100
AcDbEntity
  8
BLACK
  6
CONTINUOUS
100
AcDbLine
 10
1.5002598425196849
 20
0.9865887401574803
 30
0
 11
1.5002598425196849
 21
0.8014488188976377
 31
0
  0
LINE
  5
19E
330
1A
100
AcDbEntity
  8
BLACK
  6
CONTINUOUS
100
AcDbLine
 10
1.5002598425196849
 20
0.8014488188976377
 30
0
 11
1.500158779527559
 21
0.7999071653543307
 31
0
  0
LINE
  5
19F
330
1A
100
AcDbEntity
  8
BLACK
  6
CONTINUOUS
100
AcDbLine
 10
1.500158779527559
 20
0.7999071653543307
 30
0
 11
1.4996594881889764
 21
0.7980438188976378
 31
0
  0
LINE
  5
1A0
330
1A
100
AcDbEntity
  8
BLACK
  6
CONTINUOUS
100
AcDbLine
 10
1.4996594881889764
 20
0.7980438188976378
 30
0
 11
1.53209
 21
0.7656133070866141
 31
0
  0
LINE
  5
1A1
330
1A
100
AcDbEntity
  8
BLACK
  6
CONTINUOUS
100
AcDbLine
 10
1.53209
 20
0.7656133070866141
 30
0
 11
1.5330555118110236
 21
0.7656133070866141
 31
0
  0
LINE
  5
1A2
330
1A
100
AcDbEntity
  8
BLACK
  6
CONTINUOUS
100
AcDbLine
 10
1.5330555118110236
 20
0.7656133070866141
 30
0
 11
1.537026496062992
 21
0.7645492913385826
 31
0
  0
LINE
  5
1A3
330
1A
100
AcDbEntity
  8
BLACK
  6
CONTINUOUS
100
AcDbLine
 10
1.537026496062992
 20
0.7645492913385826
 30
0
 11
1.540586811023622
 21
0.7624937401574803
 31
0
  0
LINE
  5
1A4
330
1A
100
AcDbEntity
  8
BLACK
  6
CONTINUOUS
100
AcDbLine
 10
1.540586811023622
 20
0.7624937401574803
 30
0
 11
1.5434937401574802
 21
0.759586811023622
 31
0
  0
LINE
  5
1A5
330
1A
100
AcDbEntity
  8
BLACK
  6
CONTINUOUS
100
AcDbLine
 10
1.5434937401574802
 20
0.759586811023622
 30
0
 11
1.5455492913385827
 21
0.7560264960629921
 31
0
  0
LINE
  5
1A6
330
1A
100
AcDbEntity
  8
BLACK
  6
CONTINUOUS
100
AcDbLine
 10
1.5455492913385827
 20
0.7560264960629921
 30
0
 11
1.5466133070866142
 21
0.7520555118110236
 31
0
  0
LINE
  5
1A7
330
1A
100
AcDbEntity
  8
BLACK
  6
CONTINUOUS
100
AcDbLine
 10
1.5466133070866142
 20
0.7520555118110236
 30
0
 11
1.5466133070866142
 21
0.7479444881889764
 31
0
  0
LINE
  5
1A8
330
1A
100
AcDbEntity
  8
BLACK
  6
CONTINUOUS
100
AcDbLine
 10
1.5466133070866142
 20
0.7479444881889764
 30
0
 11
1.5455492913385827
 21
0.7439735039370079
 31
0
  0
LINE
  5
1A9
330
1A
100
AcDbEntity
  8
BLACK
  6
CONTINUOUS
100
AcDbLine
 10
1.5455492913385827
 20
0.7439735039370079
 30
0
 11
1.5434937401574802
 21
0.740413188976378
 31
0
  0
LINE
  5
1AA
330
1A
100
AcDbEntity
  8
BLACK
  6
CONTINUOUS
100
AcDbLine
 10
1.5434937401574802
 20
0.740413188976378
 30
0
 11
1.540586811023622
 21
0.7375062598425197
 31
0
  0
LINE
  5
1AB
330
1A
100
AcDbEntity
  8
BLACK
  6
CONTINUOUS
100
AcDbLine
 10
1.540586811023622
 20
0.7375062598425197
 30
0
 11
1.537026496062992
 21
0.7354507086614173
 31
0
  0
LINE
  5
1AC
330
1A
100
AcDbEntity
  8
BLACK
  6
CONTINUOUS
100
AcDbLine
 10
1.537026496062992
 20
0.7354507086614173
 30
0
 11
1.5330555118110236
 21
0.7343866929133858
 31
0
  0
LINE
  5
1AD
330
1A
100
AcDbEntity
  8
BLACK
  6
CONTINUOUS
100
AcDbLine
 10
1.5330555118110236
 20
0.7343866929133858
 30
0
 11
1.5289444881889764
 21
0.7343866929133858
 31
0
  0
LINE
  5
1AE
330
1A
100
AcDbEntity
  8
BLACK
  6
CONTINUOUS
100
AcDbLine
 10
1.5289444881889764
 20
0.7343866929133858
 30
0
 11
1.5249735039370078
 21
0.7354507086614173
 31
0
  0
LINE
  5
1AF
330
1A
100
AcDbEntity
  8
BLACK
  6
CONTINUOUS
100
AcDbLine
 10
1.5249735039370078
 20
0.7354507086614173
 30
0
 11
1.521413188976378
 21
0.7375062598425197
 31
0
  0
LINE
  5
1B0
330
1A
100
AcDbEntity
  8
BLACK
  6
CONTINUOUS
100
AcDbLine
 10
1.521413188976378
 20
0.7375062598425197
 30
0
 11
1.5185062598425196
 21
0.740413188976378
 31
0
  0
LINE
  5
1B1
330
1A
100
AcDbEntity
  8
BLACK
  6
CONTINUOUS
100
AcDbLine
 10
1.5185062598425196
 20
0.740413188976378
 30
0
 11
1.5164507086614172
 21
0.7439735039370079
 31
0
  0
LINE
  5
1B2
330
1A
100
AcDbEntity
  8
BLACK
  6
CONTINUOUS
100
AcDbLine
 10
1.5164507086614172
 20
0.7439735039370079
 30
0
 11
1.5153866929133859
 21
0.7479444881889764
 31
0
  0
LINE
  5
1B3
330
1A
100
AcDbEntity
  8
BLACK
  6
CONTINUOUS
100
AcDbLine
 10
1.5153866929133859
 20
0.7479444881889764
 30
0
 11
1.5153866929133859
 21
0.74891
 31
0
  0
LINE
  5
1B4
330
1A
100
AcDbEntity
  8
BLACK
  6
CONTINUOUS
100
AcDbLine
 10
1.5153866929133859
 20
0.74891
 30
0
 11
1.4791077165354329
 21
0.7851889763779527
 31
0
  0
LINE
  5
1B5
330
1A
100
AcDbEntity
  8
BLACK
  6
CONTINUOUS
100
AcDbLine
 10
1.4791077165354329
 20
0.7851889763779527
 30
0
 11
1.403269527559055
 21
0.7851889763779527
 31
0
  0
LINE
  5
1B6
330
1A
100
AcDbEntity
  8
BLACK
  6
CONTINUOUS
100
AcDbLine
 10
1.403269527559055
 20
0.7851889763779527
 30
0
 11
1.4025868110236219
 21
0.7845062598425196
 31
0
  0
LINE
  5
1B7
330
1A
100
AcDbEntity
  8
BLACK
  6
CONTINUOUS
100
AcDbLine
 10
1.4025868110236219
 20
0.7845062598425196
 30
0
 11
1.3990264960629921
 21
0.7824507086614173
 31
0
  0
LINE
  5
1B8
330
1A
100
AcDbEntity
  8
BLACK
  6
CONTINUOUS
100
AcDbLine
 10
1.3990264960629921
 20
0.7824507086614173
 30
0
 11
1.3950555118110235
 21
0.7813866929133858
 31
0
  0
LINE
  5
1B9
330
1A
100
AcDbEntity
  8
BLACK
  6
CONTINUOUS
100
AcDbLine
 10
1.3950555118110235
 20
0.7813866929133858
 30
0
 11
1.3909444881889763
 21
0.7813866929133858
 31
0
  0
LINE
  5
1BA
330
1A
100
AcDbEntity
  8
BLACK
  6
CONTINUOUS
100
AcDbLine
 10
1.3909444881889763
 20
0.7813866929133858
 30
0
 11
1.3869735039370079
 21
0.7824507086614173
 31
0
  0
LINE
  5
1BB
330
1A
100
AcDbEntity
  8
BLACK
  6
CONTINUOUS
100
AcDbLine
 10
1.3869735039370079
 20
0.7824507086614173
 30
0
 11
1.3834131889763779
 21
0.7845062598425196
 31
0
  0
LINE
  5
1BC
330
1A
100
AcDbEntity
  8
BLACK
  6
CONTINUOUS
100
AcDbLine
 10
1.3834131889763779
 20
0.7845062598425196
 30
0
 11
1.3805062598425197
 21
0.7874131889763779
 31
0
  0
LINE
  5
1BD
330
1A
100
AcDbEntity
  8
BLACK
  6
CONTINUOUS
100
AcDbLine
 10
1.3805062598425197
 20
0.7874131889763779
 30
0
 11
1.3784507086614173
 21
0.7909735039370078
 31
0
  0
LINE
  5
1BE
330
1A
100
AcDbEntity
  8
BLACK
  6
CONTINUOUS
100
AcDbLine
 10
1.3784507086614173
 20
0.7909735039370078
 30
0
 11
1.3773866929133858
 21
0.7949444881889763
 31
0
  0
LINE
  5
1BF
330
1A
100
AcDbEntity
  8
BLACK
  6
CONTINUOUS
100
AcDbLine
 10
1.3773866929133858
 20
0.7949444881889763
 30
0
 11
1.3773866929133858
 21
0.7990555118110236
 31
0
  0
LINE
  5
1C0
330
1A
100
AcDbEntity
  8
BLACK
  6
CONTINUOUS
100
AcDbLine
 10
1.3773866929133858
 20
0.7990555118110236
 30
0
 11
1.3784507086614173
 21
0.8030264960629921
 31
0
  0
LINE
  5
1C1
330
1A
100
AcDbEntity
  8
BLACK
  6
CONTINUOUS
100
AcDbLine
 10
1.3784507086614173
 20
0.8030264960629921
 30
0
 11
1.3805062598425197
 21
0.8065868110236221
 31
0
  0
LINE
  5
1C2
330
1A
100
AcDbEntity
  8
BLACK
  6
CONTINUOUS
100
AcDbLine
 10
1.3805062598425197
 20
0.8065868110236221
 30
0
 11
1.3834131889763779
 21
0.8094937401574803
 31
0
  0
LINE
  5
1C3
330
1A
100
AcDbEntity
  8
BLACK
  6
CONTINUOUS
100
AcDbLine
 10
1.3834131889763779
 20
0.8094937401574803
 30
0
 11
1.3869735039370079
 21
0.8115492913385827
 31
0
  0
LINE
  5
1C4
330
1A
100
AcDbEntity
  8
BLACK
  6
CONTINUOUS
100
AcDbLine
 10
1.3869735039370079
 20
0.8115492913385827
 30
0
 11
1.3909444881889763
 21
0.8126133070866142
 31
0
  0
LINE
  5
1C5
330
1A
100
AcDbEntity
  8
BLACK
  6
CONTINUOUS
100
AcDbLine
 10
1.3909444881889763
 20
0.8126133070866142
 30
0
 11
1.3950555118110235
 21
0.8126133070866142
 31
0
  0
LINE
  5
1C6
330
1A
100
AcDbEntity
  8
BLACK
  6
CONTINUOUS
100
AcDbLine
 10
1.3950555118110235
 20
0.8126133070866142
 30
0
 11
1.3990264960629921
 21
0.8115492913385827
 31
0
  0
LINE
  5
1C7
330
1A
100
AcDbEntity
  8
BLACK
  6
CONTINUOUS
100
AcDbLine
 10
1.3990264960629921
 20
0.8115492913385827
 30
0
 11
1.4025868110236219
 21
0.8094937401574803
 31
0
  0
LINE
  5
1C8
330
1A
100
AcDbEntity
  8
BLACK
  6
CONTINUOUS
100
AcDbLine
 10
1.4025868110236219
 20
0.8094937401574803
 30
0
 11
1.403269527559055
 21
0.8088110236220473
 31
0
  0
LINE
  5
1C9
330
1A
100
AcDbEntity
  8
BLACK
  6
CONTINUOUS
100
AcDbLine
 10
1.403269527559055
 20
0.8088110236220473
 30
0
 11
1.4766377952755905
 21
0.8088110236220473
 31
0
  0
LINE
  5
1CA
330
1A
100
AcDbEntity
  8
BLACK
  6
CONTINUOUS
100
AcDbLine
 10
1.4766377952755905
 20
0.8088110236220473
 30
0
 11
1.4766377952755905
 21
0.9865887401574803
 31
0
  0
LINE
  5
1CB
330
1A
100
AcDbEntity
  8
BLACK
  6
CONTINUOUS
100
AcDbLine
 10
1.4766377952755905
 20
0.9865887401574803
 30
0
 11
1.4759550787401574
 21
0.9872714566929134
 31
0
  0
LINE
  5
1CC
330
1A
100
AcDbEntity
  8
BLACK
  6
CONTINUOUS
100
AcDbLine
 10
1.4759550787401574
 20
0.9872714566929134
 30
0
 11
1.4738995275590552
 21
0.9908317716535433
 31
0
  0
LINE
  5
1CD
330
1A
100
AcDbEntity
  8
BLACK
  6
CONTINUOUS
100
AcDbLine
 10
1.4738995275590552
 20
0.9908317716535433
 30
0
 11
1.4728355118110237
 21
0.9948027559055118
 31
0
  0
LINE
  5
1CE
330
1A
100
AcDbEntity
  8
BLACK
  6
CONTINUOUS
100
AcDbLine
 10
1.4728355118110237
 20
0.9948027559055118
 30
0
 11
1.4728355118110237
 21
0.998913779527559
 31
0
  0
LINE
  5
1CF
330
1A
100
AcDbEntity
  8
BLACK
  6
CONTINUOUS
100
AcDbLine
 10
1.4728355118110237
 20
0.998913779527559
 30
0
 11
1.4738995275590552
 21
1.0028847637795275
 31
0
  0
LINE
  5
1D0
330
1A
100
AcDbEntity
  8
BLACK
  6
CONTINUOUS
100
AcDbLine
 10
1.4738995275590552
 20
1.0028847637795275
 30
0
 11
1.4759550787401574
 21
1.0064450787401575
 31
0
  0
LINE
  5
1D1
330
1A
100
AcDbEntity
  8
BLACK
  6
CONTINUOUS
100
AcDbLine
 10
1.4759550787401574
 20
1.0064450787401575
 30
0
 11
1.4788620078740158
 21
1.0093520078740157
 31
0
  0
LINE
  5
1D2
330
1A
100
AcDbEntity
  8
BLACK
  6
CONTINUOUS
100
AcDbLine
 10
1.4788620078740158
 20
1.0093520078740157
 30
0
 11
1.4824223228346456
 21
1.0114075590551181
 31
0
  0
LINE
  5
1D3
330
1A
100
AcDbEntity
  8
BLACK
  6
CONTINUOUS
100
AcDbLine
 10
1.4824223228346456
 20
1.0114075590551181
 30
0
 11
1.4863933070866142
 21
1.0124715748031496
 31
0
  0
LINE
  5
1D4
330
1A
100
AcDbEntity
  8
BLACK
  6
CONTINUOUS
100
AcDbLine
 10
1.4863933070866142
 20
1.0124715748031496
 30
0
 11
1.4905043307086614
 21
1.0124715748031496
 31
0
  0
LINE
  5
1D5
330
1A
100
AcDbEntity
  8
BLACK
  6
CONTINUOUS
100
AcDbLine
 10
1.4905043307086614
 20
1.0124715748031496
 30
0
 11
1.4944753149606298
 21
1.0114075590551181
 31
0
  0
LINE
  5
1D6
330
1A
100
AcDbEntity
  8
BLACK
  6
CONTINUOUS
100
AcDbLine
 10
2.9375168503937008
 20
0.7785284645669291
 30
0
 11
2.9375168503937008
 21
0.7663264960629921
 31
0
  0
LINE
  5
1D7
330
1A
100
AcDbEntity
  8
BLACK
  6
CONTINUOUS
100
AcDbLine
 10
2.9375168503937008
 20
0.7663264960629921
 30
0
 11
2.935707244094488
 21
0.762707283464567
 31
0
  0
LINE
  5
1D8
330
1A
100
AcDbEntity
  8
BLACK
  6
CONTINUOUS
100
AcDbLine
 10
2.935707244094488
 20
0.762707283464567
 30
0
 11
2.9320879921259841
 21
0.7608976771653543
 31
0
  0
LINE
  5
1D9
330
1A
100
AcDbEntity
  8
BLACK
  6
CONTINUOUS
100
AcDbLine
 10
2.9320879921259841
 20
0.7608976771653543
 30
0
 11
2.9283225196850391
 21
0.7608976771653543
 31
0
  0
LINE
  5
1DA
330
1A
100
AcDbEntity
  8
BLACK
  6
CONTINUOUS
100
AcDbLine
 10
2.9283225196850391
 20
0.7608976771653543
 30
0
 11
2.9247032677165352
 21
0.762707283464567
 31
0
  0
LINE
  5
1DB
330
1A
100
AcDbEntity
  8
BLACK
  6
CONTINUOUS
100
AcDbLine
 10
2.9247032677165352
 20
0.762707283464567
 30
0
 11
2.9228937007874016
 21
0.7663264960629921
 31
0
  0
LINE
  5
1DC
330
1A
100
AcDbEntity
  8
BLACK
  6
CONTINUOUS
100
AcDbLine
 10
2.9228937007874016
 20
0.7663264960629921
 30
0
 11
2.9228937007874016
 21
0.7794578346456693
 31
0
  0
LINE
  5
1DD
330
1A
100
AcDbEntity
  8
BLACK
  6
CONTINUOUS
100
AcDbLine
 10
2.9228937007874016
 20
0.7794578346456693
 30
0
 11
2.9228180708661418
 21
0.780225905511811
 31
0
  0
LINE
  5
1DE
330
1A
100
AcDbEntity
  8
BLACK
  6
CONTINUOUS
100
AcDbLine
 10
2.9228180708661418
 20
0.780225905511811
 30
0
 11
2.9227638976377954
 21
0.7803566535433071
 31
0
  0
LINE
  5
1DF
330
1A
100
AcDbEntity
  8
BLACK
  6
CONTINUOUS
100
AcDbLine
 10
2.9227638976377954
 20
0.7803566535433071
 30
0
 11
2.9227538976377954
 21
0.7804977165354331
 31
0
  0
LINE
  5
1E0
330
1A
100
AcDbEntity
  8
BLACK
  6
CONTINUOUS
100
AcDbLine
 10
2.9227538976377954
 20
0.7804977165354331
 30
0
 11
2.9225061811023623
 21
0.7811451181102362
 31
0
  0
LINE
  5
1E1
330
1A
100
AcDbEntity
  8
BLACK
  6
CONTINUOUS
100
AcDbLine
 10
2.9225061811023623
 20
0.7811451181102362
 30
0
 11
2.9362085039370078
 21
0.7811451181102362
 31
0
  0
LINE
  5
1E2
330
1A
100
AcDbEntity
  8
BLACK
  6
CONTINUOUS
100
AcDbLine
 10
2.9362085039370078
 20
0.7811451181102362
 30
0
 11
2.9375168503937008
 21
0.7785284645669291
 31
0
  0
LINE
  5
1E3
330
1A
100
AcDbEntity
  8
BLACK
  6
CONTINUOUS
100
AcDbLine
 10
1.0435698031496063
 20
0.8226988976377952
 30
0
 11
1.0471301181102362
 21
0.8206433464566929
 31
0
  0
LINE
  5
1E4
330
1A
100
AcDbEntity
  8
BLACK
  6
CONTINUOUS
100
AcDbLine
 10
1.0471301181102362
 20
0.8206433464566929
 30
0
 11
1.0500370472440945
 21
0.8177364173228346
 31
0
  0
LINE
  5
1E5
330
1A
100
AcDbEntity
  8
BLACK
  6
CONTINUOUS
100
AcDbLine
 10
1.0500370472440945
 20
0.8177364173228346
 30
0
 11
1.0520925984251968
 21
0.8141761023622047
 31
0
  0
LINE
  5
1E6
330
1A
100
AcDbEntity
  8
BLACK
  6
CONTINUOUS
100
AcDbLine
 10
1.0520925984251968
 20
0.8141761023622047
 30
0
 11
1.0531566141732283
 21
0.8102051181102362
 31
0
  0
LINE
  5
1E7
330
1A
100
AcDbEntity
  8
BLACK
  6
CONTINUOUS
100
AcDbLine
 10
1.0531566141732283
 20
0.8102051181102362
 30
0
 11
1.0531566141732283
 21
0.8060940944881889
 31
0
  0
LINE
  5
1E8
330
1A
100
AcDbEntity
  8
BLACK
  6
CONTINUOUS
100
AcDbLine
 10
1.0531566141732283
 20
0.8060940944881889
 30
0
 11
1.0520925984251968
 21
0.8021231102362204
 31
0
  0
LINE
  5
1E9
330
1A
100
AcDbEntity
  8
BLACK
  6
CONTINUOUS
100
AcDbLine
 10
1.0520925984251968
 20
0.8021231102362204
 30
0
 11
1.0500370472440945
 21
0.7985627952755905
 31
0
  0
LINE
  5
1EA
330
1A
100
AcDbEntity
  8
BLACK
  6
CONTINUOUS
100
AcDbLine
 10
1.0500370472440945
 20
0.7985627952755905
 30
0
 11
1.0471301181102362
 21
0.7956558661417322
 31
0
  0
LINE
  5
1EB
330
1A
100
AcDbEntity
  8
BLACK
  6
CONTINUOUS
100
AcDbLine
 10
1.0471301181102362
 20
0.7956558661417322
 30
0
 11
1.0435698031496063
 21
0.7936003149606299
 31
0
  0
LINE
  5
1EC
330
1A
100
AcDbEntity
  8
BLACK
  6
CONTINUOUS
100
AcDbLine
 10
1.0435698031496063
 20
0.7936003149606299
 30
0
 11
1.0395988188976377
 21
0.7925362992125984
 31
0
  0
LINE
  5
1ED
330
1A
100
AcDbEntity
  8
BLACK
  6
CONTINUOUS
100
AcDbLine
 10
1.0395988188976377
 20
0.7925362992125984
 30
0
 11
1.0354877952755905
 21
0.7925362992125984
 31
0
  0
LINE
  5
1EE
330
1A
100
AcDbEntity
  8
BLACK
  6
CONTINUOUS
100
AcDbLine
 10
1.0354877952755905
 20
0.7925362992125984
 30
0
 11
1.0335773622047244
 21
0.793048188976378
 31
0
  0
LINE
  5
1EF
330
1A
100
AcDbEntity
  8
BLACK
  6
CONTINUOUS
100
AcDbLine
 10
1.0335773622047244
 20
0.793048188976378
 30
0
 11
1.0328197244094488
 21
0.7922905118110236
 31
0
  0
LINE
  5
1F0
330
1A
100
AcDbEntity
  8
BLACK
  6
CONTINUOUS
100
AcDbLine
 10
1.0328197244094488
 20
0.7922905118110236
 30
0
 11
1.0316265354330709
 21
0.7913112598425197
 31
0
  0
LINE
  5
1F1
330
1A
100
AcDbEntity
  8
BLACK
  6
CONTINUOUS
100
AcDbLine
 10
1.0316265354330709
 20
0.7913112598425197
 30
0
 11
1.0287881102362204
 21
0.7901355511811023
 31
0
  0
LINE
  5
1F2
330
1A
100
AcDbEntity
  8
BLACK
  6
CONTINUOUS
100
AcDbLine
 10
1.0287881102362204
 20
0.7901355511811023
 30
0
 11
1.027251968503937
 21
0.789984251968504
 31
0
  0
LINE
  5
1F3
330
1A
100
AcDbEntity
  8
BLACK
  6
CONTINUOUS
100
AcDbLine
 10
1.027251968503937
 20
0.789984251968504
 30
0
 11
1.0195331102362204
 21
0.789984251968504
 31
0
  0
LINE
  5
1F4
330
1A
100
AcDbEntity
  8
BLACK
  6
CONTINUOUS
100
AcDbLine
 10
1.0195331102362204
 20
0.789984251968504
 30
0
 11
1.0171605118110236
 21
0.7858747637795276
 31
0
  0
LINE
  5
1F5
330
1A
100
AcDbEntity
  8
BLACK
  6
CONTINUOUS
100
AcDbLine
 10
1.0171605118110236
 20
0.7858747637795276
 30
0
 11
1.013526811023622
 21
0.7822410629921259
 31
0
  0
LINE
  5
1F6
330
1A
100
AcDbEntity
  8
BLACK
  6
CONTINUOUS
100
AcDbLine
 10
1.013526811023622
 20
0.7822410629921259
 30
0
 11
1.0090764566929133
 21
0.779671653543307
 31
0
  0
LINE
  5
1F7
330
1A
100
AcDbEntity
  8
BLACK
  6
CONTINUOUS
100
AcDbLine
 10
1.0090764566929133
 20
0.779671653543307
 30
0
 11
1.0041127165354331
 21
0.7783416535433071
 31
0
  0
LINE
  5
1F8
330
1A
100
AcDbEntity
  8
BLACK
  6
CONTINUOUS
100
AcDbLine
 10
1.0041127165354331
 20
0.7783416535433071
 30
0
 11
0.9989738976377952
 21
0.7783416535433071
 31
0
  0
LINE
  5
1F9
330
1A
100
AcDbEntity
  8
BLACK
  6
CONTINUOUS
100
AcDbLine
 10
0.9989738976377952
 20
0.7783416535433071
 30
0
 11
0.994010157480315
 21
0.779671653543307
 31
0
  0
LINE
  5
1FA
330
1A
100
AcDbEntity
  8
BLACK
  6
CONTINUOUS
100
AcDbLine
 10
0.994010157480315
 20
0.779671653543307
 30
0
 11
0.9895598031496062
 21
0.7822410629921259
 31
0
  0
LINE
  5
1FB
330
1A
100
AcDbEntity
  8
BLACK
  6
CONTINUOUS
100
AcDbLine
 10
0.9895598031496062
 20
0.7822410629921259
 30
0
 11
0.9859261023622047
 21
0.7858747637795276
 31
0
  0
LINE
  5
1FC
330
1A
100
AcDbEntity
  8
BLACK
  6
CONTINUOUS
100
AcDbLine
 10
0.9859261023622047
 20
0.7858747637795276
 30
0
 11
0.9833566929133858
 21
0.7903251181102362
 31
0
  0
LINE
  5
1FD
330
1A
100
AcDbEntity
  8
BLACK
  6
CONTINUOUS
100
AcDbLine
 10
0.9833566929133858
 20
0.7903251181102362
 30
0
 11
0.9820266929133858
 21
0.7952888582677166
 31
0
  0
LINE
  5
1FE
330
1A
100
AcDbEntity
  8
BLACK
  6
CONTINUOUS
100
AcDbLine
 10
0.9820266929133858
 20
0.7952888582677166
 30
0
 11
0.9820266929133858
 21
0.8004276771653543
 31
0
  0
LINE
  5
1FF
330
1A
100
AcDbEntity
  8
BLACK
  6
CONTINUOUS
100
AcDbLine
 10
0.9820266929133858
 20
0.8004276771653543
 30
0
 11
0.9833566929133858
 21
0.8053914173228346
 31
0
  0
LINE
  5
200
330
1A
100
AcDbEntity
  8
BLACK
  6
CONTINUOUS
100
AcDbLine
 10
0.9833566929133858
 20
0.8053914173228346
 30
0
 11
0.9859261023622047
 21
0.8098417716535433
 31
0
  0
LINE
  5
201
330
1A
100
AcDbEntity
  8
BLACK
  6
CONTINUOUS
100
AcDbLine
 10
0.9859261023622047
 20
0.8098417716535433
 30
0
 11
0.9895598031496062
 21
0.8134754724409449
 31
0
  0
LINE
  5
202
330
1A
100
AcDbEntity
  8
BLACK
  6
CONTINUOUS
100
AcDbLine
 10
0.9895598031496062
 20
0.8134754724409449
 30
0
 11
0.994010157480315
 21
0.8160448818897638
 31
0
  0
LINE
  5
203
330
1A
100
AcDbEntity
  8
BLACK
  6
CONTINUOUS
100
AcDbLine
 10
0.994010157480315
 20
0.8160448818897638
 30
0
 11
0.9989738976377952
 21
0.8173748818897638
 31
0
  0
LINE
  5
204
330
1A
100
AcDbEntity
  8
BLACK
  6
CONTINUOUS
100
AcDbLine
 10
0.9989738976377952
 20
0.8173748818897638
 30
0
 11
1.0041127165354331
 21
0.8173748818897638
 31
0
  0
LINE
  5
205
330
1A
100
AcDbEntity
  8
BLACK
  6
CONTINUOUS
100
AcDbLine
 10
1.0041127165354331
 20
0.8173748818897638
 30
0
 11
1.0090764566929133
 21
0.8160448818897638
 31
0
  0
LINE
  5
206
330
1A
100
AcDbEntity
  8
BLACK
  6
CONTINUOUS
100
AcDbLine
 10
1.0090764566929133
 20
0.8160448818897638
 30
0
 11
1.013526811023622
 21
0.8134754724409449
 31
0
  0
LINE
  5
207
330
1A
100
AcDbEntity
  8
BLACK
  6
CONTINUOUS
100
AcDbLine
 10
1.013526811023622
 20
0.8134754724409449
 30
0
 11
1.0171605118110236
 21
0.8098417716535433
 31
0
  0
LINE
  5
208
330
1A
100
AcDbEntity
  8
BLACK
  6
CONTINUOUS
100
AcDbLine
 10
1.0171605118110236
 20
0.8098417716535433
 30
0
 11
1.0195331102362204
 21
0.8057322834645669
 31
0
  0
LINE
  5
209
330
1A
100
AcDbEntity
  8
BLACK
  6
CONTINUOUS
100
AcDbLine
 10
1.0195331102362204
 20
0.8057322834645669
 30
0
 11
1.0220269291338582
 21
0.8057322834645669
 31
0
  0
LINE
  5
20A
330
1A
100
AcDbEntity
  8
BLACK
  6
CONTINUOUS
100
AcDbLine
 10
1.0220269291338582
 20
0.8057322834645669
 30
0
 11
1.02193
 21
0.8060940944881889
 31
0
  0
LINE
  5
20B
330
1A
100
AcDbEntity
  8
BLACK
  6
CONTINUOUS
100
AcDbLine
 10
1.02193
 20
0.8060940944881889
 30
0
 11
1.02193
 21
0.8102051181102362
 31
0
  0
LINE
  5
20C
330
1A
100
AcDbEntity
  8
BLACK
  6
CONTINUOUS
100
AcDbLine
 10
1.02193
 20
0.8102051181102362
 30
0
 11
1.0229940157480315
 21
0.8141761023622047
 31
0
  0
LINE
  5
20D
330
1A
100
AcDbEntity
  8
BLACK
  6
CONTINUOUS
100
AcDbLine
 10
1.0229940157480315
 20
0.8141761023622047
 30
0
 11
1.0250495669291337
 21
0.8177364173228346
 31
0
  0
LINE
  5
20E
330
1A
100
AcDbEntity
  8
BLACK
  6
CONTINUOUS
100
AcDbLine
 10
1.0250495669291337
 20
0.8177364173228346
 30
0
 11
1.0279564960629921
 21
0.8206433464566929
 31
0
  0
LINE
  5
20F
330
1A
100
AcDbEntity
  8
BLACK
  6
CONTINUOUS
100
AcDbLine
 10
1.0279564960629921
 20
0.8206433464566929
 30
0
 11
1.0315168110236219
 21
0.8226988976377952
 31
0
  0
LINE
  5
210
330
1A
100
AcDbEntity
  8
BLACK
  6
CONTINUOUS
100
AcDbLine
 10
1.0315168110236219
 20
0.8226988976377952
 30
0
 11
1.0354877952755905
 21
0.8237629133858267
 31
0
  0
LINE
  5
211
330
1A
100
AcDbEntity
  8
BLACK
  6
CONTINUOUS
100
AcDbLine
 10
1.0354877952755905
 20
0.8237629133858267
 30
0
 11
1.0395988188976377
 21
0.8237629133858267
 31
0
  0
LINE
  5
212
330
1A
100
AcDbEntity
  8
BLACK
  6
CONTINUOUS
100
AcDbLine
 10
1.0395988188976377
 20
0.8237629133858267
 30
0
 11
1.0435698031496063
 21
0.8226988976377952
 31
0
  0
LINE
  5
213
330
1A
100
AcDbEntity
  8
BLACK
  6
CONTINUOUS
100
AcDbLine
 10
1.0225698031496062
 20
1.4204075590551182
 30
0
 11
1.0261301181102362
 21
1.4183520078740157
 31
0
  0
LINE
  5
214
330
1A
100
AcDbEntity
  8
BLACK
  6
CONTINUOUS
100
AcDbLine
 10
1.0261301181102362
 20
1.4183520078740157
 30
0
 11
1.0290370472440944
 21
1.4154450787401573
 31
0
  0
LINE
  5
215
330
1A
100
AcDbEntity
  8
BLACK
  6
CONTINUOUS
100
AcDbLine
 10
1.0290370472440944
 20
1.4154450787401573
 30
0
 11
1.0310925984251968
 21
1.4118847637795275
 31
0
  0
LINE
  5
216
330
1A
100
AcDbEntity
  8
BLACK
  6
CONTINUOUS
100
AcDbLine
 10
1.0310925984251968
 20
1.4118847637795275
 30
0
 11
1.0321566141732283
 21
1.4079137795275589
 31
0
  0
LINE
  5
217
330
1A
100
AcDbEntity
  8
BLACK
  6
CONTINUOUS
100
AcDbLine
 10
1.0321566141732283
 20
1.4079137795275589
 30
0
 11
1.0321566141732283
 21
1.4069482677165355
 31
0
  0
LINE
  5
218
330
1A
100
AcDbEntity
  8
BLACK
  6
CONTINUOUS
100
AcDbLine
 10
1.0321566141732283
 20
1.4069482677165355
 30
0
 11
1.0468949606299212
 21
1.3922099212598424
 31
0
  0
LINE
  5
219
330
1A
100
AcDbEntity
  8
BLACK
  6
CONTINUOUS
100
AcDbLine
 10
1.0468949606299212
 20
1.3922099212598424
 30
0
 11
1.047913622047244
 21
1.391048346456693
 31
0
  0
LINE
  5
21A
330
1A
100
AcDbEntity
  8
BLACK
  6
CONTINUOUS
100
AcDbLine
 10
1.047913622047244
 20
1.391048346456693
 30
0
 11
1.0494552755905511
 21
1.3883781496062992
 31
0
  0
LINE
  5
21B
330
1A
100
AcDbEntity
  8
BLACK
  6
CONTINUOUS
100
AcDbLine
 10
1.0494552755905511
 20
1.3883781496062992
 30
0
 11
1.0502532677165355
 21
1.3853999212598425
 31
0
  0
LINE
  5
21C
330
1A
100
AcDbEntity
  8
BLACK
  6
CONTINUOUS
100
AcDbLine
 10
1.0502532677165355
 20
1.3853999212598425
 30
0
 11
1.0503543307086614
 21
1.3838582677165354
 31
0
  0
LINE
  5
21D
330
1A
100
AcDbEntity
  8
BLACK
  6
CONTINUOUS
100
AcDbLine
 10
1.0503543307086614
 20
1.3838582677165354
 30
0
 11
1.0503543307086614
 21
1.1248954724409448
 31
0
  0
LINE
  5
21E
330
1A
100
AcDbEntity
  8
BLACK
  6
CONTINUOUS
100
AcDbLine
 10
1.0503543307086614
 20
1.1248954724409448
 30
0
 11
1.0520925984251968
 21
1.12188468503937
 31
0
  0
LINE
  5
21F
330
1A
100
AcDbEntity
  8
BLACK
  6
CONTINUOUS
100
AcDbLine
 10
1.0520925984251968
 20
1.12188468503937
 30
0
 11
1.0531566141732283
 21
1.1179137007874016
 31
0
  0
LINE
  5
220
330
1A
100
AcDbEntity
  8
BLACK
  6
CONTINUOUS
100
AcDbLine
 10
1.0531566141732283
 20
1.1179137007874016
 30
0
 11
1.0531566141732283
 21
1.1138026771653544
 31
0
  0
LINE
  5
221
330
1A
100
AcDbEntity
  8
BLACK
  6
CONTINUOUS
100
AcDbLine
 10
1.0531566141732283
 20
1.1138026771653544
 30
0
 11
1.0520925984251968
 21
1.1098316929133858
 31
0
  0
LINE
  5
222
330
1A
100
AcDbEntity
  8
BLACK
  6
CONTINUOUS
100
AcDbLine
 10
1.0520925984251968
 20
1.1098316929133858
 30
0
 11
1.0500370472440945
 21
1.106271377952756
 31
0
  0
LINE
  5
223
330
1A
100
AcDbEntity
  8
BLACK
  6
CONTINUOUS
100
AcDbLine
 10
1.0500370472440945
 20
1.106271377952756
 30
0
 11
1.0471301181102362
 21
1.1033644488188976
 31
0
  0
LINE
  5
224
330
1A
100
AcDbEntity
  8
BLACK
  6
CONTINUOUS
100
AcDbLine
 10
1.0471301181102362
 20
1.1033644488188976
 30
0
 11
1.0435698031496063
 21
1.1013088976377952
 31
0
  0
LINE
  5
225
330
1A
100
AcDbEntity
  8
BLACK
  6
CONTINUOUS
100
AcDbLine
 10
1.0435698031496063
 20
1.1013088976377952
 30
0
 11
1.0395988188976377
 21
1.1002448818897637
 31
0
  0
LINE
  5
226
330
1A
100
AcDbEntity
  8
BLACK
  6
CONTINUOUS
100
AcDbLine
 10
1.0395988188976377
 20
1.1002448818897637
 30
0
 11
1.0386333070866141
 21
1.1002448818897637
 31
0
  0
LINE
  5
227
330
1A
100
AcDbEntity
  8
BLACK
  6
CONTINUOUS
100
AcDbLine
 10
1.0386333070866141
 20
1.1002448818897637
 30
0
 11
0.9933543307086614
 21
1.054965905511811
 31
0
  0
LINE
  5
228
330
1A
100
AcDbEntity
  8
BLACK
  6
CONTINUOUS
100
AcDbLine
 10
0.9933543307086614
 20
1.054965905511811
 30
0
 11
0.9933543307086614
 21
0.9421277952755905
 31
0
  0
LINE
  5
229
330
1A
100
AcDbEntity
  8
BLACK
  6
CONTINUOUS
100
AcDbLine
 10
0.9933543307086614
 20
0.9421277952755905
 30
0
 11
0.9940370472440945
 21
0.9414450787401575
 31
0
  0
LINE
  5
22A
330
1A
100
AcDbEntity
  8
BLACK
  6
CONTINUOUS
100
AcDbLine
 10
0.9940370472440945
 20
0.9414450787401575
 30
0
 11
0.9960925984251968
 21
0.9378847637795276
 31
0
  0
LINE
  5
22B
330
1A
100
AcDbEntity
  8
BLACK
  6
CONTINUOUS
100
AcDbLine
 10
0.9960925984251968
 20
0.9378847637795276
 30
0
 11
0.9971566141732283
 21
0.9339137795275591
 31
0
  0
LINE
  5
22C
330
1A
100
AcDbEntity
  8
BLACK
  6
CONTINUOUS
100
AcDbLine
 10
0.9971566141732283
 20
0.9339137795275591
 30
0
 11
0.9971566141732283
 21
0.9298027559055118
 31
0
  0
LINE
  5
22D
330
1A
100
AcDbEntity
  8
BLACK
  6
CONTINUOUS
100
AcDbLine
 10
0.9971566141732283
 20
0.9298027559055118
 30
0
 11
0.9960925984251968
 21
0.9258317716535432
 31
0
  0
LINE
  5
22E
330
1A
100
AcDbEntity
  8
BLACK
  6
CONTINUOUS
100
AcDbLine
 10
0.9960925984251968
 20
0.9258317716535432
 30
0
 11
0.9940370472440945
 21
0.9222714566929133
 31
0
  0
LINE
  5
22F
330
1A
100
AcDbEntity
  8
BLACK
  6
CONTINUOUS
100
AcDbLine
 10
0.9940370472440945
 20
0.9222714566929133
 30
0
 11
0.9933543307086614
 21
0.9215887401574803
 31
0
  0
LINE
  5
230
330
1A
100
AcDbEntity
  8
BLACK
  6
CONTINUOUS
100
AcDbLine
 10
0.9933543307086614
 20
0.9215887401574803
 30
0
 11
0.9933543307086614
 21
0.9147505511811024
 31
0
  0
LINE
  5
231
330
1A
100
AcDbEntity
  8
BLACK
  6
CONTINUOUS
100
AcDbLine
 10
0.9933543307086614
 20
0.9147505511811024
 30
0
 11
0.9987815354330708
 21
0.9093233464566929
 31
0
  0
LINE
  5
232
330
1A
100
AcDbEntity
  8
BLACK
  6
CONTINUOUS
100
AcDbLine
 10
0.9987815354330708
 20
0.9093233464566929
 30
0
 11
0.9989738976377952
 21
0.9093748818897638
 31
0
  0
LINE
  5
233
330
1A
100
AcDbEntity
  8
BLACK
  6
CONTINUOUS
100
AcDbLine
 10
0.9989738976377952
 20
0.9093748818897638
 30
0
 11
1.0041127165354331
 21
0.9093748818897638
 31
0
  0
LINE
  5
234
330
1A
100
AcDbEntity
  8
BLACK
  6
CONTINUOUS
100
AcDbLine
 10
1.0041127165354331
 20
0.9093748818897638
 30
0
 11
1.0090764566929133
 21
0.9080448818897637
 31
0
  0
LINE
  5
235
330
1A
100
AcDbEntity
  8
BLACK
  6
CONTINUOUS
100
AcDbLine
 10
1.0090764566929133
 20
0.9080448818897637
 30
0
 11
1.013526811023622
 21
0.9054754724409448
 31
0
  0
LINE
  5
236
330
1A
100
AcDbEntity
  8
BLACK
  6
CONTINUOUS
100
AcDbLine
 10
1.013526811023622
 20
0.9054754724409448
 30
0
 11
1.0171605118110236
 21
0.9018417716535433
 31
0
  0
LINE
  5
237
330
1A
100
AcDbEntity
  8
BLACK
  6
CONTINUOUS
100
AcDbLine
 10
1.0171605118110236
 20
0.9018417716535433
 30
0
 11
1.0197299212598425
 21
0.8973914173228347
 31
0
  0
LINE
  5
238
330
1A
100
AcDbEntity
  8
BLACK
  6
CONTINUOUS
100
AcDbLine
 10
1.0197299212598425
 20
0.8973914173228347
 30
0
 11
1.0210599212598426
 21
0.8924276771653543
 31
0
  0
LINE
  5
239
330
1A
100
AcDbEntity
  8
BLACK
  6
CONTINUOUS
100
AcDbLine
 10
1.0210599212598426
 20
0.8924276771653543
 30
0
 11
1.0210599212598426
 21
0.8872888582677165
 31
0
  0
LINE
  5
23A
330
1A
100
AcDbEntity
  8
BLACK
  6
CONTINUOUS
100
AcDbLine
 10
1.0210599212598426
 20
0.8872888582677165
 30
0
 11
1.0197299212598425
 21
0.8823251181102362
 31
0
  0
LINE
  5
23B
330
1A
100
AcDbEntity
  8
BLACK
  6
CONTINUOUS
100
AcDbLine
 10
1.0197299212598425
 20
0.8823251181102362
 30
0
 11
1.0171605118110236
 21
0.8778747637795276
 31
0
  0
LINE
  5
23C
330
1A
100
AcDbEntity
  8
BLACK
  6
CONTINUOUS
100
AcDbLine
 10
1.0171605118110236
 20
0.8778747637795276
 30
0
 11
1.013526811023622
 21
0.874241062992126
 31
0
  0
LINE
  5
23D
330
1A
100
AcDbEntity
  8
BLACK
  6
CONTINUOUS
100
AcDbLine
 10
1.013526811023622
 20
0.874241062992126
 30
0
 11
1.0090764566929133
 21
0.8716716535433071
 31
0
  0
LINE
  5
23E
330
1A
100
AcDbEntity
  8
BLACK
  6
CONTINUOUS
100
AcDbLine
 10
1.0090764566929133
 20
0.8716716535433071
 30
0
 11
1.0041127165354331
 21
0.8703416535433071
 31
0
  0
LINE
  5
23F
330
1A
100
AcDbEntity
  8
BLACK
  6
CONTINUOUS
100
AcDbLine
 10
1.0041127165354331
 20
0.8703416535433071
 30
0
 11
0.9989738976377952
 21
0.8703416535433071
 31
0
  0
LINE
  5
240
330
1A
100
AcDbEntity
  8
BLACK
  6
CONTINUOUS
100
AcDbLine
 10
0.9989738976377952
 20
0.8703416535433071
 30
0
 11
0.994010157480315
 21
0.8716716535433071
 31
0
  0
LINE
  5
241
330
1A
100
AcDbEntity
  8
BLACK
  6
CONTINUOUS
100
AcDbLine
 10
0.994010157480315
 20
0.8716716535433071
 30
0
 11
0.9895598031496062
 21
0.874241062992126
 31
0
  0
LINE
  5
242
330
1A
100
AcDbEntity
  8
BLACK
  6
CONTINUOUS
100
AcDbLine
 10
0.9895598031496062
 20
0.874241062992126
 30
0
 11
0.9859261023622047
 21
0.8778747637795276
 31
0
  0
LINE
  5
243
330
1A
100
AcDbEntity
  8
BLACK
  6
CONTINUOUS
100
AcDbLine
 10
0.9859261023622047
 20
0.8778747637795276
 30
0
 11
0.9833566929133858
 21
0.8823251181102362
 31
0
  0
LINE
  5
244
330
1A
100
AcDbEntity
  8
BLACK
  6
CONTINUOUS
100
AcDbLine
 10
0.9833566929133858
 20
0.8823251181102362
 30
0
 11
0.9820266929133858
 21
0.8872888582677165
 31
0
  0
LINE
  5
245
330
1A
100
AcDbEntity
  8
BLACK
  6
CONTINUOUS
100
AcDbLine
 10
0.9820266929133858
 20
0.8872888582677165
 30
0
 11
0.9820266929133858
 21
0.8924276771653543
 31
0
  0
LINE
  5
246
330
1A
100
AcDbEntity
  8
BLACK
  6
CONTINUOUS
100
AcDbLine
 10
0.9820266929133858
 20
0.8924276771653543
 30
0
 11
0.9820782283464566
 21
0.8926200393700787
 31
0
  0
LINE
  5
247
330
1A
100
AcDbEntity
  8
BLACK
  6
CONTINUOUS
100
AcDbLine
 10
0.9820782283464566
 20
0.8926200393700787
 30
0
 11
0.9731916535433071
 21
0.9015066141732283
 31
0
  0
LINE
  5
248
330
1A
100
AcDbEntity
  8
BLACK
  6
CONTINUOUS
100
AcDbLine
 10
0.9731916535433071
 20
0.9015066141732283
 30
0
 11
0.9721729921259842
 21
0.9026681889763779
 31
0
  0
LINE
  5
249
330
1A
100
AcDbEntity
  8
BLACK
  6
CONTINUOUS
100
AcDbLine
 10
0.9721729921259842
 20
0.9026681889763779
 30
0
 11
0.9706313385826771
 21
0.9053383858267716
 31
0
  0
LINE
  5
24A
330
1A
100
AcDbEntity
  8
BLACK
  6
CONTINUOUS
100
AcDbLine
 10
0.9706313385826771
 20
0.9053383858267716
 30
0
 11
0.9698333464566929
 21
0.9083166141732283
 31
0
  0
LINE
  5
24B
330
1A
100
AcDbEntity
  8
BLACK
  6
CONTINUOUS
100
AcDbLine
 10
0.9698333464566929
 20
0.9083166141732283
 30
0
 11
0.9697322834645669
 21
0.9098582677165354
 31
0
  0
LINE
  5
24C
330
1A
100
AcDbEntity
  8
BLACK
  6
CONTINUOUS
100
AcDbLine
 10
0.9697322834645669
 20
0.9098582677165354
 30
0
 11
0.9697322834645669
 21
0.9215887401574803
 31
0
  0
LINE
  5
24D
330
1A
100
AcDbEntity
  8
BLACK
  6
CONTINUOUS
100
AcDbLine
 10
0.9697322834645669
 20
0.9215887401574803
 30
0
 11
0.9690495669291338
 21
0.9222714566929133
 31
0
  0
LINE
  5
24E
330
1A
100
AcDbEntity
  8
BLACK
  6
CONTINUOUS
100
AcDbLine
 10
0.9690495669291338
 20
0.9222714566929133
 30
0
 11
0.9669940157480315
 21
0.9258317716535432
 31
0
  0
LINE
  5
24F
330
1A
100
AcDbEntity
  8
BLACK
  6
CONTINUOUS
100
AcDbLine
 10
0.9669940157480315
 20
0.9258317716535432
 30
0
 11
0.96593
 21
0.9298027559055118
 31
0
  0
LINE
  5
250
330
1A
100
AcDbEntity
  8
BLACK
  6
CONTINUOUS
100
AcDbLine
 10
0.96593
 20
0.9298027559055118
 30
0
 11
0.96593
 21
0.9339137795275591
 31
0
  0
LINE
  5
251
330
1A
100
AcDbEntity
  8
BLACK
  6
CONTINUOUS
100
AcDbLine
 10
0.96593
 20
0.9339137795275591
 30
0
 11
0.9669940157480315
 21
0.9378847637795276
 31
0
  0
LINE
  5
252
330
1A
100
AcDbEntity
  8
BLACK
  6
CONTINUOUS
100
AcDbLine
 10
0.9669940157480315
 20
0.9378847637795276
 30
0
 11
0.9690495669291338
 21
0.9414450787401575
 31
0
  0
LINE
  5
253
330
1A
100
AcDbEntity
  8
BLACK
  6
CONTINUOUS
100
AcDbLine
 10
0.9690495669291338
 20
0.9414450787401575
 30
0
 11
0.9697322834645669
 21
0.9421277952755905
 31
0
  0
LINE
  5
254
330
1A
100
AcDbEntity
  8
BLACK
  6
CONTINUOUS
100
AcDbLine
 10
0.9697322834645669
 20
0.9421277952755905
 30
0
 11
0.9697322834645669
 21
1.0598581889763778
 31
0
  0
LINE
  5
255
330
1A
100
AcDbEntity
  8
BLACK
  6
CONTINUOUS
100
AcDbLine
 10
0.9697322834645669
 20
1.0598581889763778
 30
0
 11
0.9698333464566929
 21
1.0613998425196851
 31
0
  0
LINE
  5
256
330
1A
100
AcDbEntity
  8
BLACK
  6
CONTINUOUS
100
AcDbLine
 10
0.9698333464566929
 20
1.0613998425196851
 30
0
 11
0.9706313385826771
 21
1.0643780708661417
 31
0
  0
LINE
  5
257
330
1A
100
AcDbEntity
  8
BLACK
  6
CONTINUOUS
100
AcDbLine
 10
0.9706313385826771
 20
1.0643780708661417
 30
0
 11
0.9721729921259842
 21
1.0670482677165354
 31
0
  0
LINE
  5
258
330
1A
100
AcDbEntity
  8
BLACK
  6
CONTINUOUS
100
AcDbLine
 10
0.9721729921259842
 20
1.0670482677165354
 30
0
 11
0.9731916535433071
 21
1.0682098425196851
 31
0
  0
LINE
  5
259
330
1A
100
AcDbEntity
  8
BLACK
  6
CONTINUOUS
100
AcDbLine
 10
0.9731916535433071
 20
1.0682098425196851
 30
0
 11
1.02193
 21
1.1169481889763779
 31
0
  0
LINE
  5
25A
330
1A
100
AcDbEntity
  8
BLACK
  6
CONTINUOUS
100
AcDbLine
 10
1.02193
 20
1.1169481889763779
 30
0
 11
1.02193
 21
1.1179137007874016
 31
0
  0
LINE
  5
25B
330
1A
100
AcDbEntity
  8
BLACK
  6
CONTINUOUS
100
AcDbLine
 10
1.02193
 20
1.1179137007874016
 30
0
 11
1.0229940157480315
 21
1.12188468503937
 31
0
  0
LINE
  5
25C
330
1A
100
AcDbEntity
  8
BLACK
  6
CONTINUOUS
100
AcDbLine
 10
1.0229940157480315
 20
1.12188468503937
 30
0
 11
1.0250495669291337
 21
1.125445
 31
0
  0
LINE
  5
25D
330
1A
100
AcDbEntity
  8
BLACK
  6
CONTINUOUS
100
AcDbLine
 10
1.0250495669291337
 20
1.125445
 30
0
 11
1.0267322834645669
 21
1.127127716535433
 31
0
  0
LINE
  5
25E
330
1A
100
AcDbEntity
  8
BLACK
  6
CONTINUOUS
100
AcDbLine
 10
1.0267322834645669
 20
1.127127716535433
 30
0
 11
1.0267322834645669
 21
1.3789659842519684
 31
0
  0
LINE
  5
25F
330
1A
100
AcDbEntity
  8
BLACK
  6
CONTINUOUS
100
AcDbLine
 10
1.0267322834645669
 20
1.3789659842519684
 30
0
 11
1.0154533070866141
 21
1.3902449606299212
 31
0
  0
LINE
  5
260
330
1A
100
AcDbEntity
  8
BLACK
  6
CONTINUOUS
100
AcDbLine
 10
1.0154533070866141
 20
1.3902449606299212
 30
0
 11
1.0144877952755906
 21
1.3902449606299212
 31
0
  0
LINE
  5
261
330
1A
100
AcDbEntity
  8
BLACK
  6
CONTINUOUS
100
AcDbLine
 10
1.0144877952755906
 20
1.3902449606299212
 30
0
 11
1.010516811023622
 21
1.3913089763779527
 31
0
  0
LINE
  5
262
330
1A
100
AcDbEntity
  8
BLACK
  6
CONTINUOUS
100
AcDbLine
 10
1.010516811023622
 20
1.3913089763779527
 30
0
 11
1.0069564960629922
 21
1.3933645275590552
 31
0
  0
LINE
  5
263
330
1A
100
AcDbEntity
  8
BLACK
  6
CONTINUOUS
100
AcDbLine
 10
1.0069564960629922
 20
1.3933645275590552
 30
0
 11
1.0040495669291338
 21
1.3962714566929133
 31
0
  0
LINE
  5
264
330
1A
100
AcDbEntity
  8
BLACK
  6
CONTINUOUS
100
AcDbLine
 10
1.0040495669291338
 20
1.3962714566929133
 30
0
 11
1.0019940157480314
 21
1.3998317716535433
 31
0
  0
LINE
  5
265
330
1A
100
AcDbEntity
  8
BLACK
  6
CONTINUOUS
100
AcDbLine
 10
1.0019940157480314
 20
1.3998317716535433
 30
0
 11
1.0009299999999999
 21
1.4038027559055117
 31
0
  0
LINE
  5
266
330
1A
100
AcDbEntity
  8
BLACK
  6
CONTINUOUS
100
AcDbLine
 10
1.0009299999999999
 20
1.4038027559055117
 30
0
 11
1.0009299999999999
 21
1.4079137795275589
 31
0
  0
LINE
  5
267
330
1A
100
AcDbEntity
  8
BLACK
  6
CONTINUOUS
100
AcDbLine
 10
1.0009299999999999
 20
1.4079137795275589
 30
0
 11
1.0019940157480314
 21
1.4118847637795275
 31
0
  0
LINE
  5
268
330
1A
100
AcDbEntity
  8
BLACK
  6
CONTINUOUS
100
AcDbLine
 10
1.0019940157480314
 20
1.4118847637795275
 30
0
 11
1.0040495669291338
 21
1.4154450787401573
 31
0
  0
LINE
  5
269
330
1A
100
AcDbEntity
  8
BLACK
  6
CONTINUOUS
100
AcDbLine
 10
1.0040495669291338
 20
1.4154450787401573
 30
0
 11
1.0069564960629922
 21
1.4183520078740157
 31
0
  0
LINE
  5
26A
330
1A
100
AcDbEntity
  8
BLACK
  6
CONTINUOUS
100
AcDbLine
 10
1.0069564960629922
 20
1.4183520078740157
 30
0
 11
1.010516811023622
 21
1.4204075590551182
 31
0
  0
LINE
  5
26B
330
1A
100
AcDbEntity
  8
BLACK
  6
CONTINUOUS
100
AcDbLine
 10
1.010516811023622
 20
1.4204075590551182
 30
0
 11
1.0144877952755906
 21
1.4214715748031497
 31
0
  0
LINE
  5
26C
330
1A
100
AcDbEntity
  8
BLACK
  6
CONTINUOUS
100
AcDbLine
 10
1.0144877952755906
 20
1.4214715748031497
 30
0
 11
1.0185988188976378
 21
1.4214715748031497
 31
0
  0
LINE
  5
26D
330
1A
100
AcDbEntity
  8
BLACK
  6
CONTINUOUS
100
AcDbLine
 10
1.0185988188976378
 20
1.4214715748031497
 30
0
 11
1.0225698031496062
 21
1.4204075590551182
 31
0
  0
LINE
  5
26E
330
1A
100
AcDbEntity
  8
BLACK
  6
CONTINUOUS
100
AcDbLine
 10
1.981026496062992
 20
1.2155492913385826
 30
0
 11
1.984586811023622
 21
1.2134937401574803
 31
0
  0
LINE
  5
26F
330
1A
100
AcDbEntity
  8
BLACK
  6
CONTINUOUS
100
AcDbLine
 10
1.984586811023622
 20
1.2134937401574803
 30
0
 11
1.9874937401574804
 21
1.210586811023622
 31
0
  0
LINE
  5
270
330
1A
100
AcDbEntity
  8
BLACK
  6
CONTINUOUS
100
AcDbLine
 10
1.9874937401574804
 20
1.210586811023622
 30
0
 11
1.9895492913385826
 21
1.2070264960629922
 31
0
  0
LINE
  5
271
330
1A
100
AcDbEntity
  8
BLACK
  6
CONTINUOUS
100
AcDbLine
 10
1.9895492913385826
 20
1.2070264960629922
 30
0
 11
1.9906133070866141
 21
1.2030555118110235
 31
0
  0
LINE
  5
272
330
1A
100
AcDbEntity
  8
BLACK
  6
CONTINUOUS
100
AcDbLine
 10
1.9906133070866141
 20
1.2030555118110235
 30
0
 11
1.9906133070866141
 21
1.1989444881889764
 31
0
  0
LINE
  5
273
330
1A
100
AcDbEntity
  8
BLACK
  6
CONTINUOUS
100
AcDbLine
 10
1.9906133070866141
 20
1.1989444881889764
 30
0
 11
1.9895492913385826
 21
1.1949735039370077
 31
0
  0
LINE
  5
274
330
1A
100
AcDbEntity
  8
BLACK
  6
CONTINUOUS
100
AcDbLine
 10
1.9895492913385826
 20
1.1949735039370077
 30
0
 11
1.9874937401574804
 21
1.1914131889763779
 31
0
  0
LINE
  5
275
330
1A
100
AcDbEntity
  8
BLACK
  6
CONTINUOUS
100
AcDbLine
 10
1.9874937401574804
 20
1.1914131889763779
 30
0
 11
1.9868110236220471
 21
1.1907304724409449
 31
0
  0
LINE
  5
276
330
1A
100
AcDbEntity
  8
BLACK
  6
CONTINUOUS
100
AcDbLine
 10
1.9868110236220471
 20
1.1907304724409449
 30
0
 11
1.9868110236220471
 21
1.0468110236220471
 31
0
  0
LINE
  5
277
330
1A
100
AcDbEntity
  8
BLACK
  6
CONTINUOUS
100
AcDbLine
 10
1.9868110236220471
 20
1.0468110236220471
 30
0
 11
2.0059999999999998
 21
1.0468110236220471
 31
0
  0
LINE
  5
278
330
1A
100
AcDbEntity
  8
BLACK
  6
CONTINUOUS
100
AcDbLine
 10
2.0059999999999998
 20
1.0468110236220471
 30
0
 11
2.0075416535433068
 21
1.0467099606299213
 31
0
  0
LINE
  5
279
330
1A
100
AcDbEntity
  8
BLACK
  6
CONTINUOUS
100
AcDbLine
 10
2.0075416535433068
 20
1.0467099606299213
 30
0
 11
2.0105198818897638
 21
1.0459119685039371
 31
0
  0
LINE
  5
27A
330
1A
100
AcDbEntity
  8
BLACK
  6
CONTINUOUS
100
AcDbLine
 10
2.0105198818897638
 20
1.0459119685039371
 30
0
 11
2.0131900787401573
 21
1.0443703149606298
 31
0
  0
LINE
  5
27B
330
1A
100
AcDbEntity
  8
BLACK
  6
CONTINUOUS
100
AcDbLine
 10
2.0131900787401573
 20
1.0443703149606298
 30
0
 11
2.014351653543307
 21
1.0433516535433072
 31
0
  0
LINE
  5
27C
330
1A
100
AcDbEntity
  8
BLACK
  6
CONTINUOUS
100
AcDbLine
 10
2.014351653543307
 20
1.0433516535433072
 30
0
 11
2.0254325196850393
 21
1.0322707874015749
 31
0
  0
LINE
  5
27D
330
1A
100
AcDbEntity
  8
BLACK
  6
CONTINUOUS
100
AcDbLine
 10
2.0254325196850393
 20
1.0322707874015749
 30
0
 11
2.026398031496063
 21
1.0322707874015749
 31
0
  0
LINE
  5
27E
330
1A
100
AcDbEntity
  8
BLACK
  6
CONTINUOUS
100
AcDbLine
 10
2.026398031496063
 20
1.0322707874015749
 30
0
 11
2.0303690157480316
 21
1.0312067716535434
 31
0
  0
LINE
  5
27F
330
1A
100
AcDbEntity
  8
BLACK
  6
CONTINUOUS
100
AcDbLine
 10
2.0303690157480316
 20
1.0312067716535434
 30
0
 11
2.0339293307086614
 21
1.0291512204724409
 31
0
  0
LINE
  5
280
330
1A
100
AcDbEntity
  8
BLACK
  6
CONTINUOUS
100
AcDbLine
 10
2.0339293307086614
 20
1.0291512204724409
 30
0
 11
2.0368362598425196
 21
1.0262442913385827
 31
0
  0
LINE
  5
281
330
1A
100
AcDbEntity
  8
BLACK
  6
CONTINUOUS
100
AcDbLine
 10
2.0368362598425196
 20
1.0262442913385827
 30
0
 11
2.038891811023622
 21
1.0226839763779527
 31
0
  0
LINE
  5
282
330
1A
100
AcDbEntity
  8
BLACK
  6
CONTINUOUS
100
AcDbLine
 10
2.038891811023622
 20
1.0226839763779527
 30
0
 11
2.0399558267716533
 21
1.0187129921259843
 31
0
  0
LINE
  5
283
330
1A
100
AcDbEntity
  8
BLACK
  6
CONTINUOUS
100
AcDbLine
 10
2.0399558267716533
 20
1.0187129921259843
 30
0
 11
2.0399558267716533
 21
1.0177474803149607
 31
0
  0
LINE
  5
284
330
1A
100
AcDbEntity
  8
BLACK
  6
CONTINUOUS
100
AcDbLine
 10
2.0399558267716533
 20
1.0177474803149607
 30
0
 11
2.1360899999999998
 21
0.9216133070866142
 31
0
  0
LINE
  5
285
330
1A
100
AcDbEntity
  8
BLACK
  6
CONTINUOUS
100
AcDbLine
 10
2.1360899999999998
 20
0.9216133070866142
 30
0
 11
2.1370555118110235
 21
0.9216133070866142
 31
0
  0
LINE
  5
286
330
1A
100
AcDbEntity
  8
BLACK
  6
CONTINUOUS
100
AcDbLine
 10
2.1370555118110235
 20
0.9216133070866142
 30
0
 11
2.1410264960629921
 21
0.9205492913385827
 31
0
  0
LINE
  5
287
330
1A
100
AcDbEntity
  8
BLACK
  6
CONTINUOUS
100
AcDbLine
 10
2.1410264960629921
 20
0.9205492913385827
 30
0
 11
2.1445868110236219
 21
0.9184937401574803
 31
0
  0
LINE
  5
288
330
1A
100
AcDbEntity
  8
BLACK
  6
CONTINUOUS
100
AcDbLine
 10
2.1445868110236219
 20
0.9184937401574803
 30
0
 11
2.1474937401574801
 21
0.915586811023622
 31
0
  0
LINE
  5
289
330
1A
100
AcDbEntity
  8
BLACK
  6
CONTINUOUS
100
AcDbLine
 10
2.1474937401574801
 20
0.915586811023622
 30
0
 11
2.1495492913385825
 21
0.9120264960629921
 31
0
  0
LINE
  5
28A
330
1A
100
AcDbEntity
  8
BLACK
  6
CONTINUOUS
100
AcDbLine
 10
2.1495492913385825
 20
0.9120264960629921
 30
0
 11
2.1506133070866142
 21
0.9080555118110236
 31
0
  0
LINE
  5
28B
330
1A
100
AcDbEntity
  8
BLACK
  6
CONTINUOUS
100
AcDbLine
 10
2.1506133070866142
 20
0.9080555118110236
 30
0
 11
2.1506133070866142
 21
0.9039444881889763
 31
0
  0
LINE
  5
28C
330
1A
100
AcDbEntity
  8
BLACK
  6
CONTINUOUS
100
AcDbLine
 10
2.1506133070866142
 20
0.9039444881889763
 30
0
 11
2.1495492913385825
 21
0.8999735039370078
 31
0
  0
LINE
  5
28D
330
1A
100
AcDbEntity
  8
BLACK
  6
CONTINUOUS
100
AcDbLine
 10
2.1495492913385825
 20
0.8999735039370078
 30
0
 11
2.1474937401574801
 21
0.8964131889763779
 31
0
  0
LINE
  5
28E
330
1A
100
AcDbEntity
  8
BLACK
  6
CONTINUOUS
100
AcDbLine
 10
2.1474937401574801
 20
0.8964131889763779
 30
0
 11
2.1445868110236219
 21
0.8935062598425196
 31
0
  0
LINE
  5
28F
330
1A
100
AcDbEntity
  8
BLACK
  6
CONTINUOUS
100
AcDbLine
 10
2.1445868110236219
 20
0.8935062598425196
 30
0
 11
2.1410264960629921
 21
0.8914507086614173
 31
0
  0
LINE
  5
290
330
1A
100
AcDbEntity
  8
BLACK
  6
CONTINUOUS
100
AcDbLine
 10
2.1410264960629921
 20
0.8914507086614173
 30
0
 11
2.1370555118110235
 21
0.8903866929133858
 31
0
  0
LINE
  5
291
330
1A
100
AcDbEntity
  8
BLACK
  6
CONTINUOUS
100
AcDbLine
 10
2.1370555118110235
 20
0.8903866929133858
 30
0
 11
2.1329444881889765
 21
0.8903866929133858
 31
0
  0
LINE
  5
292
330
1A
100
AcDbEntity
  8
BLACK
  6
CONTINUOUS
100
AcDbLine
 10
2.1329444881889765
 20
0.8903866929133858
 30
0
 11
2.1289735039370079
 21
0.8914507086614173
 31
0
  0
LINE
  5
293
330
1A
100
AcDbEntity
  8
BLACK
  6
CONTINUOUS
100
AcDbLine
 10
2.1289735039370079
 20
0.8914507086614173
 30
0
 11
2.1254131889763781
 21
0.8935062598425196
 31
0
  0
LINE
  5
294
330
1A
100
AcDbEntity
  8
BLACK
  6
CONTINUOUS
100
AcDbLine
 10
2.1254131889763781
 20
0.8935062598425196
 30
0
 11
2.1225062598425195
 21
0.8964131889763779
 31
0
  0
LINE
  5
295
330
1A
100
AcDbEntity
  8
BLACK
  6
CONTINUOUS
100
AcDbLine
 10
2.1225062598425195
 20
0.8964131889763779
 30
0
 11
2.1204507086614175
 21
0.8999735039370078
 31
0
  0
LINE
  5
296
330
1A
100
AcDbEntity
  8
BLACK
  6
CONTINUOUS
100
AcDbLine
 10
2.1204507086614175
 20
0.8999735039370078
 30
0
 11
2.1193866929133858
 21
0.9039444881889763
 31
0
  0
LINE
  5
297
330
1A
100
AcDbEntity
  8
BLACK
  6
CONTINUOUS
100
AcDbLine
 10
2.1193866929133858
 20
0.9039444881889763
 30
0
 11
2.1193866929133858
 21
0.90491
 31
0
  0
LINE
  5
298
330
1A
100
AcDbEntity
  8
BLACK
  6
CONTINUOUS
100
AcDbLine
 10
2.1193866929133858
 20
0.90491
 30
0
 11
2.0232525196850393
 21
1.0010441732283464
 31
0
  0
LINE
  5
299
330
1A
100
AcDbEntity
  8
BLACK
  6
CONTINUOUS
100
AcDbLine
 10
2.0232525196850393
 20
1.0010441732283464
 30
0
 11
2.0222870078740156
 21
1.0010441732283464
 31
0
  0
LINE
  5
29A
330
1A
100
AcDbEntity
  8
BLACK
  6
CONTINUOUS
100
AcDbLine
 10
2.0222870078740156
 20
1.0010441732283464
 30
0
 11
2.018316023622047
 21
1.0021081889763779
 31
0
  0
LINE
  5
29B
330
1A
100
AcDbEntity
  8
BLACK
  6
CONTINUOUS
100
AcDbLine
 10
2.018316023622047
 20
1.0021081889763779
 30
0
 11
2.0147557086614172
 21
1.0041637401574803
 31
0
  0
LINE
  5
29C
330
1A
100
AcDbEntity
  8
BLACK
  6
CONTINUOUS
100
AcDbLine
 10
2.0147557086614172
 20
1.0041637401574803
 30
0
 11
2.011848779527559
 21
1.0070706692913385
 31
0
  0
LINE
  5
29D
330
1A
100
AcDbEntity
  8
BLACK
  6
CONTINUOUS
100
AcDbLine
 10
2.011848779527559
 20
1.0070706692913385
 30
0
 11
2.0097932283464566
 21
1.0106309842519685
 31
0
  0
LINE
  5
29E
330
1A
100
AcDbEntity
  8
BLACK
  6
CONTINUOUS
100
AcDbLine
 10
2.0097932283464566
 20
1.0106309842519685
 30
0
 11
2.0087292125984253
 21
1.0146019685039369
 31
0
  0
LINE
  5
29F
330
1A
100
AcDbEntity
  8
BLACK
  6
CONTINUOUS
100
AcDbLine
 10
2.0087292125984253
 20
1.0146019685039369
 30
0
 11
2.0087292125984253
 21
1.0155674803149606
 31
0
  0
LINE
  5
2A0
330
1A
100
AcDbEntity
  8
BLACK
  6
CONTINUOUS
100
AcDbLine
 10
2.0087292125984253
 20
1.0155674803149606
 30
0
 11
2.001107716535433
 21
1.0231889763779527
 31
0
  0
LINE
  5
2A1
330
1A
100
AcDbEntity
  8
BLACK
  6
CONTINUOUS
100
AcDbLine
 10
2.001107716535433
 20
1.0231889763779527
 30
0
 11
1.934892283464567
 21
1.0231889763779527
 31
0
  0
LINE
  5
2A2
330
1A
100
AcDbEntity
  8
BLACK
  6
CONTINUOUS
100
AcDbLine
 10
1.934892283464567
 20
1.0231889763779527
 30
0
 11
1.8926133070866142
 21
0.9809099999999999
 31
0
  0
LINE
  5
2A3
330
1A
100
AcDbEntity
  8
BLACK
  6
CONTINUOUS
100
AcDbLine
 10
1.8926133070866142
 20
0.9809099999999999
 30
0
 11
1.8926133070866142
 21
0.9799444881889764
 31
0
  0
LINE
  5
2A4
330
1A
100
AcDbEntity
  8
BLACK
  6
CONTINUOUS
100
AcDbLine
 10
1.8926133070866142
 20
0.9799444881889764
 30
0
 11
1.8915492913385827
 21
0.9759735039370079
 31
0
  0
LINE
  5
2A5
330
1A
100
AcDbEntity
  8
BLACK
  6
CONTINUOUS
100
AcDbLine
 10
1.8915492913385827
 20
0.9759735039370079
 30
0
 11
1.8894937401574803
 21
0.972413188976378
 31
0
  0
LINE
  5
2A6
330
1A
100
AcDbEntity
  8
BLACK
  6
CONTINUOUS
100
AcDbLine
 10
1.8894937401574803
 20
0.972413188976378
 30
0
 11
1.8865868110236219
 21
0.9695062598425197
 31
0
  0
LINE
  5
2A7
330
1A
100
AcDbEntity
  8
BLACK
  6
CONTINUOUS
100
AcDbLine
 10
1.8865868110236219
 20
0.9695062598425197
 30
0
 11
1.8830264960629921
 21
0.9674507086614172
 31
0
  0
LINE
  5
2A8
330
1A
100
AcDbEntity
  8
BLACK
  6
CONTINUOUS
100
AcDbLine
 10
1.8830264960629921
 20
0.9674507086614172
 30
0
 11
1.8790555118110235
 21
0.9663866929133859
 31
0
  0
LINE
  5
2A9
330
1A
100
AcDbEntity
  8
BLACK
  6
CONTINUOUS
100
AcDbLine
 10
1.8790555118110235
 20
0.9663866929133859
 30
0
 11
1.8749444881889763
 21
0.9663866929133859
 31
0
  0
LINE
  5
2AA
330
1A
100
AcDbEntity
  8
BLACK
  6
CONTINUOUS
100
AcDbLine
 10
1.8749444881889763
 20
0.9663866929133859
 30
0
 11
1.8709735039370079
 21
0.9674507086614172
 31
0
  0
LINE
  5
2AB
330
1A
100
AcDbEntity
  8
BLACK
  6
CONTINUOUS
100
AcDbLine
 10
1.8709735039370079
 20
0.9674507086614172
 30
0
 11
1.8674131889763779
 21
0.9695062598425197
 31
0
  0
LINE
  5
2AC
330
1A
100
AcDbEntity
  8
BLACK
  6
CONTINUOUS
100
AcDbLine
 10
1.8674131889763779
 20
0.9695062598425197
 30
0
 11
1.8645062598425197
 21
0.972413188976378
 31
0
  0
LINE
  5
2AD
330
1A
100
AcDbEntity
  8
BLACK
  6
CONTINUOUS
100
AcDbLine
 10
1.8645062598425197
 20
0.972413188976378
 30
0
 11
1.8624507086614173
 21
0.9759735039370079
 31
0
  0
LINE
  5
2AE
330
1A
100
AcDbEntity
  8
BLACK
  6
CONTINUOUS
100
AcDbLine
 10
1.8624507086614173
 20
0.9759735039370079
 30
0
 11
1.8613866929133858
 21
0.9799444881889764
 31
0
  0
LINE
  5
2AF
330
1A
100
AcDbEntity
  8
BLACK
  6
CONTINUOUS
100
AcDbLine
 10
1.8613866929133858
 20
0.9799444881889764
 30
0
 11
1.8613866929133858
 21
0.9840555118110236
 31
0
  0
LINE
  5
2B0
330
1A
100
AcDbEntity
  8
BLACK
  6
CONTINUOUS
100
AcDbLine
 10
1.8613866929133858
 20
0.9840555118110236
 30
0
 11
1.8624507086614173
 21
0.9880264960629921
 31
0
  0
LINE
  5
2B1
330
1A
100
AcDbEntity
  8
BLACK
  6
CONTINUOUS
100
AcDbLine
 10
1.8624507086614173
 20
0.9880264960629921
 30
0
 11
1.8645062598425197
 21
0.991586811023622
 31
0
  0
LINE
  5
2B2
330
1A
100
AcDbEntity
  8
BLACK
  6
CONTINUOUS
100
AcDbLine
 10
1.8645062598425197
 20
0.991586811023622
 30
0
 11
1.8674131889763779
 21
0.9944937401574803
 31
0
  0
LINE
  5
2B3
330
1A
100
AcDbEntity
  8
BLACK
  6
CONTINUOUS
100
AcDbLine
 10
1.8674131889763779
 20
0.9944937401574803
 30
0
 11
1.8709735039370079
 21
0.9965492913385826
 31
0
  0
LINE
  5
2B4
330
1A
100
AcDbEntity
  8
BLACK
  6
CONTINUOUS
100
AcDbLine
 10
1.8709735039370079
 20
0.9965492913385826
 30
0
 11
1.8749444881889763
 21
0.9976133070866141
 31
0
  0
LINE
  5
2B5
330
1A
100
AcDbEntity
  8
BLACK
  6
CONTINUOUS
100
AcDbLine
 10
1.8749444881889763
 20
0.9976133070866141
 30
0
 11
1.87591
 21
0.9976133070866141
 31
0
  0
LINE
  5
2B6
330
1A
100
AcDbEntity
  8
BLACK
  6
CONTINUOUS
100
AcDbLine
 10
1.87591
 20
0.9976133070866141
 30
0
 11
1.9216483464566929
 21
1.0433516535433072
 31
0
  0
LINE
  5
2B7
330
1A
100
AcDbEntity
  8
BLACK
  6
CONTINUOUS
100
AcDbLine
 10
1.9216483464566929
 20
1.0433516535433072
 30
0
 11
1.9228099212598424
 21
1.0443703149606298
 31
0
  0
LINE
  5
2B8
330
1A
100
AcDbEntity
  8
BLACK
  6
CONTINUOUS
100
AcDbLine
 10
1.9228099212598424
 20
1.0443703149606298
 30
0
 11
1.9254801181102361
 21
1.0459119685039371
 31
0
  0
LINE
  5
2B9
330
1A
100
AcDbEntity
  8
BLACK
  6
CONTINUOUS
100
AcDbLine
 10
1.9254801181102361
 20
1.0459119685039371
 30
0
 11
1.9284583464566929
 21
1.0467099606299213
 31
0
  0
LINE
  5
2BA
330
1A
100
AcDbEntity
  8
BLACK
  6
CONTINUOUS
100
AcDbLine
 10
1.9284583464566929
 20
1.0467099606299213
 30
0
 11
1.9299999999999999
 21
1.0468110236220471
 31
0
  0
LINE
  5
2BB
330
1A
100
AcDbEntity
  8
BLACK
  6
CONTINUOUS
100
AcDbLine
 10
1.9299999999999999
 20
1.0468110236220471
 30
0
 11
1.9631889763779526
 21
1.0468110236220471
 31
0
  0
LINE
  5
2BC
330
1A
100
AcDbEntity
  8
BLACK
  6
CONTINUOUS
100
AcDbLine
 10
1.9631889763779526
 20
1.0468110236220471
 30
0
 11
1.9631889763779526
 21
1.1907304724409449
 31
0
  0
LINE
  5
2BD
330
1A
100
AcDbEntity
  8
BLACK
  6
CONTINUOUS
100
AcDbLine
 10
1.9631889763779526
 20
1.1907304724409449
 30
0
 11
1.9625062598425196
 21
1.1914131889763779
 31
0
  0
LINE
  5
2BE
330
1A
100
AcDbEntity
  8
BLACK
  6
CONTINUOUS
100
AcDbLine
 10
1.9625062598425196
 20
1.1914131889763779
 30
0
 11
1.9604507086614174
 21
1.1949735039370077
 31
0
  0
LINE
  5
2BF
330
1A
100
AcDbEntity
  8
BLACK
  6
CONTINUOUS
100
AcDbLine
 10
1.9604507086614174
 20
1.1949735039370077
 30
0
 11
1.9593866929133859
 21
1.1989444881889764
 31
0
  0
LINE
  5
2C0
330
1A
100
AcDbEntity
  8
BLACK
  6
CONTINUOUS
100
AcDbLine
 10
1.9593866929133859
 20
1.1989444881889764
 30
0
 11
1.9593866929133859
 21
1.2030555118110235
 31
0
  0
LINE
  5
2C1
330
1A
100
AcDbEntity
  8
BLACK
  6
CONTINUOUS
100
AcDbLine
 10
1.9593866929133859
 20
1.2030555118110235
 30
0
 11
1.9604507086614174
 21
1.2070264960629922
 31
0
  0
LINE
  5
2C2
330
1A
100
AcDbEntity
  8
BLACK
  6
CONTINUOUS
100
AcDbLine
 10
1.9604507086614174
 20
1.2070264960629922
 30
0
 11
1.9625062598425196
 21
1.210586811023622
 31
0
  0
LINE
  5
2C3
330
1A
100
AcDbEntity
  8
BLACK
  6
CONTINUOUS
100
AcDbLine
 10
1.9625062598425196
 20
1.210586811023622
 30
0
 11
1.965413188976378
 21
1.2134937401574803
 31
0
  0
LINE
  5
2C4
330
1A
100
AcDbEntity
  8
BLACK
  6
CONTINUOUS
100
AcDbLine
 10
1.965413188976378
 20
1.2134937401574803
 30
0
 11
1.9689735039370078
 21
1.2155492913385826
 31
0
  0
LINE
  5
2C5
330
1A
100
AcDbEntity
  8
BLACK
  6
CONTINUOUS
100
AcDbLine
 10
1.9689735039370078
 20
1.2155492913385826
 30
0
 11
1.9729444881889764
 21
1.2166133070866141
 31
0
  0
LINE
  5
2C6
330
1A
100
AcDbEntity
  8
BLACK
  6
CONTINUOUS
100
AcDbLine
 10
1.9729444881889764
 20
1.2166133070866141
 30
0
 11
1.9770555118110236
 21
1.2166133070866141
 31
0
  0
LINE
  5
2C7
330
1A
100
AcDbEntity
  8
BLACK
  6
CONTINUOUS
100
AcDbLine
 10
1.9770555118110236
 20
1.2166133070866141
 30
0
 11
1.981026496062992
 21
1.2155492913385826
 31
0
  0
LINE
  5
2C8
330
1A
100
AcDbEntity
  8
BLACK
  6
CONTINUOUS
100
AcDbLine
 10
0.8205122834645669
 20
1.0443500393700786
 30
0
 11
0.8240725984251969
 21
1.0422944881889764
 31
0
  0
LINE
  5
2C9
330
1A
100
AcDbEntity
  8
BLACK
  6
CONTINUOUS
100
AcDbLine
 10
0.8240725984251969
 20
1.0422944881889764
 30
0
 11
0.8269795275590551
 21
1.039387559055118
 31
0
  0
LINE
  5
2CA
330
1A
100
AcDbEntity
  8
BLACK
  6
CONTINUOUS
100
AcDbLine
 10
0.8269795275590551
 20
1.039387559055118
 30
0
 11
0.8290350787401575
 21
1.0358272440944882
 31
0
  0
LINE
  5
2CB
330
1A
100
AcDbEntity
  8
BLACK
  6
CONTINUOUS
100
AcDbLine
 10
0.8290350787401575
 20
1.0358272440944882
 30
0
 11
0.830099094488189
 21
1.0318562598425196
 31
0
  0
LINE
  5
2CC
330
1A
100
AcDbEntity
  8
BLACK
  6
CONTINUOUS
100
AcDbLine
 10
0.830099094488189
 20
1.0318562598425196
 30
0
 11
0.830099094488189
 21
1.0277452362204724
 31
0
  0
LINE
  5
2CD
330
1A
100
AcDbEntity
  8
BLACK
  6
CONTINUOUS
100
AcDbLine
 10
0.830099094488189
 20
1.0277452362204724
 30
0
 11
0.8290350787401575
 21
1.023774251968504
 31
0
  0
LINE
  5
2CE
330
1A
100
AcDbEntity
  8
BLACK
  6
CONTINUOUS
100
AcDbLine
 10
0.8290350787401575
 20
1.023774251968504
 30
0
 11
0.8269795275590551
 21
1.020213937007874
 31
0
  0
LINE
  5
2CF
330
1A
100
AcDbEntity
  8
BLACK
  6
CONTINUOUS
100
AcDbLine
 10
0.8269795275590551
 20
1.020213937007874
 30
0
 11
0.8240725984251969
 21
1.0173070078740156
 31
0
  0
LINE
  5
2D0
330
1A
100
AcDbEntity
  8
BLACK
  6
CONTINUOUS
100
AcDbLine
 10
0.8240725984251969
 20
1.0173070078740156
 30
0
 11
0.8205122834645669
 21
1.0152514566929134
 31
0
  0
LINE
  5
2D1
330
1A
100
AcDbEntity
  8
BLACK
  6
CONTINUOUS
100
AcDbLine
 10
0.8205122834645669
 20
1.0152514566929134
 30
0
 11
0.8165412992125984
 21
1.0141874409448819
 31
0
  0
LINE
  5
2D2
330
1A
100
AcDbEntity
  8
BLACK
  6
CONTINUOUS
100
AcDbLine
 10
0.8165412992125984
 20
1.0141874409448819
 30
0
 11
0.8124302755905511
 21
1.0141874409448819
 31
0
  0
LINE
  5
2D3
330
1A
100
AcDbEntity
  8
BLACK
  6
CONTINUOUS
100
AcDbLine
 10
0.8124302755905511
 20
1.0141874409448819
 30
0
 11
0.8084592913385826
 21
1.0152514566929134
 31
0
  0
LINE
  5
2D4
330
1A
100
AcDbEntity
  8
BLACK
  6
CONTINUOUS
100
AcDbLine
 10
0.8084592913385826
 20
1.0152514566929134
 30
0
 11
0.8048989763779527
 21
1.0173070078740156
 31
0
  0
LINE
  5
2D5
330
1A
100
AcDbEntity
  8
BLACK
  6
CONTINUOUS
100
AcDbLine
 10
0.8048989763779527
 20
1.0173070078740156
 30
0
 11
0.8019920472440945
 21
1.020213937007874
 31
0
  0
LINE
  5
2D6
330
1A
100
AcDbEntity
  8
BLACK
  6
CONTINUOUS
100
AcDbLine
 10
0.8019920472440945
 20
1.020213937007874
 30
0
 11
0.7999364960629921
 21
1.023774251968504
 31
0
  0
LINE
  5
2D7
330
1A
100
AcDbEntity
  8
BLACK
  6
CONTINUOUS
100
AcDbLine
 10
0.7999364960629921
 20
1.023774251968504
 30
0
 11
0.799904094488189
 21
1.0238952362204725
 31
0
  0
LINE
  5
2D8
330
1A
100
AcDbEntity
  8
BLACK
  6
CONTINUOUS
100
AcDbLine
 10
0.799904094488189
 20
1.0238952362204725
 30
0
 11
0.7909319291338582
 21
1.0238952362204725
 31
0
  0
LINE
  5
2D9
330
1A
100
AcDbEntity
  8
BLACK
  6
CONTINUOUS
100
AcDbLine
 10
0.7909319291338582
 20
1.0238952362204725
 30
0
 11
0.7727191338582677
 21
1.0056824409448819
 31
0
  0
LINE
  5
2DA
330
1A
100
AcDbEntity
  8
BLACK
  6
CONTINUOUS
100
AcDbLine
 10
0.7727191338582677
 20
1.0056824409448819
 30
0
 11
0.7718242125984252
 21
1.0049479921259843
 31
0
  0
LINE
  5
2DB
330
1A
100
AcDbEntity
  8
BLACK
  6
CONTINUOUS
100
AcDbLine
 10
0.7718242125984252
 20
1.0049479921259843
 30
0
 11
0.7707941732283464
 21
1.0045213385826772
 31
0
  0
LINE
  5
2DC
330
1A
100
AcDbEntity
  8
BLACK
  6
CONTINUOUS
100
AcDbLine
 10
0.7707941732283464
 20
1.0045213385826772
 30
0
 11
0.7696954330708661
 21
1.0040662204724409
 31
0
  0
LINE
  5
2DD
330
1A
100
AcDbEntity
  8
BLACK
  6
CONTINUOUS
100
AcDbLine
 10
0.7696954330708661
 20
1.0040662204724409
 30
0
 11
0.7685433070866141
 21
1.0039527559055117
 31
0
  0
LINE
  5
2DE
330
1A
100
AcDbEntity
  8
BLACK
  6
CONTINUOUS
100
AcDbLine
 10
0.7685433070866141
 20
1.0039527559055117
 30
0
 11
0.668125
 21
1.0039527559055117
 31
0
  0
LINE
  5
2DF
330
1A
100
AcDbEntity
  8
BLACK
  6
CONTINUOUS
100
AcDbLine
 10
0.668125
 20
1.0039527559055117
 30
0
 11
0.6680925984251969
 21
1.0038317716535432
 31
0
  0
LINE
  5
2E0
330
1A
100
AcDbEntity
  8
BLACK
  6
CONTINUOUS
100
AcDbLine
 10
0.6680925984251969
 20
1.0038317716535432
 30
0
 11
0.6660370472440945
 21
1.0002714566929134
 31
0
  0
LINE
  5
2E1
330
1A
100
AcDbEntity
  8
BLACK
  6
CONTINUOUS
100
AcDbLine
 10
0.6660370472440945
 20
1.0002714566929134
 30
0
 11
0.6631301181102363
 21
0.9973645275590551
 31
0
  0
LINE
  5
2E2
330
1A
100
AcDbEntity
  8
BLACK
  6
CONTINUOUS
100
AcDbLine
 10
0.6631301181102363
 20
0.9973645275590551
 30
0
 11
0.6595698031496063
 21
0.9953089763779527
 31
0
  0
LINE
  5
2E3
330
1A
100
AcDbEntity
  8
BLACK
  6
CONTINUOUS
100
AcDbLine
 10
0.6595698031496063
 20
0.9953089763779527
 30
0
 11
0.6555988188976378
 21
0.9942449606299212
 31
0
  0
LINE
  5
2E4
330
1A
100
AcDbEntity
  8
BLACK
  6
CONTINUOUS
100
AcDbLine
 10
0.6555988188976378
 20
0.9942449606299212
 30
0
 11
0.6514877952755905
 21
0.9942449606299212
 31
0
  0
LINE
  5
2E5
330
1A
100
AcDbEntity
  8
BLACK
  6
CONTINUOUS
100
AcDbLine
 10
0.6514877952755905
 20
0.9942449606299212
 30
0
 11
0.647516811023622
 21
0.9953089763779527
 31
0
  0
LINE
  5
2E6
330
1A
100
AcDbEntity
  8
BLACK
  6
CONTINUOUS
100
AcDbLine
 10
0.647516811023622
 20
0.9953089763779527
 30
0
 11
0.6439564960629921
 21
0.9973645275590551
 31
0
  0
LINE
  5
2E7
330
1A
100
AcDbEntity
  8
BLACK
  6
CONTINUOUS
100
AcDbLine
 10
0.6439564960629921
 20
0.9973645275590551
 30
0
 11
0.6410495669291338
 21
1.0002714566929134
 31
0
  0
LINE
  5
2E8
330
1A
100
AcDbEntity
  8
BLACK
  6
CONTINUOUS
100
AcDbLine
 10
0.6410495669291338
 20
1.0002714566929134
 30
0
 11
0.6389940157480315
 21
1.0038317716535432
 31
0
  0
LINE
  5
2E9
330
1A
100
AcDbEntity
  8
BLACK
  6
CONTINUOUS
100
AcDbLine
 10
0.6389940157480315
 20
1.0038317716535432
 30
0
 11
0.63793
 21
1.0078027559055118
 31
0
  0
LINE
  5
2EA
330
1A
100
AcDbEntity
  8
BLACK
  6
CONTINUOUS
100
AcDbLine
 10
0.63793
 20
1.0078027559055118
 30
0
 11
0.63793
 21
1.011913779527559
 31
0
  0
LINE
  5
2EB
330
1A
100
AcDbEntity
  8
BLACK
  6
CONTINUOUS
100
AcDbLine
 10
0.63793
 20
1.011913779527559
 30
0
 11
0.6389940157480315
 21
1.0158847637795276
 31
0
  0
LINE
  5
2EC
330
1A
100
AcDbEntity
  8
BLACK
  6
CONTINUOUS
100
AcDbLine
 10
0.6389940157480315
 20
1.0158847637795276
 30
0
 11
0.6410495669291338
 21
1.0194450787401574
 31
0
  0
LINE
  5
2ED
330
1A
100
AcDbEntity
  8
BLACK
  6
CONTINUOUS
100
AcDbLine
 10
0.6410495669291338
 20
1.0194450787401574
 30
0
 11
0.6439564960629921
 21
1.0223520078740158
 31
0
  0
LINE
  5
2EE
330
1A
100
AcDbEntity
  8
BLACK
  6
CONTINUOUS
100
AcDbLine
 10
0.6439564960629921
 20
1.0223520078740158
 30
0
 11
0.647516811023622
 21
1.024407559055118
 31
0
  0
LINE
  5
2EF
330
1A
100
AcDbEntity
  8
BLACK
  6
CONTINUOUS
100
AcDbLine
 10
0.647516811023622
 20
1.024407559055118
 30
0
 11
0.6514877952755905
 21
1.0254715748031495
 31
0
  0
LINE
  5
2F0
330
1A
100
AcDbEntity
  8
BLACK
  6
CONTINUOUS
100
AcDbLine
 10
0.6514877952755905
 20
1.0254715748031495
 30
0
 11
0.6555988188976378
 21
1.0254715748031495
 31
0
  0
LINE
  5
2F1
330
1A
100
AcDbEntity
  8
BLACK
  6
CONTINUOUS
100
AcDbLine
 10
0.6555988188976378
 20
1.0254715748031495
 30
0
 11
0.6595698031496063
 21
1.024407559055118
 31
0
  0
LINE
  5
2F2
330
1A
100
AcDbEntity
  8
BLACK
  6
CONTINUOUS
100
AcDbLine
 10
0.6595698031496063
 20
1.024407559055118
 30
0
 11
0.6631301181102363
 21
1.0223520078740158
 31
0
  0
LINE
  5
2F3
330
1A
100
AcDbEntity
  8
BLACK
  6
CONTINUOUS
100
AcDbLine
 10
0.6631301181102363
 20
1.0223520078740158
 30
0
 11
0.6660370472440945
 21
1.0194450787401574
 31
0
  0
LINE
  5
2F4
330
1A
100
AcDbEntity
  8
BLACK
  6
CONTINUOUS
100
AcDbLine
 10
0.6660370472440945
 20
1.0194450787401574
 30
0
 11
0.6680925984251969
 21
1.0158847637795276
 31
0
  0
LINE
  5
2F5
330
1A
100
AcDbEntity
  8
BLACK
  6
CONTINUOUS
100
AcDbLine
 10
0.6680925984251969
 20
1.0158847637795276
 30
0
 11
0.668125
 21
1.0157637795275591
 31
0
  0
LINE
  5
2F6
330
1A
100
AcDbEntity
  8
BLACK
  6
CONTINUOUS
100
AcDbLine
 10
0.668125
 20
1.0157637795275591
 30
0
 11
0.7660971653543307
 21
1.0157637795275591
 31
0
  0
LINE
  5
2F7
330
1A
100
AcDbEntity
  8
BLACK
  6
CONTINUOUS
100
AcDbLine
 10
0.7660971653543307
 20
1.0157637795275591
 30
0
 11
0.7843099606299212
 21
1.0339765748031495
 31
0
  0
LINE
  5
2F8
330
1A
100
AcDbEntity
  8
BLACK
  6
CONTINUOUS
100
AcDbLine
 10
0.7843099606299212
 20
1.0339765748031495
 30
0
 11
0.785204842519685
 21
1.0347110236220471
 31
0
  0
LINE
  5
2F9
330
1A
100
AcDbEntity
  8
BLACK
  6
CONTINUOUS
100
AcDbLine
 10
0.785204842519685
 20
1.0347110236220471
 30
0
 11
0.7867101574803149
 21
1.0353345275590551
 31
0
  0
LINE
  5
2FA
330
1A
100
AcDbEntity
  8
BLACK
  6
CONTINUOUS
100
AcDbLine
 10
0.7867101574803149
 20
1.0353345275590551
 30
0
 11
0.7873336614173229
 21
1.0355927952755906
 31
0
  0
LINE
  5
2FB
330
1A
100
AcDbEntity
  8
BLACK
  6
CONTINUOUS
100
AcDbLine
 10
0.7873336614173229
 20
1.0355927952755906
 30
0
 11
0.7884857874015748
 21
1.0357062598425197
 31
0
  0
LINE
  5
2FC
330
1A
100
AcDbEntity
  8
BLACK
  6
CONTINUOUS
100
AcDbLine
 10
0.7884857874015748
 20
1.0357062598425197
 30
0
 11
0.799904094488189
 21
1.0357062598425197
 31
0
  0
LINE
  5
2FD
330
1A
100
AcDbEntity
  8
BLACK
  6
CONTINUOUS
100
AcDbLine
 10
0.799904094488189
 20
1.0357062598425197
 30
0
 11
0.7999364960629921
 21
1.0358272440944882
 31
0
  0
LINE
  5
2FE
330
1A
100
AcDbEntity
  8
BLACK
  6
CONTINUOUS
100
AcDbLine
 10
0.7999364960629921
 20
1.0358272440944882
 30
0
 11
0.8019920472440945
 21
1.039387559055118
 31
0
  0
LINE
  5
2FF
330
1A
100
AcDbEntity
  8
BLACK
  6
CONTINUOUS
100
AcDbLine
 10
0.8019920472440945
 20
1.039387559055118
 30
0
 11
0.8048989763779527
 21
1.0422944881889764
 31
0
  0
LINE
  5
300
330
1A
100
AcDbEntity
  8
BLACK
  6
CONTINUOUS
100
AcDbLine
 10
0.8048989763779527
 20
1.0422944881889764
 30
0
 11
0.8084592913385826
 21
1.0443500393700786
 31
0
  0
LINE
  5
301
330
1A
100
AcDbEntity
  8
BLACK
  6
CONTINUOUS
100
AcDbLine
 10
0.8084592913385826
 20
1.0443500393700786
 30
0
 11
0.8124302755905511
 21
1.0454140551181101
 31
0
  0
LINE
  5
302
330
1A
100
AcDbEntity
  8
BLACK
  6
CONTINUOUS
100
AcDbLine
 10
0.8124302755905511
 20
1.0454140551181101
 30
0
 11
0.8165412992125984
 21
1.0454140551181101
 31
0
  0
LINE
  5
303
330
1A
100
AcDbEntity
  8
BLACK
  6
CONTINUOUS
100
AcDbLine
 10
0.8165412992125984
 20
1.0454140551181101
 30
0
 11
0.8205122834645669
 21
1.0443500393700786
 31
0
  0
LINE
  5
304
330
1A
100
AcDbEntity
  8
BLACK
  6
CONTINUOUS
100
AcDbLine
 10
1.5318768897637796
 20
1.0804075590551181
 30
0
 11
1.5354372047244094
 21
1.0783520078740156
 31
0
  0
LINE
  5
305
330
1A
100
AcDbEntity
  8
BLACK
  6
CONTINUOUS
100
AcDbLine
 10
1.5354372047244094
 20
1.0783520078740156
 30
0
 11
1.5383441338582677
 21
1.0754450787401575
 31
0
  0
LINE
  5
306
330
1A
100
AcDbEntity
  8
BLACK
  6
CONTINUOUS
100
AcDbLine
 10
1.5383441338582677
 20
1.0754450787401575
 30
0
 11
1.54039968503937
 21
1.0718847637795275
 31
0
  0
LINE
  5
307
330
1A
100
AcDbEntity
  8
BLACK
  6
CONTINUOUS
100
AcDbLine
 10
1.54039968503937
 20
1.0718847637795275
 30
0
 11
1.5414637007874015
 21
1.0679137795275591
 31
0
  0
LINE
  5
308
330
1A
100
AcDbEntity
  8
BLACK
  6
CONTINUOUS
100
AcDbLine
 10
1.5414637007874015
 20
1.0679137795275591
 30
0
 11
1.5414637007874015
 21
1.0638027559055119
 31
0
  0
LINE
  5
309
330
1A
100
AcDbEntity
  8
BLACK
  6
CONTINUOUS
100
AcDbLine
 10
1.5414637007874015
 20
1.0638027559055119
 30
0
 11
1.54039968503937
 21
1.0598317716535433
 31
0
  0
LINE
  5
30A
330
1A
100
AcDbEntity
  8
BLACK
  6
CONTINUOUS
100
AcDbLine
 10
1.54039968503937
 20
1.0598317716535433
 30
0
 11
1.5383441338582677
 21
1.0562714566929134
 31
0
  0
LINE
  5
30B
330
1A
100
AcDbEntity
  8
BLACK
  6
CONTINUOUS
100
AcDbLine
 10
1.5383441338582677
 20
1.0562714566929134
 30
0
 11
1.5354372047244094
 21
1.0533645275590551
 31
0
  0
LINE
  5
30C
330
1A
100
AcDbEntity
  8
BLACK
  6
CONTINUOUS
100
AcDbLine
 10
1.5354372047244094
 20
1.0533645275590551
 30
0
 11
1.5318768897637796
 21
1.0513089763779528
 31
0
  0
LINE
  5
30D
330
1A
100
AcDbEntity
  8
BLACK
  6
CONTINUOUS
100
AcDbLine
 10
1.5318768897637796
 20
1.0513089763779528
 30
0
 11
1.5279059055118109
 21
1.0502449606299213
 31
0
  0
LINE
  5
30E
330
1A
100
AcDbEntity
  8
BLACK
  6
CONTINUOUS
100
AcDbLine
 10
1.5279059055118109
 20
1.0502449606299213
 30
0
 11
1.5237948818897638
 21
1.0502449606299213
 31
0
  0
LINE
  5
30F
330
1A
100
AcDbEntity
  8
BLACK
  6
CONTINUOUS
100
AcDbLine
 10
1.5237948818897638
 20
1.0502449606299213
 30
0
 11
1.5198238976377954
 21
1.0513089763779528
 31
0
  0
LINE
  5
310
330
1A
100
AcDbEntity
  8
BLACK
  6
CONTINUOUS
100
AcDbLine
 10
1.5198238976377954
 20
1.0513089763779528
 30
0
 11
1.5162635826771653
 21
1.0533645275590551
 31
0
  0
LINE
  5
311
330
1A
100
AcDbEntity
  8
BLACK
  6
CONTINUOUS
100
AcDbLine
 10
1.5162635826771653
 20
1.0533645275590551
 30
0
 11
1.5155808661417323
 21
1.0540472440944881
 31
0
  0
LINE
  5
312
330
1A
100
AcDbEntity
  8
BLACK
  6
CONTINUOUS
100
AcDbLine
 10
1.5155808661417323
 20
1.0540472440944881
 30
0
 11
1.3637505511811023
 21
1.0540472440944881
 31
0
  0
LINE
  5
313
330
1A
100
AcDbEntity
  8
BLACK
  6
CONTINUOUS
100
AcDbLine
 10
1.3637505511811023
 20
1.0540472440944881
 30
0
 11
1.3186133070866142
 21
1.00891
 31
0
  0
LINE
  5
314
330
1A
100
AcDbEntity
  8
BLACK
  6
CONTINUOUS
100
AcDbLine
 10
1.3186133070866142
 20
1.00891
 30
0
 11
1.3186133070866142
 21
1.0079444881889763
 31
0
  0
LINE
  5
315
330
1A
100
AcDbEntity
  8
BLACK
  6
CONTINUOUS
100
AcDbLine
 10
1.3186133070866142
 20
1.0079444881889763
 30
0
 11
1.3175492913385827
 21
1.0039735039370079
 31
0
  0
LINE
  5
316
330
1A
100
AcDbEntity
  8
BLACK
  6
CONTINUOUS
100
AcDbLine
 10
1.3175492913385827
 20
1.0039735039370079
 30
0
 11
1.3154937401574802
 21
1.0004131889763779
 31
0
  0
LINE
  5
317
330
1A
100
AcDbEntity
  8
BLACK
  6
CONTINUOUS
100
AcDbLine
 10
1.3154937401574802
 20
1.0004131889763779
 30
0
 11
1.3125868110236221
 21
0.9975062598425196
 31
0
  0
LINE
  5
318
330
1A
100
AcDbEntity
  8
BLACK
  6
CONTINUOUS
100
AcDbLine
 10
1.3125868110236221
 20
0.9975062598425196
 30
0
 11
1.309026496062992
 21
0.9954507086614173
 31
0
  0
LINE
  5
319
330
1A
100
AcDbEntity
  8
BLACK
  6
CONTINUOUS
100
AcDbLine
 10
1.309026496062992
 20
0.9954507086614173
 30
0
 11
1.3050555118110236
 21
0.9943866929133858
 31
0
  0
LINE
  5
31A
330
1A
100
AcDbEntity
  8
BLACK
  6
CONTINUOUS
100
AcDbLine
 10
1.3050555118110236
 20
0.9943866929133858
 30
0
 11
1.3009444881889765
 21
0.9943866929133858
 31
0
  0
LINE
  5
31B
330
1A
100
AcDbEntity
  8
BLACK
  6
CONTINUOUS
100
AcDbLine
 10
1.3009444881889765
 20
0.9943866929133858
 30
0
 11
1.2969735039370078
 21
0.9954507086614173
 31
0
  0
LINE
  5
31C
330
1A
100
AcDbEntity
  8
BLACK
  6
CONTINUOUS
100
AcDbLine
 10
1.2969735039370078
 20
0.9954507086614173
 30
0
 11
1.293413188976378
 21
0.9975062598425196
 31
0
  0
LINE
  5
31D
330
1A
100
AcDbEntity
  8
BLACK
  6
CONTINUOUS
100
AcDbLine
 10
1.293413188976378
 20
0.9975062598425196
 30
0
 11
1.2905062598425197
 21
1.0004131889763779
 31
0
  0
LINE
  5
31E
330
1A
100
AcDbEntity
  8
BLACK
  6
CONTINUOUS
100
AcDbLine
 10
1.2905062598425197
 20
1.0004131889763779
 30
0
 11
1.2884507086614172
 21
1.0039735039370079
 31
0
  0
LINE
  5
31F
330
1A
100
AcDbEntity
  8
BLACK
  6
CONTINUOUS
100
AcDbLine
 10
1.2884507086614172
 20
1.0039735039370079
 30
0
 11
1.2873866929133857
 21
1.0079444881889763
 31
0
  0
LINE
  5
320
330
1A
100
AcDbEntity
  8
BLACK
  6
CONTINUOUS
100
AcDbLine
 10
1.2873866929133857
 20
1.0079444881889763
 30
0
 11
1.2873866929133857
 21
1.0120555118110235
 31
0
  0
LINE
  5
321
330
1A
100
AcDbEntity
  8
BLACK
  6
CONTINUOUS
100
AcDbLine
 10
1.2873866929133857
 20
1.0120555118110235
 30
0
 11
1.2884507086614172
 21
1.0160264960629921
 31
0
  0
LINE
  5
322
330
1A
100
AcDbEntity
  8
BLACK
  6
CONTINUOUS
100
AcDbLine
 10
1.2884507086614172
 20
1.0160264960629921
 30
0
 11
1.2905062598425197
 21
1.0195868110236219
 31
0
  0
LINE
  5
323
330
1A
100
AcDbEntity
  8
BLACK
  6
CONTINUOUS
100
AcDbLine
 10
1.2905062598425197
 20
1.0195868110236219
 30
0
 11
1.293413188976378
 21
1.0224937401574803
 31
0
  0
LINE
  5
324
330
1A
100
AcDbEntity
  8
BLACK
  6
CONTINUOUS
100
AcDbLine
 10
1.293413188976378
 20
1.0224937401574803
 30
0
 11
1.2969735039370078
 21
1.0245492913385827
 31
0
  0
LINE
  5
325
330
1A
100
AcDbEntity
  8
BLACK
  6
CONTINUOUS
100
AcDbLine
 10
1.2969735039370078
 20
1.0245492913385827
 30
0
 11
1.3009444881889765
 21
1.0256133070866142
 31
0
  0
LINE
  5
326
330
1A
100
AcDbEntity
  8
BLACK
  6
CONTINUOUS
100
AcDbLine
 10
1.3009444881889765
 20
1.0256133070866142
 30
0
 11
1.3019099999999999
 21
1.0256133070866142
 31
0
  0
LINE
  5
327
330
1A
100
AcDbEntity
  8
BLACK
  6
CONTINUOUS
100
AcDbLine
 10
1.3019099999999999
 20
1.0256133070866142
 30
0
 11
1.3505066141732283
 21
1.0742099212598426
 31
0
  0
LINE
  5
328
330
1A
100
AcDbEntity
  8
BLACK
  6
CONTINUOUS
100
AcDbLine
 10
1.3505066141732283
 20
1.0742099212598426
 30
0
 11
1.351668188976378
 21
1.0752285826771653
 31
0
  0
LINE
  5
329
330
1A
100
AcDbEntity
  8
BLACK
  6
CONTINUOUS
100
AcDbLine
 10
1.351668188976378
 20
1.0752285826771653
 30
0
 11
1.3543383858267717
 21
1.0767702362204725
 31
0
  0
LINE
  5
32A
330
1A
100
AcDbEntity
  8
BLACK
  6
CONTINUOUS
100
AcDbLine
 10
1.3543383858267717
 20
1.0767702362204725
 30
0
 11
1.3573166141732282
 21
1.0775682283464567
 31
0
  0
LINE
  5
32B
330
1A
100
AcDbEntity
  8
BLACK
  6
CONTINUOUS
100
AcDbLine
 10
1.3573166141732282
 20
1.0775682283464567
 30
0
 11
1.3588582677165355
 21
1.0776692913385826
 31
0
  0
LINE
  5
32C
330
1A
100
AcDbEntity
  8
BLACK
  6
CONTINUOUS
100
AcDbLine
 10
1.3588582677165355
 20
1.0776692913385826
 30
0
 11
1.5155808661417323
 21
1.0776692913385826
 31
0
  0
LINE
  5
32D
330
1A
100
AcDbEntity
  8
BLACK
  6
CONTINUOUS
100
AcDbLine
 10
1.5155808661417323
 20
1.0776692913385826
 30
0
 11
1.5162635826771653
 21
1.0783520078740156
 31
0
  0
LINE
  5
32E
330
1A
100
AcDbEntity
  8
BLACK
  6
CONTINUOUS
100
AcDbLine
 10
1.5162635826771653
 20
1.0783520078740156
 30
0
 11
1.5198238976377954
 21
1.0804075590551181
 31
0
  0
LINE
  5
32F
330
1A
100
AcDbEntity
  8
BLACK
  6
CONTINUOUS
100
AcDbLine
 10
1.5198238976377954
 20
1.0804075590551181
 30
0
 11
1.5237948818897638
 21
1.0814715748031496
 31
0
  0
LINE
  5
330
330
1A
100
AcDbEntity
  8
BLACK
  6
CONTINUOUS
100
AcDbLine
 10
1.5237948818897638
 20
1.0814715748031496
 30
0
 11
1.5279059055118109
 21
1.0814715748031496
 31
0
  0
LINE
  5
331
330
1A
100
AcDbEntity
  8
BLACK
  6
CONTINUOUS
100
AcDbLine
 10
1.5279059055118109
 20
1.0814715748031496
 30
0
 11
1.5318768897637796
 21
1.0804075590551181
 31
0
  0
LINE
  5
332
330
1A
100
AcDbEntity
  8
BLACK
  6
CONTINUOUS
100
AcDbLine
 10
2.23
 20
1.97
 30
0
 11
2.209055118110236
 21
1.97
 31
0
  0
LINE
  5
333
330
1A
100
AcDbEntity
  8
BLACK
  6
CONTINUOUS
100
AcDbLine
 10
2.209055118110236
 20
1.97
 30
0
 11
2.209055118110236
 21
1.7589726771653542
 31
0
  0
LINE
  5
334
330
1A
100
AcDbEntity
  8
BLACK
  6
CONTINUOUS
100
AcDbLine
 10
2.209055118110236
 20
1.7589726771653542
 30
0
 11
2.2101301181102362
 21
1.7583520078740158
 31
0
  0
LINE
  5
335
330
1A
100
AcDbEntity
  8
BLACK
  6
CONTINUOUS
100
AcDbLine
 10
2.2101301181102362
 20
1.7583520078740158
 30
0
 11
2.2130370472440943
 21
1.7554450787401574
 31
0
  0
LINE
  5
336
330
1A
100
AcDbEntity
  8
BLACK
  6
CONTINUOUS
100
AcDbLine
 10
2.2130370472440943
 20
1.7554450787401574
 30
0
 11
2.2134576771653545
 21
1.7547165354330709
 31
0
  0
LINE
  5
337
330
1A
100
AcDbEntity
  8
BLACK
  6
CONTINUOUS
100
AcDbLine
 10
2.2134576771653545
 20
1.7547165354330709
 30
0
 11
2.7091417322834643
 21
1.7547165354330709
 31
0
  0
LINE
  5
338
330
1A
100
AcDbEntity
  8
BLACK
  6
CONTINUOUS
100
AcDbLine
 10
2.7091417322834643
 20
1.7547165354330709
 30
0
 11
2.7108698818897636
 21
1.7545463385826772
 31
0
  0
LINE
  5
339
330
1A
100
AcDbEntity
  8
BLACK
  6
CONTINUOUS
100
AcDbLine
 10
2.7108698818897636
 20
1.7545463385826772
 30
0
 11
2.7108699212598424
 21
1.7545463385826772
 31
0
  0
LINE
  5
33A
330
1A
100
AcDbEntity
  8
BLACK
  6
CONTINUOUS
100
AcDbLine
 10
2.7108699212598424
 20
1.7545463385826772
 30
0
 11
2.7140631496062992
 21
1.7532236614173229
 31
0
  0
LINE
  5
33B
330
1A
100
AcDbEntity
  8
BLACK
  6
CONTINUOUS
100
AcDbLine
 10
2.7140631496062992
 20
1.7532236614173229
 30
0
 11
2.7154054724409447
 21
1.7521220078740156
 31
0
  0
LINE
  5
33C
330
1A
100
AcDbEntity
  8
BLACK
  6
CONTINUOUS
100
AcDbLine
 10
2.7154054724409447
 20
1.7521220078740156
 30
0
 11
2.7344744094488189
 21
1.7330530708661418
 31
0
  0
LINE
  5
33D
330
1A
100
AcDbEntity
  8
BLACK
  6
CONTINUOUS
100
AcDbLine
 10
2.7344744094488189
 20
1.7330530708661418
 30
0
 11
2.7352870078740157
 21
1.7332707874015747
 31
0
  0
LINE
  5
33E
330
1A
100
AcDbEntity
  8
BLACK
  6
CONTINUOUS
100
AcDbLine
 10
2.7352870078740157
 20
1.7332707874015747
 30
0
 11
2.7393980314960631
 21
1.7332707874015747
 31
0
  0
LINE
  5
33F
330
1A
100
AcDbEntity
  8
BLACK
  6
CONTINUOUS
100
AcDbLine
 10
2.7393980314960631
 20
1.7332707874015747
 30
0
 11
2.7433690157480313
 21
1.7322067716535432
 31
0
  0
LINE
  5
340
330
1A
100
AcDbEntity
  8
BLACK
  6
CONTINUOUS
100
AcDbLine
 10
2.7433690157480313
 20
1.7322067716535432
 30
0
 11
2.7469293307086615
 21
1.730151220472441
 31
0
  0
LINE
  5
341
330
1A
100
AcDbEntity
  8
BLACK
  6
CONTINUOUS
100
AcDbLine
 10
2.7469293307086615
 20
1.730151220472441
 30
0
 11
2.7498362598425197
 21
1.7272442913385826
 31
0
  0
LINE
  5
342
330
1A
100
AcDbEntity
  8
BLACK
  6
CONTINUOUS
100
AcDbLine
 10
2.7498362598425197
 20
1.7272442913385826
 30
0
 11
2.7518918110236221
 21
1.7236839763779528
 31
0
  0
LINE
  5
343
330
1A
100
AcDbEntity
  8
BLACK
  6
CONTINUOUS
100
AcDbLine
 10
2.7518918110236221
 20
1.7236839763779528
 30
0
 11
2.7529558267716534
 21
1.7197129921259842
 31
0
  0
LINE
  5
344
330
1A
100
AcDbEntity
  8
BLACK
  6
CONTINUOUS
100
AcDbLine
 10
2.7529558267716534
 20
1.7197129921259842
 30
0
 11
2.7529558267716534
 21
1.715601968503937
 31
0
  0
LINE
  5
345
330
1A
100
AcDbEntity
  8
BLACK
  6
CONTINUOUS
100
AcDbLine
 10
2.7529558267716534
 20
1.715601968503937
 30
0
 11
2.7527380708661418
 21
1.714789409448819
 31
0
  0
LINE
  5
346
330
1A
100
AcDbEntity
  8
BLACK
  6
CONTINUOUS
100
AcDbLine
 10
2.7527380708661418
 20
1.714789409448819
 30
0
 11
2.8062639763779527
 21
1.6612635039370078
 31
0
  0
LINE
  5
347
330
1A
100
AcDbEntity
  8
BLACK
  6
CONTINUOUS
100
AcDbLine
 10
2.8062639763779527
 20
1.6612635039370078
 30
0
 11
2.8073655905511812
 21
1.6599211811023622
 31
0
  0
LINE
  5
348
330
1A
100
AcDbEntity
  8
BLACK
  6
CONTINUOUS
100
AcDbLine
 10
2.8073655905511812
 20
1.6599211811023622
 30
0
 11
2.8073656299212599
 21
1.6599211417322834
 31
0
  0
LINE
  5
349
330
1A
100
AcDbEntity
  8
BLACK
  6
CONTINUOUS
100
AcDbLine
 10
2.8073656299212599
 20
1.6599211417322834
 30
0
 11
2.808688307086614
 21
1.6567279133858268
 31
0
  0
LINE
  5
34A
330
1A
100
AcDbEntity
  8
BLACK
  6
CONTINUOUS
100
AcDbLine
 10
2.808688307086614
 20
1.6567279133858268
 30
0
 11
2.808858503937008
 21
1.6549997637795275
 31
0
  0
LINE
  5
34B
330
1A
100
AcDbEntity
  8
BLACK
  6
CONTINUOUS
100
AcDbLine
 10
2.808858503937008
 20
1.6549997637795275
 30
0
 11
2.808858503937008
 21
1.5
 31
0
  0
LINE
  5
34C
330
1A
100
AcDbEntity
  8
BLACK
  6
CONTINUOUS
100
AcDbLine
 10
2.808858503937008
 20
1.5
 30
0
 11
2.808858503937008
 21
1.1829143700787401
 31
0
  0
LINE
  5
34D
330
1A
100
AcDbEntity
  8
BLACK
  6
CONTINUOUS
100
AcDbLine
 10
2.808858503937008
 20
1.1829143700787401
 30
0
 11
2.8095870472440945
 21
1.1824937401574802
 31
0
  0
LINE
  5
34E
330
1A
100
AcDbEntity
  8
BLACK
  6
CONTINUOUS
100
AcDbLine
 10
2.8095870472440945
 20
1.1824937401574802
 30
0
 11
2.8124939763779526
 21
1.1795868110236221
 31
0
  0
LINE
  5
34F
330
1A
100
AcDbEntity
  8
BLACK
  6
CONTINUOUS
100
AcDbLine
 10
2.8124939763779526
 20
1.1795868110236221
 30
0
 11
2.8145495275590551
 21
1.176026496062992
 31
0
  0
LINE
  5
350
330
1A
100
AcDbEntity
  8
BLACK
  6
CONTINUOUS
100
AcDbLine
 10
2.8145495275590551
 20
1.176026496062992
 30
0
 11
2.8156135433070864
 21
1.1720555118110236
 31
0
  0
LINE
  5
351
330
1A
100
AcDbEntity
  8
BLACK
  6
CONTINUOUS
100
AcDbLine
 10
2.8156135433070864
 20
1.1720555118110236
 30
0
 11
2.8156135433070864
 21
1.1679444881889764
 31
0
  0
LINE
  5
352
330
1A
100
AcDbEntity
  8
BLACK
  6
CONTINUOUS
100
AcDbLine
 10
2.8156135433070864
 20
1.1679444881889764
 30
0
 11
2.8145495275590551
 21
1.1639735039370078
 31
0
  0
LINE
  5
353
330
1A
100
AcDbEntity
  8
BLACK
  6
CONTINUOUS
100
AcDbLine
 10
2.8145495275590551
 20
1.1639735039370078
 30
0
 11
2.8124939763779526
 21
1.160413188976378
 31
0
  0
LINE
  5
354
330
1A
100
AcDbEntity
  8
BLACK
  6
CONTINUOUS
100
AcDbLine
 10
2.8124939763779526
 20
1.160413188976378
 30
0
 11
2.8095870472440945
 21
1.1575062598425196
 31
0
  0
LINE
  5
355
330
1A
100
AcDbEntity
  8
BLACK
  6
CONTINUOUS
100
AcDbLine
 10
2.8095870472440945
 20
1.1575062598425196
 30
0
 11
2.8060267322834647
 21
1.1554507086614172
 31
0
  0
LINE
  5
356
330
1A
100
AcDbEntity
  8
BLACK
  6
CONTINUOUS
100
AcDbLine
 10
2.8060267322834647
 20
1.1554507086614172
 30
0
 11
2.802055748031496
 21
1.1543866929133857
 31
0
  0
LINE
  5
357
330
1A
100
AcDbEntity
  8
BLACK
  6
CONTINUOUS
100
AcDbLine
 10
2.802055748031496
 20
1.1543866929133857
 30
0
 11
2.7979447244094486
 21
1.1543866929133857
 31
0
  0
LINE
  5
358
330
1A
100
AcDbEntity
  8
BLACK
  6
CONTINUOUS
100
AcDbLine
 10
2.7979447244094486
 20
1.1543866929133857
 30
0
 11
2.7939737401574805
 21
1.1554507086614172
 31
0
  0
LINE
  5
359
330
1A
100
AcDbEntity
  8
BLACK
  6
CONTINUOUS
100
AcDbLine
 10
2.7939737401574805
 20
1.1554507086614172
 30
0
 11
2.7904134251968502
 21
1.1575062598425196
 31
0
  0
LINE
  5
35A
330
1A
100
AcDbEntity
  8
BLACK
  6
CONTINUOUS
100
AcDbLine
 10
2.7904134251968502
 20
1.1575062598425196
 30
0
 11
2.7875064960629921
 21
1.160413188976378
 31
0
  0
LINE
  5
35B
330
1A
100
AcDbEntity
  8
BLACK
  6
CONTINUOUS
100
AcDbLine
 10
2.7875064960629921
 20
1.160413188976378
 30
0
 11
2.7854509448818896
 21
1.1639735039370078
 31
0
  0
LINE
  5
35C
330
1A
100
AcDbEntity
  8
BLACK
  6
CONTINUOUS
100
AcDbLine
 10
2.7854509448818896
 20
1.1639735039370078
 30
0
 11
2.7843869291338583
 21
1.1679444881889764
 31
0
  0
LINE
  5
35D
330
1A
100
AcDbEntity
  8
BLACK
  6
CONTINUOUS
100
AcDbLine
 10
2.7843869291338583
 20
1.1679444881889764
 30
0
 11
2.7843869291338583
 21
1.1720555118110236
 31
0
  0
LINE
  5
35E
330
1A
100
AcDbEntity
  8
BLACK
  6
CONTINUOUS
100
AcDbLine
 10
2.7843869291338583
 20
1.1720555118110236
 30
0
 11
2.7854509448818896
 21
1.176026496062992
 31
0
  0
LINE
  5
35F
330
1A
100
AcDbEntity
  8
BLACK
  6
CONTINUOUS
100
AcDbLine
 10
2.7854509448818896
 20
1.176026496062992
 30
0
 11
2.7875064960629921
 21
1.1795868110236221
 31
0
  0
LINE
  5
360
330
1A
100
AcDbEntity
  8
BLACK
  6
CONTINUOUS
100
AcDbLine
 10
2.7875064960629921
 20
1.1795868110236221
 30
0
 11
2.7904134251968502
 21
1.1824937401574802
 31
0
  0
LINE
  5
361
330
1A
100
AcDbEntity
  8
BLACK
  6
CONTINUOUS
100
AcDbLine
 10
2.7904134251968502
 20
1.1824937401574802
 30
0
 11
2.7911419685039371
 21
1.1829143700787401
 31
0
  0
LINE
  5
362
330
1A
100
AcDbEntity
  8
BLACK
  6
CONTINUOUS
100
AcDbLine
 10
2.7911419685039371
 20
1.1829143700787401
 30
0
 11
2.7911419685039371
 21
1.5
 31
0
  0
LINE
  5
363
330
1A
100
AcDbEntity
  8
BLACK
  6
CONTINUOUS
100
AcDbLine
 10
2.7911419685039371
 20
1.5
 30
0
 11
2.7911419685039371
 21
1.6513305511811023
 31
0
  0
LINE
  5
364
330
1A
100
AcDbEntity
  8
BLACK
  6
CONTINUOUS
100
AcDbLine
 10
2.7911419685039371
 20
1.6513305511811023
 30
0
 11
2.7402105905511811
 21
1.7022619291338583
 31
0
  0
LINE
  5
365
330
1A
100
AcDbEntity
  8
BLACK
  6
CONTINUOUS
100
AcDbLine
 10
2.7402105905511811
 20
1.7022619291338583
 30
0
 11
2.7393980314960631
 21
1.7020441732283464
 31
0
  0
LINE
  5
366
330
1A
100
AcDbEntity
  8
BLACK
  6
CONTINUOUS
100
AcDbLine
 10
2.7393980314960631
 20
1.7020441732283464
 30
0
 11
2.7352870078740157
 21
1.7020441732283464
 31
0
  0
LINE
  5
367
330
1A
100
AcDbEntity
  8
BLACK
  6
CONTINUOUS
100
AcDbLine
 10
2.7352870078740157
 20
1.7020441732283464
 30
0
 11
2.7313160236220471
 21
1.7031081889763779
 31
0
  0
LINE
  5
368
330
1A
100
AcDbEntity
  8
BLACK
  6
CONTINUOUS
100
AcDbLine
 10
2.7313160236220471
 20
1.7031081889763779
 30
0
 11
2.7277557086614173
 21
1.7051637401574802
 31
0
  0
LINE
  5
369
330
1A
100
AcDbEntity
  8
BLACK
  6
CONTINUOUS
100
AcDbLine
 10
2.7277557086614173
 20
1.7051637401574802
 30
0
 11
2.7248487795275591
 21
1.7080706692913386
 31
0
  0
LINE
  5
36A
330
1A
100
AcDbEntity
  8
BLACK
  6
CONTINUOUS
100
AcDbLine
 10
2.7248487795275591
 20
1.7080706692913386
 30
0
 11
2.7227932283464567
 21
1.7116309842519684
 31
0
  0
LINE
  5
36B
330
1A
100
AcDbEntity
  8
BLACK
  6
CONTINUOUS
100
AcDbLine
 10
2.7227932283464567
 20
1.7116309842519684
 30
0
 11
2.7217292125984249
 21
1.715601968503937
 31
0
  0
LINE
  5
36C
330
1A
100
AcDbEntity
  8
BLACK
  6
CONTINUOUS
100
AcDbLine
 10
2.7217292125984249
 20
1.715601968503937
 30
0
 11
2.7217292125984249
 21
1.7197129921259842
 31
0
  0
LINE
  5
36D
330
1A
100
AcDbEntity
  8
BLACK
  6
CONTINUOUS
100
AcDbLine
 10
2.7217292125984249
 20
1.7197129921259842
 30
0
 11
2.7219469291338583
 21
1.7205255905511811
 31
0
  0
LINE
  5
36E
330
1A
100
AcDbEntity
  8
BLACK
  6
CONTINUOUS
100
AcDbLine
 10
2.7219469291338583
 20
1.7205255905511811
 30
0
 11
2.7054725196850393
 21
1.7369999999999999
 31
0
  0
LINE
  5
36F
330
1A
100
AcDbEntity
  8
BLACK
  6
CONTINUOUS
100
AcDbLine
 10
2.7054725196850393
 20
1.7369999999999999
 30
0
 11
2.2134576771653545
 21
1.7369999999999999
 31
0
  0
LINE
  5
370
330
1A
100
AcDbEntity
  8
BLACK
  6
CONTINUOUS
100
AcDbLine
 10
2.2134576771653545
 20
1.7369999999999999
 30
0
 11
2.2130370472440943
 21
1.7362714566929134
 31
0
  0
LINE
  5
371
330
1A
100
AcDbEntity
  8
BLACK
  6
CONTINUOUS
100
AcDbLine
 10
2.2130370472440943
 20
1.7362714566929134
 30
0
 11
2.2101301181102362
 21
1.733364527559055
 31
0
  0
LINE
  5
372
330
1A
100
AcDbEntity
  8
BLACK
  6
CONTINUOUS
100
AcDbLine
 10
2.2101301181102362
 20
1.733364527559055
 30
0
 11
2.2065698031496064
 21
1.7313089763779528
 31
0
  0
LINE
  5
373
330
1A
100
AcDbEntity
  8
BLACK
  6
CONTINUOUS
100
AcDbLine
 10
2.2065698031496064
 20
1.7313089763779528
 30
0
 11
2.2025988188976378
 21
1.7302449606299213
 31
0
  0
LINE
  5
374
330
1A
100
AcDbEntity
  8
BLACK
  6
CONTINUOUS
100
AcDbLine
 10
2.2025988188976378
 20
1.7302449606299213
 30
0
 11
2.1984877952755904
 21
1.7302449606299213
 31
0
  0
LINE
  5
375
330
1A
100
AcDbEntity
  8
BLACK
  6
CONTINUOUS
100
AcDbLine
 10
2.1984877952755904
 20
1.7302449606299213
 30
0
 11
2.1945168110236222
 21
1.7313089763779528
 31
0
  0
LINE
  5
376
330
1A
100
AcDbEntity
  8
BLACK
  6
CONTINUOUS
100
AcDbLine
 10
2.1945168110236222
 20
1.7313089763779528
 30
0
 11
2.1909564960629919
 21
1.733364527559055
 31
0
  0
LINE
  5
377
330
1A
100
AcDbEntity
  8
BLACK
  6
CONTINUOUS
100
AcDbLine
 10
2.1909564960629919
 20
1.733364527559055
 30
0
 11
2.1880495669291338
 21
1.7362714566929134
 31
0
  0
LINE
  5
378
330
1A
100
AcDbEntity
  8
BLACK
  6
CONTINUOUS
100
AcDbLine
 10
2.1880495669291338
 20
1.7362714566929134
 30
0
 11
2.1859940157480313
 21
1.7398317716535432
 31
0
  0
LINE
  5
379
330
1A
100
AcDbEntity
  8
BLACK
  6
CONTINUOUS
100
AcDbLine
 10
2.1859940157480313
 20
1.7398317716535432
 30
0
 11
2.18493
 21
1.7438027559055118
 31
0
  0
LINE
  5
37A
330
1A
100
AcDbEntity
  8
BLACK
  6
CONTINUOUS
100
AcDbLine
 10
2.18493
 20
1.7438027559055118
 30
0
 11
2.18493
 21
1.747913779527559
 31
0
  0
LINE
  5
37B
330
1A
100
AcDbEntity
  8
BLACK
  6
CONTINUOUS
100
AcDbLine
 10
2.18493
 20
1.747913779527559
 30
0
 11
2.1859940157480313
 21
1.7518847637795276
 31
0
  0
LINE
  5
37C
330
1A
100
AcDbEntity
  8
BLACK
  6
CONTINUOUS
100
AcDbLine
 10
2.1859940157480313
 20
1.7518847637795276
 30
0
 11
2.1880495669291338
 21
1.7554450787401574
 31
0
  0
LINE
  5
37D
330
1A
100
AcDbEntity
  8
BLACK
  6
CONTINUOUS
100
AcDbLine
 10
2.1880495669291338
 20
1.7554450787401574
 30
0
 11
2.1909564960629919
 21
1.7583520078740158
 31
0
  0
LINE
  5
37E
330
1A
100
AcDbEntity
  8
BLACK
  6
CONTINUOUS
100
AcDbLine
 10
2.1909564960629919
 20
1.7583520078740158
 30
0
 11
2.1911417322834645
 21
1.7584589763779528
 31
0
  0
LINE
  5
37F
330
1A
100
AcDbEntity
  8
BLACK
  6
CONTINUOUS
100
AcDbLine
 10
2.1911417322834645
 20
1.7584589763779528
 30
0
 11
2.1911417322834645
 21
1.97
 31
0
  0
LINE
  5
380
330
1A
100
AcDbEntity
  8
BLACK
  6
CONTINUOUS
100
AcDbLine
 10
2.1911417322834645
 20
1.97
 30
0
 11
2.1699999999999999
 21
1.97
 31
0
  0
LINE
  5
381
330
1A
100
AcDbEntity
  8
BLACK
  6
CONTINUOUS
100
AcDbLine
 10
2.1699999999999999
 20
1.97
 30
0
 11
2.1699999999999999
 21
2.0299999999999998
 31
0
  0
LINE
  5
382
330
1A
100
AcDbEntity
  8
BLACK
  6
CONTINUOUS
100
AcDbLine
 10
2.1699999999999999
 20
2.0299999999999998
 30
0
 11
2.23
 21
2.0299999999999998
 31
0
  0
LINE
  5
383
330
1A
100
AcDbEntity
  8
BLACK
  6
CONTINUOUS
100
AcDbLine
 10
2.23
 20
2.0299999999999998
 30
0
 11
2.23
 21
1.97
 31
0
  0
LINE
  5
384
330
1A
100
AcDbEntity
  8
BLACK
  6
CONTINUOUS
100
AcDbLine
 10
2.1299999999999999
 20
1.97
 30
0
 11
2.0894871653543308
 21
1.97
 31
0
  0
LINE
  5
385
330
1A
100
AcDbEntity
  8
BLACK
  6
CONTINUOUS
100
AcDbLine
 10
2.0894871653543308
 20
1.97
 30
0
 11
2.086322834645669
 21
1.9668356692913385
 31
0
  0
LINE
  5
386
330
1A
100
AcDbEntity
  8
BLACK
  6
CONTINUOUS
100
AcDbLine
 10
2.086322834645669
 20
1.9668356692913385
 30
0
 11
2.086322834645669
 21
1.687779527559055
 31
0
  0
LINE
  5
387
330
1A
100
AcDbEntity
  8
BLACK
  6
CONTINUOUS
100
AcDbLine
 10
2.086322834645669
 20
1.687779527559055
 30
0
 11
2.3066969685039371
 21
1.687779527559055
 31
0
  0
LINE
  5
388
330
1A
100
AcDbEntity
  8
BLACK
  6
CONTINUOUS
100
AcDbLine
 10
2.3066969685039371
 20
1.687779527559055
 30
0
 11
2.3095168110236219
 21
1.6894075590551181
 31
0
  0
LINE
  5
389
330
1A
100
AcDbEntity
  8
BLACK
  6
CONTINUOUS
100
AcDbLine
 10
2.3095168110236219
 20
1.6894075590551181
 30
0
 11
2.3134877952755906
 21
1.6904715748031496
 31
0
  0
LINE
  5
38A
330
1A
100
AcDbEntity
  8
BLACK
  6
CONTINUOUS
100
AcDbLine
 10
2.3134877952755906
 20
1.6904715748031496
 30
0
 11
2.3175988188976375
 21
1.6904715748031496
 31
0
  0
LINE
  5
38B
330
1A
100
AcDbEntity
  8
BLACK
  6
CONTINUOUS
100
AcDbLine
 10
2.3175988188976375
 20
1.6904715748031496
 30
0
 11
2.3215698031496061
 21
1.6894075590551181
 31
0
  0
LINE
  5
38C
330
1A
100
AcDbEntity
  8
BLACK
  6
CONTINUOUS
100
AcDbLine
 10
2.3215698031496061
 20
1.6894075590551181
 30
0
 11
2.325130118110236
 21
1.6873520078740156
 31
0
  0
LINE
  5
38D
330
1A
100
AcDbEntity
  8
BLACK
  6
CONTINUOUS
100
AcDbLine
 10
2.325130118110236
 20
1.6873520078740156
 30
0
 11
2.3280370472440945
 21
1.6844450787401575
 31
0
  0
LINE
  5
38E
330
1A
100
AcDbEntity
  8
BLACK
  6
CONTINUOUS
100
AcDbLine
 10
2.3280370472440945
 20
1.6844450787401575
 30
0
 11
2.330092598425197
 21
1.6808847637795274
 31
0
  0
LINE
  5
38F
330
1A
100
AcDbEntity
  8
BLACK
  6
CONTINUOUS
100
AcDbLine
 10
2.330092598425197
 20
1.6808847637795274
 30
0
 11
2.3311566141732283
 21
1.676913779527559
 31
0
  0
LINE
  5
390
330
1A
100
AcDbEntity
  8
BLACK
  6
CONTINUOUS
100
AcDbLine
 10
2.3311566141732283
 20
1.676913779527559
 30
0
 11
2.3311566141732283
 21
1.6728027559055119
 31
0
  0
LINE
  5
391
330
1A
100
AcDbEntity
  8
BLACK
  6
CONTINUOUS
100
AcDbLine
 10
2.3311566141732283
 20
1.6728027559055119
 30
0
 11
2.330092598425197
 21
1.6688317716535432
 31
0
  0
LINE
  5
392
330
1A
100
AcDbEntity
  8
BLACK
  6
CONTINUOUS
100
AcDbLine
 10
2.330092598425197
 20
1.6688317716535432
 30
0
 11
2.3280370472440945
 21
1.6652714566929134
 31
0
  0
LINE
  5
393
330
1A
100
AcDbEntity
  8
BLACK
  6
CONTINUOUS
100
AcDbLine
 10
2.3280370472440945
 20
1.6652714566929134
 30
0
 11
2.325130118110236
 21
1.6623645275590551
 31
0
  0
LINE
  5
394
330
1A
100
AcDbEntity
  8
BLACK
  6
CONTINUOUS
100
AcDbLine
 10
2.325130118110236
 20
1.6623645275590551
 30
0
 11
2.3215698031496061
 21
1.6603089763779528
 31
0
  0
LINE
  5
395
330
1A
100
AcDbEntity
  8
BLACK
  6
CONTINUOUS
100
AcDbLine
 10
2.3215698031496061
 20
1.6603089763779528
 30
0
 11
2.3175988188976375
 21
1.6592449606299213
 31
0
  0
LINE
  5
396
330
1A
100
AcDbEntity
  8
BLACK
  6
CONTINUOUS
100
AcDbLine
 10
2.3175988188976375
 20
1.6592449606299213
 30
0
 11
2.3134877952755906
 21
1.6592449606299213
 31
0
  0
LINE
  5
397
330
1A
100
AcDbEntity
  8
BLACK
  6
CONTINUOUS
100
AcDbLine
 10
2.3134877952755906
 20
1.6592449606299213
 30
0
 11
2.3098471259842519
 21
1.6602204724409448
 31
0
  0
LINE
  5
398
330
1A
100
AcDbEntity
  8
BLACK
  6
CONTINUOUS
100
AcDbLine
 10
2.3098471259842519
 20
1.6602204724409448
 30
0
 11
2.0803597637795277
 21
1.6602204724409448
 31
0
  0
LINE
  5
399
330
1A
100
AcDbEntity
  8
BLACK
  6
CONTINUOUS
100
AcDbLine
 10
2.0803597637795277
 20
1.6602204724409448
 30
0
 11
2.0790264960629923
 21
1.6594507086614172
 31
0
  0
LINE
  5
39A
330
1A
100
AcDbEntity
  8
BLACK
  6
CONTINUOUS
100
AcDbLine
 10
2.0790264960629923
 20
1.6594507086614172
 30
0
 11
2.0750555118110237
 21
1.6583866929133857
 31
0
  0
LINE
  5
39B
330
1A
100
AcDbEntity
  8
BLACK
  6
CONTINUOUS
100
AcDbLine
 10
2.0750555118110237
 20
1.6583866929133857
 30
0
 11
2.0709444881889763
 21
1.6583866929133857
 31
0
  0
LINE
  5
39C
330
1A
100
AcDbEntity
  8
BLACK
  6
CONTINUOUS
100
AcDbLine
 10
2.0709444881889763
 20
1.6583866929133857
 30
0
 11
2.0669735039370076
 21
1.6594507086614172
 31
0
  0
LINE
  5
39D
330
1A
100
AcDbEntity
  8
BLACK
  6
CONTINUOUS
100
AcDbLine
 10
2.0669735039370076
 20
1.6594507086614172
 30
0
 11
2.0634131889763778
 21
1.6615062598425197
 31
0
  0
LINE
  5
39E
330
1A
100
AcDbEntity
  8
BLACK
  6
CONTINUOUS
100
AcDbLine
 10
2.0634131889763778
 20
1.6615062598425197
 30
0
 11
2.0605062598425197
 21
1.664413188976378
 31
0
  0
LINE
  5
39F
330
1A
100
AcDbEntity
  8
BLACK
  6
CONTINUOUS
100
AcDbLine
 10
2.0605062598425197
 20
1.664413188976378
 30
0
 11
2.0584507086614172
 21
1.6679735039370078
 31
0
  0
LINE
  5
3A0
330
1A
100
AcDbEntity
  8
BLACK
  6
CONTINUOUS
100
AcDbLine
 10
2.0584507086614172
 20
1.6679735039370078
 30
0
 11
2.0573866929133859
 21
1.6719444881889762
 31
0
  0
LINE
  5
3A1
330
1A
100
AcDbEntity
  8
BLACK
  6
CONTINUOUS
100
AcDbLine
 10
2.0573866929133859
 20
1.6719444881889762
 30
0
 11
2.0573866929133859
 21
1.6760555118110236
 31
0
  0
LINE
  5
3A2
330
1A
100
AcDbEntity
  8
BLACK
  6
CONTINUOUS
100
AcDbLine
 10
2.0573866929133859
 20
1.6760555118110236
 30
0
 11
2.0584507086614172
 21
1.680026496062992
 31
0
  0
LINE
  5
3A3
330
1A
100
AcDbEntity
  8
BLACK
  6
CONTINUOUS
100
AcDbLine
 10
2.0584507086614172
 20
1.680026496062992
 30
0
 11
2.0587637795275588
 21
1.680568779527559
 31
0
  0
LINE
  5
3A4
330
1A
100
AcDbEntity
  8
BLACK
  6
CONTINUOUS
100
AcDbLine
 10
2.0587637795275588
 20
1.680568779527559
 30
0
 11
2.0587637795275588
 21
1.9725433070866141
 31
0
  0
LINE
  5
3A5
330
1A
100
AcDbEntity
  8
BLACK
  6
CONTINUOUS
100
AcDbLine
 10
2.0587637795275588
 20
1.9725433070866141
 30
0
 11
2.058881653543307
 21
1.9743418897637794
 31
0
  0
LINE
  5
3A6
330
1A
100
AcDbEntity
  8
BLACK
  6
CONTINUOUS
100
AcDbLine
 10
2.058881653543307
 20
1.9743418897637794
 30
0
 11
2.0598126771653544
 21
1.977816496062992
 31
0
  0
LINE
  5
3A7
330
1A
100
AcDbEntity
  8
BLACK
  6
CONTINUOUS
100
AcDbLine
 10
2.0598126771653544
 20
1.977816496062992
 30
0
 11
2.0616112598425196
 21
1.9809317716535433
 31
0
  0
LINE
  5
3A8
330
1A
100
AcDbEntity
  8
BLACK
  6
CONTINUOUS
100
AcDbLine
 10
2.0616112598425196
 20
1.9809317716535433
 30
0
 11
2.0627997244094489
 21
1.9822868897637795
 31
0
  0
LINE
  5
3A9
330
1A
100
AcDbEntity
  8
BLACK
  6
CONTINUOUS
100
AcDbLine
 10
2.0627997244094489
 20
1.9822868897637795
 30
0
 11
2.0699999999999998
 21
1.9894872047244094
 31
0
  0
LINE
  5
3AA
330
1A
100
AcDbEntity
  8
BLACK
  6
CONTINUOUS
100
AcDbLine
 10
2.0699999999999998
 20
1.9894872047244094
 30
0
 11
2.0699999999999998
 21
2.0299999999999998
 31
0
  0
LINE
  5
3AB
330
1A
100
AcDbEntity
  8
BLACK
  6
CONTINUOUS
100
AcDbLine
 10
2.0699999999999998
 20
2.0299999999999998
 30
0
 11
2.1299999999999999
 21
2.0299999999999998
 31
0
  0
LINE
  5
3AC
330
1A
100
AcDbEntity
  8
BLACK
  6
CONTINUOUS
100
AcDbLine
 10
2.1299999999999999
 20
2.0299999999999998
 30
0
 11
2.1299999999999999
 21
1.97
 31
0
  0
LINE
  5
3AD
330
1A
100
AcDbEntity
  8
BLACK
  6
CONTINUOUS
100
AcDbLine
 10
2.0299999999999998
 20
1.97
 30
0
 11
1.97
 21
1.97
 31
0
  0
LINE
  5
3AE
330
1A
100
AcDbEntity
  8
BLACK
  6
CONTINUOUS
100
AcDbLine
 10
1.97
 20
1.97
 30
0
 11
1.97
 21
2.0299999999999998
 31
0
  0
LINE
  5
3AF
330
1A
100
AcDbEntity
  8
BLACK
  6
CONTINUOUS
100
AcDbLine
 10
1.97
 20
2.0299999999999998
 30
0
 11
2.0299999999999998
 21
2.0299999999999998
 31
0
  0
LINE
  5
3B0
330
1A
100
AcDbEntity
  8
BLACK
  6
CONTINUOUS
100
AcDbLine
 10
2.0299999999999998
 20
2.0299999999999998
 30
0
 11
2.0299999999999998
 21
1.97
 31
0
  0
LINE
  5
3B1
330
1A
100
AcDbEntity
  8
BLACK
  6
CONTINUOUS
100
AcDbLine
 10
2.0299999999999998
 20
2.0699999999999998
 30
0
 11
1.97
 21
2.0699999999999998
 31
0
  0
LINE
  5
3B2
330
1A
100
AcDbEntity
  8
BLACK
  6
CONTINUOUS
100
AcDbLine
 10
1.97
 20
2.0699999999999998
 30
0
 11
1.97
 21
2.1299999999999999
 31
0
  0
LINE
  5
3B3
330
1A
100
AcDbEntity
  8
BLACK
  6
CONTINUOUS
100
AcDbLine
 10
1.97
 20
2.1299999999999999
 30
0
 11
2.0299999999999998
 21
2.1299999999999999
 31
0
  0
LINE
  5
3B4
330
1A
100
AcDbEntity
  8
BLACK
  6
CONTINUOUS
100
AcDbLine
 10
2.0299999999999998
 20
2.1299999999999999
 30
0
 11
2.0299999999999998
 21
2.0699999999999998
 31
0
  0
LINE
  5
3B5
330
1A
100
AcDbEntity
  8
BLACK
  6
CONTINUOUS
100
AcDbLine
 10
2.1299999999999999
 20
2.0699999999999998
 30
0
 11
2.0699999999999998
 21
2.0699999999999998
 31
0
  0
LINE
  5
3B6
330
1A
100
AcDbEntity
  8
BLACK
  6
CONTINUOUS
100
AcDbLine
 10
2.0699999999999998
 20
2.0699999999999998
 30
0
 11
2.0699999999999998
 21
2.1299999999999999
 31
0
  0
LINE
  5
3B7
330
1A
100
AcDbEntity
  8
BLACK
  6
CONTINUOUS
100
AcDbLine
 10
2.0699999999999998
 20
2.1299999999999999
 30
0
 11
2.1299999999999999
 21
2.1299999999999999
 31
0
  0
LINE
  5
3B8
330
1A
100
AcDbEntity
  8
BLACK
  6
CONTINUOUS
100
AcDbLine
 10
2.1299999999999999
 20
2.1299999999999999
 30
0
 11
2.1299999999999999
 21
2.0699999999999998
 31
0
  0
LINE
  5
3B9
330
1A
100
AcDbEntity
  8
BLACK
  6
CONTINUOUS
100
AcDbLine
 10
2.23
 20
2.0699999999999998
 30
0
 11
2.1699999999999999
 21
2.0699999999999998
 31
0
  0
LINE
  5
3BA
330
1A
100
AcDbEntity
  8
BLACK
  6
CONTINUOUS
100
AcDbLine
 10
2.1699999999999999
 20
2.0699999999999998
 30
0
 11
2.1699999999999999
 21
2.1299999999999999
 31
0
  0
LINE
  5
3BB
330
1A
100
AcDbEntity
  8
BLACK
  6
CONTINUOUS
100
AcDbLine
 10
2.1699999999999999
 20
2.1299999999999999
 30
0
 11
2.23
 21
2.1299999999999999
 31
0
  0
LINE
  5
3BC
330
1A
100
AcDbEntity
  8
BLACK
  6
CONTINUOUS
100
AcDbLine
 10
2.23
 20
2.1299999999999999
 30
0
 11
2.23
 21
2.0699999999999998
 31
0
  0
LINE
  5
3BD
330
1A
100
AcDbEntity
  8
BLACK
  6
CONTINUOUS
100
AcDbLine
 10
2.9318309842519685
 20
1.4380829921259841
 30
0
 11
2.9364975196850391
 21
1.4357496850393701
 31
0
  0
LINE
  5
3BE
330
1A
100
AcDbEntity
  8
BLACK
  6
CONTINUOUS
100
AcDbLine
 10
2.9364975196850391
 20
1.4357496850393701
 30
0
 11
2.9384060629921258
 21
1.4338411811023621
 31
0
  0
LINE
  5
3BF
330
1A
100
AcDbEntity
  8
BLACK
  6
CONTINUOUS
100
AcDbLine
 10
2.9384060629921258
 20
1.4338411811023621
 30
0
 11
2.9405168503937009
 21
1.4296196062992126
 31
0
  0
LINE
  5
3C0
330
1A
100
AcDbEntity
  8
BLACK
  6
CONTINUOUS
100
AcDbLine
 10
2.9405168503937009
 20
1.4296196062992126
 30
0
 11
2.9405168503937009
 21
1.425854094488189
 31
0
  0
LINE
  5
3C1
330
1A
100
AcDbEntity
  8
BLACK
  6
CONTINUOUS
100
AcDbLine
 10
2.9405168503937009
 20
1.425854094488189
 30
0
 11
2.9384060236220471
 21
1.4216324803149607
 31
0
  0
LINE
  5
3C2
330
1A
100
AcDbEntity
  8
BLACK
  6
CONTINUOUS
100
AcDbLine
 10
2.9384060236220471
 20
1.4216324803149607
 30
0
 11
2.9364975196850391
 21
1.4197239763779528
 31
0
  0
LINE
  5
3C3
330
1A
100
AcDbEntity
  8
BLACK
  6
CONTINUOUS
100
AcDbLine
 10
2.9364975196850391
 20
1.4197239763779528
 30
0
 11
2.9318309842519685
 21
1.4173906692913385
 31
0
  0
LINE
  5
3C4
330
1A
100
AcDbEntity
  8
BLACK
  6
CONTINUOUS
100
AcDbLine
 10
2.9318309842519685
 20
1.4173906692913385
 30
0
 11
2.9214720866141732
 21
1.4148009448818897
 31
0
  0
LINE
  5
3C5
330
1A
100
AcDbEntity
  8
BLACK
  6
CONTINUOUS
100
AcDbLine
 10
2.9214720866141732
 20
1.4148009448818897
 30
0
 11
2.9083805511811023
 21
1.4148009448818897
 31
0
  0
LINE
  5
3C6
330
1A
100
AcDbEntity
  8
BLACK
  6
CONTINUOUS
100
AcDbLine
 10
2.9083805511811023
 20
1.4148009448818897
 30
0
 11
2.8980215354330707
 21
1.4173906692913385
 31
0
  0
LINE
  5
3C7
330
1A
100
AcDbEntity
  8
BLACK
  6
CONTINUOUS
100
AcDbLine
 10
2.8980215354330707
 20
1.4173906692913385
 30
0
 11
2.8933550787401576
 21
1.419723937007874
 31
0
  0
LINE
  5
3C8
330
1A
100
AcDbEntity
  8
BLACK
  6
CONTINUOUS
100
AcDbLine
 10
2.8933550787401576
 20
1.419723937007874
 30
0
 11
2.891446535433071
 21
1.4216325196850392
 31
0
  0
LINE
  5
3C9
330
1A
100
AcDbEntity
  8
BLACK
  6
CONTINUOUS
100
AcDbLine
 10
2.891446535433071
 20
1.4216325196850392
 30
0
 11
2.8893357480314958
 21
1.425854094488189
 31
0
  0
LINE
  5
3CA
330
1A
100
AcDbEntity
  8
BLACK
  6
CONTINUOUS
100
AcDbLine
 10
2.8893357480314958
 20
1.425854094488189
 30
0
 11
2.8893357480314958
 21
1.4296195275590551
 31
0
  0
LINE
  5
3CB
330
1A
100
AcDbEntity
  8
BLACK
  6
CONTINUOUS
100
AcDbLine
 10
2.8893357480314958
 20
1.4296195275590551
 30
0
 11
2.8914465748031497
 21
1.4338411811023621
 31
0
  0
LINE
  5
3CC
330
1A
100
AcDbEntity
  8
BLACK
  6
CONTINUOUS
100
AcDbLine
 10
2.8914465748031497
 20
1.4338411811023621
 30
0
 11
2.8933550787401576
 21
1.4357497244094488
 31
0
  0
LINE
  5
3CD
330
1A
100
AcDbEntity
  8
BLACK
  6
CONTINUOUS
100
AcDbLine
 10
2.8933550787401576
 20
1.4357497244094488
 30
0
 11
2.898021496062992
 21
1.4380829527559056
 31
0
  0
LINE
  5
3CE
330
1A
100
AcDbEntity
  8
BLACK
  6
CONTINUOUS
100
AcDbLine
 10
2.898021496062992
 20
1.4380829527559056
 30
0
 11
2.9083805511811023
 21
1.4406727165354329
 31
0
  0
LINE
  5
3CF
330
1A
100
AcDbEntity
  8
BLACK
  6
CONTINUOUS
100
AcDbLine
 10
2.9083805511811023
 20
1.4406727165354329
 30
0
 11
2.9214720472440945
 21
1.4406727165354329
 31
0
  0
LINE
  5
3D0
330
1A
100
AcDbEntity
  8
BLACK
  6
CONTINUOUS
100
AcDbLine
 10
2.9214720472440945
 20
1.4406727165354329
 30
0
 11
2.9318309842519685
 21
1.4380829921259841
 31
0
  0
LINE
  5
3D1
330
1A
100
AcDbEntity
  8
BLACK
  6
CONTINUOUS
100
AcDbLine
 10
2.9364974015748029
 20
1.5510478346456693
 30
0
 11
2.9384060629921258
 21
1.5491391732283464
 31
0
  0
LINE
  5
3D2
330
1A
100
AcDbEntity
  8
BLACK
  6
CONTINUOUS
100
AcDbLine
 10
2.9384060629921258
 20
1.5491391732283464
 30
0
 11
2.9405168503937009
 21
1.5449176377952756
 31
0
  0
LINE
  5
3D3
330
1A
100
AcDbEntity
  8
BLACK
  6
CONTINUOUS
100
AcDbLine
 10
2.9405168503937009
 20
1.5449176377952756
 30
0
 11
2.9405168503937009
 21
1.5355278346456693
 31
0
  0
LINE
  5
3D4
330
1A
100
AcDbEntity
  8
BLACK
  6
CONTINUOUS
100
AcDbLine
 10
2.9405168503937009
 20
1.5355278346456693
 30
0
 11
2.9384060629921258
 21
1.5313062992125983
 31
0
  0
LINE
  5
3D5
330
1A
100
AcDbEntity
  8
BLACK
  6
CONTINUOUS
100
AcDbLine
 10
2.9384060629921258
 20
1.5313062992125983
 30
0
 11
2.9364974015748029
 21
1.5293976377952756
 31
0
  0
LINE
  5
3D6
330
1A
100
AcDbEntity
  8
BLACK
  6
CONTINUOUS
100
AcDbLine
 10
2.9364974015748029
 20
1.5293976377952756
 30
0
 11
2.9322758661417323
 21
1.5272868503937007
 31
0
  0
LINE
  5
3D7
330
1A
100
AcDbEntity
  8
BLACK
  6
CONTINUOUS
100
AcDbLine
 10
2.9322758661417323
 20
1.5272868503937007
 30
0
 11
2.9200739370078739
 21
1.5272868503937007
 31
0
  0
LINE
  5
3D8
330
1A
100
AcDbEntity
  8
BLACK
  6
CONTINUOUS
100
AcDbLine
 10
2.9200739370078739
 20
1.5272868503937007
 30
0
 11
2.9158523622047245
 21
1.5293976377952756
 31
0
  0
LINE
  5
3D9
330
1A
100
AcDbEntity
  8
BLACK
  6
CONTINUOUS
100
AcDbLine
 10
2.9158523622047245
 20
1.5293976377952756
 30
0
 11
2.9139437007874016
 21
1.5313062992125983
 31
0
  0
LINE
  5
3DA
330
1A
100
AcDbEntity
  8
BLACK
  6
CONTINUOUS
100
AcDbLine
 10
2.9139437007874016
 20
1.5313062992125983
 30
0
 11
2.9118329527559053
 21
1.5355278346456693
 31
0
  0
LINE
  5
3DB
330
1A
100
AcDbEntity
  8
BLACK
  6
CONTINUOUS
100
AcDbLine
 10
2.9118329527559053
 20
1.5355278346456693
 30
0
 11
2.9118329527559053
 21
1.5449176377952756
 31
0
  0
LINE
  5
3DC
330
1A
100
AcDbEntity
  8
BLACK
  6
CONTINUOUS
100
AcDbLine
 10
2.9118329527559053
 20
1.5449176377952756
 30
0
 11
2.9139437007874016
 21
1.5491391732283464
 31
0
  0
LINE
  5
3DD
330
1A
100
AcDbEntity
  8
BLACK
  6
CONTINUOUS
100
AcDbLine
 10
2.9139437007874016
 20
1.5491391732283464
 30
0
 11
2.9158523622047245
 21
1.5510478346456693
 31
0
  0
LINE
  5
3DE
330
1A
100
AcDbEntity
  8
BLACK
  6
CONTINUOUS
100
AcDbLine
 10
2.9158523622047245
 20
1.5510478346456693
 30
0
 11
2.9200739370078739
 21
1.553158622047244
 31
0
  0
LINE
  5
3DF
330
1A
100
AcDbEntity
  8
BLACK
  6
CONTINUOUS
100
AcDbLine
 10
2.9200739370078739
 20
1.553158622047244
 30
0
 11
2.9322758267716535
 21
1.553158622047244
 31
0
  0
LINE
  5
3E0
330
1A
100
AcDbEntity
  8
BLACK
  6
CONTINUOUS
100
AcDbLine
 10
2.9322758267716535
 20
1.553158622047244
 30
0
 11
2.9364974015748029
 21
1.5510478346456693
 31
0
  0
LINE
  5
3E1
330
1A
100
AcDbEntity
  8
BLACK
  6
CONTINUOUS
100
AcDbLine
 10
1.8299999999999998
 20
2.0699999999999998
 30
0
 11
1.7825274803149607
 21
2.0699999999999998
 31
0
  0
LINE
  5
3E2
330
1A
100
AcDbEntity
  8
BLACK
  6
CONTINUOUS
100
AcDbLine
 10
1.7825274803149607
 20
2.0699999999999998
 30
0
 11
1.7574015748031495
 21
2.0448740944881889
 31
0
  0
LINE
  5
3E3
330
1A
100
AcDbEntity
  8
BLACK
  6
CONTINUOUS
100
AcDbLine
 10
1.7574015748031495
 20
2.0448740944881889
 30
0
 11
1.7574015748031495
 21
1.8188582677165355
 31
0
  0
LINE
  5
3E4
330
1A
100
AcDbEntity
  8
BLACK
  6
CONTINUOUS
100
AcDbLine
 10
1.7574015748031495
 20
1.8188582677165355
 30
0
 11
1.757231377952756
 21
1.8171301181102362
 31
0
  0
LINE
  5
3E5
330
1A
100
AcDbEntity
  8
BLACK
  6
CONTINUOUS
100
AcDbLine
 10
1.757231377952756
 20
1.8171301181102362
 30
0
 11
1.757231377952756
 21
1.8171300787401574
 31
0
  0
LINE
  5
3E6
330
1A
100
AcDbEntity
  8
BLACK
  6
CONTINUOUS
100
AcDbLine
 10
1.757231377952756
 20
1.8171300787401574
 30
0
 11
1.7559087007874015
 21
1.8139368897637795
 31
0
  0
LINE
  5
3E7
330
1A
100
AcDbEntity
  8
BLACK
  6
CONTINUOUS
100
AcDbLine
 10
1.7559087007874015
 20
1.8139368897637795
 30
0
 11
1.7548070472440944
 21
1.8125945275590551
 31
0
  0
LINE
  5
3E8
330
1A
100
AcDbEntity
  8
BLACK
  6
CONTINUOUS
100
AcDbLine
 10
1.7548070472440944
 20
1.8125945275590551
 30
0
 11
1.6878070472440945
 21
1.745594527559055
 31
0
  0
LINE
  5
3E9
330
1A
100
AcDbEntity
  8
BLACK
  6
CONTINUOUS
100
AcDbLine
 10
1.6878070472440945
 20
1.745594527559055
 30
0
 11
1.6864647244094488
 21
1.7444928740157479
 31
0
  0
LINE
  5
3EA
330
1A
100
AcDbEntity
  8
BLACK
  6
CONTINUOUS
100
AcDbLine
 10
1.6864647244094488
 20
1.7444928740157479
 30
0
 11
1.683271496062992
 21
1.7431701968503936
 31
0
  0
LINE
  5
3EB
330
1A
100
AcDbEntity
  8
BLACK
  6
CONTINUOUS
100
AcDbLine
 10
1.683271496062992
 20
1.7431701968503936
 30
0
 11
1.6832714566929134
 21
1.7431701968503936
 31
0
  0
LINE
  5
3EC
330
1A
100
AcDbEntity
  8
BLACK
  6
CONTINUOUS
100
AcDbLine
 10
1.6832714566929134
 20
1.7431701968503936
 30
0
 11
1.6815433070866141
 21
1.7429999999999999
 31
0
  0
LINE
  5
3ED
330
1A
100
AcDbEntity
  8
BLACK
  6
CONTINUOUS
100
AcDbLine
 10
1.6815433070866141
 20
1.7429999999999999
 30
0
 11
1.5894576771653544
 21
1.7429999999999999
 31
0
  0
LINE
  5
3EE
330
1A
100
AcDbEntity
  8
BLACK
  6
CONTINUOUS
100
AcDbLine
 10
1.5894576771653544
 20
1.7429999999999999
 30
0
 11
1.5890370472440944
 21
1.7422714566929134
 31
0
  0
LINE
  5
3EF
330
1A
100
AcDbEntity
  8
BLACK
  6
CONTINUOUS
100
AcDbLine
 10
1.5890370472440944
 20
1.7422714566929134
 30
0
 11
1.5861301181102361
 21
1.739364527559055
 31
0
  0
LINE
  5
3F0
330
1A
100
AcDbEntity
  8
BLACK
  6
CONTINUOUS
100
AcDbLine
 10
1.5861301181102361
 20
1.739364527559055
 30
0
 11
1.5825698031496063
 21
1.7373089763779528
 31
0
  0
LINE
  5
3F1
330
1A
100
AcDbEntity
  8
BLACK
  6
CONTINUOUS
100
AcDbLine
 10
1.5825698031496063
 20
1.7373089763779528
 30
0
 11
1.5785988188976379
 21
1.7362449606299213
 31
0
  0
LINE
  5
3F2
330
1A
100
AcDbEntity
  8
BLACK
  6
CONTINUOUS
100
AcDbLine
 10
1.5785988188976379
 20
1.7362449606299213
 30
0
 11
1.5744877952755905
 21
1.7362449606299213
 31
0
  0
LINE
  5
3F3
330
1A
100
AcDbEntity
  8
BLACK
  6
CONTINUOUS
100
AcDbLine
 10
1.5744877952755905
 20
1.7362449606299213
 30
0
 11
1.5705168110236221
 21
1.7373089763779528
 31
0
  0
LINE
  5
3F4
330
1A
100
AcDbEntity
  8
BLACK
  6
CONTINUOUS
100
AcDbLine
 10
1.5705168110236221
 20
1.7373089763779528
 30
0
 11
1.566956496062992
 21
1.739364527559055
 31
0
  0
LINE
  5
3F5
330
1A
100
AcDbEntity
  8
BLACK
  6
CONTINUOUS
100
AcDbLine
 10
1.566956496062992
 20
1.739364527559055
 30
0
 11
1.5640495669291339
 21
1.7422714566929134
 31
0
  0
LINE
  5
3F6
330
1A
100
AcDbEntity
  8
BLACK
  6
CONTINUOUS
100
AcDbLine
 10
1.5640495669291339
 20
1.7422714566929134
 30
0
 11
1.5619940157480314
 21
1.7458317716535432
 31
0
  0
LINE
  5
3F7
330
1A
100
AcDbEntity
  8
BLACK
  6
CONTINUOUS
100
AcDbLine
 10
1.5619940157480314
 20
1.7458317716535432
 30
0
 11
1.5609299999999999
 21
1.7498027559055118
 31
0
  0
LINE
  5
3F8
330
1A
100
AcDbEntity
  8
BLACK
  6
CONTINUOUS
100
AcDbLine
 10
1.5609299999999999
 20
1.7498027559055118
 30
0
 11
1.5609299999999999
 21
1.753913779527559
 31
0
  0
LINE
  5
3F9
330
1A
100
AcDbEntity
  8
BLACK
  6
CONTINUOUS
100
AcDbLine
 10
1.5609299999999999
 20
1.753913779527559
 30
0
 11
1.5619940157480314
 21
1.7578847637795276
 31
0
  0
LINE
  5
3FA
330
1A
100
AcDbEntity
  8
BLACK
  6
CONTINUOUS
100
AcDbLine
 10
1.5619940157480314
 20
1.7578847637795276
 30
0
 11
1.5640495669291339
 21
1.7614450787401574
 31
0
  0
LINE
  5
3FB
330
1A
100
AcDbEntity
  8
BLACK
  6
CONTINUOUS
100
AcDbLine
 10
1.5640495669291339
 20
1.7614450787401574
 30
0
 11
1.566956496062992
 21
1.7643520078740158
 31
0
  0
LINE
  5
3FC
330
1A
100
AcDbEntity
  8
BLACK
  6
CONTINUOUS
100
AcDbLine
 10
1.566956496062992
 20
1.7643520078740158
 30
0
 11
1.5705168110236221
 21
1.766407559055118
 31
0
  0
LINE
  5
3FD
330
1A
100
AcDbEntity
  8
BLACK
  6
CONTINUOUS
100
AcDbLine
 10
1.5705168110236221
 20
1.766407559055118
 30
0
 11
1.5744877952755905
 21
1.7674715748031495
 31
0
  0
LINE
  5
3FE
330
1A
100
AcDbEntity
  8
BLACK
  6
CONTINUOUS
100
AcDbLine
 10
1.5744877952755905
 20
1.7674715748031495
 30
0
 11
1.5785988188976379
 21
1.7674715748031495
 31
0
  0
LINE
  5
3FF
330
1A
100
AcDbEntity
  8
BLACK
  6
CONTINUOUS
100
AcDbLine
 10
1.5785988188976379
 20
1.7674715748031495
 30
0
 11
1.5825698031496063
 21
1.766407559055118
 31
0
  0
LINE
  5
400
330
1A
100
AcDbEntity
  8
BLACK
  6
CONTINUOUS
100
AcDbLine
 10
1.5825698031496063
 20
1.766407559055118
 30
0
 11
1.5861301181102361
 21
1.7643520078740158
 31
0
  0
LINE
  5
401
330
1A
100
AcDbEntity
  8
BLACK
  6
CONTINUOUS
100
AcDbLine
 10
1.5861301181102361
 20
1.7643520078740158
 30
0
 11
1.5890370472440944
 21
1.7614450787401574
 31
0
  0
LINE
  5
402
330
1A
100
AcDbEntity
  8
BLACK
  6
CONTINUOUS
100
AcDbLine
 10
1.5890370472440944
 20
1.7614450787401574
 30
0
 11
1.5894576771653544
 21
1.7607165354330707
 31
0
  0
LINE
  5
403
330
1A
100
AcDbEntity
  8
BLACK
  6
CONTINUOUS
100
AcDbLine
 10
1.5894576771653544
 20
1.7607165354330707
 30
0
 11
1.6778740944881889
 21
1.7607165354330707
 31
0
  0
LINE
  5
404
330
1A
100
AcDbEntity
  8
BLACK
  6
CONTINUOUS
100
AcDbLine
 10
1.6778740944881889
 20
1.7607165354330707
 30
0
 11
1.7396850393700787
 21
1.8225274803149605
 31
0
  0
LINE
  5
405
330
1A
100
AcDbEntity
  8
BLACK
  6
CONTINUOUS
100
AcDbLine
 10
1.7396850393700787
 20
1.8225274803149605
 30
0
 11
1.7396850393700787
 21
2.0485433070866139
 31
0
  0
LINE
  5
406
330
1A
100
AcDbEntity
  8
BLACK
  6
CONTINUOUS
100
AcDbLine
 10
1.7396850393700787
 20
2.0485433070866139
 30
0
 11
1.7398552362204724
 21
2.0502714566929132
 31
0
  0
LINE
  5
407
330
1A
100
AcDbEntity
  8
BLACK
  6
CONTINUOUS
100
AcDbLine
 10
1.7398552362204724
 20
2.0502714566929132
 30
0
 11
1.7399771653543308
 21
2.0505657874015748
 31
0
  0
LINE
  5
408
330
1A
100
AcDbEntity
  8
BLACK
  6
CONTINUOUS
100
AcDbLine
 10
1.7399771653543308
 20
2.0505657874015748
 30
0
 11
1.7411779133858267
 21
2.0534647244094488
 31
0
  0
LINE
  5
409
330
1A
100
AcDbEntity
  8
BLACK
  6
CONTINUOUS
100
AcDbLine
 10
1.7411779133858267
 20
2.0534647244094488
 30
0
 11
1.7422795669291338
 21
2.0548070472440942
 31
0
  0
LINE
  5
40A
330
1A
100
AcDbEntity
  8
BLACK
  6
CONTINUOUS
100
AcDbLine
 10
1.7422795669291338
 20
2.0548070472440942
 30
0
 11
1.77
 21
2.0825274803149605
 31
0
  0
LINE
  5
40B
330
1A
100
AcDbEntity
  8
BLACK
  6
CONTINUOUS
100
AcDbLine
 10
1.77
 20
2.0825274803149605
 30
0
 11
1.77
 21
2.1299999999999999
 31
0
  0
LINE
  5
40C
330
1A
100
AcDbEntity
  8
BLACK
  6
CONTINUOUS
100
AcDbLine
 10
1.77
 20
2.1299999999999999
 30
0
 11
1.8299999999999998
 21
2.1299999999999999
 31
0
  0
LINE
  5
40D
330
1A
100
AcDbEntity
  8
BLACK
  6
CONTINUOUS
100
AcDbLine
 10
1.8299999999999998
 20
2.1299999999999999
 30
0
 11
1.8299999999999998
 21
2.0699999999999998
 31
0
  0
LINE
  5
40E
330
1A
100
AcDbEntity
  8
BLACK
  6
CONTINUOUS
100
AcDbLine
 10
1.03
 20
1.97
 30
0
 11
0.97
 21
1.97
 31
0
  0
LINE
  5
40F
330
1A
100
AcDbEntity
  8
BLACK
  6
CONTINUOUS
100
AcDbLine
 10
0.97
 20
1.97
 30
0
 11
0.97
 21
2.0299999999999998
 31
0
  0
LINE
  5
410
330
1A
100
AcDbEntity
  8
BLACK
  6
CONTINUOUS
100
AcDbLine
 10
0.97
 20
2.0299999999999998
 30
0
 11
1.03
 21
2.0299999999999998
 31
0
  0
LINE
  5
411
330
1A
100
AcDbEntity
  8
BLACK
  6
CONTINUOUS
100
AcDbLine
 10
1.03
 20
2.0299999999999998
 30
0
 11
1.03
 21
1.97
 31
0
  0
LINE
  5
412
330
1A
100
AcDbEntity
  8
BLACK
  6
CONTINUOUS
100
AcDbLine
 10
1.1299999999999999
 20
1.97
 30
0
 11
1.0700000000000001
 21
1.97
 31
0
  0
LINE
  5
413
330
1A
100
AcDbEntity
  8
BLACK
  6
CONTINUOUS
100
AcDbLine
 10
1.0700000000000001
 20
1.97
 30
0
 11
1.0700000000000001
 21
2.0299999999999998
 31
0
  0
LINE
  5
414
330
1A
100
AcDbEntity
  8
BLACK
  6
CONTINUOUS
100
AcDbLine
 10
1.0700000000000001
 20
2.0299999999999998
 30
0
 11
1.1299999999999999
 21
2.0299999999999998
 31
0
  0
LINE
  5
415
330
1A
100
AcDbEntity
  8
BLACK
  6
CONTINUOUS
100
AcDbLine
 10
1.1299999999999999
 20
2.0299999999999998
 30
0
 11
1.1299999999999999
 21
1.97
 31
0
  0
LINE
  5
416
330
1A
100
AcDbEntity
  8
BLACK
  6
CONTINUOUS
100
AcDbLine
 10
1.23
 20
1.97
 30
0
 11
1.1699999999999999
 21
1.97
 31
0
  0
LINE
  5
417
330
1A
100
AcDbEntity
  8
BLACK
  6
CONTINUOUS
100
AcDbLine
 10
1.1699999999999999
 20
1.97
 30
0
 11
1.1699999999999999
 21
2.0299999999999998
 31
0
  0
LINE
  5
418
330
1A
100
AcDbEntity
  8
BLACK
  6
CONTINUOUS
100
AcDbLine
 10
1.1699999999999999
 20
2.0299999999999998
 30
0
 11
1.23
 21
2.0299999999999998
 31
0
  0
LINE
  5
419
330
1A
100
AcDbEntity
  8
BLACK
  6
CONTINUOUS
100
AcDbLine
 10
1.23
 20
2.0299999999999998
 30
0
 11
1.23
 21
1.97
 31
0
  0
LINE
  5
41A
330
1A
100
AcDbEntity
  8
BLACK
  6
CONTINUOUS
100
AcDbLine
 10
1.3300000000000001
 20
1.97
 30
0
 11
1.27
 21
1.97
 31
0
  0
LINE
  5
41B
330
1A
100
AcDbEntity
  8
BLACK
  6
CONTINUOUS
100
AcDbLine
 10
1.27
 20
1.97
 30
0
 11
1.27
 21
2.0299999999999998
 31
0
  0
LINE
  5
41C
330
1A
100
AcDbEntity
  8
BLACK
  6
CONTINUOUS
100
AcDbLine
 10
1.27
 20
2.0299999999999998
 30
0
 11
1.3300000000000001
 21
2.0299999999999998
 31
0
  0
LINE
  5
41D
330
1A
100
AcDbEntity
  8
BLACK
  6
CONTINUOUS
100
AcDbLine
 10
1.3300000000000001
 20
2.0299999999999998
 30
0
 11
1.3300000000000001
 21
1.97
 31
0
  0
LINE
  5
41E
330
1A
100
AcDbEntity
  8
BLACK
  6
CONTINUOUS
100
AcDbLine
 10
1.4299999999999999
 20
1.97
 30
0
 11
1.3699999999999999
 21
1.97
 31
0
  0
LINE
  5
41F
330
1A
100
AcDbEntity
  8
BLACK
  6
CONTINUOUS
100
AcDbLine
 10
1.3699999999999999
 20
1.97
 30
0
 11
1.3699999999999999
 21
2.0299999999999998
 31
0
  0
LINE
  5
420
330
1A
100
AcDbEntity
  8
BLACK
  6
CONTINUOUS
100
AcDbLine
 10
1.3699999999999999
 20
2.0299999999999998
 30
0
 11
1.4299999999999999
 21
2.0299999999999998
 31
0
  0
LINE
  5
421
330
1A
100
AcDbEntity
  8
BLACK
  6
CONTINUOUS
100
AcDbLine
 10
1.4299999999999999
 20
2.0299999999999998
 30
0
 11
1.4299999999999999
 21
1.97
 31
0
  0
LINE
  5
422
330
1A
100
AcDbEntity
  8
BLACK
  6
CONTINUOUS
100
AcDbLine
 10
1.53
 20
1.97
 30
0
 11
1.47
 21
1.97
 31
0
  0
LINE
  5
423
330
1A
100
AcDbEntity
  8
BLACK
  6
CONTINUOUS
100
AcDbLine
 10
1.47
 20
1.97
 30
0
 11
1.47
 21
2.0299999999999998
 31
0
  0
LINE
  5
424
330
1A
100
AcDbEntity
  8
BLACK
  6
CONTINUOUS
100
AcDbLine
 10
1.47
 20
2.0299999999999998
 30
0
 11
1.53
 21
2.0299999999999998
 31
0
  0
LINE
  5
425
330
1A
100
AcDbEntity
  8
BLACK
  6
CONTINUOUS
100
AcDbLine
 10
1.53
 20
2.0299999999999998
 30
0
 11
1.53
 21
1.97
 31
0
  0
LINE
  5
426
330
1A
100
AcDbEntity
  8
BLACK
  6
CONTINUOUS
100
AcDbLine
 10
1.6299999999999999
 20
1.97
 30
0
 11
1.5700000000000001
 21
1.97
 31
0
  0
LINE
  5
427
330
1A
100
AcDbEntity
  8
BLACK
  6
CONTINUOUS
100
AcDbLine
 10
1.5700000000000001
 20
1.97
 30
0
 11
1.5700000000000001
 21
2.0299999999999998
 31
0
  0
LINE
  5
428
330
1A
100
AcDbEntity
  8
BLACK
  6
CONTINUOUS
100
AcDbLine
 10
1.5700000000000001
 20
2.0299999999999998
 30
0
 11
1.6299999999999999
 21
2.0299999999999998
 31
0
  0
LINE
  5
429
330
1A
100
AcDbEntity
  8
BLACK
  6
CONTINUOUS
100
AcDbLine
 10
1.6299999999999999
 20
2.0299999999999998
 30
0
 11
1.6299999999999999
 21
1.97
 31
0
  0
LINE
  5
42A
330
1A
100
AcDbEntity
  8
BLACK
  6
CONTINUOUS
100
AcDbLine
 10
1.73
 20
1.97
 30
0
 11
1.6699999999999999
 21
1.97
 31
0
  0
LINE
  5
42B
330
1A
100
AcDbEntity
  8
BLACK
  6
CONTINUOUS
100
AcDbLine
 10
1.6699999999999999
 20
1.97
 30
0
 11
1.6699999999999999
 21
2.0299999999999998
 31
0
  0
LINE
  5
42C
330
1A
100
AcDbEntity
  8
BLACK
  6
CONTINUOUS
100
AcDbLine
 10
1.6699999999999999
 20
2.0299999999999998
 30
0
 11
1.73
 21
2.0299999999999998
 31
0
  0
LINE
  5
42D
330
1A
100
AcDbEntity
  8
BLACK
  6
CONTINUOUS
100
AcDbLine
 10
1.73
 20
2.0299999999999998
 30
0
 11
1.73
 21
1.97
 31
0
  0
LINE
  5
42E
330
1A
100
AcDbEntity
  8
BLACK
  6
CONTINUOUS
100
AcDbLine
 10
1.8299999999999998
 20
1.97
 30
0
 11
1.77
 21
1.97
 31
0
  0
LINE
  5
42F
330
1A
100
AcDbEntity
  8
BLACK
  6
CONTINUOUS
100
AcDbLine
 10
1.77
 20
1.97
 30
0
 11
1.77
 21
2.0299999999999998
 31
0
  0
LINE
  5
430
330
1A
100
AcDbEntity
  8
BLACK
  6
CONTINUOUS
100
AcDbLine
 10
1.77
 20
2.0299999999999998
 30
0
 11
1.8299999999999998
 21
2.0299999999999998
 31
0
  0
LINE
  5
431
330
1A
100
AcDbEntity
  8
BLACK
  6
CONTINUOUS
100
AcDbLine
 10
1.8299999999999998
 20
2.0299999999999998
 30
0
 11
1.8299999999999998
 21
1.97
 31
0
  0
LINE
  5
432
330
1A
100
AcDbEntity
  8
BLACK
  6
CONTINUOUS
100
AcDbLine
 10
1.03
 20
2.0699999999999998
 30
0
 11
0.97
 21
2.0699999999999998
 31
0
  0
LINE
  5
433
330
1A
100
AcDbEntity
  8
BLACK
  6
CONTINUOUS
100
AcDbLine
 10
0.97
 20
2.0699999999999998
 30
0
 11
0.97
 21
2.1299999999999999
 31
0
  0
LINE
  5
434
330
1A
100
AcDbEntity
  8
BLACK
  6
CONTINUOUS
100
AcDbLine
 10
0.97
 20
2.1299999999999999
 30
0
 11
1.03
 21
2.1299999999999999
 31
0
  0
LINE
  5
435
330
1A
100
AcDbEntity
  8
BLACK
  6
CONTINUOUS
100
AcDbLine
 10
1.03
 20
2.1299999999999999
 30
0
 11
1.03
 21
2.0699999999999998
 31
0
  0
LINE
  5
436
330
1A
100
AcDbEntity
  8
BLACK
  6
CONTINUOUS
100
AcDbLine
 10
1.1299999999999999
 20
2.0699999999999998
 30
0
 11
1.0700000000000001
 21
2.0699999999999998
 31
0
  0
LINE
  5
437
330
1A
100
AcDbEntity
  8
BLACK
  6
CONTINUOUS
100
AcDbLine
 10
1.0700000000000001
 20
2.0699999999999998
 30
0
 11
1.0700000000000001
 21
2.1299999999999999
 31
0
  0
LINE
  5
438
330
1A
100
AcDbEntity
  8
BLACK
  6
CONTINUOUS
100
AcDbLine
 10
1.0700000000000001
 20
2.1299999999999999
 30
0
 11
1.1299999999999999
 21
2.1299999999999999
 31
0
  0
LINE
  5
439
330
1A
100
AcDbEntity
  8
BLACK
  6
CONTINUOUS
100
AcDbLine
 10
1.1299999999999999
 20
2.1299999999999999
 30
0
 11
1.1299999999999999
 21
2.0699999999999998
 31
0
  0
LINE
  5
43A
330
1A
100
AcDbEntity
  8
BLACK
  6
CONTINUOUS
100
AcDbLine
 10
1.23
 20
2.0699999999999998
 30
0
 11
1.1699999999999999
 21
2.0699999999999998
 31
0
  0
LINE
  5
43B
330
1A
100
AcDbEntity
  8
BLACK
  6
CONTINUOUS
100
AcDbLine
 10
1.1699999999999999
 20
2.0699999999999998
 30
0
 11
1.1699999999999999
 21
2.1299999999999999
 31
0
  0
LINE
  5
43C
330
1A
100
AcDbEntity
  8
BLACK
  6
CONTINUOUS
100
AcDbLine
 10
1.1699999999999999
 20
2.1299999999999999
 30
0
 11
1.23
 21
2.1299999999999999
 31
0
  0
LINE
  5
43D
330
1A
100
AcDbEntity
  8
BLACK
  6
CONTINUOUS
100
AcDbLine
 10
1.23
 20
2.1299999999999999
 30
0
 11
1.23
 21
2.0699999999999998
 31
0
  0
LINE
  5
43E
330
1A
100
AcDbEntity
  8
BLACK
  6
CONTINUOUS
100
AcDbLine
 10
1.3300000000000001
 20
2.0699999999999998
 30
0
 11
1.27
 21
2.0699999999999998
 31
0
  0
LINE
  5
43F
330
1A
100
AcDbEntity
  8
BLACK
  6
CONTINUOUS
100
AcDbLine
 10
1.27
 20
2.0699999999999998
 30
0
 11
1.27
 21
2.1299999999999999
 31
0
  0
LINE
  5
440
330
1A
100
AcDbEntity
  8
BLACK
  6
CONTINUOUS
100
AcDbLine
 10
1.27
 20
2.1299999999999999
 30
0
 11
1.3300000000000001
 21
2.1299999999999999
 31
0
  0
LINE
  5
441
330
1A
100
AcDbEntity
  8
BLACK
  6
CONTINUOUS
100
AcDbLine
 10
1.3300000000000001
 20
2.1299999999999999
 30
0
 11
1.3300000000000001
 21
2.0699999999999998
 31
0
  0
LINE
  5
442
330
1A
100
AcDbEntity
  8
BLACK
  6
CONTINUOUS
100
AcDbLine
 10
1.4299999999999999
 20
2.0699999999999998
 30
0
 11
1.3699999999999999
 21
2.0699999999999998
 31
0
  0
LINE
  5
443
330
1A
100
AcDbEntity
  8
BLACK
  6
CONTINUOUS
100
AcDbLine
 10
1.3699999999999999
 20
2.0699999999999998
 30
0
 11
1.3699999999999999
 21
2.1299999999999999
 31
0
  0
LINE
  5
444
330
1A
100
AcDbEntity
  8
BLACK
  6
CONTINUOUS
100
AcDbLine
 10
1.3699999999999999
 20
2.1299999999999999
 30
0
 11
1.4299999999999999
 21
2.1299999999999999
 31
0
  0
LINE
  5
445
330
1A
100
AcDbEntity
  8
BLACK
  6
CONTINUOUS
100
AcDbLine
 10
1.4299999999999999
 20
2.1299999999999999
 30
0
 11
1.4299999999999999
 21
2.0699999999999998
 31
0
  0
LINE
  5
446
330
1A
100
AcDbEntity
  8
BLACK
  6
CONTINUOUS
100
AcDbLine
 10
1.53
 20
2.0699999999999998
 30
0
 11
1.47
 21
2.0699999999999998
 31
0
  0
LINE
  5
447
330
1A
100
AcDbEntity
  8
BLACK
  6
CONTINUOUS
100
AcDbLine
 10
1.47
 20
2.0699999999999998
 30
0
 11
1.47
 21
2.1299999999999999
 31
0
  0
LINE
  5
448
330
1A
100
AcDbEntity
  8
BLACK
  6
CONTINUOUS
100
AcDbLine
 10
1.47
 20
2.1299999999999999
 30
0
 11
1.53
 21
2.1299999999999999
 31
0
  0
LINE
  5
449
330
1A
100
AcDbEntity
  8
BLACK
  6
CONTINUOUS
100
AcDbLine
 10
1.53
 20
2.1299999999999999
 30
0
 11
1.53
 21
2.0699999999999998
 31
0
  0
LINE
  5
44A
330
1A
100
AcDbEntity
  8
BLACK
  6
CONTINUOUS
100
AcDbLine
 10
1.6299999999999999
 20
2.0699999999999998
 30
0
 11
1.5700000000000001
 21
2.0699999999999998
 31
0
  0
LINE
  5
44B
330
1A
100
AcDbEntity
  8
BLACK
  6
CONTINUOUS
100
AcDbLine
 10
1.5700000000000001
 20
2.0699999999999998
 30
0
 11
1.5700000000000001
 21
2.1299999999999999
 31
0
  0
LINE
  5
44C
330
1A
100
AcDbEntity
  8
BLACK
  6
CONTINUOUS
100
AcDbLine
 10
1.5700000000000001
 20
2.1299999999999999
 30
0
 11
1.6299999999999999
 21
2.1299999999999999
 31
0
  0
LINE
  5
44D
330
1A
100
AcDbEntity
  8
BLACK
  6
CONTINUOUS
100
AcDbLine
 10
1.6299999999999999
 20
2.1299999999999999
 30
0
 11
1.6299999999999999
 21
2.0699999999999998
 31
0
  0
LINE
  5
44E
330
1A
100
AcDbEntity
  8
BLACK
  6
CONTINUOUS
100
AcDbLine
 10
1.73
 20
2.0699999999999998
 30
0
 11
1.6699999999999999
 21
2.0699999999999998
 31
0
  0
LINE
  5
44F
330
1A
100
AcDbEntity
  8
BLACK
  6
CONTINUOUS
100
AcDbLine
 10
1.6699999999999999
 20
2.0699999999999998
 30
0
 11
1.6699999999999999
 21
2.1299999999999999
 31
0
  0
LINE
  5
450
330
1A
100
AcDbEntity
  8
BLACK
  6
CONTINUOUS
100
AcDbLine
 10
1.6699999999999999
 20
2.1299999999999999
 30
0
 11
1.73
 21
2.1299999999999999
 31
0
  0
LINE
  5
451
330
1A
100
AcDbEntity
  8
BLACK
  6
CONTINUOUS
100
AcDbLine
 10
1.73
 20
2.1299999999999999
 30
0
 11
1.73
 21
2.0699999999999998
 31
0
  0
LINE
  5
452
330
1A
100
AcDbEntity
  8
BLACK
  6
CONTINUOUS
100
AcDbLine
 10
2.9680165748031495
 20
2.1695077952755906
 30
0
 11
2.9698470078740158
 21
2.1673953543307087
 31
0
  0
LINE
  5
453
330
1A
100
AcDbEntity
  8
BLACK
  6
CONTINUOUS
100
AcDbLine
 10
2.9698470078740158
 20
2.1673953543307087
 30
0
 11
2.970295275590551
 21
2.1653346456692915
 31
0
  0
LINE
  5
454
330
1A
100
AcDbEntity
  8
BLACK
  6
CONTINUOUS
100
AcDbLine
 10
2.970295275590551
 20
2.1653346456692915
 30
0
 11
2.970295275590551
 21
0.2346653937007874
 31
0
  0
LINE
  5
455
330
1A
100
AcDbEntity
  8
BLACK
  6
CONTINUOUS
100
AcDbLine
 10
2.970295275590551
 20
0.2346653937007874
 30
0
 11
2.9695077952755904
 21
0.2319834645669291
 31
0
  0
LINE
  5
456
330
1A
100
AcDbEntity
  8
BLACK
  6
CONTINUOUS
100
AcDbLine
 10
2.9695077952755904
 20
0.2319834645669291
 30
0
 11
2.9673953543307086
 21
0.230153031496063
 31
0
  0
LINE
  5
457
330
1A
100
AcDbEntity
  8
BLACK
  6
CONTINUOUS
100
AcDbLine
 10
2.9673953543307086
 20
0.230153031496063
 30
0
 11
2.9653346456692913
 21
0.2297047637795276
 31
0
  0
LINE
  5
458
330
1A
100
AcDbEntity
  8
BLACK
  6
CONTINUOUS
100
AcDbLine
 10
2.9653346456692913
 20
0.2297047637795276
 30
0
 11
0.2346653543307086
 21
0.2297047637795276
 31
0
  0
LINE
  5
459
330
1A
100
AcDbEntity
  8
BLACK
  6
CONTINUOUS
100
AcDbLine
 10
0.2346653543307086
 20
0.2297047637795276
 30
0
 11
0.2319834251968504
 21
0.2304922440944882
 31
0
  0
LINE
  5
45A
330
1A
100
AcDbEntity
  8
BLACK
  6
CONTINUOUS
100
AcDbLine
 10
0.2319834251968504
 20
0.2304922440944882
 30
0
 11
0.2301529921259843
 21
0.2326046850393701
 31
0
  0
LINE
  5
45B
330
1A
100
AcDbEntity
  8
BLACK
  6
CONTINUOUS
100
AcDbLine
 10
0.2301529921259843
 20
0.2326046850393701
 30
0
 11
0.2297047244094488
 21
0.2346653937007874
 31
0
  0
LINE
  5
45C
330
1A
100
AcDbEntity
  8
BLACK
  6
CONTINUOUS
100
AcDbLine
 10
0.2297047244094488
 20
0.2346653937007874
 30
0
 11
0.2297047244094488
 21
0.7499624015748031
 31
0
  0
LINE
  5
45D
330
1A
100
AcDbEntity
  8
BLACK
  6
CONTINUOUS
100
AcDbLine
 10
0.2297047244094488
 20
0.7499624015748031
 30
0
 11
0.2297047244094488
 21
2.1312407874015746
 31
0
  0
LINE
  5
45E
330
1A
100
AcDbEntity
  8
BLACK
  6
CONTINUOUS
100
AcDbLine
 10
0.2297047244094488
 20
2.1312407874015746
 30
0
 11
0.2297047244094488
 21
2.1653346456692915
 31
0
  0
LINE
  5
45F
330
1A
100
AcDbEntity
  8
BLACK
  6
CONTINUOUS
100
AcDbLine
 10
0.2297047244094488
 20
2.1653346456692915
 30
0
 11
0.2304922047244095
 21
2.1680165748031497
 31
0
  0
LINE
  5
460
330
1A
100
AcDbEntity
  8
BLACK
  6
CONTINUOUS
100
AcDbLine
 10
0.2304922047244095
 20
2.1680165748031497
 30
0
 11
0.2326046456692913
 21
2.1698470078740155
 31
0
  0
LINE
  5
461
330
1A
100
AcDbEntity
  8
BLACK
  6
CONTINUOUS
100
AcDbLine
 10
0.2326046456692913
 20
2.1698470078740155
 30
0
 11
0.2346653543307086
 21
2.1702952755905511
 31
0
  0
LINE
  5
462
330
1A
100
AcDbEntity
  8
BLACK
  6
CONTINUOUS
100
AcDbLine
 10
0.2346653543307086
 20
2.1702952755905511
 30
0
 11
2.9653346456692913
 21
2.1702952755905511
 31
0
  0
LINE
  5
463
330
1A
100
AcDbEntity
  8
BLACK
  6
CONTINUOUS
100
AcDbLine
 10
2.9653346456692913
 20
2.1702952755905511
 30
0
 11
2.9680165748031495
 21
2.1695077952755906
 31
0
  0
LINE
  5
464
330
1A
100
AcDbEntity
  8
BLACK
  6
CONTINUOUS
100
AcDbLine
 10
0.9760905511811023
 20
0.6533500393700787
 30
0
 11
0.9760905511811023
 21
0.6463664960629921
 31
0
  0
LINE
  5
465
330
1A
100
AcDbEntity
  8
BLACK
  6
CONTINUOUS
100
AcDbLine
 10
0.9760905511811023
 20
0.6463664960629921
 30
0
 11
0.9774529921259842
 21
0.6395170866141732
 31
0
  0
LINE
  5
466
330
1A
100
AcDbEntity
  8
BLACK
  6
CONTINUOUS
100
AcDbLine
 10
0.9774529921259842
 20
0.6395170866141732
 30
0
 11
0.9801254724409448
 21
0.6330650787401575
 31
0
  0
LINE
  5
467
330
1A
100
AcDbEntity
  8
BLACK
  6
CONTINUOUS
100
AcDbLine
 10
0.9801254724409448
 20
0.6330650787401575
 30
0
 11
0.9827179133858267
 21
0.6291852362204724
 31
0
  0
LINE
  5
468
330
1A
100
AcDbEntity
  8
BLACK
  6
CONTINUOUS
100
AcDbLine
 10
0.9827179133858267
 20
0.6291852362204724
 30
0
 11
0.9840053149606299
 21
0.6272585039370079
 31
0
  0
LINE
  5
469
330
1A
100
AcDbEntity
  8
BLACK
  6
CONTINUOUS
100
AcDbLine
 10
0.9840053149606299
 20
0.6272585039370079
 30
0
 11
0.9840055118110236
 21
0.6272582677165354
 31
0
  0
LINE
  5
46A
330
1A
100
AcDbEntity
  8
BLACK
  6
CONTINUOUS
100
AcDbLine
 10
0.9840055118110236
 20
0.6272582677165354
 30
0
 11
0.9889432677165354
 21
0.6223205118110237
 31
0
  0
LINE
  5
46B
330
1A
100
AcDbEntity
  8
BLACK
  6
CONTINUOUS
100
AcDbLine
 10
0.9889432677165354
 20
0.6223205118110237
 30
0
 11
0.9889435039370078
 21
0.6223203149606299
 31
0
  0
LINE
  5
46C
330
1A
100
AcDbEntity
  8
BLACK
  6
CONTINUOUS
100
AcDbLine
 10
0.9889435039370078
 20
0.6223203149606299
 30
0
 11
0.9947501181102362
 21
0.6184404330708662
 31
0
  0
LINE
  5
46D
330
1A
100
AcDbEntity
  8
BLACK
  6
CONTINUOUS
100
AcDbLine
 10
0.9947501181102362
 20
0.6184404330708662
 30
0
 11
1.0012021259842518
 21
0.6157679527559055
 31
0
  0
LINE
  5
46E
330
1A
100
AcDbEntity
  8
BLACK
  6
CONTINUOUS
100
AcDbLine
 10
1.0012021259842518
 20
0.6157679527559055
 30
0
 11
1.0080515354330708
 21
0.6144055118110237
 31
0
  0
LINE
  5
46F
330
1A
100
AcDbEntity
  8
BLACK
  6
CONTINUOUS
100
AcDbLine
 10
1.0080515354330708
 20
0.6144055118110237
 30
0
 11
1.0080515748031496
 21
0.6144055118110237
 31
0
  0
LINE
  5
470
330
1A
100
AcDbEntity
  8
BLACK
  6
CONTINUOUS
100
AcDbLine
 10
1.0080515748031496
 20
0.6144055118110237
 30
0
 11
1.0150350393700787
 21
0.6144055118110237
 31
0
  0
LINE
  5
471
330
1A
100
AcDbEntity
  8
BLACK
  6
CONTINUOUS
100
AcDbLine
 10
1.0150350393700787
 20
0.6144055118110237
 30
0
 11
1.0150350787401574
 21
0.6144055118110237
 31
0
  0
LINE
  5
472
330
1A
100
AcDbEntity
  8
BLACK
  6
CONTINUOUS
100
AcDbLine
 10
1.0150350787401574
 20
0.6144055118110237
 30
0
 11
1.0218844881889764
 21
0.6157679527559055
 31
0
  0
LINE
  5
473
330
1A
100
AcDbEntity
  8
BLACK
  6
CONTINUOUS
100
AcDbLine
 10
1.0218844881889764
 20
0.6157679527559055
 30
0
 11
1.0283364960629922
 21
0.6184404330708662
 31
0
  0
LINE
  5
474
330
1A
100
AcDbEntity
  8
BLACK
  6
CONTINUOUS
100
AcDbLine
 10
1.0283364960629922
 20
0.6184404330708662
 30
0
 11
1.0341431102362204
 21
0.6223203149606299
 31
0
  0
LINE
  5
475
330
1A
100
AcDbEntity
  8
BLACK
  6
CONTINUOUS
100
AcDbLine
 10
1.0341431102362204
 20
0.6223203149606299
 30
0
 11
1.0390812598425196
 21
0.6272584645669291
 31
0
  0
LINE
  5
476
330
1A
100
AcDbEntity
  8
BLACK
  6
CONTINUOUS
100
AcDbLine
 10
1.0390812598425196
 20
0.6272584645669291
 30
0
 11
1.0429611417322835
 21
0.6330650787401575
 31
0
  0
LINE
  5
477
330
1A
100
AcDbEntity
  8
BLACK
  6
CONTINUOUS
100
AcDbLine
 10
1.0429611417322835
 20
0.6330650787401575
 30
0
 11
1.045633622047244
 21
0.6395170866141732
 31
0
  0
LINE
  5
478
330
1A
100
AcDbEntity
  8
BLACK
  6
CONTINUOUS
100
AcDbLine
 10
1.045633622047244
 20
0.6395170866141732
 30
0
 11
1.046996062992126
 21
0.6463664960629921
 31
0
  0
LINE
  5
479
330
1A
100
AcDbEntity
  8
BLACK
  6
CONTINUOUS
100
AcDbLine
 10
1.046996062992126
 20
0.6463664960629921
 30
0
 11
1.046996062992126
 21
0.649821811023622
 31
0
  0
LINE
  5
47A
330
1A
100
AcDbEntity
  8
BLACK
  6
CONTINUOUS
100
AcDbLine
 10
1.046996062992126
 20
0.649821811023622
 30
0
 11
1.0477835433070866
 21
0.6525037401574802
 31
0
  0
LINE
  5
47B
330
1A
100
AcDbEntity
  8
BLACK
  6
CONTINUOUS
100
AcDbLine
 10
1.0477835433070866
 20
0.6525037401574802
 30
0
 11
1.0484490157480315
 21
0.6533295275590552
 31
0
  0
LINE
  5
47C
330
1A
100
AcDbEntity
  8
BLACK
  6
CONTINUOUS
100
AcDbLine
 10
1.0484490157480315
 20
0.6533295275590552
 30
0
 11
1.0484696456692912
 21
0.653350157480315
 31
0
  0
LINE
  5
47D
330
1A
100
AcDbEntity
  8
BLACK
  6
CONTINUOUS
100
AcDbLine
 10
1.0484696456692912
 20
0.653350157480315
 30
0
 11
1.0524614173228346
 21
0.6573418897637795
 31
0
  0
LINE
  5
47E
330
1A
100
AcDbEntity
  8
BLACK
  6
CONTINUOUS
100
AcDbLine
 10
1.0524614173228346
 20
0.6573418897637795
 30
0
 11
1.0555738976377953
 21
0.6627329133858267
 31
0
  0
LINE
  5
47F
330
1A
100
AcDbEntity
  8
BLACK
  6
CONTINUOUS
100
AcDbLine
 10
1.0555738976377953
 20
0.6627329133858267
 30
0
 11
1.0571850787401575
 21
0.6687457874015748
 31
0
  0
LINE
  5
480
330
1A
100
AcDbEntity
  8
BLACK
  6
CONTINUOUS
100
AcDbLine
 10
1.0571850787401575
 20
0.6687457874015748
 30
0
 11
1.0571850787401575
 21
0.6749707874015748
 31
0
  0
LINE
  5
481
330
1A
100
AcDbEntity
  8
BLACK
  6
CONTINUOUS
100
AcDbLine
 10
1.0571850787401575
 20
0.6749707874015748
 30
0
 11
1.0571850787401575
 21
0.6752746062992125
 31
0
  0
LINE
  5
482
330
1A
100
AcDbEntity
  8
BLACK
  6
CONTINUOUS
100
AcDbLine
 10
1.0571850787401575
 20
0.6752746062992125
 30
0
 11
1.0571850393700788
 21
0.6752753149606299
 31
0
  0
LINE
  5
483
330
1A
100
AcDbEntity
  8
BLACK
  6
CONTINUOUS
100
AcDbLine
 10
1.0571850393700788
 20
0.6752753149606299
 30
0
 11
1.0571850393700788
 21
0.6790011417322834
 31
0
  0
LINE
  5
484
330
1A
100
AcDbEntity
  8
BLACK
  6
CONTINUOUS
100
AcDbLine
 10
1.0571850393700788
 20
0.6790011417322834
 30
0
 11
1.0579725196850394
 21
0.6816830708661418
 31
0
  0
LINE
  5
485
330
1A
100
AcDbEntity
  8
BLACK
  6
CONTINUOUS
100
AcDbLine
 10
1.0579725196850394
 20
0.6816830708661418
 30
0
 11
1.0580210629921261
 21
0.681757125984252
 31
0
  0
LINE
  5
486
330
1A
100
AcDbEntity
  8
BLACK
  6
CONTINUOUS
100
AcDbLine
 10
1.0580210629921261
 20
0.681757125984252
 30
0
 11
1.0580231102362205
 21
0.6817602362204724
 31
0
  0
LINE
  5
487
330
1A
100
AcDbEntity
  8
BLACK
  6
CONTINUOUS
100
AcDbLine
 10
1.0580231102362205
 20
0.6817602362204724
 30
0
 11
1.058023188976378
 21
0.6817602755905512
 31
0
  0
LINE
  5
488
330
1A
100
AcDbEntity
  8
BLACK
  6
CONTINUOUS
100
AcDbLine
 10
1.058023188976378
 20
0.6817602755905512
 30
0
 11
1.0614722047244094
 21
0.6869220866141732
 31
0
  0
LINE
  5
489
330
1A
100
AcDbEntity
  8
BLACK
  6
CONTINUOUS
100
AcDbLine
 10
1.0614722047244094
 20
0.6869220866141732
 30
0
 11
1.0638479133858267
 21
0.6926575984251968
 31
0
  0
LINE
  5
48A
330
1A
100
AcDbEntity
  8
BLACK
  6
CONTINUOUS
100
AcDbLine
 10
1.0638479133858267
 20
0.6926575984251968
 30
0
 11
1.0650590551181103
 21
0.6987463779527558
 31
0
  0
LINE
  5
48B
330
1A
100
AcDbEntity
  8
BLACK
  6
CONTINUOUS
100
AcDbLine
 10
1.0650590551181103
 20
0.6987463779527558
 30
0
 11
1.0650590551181103
 21
0.7049544094488189
 31
0
  0
LINE
  5
48C
330
1A
100
AcDbEntity
  8
BLACK
  6
CONTINUOUS
100
AcDbLine
 10
1.0650590551181103
 20
0.7049544094488189
 30
0
 11
1.0638479133858267
 21
0.711043188976378
 31
0
  0
LINE
  5
48D
330
1A
100
AcDbEntity
  8
BLACK
  6
CONTINUOUS
100
AcDbLine
 10
1.0638479133858267
 20
0.711043188976378
 30
0
 11
1.0637627559055118
 21
0.711248779527559
 31
0
  0
LINE
  5
48E
330
1A
100
AcDbEntity
  8
BLACK
  6
CONTINUOUS
100
AcDbLine
 10
1.0637627559055118
 20
0.711248779527559
 30
0
 11
1.0637313385826772
 21
0.7113246456692913
 31
0
  0
LINE
  5
48F
330
1A
100
AcDbEntity
  8
BLACK
  6
CONTINUOUS
100
AcDbLine
 10
1.0637313385826772
 20
0.7113246456692913
 30
0
 11
1.0637312992125985
 21
0.7113246850393701
 31
0
  0
LINE
  5
490
330
1A
100
AcDbEntity
  8
BLACK
  6
CONTINUOUS
100
AcDbLine
 10
1.0637312992125985
 20
0.7113246850393701
 30
0
 11
1.0636917716535432
 21
0.7114201181102362
 31
0
  0
LINE
  5
491
330
1A
100
AcDbEntity
  8
BLACK
  6
CONTINUOUS
100
AcDbLine
 10
1.0636917716535432
 20
0.7114201181102362
 30
0
 11
1.063147401574803
 21
0.7127343307086614
 31
0
  0
LINE
  5
492
330
1A
100
AcDbEntity
  8
BLACK
  6
CONTINUOUS
100
AcDbLine
 10
1.063147401574803
 20
0.7127343307086614
 30
0
 11
1.0614722047244094
 21
0.7167787007874016
 31
0
  0
LINE
  5
493
330
1A
100
AcDbEntity
  8
BLACK
  6
CONTINUOUS
100
AcDbLine
 10
1.0614722047244094
 20
0.7167787007874016
 30
0
 11
1.058023188976378
 21
0.7219405118110236
 31
0
  0
LINE
  5
494
330
1A
100
AcDbEntity
  8
BLACK
  6
CONTINUOUS
100
AcDbLine
 10
1.058023188976378
 20
0.7219405118110236
 30
0
 11
1.0536334251968504
 21
0.7263302755905512
 31
0
  0
LINE
  5
495
330
1A
100
AcDbEntity
  8
BLACK
  6
CONTINUOUS
100
AcDbLine
 10
1.0536334251968504
 20
0.7263302755905512
 30
0
 11
1.0484716141732284
 21
0.7297792913385827
 31
0
  0
LINE
  5
496
330
1A
100
AcDbEntity
  8
BLACK
  6
CONTINUOUS
100
AcDbLine
 10
1.0484716141732284
 20
0.7297792913385827
 30
0
 11
1.0458667322834645
 21
0.7308582677165354
 31
0
  0
LINE
  5
497
330
1A
100
AcDbEntity
  8
BLACK
  6
CONTINUOUS
100
AcDbLine
 10
1.0458667322834645
 20
0.7308582677165354
 30
0
 11
1.0427362992125984
 21
0.7321549212598425
 31
0
  0
LINE
  5
498
330
1A
100
AcDbEntity
  8
BLACK
  6
CONTINUOUS
100
AcDbLine
 10
1.0427362992125984
 20
0.7321549212598425
 30
0
 11
1.0427361023622046
 21
0.732155
 31
0
  0
LINE
  5
499
330
1A
100
AcDbEntity
  8
BLACK
  6
CONTINUOUS
100
AcDbLine
 10
1.0427361023622046
 20
0.732155
 30
0
 11
1.0366474015748031
 21
0.7333661417322834
 31
0
  0
LINE
  5
49A
330
1A
100
AcDbEntity
  8
BLACK
  6
CONTINUOUS
100
AcDbLine
 10
1.0366474015748031
 20
0.7333661417322834
 30
0
 11
1.0366473228346456
 21
0.7333661417322834
 31
0
  0
LINE
  5
49B
330
1A
100
AcDbEntity
  8
BLACK
  6
CONTINUOUS
100
AcDbLine
 10
1.0366473228346456
 20
0.7333661417322834
 30
0
 11
1.0304392913385827
 21
0.7333661417322834
 31
0
  0
LINE
  5
49C
330
1A
100
AcDbEntity
  8
BLACK
  6
CONTINUOUS
100
AcDbLine
 10
1.0304392913385827
 20
0.7333661417322834
 30
0
 11
1.0304391732283464
 21
0.7333661417322834
 31
0
  0
LINE
  5
49D
330
1A
100
AcDbEntity
  8
BLACK
  6
CONTINUOUS
100
AcDbLine
 10
1.0304391732283464
 20
0.7333661417322834
 30
0
 11
1.0243504724409449
 21
0.732155
 31
0
  0
LINE
  5
49E
330
1A
100
AcDbEntity
  8
BLACK
  6
CONTINUOUS
100
AcDbLine
 10
1.0243504724409449
 20
0.732155
 30
0
 11
1.0243502755905511
 21
0.7321549212598425
 31
0
  0
LINE
  5
49F
330
1A
100
AcDbEntity
  8
BLACK
  6
CONTINUOUS
100
AcDbLine
 10
1.0243502755905511
 20
0.7321549212598425
 30
0
 11
1.0186149606299213
 21
0.7297792913385827
 31
0
  0
LINE
  5
4A0
330
1A
100
AcDbEntity
  8
BLACK
  6
CONTINUOUS
100
AcDbLine
 10
1.0186149606299213
 20
0.7297792913385827
 30
0
 11
1.0134533464566928
 21
0.7263303937007873
 31
0
  0
LINE
  5
4A1
330
1A
100
AcDbEntity
  8
BLACK
  6
CONTINUOUS
100
AcDbLine
 10
1.0134533464566928
 20
0.7263303937007873
 30
0
 11
1.0134530708661418
 21
0.7263301968503937
 31
0
  0
LINE
  5
4A2
330
1A
100
AcDbEntity
  8
BLACK
  6
CONTINUOUS
100
AcDbLine
 10
1.0134530708661418
 20
0.7263301968503937
 30
0
 11
1.0090635039370079
 21
0.7219406299212598
 31
0
  0
LINE
  5
4A3
330
1A
100
AcDbEntity
  8
BLACK
  6
CONTINUOUS
100
AcDbLine
 10
1.0090635039370079
 20
0.7219406299212598
 30
0
 11
1.0090633070866142
 21
0.7219403543307087
 31
0
  0
LINE
  5
4A4
330
1A
100
AcDbEntity
  8
BLACK
  6
CONTINUOUS
100
AcDbLine
 10
1.0090633070866142
 20
0.7219403543307087
 30
0
 11
1.0056144094488189
 21
0.7167787401574803
 31
0
  0
LINE
  5
4A5
330
1A
100
AcDbEntity
  8
BLACK
  6
CONTINUOUS
100
AcDbLine
 10
1.0056144094488189
 20
0.7167787401574803
 30
0
 11
1.003238779527559
 21
0.7110434251968504
 31
0
  0
LINE
  5
4A6
330
1A
100
AcDbEntity
  8
BLACK
  6
CONTINUOUS
100
AcDbLine
 10
1.003238779527559
 20
0.7110434251968504
 30
0
 11
1.0032387007874015
 21
0.7110432283464567
 31
0
  0
LINE
  5
4A7
330
1A
100
AcDbEntity
  8
BLACK
  6
CONTINUOUS
100
AcDbLine
 10
1.0032387007874015
 20
0.7110432283464567
 30
0
 11
1.002027559055118
 21
0.7049545275590551
 31
0
  0
LINE
  5
4A8
330
1A
100
AcDbEntity
  8
BLACK
  6
CONTINUOUS
100
AcDbLine
 10
1.002027559055118
 20
0.7049545275590551
 30
0
 11
1.002027559055118
 21
0.6987462992125985
 31
0
  0
LINE
  5
4A9
330
1A
100
AcDbEntity
  8
BLACK
  6
CONTINUOUS
100
AcDbLine
 10
1.002027559055118
 20
0.6987462992125985
 30
0
 11
1.0032387007874015
 21
0.6926575984251968
 31
0
  0
LINE
  5
4AA
330
1A
100
AcDbEntity
  8
BLACK
  6
CONTINUOUS
100
AcDbLine
 10
1.0032387007874015
 20
0.6926575984251968
 30
0
 11
1.003238779527559
 21
0.6926574015748032
 31
0
  0
LINE
  5
4AB
330
1A
100
AcDbEntity
  8
BLACK
  6
CONTINUOUS
100
AcDbLine
 10
1.003238779527559
 20
0.6926574015748032
 30
0
 11
1.0041215748031496
 21
0.6905260629921259
 31
0
  0
LINE
  5
4AC
330
1A
100
AcDbEntity
  8
BLACK
  6
CONTINUOUS
100
AcDbLine
 10
1.0041215748031496
 20
0.6905260629921259
 30
0
 11
1.0044203149606299
 21
0.687746968503937
 31
0
  0
LINE
  5
4AD
330
1A
100
AcDbEntity
  8
BLACK
  6
CONTINUOUS
100
AcDbLine
 10
1.0044203149606299
 20
0.687746968503937
 30
0
 11
1.003169094488189
 21
0.6852474803149606
 31
0
  0
LINE
  5
4AE
330
1A
100
AcDbEntity
  8
BLACK
  6
CONTINUOUS
100
AcDbLine
 10
1.003169094488189
 20
0.6852474803149606
 30
0
 11
1.0013885826771654
 21
0.68413531496063
 31
0
  0
LINE
  5
4AF
330
1A
100
AcDbEntity
  8
BLACK
  6
CONTINUOUS
100
AcDbLine
 10
1.0013885826771654
 20
0.68413531496063
 30
0
 11
1.001427283464567
 21
0.6840418503937008
 31
0
  0
LINE
  5
4B0
330
1A
100
AcDbEntity
  8
BLACK
  6
CONTINUOUS
100
AcDbLine
 10
1.001427283464567
 20
0.6840418503937008
 30
0
 11
0.9947501181102362
 21
0.6812761023622047
 31
0
  0
LINE
  5
4B1
330
1A
100
AcDbEntity
  8
BLACK
  6
CONTINUOUS
100
AcDbLine
 10
0.9947501181102362
 20
0.6812761023622047
 30
0
 11
0.9889435039370078
 21
0.6773962598425197
 31
0
  0
LINE
  5
4B2
330
1A
100
AcDbEntity
  8
BLACK
  6
CONTINUOUS
100
AcDbLine
 10
0.9889435039370078
 20
0.6773962598425197
 30
0
 11
0.9889432677165354
 21
0.677396062992126
 31
0
  0
LINE
  5
4B3
330
1A
100
AcDbEntity
  8
BLACK
  6
CONTINUOUS
100
AcDbLine
 10
0.9889432677165354
 20
0.677396062992126
 30
0
 11
0.9840055118110236
 21
0.6724583070866141
 31
0
  0
LINE
  5
4B4
330
1A
100
AcDbEntity
  8
BLACK
  6
CONTINUOUS
100
AcDbLine
 10
0.9840055118110236
 20
0.6724583070866141
 30
0
 11
0.9840053149606299
 21
0.6724580708661417
 31
0
  0
LINE
  5
4B5
330
1A
100
AcDbEntity
  8
BLACK
  6
CONTINUOUS
100
AcDbLine
 10
0.9840053149606299
 20
0.6724580708661417
 30
0
 11
0.9801254724409448
 21
0.6666514566929134
 31
0
  0
LINE
  5
4B6
330
1A
100
AcDbEntity
  8
BLACK
  6
CONTINUOUS
100
AcDbLine
 10
0.9801254724409448
 20
0.6666514566929134
 30
0
 11
0.9774530708661417
 21
0.6601996850393701
 31
0
  0
LINE
  5
4B7
330
1A
100
AcDbEntity
  8
BLACK
  6
CONTINUOUS
100
AcDbLine
 10
0.9774530708661417
 20
0.6601996850393701
 30
0
 11
0.9774529921259842
 21
0.6601994881889763
 31
0
  0
LINE
  5
4B8
330
1A
100
AcDbEntity
  8
BLACK
  6
CONTINUOUS
100
AcDbLine
 10
0.9774529921259842
 20
0.6601994881889763
 30
0
 11
0.9760905511811023
 21
0.653350157480315
 31
0
  0
LINE
  5
4B9
330
1A
100
AcDbEntity
  8
BLACK
  6
CONTINUOUS
100
AcDbLine
 10
0.9760905511811023
 20
0.653350157480315
 30
0
 11
0.9760905511811023
 21
0.6533500393700787
 31
0
  0
LINE
  5
4BA
330
1A
100
AcDbEntity
  8
BLACK
  6
CONTINUOUS
100
AcDbLine
 10
0.3820826771653543
 20
0.7277541732283465
 30
0
 11
0.3828070866141732
 21
0.7241124015748032
 31
0
  0
LINE
  5
4BB
330
1A
100
AcDbEntity
  8
BLACK
  6
CONTINUOUS
100
AcDbLine
 10
0.3828070866141732
 20
0.7241124015748032
 30
0
 11
0.3832938188976378
 21
0.7216654724409448
 31
0
  0
LINE
  5
4BC
330
1A
100
AcDbEntity
  8
BLACK
  6
CONTINUOUS
100
AcDbLine
 10
0.3832938188976378
 20
0.7216654724409448
 30
0
 11
0.3856695275590551
 21
0.7159299606299212
 31
0
  0
LINE
  5
4BD
330
1A
100
AcDbEntity
  8
BLACK
  6
CONTINUOUS
100
AcDbLine
 10
0.3856695275590551
 20
0.7159299606299212
 30
0
 11
0.3891185433070866
 21
0.7107681496062992
 31
0
  0
LINE
  5
4BE
330
1A
100
AcDbEntity
  8
BLACK
  6
CONTINUOUS
100
AcDbLine
 10
0.3891185433070866
 20
0.7107681496062992
 30
0
 11
0.3935083070866142
 21
0.7063783858267716
 31
0
  0
LINE
  5
4BF
330
1A
100
AcDbEntity
  8
BLACK
  6
CONTINUOUS
100
AcDbLine
 10
0.3935083070866142
 20
0.7063783858267716
 30
0
 11
0.3986701181102362
 21
0.7029293700787401
 31
0
  0
LINE
  5
4C0
330
1A
100
AcDbEntity
  8
BLACK
  6
CONTINUOUS
100
AcDbLine
 10
0.3986701181102362
 20
0.7029293700787401
 30
0
 11
0.4044056299212598
 21
0.7005536614173228
 31
0
  0
LINE
  5
4C1
330
1A
100
AcDbEntity
  8
BLACK
  6
CONTINUOUS
100
AcDbLine
 10
0.4044056299212598
 20
0.7005536614173228
 30
0
 11
0.4104944094488189
 21
0.6993425196850394
 31
0
  0
LINE
  5
4C2
330
1A
100
AcDbEntity
  8
BLACK
  6
CONTINUOUS
100
AcDbLine
 10
0.4104944094488189
 20
0.6993425196850394
 30
0
 11
0.4104944488188976
 21
0.6993425196850394
 31
0
  0
LINE
  5
4C3
330
1A
100
AcDbEntity
  8
BLACK
  6
CONTINUOUS
100
AcDbLine
 10
0.4104944488188976
 20
0.6993425196850394
 30
0
 11
0.4167024015748031
 21
0.6993425196850394
 31
0
  0
LINE
  5
4C4
330
1A
100
AcDbEntity
  8
BLACK
  6
CONTINUOUS
100
AcDbLine
 10
0.4167024015748031
 20
0.6993425196850394
 30
0
 11
0.4167024409448819
 21
0.6993425196850394
 31
0
  0
LINE
  5
4C5
330
1A
100
AcDbEntity
  8
BLACK
  6
CONTINUOUS
100
AcDbLine
 10
0.4167024409448819
 20
0.6993425196850394
 30
0
 11
0.4227912204724409
 21
0.7005536614173228
 31
0
  0
LINE
  5
4C6
330
1A
100
AcDbEntity
  8
BLACK
  6
CONTINUOUS
100
AcDbLine
 10
0.4227912204724409
 20
0.7005536614173228
 30
0
 11
0.4285267322834646
 21
0.7029293700787401
 31
0
  0
LINE
  5
4C7
330
1A
100
AcDbEntity
  8
BLACK
  6
CONTINUOUS
100
AcDbLine
 10
0.4285267322834646
 20
0.7029293700787401
 30
0
 11
0.4300087007874016
 21
0.7039196456692913
 31
0
  0
LINE
  5
4C8
330
1A
100
AcDbEntity
  8
BLACK
  6
CONTINUOUS
100
AcDbLine
 10
0.4300087007874016
 20
0.7039196456692913
 30
0
 11
0.4326761023622047
 21
0.7047549212598425
 31
0
  0
LINE
  5
4C9
330
1A
100
AcDbEntity
  8
BLACK
  6
CONTINUOUS
100
AcDbLine
 10
0.4326761023622047
 20
0.7047549212598425
 30
0
 11
0.4353716535433071
 21
0.7040155118110236
 31
0
  0
LINE
  5
4CA
330
1A
100
AcDbEntity
  8
BLACK
  6
CONTINUOUS
100
AcDbLine
 10
0.4353716535433071
 20
0.7040155118110236
 30
0
 11
0.4362724409448819
 21
0.7033027559055118
 31
0
  0
LINE
  5
4CB
330
1A
100
AcDbEntity
  8
BLACK
  6
CONTINUOUS
100
AcDbLine
 10
0.4362724409448819
 20
0.7033027559055118
 30
0
 11
0.463185748031496
 21
0.6763894488188976
 31
0
  0
LINE
  5
4CC
330
1A
100
AcDbEntity
  8
BLACK
  6
CONTINUOUS
100
AcDbLine
 10
0.463185748031496
 20
0.6763894488188976
 30
0
 11
0.4645253543307086
 21
0.6739362204724409
 31
0
  0
LINE
  5
4CD
330
1A
100
AcDbEntity
  8
BLACK
  6
CONTINUOUS
100
AcDbLine
 10
0.4645253543307086
 20
0.6739362204724409
 30
0
 11
0.4645433858267716
 21
0.6738496062992125
 31
0
  0
LINE
  5
4CE
330
1A
100
AcDbEntity
  8
BLACK
  6
CONTINUOUS
100
AcDbLine
 10
0.4645433858267716
 20
0.6738496062992125
 30
0
 11
0.4651675984251968
 21
0.6707114960629921
 31
0
  0
LINE
  5
4CF
330
1A
100
AcDbEntity
  8
BLACK
  6
CONTINUOUS
100
AcDbLine
 10
0.4651675984251968
 20
0.6707114960629921
 30
0
 11
0.4651676377952756
 21
0.6707114566929133
 31
0
  0
LINE
  5
4D0
330
1A
100
AcDbEntity
  8
BLACK
  6
CONTINUOUS
100
AcDbLine
 10
0.4651676377952756
 20
0.6707114566929133
 30
0
 11
0.4675433070866142
 21
0.664976062992126
 31
0
  0
LINE
  5
4D1
330
1A
100
AcDbEntity
  8
BLACK
  6
CONTINUOUS
100
AcDbLine
 10
0.4675433070866142
 20
0.664976062992126
 30
0
 11
0.4709923228346456
 21
0.659814251968504
 31
0
  0
LINE
  5
4D2
330
1A
100
AcDbEntity
  8
BLACK
  6
CONTINUOUS
100
AcDbLine
 10
0.4709923228346456
 20
0.659814251968504
 30
0
 11
0.4753820866141732
 21
0.6554244881889764
 31
0
  0
LINE
  5
4D3
330
1A
100
AcDbEntity
  8
BLACK
  6
CONTINUOUS
100
AcDbLine
 10
0.4753820866141732
 20
0.6554244881889764
 30
0
 11
0.4805438976377953
 21
0.6519754724409449
 31
0
  0
LINE
  5
4D4
330
1A
100
AcDbEntity
  8
BLACK
  6
CONTINUOUS
100
AcDbLine
 10
0.4805438976377953
 20
0.6519754724409449
 30
0
 11
0.4862794094488189
 21
0.6495997637795276
 31
0
  0
LINE
  5
4D5
330
1A
100
AcDbEntity
  8
BLACK
  6
CONTINUOUS
100
AcDbLine
 10
0.4862794094488189
 20
0.6495997637795276
 30
0
 11
0.492368188976378
 21
0.6483886220472441
 31
0
  0
LINE
  5
4D6
330
1A
100
AcDbEntity
  8
BLACK
  6
CONTINUOUS
100
AcDbLine
 10
0.492368188976378
 20
0.6483886220472441
 30
0
 11
0.4923682283464567
 21
0.6483886220472441
 31
0
  0
LINE
  5
4D7
330
1A
100
AcDbEntity
  8
BLACK
  6
CONTINUOUS
100
AcDbLine
 10
0.4923682283464567
 20
0.6483886220472441
 30
0
 11
0.4985761811023622
 21
0.6483886220472441
 31
0
  0
LINE
  5
4D8
330
1A
100
AcDbEntity
  8
BLACK
  6
CONTINUOUS
100
AcDbLine
 10
0.4985761811023622
 20
0.6483886220472441
 30
0
 11
0.4985762204724409
 21
0.6483886220472441
 31
0
  0
LINE
  5
4D9
330
1A
100
AcDbEntity
  8
BLACK
  6
CONTINUOUS
100
AcDbLine
 10
0.4985762204724409
 20
0.6483886220472441
 30
0
 11
0.504665
 21
0.6495997637795276
 31
0
  0
LINE
  5
4DA
330
1A
100
AcDbEntity
  8
BLACK
  6
CONTINUOUS
100
AcDbLine
 10
0.504665
 20
0.6495997637795276
 30
0
 11
0.5104005118110236
 21
0.6519754724409449
 31
0
  0
LINE
  5
4DB
330
1A
100
AcDbEntity
  8
BLACK
  6
CONTINUOUS
100
AcDbLine
 10
0.5104005118110236
 20
0.6519754724409449
 30
0
 11
0.512457874015748
 21
0.653350157480315
 31
0
  0
LINE
  5
4DC
330
1A
100
AcDbEntity
  8
BLACK
  6
CONTINUOUS
100
AcDbLine
 10
0.512457874015748
 20
0.653350157480315
 30
0
 11
0.5155623228346456
 21
0.6554244881889764
 31
0
  0
LINE
  5
4DD
330
1A
100
AcDbEntity
  8
BLACK
  6
CONTINUOUS
100
AcDbLine
 10
0.5155623228346456
 20
0.6554244881889764
 30
0
 11
0.5199520866141732
 21
0.659814251968504
 31
0
  0
LINE
  5
4DE
330
1A
100
AcDbEntity
  8
BLACK
  6
CONTINUOUS
100
AcDbLine
 10
0.5199520866141732
 20
0.659814251968504
 30
0
 11
0.5234011023622047
 21
0.664976062992126
 31
0
  0
LINE
  5
4DF
330
1A
100
AcDbEntity
  8
BLACK
  6
CONTINUOUS
100
AcDbLine
 10
0.5234011023622047
 20
0.664976062992126
 30
0
 11
0.5257768110236221
 21
0.6707115748031496
 31
0
  0
LINE
  5
4E0
330
1A
100
AcDbEntity
  8
BLACK
  6
CONTINUOUS
100
AcDbLine
 10
0.5257768110236221
 20
0.6707115748031496
 30
0
 11
0.5269879527559055
 21
0.6768003543307086
 31
0
  0
LINE
  5
4E1
330
1A
100
AcDbEntity
  8
BLACK
  6
CONTINUOUS
100
AcDbLine
 10
0.5269879527559055
 20
0.6768003543307086
 30
0
 11
0.5269879527559055
 21
0.6830083858267716
 31
0
  0
LINE
  5
4E2
330
1A
100
AcDbEntity
  8
BLACK
  6
CONTINUOUS
100
AcDbLine
 10
0.5269879527559055
 20
0.6830083858267716
 30
0
 11
0.5257768110236221
 21
0.6890971653543307
 31
0
  0
LINE
  5
4E3
330
1A
100
AcDbEntity
  8
BLACK
  6
CONTINUOUS
100
AcDbLine
 10
0.5257768110236221
 20
0.6890971653543307
 30
0
 11
0.5234011023622047
 21
0.6948326771653544
 31
0
  0
LINE
  5
4E4
330
1A
100
AcDbEntity
  8
BLACK
  6
CONTINUOUS
100
AcDbLine
 10
0.5234011023622047
 20
0.6948326771653544
 30
0
 11
0.5199520866141732
 21
0.6999944881889764
 31
0
  0
LINE
  5
4E5
330
1A
100
AcDbEntity
  8
BLACK
  6
CONTINUOUS
100
AcDbLine
 10
0.5199520866141732
 20
0.6999944881889764
 30
0
 11
0.5155623228346456
 21
0.704384251968504
 31
0
  0
LINE
  5
4E6
330
1A
100
AcDbEntity
  8
BLACK
  6
CONTINUOUS
100
AcDbLine
 10
0.5155623228346456
 20
0.704384251968504
 30
0
 11
0.5104005118110236
 21
0.7078332677165354
 31
0
  0
LINE
  5
4E7
330
1A
100
AcDbEntity
  8
BLACK
  6
CONTINUOUS
100
AcDbLine
 10
0.5104005118110236
 20
0.7078332677165354
 30
0
 11
0.5083255118110236
 21
0.7086927559055118
 31
0
  0
LINE
  5
4E8
330
1A
100
AcDbEntity
  8
BLACK
  6
CONTINUOUS
100
AcDbLine
 10
0.5083255118110236
 20
0.7086927559055118
 30
0
 11
0.5046651968503937
 21
0.7102088976377953
 31
0
  0
LINE
  5
4E9
330
1A
100
AcDbEntity
  8
BLACK
  6
CONTINUOUS
100
AcDbLine
 10
0.5046651968503937
 20
0.7102088976377953
 30
0
 11
0.504665
 21
0.7102089763779528
 31
0
  0
LINE
  5
4EA
330
1A
100
AcDbEntity
  8
BLACK
  6
CONTINUOUS
100
AcDbLine
 10
0.504665
 20
0.7102089763779528
 30
0
 11
0.4990928346456693
 21
0.7113173622047244
 31
0
  0
LINE
  5
4EB
330
1A
100
AcDbEntity
  8
BLACK
  6
CONTINUOUS
100
AcDbLine
 10
0.4990928346456693
 20
0.7113173622047244
 30
0
 11
0.496616062992126
 21
0.7126129527559055
 31
0
  0
LINE
  5
4EC
330
1A
100
AcDbEntity
  8
BLACK
  6
CONTINUOUS
100
AcDbLine
 10
0.496616062992126
 20
0.7126129527559055
 30
0
 11
0.4965529527559055
 21
0.7126749999999999
 31
0
  0
LINE
  5
4ED
330
1A
100
AcDbEntity
  8
BLACK
  6
CONTINUOUS
100
AcDbLine
 10
0.4965529527559055
 20
0.7126749999999999
 30
0
 11
0.4818773622047244
 21
0.7273505905511811
 31
0
  0
LINE
  5
4EE
330
1A
100
AcDbEntity
  8
BLACK
  6
CONTINUOUS
100
AcDbLine
 10
0.4818773622047244
 20
0.7273505905511811
 30
0
 11
0.4805377559055118
 21
0.7298038188976378
 31
0
  0
LINE
  5
4EF
330
1A
100
AcDbEntity
  8
BLACK
  6
CONTINUOUS
100
AcDbLine
 10
0.4805377559055118
 20
0.7298038188976378
 30
0
 11
0.4807371653543307
 21
0.732591811023622
 31
0
  0
LINE
  5
4F0
330
1A
100
AcDbEntity
  8
BLACK
  6
CONTINUOUS
100
AcDbLine
 10
0.4807371653543307
 20
0.732591811023622
 30
0
 11
0.4818773622047244
 21
0.7343659448818898
 31
0
  0
LINE
  5
4F1
330
1A
100
AcDbEntity
  8
BLACK
  6
CONTINUOUS
100
AcDbLine
 10
0.4818773622047244
 20
0.7343659448818898
 30
0
 11
0.5287299212598425
 21
0.7812185039370079
 31
0
  0
LINE
  5
4F2
330
1A
100
AcDbEntity
  8
BLACK
  6
CONTINUOUS
100
AcDbLine
 10
0.5287299212598425
 20
0.7812185039370079
 30
0
 11
0.5488615748031496
 21
0.8013501574803149
 31
0
  0
LINE
  5
4F3
330
1A
100
AcDbEntity
  8
BLACK
  6
CONTINUOUS
100
AcDbLine
 10
0.5488615748031496
 20
0.8013501574803149
 30
0
 11
0.5791282677165355
 21
0.8316168110236221
 31
0
  0
LINE
  5
4F4
330
1A
100
AcDbEntity
  8
BLACK
  6
CONTINUOUS
100
AcDbLine
 10
0.5791282677165355
 20
0.8316168110236221
 30
0
 11
0.5818233070866141
 21
0.8356501968503937
 31
0
  0
LINE
  5
4F5
330
1A
100
AcDbEntity
  8
BLACK
  6
CONTINUOUS
100
AcDbLine
 10
0.5818233070866141
 20
0.8356501968503937
 30
0
 11
0.5829973228346457
 21
0.8384845275590551
 31
0
  0
LINE
  5
4F6
330
1A
100
AcDbEntity
  8
BLACK
  6
CONTINUOUS
100
AcDbLine
 10
0.5829973228346457
 20
0.8384845275590551
 30
0
 11
0.5832001968503937
 21
0.8389742913385827
 31
0
  0
LINE
  5
4F7
330
1A
100
AcDbEntity
  8
BLACK
  6
CONTINUOUS
100
AcDbLine
 10
0.5832001968503937
 20
0.8389742913385827
 30
0
 11
0.5834437007874016
 21
0.8395622047244095
 31
0
  0
LINE
  5
4F8
330
1A
100
AcDbEntity
  8
BLACK
  6
CONTINUOUS
100
AcDbLine
 10
0.5834437007874016
 20
0.8395622047244095
 30
0
 11
0.5836796456692913
 21
0.840131811023622
 31
0
  0
LINE
  5
4F9
330
1A
100
AcDbEntity
  8
BLACK
  6
CONTINUOUS
100
AcDbLine
 10
0.5836796456692913
 20
0.840131811023622
 30
0
 11
0.5846259842519685
 21
0.8448895275590551
 31
0
  0
LINE
  5
4FA
330
1A
100
AcDbEntity
  8
BLACK
  6
CONTINUOUS
100
AcDbLine
 10
0.5846259842519685
 20
0.8448895275590551
 30
0
 11
0.5846259842519685
 21
0.8840976771653543
 31
0
  0
LINE
  5
4FB
330
1A
100
AcDbEntity
  8
BLACK
  6
CONTINUOUS
100
AcDbLine
 10
0.5846259842519685
 20
0.8840976771653543
 30
0
 11
0.5854134645669291
 21
0.8867796062992126
 31
0
  0
LINE
  5
4FC
330
1A
100
AcDbEntity
  8
BLACK
  6
CONTINUOUS
100
AcDbLine
 10
0.5854134645669291
 20
0.8867796062992126
 30
0
 11
0.5854620472440945
 21
0.8868537007874016
 31
0
  0
LINE
  5
4FD
330
1A
100
AcDbEntity
  8
BLACK
  6
CONTINUOUS
100
AcDbLine
 10
0.5854620472440945
 20
0.8868537007874016
 30
0
 11
0.5857994094488189
 21
0.8873585826771654
 31
0
  0
LINE
  5
4FE
330
1A
100
AcDbEntity
  8
BLACK
  6
CONTINUOUS
100
AcDbLine
 10
0.5857994094488189
 20
0.8873585826771654
 30
0
 11
0.5868417322834646
 21
0.8889185039370079
 31
0
  0
LINE
  5
4FF
330
1A
100
AcDbEntity
  8
BLACK
  6
CONTINUOUS
100
AcDbLine
 10
0.5868417322834646
 20
0.8889185039370079
 30
0
 11
0.5892174409448819
 21
0.8946540157480315
 31
0
  0
LINE
  5
500
330
1A
100
AcDbEntity
  8
BLACK
  6
CONTINUOUS
100
AcDbLine
 10
0.5892174409448819
 20
0.8946540157480315
 30
0
 11
0.5900836614173228
 21
0.899009094488189
 31
0
  0
LINE
  5
501
330
1A
100
AcDbEntity
  8
BLACK
  6
CONTINUOUS
100
AcDbLine
 10
0.5900836614173228
 20
0.899009094488189
 30
0
 11
0.5913792125984252
 21
0.9014857480314961
 31
0
  0
LINE
  5
502
330
1A
100
AcDbEntity
  8
BLACK
  6
CONTINUOUS
100
AcDbLine
 10
0.5913792125984252
 20
0.9014857480314961
 30
0
 11
0.5914386220472441
 21
0.9015462992125984
 31
0
  0
LINE
  5
503
330
1A
100
AcDbEntity
  8
BLACK
  6
CONTINUOUS
100
AcDbLine
 10
0.5914386220472441
 20
0.9015462992125984
 30
0
 11
0.5991282677165354
 21
0.9092358267716535
 31
0
  0
LINE
  5
504
330
1A
100
AcDbEntity
  8
BLACK
  6
CONTINUOUS
100
AcDbLine
 10
0.5991282677165354
 20
0.9092358267716535
 30
0
 11
0.6018233070866141
 21
0.9132692125984252
 31
0
  0
LINE
  5
505
330
1A
100
AcDbEntity
  8
BLACK
  6
CONTINUOUS
100
AcDbLine
 10
0.6018233070866141
 20
0.9132692125984252
 30
0
 11
0.6030388976377953
 21
0.9162038976377953
 31
0
  0
LINE
  5
506
330
1A
100
AcDbEntity
  8
BLACK
  6
CONTINUOUS
100
AcDbLine
 10
0.6030388976377953
 20
0.9162038976377953
 30
0
 11
0.6036796456692913
 21
0.9177508267716535
 31
0
  0
LINE
  5
507
330
1A
100
AcDbEntity
  8
BLACK
  6
CONTINUOUS
100
AcDbLine
 10
0.6036796456692913
 20
0.9177508267716535
 30
0
 11
0.6039872440944882
 21
0.9192972047244095
 31
0
  0
LINE
  5
508
330
1A
100
AcDbEntity
  8
BLACK
  6
CONTINUOUS
100
AcDbLine
 10
0.6039872440944882
 20
0.9192972047244095
 30
0
 11
0.6046260236220472
 21
0.9225085433070866
 31
0
  0
LINE
  5
509
330
1A
100
AcDbEntity
  8
BLACK
  6
CONTINUOUS
100
AcDbLine
 10
0.6046260236220472
 20
0.9225085433070866
 30
0
 11
0.6046260236220472
 21
0.9273594488188976
 31
0
  0
LINE
  5
50A
330
1A
100
AcDbEntity
  8
BLACK
  6
CONTINUOUS
100
AcDbLine
 10
0.6046260236220472
 20
0.9273594488188976
 30
0
 11
0.6046260236220472
 21
0.9275638582677165
 31
0
  0
LINE
  5
50B
330
1A
100
AcDbEntity
  8
BLACK
  6
CONTINUOUS
100
AcDbLine
 10
0.6046260236220472
 20
0.9275638582677165
 30
0
 11
0.6046259842519685
 21
0.9275648818897637
 31
0
  0
LINE
  5
50C
330
1A
100
AcDbEntity
  8
BLACK
  6
CONTINUOUS
100
AcDbLine
 10
0.6046259842519685
 20
0.9275648818897637
 30
0
 11
0.6046259842519685
 21
0.9349624015748031
 31
0
  0
LINE
  5
50D
330
1A
100
AcDbEntity
  8
BLACK
  6
CONTINUOUS
100
AcDbLine
 10
0.6046259842519685
 20
0.9349624015748031
 30
0
 11
0.6046259842519685
 21
1.0129624015748031
 31
0
  0
LINE
  5
50E
330
1A
100
AcDbEntity
  8
BLACK
  6
CONTINUOUS
100
AcDbLine
 10
0.6046259842519685
 20
1.0129624015748031
 30
0
 11
0.6046259842519685
 21
1.129623779527559
 31
0
  0
LINE
  5
50F
330
1A
100
AcDbEntity
  8
BLACK
  6
CONTINUOUS
100
AcDbLine
 10
0.6046259842519685
 20
1.129623779527559
 30
0
 11
0.6054134645669291
 21
1.1323057086614172
 31
0
  0
LINE
  5
510
330
1A
100
AcDbEntity
  8
BLACK
  6
CONTINUOUS
100
AcDbLine
 10
0.6054134645669291
 20
1.1323057086614172
 30
0
 11
0.6054620078740157
 21
1.1323797637795274
 31
0
  0
LINE
  5
511
330
1A
100
AcDbEntity
  8
BLACK
  6
CONTINUOUS
100
AcDbLine
 10
0.6054620078740157
 20
1.1323797637795274
 30
0
 11
0.6057475984251969
 21
1.1328071653543308
 31
0
  0
LINE
  5
512
330
1A
100
AcDbEntity
  8
BLACK
  6
CONTINUOUS
100
AcDbLine
 10
0.6057475984251969
 20
1.1328071653543308
 30
0
 11
0.6079288976377952
 21
1.1360716929133858
 31
0
  0
LINE
  5
513
330
1A
100
AcDbEntity
  8
BLACK
  6
CONTINUOUS
100
AcDbLine
 10
0.6079288976377952
 20
1.1360716929133858
 30
0
 11
0.6103046062992126
 21
1.1418072047244094
 31
0
  0
LINE
  5
514
330
1A
100
AcDbEntity
  8
BLACK
  6
CONTINUOUS
100
AcDbLine
 10
0.6103046062992126
 20
1.1418072047244094
 30
0
 11
0.611515748031496
 21
1.1478959842519685
 31
0
  0
LINE
  5
515
330
1A
100
AcDbEntity
  8
BLACK
  6
CONTINUOUS
100
AcDbLine
 10
0.611515748031496
 20
1.1478959842519685
 30
0
 11
0.611515748031496
 21
1.1541040157480316
 31
0
  0
LINE
  5
516
330
1A
100
AcDbEntity
  8
BLACK
  6
CONTINUOUS
100
AcDbLine
 10
0.611515748031496
 20
1.1541040157480316
 30
0
 11
0.6103046062992126
 21
1.1601927952755906
 31
0
  0
LINE
  5
517
330
1A
100
AcDbEntity
  8
BLACK
  6
CONTINUOUS
100
AcDbLine
 10
0.6103046062992126
 20
1.1601927952755906
 30
0
 11
0.6079288976377952
 21
1.1659283070866142
 31
0
  0
LINE
  5
518
330
1A
100
AcDbEntity
  8
BLACK
  6
CONTINUOUS
100
AcDbLine
 10
0.6079288976377952
 20
1.1659283070866142
 30
0
 11
0.605461968503937
 21
1.1696203543307087
 31
0
  0
LINE
  5
519
330
1A
100
AcDbEntity
  8
BLACK
  6
CONTINUOUS
100
AcDbLine
 10
0.605461968503937
 20
1.1696203543307087
 30
0
 11
0.6046267716535433
 21
1.1722877952755906
 31
0
  0
LINE
  5
51A
330
1A
100
AcDbEntity
  8
BLACK
  6
CONTINUOUS
100
AcDbLine
 10
0.6046267716535433
 20
1.1722877952755906
 30
0
 11
0.6046259842519685
 21
1.1723762992125983
 31
0
  0
LINE
  5
51B
330
1A
100
AcDbEntity
  8
BLACK
  6
CONTINUOUS
100
AcDbLine
 10
0.6046259842519685
 20
1.1723762992125983
 30
0
 11
0.6046259842519685
 21
1.2436600787401575
 31
0
  0
LINE
  5
51C
330
1A
100
AcDbEntity
  8
BLACK
  6
CONTINUOUS
100
AcDbLine
 10
0.6046259842519685
 20
1.2436600787401575
 30
0
 11
0.6054134645669291
 21
1.2463420078740157
 31
0
  0
LINE
  5
51D
330
1A
100
AcDbEntity
  8
BLACK
  6
CONTINUOUS
100
AcDbLine
 10
0.6054134645669291
 20
1.2463420078740157
 30
0
 11
0.607525905511811
 21
1.2481724409448818
 31
0
  0
LINE
  5
51E
330
1A
100
AcDbEntity
  8
BLACK
  6
CONTINUOUS
100
AcDbLine
 10
0.607525905511811
 20
1.2481724409448818
 30
0
 11
0.6102925984251968
 21
1.2485702362204725
 31
0
  0
LINE
  5
51F
330
1A
100
AcDbEntity
  8
BLACK
  6
CONTINUOUS
100
AcDbLine
 10
0.6102925984251968
 20
1.2485702362204725
 30
0
 11
0.611484842519685
 21
1.2482431496062991
 31
0
  0
LINE
  5
520
330
1A
100
AcDbEntity
  8
BLACK
  6
CONTINUOUS
100
AcDbLine
 10
0.611484842519685
 20
1.2482431496062991
 30
0
 11
0.6128072047244094
 21
1.2476953937007873
 31
0
  0
LINE
  5
521
330
1A
100
AcDbEntity
  8
BLACK
  6
CONTINUOUS
100
AcDbLine
 10
0.6128072047244094
 20
1.2476953937007873
 30
0
 11
0.6188959842519685
 21
1.246484251968504
 31
0
  0
LINE
  5
522
330
1A
100
AcDbEntity
  8
BLACK
  6
CONTINUOUS
100
AcDbLine
 10
0.6188959842519685
 20
1.246484251968504
 30
0
 11
0.6188960236220472
 21
1.246484251968504
 31
0
  0
LINE
  5
523
330
1A
100
AcDbEntity
  8
BLACK
  6
CONTINUOUS
100
AcDbLine
 10
0.6188960236220472
 20
1.246484251968504
 30
0
 11
0.6251039763779528
 21
1.246484251968504
 31
0
  0
LINE
  5
524
330
1A
100
AcDbEntity
  8
BLACK
  6
CONTINUOUS
100
AcDbLine
 10
0.6251039763779528
 20
1.246484251968504
 30
0
 11
0.6251040157480314
 21
1.246484251968504
 31
0
  0
LINE
  5
525
330
1A
100
AcDbEntity
  8
BLACK
  6
CONTINUOUS
100
AcDbLine
 10
0.6251040157480314
 20
1.246484251968504
 30
0
 11
0.6311927952755906
 21
1.2476953937007873
 31
0
  0
LINE
  5
526
330
1A
100
AcDbEntity
  8
BLACK
  6
CONTINUOUS
100
AcDbLine
 10
0.6311927952755906
 20
1.2476953937007873
 30
0
 11
0.6369283070866142
 21
1.2500711023622046
 31
0
  0
LINE
  5
527
330
1A
100
AcDbEntity
  8
BLACK
  6
CONTINUOUS
100
AcDbLine
 10
0.6369283070866142
 20
1.2500711023622046
 30
0
 11
0.6420901181102362
 21
1.2535201181102362
 31
0
  0
LINE
  5
528
330
1A
100
AcDbEntity
  8
BLACK
  6
CONTINUOUS
100
AcDbLine
 10
0.6420901181102362
 20
1.2535201181102362
 30
0
 11
0.6464798818897638
 21
1.2579098818897638
 31
0
  0
LINE
  5
529
330
1A
100
AcDbEntity
  8
BLACK
  6
CONTINUOUS
100
AcDbLine
 10
0.6464798818897638
 20
1.2579098818897638
 30
0
 11
0.6499288976377953
 21
1.2630716929133858
 31
0
  0
LINE
  5
52A
330
1A
100
AcDbEntity
  8
BLACK
  6
CONTINUOUS
100
AcDbLine
 10
0.6499288976377953
 20
1.2630716929133858
 30
0
 11
0.6523046062992126
 21
1.2688072047244094
 31
0
  0
LINE
  5
52B
330
1A
100
AcDbEntity
  8
BLACK
  6
CONTINUOUS
100
AcDbLine
 10
0.6523046062992126
 20
1.2688072047244094
 30
0
 11
0.653515748031496
 21
1.2748959842519685
 31
0
  0
LINE
  5
52C
330
1A
100
AcDbEntity
  8
BLACK
  6
CONTINUOUS
100
AcDbLine
 10
0.653515748031496
 20
1.2748959842519685
 30
0
 11
0.653515748031496
 21
1.2811040157480316
 31
0
  0
LINE
  5
52D
330
1A
100
AcDbEntity
  8
BLACK
  6
CONTINUOUS
100
AcDbLine
 10
0.653515748031496
 20
1.2811040157480316
 30
0
 11
0.6523046062992126
 21
1.2871927952755906
 31
0
  0
LINE
  5
52E
330
1A
100
AcDbEntity
  8
BLACK
  6
CONTINUOUS
100
AcDbLine
 10
0.6523046062992126
 20
1.2871927952755906
 30
0
 11
0.6499288976377953
 21
1.2929283070866142
 31
0
  0
LINE
  5
52F
330
1A
100
AcDbEntity
  8
BLACK
  6
CONTINUOUS
100
AcDbLine
 10
0.6499288976377953
 20
1.2929283070866142
 30
0
 11
0.647461968503937
 21
1.2966203543307087
 31
0
  0
LINE
  5
530
330
1A
100
AcDbEntity
  8
BLACK
  6
CONTINUOUS
100
AcDbLine
 10
0.647461968503937
 20
1.2966203543307087
 30
0
 11
0.6466267716535433
 21
1.2992877952755906
 31
0
  0
LINE
  5
531
330
1A
100
AcDbEntity
  8
BLACK
  6
CONTINUOUS
100
AcDbLine
 10
0.6466267716535433
 20
1.2992877952755906
 30
0
 11
0.6466259842519685
 21
1.2993762992125983
 31
0
  0
LINE
  5
532
330
1A
100
AcDbEntity
  8
BLACK
  6
CONTINUOUS
100
AcDbLine
 10
0.6466259842519685
 20
1.2993762992125983
 30
0
 11
0.6466259842519685
 21
1.5810598425196849
 31
0
  0
LINE
  5
533
330
1A
100
AcDbEntity
  8
BLACK
  6
CONTINUOUS
100
AcDbLine
 10
0.6466259842519685
 20
1.5810598425196849
 30
0
 11
0.6474134645669292
 21
1.5837417716535434
 31
0
  0
LINE
  5
534
330
1A
100
AcDbEntity
  8
BLACK
  6
CONTINUOUS
100
AcDbLine
 10
0.6474134645669292
 20
1.5837417716535434
 30
0
 11
0.648078937007874
 21
1.5845675196850393
 31
0
  0
LINE
  5
535
330
1A
100
AcDbEntity
  8
BLACK
  6
CONTINUOUS
100
AcDbLine
 10
0.648078937007874
 20
1.5845675196850393
 30
0
 11
0.8653052755905511
 21
1.8017938582677164
 31
0
  0
LINE
  5
536
330
1A
100
AcDbEntity
  8
BLACK
  6
CONTINUOUS
100
AcDbLine
 10
0.8653052755905511
 20
1.8017938582677164
 30
0
 11
0.8677585039370078
 21
1.803133464566929
 31
0
  0
LINE
  5
537
330
1A
100
AcDbEntity
  8
BLACK
  6
CONTINUOUS
100
AcDbLine
 10
0.8677585039370078
 20
1.803133464566929
 30
0
 11
0.8705464960629921
 21
1.8029340551181101
 31
0
  0
LINE
  5
538
330
1A
100
AcDbEntity
  8
BLACK
  6
CONTINUOUS
100
AcDbLine
 10
0.8705464960629921
 20
1.8029340551181101
 30
0
 11
0.8723206299212598
 21
1.8017938582677164
 31
0
  0
LINE
  5
539
330
1A
100
AcDbEntity
  8
BLACK
  6
CONTINUOUS
100
AcDbLine
 10
0.8723206299212598
 20
1.8017938582677164
 30
0
 11
0.9252899999999999
 21
1.7488244881889763
 31
0
  0
LINE
  5
53A
330
1A
100
AcDbEntity
  8
BLACK
  6
CONTINUOUS
100
AcDbLine
 10
0.9252899999999999
 20
1.7488244881889763
 30
0
 11
0.9252905511811024
 21
1.7488238976377952
 31
0
  0
LINE
  5
53B
330
1A
100
AcDbEntity
  8
BLACK
  6
CONTINUOUS
100
AcDbLine
 10
0.9252905511811024
 20
1.7488238976377952
 30
0
 11
0.925415
 21
1.7486994488188976
 31
0
  0
LINE
  5
53C
330
1A
100
AcDbEntity
  8
BLACK
  6
CONTINUOUS
100
AcDbLine
 10
0.925415
 20
1.7486994488188976
 30
0
 11
0.9254150393700787
 21
1.7486994094488189
 31
0
  0
LINE
  5
53D
330
1A
100
AcDbEntity
  8
BLACK
  6
CONTINUOUS
100
AcDbLine
 10
0.9254150393700787
 20
1.7486994094488189
 30
0
 11
0.9288451574803149
 21
1.7452692913385826
 31
0
  0
LINE
  5
53E
330
1A
100
AcDbEntity
  8
BLACK
  6
CONTINUOUS
100
AcDbLine
 10
0.9288451574803149
 20
1.7452692913385826
 30
0
 11
0.9310751574803149
 21
1.7437792519685038
 31
0
  0
LINE
  5
53F
330
1A
100
AcDbEntity
  8
BLACK
  6
CONTINUOUS
100
AcDbLine
 10
0.9310751574803149
 20
1.7437792519685038
 30
0
 11
0.9328785433070866
 21
1.7425742519685039
 31
0
  0
LINE
  5
540
330
1A
100
AcDbEntity
  8
BLACK
  6
CONTINUOUS
100
AcDbLine
 10
0.9328785433070866
 20
1.7425742519685039
 30
0
 11
0.9355038188976378
 21
1.7414868503937007
 31
0
  0
LINE
  5
541
330
1A
100
AcDbEntity
  8
BLACK
  6
CONTINUOUS
100
AcDbLine
 10
0.9355038188976378
 20
1.7414868503937007
 30
0
 11
0.937360157480315
 21
1.7407179133858268
 31
0
  0
LINE
  5
542
330
1A
100
AcDbEntity
  8
BLACK
  6
CONTINUOUS
100
AcDbLine
 10
0.937360157480315
 20
1.7407179133858268
 30
0
 11
0.9397390157480314
 21
1.7402447637795275
 31
0
  0
LINE
  5
543
330
1A
100
AcDbEntity
  8
BLACK
  6
CONTINUOUS
100
AcDbLine
 10
0.9397390157480314
 20
1.7402447637795275
 30
0
 11
0.9421178346456692
 21
1.7397715748031495
 31
0
  0
LINE
  5
544
330
1A
100
AcDbEntity
  8
BLACK
  6
CONTINUOUS
100
AcDbLine
 10
0.9421178346456692
 20
1.7397715748031495
 30
0
 11
0.942117874015748
 21
1.7397715748031495
 31
0
  0
LINE
  5
545
330
1A
100
AcDbEntity
  8
BLACK
  6
CONTINUOUS
100
AcDbLine
 10
0.942117874015748
 20
1.7397715748031495
 30
0
 11
1.346667401574803
 21
1.7397715748031495
 31
0
  0
LINE
  5
546
330
1A
100
AcDbEntity
  8
BLACK
  6
CONTINUOUS
100
AcDbLine
 10
1.346667401574803
 20
1.7397715748031495
 30
0
 11
1.3493493307086615
 21
1.7389840944881889
 31
0
  0
LINE
  5
547
330
1A
100
AcDbEntity
  8
BLACK
  6
CONTINUOUS
100
AcDbLine
 10
1.3493493307086615
 20
1.7389840944881889
 30
0
 11
1.3494233858267717
 21
1.7389355511811022
 31
0
  0
LINE
  5
548
330
1A
100
AcDbEntity
  8
BLACK
  6
CONTINUOUS
100
AcDbLine
 10
1.3494233858267717
 20
1.7389355511811022
 30
0
 11
1.3531153543307086
 21
1.7364686614173228
 31
0
  0
LINE
  5
549
330
1A
100
AcDbEntity
  8
BLACK
  6
CONTINUOUS
100
AcDbLine
 10
1.3531153543307086
 20
1.7364686614173228
 30
0
 11
1.3588508661417322
 21
1.7340929527559055
 31
0
  0
LINE
  5
54A
330
1A
100
AcDbEntity
  8
BLACK
  6
CONTINUOUS
100
AcDbLine
 10
1.3588508661417322
 20
1.7340929527559055
 30
0
 11
1.3649396456692913
 21
1.7328818110236219
 31
0
  0
LINE
  5
54B
330
1A
100
AcDbEntity
  8
BLACK
  6
CONTINUOUS
100
AcDbLine
 10
1.3649396456692913
 20
1.7328818110236219
 30
0
 11
1.36493968503937
 21
1.7328818110236219
 31
0
  0
LINE
  5
54C
330
1A
100
AcDbEntity
  8
BLACK
  6
CONTINUOUS
100
AcDbLine
 10
1.36493968503937
 20
1.7328818110236219
 30
0
 11
1.3711476377952756
 21
1.7328818110236219
 31
0
  0
LINE
  5
54D
330
1A
100
AcDbEntity
  8
BLACK
  6
CONTINUOUS
100
AcDbLine
 10
1.3711476377952756
 20
1.7328818110236219
 30
0
 11
1.3711476771653544
 21
1.7328818110236219
 31
0
  0
LINE
  5
54E
330
1A
100
AcDbEntity
  8
BLACK
  6
CONTINUOUS
100
AcDbLine
 10
1.3711476771653544
 20
1.7328818110236219
 30
0
 11
1.3772364566929134
 21
1.7340929527559055
 31
0
  0
LINE
  5
54F
330
1A
100
AcDbEntity
  8
BLACK
  6
CONTINUOUS
100
AcDbLine
 10
1.3772364566929134
 20
1.7340929527559055
 30
0
 11
1.382971968503937
 21
1.7364686614173228
 31
0
  0
LINE
  5
550
330
1A
100
AcDbEntity
  8
BLACK
  6
CONTINUOUS
100
AcDbLine
 10
1.382971968503937
 20
1.7364686614173228
 30
0
 11
1.3866639370078739
 21
1.7389355511811022
 31
0
  0
LINE
  5
551
330
1A
100
AcDbEntity
  8
BLACK
  6
CONTINUOUS
100
AcDbLine
 10
1.3866639370078739
 20
1.7389355511811022
 30
0
 11
1.3893313779527559
 21
1.7397707874015749
 31
0
  0
LINE
  5
552
330
1A
100
AcDbEntity
  8
BLACK
  6
CONTINUOUS
100
AcDbLine
 10
1.3893313779527559
 20
1.7397707874015749
 30
0
 11
1.3894199212598426
 21
1.7397715748031495
 31
0
  0
LINE
  5
553
330
1A
100
AcDbEntity
  8
BLACK
  6
CONTINUOUS
100
AcDbLine
 10
1.3894199212598426
 20
1.7397715748031495
 30
0
 11
1.482507874015748
 21
1.7397715748031495
 31
0
  0
LINE
  5
554
330
1A
100
AcDbEntity
  8
BLACK
  6
CONTINUOUS
100
AcDbLine
 10
1.482507874015748
 20
1.7397715748031495
 30
0
 11
1.4825080708661418
 21
1.7397715748031495
 31
0
  0
LINE
  5
555
330
1A
100
AcDbEntity
  8
BLACK
  6
CONTINUOUS
100
AcDbLine
 10
1.4825080708661418
 20
1.7397715748031495
 30
0
 11
1.4848868897637795
 21
1.7402447637795275
 31
0
  0
LINE
  5
556
330
1A
100
AcDbEntity
  8
BLACK
  6
CONTINUOUS
100
AcDbLine
 10
1.4848868897637795
 20
1.7402447637795275
 30
0
 11
1.4872657480314961
 21
1.7407179133858268
 31
0
  0
LINE
  5
557
330
1A
100
AcDbEntity
  8
BLACK
  6
CONTINUOUS
100
AcDbLine
 10
1.4872657480314961
 20
1.7407179133858268
 30
0
 11
1.4886691338582676
 21
1.7412992125984252
 31
0
  0
LINE
  5
558
330
1A
100
AcDbEntity
  8
BLACK
  6
CONTINUOUS
100
AcDbLine
 10
1.4886691338582676
 20
1.7412992125984252
 30
0
 11
1.4917474015748031
 21
1.7425742519685039
 31
0
  0
LINE
  5
559
330
1A
100
AcDbEntity
  8
BLACK
  6
CONTINUOUS
100
AcDbLine
 10
1.4917474015748031
 20
1.7425742519685039
 30
0
 11
1.4943412204724409
 21
1.7443074409448818
 31
0
  0
LINE
  5
55A
330
1A
100
AcDbEntity
  8
BLACK
  6
CONTINUOUS
100
AcDbLine
 10
1.4943412204724409
 20
1.7443074409448818
 30
0
 11
1.495780748031496
 21
1.7452692913385826
 31
0
  0
LINE
  5
55B
330
1A
100
AcDbEntity
  8
BLACK
  6
CONTINUOUS
100
AcDbLine
 10
1.495780748031496
 20
1.7452692913385826
 30
0
 11
1.4992108661417323
 21
1.7486994094488189
 31
0
  0
LINE
  5
55C
330
1A
100
AcDbEntity
  8
BLACK
  6
CONTINUOUS
100
AcDbLine
 10
1.4992108661417323
 20
1.7486994094488189
 30
0
 11
1.4994932677165353
 21
1.7489818110236219
 31
0
  0
LINE
  5
55D
330
1A
100
AcDbEntity
  8
BLACK
  6
CONTINUOUS
100
AcDbLine
 10
1.4994932677165353
 20
1.7489818110236219
 30
0
 11
1.4994937007874016
 21
1.7489823622047245
 31
0
  0
LINE
  5
55E
330
1A
100
AcDbEntity
  8
BLACK
  6
CONTINUOUS
100
AcDbLine
 10
1.4994937007874016
 20
1.7489823622047245
 30
0
 11
1.6068394094488188
 21
1.8563280708661416
 31
0
  0
LINE
  5
55F
330
1A
100
AcDbEntity
  8
BLACK
  6
CONTINUOUS
100
AcDbLine
 10
1.6068394094488188
 20
1.8563280708661416
 30
0
 11
1.6092925590551181
 21
1.8576675984251969
 31
0
  0
LINE
  5
560
330
1A
100
AcDbEntity
  8
BLACK
  6
CONTINUOUS
100
AcDbLine
 10
1.6092925590551181
 20
1.8576675984251969
 30
0
 11
1.6093792913385827
 21
1.8576856299212599
 31
0
  0
LINE
  5
561
330
1A
100
AcDbEntity
  8
BLACK
  6
CONTINUOUS
100
AcDbLine
 10
1.6093792913385827
 20
1.8576856299212599
 30
0
 11
1.6123342125984252
 21
1.8582733858267717
 31
0
  0
LINE
  5
562
330
1A
100
AcDbEntity
  8
BLACK
  6
CONTINUOUS
100
AcDbLine
 10
1.6123342125984252
 20
1.8582733858267717
 30
0
 11
1.6123342125984252
 21
1.8582734251968505
 31
0
  0
LINE
  5
563
330
1A
100
AcDbEntity
  8
BLACK
  6
CONTINUOUS
100
AcDbLine
 10
1.6123342125984252
 20
1.8582734251968505
 30
0
 11
1.6123344094488188
 21
1.8582734251968505
 31
0
  0
LINE
  5
564
330
1A
100
AcDbEntity
  8
BLACK
  6
CONTINUOUS
100
AcDbLine
 10
1.6123344094488188
 20
1.8582734251968505
 30
0
 11
1.6180699212598424
 21
1.8606491338582676
 31
0
  0
LINE
  5
565
330
1A
100
AcDbEntity
  8
BLACK
  6
CONTINUOUS
100
AcDbLine
 10
1.6180699212598424
 20
1.8606491338582676
 30
0
 11
1.6232317322834646
 21
1.8640981496062992
 31
0
  0
LINE
  5
566
330
1A
100
AcDbEntity
  8
BLACK
  6
CONTINUOUS
100
AcDbLine
 10
1.6232317322834646
 20
1.8640981496062992
 30
0
 11
1.627621496062992
 21
1.8684879133858268
 31
0
  0
LINE
  5
567
330
1A
100
AcDbEntity
  8
BLACK
  6
CONTINUOUS
100
AcDbLine
 10
1.627621496062992
 20
1.8684879133858268
 30
0
 11
1.6310705118110236
 21
1.8736497244094488
 31
0
  0
LINE
  5
568
330
1A
100
AcDbEntity
  8
BLACK
  6
CONTINUOUS
100
AcDbLine
 10
1.6310705118110236
 20
1.8736497244094488
 30
0
 11
1.6334462204724409
 21
1.8793852362204724
 31
0
  0
LINE
  5
569
330
1A
100
AcDbEntity
  8
BLACK
  6
CONTINUOUS
100
AcDbLine
 10
1.6334462204724409
 20
1.8793852362204724
 30
0
 11
1.6346573622047245
 21
1.8854740157480314
 31
0
  0
LINE
  5
56A
330
1A
100
AcDbEntity
  8
BLACK
  6
CONTINUOUS
100
AcDbLine
 10
1.6346573622047245
 20
1.8854740157480314
 30
0
 11
1.6346573622047245
 21
1.8916820472440945
 31
0
  0
LINE
  5
56B
330
1A
100
AcDbEntity
  8
BLACK
  6
CONTINUOUS
100
AcDbLine
 10
1.6346573622047245
 20
1.8916820472440945
 30
0
 11
1.6334462204724409
 21
1.8977708267716535
 31
0
  0
LINE
  5
56C
330
1A
100
AcDbEntity
  8
BLACK
  6
CONTINUOUS
100
AcDbLine
 10
1.6334462204724409
 20
1.8977708267716535
 30
0
 11
1.6310705118110236
 21
1.9035063385826771
 31
0
  0
LINE
  5
56D
330
1A
100
AcDbEntity
  8
BLACK
  6
CONTINUOUS
100
AcDbLine
 10
1.6310705118110236
 20
1.9035063385826771
 30
0
 11
1.627621496062992
 21
1.9086681496062992
 31
0
  0
LINE
  5
56E
330
1A
100
AcDbEntity
  8
BLACK
  6
CONTINUOUS
100
AcDbLine
 10
1.627621496062992
 20
1.9086681496062992
 30
0
 11
1.6232317322834646
 21
1.9130579133858268
 31
0
  0
LINE
  5
56F
330
1A
100
AcDbEntity
  8
BLACK
  6
CONTINUOUS
100
AcDbLine
 10
1.6232317322834646
 20
1.9130579133858268
 30
0
 11
1.6180699212598424
 21
1.9165069291338581
 31
0
  0
LINE
  5
570
330
1A
100
AcDbEntity
  8
BLACK
  6
CONTINUOUS
100
AcDbLine
 10
1.6180699212598424
 20
1.9165069291338581
 30
0
 11
1.6123344094488188
 21
1.9188826377952755
 31
0
  0
LINE
  5
571
330
1A
100
AcDbEntity
  8
BLACK
  6
CONTINUOUS
100
AcDbLine
 10
1.6123344094488188
 20
1.9188826377952755
 30
0
 11
1.6062457086614172
 21
1.920093779527559
 31
0
  0
LINE
  5
572
330
1A
100
AcDbEntity
  8
BLACK
  6
CONTINUOUS
100
AcDbLine
 10
1.6062457086614172
 20
1.920093779527559
 30
0
 11
1.6062456299212597
 21
1.920093779527559
 31
0
  0
LINE
  5
573
330
1A
100
AcDbEntity
  8
BLACK
  6
CONTINUOUS
100
AcDbLine
 10
1.6062456299212597
 20
1.920093779527559
 30
0
 11
1.6000375984251969
 21
1.920093779527559
 31
0
  0
LINE
  5
574
330
1A
100
AcDbEntity
  8
BLACK
  6
CONTINUOUS
100
AcDbLine
 10
1.6000375984251969
 20
1.920093779527559
 30
0
 11
1.6000374803149606
 21
1.920093779527559
 31
0
  0
LINE
  5
575
330
1A
100
AcDbEntity
  8
BLACK
  6
CONTINUOUS
100
AcDbLine
 10
1.6000374803149606
 20
1.920093779527559
 30
0
 11
1.5939487795275591
 21
1.9188826377952755
 31
0
  0
LINE
  5
576
330
1A
100
AcDbEntity
  8
BLACK
  6
CONTINUOUS
100
AcDbLine
 10
1.5939487795275591
 20
1.9188826377952755
 30
0
 11
1.5939485826771653
 21
1.9188825590551182
 31
0
  0
LINE
  5
577
330
1A
100
AcDbEntity
  8
BLACK
  6
CONTINUOUS
100
AcDbLine
 10
1.5939485826771653
 20
1.9188825590551182
 30
0
 11
1.5882132677165355
 21
1.9165069291338581
 31
0
  0
LINE
  5
578
330
1A
100
AcDbEntity
  8
BLACK
  6
CONTINUOUS
100
AcDbLine
 10
1.5882132677165355
 20
1.9165069291338581
 30
0
 11
1.583051653543307
 21
1.913058031496063
 31
0
  0
LINE
  5
579
330
1A
100
AcDbEntity
  8
BLACK
  6
CONTINUOUS
100
AcDbLine
 10
1.583051653543307
 20
1.913058031496063
 30
0
 11
1.583051377952756
 21
1.9130578346456693
 31
0
  0
LINE
  5
57A
330
1A
100
AcDbEntity
  8
BLACK
  6
CONTINUOUS
100
AcDbLine
 10
1.583051377952756
 20
1.9130578346456693
 30
0
 11
1.5786618110236219
 21
1.9086682677165354
 31
0
  0
LINE
  5
57B
330
1A
100
AcDbEntity
  8
BLACK
  6
CONTINUOUS
100
AcDbLine
 10
1.5786618110236219
 20
1.9086682677165354
 30
0
 11
1.5786616141732284
 21
1.9086679921259841
 31
0
  0
LINE
  5
57C
330
1A
100
AcDbEntity
  8
BLACK
  6
CONTINUOUS
100
AcDbLine
 10
1.5786616141732284
 20
1.9086679921259841
 30
0
 11
1.575212716535433
 21
1.9035063779527559
 31
0
  0
LINE
  5
57D
330
1A
100
AcDbEntity
  8
BLACK
  6
CONTINUOUS
100
AcDbLine
 10
1.575212716535433
 20
1.9035063779527559
 30
0
 11
1.5728370866141732
 21
1.8977710629921258
 31
0
  0
LINE
  5
57E
330
1A
100
AcDbEntity
  8
BLACK
  6
CONTINUOUS
100
AcDbLine
 10
1.5728370866141732
 20
1.8977710629921258
 30
0
 11
1.5728370078740157
 21
1.8977708661417323
 31
0
  0
LINE
  5
57F
330
1A
100
AcDbEntity
  8
BLACK
  6
CONTINUOUS
100
AcDbLine
 10
1.5728370078740157
 20
1.8977708661417323
 30
0
 11
1.571692244094488
 21
1.8920158661417323
 31
0
  0
LINE
  5
580
330
1A
100
AcDbEntity
  8
BLACK
  6
CONTINUOUS
100
AcDbLine
 10
1.571692244094488
 20
1.8920158661417323
 30
0
 11
1.5703966535433072
 21
1.8895390944881889
 31
0
  0
LINE
  5
581
330
1A
100
AcDbEntity
  8
BLACK
  6
CONTINUOUS
100
AcDbLine
 10
1.5703966535433072
 20
1.8895390944881889
 30
0
 11
1.5703346062992125
 21
1.8894759842519684
 31
0
  0
LINE
  5
582
330
1A
100
AcDbEntity
  8
BLACK
  6
CONTINUOUS
100
AcDbLine
 10
1.5703346062992125
 20
1.8894759842519684
 30
0
 11
1.4713351574803148
 21
1.7904764960629922
 31
0
  0
LINE
  5
583
330
1A
100
AcDbEntity
  8
BLACK
  6
CONTINUOUS
100
AcDbLine
 10
1.4713351574803148
 20
1.7904764960629922
 30
0
 11
1.4688819291338582
 21
1.7891369291338581
 31
0
  0
LINE
  5
584
330
1A
100
AcDbEntity
  8
BLACK
  6
CONTINUOUS
100
AcDbLine
 10
1.4688819291338582
 20
1.7891369291338581
 30
0
 11
1.4678274803149607
 21
1.7890235433070867
 31
0
  0
LINE
  5
585
330
1A
100
AcDbEntity
  8
BLACK
  6
CONTINUOUS
100
AcDbLine
 10
1.4678274803149607
 20
1.7890235433070867
 30
0
 11
1.3894199212598426
 21
1.7890235433070867
 31
0
  0
LINE
  5
586
330
1A
100
AcDbEntity
  8
BLACK
  6
CONTINUOUS
100
AcDbLine
 10
1.3894199212598426
 20
1.7890235433070867
 30
0
 11
1.3867379921259841
 21
1.7898110236220472
 31
0
  0
LINE
  5
587
330
1A
100
AcDbEntity
  8
BLACK
  6
CONTINUOUS
100
AcDbLine
 10
1.3867379921259841
 20
1.7898110236220472
 30
0
 11
1.3866639370078739
 21
1.7898595669291337
 31
0
  0
LINE
  5
588
330
1A
100
AcDbEntity
  8
BLACK
  6
CONTINUOUS
100
AcDbLine
 10
1.3866639370078739
 20
1.7898595669291337
 30
0
 11
1.382971968503937
 21
1.7923264566929134
 31
0
  0
LINE
  5
589
330
1A
100
AcDbEntity
  8
BLACK
  6
CONTINUOUS
100
AcDbLine
 10
1.382971968503937
 20
1.7923264566929134
 30
0
 11
1.3772366535433072
 21
1.7947020866141732
 31
0
  0
LINE
  5
58A
330
1A
100
AcDbEntity
  8
BLACK
  6
CONTINUOUS
100
AcDbLine
 10
1.3772366535433072
 20
1.7947020866141732
 30
0
 11
1.3772364566929134
 21
1.7947021653543307
 31
0
  0
LINE
  5
58B
330
1A
100
AcDbEntity
  8
BLACK
  6
CONTINUOUS
100
AcDbLine
 10
1.3772364566929134
 20
1.7947021653543307
 30
0
 11
1.3711477559055119
 21
1.7959133070866142
 31
0
  0
LINE
  5
58C
330
1A
100
AcDbEntity
  8
BLACK
  6
CONTINUOUS
100
AcDbLine
 10
1.3711477559055119
 20
1.7959133070866142
 30
0
 11
1.3711476771653544
 21
1.7959133070866142
 31
0
  0
LINE
  5
58D
330
1A
100
AcDbEntity
  8
BLACK
  6
CONTINUOUS
100
AcDbLine
 10
1.3711476771653544
 20
1.7959133070866142
 30
0
 11
1.3649396456692913
 21
1.7959133070866142
 31
0
  0
LINE
  5
58E
330
1A
100
AcDbEntity
  8
BLACK
  6
CONTINUOUS
100
AcDbLine
 10
1.3649396456692913
 20
1.7959133070866142
 30
0
 11
1.364939527559055
 21
1.7959133070866142
 31
0
  0
LINE
  5
58F
330
1A
100
AcDbEntity
  8
BLACK
  6
CONTINUOUS
100
AcDbLine
 10
1.364939527559055
 20
1.7959133070866142
 30
0
 11
1.3588508267716535
 21
1.7947021653543307
 31
0
  0
LINE
  5
590
330
1A
100
AcDbEntity
  8
BLACK
  6
CONTINUOUS
100
AcDbLine
 10
1.3588508267716535
 20
1.7947021653543307
 30
0
 11
1.3588506299212597
 21
1.7947020866141732
 31
0
  0
LINE
  5
591
330
1A
100
AcDbEntity
  8
BLACK
  6
CONTINUOUS
100
AcDbLine
 10
1.3588506299212597
 20
1.7947020866141732
 30
0
 11
1.3531153149606299
 21
1.7923264566929134
 31
0
  0
LINE
  5
592
330
1A
100
AcDbEntity
  8
BLACK
  6
CONTINUOUS
100
AcDbLine
 10
1.3531153149606299
 20
1.7923264566929134
 30
0
 11
1.3494233858267717
 21
1.7898595669291337
 31
0
  0
LINE
  5
593
330
1A
100
AcDbEntity
  8
BLACK
  6
CONTINUOUS
100
AcDbLine
 10
1.3494233858267717
 20
1.7898595669291337
 30
0
 11
1.3467559448818898
 21
1.7890243307086613
 31
0
  0
LINE
  5
594
330
1A
100
AcDbEntity
  8
BLACK
  6
CONTINUOUS
100
AcDbLine
 10
1.3467559448818898
 20
1.7890243307086613
 30
0
 11
1.346667401574803
 21
1.7890235433070867
 31
0
  0
LINE
  5
595
330
1A
100
AcDbEntity
  8
BLACK
  6
CONTINUOUS
100
AcDbLine
 10
1.346667401574803
 20
1.7890235433070867
 30
0
 11
0.9567984251968503
 21
1.7890235433070867
 31
0
  0
LINE
  5
596
330
1A
100
AcDbEntity
  8
BLACK
  6
CONTINUOUS
100
AcDbLine
 10
0.9567984251968503
 20
1.7890235433070867
 30
0
 11
0.9541164960629921
 21
1.7898110236220472
 31
0
  0
LINE
  5
597
330
1A
100
AcDbEntity
  8
BLACK
  6
CONTINUOUS
100
AcDbLine
 10
0.9541164960629921
 20
1.7898110236220472
 30
0
 11
0.953290748031496
 21
1.7904764960629922
 31
0
  0
LINE
  5
598
330
1A
100
AcDbEntity
  8
BLACK
  6
CONTINUOUS
100
AcDbLine
 10
0.953290748031496
 20
1.7904764960629922
 30
0
 11
0.8956222440944882
 21
1.8481449999999999
 31
0
  0
LINE
  5
599
330
1A
100
AcDbEntity
  8
BLACK
  6
CONTINUOUS
100
AcDbLine
 10
0.8956222440944882
 20
1.8481449999999999
 30
0
 11
0.8942826377952756
 21
1.8505982283464566
 31
0
  0
LINE
  5
59A
330
1A
100
AcDbEntity
  8
BLACK
  6
CONTINUOUS
100
AcDbLine
 10
0.8942826377952756
 20
1.8505982283464566
 30
0
 11
0.8941692913385827
 21
1.8516526771653543
 31
0
  0
LINE
  5
59B
330
1A
100
AcDbEntity
  8
BLACK
  6
CONTINUOUS
100
AcDbLine
 10
0.8941692913385827
 20
1.8516526771653543
 30
0
 11
0.8941692913385827
 21
1.8802836614173228
 31
0
  0
LINE
  5
59C
330
1A
100
AcDbEntity
  8
BLACK
  6
CONTINUOUS
100
AcDbLine
 10
0.8941692913385827
 20
1.8802836614173228
 30
0
 11
0.8941692519685039
 21
1.8802839370078739
 31
0
  0
LINE
  5
59D
330
1A
100
AcDbEntity
  8
BLACK
  6
CONTINUOUS
100
AcDbLine
 10
0.8941692519685039
 20
1.8802839370078739
 30
0
 11
0.8939055905511811
 21
1.8816094094488189
 31
0
  0
LINE
  5
59E
330
1A
100
AcDbEntity
  8
BLACK
  6
CONTINUOUS
100
AcDbLine
 10
0.8939055905511811
 20
1.8816094094488189
 30
0
 11
0.8932229527559055
 21
1.8850414173228347
 31
0
  0
LINE
  5
59F
330
1A
100
AcDbEntity
  8
BLACK
  6
CONTINUOUS
100
AcDbLine
 10
0.8932229527559055
 20
1.8850414173228347
 30
0
 11
0.8917968897637795
 21
1.8884842519685039
 31
0
  0
LINE
  5
5A0
330
1A
100
AcDbEntity
  8
BLACK
  6
CONTINUOUS
100
AcDbLine
 10
0.8917968897637795
 20
1.8884842519685039
 30
0
 11
0.8913666141732284
 21
1.8895230708661417
 31
0
  0
LINE
  5
5A1
330
1A
100
AcDbEntity
  8
BLACK
  6
CONTINUOUS
100
AcDbLine
 10
0.8913666141732284
 20
1.8895230708661417
 30
0
 11
0.8904011023622047
 21
1.8909680314960629
 31
0
  0
LINE
  5
5A2
330
1A
100
AcDbEntity
  8
BLACK
  6
CONTINUOUS
100
AcDbLine
 10
0.8904011023622047
 20
1.8909680314960629
 30
0
 11
0.8899183858267716
 21
1.8916904724409449
 31
0
  0
LINE
  5
5A3
330
1A
100
AcDbEntity
  8
BLACK
  6
CONTINUOUS
100
AcDbLine
 10
0.8899183858267716
 20
1.8916904724409449
 30
0
 11
0.8899183070866141
 21
1.8916905511811024
 31
0
  0
LINE
  5
5A4
330
1A
100
AcDbEntity
  8
BLACK
  6
CONTINUOUS
100
AcDbLine
 10
0.8899183070866141
 20
1.8916905511811024
 30
0
 11
0.8886715748031496
 21
1.8935564173228345
 31
0
  0
LINE
  5
5A5
330
1A
100
AcDbEntity
  8
BLACK
  6
CONTINUOUS
100
AcDbLine
 10
0.8886715748031496
 20
1.8935564173228345
 30
0
 11
0.8886713779527559
 21
1.893556653543307
 31
0
  0
LINE
  5
5A6
330
1A
100
AcDbEntity
  8
BLACK
  6
CONTINUOUS
100
AcDbLine
 10
0.8886713779527559
 20
1.893556653543307
 30
0
 11
0.8851175984251969
 21
1.8971104330708661
 31
0
  0
LINE
  5
5A7
330
1A
100
AcDbEntity
  8
BLACK
  6
CONTINUOUS
100
AcDbLine
 10
0.8851175984251969
 20
1.8971104330708661
 30
0
 11
0.8851163779527559
 21
1.8971115748031495
 31
0
  0
LINE
  5
5A8
330
1A
100
AcDbEntity
  8
BLACK
  6
CONTINUOUS
100
AcDbLine
 10
0.8851163779527559
 20
1.8971115748031495
 30
0
 11
0.84202
 21
1.9402079527559055
 31
0
  0
LINE
  5
5A9
330
1A
100
AcDbEntity
  8
BLACK
  6
CONTINUOUS
100
AcDbLine
 10
0.84202
 20
1.9402079527559055
 30
0
 11
0.8420192125984252
 21
1.9402088188976379
 31
0
  0
LINE
  5
5AA
330
1A
100
AcDbEntity
  8
BLACK
  6
CONTINUOUS
100
AcDbLine
 10
0.8420192125984252
 20
1.9402088188976379
 30
0
 11
0.8384164566929133
 21
1.9438115748031495
 31
0
  0
LINE
  5
5AB
330
1A
100
AcDbEntity
  8
BLACK
  6
CONTINUOUS
100
AcDbLine
 10
0.8384164566929133
 20
1.9438115748031495
 30
0
 11
0.8384162204724409
 21
1.9438117716535432
 31
0
  0
LINE
  5
5AC
330
1A
100
AcDbEntity
  8
BLACK
  6
CONTINUOUS
100
AcDbLine
 10
0.8384162204724409
 20
1.9438117716535432
 30
0
 11
0.8363995669291339
 21
1.9451592519685039
 31
0
  0
LINE
  5
5AD
330
1A
100
AcDbEntity
  8
BLACK
  6
CONTINUOUS
100
AcDbLine
 10
0.8363995669291339
 20
1.9451592519685039
 30
0
 11
0.8343829133858267
 21
1.9465067716535434
 31
0
  0
LINE
  5
5AE
330
1A
100
AcDbEntity
  8
BLACK
  6
CONTINUOUS
100
AcDbLine
 10
0.8343829133858267
 20
1.9465067716535434
 30
0
 11
0.8343829527559055
 21
1.9465067716535434
 31
0
  0
LINE
  5
5AF
330
1A
100
AcDbEntity
  8
BLACK
  6
CONTINUOUS
100
AcDbLine
 10
0.8343829527559055
 20
1.9465067716535434
 30
0
 11
0.8343828740157481
 21
1.9465068110236221
 31
0
  0
LINE
  5
5B0
330
1A
100
AcDbEntity
  8
BLACK
  6
CONTINUOUS
100
AcDbLine
 10
0.8343828740157481
 20
1.9465068110236221
 30
0
 11
0.8312138582677165
 21
1.9478194094488188
 31
0
  0
LINE
  5
5B1
330
1A
100
AcDbEntity
  8
BLACK
  6
CONTINUOUS
100
AcDbLine
 10
0.8312138582677165
 20
1.9478194094488188
 30
0
 11
0.831213779527559
 21
1.9478194881889763
 31
0
  0
LINE
  5
5B2
330
1A
100
AcDbEntity
  8
BLACK
  6
CONTINUOUS
100
AcDbLine
 10
0.831213779527559
 20
1.9478194881889763
 30
0
 11
0.831213779527559
 21
1.9478194488188976
 31
0
  0
LINE
  5
5B3
330
1A
100
AcDbEntity
  8
BLACK
  6
CONTINUOUS
100
AcDbLine
 10
0.831213779527559
 20
1.9478194488188976
 30
0
 11
0.8299015354330709
 21
1.9483630314960629
 31
0
  0
LINE
  5
5B4
330
1A
100
AcDbEntity
  8
BLACK
  6
CONTINUOUS
100
AcDbLine
 10
0.8299015354330709
 20
1.9483630314960629
 30
0
 11
0.8299012992125984
 21
1.9483631102362204
 31
0
  0
LINE
  5
5B5
330
1A
100
AcDbEntity
  8
BLACK
  6
CONTINUOUS
100
AcDbLine
 10
0.8299012992125984
 20
1.9483631102362204
 30
0
 11
0.828711811023622
 21
1.9485997244094488
 31
0
  0
LINE
  5
5B6
330
1A
100
AcDbEntity
  8
BLACK
  6
CONTINUOUS
100
AcDbLine
 10
0.828711811023622
 20
1.9485997244094488
 30
0
 11
0.8275224015748032
 21
1.9488362992125985
 31
0
  0
LINE
  5
5B7
330
1A
100
AcDbEntity
  8
BLACK
  6
CONTINUOUS
100
AcDbLine
 10
0.8275224015748032
 20
1.9488362992125985
 30
0
 11
0.8275223622047244
 21
1.948836338582677
 31
0
  0
LINE
  5
5B8
330
1A
100
AcDbEntity
  8
BLACK
  6
CONTINUOUS
100
AcDbLine
 10
0.8275223622047244
 20
1.948836338582677
 30
0
 11
0.8251437401574803
 21
1.9493094488188976
 31
0
  0
LINE
  5
5B9
330
1A
100
AcDbEntity
  8
BLACK
  6
CONTINUOUS
100
AcDbLine
 10
0.8251437401574803
 20
1.9493094488188976
 30
0
 11
0.8251435826771654
 21
1.9493094488188976
 31
0
  0
LINE
  5
5BA
330
1A
100
AcDbEntity
  8
BLACK
  6
CONTINUOUS
100
AcDbLine
 10
0.8251435826771654
 20
1.9493094488188976
 30
0
 11
0.8251435433070866
 21
1.9493094488188976
 31
0
  0
LINE
  5
5BB
330
1A
100
AcDbEntity
  8
BLACK
  6
CONTINUOUS
100
AcDbLine
 10
0.8251435433070866
 20
1.9493094488188976
 30
0
 11
0.6987820078740158
 21
1.9493094488188976
 31
0
  0
LINE
  5
5BC
330
1A
100
AcDbEntity
  8
BLACK
  6
CONTINUOUS
100
AcDbLine
 10
0.6987820078740158
 20
1.9493094488188976
 30
0
 11
0.6961000787401574
 21
1.9500969291338581
 31
0
  0
LINE
  5
5BD
330
1A
100
AcDbEntity
  8
BLACK
  6
CONTINUOUS
100
AcDbLine
 10
0.6961000787401574
 20
1.9500969291338581
 30
0
 11
0.6960260236220472
 21
1.9501454724409448
 31
0
  0
LINE
  5
5BE
330
1A
100
AcDbEntity
  8
BLACK
  6
CONTINUOUS
100
AcDbLine
 10
0.6960260236220472
 20
1.9501454724409448
 30
0
 11
0.6923340551181102
 21
1.9526123622047244
 31
0
  0
LINE
  5
5BF
330
1A
100
AcDbEntity
  8
BLACK
  6
CONTINUOUS
100
AcDbLine
 10
0.6923340551181102
 20
1.9526123622047244
 30
0
 11
0.6865987401574803
 21
1.9549879921259843
 31
0
  0
LINE
  5
5C0
330
1A
100
AcDbEntity
  8
BLACK
  6
CONTINUOUS
100
AcDbLine
 10
0.6865987401574803
 20
1.9549879921259843
 30
0
 11
0.6865985433070866
 21
1.9549880708661418
 31
0
  0
LINE
  5
5C1
330
1A
100
AcDbEntity
  8
BLACK
  6
CONTINUOUS
100
AcDbLine
 10
0.6865985433070866
 20
1.9549880708661418
 30
0
 11
0.680509842519685
 21
1.9561992125984251
 31
0
  0
LINE
  5
5C2
330
1A
100
AcDbEntity
  8
BLACK
  6
CONTINUOUS
100
AcDbLine
 10
0.680509842519685
 20
1.9561992125984251
 30
0
 11
0.6805097637795275
 21
1.9561992125984251
 31
0
  0
LINE
  5
5C3
330
1A
100
AcDbEntity
  8
BLACK
  6
CONTINUOUS
100
AcDbLine
 10
0.6805097637795275
 20
1.9561992125984251
 30
0
 11
0.6743017322834646
 21
1.9561992125984251
 31
0
  0
LINE
  5
5C4
330
1A
100
AcDbEntity
  8
BLACK
  6
CONTINUOUS
100
AcDbLine
 10
0.6743017322834646
 20
1.9561992125984251
 30
0
 11
0.6743016141732283
 21
1.9561992125984251
 31
0
  0
LINE
  5
5C5
330
1A
100
AcDbEntity
  8
BLACK
  6
CONTINUOUS
100
AcDbLine
 10
0.6743016141732283
 20
1.9561992125984251
 30
0
 11
0.6682129133858268
 21
1.9549880708661418
 31
0
  0
LINE
  5
5C6
330
1A
100
AcDbEntity
  8
BLACK
  6
CONTINUOUS
100
AcDbLine
 10
0.6682129133858268
 20
1.9549880708661418
 30
0
 11
0.668212716535433
 21
1.9549879921259843
 31
0
  0
LINE
  5
5C7
330
1A
100
AcDbEntity
  8
BLACK
  6
CONTINUOUS
100
AcDbLine
 10
0.668212716535433
 20
1.9549879921259843
 30
0
 11
0.6624774015748032
 21
1.9526123622047244
 31
0
  0
LINE
  5
5C8
330
1A
100
AcDbEntity
  8
BLACK
  6
CONTINUOUS
100
AcDbLine
 10
0.6624774015748032
 20
1.9526123622047244
 30
0
 11
0.6573157874015748
 21
1.9491634645669291
 31
0
  0
LINE
  5
5C9
330
1A
100
AcDbEntity
  8
BLACK
  6
CONTINUOUS
100
AcDbLine
 10
0.6573157874015748
 20
1.9491634645669291
 30
0
 11
0.6573155118110237
 21
1.9491632677165354
 31
0
  0
LINE
  5
5CA
330
1A
100
AcDbEntity
  8
BLACK
  6
CONTINUOUS
100
AcDbLine
 10
0.6573155118110237
 20
1.9491632677165354
 30
0
 11
0.6529259448818897
 21
1.9447737007874015
 31
0
  0
LINE
  5
5CB
330
1A
100
AcDbEntity
  8
BLACK
  6
CONTINUOUS
100
AcDbLine
 10
0.6529259448818897
 20
1.9447737007874015
 30
0
 11
0.6529257480314961
 21
1.9447734251968503
 31
0
  0
LINE
  5
5CC
330
1A
100
AcDbEntity
  8
BLACK
  6
CONTINUOUS
100
AcDbLine
 10
0.6529257480314961
 20
1.9447734251968503
 30
0
 11
0.6494768503937007
 21
1.939611811023622
 31
0
  0
LINE
  5
5CD
330
1A
100
AcDbEntity
  8
BLACK
  6
CONTINUOUS
100
AcDbLine
 10
0.6494768503937007
 20
1.939611811023622
 30
0
 11
0.6471012204724409
 21
1.9338764960629922
 31
0
  0
LINE
  5
5CE
330
1A
100
AcDbEntity
  8
BLACK
  6
CONTINUOUS
100
AcDbLine
 10
0.6471012204724409
 20
1.9338764960629922
 30
0
 11
0.6471011417322835
 21
1.9338762992125984
 31
0
  0
LINE
  5
5CF
330
1A
100
AcDbEntity
  8
BLACK
  6
CONTINUOUS
100
AcDbLine
 10
0.6471011417322835
 20
1.9338762992125984
 30
0
 11
0.64589
 21
1.9277875984251969
 31
0
  0
LINE
  5
5D0
330
1A
100
AcDbEntity
  8
BLACK
  6
CONTINUOUS
100
AcDbLine
 10
0.64589
 20
1.9277875984251969
 30
0
 11
0.64589
 21
1.9277874803149606
 31
0
  0
LINE
  5
5D1
330
1A
100
AcDbEntity
  8
BLACK
  6
CONTINUOUS
100
AcDbLine
 10
0.64589
 20
1.9277874803149606
 30
0
 11
0.64589
 21
1.9215794488188975
 31
0
  0
LINE
  5
5D2
330
1A
100
AcDbEntity
  8
BLACK
  6
CONTINUOUS
100
AcDbLine
 10
0.64589
 20
1.9215794488188975
 30
0
 11
0.6471011417322835
 21
1.9154906692913385
 31
0
  0
LINE
  5
5D3
330
1A
100
AcDbEntity
  8
BLACK
  6
CONTINUOUS
100
AcDbLine
 10
0.6471011417322835
 20
1.9154906692913385
 30
0
 11
0.6494768503937007
 21
1.9097551574803149
 31
0
  0
LINE
  5
5D4
330
1A
100
AcDbEntity
  8
BLACK
  6
CONTINUOUS
100
AcDbLine
 10
0.6494768503937007
 20
1.9097551574803149
 30
0
 11
0.6529258661417323
 21
1.9045933464566929
 31
0
  0
LINE
  5
5D5
330
1A
100
AcDbEntity
  8
BLACK
  6
CONTINUOUS
100
AcDbLine
 10
0.6529258661417323
 20
1.9045933464566929
 30
0
 11
0.6573156299212598
 21
1.9002035826771653
 31
0
  0
LINE
  5
5D6
330
1A
100
AcDbEntity
  8
BLACK
  6
CONTINUOUS
100
AcDbLine
 10
0.6573156299212598
 20
1.9002035826771653
 30
0
 11
0.6624774409448819
 21
1.8967545669291339
 31
0
  0
LINE
  5
5D7
330
1A
100
AcDbEntity
  8
BLACK
  6
CONTINUOUS
100
AcDbLine
 10
0.6624774409448819
 20
1.8967545669291339
 30
0
 11
0.6682129527559055
 21
1.8943788582677166
 31
0
  0
LINE
  5
5D8
330
1A
100
AcDbEntity
  8
BLACK
  6
CONTINUOUS
100
AcDbLine
 10
0.6682129527559055
 20
1.8943788582677166
 30
0
 11
0.6743017322834646
 21
1.893167716535433
 31
0
  0
LINE
  5
5D9
330
1A
100
AcDbEntity
  8
BLACK
  6
CONTINUOUS
100
AcDbLine
 10
0.6743017322834646
 20
1.893167716535433
 30
0
 11
0.6743017716535433
 21
1.893167716535433
 31
0
  0
LINE
  5
5DA
330
1A
100
AcDbEntity
  8
BLACK
  6
CONTINUOUS
100
AcDbLine
 10
0.6743017716535433
 20
1.893167716535433
 30
0
 11
0.6805097244094488
 21
1.893167716535433
 31
0
  0
LINE
  5
5DB
330
1A
100
AcDbEntity
  8
BLACK
  6
CONTINUOUS
100
AcDbLine
 10
0.6805097244094488
 20
1.893167716535433
 30
0
 11
0.6805097637795275
 21
1.893167716535433
 31
0
  0
LINE
  5
5DC
330
1A
100
AcDbEntity
  8
BLACK
  6
CONTINUOUS
100
AcDbLine
 10
0.6805097637795275
 20
1.893167716535433
 30
0
 11
0.6865985433070866
 21
1.8943788582677166
 31
0
  0
LINE
  5
5DD
330
1A
100
AcDbEntity
  8
BLACK
  6
CONTINUOUS
100
AcDbLine
 10
0.6865985433070866
 20
1.8943788582677166
 30
0
 11
0.6923340551181102
 21
1.8967545669291339
 31
0
  0
LINE
  5
5DE
330
1A
100
AcDbEntity
  8
BLACK
  6
CONTINUOUS
100
AcDbLine
 10
0.6923340551181102
 20
1.8967545669291339
 30
0
 11
0.6960260236220472
 21
1.8992214566929133
 31
0
  0
LINE
  5
5DF
330
1A
100
AcDbEntity
  8
BLACK
  6
CONTINUOUS
100
AcDbLine
 10
0.6960260236220472
 20
1.8992214566929133
 30
0
 11
0.6986934645669292
 21
1.9000566929133857
 31
0
  0
LINE
  5
5E0
330
1A
100
AcDbEntity
  8
BLACK
  6
CONTINUOUS
100
AcDbLine
 10
0.6986934645669292
 20
1.9000566929133857
 30
0
 11
0.6987820078740158
 21
1.9000574803149606
 31
0
  0
LINE
  5
5E1
330
1A
100
AcDbEntity
  8
BLACK
  6
CONTINUOUS
100
AcDbLine
 10
0.6987820078740158
 20
1.9000574803149606
 30
0
 11
0.8104629921259843
 21
1.9000574803149606
 31
0
  0
LINE
  5
5E2
330
1A
100
AcDbEntity
  8
BLACK
  6
CONTINUOUS
100
AcDbLine
 10
0.8104629921259843
 20
1.9000574803149606
 30
0
 11
0.8131449212598425
 21
1.89927
 31
0
  0
LINE
  5
5E3
330
1A
100
AcDbEntity
  8
BLACK
  6
CONTINUOUS
100
AcDbLine
 10
0.8131449212598425
 20
1.89927
 30
0
 11
0.8139706692913385
 21
1.8986045275590551
 31
0
  0
LINE
  5
5E4
330
1A
100
AcDbEntity
  8
BLACK
  6
CONTINUOUS
100
AcDbLine
 10
0.8139706692913385
 20
1.8986045275590551
 30
0
 11
0.8285125590551181
 21
1.8840626377952756
 31
0
  0
LINE
  5
5E5
330
1A
100
AcDbEntity
  8
BLACK
  6
CONTINUOUS
100
AcDbLine
 10
0.8285125590551181
 20
1.8840626377952756
 30
0
 11
0.8298521653543307
 21
1.8816094094488189
 31
0
  0
LINE
  5
5E6
330
1A
100
AcDbEntity
  8
BLACK
  6
CONTINUOUS
100
AcDbLine
 10
0.8298521653543307
 20
1.8816094094488189
 30
0
 11
0.8296527559055118
 21
1.8788214173228346
 31
0
  0
LINE
  5
5E7
330
1A
100
AcDbEntity
  8
BLACK
  6
CONTINUOUS
100
AcDbLine
 10
0.8296527559055118
 20
1.8788214173228346
 30
0
 11
0.8279776771653543
 21
1.8765837795275591
 31
0
  0
LINE
  5
5E8
330
1A
100
AcDbEntity
  8
BLACK
  6
CONTINUOUS
100
AcDbLine
 10
0.8279776771653543
 20
1.8765837795275591
 30
0
 11
0.825358779527559
 21
1.8756069685039369
 31
0
  0
LINE
  5
5E9
330
1A
100
AcDbEntity
  8
BLACK
  6
CONTINUOUS
100
AcDbLine
 10
0.825358779527559
 20
1.8756069685039369
 30
0
 11
0.8240370866141732
 21
1.8756896456692913
 31
0
  0
LINE
  5
5EA
330
1A
100
AcDbEntity
  8
BLACK
  6
CONTINUOUS
100
AcDbLine
 10
0.8240370866141732
 20
1.8756896456692913
 30
0
 11
0.8206389763779527
 21
1.8763655905511811
 31
0
  0
LINE
  5
5EB
330
1A
100
AcDbEntity
  8
BLACK
  6
CONTINUOUS
100
AcDbLine
 10
0.8206389763779527
 20
1.8763655905511811
 30
0
 11
0.8206388976377953
 21
1.8763655905511811
 31
0
  0
LINE
  5
5EC
330
1A
100
AcDbEntity
  8
BLACK
  6
CONTINUOUS
100
AcDbLine
 10
0.8206388976377953
 20
1.8763655905511811
 30
0
 11
0.8144308661417322
 21
1.8763655905511811
 31
0
  0
LINE
  5
5ED
330
1A
100
AcDbEntity
  8
BLACK
  6
CONTINUOUS
100
AcDbLine
 10
0.8144308661417322
 20
1.8763655905511811
 30
0
 11
0.8144307480314961
 21
1.8763655905511811
 31
0
  0
LINE
  5
5EE
330
1A
100
AcDbEntity
  8
BLACK
  6
CONTINUOUS
100
AcDbLine
 10
0.8144307480314961
 20
1.8763655905511811
 30
0
 11
0.8083420472440944
 21
1.8751544488188976
 31
0
  0
LINE
  5
5EF
330
1A
100
AcDbEntity
  8
BLACK
  6
CONTINUOUS
100
AcDbLine
 10
0.8083420472440944
 20
1.8751544488188976
 30
0
 11
0.8083418503937008
 21
1.8751543700787401
 31
0
  0
LINE
  5
5F0
330
1A
100
AcDbEntity
  8
BLACK
  6
CONTINUOUS
100
AcDbLine
 10
0.8083418503937008
 20
1.8751543700787401
 30
0
 11
0.8026065354330708
 21
1.8727787401574802
 31
0
  0
LINE
  5
5F1
330
1A
100
AcDbEntity
  8
BLACK
  6
CONTINUOUS
100
AcDbLine
 10
0.8026065354330708
 20
1.8727787401574802
 30
0
 11
0.7974449212598425
 21
1.8693298425196849
 31
0
  0
LINE
  5
5F2
330
1A
100
AcDbEntity
  8
BLACK
  6
CONTINUOUS
100
AcDbLine
 10
0.7974449212598425
 20
1.8693298425196849
 30
0
 11
0.7974446456692913
 21
1.8693296456692914
 31
0
  0
LINE
  5
5F3
330
1A
100
AcDbEntity
  8
BLACK
  6
CONTINUOUS
100
AcDbLine
 10
0.7974446456692913
 20
1.8693296456692914
 30
0
 11
0.7930550787401575
 21
1.8649400787401575
 31
0
  0
LINE
  5
5F4
330
1A
100
AcDbEntity
  8
BLACK
  6
CONTINUOUS
100
AcDbLine
 10
0.7930550787401575
 20
1.8649400787401575
 30
0
 11
0.7930548818897638
 21
1.8649398031496063
 31
0
  0
LINE
  5
5F5
330
1A
100
AcDbEntity
  8
BLACK
  6
CONTINUOUS
100
AcDbLine
 10
0.7930548818897638
 20
1.8649398031496063
 30
0
 11
0.7896059842519685
 21
1.8597781889763778
 31
0
  0
LINE
  5
5F6
330
1A
100
AcDbEntity
  8
BLACK
  6
CONTINUOUS
100
AcDbLine
 10
0.7896059842519685
 20
1.8597781889763778
 30
0
 11
0.7872303149606299
 21
1.8540427952755905
 31
0
  0
LINE
  5
5F7
330
1A
100
AcDbEntity
  8
BLACK
  6
CONTINUOUS
100
AcDbLine
 10
0.7872303149606299
 20
1.8540427952755905
 30
0
 11
0.7872302755905511
 21
1.8540427559055117
 31
0
  0
LINE
  5
5F8
330
1A
100
AcDbEntity
  8
BLACK
  6
CONTINUOUS
100
AcDbLine
 10
0.7872302755905511
 20
1.8540427559055117
 30
0
 11
0.7866122834645669
 21
1.8509359448818896
 31
0
  0
LINE
  5
5F9
330
1A
100
AcDbEntity
  8
BLACK
  6
CONTINUOUS
100
AcDbLine
 10
0.7866122834645669
 20
1.8509359448818896
 30
0
 11
0.785316653543307
 21
1.8484592125984252
 31
0
  0
LINE
  5
5FA
330
1A
100
AcDbEntity
  8
BLACK
  6
CONTINUOUS
100
AcDbLine
 10
0.785316653543307
 20
1.8484592125984252
 30
0
 11
0.7852546456692914
 21
1.8483961023622046
 31
0
  0
LINE
  5
5FB
330
1A
100
AcDbEntity
  8
BLACK
  6
CONTINUOUS
100
AcDbLine
 10
0.7852546456692914
 20
1.8483961023622046
 30
0
 11
0.6052453937007873
 21
1.668386811023622
 31
0
  0
LINE
  5
5FC
330
1A
100
AcDbEntity
  8
BLACK
  6
CONTINUOUS
100
AcDbLine
 10
0.6052453937007873
 20
1.668386811023622
 30
0
 11
0.6027921653543307
 21
1.6670472047244094
 31
0
  0
LINE
  5
5FD
330
1A
100
AcDbEntity
  8
BLACK
  6
CONTINUOUS
100
AcDbLine
 10
0.6027921653543307
 20
1.6670472047244094
 30
0
 11
0.6027055511811024
 21
1.6670291732283464
 31
0
  0
LINE
  5
5FE
330
1A
100
AcDbEntity
  8
BLACK
  6
CONTINUOUS
100
AcDbLine
 10
0.6027055511811024
 20
1.6670291732283464
 30
0
 11
0.6008728346456693
 21
1.6666646062992125
 31
0
  0
LINE
  5
5FF
330
1A
100
AcDbEntity
  8
BLACK
  6
CONTINUOUS
100
AcDbLine
 10
0.6008728346456693
 20
1.6666646062992125
 30
0
 11
0.5983505118110236
 21
1.6661628740157479
 31
0
  0
LINE
  5
600
330
1A
100
AcDbEntity
  8
BLACK
  6
CONTINUOUS
100
AcDbLine
 10
0.5983505118110236
 20
1.6661628740157479
 30
0
 11
0.5983504330708661
 21
1.6661628740157479
 31
0
  0
LINE
  5
601
330
1A
100
AcDbEntity
  8
BLACK
  6
CONTINUOUS
100
AcDbLine
 10
0.5983504330708661
 20
1.6661628740157479
 30
0
 11
0.5983503937007874
 21
1.6661628346456692
 31
0
  0
LINE
  5
602
330
1A
100
AcDbEntity
  8
BLACK
  6
CONTINUOUS
100
AcDbLine
 10
0.5983503937007874
 20
1.6661628346456692
 30
0
 11
0.5983503543307086
 21
1.6661628346456692
 31
0
  0
LINE
  5
603
330
1A
100
AcDbEntity
  8
BLACK
  6
CONTINUOUS
100
AcDbLine
 10
0.5983503543307086
 20
1.6661628346456692
 30
0
 11
0.5926149606299213
 21
1.6637871653543306
 31
0
  0
LINE
  5
604
330
1A
100
AcDbEntity
  8
BLACK
  6
CONTINUOUS
100
AcDbLine
 10
0.5926149606299213
 20
1.6637871653543306
 30
0
 11
0.5874533464566929
 21
1.6603382677165355
 31
0
  0
LINE
  5
605
330
1A
100
AcDbEntity
  8
BLACK
  6
CONTINUOUS
100
AcDbLine
 10
0.5874533464566929
 20
1.6603382677165355
 30
0
 11
0.5874530708661417
 21
1.6603380708661417
 31
0
  0
LINE
  5
606
330
1A
100
AcDbEntity
  8
BLACK
  6
CONTINUOUS
100
AcDbLine
 10
0.5874530708661417
 20
1.6603380708661417
 30
0
 11
0.5830635039370079
 21
1.6559485039370079
 31
0
  0
LINE
  5
607
330
1A
100
AcDbEntity
  8
BLACK
  6
CONTINUOUS
100
AcDbLine
 10
0.5830635039370079
 20
1.6559485039370079
 30
0
 11
0.5830633070866141
 21
1.6559482283464566
 31
0
  0
LINE
  5
608
330
1A
100
AcDbEntity
  8
BLACK
  6
CONTINUOUS
100
AcDbLine
 10
0.5830633070866141
 20
1.6559482283464566
 30
0
 11
0.5796144094488189
 21
1.6507866141732284
 31
0
  0
LINE
  5
609
330
1A
100
AcDbEntity
  8
BLACK
  6
CONTINUOUS
100
AcDbLine
 10
0.5796144094488189
 20
1.6507866141732284
 30
0
 11
0.5772387401574803
 21
1.645051220472441
 31
0
  0
LINE
  5
60A
330
1A
100
AcDbEntity
  8
BLACK
  6
CONTINUOUS
100
AcDbLine
 10
0.5772387401574803
 20
1.645051220472441
 30
0
 11
0.5772387401574803
 21
1.6450511811023623
 31
0
  0
LINE
  5
60B
330
1A
100
AcDbEntity
  8
BLACK
  6
CONTINUOUS
100
AcDbLine
 10
0.5772387401574803
 20
1.6450511811023623
 30
0
 11
0.5772387007874016
 21
1.645051062992126
 31
0
  0
LINE
  5
60C
330
1A
100
AcDbEntity
  8
BLACK
  6
CONTINUOUS
100
AcDbLine
 10
0.5772387007874016
 20
1.645051062992126
 30
0
 11
0.5769690551181103
 21
1.6436955118110237
 31
0
  0
LINE
  5
60D
330
1A
100
AcDbEntity
  8
BLACK
  6
CONTINUOUS
100
AcDbLine
 10
0.5769690551181103
 20
1.6436955118110237
 30
0
 11
0.5763724015748032
 21
1.6406960236220471
 31
0
  0
LINE
  5
60E
330
1A
100
AcDbEntity
  8
BLACK
  6
CONTINUOUS
100
AcDbLine
 10
0.5763724015748032
 20
1.6406960236220471
 30
0
 11
0.5750768110236221
 21
1.6382192913385827
 31
0
  0
LINE
  5
60F
330
1A
100
AcDbEntity
  8
BLACK
  6
CONTINUOUS
100
AcDbLine
 10
0.5750768110236221
 20
1.6382192913385827
 30
0
 11
0.5750148031496063
 21
1.6381561811023622
 31
0
  0
LINE
  5
610
330
1A
100
AcDbEntity
  8
BLACK
  6
CONTINUOUS
100
AcDbLine
 10
0.5750148031496063
 20
1.6381561811023622
 30
0
 11
0.564301968503937
 21
1.6274433464566929
 31
0
  0
LINE
  5
611
330
1A
100
AcDbEntity
  8
BLACK
  6
CONTINUOUS
100
AcDbLine
 10
0.564301968503937
 20
1.6274433464566929
 30
0
 11
0.5643018503937007
 21
1.6274432283464566
 31
0
  0
LINE
  5
612
330
1A
100
AcDbEntity
  8
BLACK
  6
CONTINUOUS
100
AcDbLine
 10
0.5643018503937007
 20
1.6274432283464566
 30
0
 11
0.5625867716535433
 21
1.6257281496062992
 31
0
  0
LINE
  5
613
330
1A
100
AcDbEntity
  8
BLACK
  6
CONTINUOUS
100
AcDbLine
 10
0.5625867716535433
 20
1.6257281496062992
 30
0
 11
0.5608716929133858
 21
1.6240131102362205
 31
0
  0
LINE
  5
614
330
1A
100
AcDbEntity
  8
BLACK
  6
CONTINUOUS
100
AcDbLine
 10
0.5608716929133858
 20
1.6240131102362205
 30
0
 11
0.5595242125984252
 21
1.6219964566929133
 31
0
  0
LINE
  5
615
330
1A
100
AcDbEntity
  8
BLACK
  6
CONTINUOUS
100
AcDbLine
 10
0.5595242125984252
 20
1.6219964566929133
 30
0
 11
0.5581766929133858
 21
1.6199798031496062
 31
0
  0
LINE
  5
616
330
1A
100
AcDbEntity
  8
BLACK
  6
CONTINUOUS
100
AcDbLine
 10
0.5581766929133858
 20
1.6199798031496062
 30
0
 11
0.5573322047244095
 21
1.6179409448818898
 31
0
  0
LINE
  5
617
330
1A
100
AcDbEntity
  8
BLACK
  6
CONTINUOUS
100
AcDbLine
 10
0.5573322047244095
 20
1.6179409448818898
 30
0
 11
0.5563204330708661
 21
1.6154983464566928
 31
0
  0
LINE
  5
618
330
1A
100
AcDbEntity
  8
BLACK
  6
CONTINUOUS
100
AcDbLine
 10
0.5563204330708661
 20
1.6154983464566928
 30
0
 11
0.5563203543307087
 21
1.6154980708661417
 31
0
  0
LINE
  5
619
330
1A
100
AcDbEntity
  8
BLACK
  6
CONTINUOUS
100
AcDbLine
 10
0.5563203543307087
 20
1.6154980708661417
 30
0
 11
0.5553740157480315
 21
1.6107406299212599
 31
0
  0
LINE
  5
61A
330
1A
100
AcDbEntity
  8
BLACK
  6
CONTINUOUS
100
AcDbLine
 10
0.5553740157480315
 20
1.6107406299212599
 30
0
 11
0.5553740157480315
 21
1.1723762992125983
 31
0
  0
LINE
  5
61B
330
1A
100
AcDbEntity
  8
BLACK
  6
CONTINUOUS
100
AcDbLine
 10
0.5553740157480315
 20
1.1723762992125983
 30
0
 11
0.5545865354330709
 21
1.1696943700787401
 31
0
  0
LINE
  5
61C
330
1A
100
AcDbEntity
  8
BLACK
  6
CONTINUOUS
100
AcDbLine
 10
0.5545865354330709
 20
1.1696943700787401
 30
0
 11
0.554538031496063
 21
1.1696203543307087
 31
0
  0
LINE
  5
61D
330
1A
100
AcDbEntity
  8
BLACK
  6
CONTINUOUS
100
AcDbLine
 10
0.554538031496063
 20
1.1696203543307087
 30
0
 11
0.5520710629921259
 21
1.1659282677165355
 31
0
  0
LINE
  5
61E
330
1A
100
AcDbEntity
  8
BLACK
  6
CONTINUOUS
100
AcDbLine
 10
0.5520710629921259
 20
1.1659282677165355
 30
0
 11
0.5496954724409449
 21
1.1601930314960629
 31
0
  0
LINE
  5
61F
330
1A
100
AcDbEntity
  8
BLACK
  6
CONTINUOUS
100
AcDbLine
 10
0.5496954724409449
 20
1.1601930314960629
 30
0
 11
0.5496953937007873
 21
1.1601928346456694
 31
0
  0
LINE
  5
620
330
1A
100
AcDbEntity
  8
BLACK
  6
CONTINUOUS
100
AcDbLine
 10
0.5496953937007873
 20
1.1601928346456694
 30
0
 11
0.5484842519685039
 21
1.1541041338582676
 31
0
  0
LINE
  5
621
330
1A
100
AcDbEntity
  8
BLACK
  6
CONTINUOUS
100
AcDbLine
 10
0.5484842519685039
 20
1.1541041338582676
 30
0
 11
0.5484842519685039
 21
1.1541040157480316
 31
0
  0
LINE
  5
622
330
1A
100
AcDbEntity
  8
BLACK
  6
CONTINUOUS
100
AcDbLine
 10
0.5484842519685039
 20
1.1541040157480316
 30
0
 11
0.5484842519685039
 21
1.1478959842519685
 31
0
  0
LINE
  5
623
330
1A
100
AcDbEntity
  8
BLACK
  6
CONTINUOUS
100
AcDbLine
 10
0.5484842519685039
 20
1.1478959842519685
 30
0
 11
0.5496953937007873
 21
1.1418072047244094
 31
0
  0
LINE
  5
624
330
1A
100
AcDbEntity
  8
BLACK
  6
CONTINUOUS
100
AcDbLine
 10
0.5496953937007873
 20
1.1418072047244094
 30
0
 11
0.5520711023622047
 21
1.1360716929133858
 31
0
  0
LINE
  5
625
330
1A
100
AcDbEntity
  8
BLACK
  6
CONTINUOUS
100
AcDbLine
 10
0.5520711023622047
 20
1.1360716929133858
 30
0
 11
0.5536365748031495
 21
1.1337288188976378
 31
0
  0
LINE
  5
626
330
1A
100
AcDbEntity
  8
BLACK
  6
CONTINUOUS
100
AcDbLine
 10
0.5536365748031495
 20
1.1337288188976378
 30
0
 11
0.5545379921259842
 21
1.1323797637795274
 31
0
  0
LINE
  5
627
330
1A
100
AcDbEntity
  8
BLACK
  6
CONTINUOUS
100
AcDbLine
 10
0.5545379921259842
 20
1.1323797637795274
 30
0
 11
0.5553732283464566
 21
1.1297123228346457
 31
0
  0
LINE
  5
628
330
1A
100
AcDbEntity
  8
BLACK
  6
CONTINUOUS
100
AcDbLine
 10
0.5553732283464566
 20
1.1297123228346457
 30
0
 11
0.5553740157480315
 21
1.129623779527559
 31
0
  0
LINE
  5
629
330
1A
100
AcDbEntity
  8
BLACK
  6
CONTINUOUS
100
AcDbLine
 10
0.5553740157480315
 20
1.129623779527559
 30
0
 11
0.5553740157480315
 21
0.9393471653543307
 31
0
  0
LINE
  5
62A
330
1A
100
AcDbEntity
  8
BLACK
  6
CONTINUOUS
100
AcDbLine
 10
0.5553740157480315
 20
0.9393471653543307
 30
0
 11
0.5545865354330709
 21
0.9366652362204724
 31
0
  0
LINE
  5
62B
330
1A
100
AcDbEntity
  8
BLACK
  6
CONTINUOUS
100
AcDbLine
 10
0.5545865354330709
 20
0.9366652362204724
 30
0
 11
0.552474094488189
 21
0.9348348031496063
 31
0
  0
LINE
  5
62C
330
1A
100
AcDbEntity
  8
BLACK
  6
CONTINUOUS
100
AcDbLine
 10
0.552474094488189
 20
0.9348348031496063
 30
0
 11
0.5513812598425196
 21
0.9344818897637795
 31
0
  0
LINE
  5
62D
330
1A
100
AcDbEntity
  8
BLACK
  6
CONTINUOUS
100
AcDbLine
 10
0.5513812598425196
 20
0.9344818897637795
 30
0
 11
0.5509625196850394
 21
0.9343985826771654
 31
0
  0
LINE
  5
62E
330
1A
100
AcDbEntity
  8
BLACK
  6
CONTINUOUS
100
AcDbLine
 10
0.5509625196850394
 20
0.9343985826771654
 30
0
 11
0.5497199212598425
 21
0.9341514173228346
 31
0
  0
LINE
  5
62F
330
1A
100
AcDbEntity
  8
BLACK
  6
CONTINUOUS
100
AcDbLine
 10
0.5497199212598425
 20
0.9341514173228346
 30
0
 11
0.5497198818897637
 21
0.9341513779527559
 31
0
  0
LINE
  5
630
330
1A
100
AcDbEntity
  8
BLACK
  6
CONTINUOUS
100
AcDbLine
 10
0.5497198818897637
 20
0.9341513779527559
 30
0
 11
0.5439844881889764
 21
0.9317757086614173
 31
0
  0
LINE
  5
631
330
1A
100
AcDbEntity
  8
BLACK
  6
CONTINUOUS
100
AcDbLine
 10
0.5439844881889764
 20
0.9317757086614173
 30
0
 11
0.538822874015748
 21
0.928326811023622
 31
0
  0
LINE
  5
632
330
1A
100
AcDbEntity
  8
BLACK
  6
CONTINUOUS
100
AcDbLine
 10
0.538822874015748
 20
0.928326811023622
 30
0
 11
0.5388225984251969
 21
0.9283266141732284
 31
0
  0
LINE
  5
633
330
1A
100
AcDbEntity
  8
BLACK
  6
CONTINUOUS
100
AcDbLine
 10
0.5388225984251969
 20
0.9283266141732284
 30
0
 11
0.534433031496063
 21
0.9239370472440944
 31
0
  0
LINE
  5
634
330
1A
100
AcDbEntity
  8
BLACK
  6
CONTINUOUS
100
AcDbLine
 10
0.534433031496063
 20
0.9239370472440944
 30
0
 11
0.5344328346456693
 21
0.9239367716535433
 31
0
  0
LINE
  5
635
330
1A
100
AcDbEntity
  8
BLACK
  6
CONTINUOUS
100
AcDbLine
 10
0.5344328346456693
 20
0.9239367716535433
 30
0
 11
0.5309839370078741
 21
0.9187751574803149
 31
0
  0
LINE
  5
636
330
1A
100
AcDbEntity
  8
BLACK
  6
CONTINUOUS
100
AcDbLine
 10
0.5309839370078741
 20
0.9187751574803149
 30
0
 11
0.5286083070866142
 21
0.9130398425196851
 31
0
  0
LINE
  5
637
330
1A
100
AcDbEntity
  8
BLACK
  6
CONTINUOUS
100
AcDbLine
 10
0.5286083070866142
 20
0.9130398425196851
 30
0
 11
0.5286082283464567
 21
0.9130396456692913
 31
0
  0
LINE
  5
638
330
1A
100
AcDbEntity
  8
BLACK
  6
CONTINUOUS
100
AcDbLine
 10
0.5286082283464567
 20
0.9130396456692913
 30
0
 11
0.5273970866141732
 21
0.9069509448818898
 31
0
  0
LINE
  5
639
330
1A
100
AcDbEntity
  8
BLACK
  6
CONTINUOUS
100
AcDbLine
 10
0.5273970866141732
 20
0.9069509448818898
 30
0
 11
0.5273970866141732
 21
0.900742716535433
 31
0
  0
LINE
  5
63A
330
1A
100
AcDbEntity
  8
BLACK
  6
CONTINUOUS
100
AcDbLine
 10
0.5273970866141732
 20
0.900742716535433
 30
0
 11
0.5286082283464567
 21
0.8946540157480315
 31
0
  0
LINE
  5
63B
330
1A
100
AcDbEntity
  8
BLACK
  6
CONTINUOUS
100
AcDbLine
 10
0.5286082283464567
 20
0.8946540157480315
 30
0
 11
0.5286083070866142
 21
0.8946538188976377
 31
0
  0
LINE
  5
63C
330
1A
100
AcDbEntity
  8
BLACK
  6
CONTINUOUS
100
AcDbLine
 10
0.5286083070866142
 20
0.8946538188976377
 30
0
 11
0.5309839370078741
 21
0.8889185039370079
 31
0
  0
LINE
  5
63D
330
1A
100
AcDbEntity
  8
BLACK
  6
CONTINUOUS
100
AcDbLine
 10
0.5309839370078741
 20
0.8889185039370079
 30
0
 11
0.5345379921259842
 21
0.8835994881889764
 31
0
  0
LINE
  5
63E
330
1A
100
AcDbEntity
  8
BLACK
  6
CONTINUOUS
100
AcDbLine
 10
0.5345379921259842
 20
0.8835994881889764
 30
0
 11
0.5353732283464567
 21
0.8809320472440945
 31
0
  0
LINE
  5
63F
330
1A
100
AcDbEntity
  8
BLACK
  6
CONTINUOUS
100
AcDbLine
 10
0.5353732283464567
 20
0.8809320472440945
 30
0
 11
0.5353740157480315
 21
0.8808435039370078
 31
0
  0
LINE
  5
640
330
1A
100
AcDbEntity
  8
BLACK
  6
CONTINUOUS
100
AcDbLine
 10
0.5353740157480315
 20
0.8808435039370078
 30
0
 11
0.5353740157480315
 21
0.8595701181102362
 31
0
  0
LINE
  5
641
330
1A
100
AcDbEntity
  8
BLACK
  6
CONTINUOUS
100
AcDbLine
 10
0.5353740157480315
 20
0.8595701181102362
 30
0
 11
0.5345865354330709
 21
0.856888188976378
 31
0
  0
LINE
  5
642
330
1A
100
AcDbEntity
  8
BLACK
  6
CONTINUOUS
100
AcDbLine
 10
0.5345865354330709
 20
0.856888188976378
 30
0
 11
0.5339210629921259
 21
0.8560624409448818
 31
0
  0
LINE
  5
643
330
1A
100
AcDbEntity
  8
BLACK
  6
CONTINUOUS
100
AcDbLine
 10
0.5339210629921259
 20
0.8560624409448818
 30
0
 11
0.4362724015748031
 21
0.7584138188976378
 31
0
  0
LINE
  5
644
330
1A
100
AcDbEntity
  8
BLACK
  6
CONTINUOUS
100
AcDbLine
 10
0.4362724015748031
 20
0.7584138188976378
 30
0
 11
0.4338191732283465
 21
0.7570742125984252
 31
0
  0
LINE
  5
645
330
1A
100
AcDbEntity
  8
BLACK
  6
CONTINUOUS
100
AcDbLine
 10
0.4338191732283465
 20
0.7570742125984252
 30
0
 11
0.4310311417322835
 21
0.7572736220472441
 31
0
  0
LINE
  5
646
330
1A
100
AcDbEntity
  8
BLACK
  6
CONTINUOUS
100
AcDbLine
 10
0.4310311417322835
 20
0.7572736220472441
 30
0
 11
0.4300087007874016
 21
0.7577969291338582
 31
0
  0
LINE
  5
647
330
1A
100
AcDbEntity
  8
BLACK
  6
CONTINUOUS
100
AcDbLine
 10
0.4300087007874016
 20
0.7577969291338582
 30
0
 11
0.4299696850393701
 21
0.7578229921259843
 31
0
  0
LINE
  5
648
330
1A
100
AcDbEntity
  8
BLACK
  6
CONTINUOUS
100
AcDbLine
 10
0.4299696850393701
 20
0.7578229921259843
 30
0
 11
0.429555748031496
 21
0.7580996062992126
 31
0
  0
LINE
  5
649
330
1A
100
AcDbEntity
  8
BLACK
  6
CONTINUOUS
100
AcDbLine
 10
0.429555748031496
 20
0.7580996062992126
 30
0
 11
0.4285267716535433
 21
0.7587871653543307
 31
0
  0
LINE
  5
64A
330
1A
100
AcDbEntity
  8
BLACK
  6
CONTINUOUS
100
AcDbLine
 10
0.4285267716535433
 20
0.7587871653543307
 30
0
 11
0.4227914173228347
 21
0.7611627952755905
 31
0
  0
LINE
  5
64B
330
1A
100
AcDbEntity
  8
BLACK
  6
CONTINUOUS
100
AcDbLine
 10
0.4227914173228347
 20
0.7611627952755905
 30
0
 11
0.4227912204724409
 21
0.761162874015748
 31
0
  0
LINE
  5
64C
330
1A
100
AcDbEntity
  8
BLACK
  6
CONTINUOUS
100
AcDbLine
 10
0.4227912204724409
 20
0.761162874015748
 30
0
 11
0.4167025196850394
 21
0.7623740157480314
 31
0
  0
LINE
  5
64D
330
1A
100
AcDbEntity
  8
BLACK
  6
CONTINUOUS
100
AcDbLine
 10
0.4167025196850394
 20
0.7623740157480314
 30
0
 11
0.4167024409448819
 21
0.7623740157480314
 31
0
  0
LINE
  5
64E
330
1A
100
AcDbEntity
  8
BLACK
  6
CONTINUOUS
100
AcDbLine
 10
0.4167024409448819
 20
0.7623740157480314
 30
0
 11
0.4104944094488189
 21
0.7623740157480314
 31
0
  0
LINE
  5
64F
330
1A
100
AcDbEntity
  8
BLACK
  6
CONTINUOUS
100
AcDbLine
 10
0.4104944094488189
 20
0.7623740157480314
 30
0
 11
0.4104942913385827
 21
0.7623740157480314
 31
0
  0
LINE
  5
650
330
1A
100
AcDbEntity
  8
BLACK
  6
CONTINUOUS
100
AcDbLine
 10
0.4104942913385827
 20
0.7623740157480314
 30
0
 11
0.4044055905511811
 21
0.761162874015748
 31
0
  0
LINE
  5
651
330
1A
100
AcDbEntity
  8
BLACK
  6
CONTINUOUS
100
AcDbLine
 10
0.4044055905511811
 20
0.761162874015748
 30
0
 11
0.4044053937007874
 21
0.7611627952755905
 31
0
  0
LINE
  5
652
330
1A
100
AcDbEntity
  8
BLACK
  6
CONTINUOUS
100
AcDbLine
 10
0.4044053937007874
 20
0.7611627952755905
 30
0
 11
0.3986700787401575
 21
0.7587871653543307
 31
0
  0
LINE
  5
653
330
1A
100
AcDbEntity
  8
BLACK
  6
CONTINUOUS
100
AcDbLine
 10
0.3986700787401575
 20
0.7587871653543307
 30
0
 11
0.3935084645669291
 21
0.7553382677165354
 31
0
  0
LINE
  5
654
330
1A
100
AcDbEntity
  8
BLACK
  6
CONTINUOUS
100
AcDbLine
 10
0.3935084645669291
 20
0.7553382677165354
 30
0
 11
0.393508188976378
 21
0.7553380708661417
 31
0
  0
LINE
  5
655
330
1A
100
AcDbEntity
  8
BLACK
  6
CONTINUOUS
100
AcDbLine
 10
0.393508188976378
 20
0.7553380708661417
 30
0
 11
0.3891186220472441
 21
0.7509485039370078
 31
0
  0
LINE
  5
656
330
1A
100
AcDbEntity
  8
BLACK
  6
CONTINUOUS
100
AcDbLine
 10
0.3891186220472441
 20
0.7509485039370078
 30
0
 11
0.3891184251968504
 21
0.7509482283464567
 31
0
  0
LINE
  5
657
330
1A
100
AcDbEntity
  8
BLACK
  6
CONTINUOUS
100
AcDbLine
 10
0.3891184251968504
 20
0.7509482283464567
 30
0
 11
0.3856695275590551
 21
0.7457866141732283
 31
0
  0
LINE
  5
658
330
1A
100
AcDbEntity
  8
BLACK
  6
CONTINUOUS
100
AcDbLine
 10
0.3856695275590551
 20
0.7457866141732283
 30
0
 11
0.3835513779527559
 21
0.7406729527559055
 31
0
  0
LINE
  5
659
330
1A
100
AcDbEntity
  8
BLACK
  6
CONTINUOUS
100
AcDbLine
 10
0.3835513779527559
 20
0.7406729527559055
 30
0
 11
0.3835513385826771
 21
0.7406727952755905
 31
0
  0
LINE
  5
65A
330
1A
100
AcDbEntity
  8
BLACK
  6
CONTINUOUS
100
AcDbLine
 10
0.3835513385826771
 20
0.7406727952755905
 30
0
 11
0.3832938188976378
 21
0.740051062992126
 31
0
  0
LINE
  5
65B
330
1A
100
AcDbEntity
  8
BLACK
  6
CONTINUOUS
100
AcDbLine
 10
0.3832938188976378
 20
0.740051062992126
 30
0
 11
0.3821959842519685
 21
0.7345320472440945
 31
0
  0
LINE
  5
65C
330
1A
100
AcDbEntity
  8
BLACK
  6
CONTINUOUS
100
AcDbLine
 10
0.3821959842519685
 20
0.7345320472440945
 30
0
 11
0.3821954724409449
 21
0.7345296062992126
 31
0
  0
LINE
  5
65D
330
1A
100
AcDbEntity
  8
BLACK
  6
CONTINUOUS
100
AcDbLine
 10
0.3821954724409449
 20
0.7345296062992126
 30
0
 11
0.3820826771653543
 21
0.7339625984251968
 31
0
  0
LINE
  5
65E
330
1A
100
AcDbEntity
  8
BLACK
  6
CONTINUOUS
100
AcDbLine
 10
0.3820826771653543
 20
0.7339625984251968
 30
0
 11
0.3820826771653543
 21
0.7277541732283465
 31
0
  0
LINE
  5
65F
330
1A
100
AcDbEntity
  8
BLACK
  6
CONTINUOUS
100
AcDbLine
 10
2.9397514960629922
 20
0.7380134251968504
 30
0
 11
2.9390916535433069
 21
0.7376130708661417
 31
0
  0
LINE
  5
660
330
1A
100
AcDbEntity
  8
BLACK
  6
CONTINUOUS
100
AcDbLine
 10
2.9390916535433069
 20
0.7376130708661417
 30
0
 11
2.9193261023622048
 21
0.7227888976377953
 31
0
  0
LINE
  5
661
330
1A
100
AcDbEntity
  8
BLACK
  6
CONTINUOUS
100
AcDbLine
 10
2.9193261023622048
 20
0.7227888976377953
 30
0
 11
2.912205118110236
 21
0.7299098818897638
 31
0
  0
LINE
  5
662
330
1A
100
AcDbEntity
  8
BLACK
  6
CONTINUOUS
100
AcDbLine
 10
2.912205118110236
 20
0.7299098818897638
 30
0
 11
2.9112567322834644
 21
0.7308582677165354
 31
0
  0
LINE
  5
663
330
1A
100
AcDbEntity
  8
BLACK
  6
CONTINUOUS
100
AcDbLine
 10
2.9112567322834644
 20
0.7308582677165354
 30
0
 11
2.9048676771653543
 21
0.7372473622047244
 31
0
  0
LINE
  5
664
330
1A
100
AcDbEntity
  8
BLACK
  6
CONTINUOUS
100
AcDbLine
 10
2.9048676771653543
 20
0.7372473622047244
 30
0
 11
2.9042710629921258
 21
0.737736968503937
 31
0
  0
LINE
  5
665
330
1A
100
AcDbEntity
  8
BLACK
  6
CONTINUOUS
100
AcDbLine
 10
2.9042710629921258
 20
0.737736968503937
 30
0
 11
2.9028518503937009
 21
0.738324842519685
 31
0
  0
LINE
  5
666
330
1A
100
AcDbEntity
  8
BLACK
  6
CONTINUOUS
100
AcDbLine
 10
2.9028518503937009
 20
0.738324842519685
 30
0
 11
2.9013157086614174
 21
0.738324842519685
 31
0
  0
LINE
  5
667
330
1A
100
AcDbEntity
  8
BLACK
  6
CONTINUOUS
100
AcDbLine
 10
2.9013157086614174
 20
0.738324842519685
 30
0
 11
2.899896496062992
 21
0.737736968503937
 31
0
  0
LINE
  5
668
330
1A
100
AcDbEntity
  8
BLACK
  6
CONTINUOUS
100
AcDbLine
 10
2.899896496062992
 20
0.737736968503937
 30
0
 11
2.8988102755905509
 21
0.736650748031496
 31
0
  0
LINE
  5
669
330
1A
100
AcDbEntity
  8
BLACK
  6
CONTINUOUS
100
AcDbLine
 10
2.8988102755905509
 20
0.736650748031496
 30
0
 11
2.8982224015748033
 21
0.7352315354330708
 31
0
  0
LINE
  5
66A
330
1A
100
AcDbEntity
  8
BLACK
  6
CONTINUOUS
100
AcDbLine
 10
2.8982224015748033
 20
0.7352315354330708
 30
0
 11
2.8982224015748033
 21
0.7336953937007874
 31
0
  0
LINE
  5
66B
330
1A
100
AcDbEntity
  8
BLACK
  6
CONTINUOUS
100
AcDbLine
 10
2.8982224015748033
 20
0.7336953937007874
 30
0
 11
2.8988102755905509
 21
0.7322761811023621
 31
0
  0
LINE
  5
66C
330
1A
100
AcDbEntity
  8
BLACK
  6
CONTINUOUS
100
AcDbLine
 10
2.8988102755905509
 20
0.7322761811023621
 30
0
 11
2.8992998818897635
 21
0.7316795669291338
 31
0
  0
LINE
  5
66D
330
1A
100
AcDbEntity
  8
BLACK
  6
CONTINUOUS
100
AcDbLine
 10
2.8992998818897635
 20
0.7316795669291338
 30
0
 11
2.9150762204724407
 21
0.7159032677165355
 31
0
  0
LINE
  5
66E
330
1A
100
AcDbEntity
  8
BLACK
  6
CONTINUOUS
100
AcDbLine
 10
2.9150762204724407
 20
0.7159032677165355
 30
0
 11
2.8823987401574804
 21
0.7159032677165355
 31
0
  0
LINE
  5
66F
330
1A
100
AcDbEntity
  8
BLACK
  6
CONTINUOUS
100
AcDbLine
 10
2.8823987401574804
 20
0.7159032677165355
 30
0
 11
2.8816306692913387
 21
0.7158276377952756
 31
0
  0
LINE
  5
670
330
1A
100
AcDbEntity
  8
BLACK
  6
CONTINUOUS
100
AcDbLine
 10
2.8816306692913387
 20
0.7158276377952756
 30
0
 11
2.8802114566929133
 21
0.7152397637795276
 31
0
  0
LINE
  5
671
330
1A
100
AcDbEntity
  8
BLACK
  6
CONTINUOUS
100
AcDbLine
 10
2.8802114566929133
 20
0.7152397637795276
 30
0
 11
2.8791252362204722
 21
0.7141535433070866
 31
0
  0
LINE
  5
672
330
1A
100
AcDbEntity
  8
BLACK
  6
CONTINUOUS
100
AcDbLine
 10
2.8791252362204722
 20
0.7141535433070866
 30
0
 11
2.8785373622047246
 21
0.7127343307086614
 31
0
  0
LINE
  5
673
330
1A
100
AcDbEntity
  8
BLACK
  6
CONTINUOUS
100
AcDbLine
 10
2.8785373622047246
 20
0.7127343307086614
 30
0
 11
2.8785373622047246
 21
0.711198188976378
 31
0
  0
LINE
  5
674
330
1A
100
AcDbEntity
  8
BLACK
  6
CONTINUOUS
100
AcDbLine
 10
2.8785373622047246
 20
0.711198188976378
 30
0
 11
2.8791252362204722
 21
0.7097789763779527
 31
0
  0
LINE
  5
675
330
1A
100
AcDbEntity
  8
BLACK
  6
CONTINUOUS
100
AcDbLine
 10
2.8791252362204722
 20
0.7097789763779527
 30
0
 11
2.8802114173228346
 21
0.7086927952755905
 31
0
  0
LINE
  5
676
330
1A
100
AcDbEntity
  8
BLACK
  6
CONTINUOUS
100
AcDbLine
 10
2.8802114173228346
 20
0.7086927952755905
 30
0
 11
2.8802114566929133
 21
0.7086927559055118
 31
0
  0
LINE
  5
677
330
1A
100
AcDbEntity
  8
BLACK
  6
CONTINUOUS
100
AcDbLine
 10
2.8802114566929133
 20
0.7086927559055118
 30
0
 11
2.8816306692913387
 21
0.7081048818897637
 31
0
  0
LINE
  5
678
330
1A
100
AcDbEntity
  8
BLACK
  6
CONTINUOUS
100
AcDbLine
 10
2.8816306692913387
 20
0.7081048818897637
 30
0
 11
2.8823987401574804
 21
0.708029251968504
 31
0
  0
LINE
  5
679
330
1A
100
AcDbEntity
  8
BLACK
  6
CONTINUOUS
100
AcDbLine
 10
2.8823987401574804
 20
0.708029251968504
 30
0
 11
2.8823987795275592
 21
0.708029251968504
 31
0
  0
LINE
  5
67A
330
1A
100
AcDbEntity
  8
BLACK
  6
CONTINUOUS
100
AcDbLine
 10
2.8823987795275592
 20
0.708029251968504
 30
0
 11
2.9414538188976378
 21
0.708029251968504
 31
0
  0
LINE
  5
67B
330
1A
100
AcDbEntity
  8
BLACK
  6
CONTINUOUS
100
AcDbLine
 10
2.9414538188976378
 20
0.708029251968504
 30
0
 11
2.9414538582677165
 21
0.708029251968504
 31
0
  0
LINE
  5
67C
330
1A
100
AcDbEntity
  8
BLACK
  6
CONTINUOUS
100
AcDbLine
 10
2.9414538582677165
 20
0.708029251968504
 30
0
 11
2.9422219291338583
 21
0.7081048818897637
 31
0
  0
LINE
  5
67D
330
1A
100
AcDbEntity
  8
BLACK
  6
CONTINUOUS
100
AcDbLine
 10
2.9422219291338583
 20
0.7081048818897637
 30
0
 11
2.9436411417322832
 21
0.7086927559055118
 31
0
  0
LINE
  5
67E
330
1A
100
AcDbEntity
  8
BLACK
  6
CONTINUOUS
100
AcDbLine
 10
2.9436411417322832
 20
0.7086927559055118
 30
0
 11
2.9447273622047243
 21
0.7097789763779527
 31
0
  0
LINE
  5
67F
330
1A
100
AcDbEntity
  8
BLACK
  6
CONTINUOUS
100
AcDbLine
 10
2.9447273622047243
 20
0.7097789763779527
 30
0
 11
2.9453152362204724
 21
0.711198188976378
 31
0
  0
LINE
  5
680
330
1A
100
AcDbEntity
  8
BLACK
  6
CONTINUOUS
100
AcDbLine
 10
2.9453152362204724
 20
0.711198188976378
 30
0
 11
2.9453152362204724
 21
0.7127343307086614
 31
0
  0
LINE
  5
681
330
1A
100
AcDbEntity
  8
BLACK
  6
CONTINUOUS
100
AcDbLine
 10
2.9453152362204724
 20
0.7127343307086614
 30
0
 11
2.9447273622047243
 21
0.7141535433070866
 31
0
  0
LINE
  5
682
330
1A
100
AcDbEntity
  8
BLACK
  6
CONTINUOUS
100
AcDbLine
 10
2.9447273622047243
 20
0.7141535433070866
 30
0
 11
2.9447273228346456
 21
0.7141535826771653
 31
0
  0
LINE
  5
683
330
1A
100
AcDbEntity
  8
BLACK
  6
CONTINUOUS
100
AcDbLine
 10
2.9447273228346456
 20
0.7141535826771653
 30
0
 11
2.9436411417322832
 21
0.7152397637795276
 31
0
  0
LINE
  5
684
330
1A
100
AcDbEntity
  8
BLACK
  6
CONTINUOUS
100
AcDbLine
 10
2.9436411417322832
 20
0.7152397637795276
 30
0
 11
2.9422219291338583
 21
0.7158276377952756
 31
0
  0
LINE
  5
685
330
1A
100
AcDbEntity
  8
BLACK
  6
CONTINUOUS
100
AcDbLine
 10
2.9422219291338583
 20
0.7158276377952756
 30
0
 11
2.9414538582677165
 21
0.7159032677165355
 31
0
  0
LINE
  5
686
330
1A
100
AcDbEntity
  8
BLACK
  6
CONTINUOUS
100
AcDbLine
 10
2.9414538582677165
 20
0.7159032677165355
 30
0
 11
2.9414538188976378
 21
0.7159032677165355
 31
0
  0
LINE
  5
687
330
1A
100
AcDbEntity
  8
BLACK
  6
CONTINUOUS
100
AcDbLine
 10
2.9414538188976378
 20
0.7159032677165355
 30
0
 11
2.9381504724409448
 21
0.7159032677165355
 31
0
  0
LINE
  5
688
330
1A
100
AcDbEntity
  8
BLACK
  6
CONTINUOUS
100
AcDbLine
 10
2.9381504724409448
 20
0.7159032677165355
 30
0
 11
2.9262117322834644
 21
0.7159032677165355
 31
0
  0
LINE
  5
689
330
1A
100
AcDbEntity
  8
BLACK
  6
CONTINUOUS
100
AcDbLine
 10
2.9262117322834644
 20
0.7159032677165355
 30
0
 11
2.9249503937007875
 21
0.7171646062992126
 31
0
  0
LINE
  5
68A
330
1A
100
AcDbEntity
  8
BLACK
  6
CONTINUOUS
100
AcDbLine
 10
2.9249503937007875
 20
0.7171646062992126
 30
0
 11
2.9351737795275592
 21
0.7248322047244095
 31
0
  0
LINE
  5
68B
330
1A
100
AcDbEntity
  8
BLACK
  6
CONTINUOUS
100
AcDbLine
 10
2.9351737795275592
 20
0.7248322047244095
 30
0
 11
2.9351739763779525
 21
0.7248323228346456
 31
0
  0
LINE
  5
68C
330
1A
100
AcDbEntity
  8
BLACK
  6
CONTINUOUS
100
AcDbLine
 10
2.9351739763779525
 20
0.7248323228346456
 30
0
 11
2.9438160629921257
 21
0.7313138582677166
 31
0
  0
LINE
  5
68D
330
1A
100
AcDbEntity
  8
BLACK
  6
CONTINUOUS
100
AcDbLine
 10
2.9438160629921257
 20
0.7313138582677166
 30
0
 11
2.944385157480315
 21
0.7318352362204724
 31
0
  0
LINE
  5
68E
330
1A
100
AcDbEntity
  8
BLACK
  6
CONTINUOUS
100
AcDbLine
 10
2.944385157480315
 20
0.7318352362204724
 30
0
 11
2.9451677952755904
 21
0.7331570472440945
 31
0
  0
LINE
  5
68F
330
1A
100
AcDbEntity
  8
BLACK
  6
CONTINUOUS
100
AcDbLine
 10
2.9451677952755904
 20
0.7331570472440945
 30
0
 11
2.9453850393700787
 21
0.7346777559055118
 31
0
  0
LINE
  5
690
330
1A
100
AcDbEntity
  8
BLACK
  6
CONTINUOUS
100
AcDbLine
 10
2.9453850393700787
 20
0.7346777559055118
 30
0
 11
2.9450038188976375
 21
0.7361658661417323
 31
0
  0
LINE
  5
691
330
1A
100
AcDbEntity
  8
BLACK
  6
CONTINUOUS
100
AcDbLine
 10
2.9450038188976375
 20
0.7361658661417323
 30
0
 11
2.9440821259842518
 21
0.7373947637795275
 31
0
  0
LINE
  5
692
330
1A
100
AcDbEntity
  8
BLACK
  6
CONTINUOUS
100
AcDbLine
 10
2.9440821259842518
 20
0.7373947637795275
 30
0
 11
2.9437133464566929
 21
0.7376131102362204
 31
0
  0
LINE
  5
693
330
1A
100
AcDbEntity
  8
BLACK
  6
CONTINUOUS
100
AcDbLine
 10
2.9437133464566929
 20
0.7376131102362204
 30
0
 11
2.9434514566929133
 21
0.737768188976378
 31
0
  0
LINE
  5
694
330
1A
100
AcDbEntity
  8
BLACK
  6
CONTINUOUS
100
AcDbLine
 10
2.9434514566929133
 20
0.737768188976378
 30
0
 11
2.9427603149606298
 21
0.7381774015748032
 31
0
  0
LINE
  5
695
330
1A
100
AcDbEntity
  8
BLACK
  6
CONTINUOUS
100
AcDbLine
 10
2.9427603149606298
 20
0.7381774015748032
 30
0
 11
2.9412396062992126
 21
0.7383946456692914
 31
0
  0
LINE
  5
696
330
1A
100
AcDbEntity
  8
BLACK
  6
CONTINUOUS
100
AcDbLine
 10
2.9412396062992126
 20
0.7383946456692914
 30
0
 11
2.9397514960629922
 21
0.7380134251968504
 31
0
  0
LINE
  5
697
330
1A
100
AcDbEntity
  8
BLACK
  6
CONTINUOUS
100
AcDbLine
 10
0.3110275590551181
 20
0.7437541732283465
 30
0
 11
0.3121694881889764
 21
0.7380134645669291
 31
0
  0
LINE
  5
698
330
1A
100
AcDbEntity
  8
BLACK
  6
CONTINUOUS
100
AcDbLine
 10
0.3121694881889764
 20
0.7380134645669291
 30
0
 11
0.3122387007874016
 21
0.7376654724409448
 31
0
  0
LINE
  5
699
330
1A
100
AcDbEntity
  8
BLACK
  6
CONTINUOUS
100
AcDbLine
 10
0.3122387007874016
 20
0.7376654724409448
 30
0
 11
0.3146144094488189
 21
0.7319299606299212
 31
0
  0
LINE
  5
69A
330
1A
100
AcDbEntity
  8
BLACK
  6
CONTINUOUS
100
AcDbLine
 10
0.3146144094488189
 20
0.7319299606299212
 30
0
 11
0.3180634251968504
 21
0.7267681496062992
 31
0
  0
LINE
  5
69B
330
1A
100
AcDbEntity
  8
BLACK
  6
CONTINUOUS
100
AcDbLine
 10
0.3180634251968504
 20
0.7267681496062992
 30
0
 11
0.3224531889763779
 21
0.7223783858267716
 31
0
  0
LINE
  5
69C
330
1A
100
AcDbEntity
  8
BLACK
  6
CONTINUOUS
100
AcDbLine
 10
0.3224531889763779
 20
0.7223783858267716
 30
0
 11
0.327615
 21
0.7189293700787401
 31
0
  0
LINE
  5
69D
330
1A
100
AcDbEntity
  8
BLACK
  6
CONTINUOUS
100
AcDbLine
 10
0.327615
 20
0.7189293700787401
 30
0
 11
0.3333505118110236
 21
0.7165536614173228
 31
0
  0
LINE
  5
69E
330
1A
100
AcDbEntity
  8
BLACK
  6
CONTINUOUS
100
AcDbLine
 10
0.3333505118110236
 20
0.7165536614173228
 30
0
 11
0.3394392913385827
 21
0.7153425196850394
 31
0
  0
LINE
  5
69F
330
1A
100
AcDbEntity
  8
BLACK
  6
CONTINUOUS
100
AcDbLine
 10
0.3394392913385827
 20
0.7153425196850394
 30
0
 11
0.3394393307086614
 21
0.7153425196850394
 31
0
  0
LINE
  5
6A0
330
1A
100
AcDbEntity
  8
BLACK
  6
CONTINUOUS
100
AcDbLine
 10
0.3394393307086614
 20
0.7153425196850394
 30
0
 11
0.3456472834645669
 21
0.7153425196850394
 31
0
  0
LINE
  5
6A1
330
1A
100
AcDbEntity
  8
BLACK
  6
CONTINUOUS
100
AcDbLine
 10
0.3456472834645669
 20
0.7153425196850394
 30
0
 11
0.3456473228346457
 21
0.7153425196850394
 31
0
  0
LINE
  5
6A2
330
1A
100
AcDbEntity
  8
BLACK
  6
CONTINUOUS
100
AcDbLine
 10
0.3456473228346457
 20
0.7153425196850394
 30
0
 11
0.3517361023622047
 21
0.7165536614173228
 31
0
  0
LINE
  5
6A3
330
1A
100
AcDbEntity
  8
BLACK
  6
CONTINUOUS
100
AcDbLine
 10
0.3517361023622047
 20
0.7165536614173228
 30
0
 11
0.3574716141732283
 21
0.7189293700787401
 31
0
  0
LINE
  5
6A4
330
1A
100
AcDbEntity
  8
BLACK
  6
CONTINUOUS
100
AcDbLine
 10
0.3574716141732283
 20
0.7189293700787401
 30
0
 11
0.3626334251968504
 21
0.7223783858267716
 31
0
  0
LINE
  5
6A5
330
1A
100
AcDbEntity
  8
BLACK
  6
CONTINUOUS
100
AcDbLine
 10
0.3626334251968504
 20
0.7223783858267716
 30
0
 11
0.3670231889763779
 21
0.7267681496062992
 31
0
  0
LINE
  5
6A6
330
1A
100
AcDbEntity
  8
BLACK
  6
CONTINUOUS
100
AcDbLine
 10
0.3670231889763779
 20
0.7267681496062992
 30
0
 11
0.3704722047244094
 21
0.7319299606299212
 31
0
  0
LINE
  5
6A7
330
1A
100
AcDbEntity
  8
BLACK
  6
CONTINUOUS
100
AcDbLine
 10
0.3704722047244094
 20
0.7319299606299212
 30
0
 11
0.3713141338582677
 21
0.7339625984251968
 31
0
  0
LINE
  5
6A8
330
1A
100
AcDbEntity
  8
BLACK
  6
CONTINUOUS
100
AcDbLine
 10
0.3713141338582677
 20
0.7339625984251968
 30
0
 11
0.3728479133858268
 21
0.7376654724409448
 31
0
  0
LINE
  5
6A9
330
1A
100
AcDbEntity
  8
BLACK
  6
CONTINUOUS
100
AcDbLine
 10
0.3728479133858268
 20
0.7376654724409448
 30
0
 11
0.3740590551181102
 21
0.7437542519685039
 31
0
  0
LINE
  5
6AA
330
1A
100
AcDbEntity
  8
BLACK
  6
CONTINUOUS
100
AcDbLine
 10
0.3740590551181102
 20
0.7437542519685039
 30
0
 11
0.3740590551181102
 21
0.7499622834645669
 31
0
  0
LINE
  5
6AB
330
1A
100
AcDbEntity
  8
BLACK
  6
CONTINUOUS
100
AcDbLine
 10
0.3740590551181102
 20
0.7499622834645669
 30
0
 11
0.3728479133858268
 21
0.756051062992126
 31
0
  0
LINE
  5
6AC
330
1A
100
AcDbEntity
  8
BLACK
  6
CONTINUOUS
100
AcDbLine
 10
0.3728479133858268
 20
0.756051062992126
 30
0
 11
0.3704722047244094
 21
0.7617865748031496
 31
0
  0
LINE
  5
6AD
330
1A
100
AcDbEntity
  8
BLACK
  6
CONTINUOUS
100
AcDbLine
 10
0.3704722047244094
 20
0.7617865748031496
 30
0
 11
0.3704721259842519
 21
0.7617866535433071
 31
0
  0
LINE
  5
6AE
330
1A
100
AcDbEntity
  8
BLACK
  6
CONTINUOUS
100
AcDbLine
 10
0.3704721259842519
 20
0.7617866535433071
 30
0
 11
0.3704721259842519
 21
0.7617867322834645
 31
0
  0
LINE
  5
6AF
330
1A
100
AcDbEntity
  8
BLACK
  6
CONTINUOUS
100
AcDbLine
 10
0.3704721259842519
 20
0.7617867322834645
 30
0
 11
0.3700052755905512
 21
0.7624854330708661
 31
0
  0
LINE
  5
6B0
330
1A
100
AcDbEntity
  8
BLACK
  6
CONTINUOUS
100
AcDbLine
 10
0.3700052755905512
 20
0.7624854330708661
 30
0
 11
0.3691700787401574
 21
0.7651528740157481
 31
0
  0
LINE
  5
6B1
330
1A
100
AcDbEntity
  8
BLACK
  6
CONTINUOUS
100
AcDbLine
 10
0.3691700787401574
 20
0.7651528740157481
 30
0
 11
0.3691692913385827
 21
0.7652413385826772
 31
0
  0
LINE
  5
6B2
330
1A
100
AcDbEntity
  8
BLACK
  6
CONTINUOUS
100
AcDbLine
 10
0.3691692913385827
 20
0.7652413385826772
 30
0
 11
0.3691692913385827
 21
1.7026032677165355
 31
0
  0
LINE
  5
6B3
330
1A
100
AcDbEntity
  8
BLACK
  6
CONTINUOUS
100
AcDbLine
 10
0.3691692913385827
 20
1.7026032677165355
 30
0
 11
0.3699567716535433
 21
1.7052851968503937
 31
0
  0
LINE
  5
6B4
330
1A
100
AcDbEntity
  8
BLACK
  6
CONTINUOUS
100
AcDbLine
 10
0.3699567716535433
 20
1.7052851968503937
 30
0
 11
0.3706220472440945
 21
1.7061107480314961
 31
0
  0
LINE
  5
6B5
330
1A
100
AcDbEntity
  8
BLACK
  6
CONTINUOUS
100
AcDbLine
 10
0.3706220472440945
 20
1.7061107480314961
 30
0
 11
0.4328411417322834
 21
1.7683298818897637
 31
0
  0
LINE
  5
6B6
330
1A
100
AcDbEntity
  8
BLACK
  6
CONTINUOUS
100
AcDbLine
 10
0.4328411417322834
 20
1.7683298818897637
 30
0
 11
0.4352942913385827
 21
1.76966937007874
 31
0
  0
LINE
  5
6B7
330
1A
100
AcDbEntity
  8
BLACK
  6
CONTINUOUS
100
AcDbLine
 10
0.4352942913385827
 20
1.76966937007874
 30
0
 11
0.4353787007874015
 21
1.7696869685039369
 31
0
  0
LINE
  5
6B8
330
1A
100
AcDbEntity
  8
BLACK
  6
CONTINUOUS
100
AcDbLine
 10
0.4353787007874015
 20
1.7696869685039369
 30
0
 11
0.4397360236220472
 21
1.7705536614173227
 31
0
  0
LINE
  5
6B9
330
1A
100
AcDbEntity
  8
BLACK
  6
CONTINUOUS
100
AcDbLine
 10
0.4397360236220472
 20
1.7705536614173227
 30
0
 11
0.4454715354330708
 21
1.7729293700787401
 31
0
  0
LINE
  5
6BA
330
1A
100
AcDbEntity
  8
BLACK
  6
CONTINUOUS
100
AcDbLine
 10
0.4454715354330708
 20
1.7729293700787401
 30
0
 11
0.4506333464566929
 21
1.7763783858267717
 31
0
  0
LINE
  5
6BB
330
1A
100
AcDbEntity
  8
BLACK
  6
CONTINUOUS
100
AcDbLine
 10
0.4506333464566929
 20
1.7763783858267717
 30
0
 11
0.4550231102362204
 21
1.7807681496062993
 31
0
  0
LINE
  5
6BC
330
1A
100
AcDbEntity
  8
BLACK
  6
CONTINUOUS
100
AcDbLine
 10
0.4550231102362204
 20
1.7807681496062993
 30
0
 11
0.458472125984252
 21
1.7859299606299213
 31
0
  0
LINE
  5
6BD
330
1A
100
AcDbEntity
  8
BLACK
  6
CONTINUOUS
100
AcDbLine
 10
0.458472125984252
 20
1.7859299606299213
 30
0
 11
0.4608478346456693
 21
1.7916654724409449
 31
0
  0
LINE
  5
6BE
330
1A
100
AcDbEntity
  8
BLACK
  6
CONTINUOUS
100
AcDbLine
 10
0.4608478346456693
 20
1.7916654724409449
 30
0
 11
0.4620589763779527
 21
1.7977542519685039
 31
0
  0
LINE
  5
6BF
330
1A
100
AcDbEntity
  8
BLACK
  6
CONTINUOUS
100
AcDbLine
 10
0.4620589763779527
 20
1.7977542519685039
 30
0
 11
0.4620589763779527
 21
1.803962283464567
 31
0
  0
LINE
  5
6C0
330
1A
100
AcDbEntity
  8
BLACK
  6
CONTINUOUS
100
AcDbLine
 10
0.4620589763779527
 20
1.803962283464567
 30
0
 11
0.4608478346456693
 21
1.810051062992126
 31
0
  0
LINE
  5
6C1
330
1A
100
AcDbEntity
  8
BLACK
  6
CONTINUOUS
100
AcDbLine
 10
0.4608478346456693
 20
1.810051062992126
 30
0
 11
0.458472125984252
 21
1.8157865748031496
 31
0
  0
LINE
  5
6C2
330
1A
100
AcDbEntity
  8
BLACK
  6
CONTINUOUS
100
AcDbLine
 10
0.458472125984252
 20
1.8157865748031496
 30
0
 11
0.4550231102362204
 21
1.8209483858267717
 31
0
  0
LINE
  5
6C3
330
1A
100
AcDbEntity
  8
BLACK
  6
CONTINUOUS
100
AcDbLine
 10
0.4550231102362204
 20
1.8209483858267717
 30
0
 11
0.4506333464566929
 21
1.8253381496062993
 31
0
  0
LINE
  5
6C4
330
1A
100
AcDbEntity
  8
BLACK
  6
CONTINUOUS
100
AcDbLine
 10
0.4506333464566929
 20
1.8253381496062993
 30
0
 11
0.4454715354330708
 21
1.8287871653543306
 31
0
  0
LINE
  5
6C5
330
1A
100
AcDbEntity
  8
BLACK
  6
CONTINUOUS
100
AcDbLine
 10
0.4454715354330708
 20
1.8287871653543306
 30
0
 11
0.4397360236220472
 21
1.831162874015748
 31
0
  0
LINE
  5
6C6
330
1A
100
AcDbEntity
  8
BLACK
  6
CONTINUOUS
100
AcDbLine
 10
0.4397360236220472
 20
1.831162874015748
 30
0
 11
0.4336473228346456
 21
1.8323740157480315
 31
0
  0
LINE
  5
6C7
330
1A
100
AcDbEntity
  8
BLACK
  6
CONTINUOUS
100
AcDbLine
 10
0.4336473228346456
 20
1.8323740157480315
 30
0
 11
0.4336472440944882
 21
1.8323740157480315
 31
0
  0
LINE
  5
6C8
330
1A
100
AcDbEntity
  8
BLACK
  6
CONTINUOUS
100
AcDbLine
 10
0.4336472440944882
 20
1.8323740157480315
 30
0
 11
0.4274392125984252
 21
1.8323740157480315
 31
0
  0
LINE
  5
6C9
330
1A
100
AcDbEntity
  8
BLACK
  6
CONTINUOUS
100
AcDbLine
 10
0.4274392125984252
 20
1.8323740157480315
 30
0
 11
0.427439094488189
 21
1.8323740157480315
 31
0
  0
LINE
  5
6CA
330
1A
100
AcDbEntity
  8
BLACK
  6
CONTINUOUS
100
AcDbLine
 10
0.427439094488189
 20
1.8323740157480315
 30
0
 11
0.4213503937007874
 21
1.831162874015748
 31
0
  0
LINE
  5
6CB
330
1A
100
AcDbEntity
  8
BLACK
  6
CONTINUOUS
100
AcDbLine
 10
0.4213503937007874
 20
1.831162874015748
 30
0
 11
0.4213501968503937
 21
1.8311627952755904
 31
0
  0
LINE
  5
6CC
330
1A
100
AcDbEntity
  8
BLACK
  6
CONTINUOUS
100
AcDbLine
 10
0.4213501968503937
 20
1.8311627952755904
 30
0
 11
0.4156148818897638
 21
1.8287871653543306
 31
0
  0
LINE
  5
6CD
330
1A
100
AcDbEntity
  8
BLACK
  6
CONTINUOUS
100
AcDbLine
 10
0.4156148818897638
 20
1.8287871653543306
 30
0
 11
0.4104532677165354
 21
1.8253382677165353
 31
0
  0
LINE
  5
6CE
330
1A
100
AcDbEntity
  8
BLACK
  6
CONTINUOUS
100
AcDbLine
 10
0.4104532677165354
 20
1.8253382677165353
 30
0
 11
0.4104529921259842
 21
1.8253380708661417
 31
0
  0
LINE
  5
6CF
330
1A
100
AcDbEntity
  8
BLACK
  6
CONTINUOUS
100
AcDbLine
 10
0.4104529921259842
 20
1.8253380708661417
 30
0
 11
0.4060634251968504
 21
1.8209485039370079
 31
0
  0
LINE
  5
6D0
330
1A
100
AcDbEntity
  8
BLACK
  6
CONTINUOUS
100
AcDbLine
 10
0.4060634251968504
 20
1.8209485039370079
 30
0
 11
0.4060632283464567
 21
1.8209482283464566
 31
0
  0
LINE
  5
6D1
330
1A
100
AcDbEntity
  8
BLACK
  6
CONTINUOUS
100
AcDbLine
 10
0.4060632283464567
 20
1.8209482283464566
 30
0
 11
0.4026143307086614
 21
1.8157866141732284
 31
0
  0
LINE
  5
6D2
330
1A
100
AcDbEntity
  8
BLACK
  6
CONTINUOUS
100
AcDbLine
 10
0.4026143307086614
 20
1.8157866141732284
 30
0
 11
0.4002386614173228
 21
1.8100512204724408
 31
0
  0
LINE
  5
6D3
330
1A
100
AcDbEntity
  8
BLACK
  6
CONTINUOUS
100
AcDbLine
 10
0.4002386614173228
 20
1.8100512204724408
 30
0
 11
0.4002386614173228
 21
1.8100511811023621
 31
0
  0
LINE
  5
6D4
330
1A
100
AcDbEntity
  8
BLACK
  6
CONTINUOUS
100
AcDbLine
 10
0.4002386614173228
 20
1.8100511811023621
 30
0
 11
0.4002386614173228
 21
1.8100511023622048
 31
0
  0
LINE
  5
6D5
330
1A
100
AcDbEntity
  8
BLACK
  6
CONTINUOUS
100
AcDbLine
 10
0.4002386614173228
 20
1.8100511023622048
 30
0
 11
0.3993723228346457
 21
1.8056960236220472
 31
0
  0
LINE
  5
6D6
330
1A
100
AcDbEntity
  8
BLACK
  6
CONTINUOUS
100
AcDbLine
 10
0.3993723228346457
 20
1.8056960236220472
 30
0
 11
0.3980767322834646
 21
1.8032192913385827
 31
0
  0
LINE
  5
6D7
330
1A
100
AcDbEntity
  8
BLACK
  6
CONTINUOUS
100
AcDbLine
 10
0.3980767322834646
 20
1.8032192913385827
 30
0
 11
0.39801468503937
 21
1.8031561811023622
 31
0
  0
LINE
  5
6D8
330
1A
100
AcDbEntity
  8
BLACK
  6
CONTINUOUS
100
AcDbLine
 10
0.39801468503937
 20
1.8031561811023622
 30
0
 11
0.3631883464566929
 21
1.7683298031496062
 31
0
  0
LINE
  5
6D9
330
1A
100
AcDbEntity
  8
BLACK
  6
CONTINUOUS
100
AcDbLine
 10
0.3631883464566929
 20
1.7683298031496062
 30
0
 11
0.3288452755905512
 21
1.7339867322834646
 31
0
  0
LINE
  5
6DA
330
1A
100
AcDbEntity
  8
BLACK
  6
CONTINUOUS
100
AcDbLine
 10
0.3288452755905512
 20
1.7339867322834646
 30
0
 11
0.328845157480315
 21
1.7339866141732283
 31
0
  0
LINE
  5
6DB
330
1A
100
AcDbEntity
  8
BLACK
  6
CONTINUOUS
100
AcDbLine
 10
0.328845157480315
 20
1.7339866141732283
 30
0
 11
0.3277403937007874
 21
1.7328818503937007
 31
0
  0
LINE
  5
6DC
330
1A
100
AcDbEntity
  8
BLACK
  6
CONTINUOUS
100
AcDbLine
 10
0.3277403937007874
 20
1.7328818503937007
 30
0
 11
0.325415
 21
1.730556496062992
 31
0
  0
LINE
  5
6DD
330
1A
100
AcDbEntity
  8
BLACK
  6
CONTINUOUS
100
AcDbLine
 10
0.325415
 20
1.730556496062992
 30
0
 11
0.3240675196850394
 21
1.728539842519685
 31
0
  0
LINE
  5
6DE
330
1A
100
AcDbEntity
  8
BLACK
  6
CONTINUOUS
100
AcDbLine
 10
0.3240675196850394
 20
1.728539842519685
 30
0
 11
0.3227199212598425
 21
1.7265230708661417
 31
0
  0
LINE
  5
6DF
330
1A
100
AcDbEntity
  8
BLACK
  6
CONTINUOUS
100
AcDbLine
 10
0.3227199212598425
 20
1.7265230708661417
 30
0
 11
0.3214073622047244
 21
1.7233541338582676
 31
0
  0
LINE
  5
6E0
330
1A
100
AcDbEntity
  8
BLACK
  6
CONTINUOUS
100
AcDbLine
 10
0.3214073622047244
 20
1.7233541338582676
 30
0
 11
0.3214073622047244
 21
1.7233540944881889
 31
0
  0
LINE
  5
6E1
330
1A
100
AcDbEntity
  8
BLACK
  6
CONTINUOUS
100
AcDbLine
 10
0.3214073622047244
 20
1.7233540944881889
 30
0
 11
0.3208635826771654
 21
1.7220413779527559
 31
0
  0
LINE
  5
6E2
330
1A
100
AcDbEntity
  8
BLACK
  6
CONTINUOUS
100
AcDbLine
 10
0.3208635826771654
 20
1.7220413779527559
 30
0
 11
0.3199173228346456
 21
1.7172840157480314
 31
0
  0
LINE
  5
6E3
330
1A
100
AcDbEntity
  8
BLACK
  6
CONTINUOUS
100
AcDbLine
 10
0.3199173228346456
 20
1.7172840157480314
 30
0
 11
0.3199173228346456
 21
0.7708570078740157
 31
0
  0
LINE
  5
6E4
330
1A
100
AcDbEntity
  8
BLACK
  6
CONTINUOUS
100
AcDbLine
 10
0.3199173228346456
 20
0.7708570078740157
 30
0
 11
0.319129842519685
 21
0.7681750787401574
 31
0
  0
LINE
  5
6E5
330
1A
100
AcDbEntity
  8
BLACK
  6
CONTINUOUS
100
AcDbLine
 10
0.319129842519685
 20
0.7681750787401574
 30
0
 11
0.3184643700787402
 21
0.7673493307086614
 31
0
  0
LINE
  5
6E6
330
1A
100
AcDbEntity
  8
BLACK
  6
CONTINUOUS
100
AcDbLine
 10
0.3184643700787402
 20
0.7673493307086614
 30
0
 11
0.3180635039370079
 21
0.7669485039370079
 31
0
  0
LINE
  5
6E7
330
1A
100
AcDbEntity
  8
BLACK
  6
CONTINUOUS
100
AcDbLine
 10
0.3180635039370079
 20
0.7669485039370079
 30
0
 11
0.3180633070866142
 21
0.7669482283464567
 31
0
  0
LINE
  5
6E8
330
1A
100
AcDbEntity
  8
BLACK
  6
CONTINUOUS
100
AcDbLine
 10
0.3180633070866142
 20
0.7669482283464567
 30
0
 11
0.3146144094488189
 21
0.7617866141732283
 31
0
  0
LINE
  5
6E9
330
1A
100
AcDbEntity
  8
BLACK
  6
CONTINUOUS
100
AcDbLine
 10
0.3146144094488189
 20
0.7617866141732283
 30
0
 11
0.3122387795275591
 21
0.7560512992125984
 31
0
  0
LINE
  5
6EA
330
1A
100
AcDbEntity
  8
BLACK
  6
CONTINUOUS
100
AcDbLine
 10
0.3122387795275591
 20
0.7560512992125984
 30
0
 11
0.3122387007874016
 21
0.7560511023622047
 31
0
  0
LINE
  5
6EB
330
1A
100
AcDbEntity
  8
BLACK
  6
CONTINUOUS
100
AcDbLine
 10
0.3122387007874016
 20
0.7560511023622047
 30
0
 11
0.3110275590551181
 21
0.7499624015748031
 31
0
  0
LINE
  5
6EC
330
1A
100
AcDbEntity
  8
BLACK
  6
CONTINUOUS
100
AcDbLine
 10
0.3110275590551181
 20
0.7499624015748031
 30
0
 11
0.3110275590551181
 21
0.7437541732283465
 31
0
  0
LINE
  5
6ED
330
1A
100
AcDbEntity
  8
BLACK
  6
CONTINUOUS
100
AcDbLine
 10
1.361484251968504
 20
0.793895905511811
 30
0
 11
1.3624543307086614
 21
0.7890191338582677
 31
0
  0
LINE
  5
6EE
330
1A
100
AcDbEntity
  8
BLACK
  6
CONTINUOUS
100
AcDbLine
 10
1.3624543307086614
 20
0.7890191338582677
 30
0
 11
1.3626953937007873
 21
0.7878072047244095
 31
0
  0
LINE
  5
6EF
330
1A
100
AcDbEntity
  8
BLACK
  6
CONTINUOUS
100
AcDbLine
 10
1.3626953937007873
 20
0.7878072047244095
 30
0
 11
1.3650711023622046
 21
0.7820716929133859
 31
0
  0
LINE
  5
6F0
330
1A
100
AcDbEntity
  8
BLACK
  6
CONTINUOUS
100
AcDbLine
 10
1.3650711023622046
 20
0.7820716929133859
 30
0
 11
1.3685201181102362
 21
0.7769098818897637
 31
0
  0
LINE
  5
6F1
330
1A
100
AcDbEntity
  8
BLACK
  6
CONTINUOUS
100
AcDbLine
 10
1.3685201181102362
 20
0.7769098818897637
 30
0
 11
1.3729098818897638
 21
0.7725201181102362
 31
0
  0
LINE
  5
6F2
330
1A
100
AcDbEntity
  8
BLACK
  6
CONTINUOUS
100
AcDbLine
 10
1.3729098818897638
 20
0.7725201181102362
 30
0
 11
1.3780716929133858
 21
0.7690711023622047
 31
0
  0
LINE
  5
6F3
330
1A
100
AcDbEntity
  8
BLACK
  6
CONTINUOUS
100
AcDbLine
 10
1.3780716929133858
 20
0.7690711023622047
 30
0
 11
1.3838072047244094
 21
0.7666953937007874
 31
0
  0
LINE
  5
6F4
330
1A
100
AcDbEntity
  8
BLACK
  6
CONTINUOUS
100
AcDbLine
 10
1.3838072047244094
 20
0.7666953937007874
 30
0
 11
1.3898959842519685
 21
0.7654842519685039
 31
0
  0
LINE
  5
6F5
330
1A
100
AcDbEntity
  8
BLACK
  6
CONTINUOUS
100
AcDbLine
 10
1.3898959842519685
 20
0.7654842519685039
 30
0
 11
1.3898960236220472
 21
0.7654842519685039
 31
0
  0
LINE
  5
6F6
330
1A
100
AcDbEntity
  8
BLACK
  6
CONTINUOUS
100
AcDbLine
 10
1.3898960236220472
 20
0.7654842519685039
 30
0
 11
1.3961039763779528
 21
0.7654842519685039
 31
0
  0
LINE
  5
6F7
330
1A
100
AcDbEntity
  8
BLACK
  6
CONTINUOUS
100
AcDbLine
 10
1.3961039763779528
 20
0.7654842519685039
 30
0
 11
1.3961040157480316
 21
0.7654842519685039
 31
0
  0
LINE
  5
6F8
330
1A
100
AcDbEntity
  8
BLACK
  6
CONTINUOUS
100
AcDbLine
 10
1.3961040157480316
 20
0.7654842519685039
 30
0
 11
1.4021927952755906
 21
0.7666953937007874
 31
0
  0
LINE
  5
6F9
330
1A
100
AcDbEntity
  8
BLACK
  6
CONTINUOUS
100
AcDbLine
 10
1.4021927952755906
 20
0.7666953937007874
 30
0
 11
1.4078620866141731
 21
0.7690437007874016
 31
0
  0
LINE
  5
6FA
330
1A
100
AcDbEntity
  8
BLACK
  6
CONTINUOUS
100
AcDbLine
 10
1.4078620866141731
 20
0.7690437007874016
 30
0
 11
1.4097603543307087
 21
0.7694212598425196
 31
0
  0
LINE
  5
6FB
330
1A
100
AcDbEntity
  8
BLACK
  6
CONTINUOUS
100
AcDbLine
 10
1.4097603543307087
 20
0.7694212598425196
 30
0
 11
1.4705217716535433
 21
0.7694212598425196
 31
0
  0
LINE
  5
6FC
330
1A
100
AcDbEntity
  8
BLACK
  6
CONTINUOUS
100
AcDbLine
 10
1.4705217716535433
 20
0.7694212598425196
 30
0
 11
1.4732037007874015
 21
0.7686337795275591
 31
0
  0
LINE
  5
6FD
330
1A
100
AcDbEntity
  8
BLACK
  6
CONTINUOUS
100
AcDbLine
 10
1.4732037007874015
 20
0.7686337795275591
 30
0
 11
1.4740294488188976
 21
0.7679683070866141
 31
0
  0
LINE
  5
6FE
330
1A
100
AcDbEntity
  8
BLACK
  6
CONTINUOUS
100
AcDbLine
 10
1.4740294488188976
 20
0.7679683070866141
 30
0
 11
1.4996474409448819
 21
0.7423503149606299
 31
0
  0
LINE
  5
6FF
330
1A
100
AcDbEntity
  8
BLACK
  6
CONTINUOUS
100
AcDbLine
 10
1.4996474409448819
 20
0.7423503149606299
 30
0
 11
1.5007227952755906
 21
0.7407409842519684
 31
0
  0
LINE
  5
700
330
1A
100
AcDbEntity
  8
BLACK
  6
CONTINUOUS
100
AcDbLine
 10
1.5007227952755906
 20
0.7407409842519684
 30
0
 11
1.5017846850393701
 21
0.7381774015748032
 31
0
  0
LINE
  5
701
330
1A
100
AcDbEntity
  8
BLACK
  6
CONTINUOUS
100
AcDbLine
 10
1.5017846850393701
 20
0.7381774015748032
 30
0
 11
1.5030711023622048
 21
0.7350716929133858
 31
0
  0
LINE
  5
702
330
1A
100
AcDbEntity
  8
BLACK
  6
CONTINUOUS
100
AcDbLine
 10
1.5030711023622048
 20
0.7350716929133858
 30
0
 11
1.5065201181102361
 21
0.7299098818897638
 31
0
  0
LINE
  5
703
330
1A
100
AcDbEntity
  8
BLACK
  6
CONTINUOUS
100
AcDbLine
 10
1.5065201181102361
 20
0.7299098818897638
 30
0
 11
1.5109098818897637
 21
0.7255201181102362
 31
0
  0
LINE
  5
704
330
1A
100
AcDbEntity
  8
BLACK
  6
CONTINUOUS
100
AcDbLine
 10
1.5109098818897637
 20
0.7255201181102362
 30
0
 11
1.5160716929133857
 21
0.7220711023622047
 31
0
  0
LINE
  5
705
330
1A
100
AcDbEntity
  8
BLACK
  6
CONTINUOUS
100
AcDbLine
 10
1.5160716929133857
 20
0.7220711023622047
 30
0
 11
1.5218072047244093
 21
0.7196953937007874
 31
0
  0
LINE
  5
706
330
1A
100
AcDbEntity
  8
BLACK
  6
CONTINUOUS
100
AcDbLine
 10
1.5218072047244093
 20
0.7196953937007874
 30
0
 11
1.5278959842519684
 21
0.718484251968504
 31
0
  0
LINE
  5
707
330
1A
100
AcDbEntity
  8
BLACK
  6
CONTINUOUS
100
AcDbLine
 10
1.5278959842519684
 20
0.718484251968504
 30
0
 11
1.5278960236220471
 21
0.718484251968504
 31
0
  0
LINE
  5
708
330
1A
100
AcDbEntity
  8
BLACK
  6
CONTINUOUS
100
AcDbLine
 10
1.5278960236220471
 20
0.718484251968504
 30
0
 11
1.5341039763779527
 21
0.718484251968504
 31
0
  0
LINE
  5
709
330
1A
100
AcDbEntity
  8
BLACK
  6
CONTINUOUS
100
AcDbLine
 10
1.5341039763779527
 20
0.718484251968504
 30
0
 11
1.5341040157480315
 21
0.718484251968504
 31
0
  0
LINE
  5
70A
330
1A
100
AcDbEntity
  8
BLACK
  6
CONTINUOUS
100
AcDbLine
 10
1.5341040157480315
 20
0.718484251968504
 30
0
 11
1.5401927952755905
 21
0.7196953937007874
 31
0
  0
LINE
  5
70B
330
1A
100
AcDbEntity
  8
BLACK
  6
CONTINUOUS
100
AcDbLine
 10
1.5401927952755905
 20
0.7196953937007874
 30
0
 11
1.5459283070866141
 21
0.7220711023622047
 31
0
  0
LINE
  5
70C
330
1A
100
AcDbEntity
  8
BLACK
  6
CONTINUOUS
100
AcDbLine
 10
1.5459283070866141
 20
0.7220711023622047
 30
0
 11
1.5510901181102361
 21
0.7255201181102362
 31
0
  0
LINE
  5
70D
330
1A
100
AcDbEntity
  8
BLACK
  6
CONTINUOUS
100
AcDbLine
 10
1.5510901181102361
 20
0.7255201181102362
 30
0
 11
1.5554798818897637
 21
0.7299098818897638
 31
0
  0
LINE
  5
70E
330
1A
100
AcDbEntity
  8
BLACK
  6
CONTINUOUS
100
AcDbLine
 10
1.5554798818897637
 20
0.7299098818897638
 30
0
 11
1.5589288976377953
 21
0.7350716929133858
 31
0
  0
LINE
  5
70F
330
1A
100
AcDbEntity
  8
BLACK
  6
CONTINUOUS
100
AcDbLine
 10
1.5589288976377953
 20
0.7350716929133858
 30
0
 11
1.5613046062992126
 21
0.7408072047244094
 31
0
  0
LINE
  5
710
330
1A
100
AcDbEntity
  8
BLACK
  6
CONTINUOUS
100
AcDbLine
 10
1.5613046062992126
 20
0.7408072047244094
 30
0
 11
1.562515748031496
 21
0.7468959842519685
 31
0
  0
LINE
  5
711
330
1A
100
AcDbEntity
  8
BLACK
  6
CONTINUOUS
100
AcDbLine
 10
1.562515748031496
 20
0.7468959842519685
 30
0
 11
1.562515748031496
 21
0.7531040157480314
 31
0
  0
LINE
  5
712
330
1A
100
AcDbEntity
  8
BLACK
  6
CONTINUOUS
100
AcDbLine
 10
1.562515748031496
 20
0.7531040157480314
 30
0
 11
1.5613046062992126
 21
0.7591927952755906
 31
0
  0
LINE
  5
713
330
1A
100
AcDbEntity
  8
BLACK
  6
CONTINUOUS
100
AcDbLine
 10
1.5613046062992126
 20
0.7591927952755906
 30
0
 11
1.5589288976377953
 21
0.7649283070866142
 31
0
  0
LINE
  5
714
330
1A
100
AcDbEntity
  8
BLACK
  6
CONTINUOUS
100
AcDbLine
 10
1.5589288976377953
 20
0.7649283070866142
 30
0
 11
1.5554798818897637
 21
0.7700901181102362
 31
0
  0
LINE
  5
715
330
1A
100
AcDbEntity
  8
BLACK
  6
CONTINUOUS
100
AcDbLine
 10
1.5554798818897637
 20
0.7700901181102362
 30
0
 11
1.5510901181102361
 21
0.7744798818897638
 31
0
  0
LINE
  5
716
330
1A
100
AcDbEntity
  8
BLACK
  6
CONTINUOUS
100
AcDbLine
 10
1.5510901181102361
 20
0.7744798818897638
 30
0
 11
1.5478487401574803
 21
0.7766457086614174
 31
0
  0
LINE
  5
717
330
1A
100
AcDbEntity
  8
BLACK
  6
CONTINUOUS
100
AcDbLine
 10
1.5478487401574803
 20
0.7766457086614174
 30
0
 11
1.5459283070866141
 21
0.7779288976377953
 31
0
  0
LINE
  5
718
330
1A
100
AcDbEntity
  8
BLACK
  6
CONTINUOUS
100
AcDbLine
 10
1.5459283070866141
 20
0.7779288976377953
 30
0
 11
1.5429083464566928
 21
0.7791798031496063
 31
0
  0
LINE
  5
719
330
1A
100
AcDbEntity
  8
BLACK
  6
CONTINUOUS
100
AcDbLine
 10
1.5429083464566928
 20
0.7791798031496063
 30
0
 11
1.5402590157480314
 21
0.7802772047244094
 31
0
  0
LINE
  5
71A
330
1A
100
AcDbEntity
  8
BLACK
  6
CONTINUOUS
100
AcDbLine
 10
1.5402590157480314
 20
0.7802772047244094
 30
0
 11
1.5386496850393701
 21
0.7813525590551181
 31
0
  0
LINE
  5
71B
330
1A
100
AcDbEntity
  8
BLACK
  6
CONTINUOUS
100
AcDbLine
 10
1.5386496850393701
 20
0.7813525590551181
 30
0
 11
1.5174805118110235
 21
0.8025217322834646
 31
0
  0
LINE
  5
71C
330
1A
100
AcDbEntity
  8
BLACK
  6
CONTINUOUS
100
AcDbLine
 10
1.5174805118110235
 20
0.8025217322834646
 30
0
 11
1.5161409055118109
 21
0.8049749606299212
 31
0
  0
LINE
  5
71D
330
1A
100
AcDbEntity
  8
BLACK
  6
CONTINUOUS
100
AcDbLine
 10
1.5161409055118109
 20
0.8049749606299212
 30
0
 11
1.516027559055118
 21
0.8060294094488188
 31
0
  0
LINE
  5
71E
330
1A
100
AcDbEntity
  8
BLACK
  6
CONTINUOUS
100
AcDbLine
 10
1.516027559055118
 20
0.8060294094488188
 30
0
 11
1.516027559055118
 21
0.8139716929133858
 31
0
  0
LINE
  5
71F
330
1A
100
AcDbEntity
  8
BLACK
  6
CONTINUOUS
100
AcDbLine
 10
1.516027559055118
 20
0.8139716929133858
 30
0
 11
1.516027559055118
 21
0.980097874015748
 31
0
  0
LINE
  5
720
330
1A
100
AcDbEntity
  8
BLACK
  6
CONTINUOUS
100
AcDbLine
 10
1.516027559055118
 20
0.980097874015748
 30
0
 11
1.5160925984251967
 21
0.9804250393700787
 31
0
  0
LINE
  5
721
330
1A
100
AcDbEntity
  8
BLACK
  6
CONTINUOUS
100
AcDbLine
 10
1.5160925984251967
 20
0.9804250393700787
 30
0
 11
1.5160559842519685
 21
0.9806281496062992
 31
0
  0
LINE
  5
722
330
1A
100
AcDbEntity
  8
BLACK
  6
CONTINUOUS
100
AcDbLine
 10
1.5160559842519685
 20
0.9806281496062992
 30
0
 11
1.516405157480315
 21
0.981996220472441
 31
0
  0
LINE
  5
723
330
1A
100
AcDbEntity
  8
BLACK
  6
CONTINUOUS
100
AcDbLine
 10
1.516405157480315
 20
0.981996220472441
 30
0
 11
1.5176925196850393
 21
0.9851041338582677
 31
0
  0
LINE
  5
724
330
1A
100
AcDbEntity
  8
BLACK
  6
CONTINUOUS
100
AcDbLine
 10
1.5176925196850393
 20
0.9851041338582677
 30
0
 11
1.5185797244094488
 21
0.9872460629921259
 31
0
  0
LINE
  5
725
330
1A
100
AcDbEntity
  8
BLACK
  6
CONTINUOUS
100
AcDbLine
 10
1.5185797244094488
 20
0.9872460629921259
 30
0
 11
1.5185797244094488
 21
0.9872461023622047
 31
0
  0
LINE
  5
726
330
1A
100
AcDbEntity
  8
BLACK
  6
CONTINUOUS
100
AcDbLine
 10
1.5185797244094488
 20
0.9872461023622047
 30
0
 11
1.5187532677165354
 21
0.9876651181102362
 31
0
  0
LINE
  5
727
330
1A
100
AcDbEntity
  8
BLACK
  6
CONTINUOUS
100
AcDbLine
 10
1.5187532677165354
 20
0.9876651181102362
 30
0
 11
1.5187534251968504
 21
0.9876654724409448
 31
0
  0
LINE
  5
728
330
1A
100
AcDbEntity
  8
BLACK
  6
CONTINUOUS
100
AcDbLine
 10
1.5187534251968504
 20
0.9876654724409448
 30
0
 11
1.5199645669291337
 21
0.9937542519685039
 31
0
  0
LINE
  5
729
330
1A
100
AcDbEntity
  8
BLACK
  6
CONTINUOUS
100
AcDbLine
 10
1.5199645669291337
 20
0.9937542519685039
 30
0
 11
1.5199645669291337
 21
0.9999622834645669
 31
0
  0
LINE
  5
72A
330
1A
100
AcDbEntity
  8
BLACK
  6
CONTINUOUS
100
AcDbLine
 10
1.5199645669291337
 20
0.9999622834645669
 30
0
 11
1.5187534251968504
 21
1.006051062992126
 31
0
  0
LINE
  5
72B
330
1A
100
AcDbEntity
  8
BLACK
  6
CONTINUOUS
100
AcDbLine
 10
1.5187534251968504
 20
1.006051062992126
 30
0
 11
1.5163777165354331
 21
1.0117865748031496
 31
0
  0
LINE
  5
72C
330
1A
100
AcDbEntity
  8
BLACK
  6
CONTINUOUS
100
AcDbLine
 10
1.5163777165354331
 20
1.0117865748031496
 30
0
 11
1.5129287007874015
 21
1.0169483858267716
 31
0
  0
LINE
  5
72D
330
1A
100
AcDbEntity
  8
BLACK
  6
CONTINUOUS
100
AcDbLine
 10
1.5129287007874015
 20
1.0169483858267716
 30
0
 11
1.5085389370078739
 21
1.0213381496062992
 31
0
  0
LINE
  5
72E
330
1A
100
AcDbEntity
  8
BLACK
  6
CONTINUOUS
100
AcDbLine
 10
1.5085389370078739
 20
1.0213381496062992
 30
0
 11
1.5033771259842519
 21
1.0247871653543308
 31
0
  0
LINE
  5
72F
330
1A
100
AcDbEntity
  8
BLACK
  6
CONTINUOUS
100
AcDbLine
 10
1.5033771259842519
 20
1.0247871653543308
 30
0
 11
1.502302716535433
 21
1.0252322047244093
 31
0
  0
LINE
  5
730
330
1A
100
AcDbEntity
  8
BLACK
  6
CONTINUOUS
100
AcDbLine
 10
1.502302716535433
 20
1.0252322047244093
 30
0
 11
1.497641811023622
 21
1.0271627952755906
 31
0
  0
LINE
  5
731
330
1A
100
AcDbEntity
  8
BLACK
  6
CONTINUOUS
100
AcDbLine
 10
1.497641811023622
 20
1.0271627952755906
 30
0
 11
1.4976416141732283
 21
1.0271628740157479
 31
0
  0
LINE
  5
732
330
1A
100
AcDbEntity
  8
BLACK
  6
CONTINUOUS
100
AcDbLine
 10
1.4976416141732283
 20
1.0271628740157479
 30
0
 11
1.4916320472440945
 21
1.0283582677165355
 31
0
  0
LINE
  5
733
330
1A
100
AcDbEntity
  8
BLACK
  6
CONTINUOUS
100
AcDbLine
 10
1.4916320472440945
 20
1.0283582677165355
 30
0
 11
1.4916320078740157
 21
1.0283582677165355
 31
0
  0
LINE
  5
734
330
1A
100
AcDbEntity
  8
BLACK
  6
CONTINUOUS
100
AcDbLine
 10
1.4916320078740157
 20
1.0283582677165355
 30
0
 11
1.4915528346456692
 21
1.0283740157480314
 31
0
  0
LINE
  5
735
330
1A
100
AcDbEntity
  8
BLACK
  6
CONTINUOUS
100
AcDbLine
 10
1.4915528346456692
 20
1.0283740157480314
 30
0
 11
1.4853448031496064
 21
1.0283740157480314
 31
0
  0
LINE
  5
736
330
1A
100
AcDbEntity
  8
BLACK
  6
CONTINUOUS
100
AcDbLine
 10
1.4853448031496064
 20
1.0283740157480314
 30
0
 11
1.4852656299212599
 21
1.0283582677165355
 31
0
  0
LINE
  5
737
330
1A
100
AcDbEntity
  8
BLACK
  6
CONTINUOUS
100
AcDbLine
 10
1.4852656299212599
 20
1.0283582677165355
 30
0
 11
1.4852655905511811
 21
1.0283582677165355
 31
0
  0
LINE
  5
738
330
1A
100
AcDbEntity
  8
BLACK
  6
CONTINUOUS
100
AcDbLine
 10
1.4852655905511811
 20
1.0283582677165355
 30
0
 11
1.4792559842519686
 21
1.0271628740157479
 31
0
  0
LINE
  5
739
330
1A
100
AcDbEntity
  8
BLACK
  6
CONTINUOUS
100
AcDbLine
 10
1.4792559842519686
 20
1.0271628740157479
 30
0
 11
1.4792557874015748
 21
1.0271627952755906
 31
0
  0
LINE
  5
73A
330
1A
100
AcDbEntity
  8
BLACK
  6
CONTINUOUS
100
AcDbLine
 10
1.4792557874015748
 20
1.0271627952755906
 30
0
 11
1.4735204724409448
 21
1.0247871653543308
 31
0
  0
LINE
  5
73B
330
1A
100
AcDbEntity
  8
BLACK
  6
CONTINUOUS
100
AcDbLine
 10
1.4735204724409448
 20
1.0247871653543308
 30
0
 11
1.4683588582677165
 21
1.0213382677165355
 31
0
  0
LINE
  5
73C
330
1A
100
AcDbEntity
  8
BLACK
  6
CONTINUOUS
100
AcDbLine
 10
1.4683588582677165
 20
1.0213382677165355
 30
0
 11
1.4683585826771652
 21
1.0213380708661417
 31
0
  0
LINE
  5
73D
330
1A
100
AcDbEntity
  8
BLACK
  6
CONTINUOUS
100
AcDbLine
 10
1.4683585826771652
 20
1.0213380708661417
 30
0
 11
1.4639690157480314
 21
1.0169485039370079
 31
0
  0
LINE
  5
73E
330
1A
100
AcDbEntity
  8
BLACK
  6
CONTINUOUS
100
AcDbLine
 10
1.4639690157480314
 20
1.0169485039370079
 30
0
 11
1.4639688188976379
 21
1.0169482283464566
 31
0
  0
LINE
  5
73F
330
1A
100
AcDbEntity
  8
BLACK
  6
CONTINUOUS
100
AcDbLine
 10
1.4639688188976379
 20
1.0169482283464566
 30
0
 11
1.4605199212598425
 21
1.0117866141732283
 31
0
  0
LINE
  5
740
330
1A
100
AcDbEntity
  8
BLACK
  6
CONTINUOUS
100
AcDbLine
 10
1.4605199212598425
 20
1.0117866141732283
 30
0
 11
1.4581442913385827
 21
1.0060512992125985
 31
0
  0
LINE
  5
741
330
1A
100
AcDbEntity
  8
BLACK
  6
CONTINUOUS
100
AcDbLine
 10
1.4581442913385827
 20
1.0060512992125985
 30
0
 11
1.4581442125984252
 21
1.0060511023622047
 31
0
  0
LINE
  5
742
330
1A
100
AcDbEntity
  8
BLACK
  6
CONTINUOUS
100
AcDbLine
 10
1.4581442125984252
 20
1.0060511023622047
 30
0
 11
1.4569330708661417
 21
0.9999624015748031
 31
0
  0
LINE
  5
743
330
1A
100
AcDbEntity
  8
BLACK
  6
CONTINUOUS
100
AcDbLine
 10
1.4569330708661417
 20
0.9999624015748031
 30
0
 11
1.4569330708661417
 21
0.9937541732283465
 31
0
  0
LINE
  5
744
330
1A
100
AcDbEntity
  8
BLACK
  6
CONTINUOUS
100
AcDbLine
 10
1.4569330708661417
 20
0.9937541732283465
 30
0
 11
1.4581442125984252
 21
0.9876654724409448
 31
0
  0
LINE
  5
745
330
1A
100
AcDbEntity
  8
BLACK
  6
CONTINUOUS
100
AcDbLine
 10
1.4581442125984252
 20
0.9876654724409448
 30
0
 11
1.4581442913385827
 21
0.9876652755905512
 31
0
  0
LINE
  5
746
330
1A
100
AcDbEntity
  8
BLACK
  6
CONTINUOUS
100
AcDbLine
 10
1.4581442913385827
 20
0.9876652755905512
 30
0
 11
1.4604924803149606
 21
0.981996220472441
 31
0
  0
LINE
  5
747
330
1A
100
AcDbEntity
  8
BLACK
  6
CONTINUOUS
100
AcDbLine
 10
1.4604924803149606
 20
0.981996220472441
 30
0
 11
1.4608700787401574
 21
0.980097874015748
 31
0
  0
LINE
  5
748
330
1A
100
AcDbEntity
  8
BLACK
  6
CONTINUOUS
100
AcDbLine
 10
1.4608700787401574
 20
0.980097874015748
 30
0
 11
1.4608700787401574
 21
0.8295393700787401
 31
0
  0
LINE
  5
749
330
1A
100
AcDbEntity
  8
BLACK
  6
CONTINUOUS
100
AcDbLine
 10
1.4608700787401574
 20
0.8295393700787401
 30
0
 11
1.4600825984251968
 21
0.8268574409448819
 31
0
  0
LINE
  5
74A
330
1A
100
AcDbEntity
  8
BLACK
  6
CONTINUOUS
100
AcDbLine
 10
1.4600825984251968
 20
0.8268574409448819
 30
0
 11
1.457970157480315
 21
0.8250270078740157
 31
0
  0
LINE
  5
74B
330
1A
100
AcDbEntity
  8
BLACK
  6
CONTINUOUS
100
AcDbLine
 10
1.457970157480315
 20
0.8250270078740157
 30
0
 11
1.4559094488188975
 21
0.8245787401574803
 31
0
  0
LINE
  5
74C
330
1A
100
AcDbEntity
  8
BLACK
  6
CONTINUOUS
100
AcDbLine
 10
1.4559094488188975
 20
0.8245787401574803
 30
0
 11
1.4097603543307087
 21
0.8245787401574803
 31
0
  0
LINE
  5
74D
330
1A
100
AcDbEntity
  8
BLACK
  6
CONTINUOUS
100
AcDbLine
 10
1.4097603543307087
 20
0.8245787401574803
 30
0
 11
1.4078620866141731
 21
0.8249563385826771
 31
0
  0
LINE
  5
74E
330
1A
100
AcDbEntity
  8
BLACK
  6
CONTINUOUS
100
AcDbLine
 10
1.4078620866141731
 20
0.8249563385826771
 30
0
 11
1.4021927952755906
 21
0.8273046062992125
 31
0
  0
LINE
  5
74F
330
1A
100
AcDbEntity
  8
BLACK
  6
CONTINUOUS
100
AcDbLine
 10
1.4021927952755906
 20
0.8273046062992125
 30
0
 11
1.3961040944881888
 21
0.8285157480314961
 31
0
  0
LINE
  5
750
330
1A
100
AcDbEntity
  8
BLACK
  6
CONTINUOUS
100
AcDbLine
 10
1.3961040944881888
 20
0.8285157480314961
 30
0
 11
1.3961040157480316
 21
0.8285157480314961
 31
0
  0
LINE
  5
751
330
1A
100
AcDbEntity
  8
BLACK
  6
CONTINUOUS
100
AcDbLine
 10
1.3961040157480316
 20
0.8285157480314961
 30
0
 11
1.3898959842519685
 21
0.8285157480314961
 31
0
  0
LINE
  5
752
330
1A
100
AcDbEntity
  8
BLACK
  6
CONTINUOUS
100
AcDbLine
 10
1.3898959842519685
 20
0.8285157480314961
 30
0
 11
1.3898958661417322
 21
0.8285157480314961
 31
0
  0
LINE
  5
753
330
1A
100
AcDbEntity
  8
BLACK
  6
CONTINUOUS
100
AcDbLine
 10
1.3898958661417322
 20
0.8285157480314961
 30
0
 11
1.3838071653543307
 21
0.8273046062992125
 31
0
  0
LINE
  5
754
330
1A
100
AcDbEntity
  8
BLACK
  6
CONTINUOUS
100
AcDbLine
 10
1.3838071653543307
 20
0.8273046062992125
 30
0
 11
1.3838069685039369
 21
0.8273045275590551
 31
0
  0
LINE
  5
755
330
1A
100
AcDbEntity
  8
BLACK
  6
CONTINUOUS
100
AcDbLine
 10
1.3838069685039369
 20
0.8273045275590551
 30
0
 11
1.3780716535433071
 21
0.8249288976377953
 31
0
  0
LINE
  5
756
330
1A
100
AcDbEntity
  8
BLACK
  6
CONTINUOUS
100
AcDbLine
 10
1.3780716535433071
 20
0.8249288976377953
 30
0
 11
1.3729100393700786
 21
0.82148
 31
0
  0
LINE
  5
757
330
1A
100
AcDbEntity
  8
BLACK
  6
CONTINUOUS
100
AcDbLine
 10
1.3729100393700786
 20
0.82148
 30
0
 11
1.3729097637795276
 21
0.8214798031496063
 31
0
  0
LINE
  5
758
330
1A
100
AcDbEntity
  8
BLACK
  6
CONTINUOUS
100
AcDbLine
 10
1.3729097637795276
 20
0.8214798031496063
 30
0
 11
1.3685201968503937
 21
0.8170902362204724
 31
0
  0
LINE
  5
759
330
1A
100
AcDbEntity
  8
BLACK
  6
CONTINUOUS
100
AcDbLine
 10
1.3685201968503937
 20
0.8170902362204724
 30
0
 11
1.36852
 21
0.8170899606299212
 31
0
  0
LINE
  5
75A
330
1A
100
AcDbEntity
  8
BLACK
  6
CONTINUOUS
100
AcDbLine
 10
1.36852
 20
0.8170899606299212
 30
0
 11
1.3650711023622046
 21
0.8119283464566929
 31
0
  0
LINE
  5
75B
330
1A
100
AcDbEntity
  8
BLACK
  6
CONTINUOUS
100
AcDbLine
 10
1.3650711023622046
 20
0.8119283464566929
 30
0
 11
1.3626954724409448
 21
0.806193031496063
 31
0
  0
LINE
  5
75C
330
1A
100
AcDbEntity
  8
BLACK
  6
CONTINUOUS
100
AcDbLine
 10
1.3626954724409448
 20
0.806193031496063
 30
0
 11
1.3626953937007873
 21
0.8061928346456693
 31
0
  0
LINE
  5
75D
330
1A
100
AcDbEntity
  8
BLACK
  6
CONTINUOUS
100
AcDbLine
 10
1.3626953937007873
 20
0.8061928346456693
 30
0
 11
1.361484251968504
 21
0.8001041338582677
 31
0
  0
LINE
  5
75E
330
1A
100
AcDbEntity
  8
BLACK
  6
CONTINUOUS
100
AcDbLine
 10
1.361484251968504
 20
0.8001041338582677
 30
0
 11
1.361484251968504
 21
0.793895905511811
 31
0
  0
LINE
  5
75F
330
1A
100
AcDbEntity
  8
BLACK
  6
CONTINUOUS
100
AcDbLine
 10
2.9097521653543308
 20
0.7889435039370079
 30
0
 11
2.9096214173228345
 21
0.7888893700787402
 31
0
  0
LINE
  5
760
330
1A
100
AcDbEntity
  8
BLACK
  6
CONTINUOUS
100
AcDbLine
 10
2.9096214173228345
 20
0.7888893700787402
 30
0
 11
2.9094803937007874
 21
0.7888793307086615
 31
0
  0
LINE
  5
761
330
1A
100
AcDbEntity
  8
BLACK
  6
CONTINUOUS
100
AcDbLine
 10
2.9094803937007874
 20
0.7888793307086615
 30
0
 11
2.9087595669291337
 21
0.7886035039370078
 31
0
  0
LINE
  5
762
330
1A
100
AcDbEntity
  8
BLACK
  6
CONTINUOUS
100
AcDbLine
 10
2.9087595669291337
 20
0.7886035039370078
 30
0
 11
2.9031352755905511
 21
0.7857913779527559
 31
0
  0
LINE
  5
763
330
1A
100
AcDbEntity
  8
BLACK
  6
CONTINUOUS
100
AcDbLine
 10
2.9031352755905511
 20
0.7857913779527559
 30
0
 11
2.9030067716535433
 21
0.7857105511811023
 31
0
  0
LINE
  5
764
330
1A
100
AcDbEntity
  8
BLACK
  6
CONTINUOUS
100
AcDbLine
 10
2.9030067716535433
 20
0.7857105511811023
 30
0
 11
2.9029462204724408
 21
0.7856903149606299
 31
0
  0
LINE
  5
765
330
1A
100
AcDbEntity
  8
BLACK
  6
CONTINUOUS
100
AcDbLine
 10
2.9029462204724408
 20
0.7856903149606299
 30
0
 11
2.9028707480314959
 21
0.7856248818897638
 31
0
  0
LINE
  5
766
330
1A
100
AcDbEntity
  8
BLACK
  6
CONTINUOUS
100
AcDbLine
 10
2.9028707480314959
 20
0.7856248818897638
 30
0
 11
2.9024821259842519
 21
0.7853802362204724
 31
0
  0
LINE
  5
767
330
1A
100
AcDbEntity
  8
BLACK
  6
CONTINUOUS
100
AcDbLine
 10
2.9024821259842519
 20
0.7853802362204724
 30
0
 11
2.9021587401574802
 21
0.7850074015748031
 31
0
  0
LINE
  5
768
330
1A
100
AcDbEntity
  8
BLACK
  6
CONTINUOUS
100
AcDbLine
 10
2.9021587401574802
 20
0.7850074015748031
 30
0
 11
2.9017857086614174
 21
0.7846838582677165
 31
0
  0
LINE
  5
769
330
1A
100
AcDbEntity
  8
BLACK
  6
CONTINUOUS
100
AcDbLine
 10
2.9017857086614174
 20
0.7846838582677165
 30
0
 11
2.9015410236220474
 21
0.784295157480315
 31
0
  0
LINE
  5
76A
330
1A
100
AcDbEntity
  8
BLACK
  6
CONTINUOUS
100
AcDbLine
 10
2.9015410236220474
 20
0.784295157480315
 30
0
 11
2.9014756299212596
 21
0.7842197244094488
 31
0
  0
LINE
  5
76B
330
1A
100
AcDbEntity
  8
BLACK
  6
CONTINUOUS
100
AcDbLine
 10
2.9014756299212596
 20
0.7842197244094488
 30
0
 11
2.9014554330708662
 21
0.7841591732283464
 31
0
  0
LINE
  5
76C
330
1A
100
AcDbEntity
  8
BLACK
  6
CONTINUOUS
100
AcDbLine
 10
2.9014554330708662
 20
0.7841591732283464
 30
0
 11
2.901374566929134
 21
0.7840306692913386
 31
0
  0
LINE
  5
76D
330
1A
100
AcDbEntity
  8
BLACK
  6
CONTINUOUS
100
AcDbLine
 10
2.901374566929134
 20
0.7840306692913386
 30
0
 11
2.8985624015748033
 21
0.7784064173228347
 31
0
  0
LINE
  5
76E
330
1A
100
AcDbEntity
  8
BLACK
  6
CONTINUOUS
100
AcDbLine
 10
2.8985624015748033
 20
0.7784064173228347
 30
0
 11
2.8982865748031497
 21
0.7776855905511811
 31
0
  0
LINE
  5
76F
330
1A
100
AcDbEntity
  8
BLACK
  6
CONTINUOUS
100
AcDbLine
 10
2.8982865748031497
 20
0.7776855905511811
 30
0
 11
2.8982765354330708
 21
0.7775445275590551
 31
0
  0
LINE
  5
770
330
1A
100
AcDbEntity
  8
BLACK
  6
CONTINUOUS
100
AcDbLine
 10
2.8982765354330708
 20
0.7775445275590551
 30
0
 11
2.8982224015748033
 21
0.7774137795275591
 31
0
  0
LINE
  5
771
330
1A
100
AcDbEntity
  8
BLACK
  6
CONTINUOUS
100
AcDbLine
 10
2.8982224015748033
 20
0.7774137795275591
 30
0
 11
2.8981467716535434
 21
0.7766457086614174
 31
0
  0
LINE
  5
772
330
1A
100
AcDbEntity
  8
BLACK
  6
CONTINUOUS
100
AcDbLine
 10
2.8981467716535434
 20
0.7766457086614174
 30
0
 11
2.8981467716535434
 21
0.7653970866141732
 31
0
  0
LINE
  5
773
330
1A
100
AcDbEntity
  8
BLACK
  6
CONTINUOUS
100
AcDbLine
 10
2.8981467716535434
 20
0.7653970866141732
 30
0
 11
2.8982224015748033
 21
0.7646290157480314
 31
0
  0
LINE
  5
774
330
1A
100
AcDbEntity
  8
BLACK
  6
CONTINUOUS
100
AcDbLine
 10
2.8982224015748033
 20
0.7646290157480314
 30
0
 11
2.8982765354330708
 21
0.7644983070866141
 31
0
  0
LINE
  5
775
330
1A
100
AcDbEntity
  8
BLACK
  6
CONTINUOUS
100
AcDbLine
 10
2.8982765354330708
 20
0.7644983070866141
 30
0
 11
2.8982865748031497
 21
0.7643572440944881
 31
0
  0
LINE
  5
776
330
1A
100
AcDbEntity
  8
BLACK
  6
CONTINUOUS
100
AcDbLine
 10
2.8982865748031497
 20
0.7643572440944881
 30
0
 11
2.8982865748031497
 21
0.7643572047244094
 31
0
  0
LINE
  5
777
330
1A
100
AcDbEntity
  8
BLACK
  6
CONTINUOUS
100
AcDbLine
 10
2.8982865748031497
 20
0.7643572047244094
 30
0
 11
2.8985624015748033
 21
0.7636363779527559
 31
0
  0
LINE
  5
778
330
1A
100
AcDbEntity
  8
BLACK
  6
CONTINUOUS
100
AcDbLine
 10
2.8985624015748033
 20
0.7636363779527559
 30
0
 11
2.901374566929134
 21
0.7580121259842519
 31
0
  0
LINE
  5
779
330
1A
100
AcDbEntity
  8
BLACK
  6
CONTINUOUS
100
AcDbLine
 10
2.901374566929134
 20
0.7580121259842519
 30
0
 11
2.9017857086614174
 21
0.757358937007874
 31
0
  0
LINE
  5
77A
330
1A
100
AcDbEntity
  8
BLACK
  6
CONTINUOUS
100
AcDbLine
 10
2.9017857086614174
 20
0.757358937007874
 30
0
 11
2.9029462204724408
 21
0.7563524803149606
 31
0
  0
LINE
  5
77B
330
1A
100
AcDbEntity
  8
BLACK
  6
CONTINUOUS
100
AcDbLine
 10
2.9029462204724408
 20
0.7563524803149606
 30
0
 11
2.9029462598425195
 21
0.7563524803149606
 31
0
  0
LINE
  5
77C
330
1A
100
AcDbEntity
  8
BLACK
  6
CONTINUOUS
100
AcDbLine
 10
2.9029462598425195
 20
0.7563524803149606
 30
0
 11
2.9044035433070867
 21
0.7558666929133858
 31
0
  0
LINE
  5
77D
330
1A
100
AcDbEntity
  8
BLACK
  6
CONTINUOUS
100
AcDbLine
 10
2.9044035433070867
 20
0.7558666929133858
 30
0
 11
2.9059358267716533
 21
0.7559755905511811
 31
0
  0
LINE
  5
77E
330
1A
100
AcDbEntity
  8
BLACK
  6
CONTINUOUS
100
AcDbLine
 10
2.9059358267716533
 20
0.7559755905511811
 30
0
 11
2.9073098031496061
 21
0.7566625984251968
 31
0
  0
LINE
  5
77F
330
1A
100
AcDbEntity
  8
BLACK
  6
CONTINUOUS
100
AcDbLine
 10
2.9073098031496061
 20
0.7566625984251968
 30
0
 11
2.9083162598425196
 21
0.7578230708661418
 31
0
  0
LINE
  5
780
330
1A
100
AcDbEntity
  8
BLACK
  6
CONTINUOUS
100
AcDbLine
 10
2.9083162598425196
 20
0.7578230708661418
 30
0
 11
2.9085394094488186
 21
0.7584926377952755
 31
0
  0
LINE
  5
781
330
1A
100
AcDbEntity
  8
BLACK
  6
CONTINUOUS
100
AcDbLine
 10
2.9085394094488186
 20
0.7584926377952755
 30
0
 11
2.9085394881889761
 21
0.7584927952755905
 31
0
  0
LINE
  5
782
330
1A
100
AcDbEntity
  8
BLACK
  6
CONTINUOUS
100
AcDbLine
 10
2.9085394881889761
 20
0.7584927952755905
 30
0
 11
2.9088020472440945
 21
0.7592803937007874
 31
0
  0
LINE
  5
783
330
1A
100
AcDbEntity
  8
BLACK
  6
CONTINUOUS
100
AcDbLine
 10
2.9088020472440945
 20
0.7592803937007874
 30
0
 11
2.9086931496062993
 21
0.7608126771653543
 31
0
  0
LINE
  5
784
330
1A
100
AcDbEntity
  8
BLACK
  6
CONTINUOUS
100
AcDbLine
 10
2.9086931496062993
 20
0.7608126771653543
 30
0
 11
2.9084173228346457
 21
0.7615335039370078
 31
0
  0
LINE
  5
785
330
1A
100
AcDbEntity
  8
BLACK
  6
CONTINUOUS
100
AcDbLine
 10
2.9084173228346457
 20
0.7615335039370078
 30
0
 11
2.9060207874015749
 21
0.7663265748031496
 31
0
  0
LINE
  5
786
330
1A
100
AcDbEntity
  8
BLACK
  6
CONTINUOUS
100
AcDbLine
 10
2.9060207874015749
 20
0.7663265748031496
 30
0
 11
2.9060207874015749
 21
0.7757162598425197
 31
0
  0
LINE
  5
787
330
1A
100
AcDbEntity
  8
BLACK
  6
CONTINUOUS
100
AcDbLine
 10
2.9060207874015749
 20
0.7757162598425197
 30
0
 11
2.907830433070866
 21
0.7793355511811023
 31
0
  0
LINE
  5
788
330
1A
100
AcDbEntity
  8
BLACK
  6
CONTINUOUS
100
AcDbLine
 10
2.907830433070866
 20
0.7793355511811023
 30
0
 11
2.9114496456692911
 21
0.7811451181102362
 31
0
  0
LINE
  5
789
330
1A
100
AcDbEntity
  8
BLACK
  6
CONTINUOUS
100
AcDbLine
 10
2.9114496456692911
 20
0.7811451181102362
 30
0
 11
2.9137112992125984
 21
0.7811451181102362
 31
0
  0
LINE
  5
78A
330
1A
100
AcDbEntity
  8
BLACK
  6
CONTINUOUS
100
AcDbLine
 10
2.9137112992125984
 20
0.7811451181102362
 30
0
 11
2.9150196850393701
 21
0.7785284251968504
 31
0
  0
LINE
  5
78B
330
1A
100
AcDbEntity
  8
BLACK
  6
CONTINUOUS
100
AcDbLine
 10
2.9150196850393701
 20
0.7785284251968504
 30
0
 11
2.9150196850393701
 21
0.7653970866141732
 31
0
  0
LINE
  5
78C
330
1A
100
AcDbEntity
  8
BLACK
  6
CONTINUOUS
100
AcDbLine
 10
2.9150196850393701
 20
0.7653970866141732
 30
0
 11
2.91509531496063
 21
0.7646290157480314
 31
0
  0
LINE
  5
78D
330
1A
100
AcDbEntity
  8
BLACK
  6
CONTINUOUS
100
AcDbLine
 10
2.91509531496063
 20
0.7646290157480314
 30
0
 11
2.9151494488188976
 21
0.7644983070866141
 31
0
  0
LINE
  5
78E
330
1A
100
AcDbEntity
  8
BLACK
  6
CONTINUOUS
100
AcDbLine
 10
2.9151494488188976
 20
0.7644983070866141
 30
0
 11
2.9151594881889764
 21
0.7643572047244094
 31
0
  0
LINE
  5
78F
330
1A
100
AcDbEntity
  8
BLACK
  6
CONTINUOUS
100
AcDbLine
 10
2.9151594881889764
 20
0.7643572047244094
 30
0
 11
2.91543531496063
 21
0.7636364173228346
 31
0
  0
LINE
  5
790
330
1A
100
AcDbEntity
  8
BLACK
  6
CONTINUOUS
100
AcDbLine
 10
2.91543531496063
 20
0.7636364173228346
 30
0
 11
2.918247440944882
 21
0.7580121259842519
 31
0
  0
LINE
  5
791
330
1A
100
AcDbEntity
  8
BLACK
  6
CONTINUOUS
100
AcDbLine
 10
2.918247440944882
 20
0.7580121259842519
 30
0
 11
2.9183283070866142
 21
0.7578836614173228
 31
0
  0
LINE
  5
792
330
1A
100
AcDbEntity
  8
BLACK
  6
CONTINUOUS
100
AcDbLine
 10
2.9183283070866142
 20
0.7578836614173228
 30
0
 11
2.9183485039370076
 21
0.7578230708661418
 31
0
  0
LINE
  5
793
330
1A
100
AcDbEntity
  8
BLACK
  6
CONTINUOUS
100
AcDbLine
 10
2.9183485039370076
 20
0.7578230708661418
 30
0
 11
2.9184138976377954
 21
0.7577476771653543
 31
0
  0
LINE
  5
794
330
1A
100
AcDbEntity
  8
BLACK
  6
CONTINUOUS
100
AcDbLine
 10
2.9184138976377954
 20
0.7577476771653543
 30
0
 11
2.9186585826771654
 21
0.757358937007874
 31
0
  0
LINE
  5
795
330
1A
100
AcDbEntity
  8
BLACK
  6
CONTINUOUS
100
AcDbLine
 10
2.9186585826771654
 20
0.757358937007874
 30
0
 11
2.9190316141732282
 21
0.7570354330708661
 31
0
  0
LINE
  5
796
330
1A
100
AcDbEntity
  8
BLACK
  6
CONTINUOUS
100
AcDbLine
 10
2.9190316141732282
 20
0.7570354330708661
 30
0
 11
2.9193549999999999
 21
0.7566625590551181
 31
0
  0
LINE
  5
797
330
1A
100
AcDbEntity
  8
BLACK
  6
CONTINUOUS
100
AcDbLine
 10
2.9193549999999999
 20
0.7566625590551181
 30
0
 11
2.9197436220472439
 21
0.7564179527559055
 31
0
  0
LINE
  5
798
330
1A
100
AcDbEntity
  8
BLACK
  6
CONTINUOUS
100
AcDbLine
 10
2.9197436220472439
 20
0.7564179527559055
 30
0
 11
2.9198190944881888
 21
0.7563524803149606
 31
0
  0
LINE
  5
799
330
1A
100
AcDbEntity
  8
BLACK
  6
CONTINUOUS
100
AcDbLine
 10
2.9198190944881888
 20
0.7563524803149606
 30
0
 11
2.9198191732283463
 21
0.7563524803149606
 31
0
  0
LINE
  5
79A
330
1A
100
AcDbEntity
  8
BLACK
  6
CONTINUOUS
100
AcDbLine
 10
2.9198191732283463
 20
0.7563524803149606
 30
0
 11
2.9198192519685038
 21
0.7563524409448819
 31
0
  0
LINE
  5
79B
330
1A
100
AcDbEntity
  8
BLACK
  6
CONTINUOUS
100
AcDbLine
 10
2.9198192519685038
 20
0.7563524409448819
 30
0
 11
2.9198796456692913
 21
0.7563322834645669
 31
0
  0
LINE
  5
79C
330
1A
100
AcDbEntity
  8
BLACK
  6
CONTINUOUS
100
AcDbLine
 10
2.9198796456692913
 20
0.7563322834645669
 30
0
 11
2.9200081496062991
 21
0.7562514173228346
 31
0
  0
LINE
  5
79D
330
1A
100
AcDbEntity
  8
BLACK
  6
CONTINUOUS
100
AcDbLine
 10
2.9200081496062991
 20
0.7562514173228346
 30
0
 11
2.920094094488189
 21
0.7562084645669291
 31
0
  0
LINE
  5
79E
330
1A
100
AcDbEntity
  8
BLACK
  6
CONTINUOUS
100
AcDbLine
 10
2.920094094488189
 20
0.7562084645669291
 30
0
 11
2.9200943307086615
 21
0.7562083464566929
 31
0
  0
LINE
  5
79F
330
1A
100
AcDbEntity
  8
BLACK
  6
CONTINUOUS
100
AcDbLine
 10
2.9200943307086615
 20
0.7562083464566929
 30
0
 11
2.9256324409448817
 21
0.7534392913385827
 31
0
  0
LINE
  5
7A0
330
1A
100
AcDbEntity
  8
BLACK
  6
CONTINUOUS
100
AcDbLine
 10
2.9256324409448817
 20
0.7534392913385827
 30
0
 11
2.9263532677165354
 21
0.7531634645669291
 31
0
  0
LINE
  5
7A1
330
1A
100
AcDbEntity
  8
BLACK
  6
CONTINUOUS
100
AcDbLine
 10
2.9263532677165354
 20
0.7531634645669291
 30
0
 11
2.9263534251968504
 21
0.7531634645669291
 31
0
  0
LINE
  5
7A2
330
1A
100
AcDbEntity
  8
BLACK
  6
CONTINUOUS
100
AcDbLine
 10
2.9263534251968504
 20
0.7531634645669291
 30
0
 11
2.9263534645669291
 21
0.7531634645669291
 31
0
  0
LINE
  5
7A3
330
1A
100
AcDbEntity
  8
BLACK
  6
CONTINUOUS
100
AcDbLine
 10
2.9263534645669291
 20
0.7531634645669291
 30
0
 11
2.9264942913385825
 21
0.7531534645669291
 31
0
  0
LINE
  5
7A4
330
1A
100
AcDbEntity
  8
BLACK
  6
CONTINUOUS
100
AcDbLine
 10
2.9264942913385825
 20
0.7531534645669291
 30
0
 11
2.9266250393700788
 21
0.7530992913385827
 31
0
  0
LINE
  5
7A5
330
1A
100
AcDbEntity
  8
BLACK
  6
CONTINUOUS
100
AcDbLine
 10
2.9266250393700788
 20
0.7530992913385827
 30
0
 11
2.927392716535433
 21
0.7530237007874016
 31
0
  0
LINE
  5
7A6
330
1A
100
AcDbEntity
  8
BLACK
  6
CONTINUOUS
100
AcDbLine
 10
2.927392716535433
 20
0.7530237007874016
 30
0
 11
2.927393031496063
 21
0.7530237007874016
 31
0
  0
LINE
  5
7A7
330
1A
100
AcDbEntity
  8
BLACK
  6
CONTINUOUS
100
AcDbLine
 10
2.927393031496063
 20
0.7530237007874016
 30
0
 11
2.9273931102362205
 21
0.7530236614173228
 31
0
  0
LINE
  5
7A8
330
1A
100
AcDbEntity
  8
BLACK
  6
CONTINUOUS
100
AcDbLine
 10
2.9273931102362205
 20
0.7530236614173228
 30
0
 11
2.9273931496062993
 21
0.7530236614173228
 31
0
  0
LINE
  5
7A9
330
1A
100
AcDbEntity
  8
BLACK
  6
CONTINUOUS
100
AcDbLine
 10
2.9273931496062993
 20
0.7530236614173228
 30
0
 11
2.9330173622047244
 21
0.7530236614173228
 31
0
  0
LINE
  5
7AA
330
1A
100
AcDbEntity
  8
BLACK
  6
CONTINUOUS
100
AcDbLine
 10
2.9330173622047244
 20
0.7530236614173228
 30
0
 11
2.9330174015748032
 21
0.7530236614173228
 31
0
  0
LINE
  5
7AB
330
1A
100
AcDbEntity
  8
BLACK
  6
CONTINUOUS
100
AcDbLine
 10
2.9330174015748032
 20
0.7530236614173228
 30
0
 11
2.9330174409448819
 21
0.7530237007874016
 31
0
  0
LINE
  5
7AC
330
1A
100
AcDbEntity
  8
BLACK
  6
CONTINUOUS
100
AcDbLine
 10
2.9330174409448819
 20
0.7530237007874016
 30
0
 11
2.9330177952755907
 21
0.7530237007874016
 31
0
  0
LINE
  5
7AD
330
1A
100
AcDbEntity
  8
BLACK
  6
CONTINUOUS
100
AcDbLine
 10
2.9330177952755907
 20
0.7530237007874016
 30
0
 11
2.9337850787401574
 21
0.7530992913385827
 31
0
  0
LINE
  5
7AE
330
1A
100
AcDbEntity
  8
BLACK
  6
CONTINUOUS
100
AcDbLine
 10
2.9337850787401574
 20
0.7530992913385827
 30
0
 11
2.9337854724409449
 21
0.7530992913385827
 31
0
  0
LINE
  5
7AF
330
1A
100
AcDbEntity
  8
BLACK
  6
CONTINUOUS
100
AcDbLine
 10
2.9337854724409449
 20
0.7530992913385827
 30
0
 11
2.9337858267716537
 21
0.7530994488188976
 31
0
  0
LINE
  5
7B0
330
1A
100
AcDbEntity
  8
BLACK
  6
CONTINUOUS
100
AcDbLine
 10
2.9337858267716537
 20
0.7530994488188976
 30
0
 11
2.9337858661417324
 21
0.7530994881889763
 31
0
  0
LINE
  5
7B1
330
1A
100
AcDbEntity
  8
BLACK
  6
CONTINUOUS
100
AcDbLine
 10
2.9337858661417324
 20
0.7530994881889763
 30
0
 11
2.933916181102362
 21
0.7531534645669291
 31
0
  0
LINE
  5
7B2
330
1A
100
AcDbEntity
  8
BLACK
  6
CONTINUOUS
100
AcDbLine
 10
2.933916181102362
 20
0.7531534645669291
 30
0
 11
2.9340565354330708
 21
0.7531634251968504
 31
0
  0
LINE
  5
7B3
330
1A
100
AcDbEntity
  8
BLACK
  6
CONTINUOUS
100
AcDbLine
 10
2.9340565354330708
 20
0.7531634251968504
 30
0
 11
2.9340567716535433
 21
0.7531634645669291
 31
0
  0
LINE
  5
7B4
330
1A
100
AcDbEntity
  8
BLACK
  6
CONTINUOUS
100
AcDbLine
 10
2.9340567716535433
 20
0.7531634645669291
 30
0
 11
2.9340572440944883
 21
0.7531634645669291
 31
0
  0
LINE
  5
7B5
330
1A
100
AcDbEntity
  8
BLACK
  6
CONTINUOUS
100
AcDbLine
 10
2.9340572440944883
 20
0.7531634645669291
 30
0
 11
2.9347780708661415
 21
0.7534392913385827
 31
0
  0
LINE
  5
7B6
330
1A
100
AcDbEntity
  8
BLACK
  6
CONTINUOUS
100
AcDbLine
 10
2.9347780708661415
 20
0.7534392913385827
 30
0
 11
2.9403138976377954
 21
0.7562071653543307
 31
0
  0
LINE
  5
7B7
330
1A
100
AcDbEntity
  8
BLACK
  6
CONTINUOUS
100
AcDbLine
 10
2.9403138976377954
 20
0.7562071653543307
 30
0
 11
2.9404024015748029
 21
0.7562514173228346
 31
0
  0
LINE
  5
7B8
330
1A
100
AcDbEntity
  8
BLACK
  6
CONTINUOUS
100
AcDbLine
 10
2.9404024015748029
 20
0.7562514173228346
 30
0
 11
2.9405308661417324
 21
0.7563323228346457
 31
0
  0
LINE
  5
7B9
330
1A
100
AcDbEntity
  8
BLACK
  6
CONTINUOUS
100
AcDbLine
 10
2.9405308661417324
 20
0.7563323228346457
 30
0
 11
2.9405914566929132
 21
0.7563524803149606
 31
0
  0
LINE
  5
7BA
330
1A
100
AcDbEntity
  8
BLACK
  6
CONTINUOUS
100
AcDbLine
 10
2.9405914566929132
 20
0.7563524803149606
 30
0
 11
2.9406668503937006
 21
0.7564179133858268
 31
0
  0
LINE
  5
7BB
330
1A
100
AcDbEntity
  8
BLACK
  6
CONTINUOUS
100
AcDbLine
 10
2.9406668503937006
 20
0.7564179133858268
 30
0
 11
2.9409888188976376
 21
0.7566205511811024
 31
0
  0
LINE
  5
7BC
330
1A
100
AcDbEntity
  8
BLACK
  6
CONTINUOUS
100
AcDbLine
 10
2.9409888188976376
 20
0.7566205511811024
 30
0
 11
2.9409915748031494
 21
0.7566223228346457
 31
0
  0
LINE
  5
7BD
330
1A
100
AcDbEntity
  8
BLACK
  6
CONTINUOUS
100
AcDbLine
 10
2.9409915748031494
 20
0.7566223228346457
 30
0
 11
2.9410555905511808
 21
0.7566625590551181
 31
0
  0
LINE
  5
7BE
330
1A
100
AcDbEntity
  8
BLACK
  6
CONTINUOUS
100
AcDbLine
 10
2.9410555905511808
 20
0.7566625590551181
 30
0
 11
2.9411478740157482
 21
0.7567689763779527
 31
0
  0
LINE
  5
7BF
330
1A
100
AcDbEntity
  8
BLACK
  6
CONTINUOUS
100
AcDbLine
 10
2.9411478740157482
 20
0.7567689763779527
 30
0
 11
2.9413790944881888
 21
0.7570356299212598
 31
0
  0
LINE
  5
7C0
330
1A
100
AcDbEntity
  8
BLACK
  6
CONTINUOUS
100
AcDbLine
 10
2.9413790944881888
 20
0.7570356299212598
 30
0
 11
2.9416452362204724
 21
0.7572664566929134
 31
0
  0
LINE
  5
7C1
330
1A
100
AcDbEntity
  8
BLACK
  6
CONTINUOUS
100
AcDbLine
 10
2.9416452362204724
 20
0.7572664566929134
 30
0
 11
2.9416455511811024
 21
0.7572667322834645
 31
0
  0
LINE
  5
7C2
330
1A
100
AcDbEntity
  8
BLACK
  6
CONTINUOUS
100
AcDbLine
 10
2.9416455511811024
 20
0.7572667322834645
 30
0
 11
2.9417519685039371
 21
0.7573589763779527
 31
0
  0
LINE
  5
7C3
330
1A
100
AcDbEntity
  8
BLACK
  6
CONTINUOUS
100
AcDbLine
 10
2.9417519685039371
 20
0.7573589763779527
 30
0
 11
2.9417712598425196
 21
0.7573896456692913
 31
0
  0
LINE
  5
7C4
330
1A
100
AcDbEntity
  8
BLACK
  6
CONTINUOUS
100
AcDbLine
 10
2.9417712598425196
 20
0.7573896456692913
 30
0
 11
2.9417781496062991
 21
0.7574006692913385
 31
0
  0
LINE
  5
7C5
330
1A
100
AcDbEntity
  8
BLACK
  6
CONTINUOUS
100
AcDbLine
 10
2.9417781496062991
 20
0.7574006692913385
 30
0
 11
2.9419965748031496
 21
0.7577476377952755
 31
0
  0
LINE
  5
7C6
330
1A
100
AcDbEntity
  8
BLACK
  6
CONTINUOUS
100
AcDbLine
 10
2.9419965748031496
 20
0.7577476377952755
 30
0
 11
2.9420620472440944
 21
0.7578230708661418
 31
0
  0
LINE
  5
7C7
330
1A
100
AcDbEntity
  8
BLACK
  6
CONTINUOUS
100
AcDbLine
 10
2.9420620472440944
 20
0.7578230708661418
 30
0
 11
2.9420822440944883
 21
0.7578837007874015
 31
0
  0
LINE
  5
7C8
330
1A
100
AcDbEntity
  8
BLACK
  6
CONTINUOUS
100
AcDbLine
 10
2.9420822440944883
 20
0.7578837007874015
 30
0
 11
2.9421631102362205
 21
0.7580121259842519
 31
0
  0
LINE
  5
7C9
330
1A
100
AcDbEntity
  8
BLACK
  6
CONTINUOUS
100
AcDbLine
 10
2.9421631102362205
 20
0.7580121259842519
 30
0
 11
2.9423328740157482
 21
0.758351653543307
 31
0
  0
LINE
  5
7CA
330
1A
100
AcDbEntity
  8
BLACK
  6
CONTINUOUS
100
AcDbLine
 10
2.9423328740157482
 20
0.758351653543307
 30
0
 11
2.9449752362204724
 21
0.7636364173228346
 31
0
  0
LINE
  5
7CB
330
1A
100
AcDbEntity
  8
BLACK
  6
CONTINUOUS
100
AcDbLine
 10
2.9449752362204724
 20
0.7636364173228346
 30
0
 11
2.945251062992126
 21
0.7643572440944881
 31
0
  0
LINE
  5
7CC
330
1A
100
AcDbEntity
  8
BLACK
  6
CONTINUOUS
100
AcDbLine
 10
2.945251062992126
 20
0.7643572440944881
 30
0
 11
2.945251062992126
 21
0.7643577165354331
 31
0
  0
LINE
  5
7CD
330
1A
100
AcDbEntity
  8
BLACK
  6
CONTINUOUS
100
AcDbLine
 10
2.945251062992126
 20
0.7643577165354331
 30
0
 11
2.9452511023622048
 21
0.7643579527559055
 31
0
  0
LINE
  5
7CE
330
1A
100
AcDbEntity
  8
BLACK
  6
CONTINUOUS
100
AcDbLine
 10
2.9452511023622048
 20
0.7643579527559055
 30
0
 11
2.9452610629921261
 21
0.7644983070866141
 31
0
  0
LINE
  5
7CF
330
1A
100
AcDbEntity
  8
BLACK
  6
CONTINUOUS
100
AcDbLine
 10
2.9452610629921261
 20
0.7644983070866141
 30
0
 11
2.9453152362204724
 21
0.7646290157480314
 31
0
  0
LINE
  5
7D0
330
1A
100
AcDbEntity
  8
BLACK
  6
CONTINUOUS
100
AcDbLine
 10
2.9453152362204724
 20
0.7646290157480314
 30
0
 11
2.9453908661417323
 21
0.7653970866141732
 31
0
  0
LINE
  5
7D1
330
1A
100
AcDbEntity
  8
BLACK
  6
CONTINUOUS
100
AcDbLine
 10
2.9453908661417323
 20
0.7653970866141732
 30
0
 11
2.9453908661417323
 21
0.7794578346456693
 31
0
  0
LINE
  5
7D2
330
1A
100
AcDbEntity
  8
BLACK
  6
CONTINUOUS
100
AcDbLine
 10
2.9453908661417323
 20
0.7794578346456693
 30
0
 11
2.9453152362204724
 21
0.780225905511811
 31
0
  0
LINE
  5
7D3
330
1A
100
AcDbEntity
  8
BLACK
  6
CONTINUOUS
100
AcDbLine
 10
2.9453152362204724
 20
0.780225905511811
 30
0
 11
2.9452610629921261
 21
0.7803566535433071
 31
0
  0
LINE
  5
7D4
330
1A
100
AcDbEntity
  8
BLACK
  6
CONTINUOUS
100
AcDbLine
 10
2.9452610629921261
 20
0.7803566535433071
 30
0
 11
2.945251062992126
 21
0.7804974803149606
 31
0
  0
LINE
  5
7D5
330
1A
100
AcDbEntity
  8
BLACK
  6
CONTINUOUS
100
AcDbLine
 10
2.945251062992126
 20
0.7804974803149606
 30
0
 11
2.9452510236220473
 21
0.7804977165354331
 31
0
  0
LINE
  5
7D6
330
1A
100
AcDbEntity
  8
BLACK
  6
CONTINUOUS
100
AcDbLine
 10
2.9452510236220473
 20
0.7804977165354331
 30
0
 11
2.9452290157480316
 21
0.7805553149606299
 31
0
  0
LINE
  5
7D7
330
1A
100
AcDbEntity
  8
BLACK
  6
CONTINUOUS
100
AcDbLine
 10
2.9452290157480316
 20
0.7805553149606299
 30
0
 11
2.9449752362204724
 21
0.7812185039370079
 31
0
  0
LINE
  5
7D8
330
1A
100
AcDbEntity
  8
BLACK
  6
CONTINUOUS
100
AcDbLine
 10
2.9449752362204724
 20
0.7812185039370079
 30
0
 11
2.9443338188976376
 21
0.7825013385826771
 31
0
  0
LINE
  5
7D9
330
1A
100
AcDbEntity
  8
BLACK
  6
CONTINUOUS
100
AcDbLine
 10
2.9443338188976376
 20
0.7825013385826771
 30
0
 11
2.9447273622047243
 21
0.782894842519685
 31
0
  0
LINE
  5
7DA
330
1A
100
AcDbEntity
  8
BLACK
  6
CONTINUOUS
100
AcDbLine
 10
2.9447273622047243
 20
0.782894842519685
 30
0
 11
2.9453152362204724
 21
0.7843140551181103
 31
0
  0
LINE
  5
7DB
330
1A
100
AcDbEntity
  8
BLACK
  6
CONTINUOUS
100
AcDbLine
 10
2.9453152362204724
 20
0.7843140551181103
 30
0
 11
2.9453152362204724
 21
0.7858501968503937
 31
0
  0
LINE
  5
7DC
330
1A
100
AcDbEntity
  8
BLACK
  6
CONTINUOUS
100
AcDbLine
 10
2.9453152362204724
 20
0.7858501968503937
 30
0
 11
2.9447273622047243
 21
0.7872694094488188
 31
0
  0
LINE
  5
7DD
330
1A
100
AcDbEntity
  8
BLACK
  6
CONTINUOUS
100
AcDbLine
 10
2.9447273622047243
 20
0.7872694094488188
 30
0
 11
2.9436411417322832
 21
0.7883556299212598
 31
0
  0
LINE
  5
7DE
330
1A
100
AcDbEntity
  8
BLACK
  6
CONTINUOUS
100
AcDbLine
 10
2.9436411417322832
 20
0.7883556299212598
 30
0
 11
2.9422219291338583
 21
0.7889435039370079
 31
0
  0
LINE
  5
7DF
330
1A
100
AcDbEntity
  8
BLACK
  6
CONTINUOUS
100
AcDbLine
 10
2.9422219291338583
 20
0.7889435039370079
 30
0
 11
2.9414538582677165
 21
0.7890191338582677
 31
0
  0
LINE
  5
7E0
330
1A
100
AcDbEntity
  8
BLACK
  6
CONTINUOUS
100
AcDbLine
 10
2.9414538582677165
 20
0.7890191338582677
 30
0
 11
2.9105202362204725
 21
0.7890191338582677
 31
0
  0
LINE
  5
7E1
330
1A
100
AcDbEntity
  8
BLACK
  6
CONTINUOUS
100
AcDbLine
 10
2.9105202362204725
 20
0.7890191338582677
 30
0
 11
2.9097521653543308
 21
0.7889435039370079
 31
0
  0
LINE
  5
7E2
330
1A
100
AcDbEntity
  8
BLACK
  6
CONTINUOUS
100
AcDbLine
 10
0.9660905511811023
 20
0.7943664173228346
 30
0
 11
0.9663183464566929
 21
0.7932212992125984
 31
0
  0
LINE
  5
7E3
330
1A
100
AcDbEntity
  8
BLACK
  6
CONTINUOUS
100
AcDbLine
 10
0.9663183464566929
 20
0.7932212992125984
 30
0
 11
0.9674529921259842
 21
0.7875170866141732
 31
0
  0
LINE
  5
7E4
330
1A
100
AcDbEntity
  8
BLACK
  6
CONTINUOUS
100
AcDbLine
 10
0.9674529921259842
 20
0.7875170866141732
 30
0
 11
0.9701254724409448
 21
0.7810650787401575
 31
0
  0
LINE
  5
7E5
330
1A
100
AcDbEntity
  8
BLACK
  6
CONTINUOUS
100
AcDbLine
 10
0.9701254724409448
 20
0.7810650787401575
 30
0
 11
0.972216811023622
 21
0.7779351968503937
 31
0
  0
LINE
  5
7E6
330
1A
100
AcDbEntity
  8
BLACK
  6
CONTINUOUS
100
AcDbLine
 10
0.972216811023622
 20
0.7779351968503937
 30
0
 11
0.9740053149606299
 21
0.7752585039370079
 31
0
  0
LINE
  5
7E7
330
1A
100
AcDbEntity
  8
BLACK
  6
CONTINUOUS
100
AcDbLine
 10
0.9740053149606299
 20
0.7752585039370079
 30
0
 11
0.9740055118110236
 21
0.7752582677165354
 31
0
  0
LINE
  5
7E8
330
1A
100
AcDbEntity
  8
BLACK
  6
CONTINUOUS
100
AcDbLine
 10
0.9740055118110236
 20
0.7752582677165354
 30
0
 11
0.9789432677165354
 21
0.7703205118110236
 31
0
  0
LINE
  5
7E9
330
1A
100
AcDbEntity
  8
BLACK
  6
CONTINUOUS
100
AcDbLine
 10
0.9789432677165354
 20
0.7703205118110236
 30
0
 11
0.9789435039370078
 21
0.7703203149606299
 31
0
  0
LINE
  5
7EA
330
1A
100
AcDbEntity
  8
BLACK
  6
CONTINUOUS
100
AcDbLine
 10
0.9789435039370078
 20
0.7703203149606299
 30
0
 11
0.9847501181102362
 21
0.7664404330708662
 31
0
  0
LINE
  5
7EB
330
1A
100
AcDbEntity
  8
BLACK
  6
CONTINUOUS
100
AcDbLine
 10
0.9847501181102362
 20
0.7664404330708662
 30
0
 11
0.9912021259842519
 21
0.7637679527559055
 31
0
  0
LINE
  5
7EC
330
1A
100
AcDbEntity
  8
BLACK
  6
CONTINUOUS
100
AcDbLine
 10
0.9912021259842519
 20
0.7637679527559055
 30
0
 11
0.9980515354330708
 21
0.7624055118110236
 31
0
  0
LINE
  5
7ED
330
1A
100
AcDbEntity
  8
BLACK
  6
CONTINUOUS
100
AcDbLine
 10
0.9980515354330708
 20
0.7624055118110236
 30
0
 11
0.9980515748031495
 21
0.7624055118110236
 31
0
  0
LINE
  5
7EE
330
1A
100
AcDbEntity
  8
BLACK
  6
CONTINUOUS
100
AcDbLine
 10
0.9980515748031495
 20
0.7624055118110236
 30
0
 11
1.0050350393700787
 21
0.7624055118110236
 31
0
  0
LINE
  5
7EF
330
1A
100
AcDbEntity
  8
BLACK
  6
CONTINUOUS
100
AcDbLine
 10
1.0050350393700787
 20
0.7624055118110236
 30
0
 11
1.0050350787401574
 21
0.7624055118110236
 31
0
  0
LINE
  5
7F0
330
1A
100
AcDbEntity
  8
BLACK
  6
CONTINUOUS
100
AcDbLine
 10
1.0050350787401574
 20
0.7624055118110236
 30
0
 11
1.0118844881889764
 21
0.7637679527559055
 31
0
  0
LINE
  5
7F1
330
1A
100
AcDbEntity
  8
BLACK
  6
CONTINUOUS
100
AcDbLine
 10
1.0118844881889764
 20
0.7637679527559055
 30
0
 11
1.0183364960629921
 21
0.7664404330708662
 31
0
  0
LINE
  5
7F2
330
1A
100
AcDbEntity
  8
BLACK
  6
CONTINUOUS
100
AcDbLine
 10
1.0183364960629921
 20
0.7664404330708662
 30
0
 11
1.0241431102362204
 21
0.7703203149606299
 31
0
  0
LINE
  5
7F3
330
1A
100
AcDbEntity
  8
BLACK
  6
CONTINUOUS
100
AcDbLine
 10
1.0241431102362204
 20
0.7703203149606299
 30
0
 11
1.026586377952756
 21
0.772763622047244
 31
0
  0
LINE
  5
7F4
330
1A
100
AcDbEntity
  8
BLACK
  6
CONTINUOUS
100
AcDbLine
 10
1.026586377952756
 20
0.772763622047244
 30
0
 11
1.0290395275590551
 21
0.7741031102362205
 31
0
  0
LINE
  5
7F5
330
1A
100
AcDbEntity
  8
BLACK
  6
CONTINUOUS
100
AcDbLine
 10
1.0290395275590551
 20
0.7741031102362205
 30
0
 11
1.0300940157480314
 21
0.7742164960629921
 31
0
  0
LINE
  5
7F6
330
1A
100
AcDbEntity
  8
BLACK
  6
CONTINUOUS
100
AcDbLine
 10
1.0300940157480314
 20
0.7742164960629921
 30
0
 11
1.0303643307086614
 21
0.7742164960629921
 31
0
  0
LINE
  5
7F7
330
1A
100
AcDbEntity
  8
BLACK
  6
CONTINUOUS
100
AcDbLine
 10
1.0303643307086614
 20
0.7742164960629921
 30
0
 11
1.0303644488188977
 21
0.7742164960629921
 31
0
  0
LINE
  5
7F8
330
1A
100
AcDbEntity
  8
BLACK
  6
CONTINUOUS
100
AcDbLine
 10
1.0303644488188977
 20
0.7742164960629921
 30
0
 11
1.0363773622047243
 21
0.7758276771653543
 31
0
  0
LINE
  5
7F9
330
1A
100
AcDbEntity
  8
BLACK
  6
CONTINUOUS
100
AcDbLine
 10
1.0363773622047243
 20
0.7758276771653543
 30
0
 11
1.0366225590551181
 21
0.7759692913385826
 31
0
  0
LINE
  5
7FA
330
1A
100
AcDbEntity
  8
BLACK
  6
CONTINUOUS
100
AcDbLine
 10
1.0366225590551181
 20
0.7759692913385826
 30
0
 11
1.039102874015748
 21
0.7766338582677165
 31
0
  0
LINE
  5
7FB
330
1A
100
AcDbEntity
  8
BLACK
  6
CONTINUOUS
100
AcDbLine
 10
1.039102874015748
 20
0.7766338582677165
 30
0
 11
1.0406472834645668
 21
0.7766338582677165
 31
0
  0
LINE
  5
7FC
330
1A
100
AcDbEntity
  8
BLACK
  6
CONTINUOUS
100
AcDbLine
 10
1.0406472834645668
 20
0.7766338582677165
 30
0
 11
1.0406473228346456
 21
0.7766338582677165
 31
0
  0
LINE
  5
7FD
330
1A
100
AcDbEntity
  8
BLACK
  6
CONTINUOUS
100
AcDbLine
 10
1.0406473228346456
 20
0.7766338582677165
 30
0
 11
1.0467361023622046
 21
0.777845
 31
0
  0
LINE
  5
7FE
330
1A
100
AcDbEntity
  8
BLACK
  6
CONTINUOUS
100
AcDbLine
 10
1.0467361023622046
 20
0.777845
 30
0
 11
1.0524716141732284
 21
0.7802207086614174
 31
0
  0
LINE
  5
7FF
330
1A
100
AcDbEntity
  8
BLACK
  6
CONTINUOUS
100
AcDbLine
 10
1.0524716141732284
 20
0.7802207086614174
 30
0
 11
1.0576334251968504
 21
0.7836697244094488
 31
0
  0
LINE
  5
800
330
1A
100
AcDbEntity
  8
BLACK
  6
CONTINUOUS
100
AcDbLine
 10
1.0576334251968504
 20
0.7836697244094488
 30
0
 11
1.0620231889763778
 21
0.7880594881889763
 31
0
  0
LINE
  5
801
330
1A
100
AcDbEntity
  8
BLACK
  6
CONTINUOUS
100
AcDbLine
 10
1.0620231889763778
 20
0.7880594881889763
 30
0
 11
1.0654722047244094
 21
0.7932212992125984
 31
0
  0
LINE
  5
802
330
1A
100
AcDbEntity
  8
BLACK
  6
CONTINUOUS
100
AcDbLine
 10
1.0654722047244094
 20
0.7932212992125984
 30
0
 11
1.0678479133858267
 21
0.798956811023622
 31
0
  0
LINE
  5
803
330
1A
100
AcDbEntity
  8
BLACK
  6
CONTINUOUS
100
AcDbLine
 10
1.0678479133858267
 20
0.798956811023622
 30
0
 11
1.0680761417322835
 21
0.8001041338582677
 31
0
  0
LINE
  5
804
330
1A
100
AcDbEntity
  8
BLACK
  6
CONTINUOUS
100
AcDbLine
 10
1.0680761417322835
 20
0.8001041338582677
 30
0
 11
1.0690590551181103
 21
0.8050455905511811
 31
0
  0
LINE
  5
805
330
1A
100
AcDbEntity
  8
BLACK
  6
CONTINUOUS
100
AcDbLine
 10
1.0690590551181103
 20
0.8050455905511811
 30
0
 11
1.0690590551181103
 21
0.811253622047244
 31
0
  0
LINE
  5
806
330
1A
100
AcDbEntity
  8
BLACK
  6
CONTINUOUS
100
AcDbLine
 10
1.0690590551181103
 20
0.811253622047244
 30
0
 11
1.0678479133858267
 21
0.8173424015748031
 31
0
  0
LINE
  5
807
330
1A
100
AcDbEntity
  8
BLACK
  6
CONTINUOUS
100
AcDbLine
 10
1.0678479133858267
 20
0.8173424015748031
 30
0
 11
1.0654722047244094
 21
0.8230779133858267
 31
0
  0
LINE
  5
808
330
1A
100
AcDbEntity
  8
BLACK
  6
CONTINUOUS
100
AcDbLine
 10
1.0654722047244094
 20
0.8230779133858267
 30
0
 11
1.0620231889763778
 21
0.8282397244094488
 31
0
  0
LINE
  5
809
330
1A
100
AcDbEntity
  8
BLACK
  6
CONTINUOUS
100
AcDbLine
 10
1.0620231889763778
 20
0.8282397244094488
 30
0
 11
1.0576334251968504
 21
0.8326294881889763
 31
0
  0
LINE
  5
80A
330
1A
100
AcDbEntity
  8
BLACK
  6
CONTINUOUS
100
AcDbLine
 10
1.0576334251968504
 20
0.8326294881889763
 30
0
 11
1.0524716141732284
 21
0.8360785039370079
 31
0
  0
LINE
  5
80B
330
1A
100
AcDbEntity
  8
BLACK
  6
CONTINUOUS
100
AcDbLine
 10
1.0524716141732284
 20
0.8360785039370079
 30
0
 11
1.0467362992125984
 21
0.8384541338582677
 31
0
  0
LINE
  5
80C
330
1A
100
AcDbEntity
  8
BLACK
  6
CONTINUOUS
100
AcDbLine
 10
1.0467362992125984
 20
0.8384541338582677
 30
0
 11
1.0467361023622046
 21
0.8384542125984252
 31
0
  0
LINE
  5
80D
330
1A
100
AcDbEntity
  8
BLACK
  6
CONTINUOUS
100
AcDbLine
 10
1.0467361023622046
 20
0.8384542125984252
 30
0
 11
1.0406474015748031
 21
0.8396653543307087
 31
0
  0
LINE
  5
80E
330
1A
100
AcDbEntity
  8
BLACK
  6
CONTINUOUS
100
AcDbLine
 10
1.0406474015748031
 20
0.8396653543307087
 30
0
 11
1.0406473228346456
 21
0.8396653543307087
 31
0
  0
LINE
  5
80F
330
1A
100
AcDbEntity
  8
BLACK
  6
CONTINUOUS
100
AcDbLine
 10
1.0406473228346456
 20
0.8396653543307087
 30
0
 11
1.0344392913385827
 21
0.8396653543307087
 31
0
  0
LINE
  5
810
330
1A
100
AcDbEntity
  8
BLACK
  6
CONTINUOUS
100
AcDbLine
 10
1.0344392913385827
 20
0.8396653543307087
 30
0
 11
1.0344391732283464
 21
0.8396653543307087
 31
0
  0
LINE
  5
811
330
1A
100
AcDbEntity
  8
BLACK
  6
CONTINUOUS
100
AcDbLine
 10
1.0344391732283464
 20
0.8396653543307087
 30
0
 11
1.0283504724409449
 21
0.8384542125984252
 31
0
  0
LINE
  5
812
330
1A
100
AcDbEntity
  8
BLACK
  6
CONTINUOUS
100
AcDbLine
 10
1.0283504724409449
 20
0.8384542125984252
 30
0
 11
1.0283502755905511
 21
0.8384541338582677
 31
0
  0
LINE
  5
813
330
1A
100
AcDbEntity
  8
BLACK
  6
CONTINUOUS
100
AcDbLine
 10
1.0283502755905511
 20
0.8384541338582677
 30
0
 11
1.0226150000000001
 21
0.8360785039370079
 31
0
  0
LINE
  5
814
330
1A
100
AcDbEntity
  8
BLACK
  6
CONTINUOUS
100
AcDbLine
 10
1.0226150000000001
 20
0.8360785039370079
 30
0
 11
1.0174529921259843
 21
0.8326293700787402
 31
0
  0
LINE
  5
815
330
1A
100
AcDbEntity
  8
BLACK
  6
CONTINUOUS
100
AcDbLine
 10
1.0174529921259843
 20
0.8326293700787402
 30
0
 11
1.0173319291338583
 21
0.83253
 31
0
  0
LINE
  5
816
330
1A
100
AcDbEntity
  8
BLACK
  6
CONTINUOUS
100
AcDbLine
 10
1.0173319291338583
 20
0.83253
 30
0
 11
1.0172561811023622
 21
0.832497874015748
 31
0
  0
LINE
  5
817
330
1A
100
AcDbEntity
  8
BLACK
  6
CONTINUOUS
100
AcDbLine
 10
1.0172561811023622
 20
0.832497874015748
 30
0
 11
1.0172505905511811
 21
0.832494094488189
 31
0
  0
LINE
  5
818
330
1A
100
AcDbEntity
  8
BLACK
  6
CONTINUOUS
100
AcDbLine
 10
1.0172505905511811
 20
0.832494094488189
 30
0
 11
1.017249842519685
 21
0.8324951968503936
 31
0
  0
LINE
  5
819
330
1A
100
AcDbEntity
  8
BLACK
  6
CONTINUOUS
100
AcDbLine
 10
1.017249842519685
 20
0.8324951968503936
 30
0
 11
1.014759094488189
 21
0.8314375984251968
 31
0
  0
LINE
  5
81A
330
1A
100
AcDbEntity
  8
BLACK
  6
CONTINUOUS
100
AcDbLine
 10
1.014759094488189
 20
0.8314375984251968
 30
0
 11
1.0122870472440946
 21
0.8317818503937008
 31
0
  0
LINE
  5
81B
330
1A
100
AcDbEntity
  8
BLACK
  6
CONTINUOUS
100
AcDbLine
 10
1.0122870472440946
 20
0.8317818503937008
 30
0
 11
1.0118846850393701
 21
0.8319485039370078
 31
0
  0
LINE
  5
81C
330
1A
100
AcDbEntity
  8
BLACK
  6
CONTINUOUS
100
AcDbLine
 10
1.0118846850393701
 20
0.8319485039370078
 30
0
 11
1.0118844881889764
 21
0.8319485826771653
 31
0
  0
LINE
  5
81D
330
1A
100
AcDbEntity
  8
BLACK
  6
CONTINUOUS
100
AcDbLine
 10
1.0118844881889764
 20
0.8319485826771653
 30
0
 11
1.0050351574803149
 21
0.8333110236220472
 31
0
  0
LINE
  5
81E
330
1A
100
AcDbEntity
  8
BLACK
  6
CONTINUOUS
100
AcDbLine
 10
1.0050351574803149
 20
0.8333110236220472
 30
0
 11
1.0050350787401574
 21
0.8333110236220472
 31
0
  0
LINE
  5
81F
330
1A
100
AcDbEntity
  8
BLACK
  6
CONTINUOUS
100
AcDbLine
 10
1.0050350787401574
 20
0.8333110236220472
 30
0
 11
0.9980515354330708
 21
0.8333110236220472
 31
0
  0
LINE
  5
820
330
1A
100
AcDbEntity
  8
BLACK
  6
CONTINUOUS
100
AcDbLine
 10
0.9980515354330708
 20
0.8333110236220472
 30
0
 11
0.9980514173228346
 21
0.8333110236220472
 31
0
  0
LINE
  5
821
330
1A
100
AcDbEntity
  8
BLACK
  6
CONTINUOUS
100
AcDbLine
 10
0.9980514173228346
 20
0.8333110236220472
 30
0
 11
0.9912020866141732
 21
0.8319485826771653
 31
0
  0
LINE
  5
822
330
1A
100
AcDbEntity
  8
BLACK
  6
CONTINUOUS
100
AcDbLine
 10
0.9912020866141732
 20
0.8319485826771653
 30
0
 11
0.9912018897637795
 21
0.8319485039370078
 31
0
  0
LINE
  5
823
330
1A
100
AcDbEntity
  8
BLACK
  6
CONTINUOUS
100
AcDbLine
 10
0.9912018897637795
 20
0.8319485039370078
 30
0
 11
0.9847501181102362
 21
0.8292761023622047
 31
0
  0
LINE
  5
824
330
1A
100
AcDbEntity
  8
BLACK
  6
CONTINUOUS
100
AcDbLine
 10
0.9847501181102362
 20
0.8292761023622047
 30
0
 11
0.9789435039370078
 21
0.8253962598425196
 31
0
  0
LINE
  5
825
330
1A
100
AcDbEntity
  8
BLACK
  6
CONTINUOUS
100
AcDbLine
 10
0.9789435039370078
 20
0.8253962598425196
 30
0
 11
0.9789432677165354
 21
0.825396062992126
 31
0
  0
LINE
  5
826
330
1A
100
AcDbEntity
  8
BLACK
  6
CONTINUOUS
100
AcDbLine
 10
0.9789432677165354
 20
0.825396062992126
 30
0
 11
0.9740055118110236
 21
0.8204583070866142
 31
0
  0
LINE
  5
827
330
1A
100
AcDbEntity
  8
BLACK
  6
CONTINUOUS
100
AcDbLine
 10
0.9740055118110236
 20
0.8204583070866142
 30
0
 11
0.9740053149606299
 21
0.8204580708661418
 31
0
  0
LINE
  5
828
330
1A
100
AcDbEntity
  8
BLACK
  6
CONTINUOUS
100
AcDbLine
 10
0.9740053149606299
 20
0.8204580708661418
 30
0
 11
0.9701254724409448
 21
0.8146514566929134
 31
0
  0
LINE
  5
829
330
1A
100
AcDbEntity
  8
BLACK
  6
CONTINUOUS
100
AcDbLine
 10
0.9701254724409448
 20
0.8146514566929134
 30
0
 11
0.9674530708661417
 21
0.80819968503937
 31
0
  0
LINE
  5
82A
330
1A
100
AcDbEntity
  8
BLACK
  6
CONTINUOUS
100
AcDbLine
 10
0.9674530708661417
 20
0.80819968503937
 30
0
 11
0.9674529921259842
 21
0.8081994881889764
 31
0
  0
LINE
  5
82B
330
1A
100
AcDbEntity
  8
BLACK
  6
CONTINUOUS
100
AcDbLine
 10
0.9674529921259842
 20
0.8081994881889764
 30
0
 11
0.9660905511811023
 21
0.8013501574803149
 31
0
  0
LINE
  5
82C
330
1A
100
AcDbEntity
  8
BLACK
  6
CONTINUOUS
100
AcDbLine
 10
0.9660905511811023
 20
0.8013501574803149
 30
0
 11
0.9660905511811023
 21
0.7943664173228346
 31
0
  0
LINE
  5
82D
330
1A
100
AcDbEntity
  8
BLACK
  6
CONTINUOUS
100
AcDbLine
 10
2.9397514960629922
 20
0.8392507874015748
 30
0
 11
2.9390916535433069
 21
0.8388504330708662
 31
0
  0
LINE
  5
82E
330
1A
100
AcDbEntity
  8
BLACK
  6
CONTINUOUS
100
AcDbLine
 10
2.9390916535433069
 20
0.8388504330708662
 30
0
 11
2.9193261023622048
 21
0.8240262598425196
 31
0
  0
LINE
  5
82F
330
1A
100
AcDbEntity
  8
BLACK
  6
CONTINUOUS
100
AcDbLine
 10
2.9193261023622048
 20
0.8240262598425196
 30
0
 11
2.9128586220472439
 21
0.8304937401574803
 31
0
  0
LINE
  5
830
330
1A
100
AcDbEntity
  8
BLACK
  6
CONTINUOUS
100
AcDbLine
 10
2.9128586220472439
 20
0.8304937401574803
 30
0
 11
2.9119147637795275
 21
0.8314375984251968
 31
0
  0
LINE
  5
831
330
1A
100
AcDbEntity
  8
BLACK
  6
CONTINUOUS
100
AcDbLine
 10
2.9119147637795275
 20
0.8314375984251968
 30
0
 11
2.9048676771653543
 21
0.8384847244094488
 31
0
  0
LINE
  5
832
330
1A
100
AcDbEntity
  8
BLACK
  6
CONTINUOUS
100
AcDbLine
 10
2.9048676771653543
 20
0.8384847244094488
 30
0
 11
2.9042710629921258
 21
0.8389743307086615
 31
0
  0
LINE
  5
833
330
1A
100
AcDbEntity
  8
BLACK
  6
CONTINUOUS
100
AcDbLine
 10
2.9042710629921258
 20
0.8389743307086615
 30
0
 11
2.9028518503937009
 21
0.8395622047244095
 31
0
  0
LINE
  5
834
330
1A
100
AcDbEntity
  8
BLACK
  6
CONTINUOUS
100
AcDbLine
 10
2.9028518503937009
 20
0.8395622047244095
 30
0
 11
2.9013157086614174
 21
0.8395622047244095
 31
0
  0
LINE
  5
835
330
1A
100
AcDbEntity
  8
BLACK
  6
CONTINUOUS
100
AcDbLine
 10
2.9013157086614174
 20
0.8395622047244095
 30
0
 11
2.899896496062992
 21
0.8389743307086615
 31
0
  0
LINE
  5
836
330
1A
100
AcDbEntity
  8
BLACK
  6
CONTINUOUS
100
AcDbLine
 10
2.899896496062992
 20
0.8389743307086615
 30
0
 11
2.8988102755905509
 21
0.8378881102362205
 31
0
  0
LINE
  5
837
330
1A
100
AcDbEntity
  8
BLACK
  6
CONTINUOUS
100
AcDbLine
 10
2.8988102755905509
 20
0.8378881102362205
 30
0
 11
2.8982224015748033
 21
0.8364688976377953
 31
0
  0
LINE
  5
838
330
1A
100
AcDbEntity
  8
BLACK
  6
CONTINUOUS
100
AcDbLine
 10
2.8982224015748033
 20
0.8364688976377953
 30
0
 11
2.8982224015748033
 21
0.8349327559055117
 31
0
  0
LINE
  5
839
330
1A
100
AcDbEntity
  8
BLACK
  6
CONTINUOUS
100
AcDbLine
 10
2.8982224015748033
 20
0.8349327559055117
 30
0
 11
2.8988102755905509
 21
0.8335135433070866
 31
0
  0
LINE
  5
83A
330
1A
100
AcDbEntity
  8
BLACK
  6
CONTINUOUS
100
AcDbLine
 10
2.8988102755905509
 20
0.8335135433070866
 30
0
 11
2.8992998818897635
 21
0.8329169291338583
 31
0
  0
LINE
  5
83B
330
1A
100
AcDbEntity
  8
BLACK
  6
CONTINUOUS
100
AcDbLine
 10
2.8992998818897635
 20
0.8329169291338583
 30
0
 11
2.9150762204724407
 21
0.8171406299212598
 31
0
  0
LINE
  5
83C
330
1A
100
AcDbEntity
  8
BLACK
  6
CONTINUOUS
100
AcDbLine
 10
2.9150762204724407
 20
0.8171406299212598
 30
0
 11
2.8823987401574804
 21
0.8171406299212598
 31
0
  0
LINE
  5
83D
330
1A
100
AcDbEntity
  8
BLACK
  6
CONTINUOUS
100
AcDbLine
 10
2.8823987401574804
 20
0.8171406299212598
 30
0
 11
2.8816306692913387
 21
0.8170649999999999
 31
0
  0
LINE
  5
83E
330
1A
100
AcDbEntity
  8
BLACK
  6
CONTINUOUS
100
AcDbLine
 10
2.8816306692913387
 20
0.8170649999999999
 30
0
 11
2.8802114566929133
 21
0.8164771259842519
 31
0
  0
LINE
  5
83F
330
1A
100
AcDbEntity
  8
BLACK
  6
CONTINUOUS
100
AcDbLine
 10
2.8802114566929133
 20
0.8164771259842519
 30
0
 11
2.8791252362204722
 21
0.815390905511811
 31
0
  0
LINE
  5
840
330
1A
100
AcDbEntity
  8
BLACK
  6
CONTINUOUS
100
AcDbLine
 10
2.8791252362204722
 20
0.815390905511811
 30
0
 11
2.8785373622047246
 21
0.8139716929133858
 31
0
  0
LINE
  5
841
330
1A
100
AcDbEntity
  8
BLACK
  6
CONTINUOUS
100
AcDbLine
 10
2.8785373622047246
 20
0.8139716929133858
 30
0
 11
2.8785373622047246
 21
0.8124355511811023
 31
0
  0
LINE
  5
842
330
1A
100
AcDbEntity
  8
BLACK
  6
CONTINUOUS
100
AcDbLine
 10
2.8785373622047246
 20
0.8124355511811023
 30
0
 11
2.8790269291338584
 21
0.811253622047244
 31
0
  0
LINE
  5
843
330
1A
100
AcDbEntity
  8
BLACK
  6
CONTINUOUS
100
AcDbLine
 10
2.8790269291338584
 20
0.811253622047244
 30
0
 11
2.8791252362204722
 21
0.8110163385826772
 31
0
  0
LINE
  5
844
330
1A
100
AcDbEntity
  8
BLACK
  6
CONTINUOUS
100
AcDbLine
 10
2.8791252362204722
 20
0.8110163385826772
 30
0
 11
2.8802114173228346
 21
0.8099301574803149
 31
0
  0
LINE
  5
845
330
1A
100
AcDbEntity
  8
BLACK
  6
CONTINUOUS
100
AcDbLine
 10
2.8802114173228346
 20
0.8099301574803149
 30
0
 11
2.8802114566929133
 21
0.8099301181102362
 31
0
  0
LINE
  5
846
330
1A
100
AcDbEntity
  8
BLACK
  6
CONTINUOUS
100
AcDbLine
 10
2.8802114566929133
 20
0.8099301181102362
 30
0
 11
2.8816306692913387
 21
0.8093422440944882
 31
0
  0
LINE
  5
847
330
1A
100
AcDbEntity
  8
BLACK
  6
CONTINUOUS
100
AcDbLine
 10
2.8816306692913387
 20
0.8093422440944882
 30
0
 11
2.8823987401574804
 21
0.8092666141732283
 31
0
  0
LINE
  5
848
330
1A
100
AcDbEntity
  8
BLACK
  6
CONTINUOUS
100
AcDbLine
 10
2.8823987401574804
 20
0.8092666141732283
 30
0
 11
2.8823987795275592
 21
0.8092666141732283
 31
0
  0
LINE
  5
849
330
1A
100
AcDbEntity
  8
BLACK
  6
CONTINUOUS
100
AcDbLine
 10
2.8823987795275592
 20
0.8092666141732283
 30
0
 11
2.9414538188976378
 21
0.8092666141732283
 31
0
  0
LINE
  5
84A
330
1A
100
AcDbEntity
  8
BLACK
  6
CONTINUOUS
100
AcDbLine
 10
2.9414538188976378
 20
0.8092666141732283
 30
0
 11
2.9414538582677165
 21
0.8092666141732283
 31
0
  0
LINE
  5
84B
330
1A
100
AcDbEntity
  8
BLACK
  6
CONTINUOUS
100
AcDbLine
 10
2.9414538582677165
 20
0.8092666141732283
 30
0
 11
2.9422219291338583
 21
0.8093422440944882
 31
0
  0
LINE
  5
84C
330
1A
100
AcDbEntity
  8
BLACK
  6
CONTINUOUS
100
AcDbLine
 10
2.9422219291338583
 20
0.8093422440944882
 30
0
 11
2.9436411417322832
 21
0.8099301181102362
 31
0
  0
LINE
  5
84D
330
1A
100
AcDbEntity
  8
BLACK
  6
CONTINUOUS
100
AcDbLine
 10
2.9436411417322832
 20
0.8099301181102362
 30
0
 11
2.9447273622047243
 21
0.8110163385826772
 31
0
  0
LINE
  5
84E
330
1A
100
AcDbEntity
  8
BLACK
  6
CONTINUOUS
100
AcDbLine
 10
2.9447273622047243
 20
0.8110163385826772
 30
0
 11
2.9453152362204724
 21
0.8124355511811023
 31
0
  0
LINE
  5
84F
330
1A
100
AcDbEntity
  8
BLACK
  6
CONTINUOUS
100
AcDbLine
 10
2.9453152362204724
 20
0.8124355511811023
 30
0
 11
2.9453152362204724
 21
0.8139716929133858
 31
0
  0
LINE
  5
850
330
1A
100
AcDbEntity
  8
BLACK
  6
CONTINUOUS
100
AcDbLine
 10
2.9453152362204724
 20
0.8139716929133858
 30
0
 11
2.9447273622047243
 21
0.815390905511811
 31
0
  0
LINE
  5
851
330
1A
100
AcDbEntity
  8
BLACK
  6
CONTINUOUS
100
AcDbLine
 10
2.9447273622047243
 20
0.815390905511811
 30
0
 11
2.9447273228346456
 21
0.8153909448818898
 31
0
  0
LINE
  5
852
330
1A
100
AcDbEntity
  8
BLACK
  6
CONTINUOUS
100
AcDbLine
 10
2.9447273228346456
 20
0.8153909448818898
 30
0
 11
2.9436411417322832
 21
0.8164771259842519
 31
0
  0
LINE
  5
853
330
1A
100
AcDbEntity
  8
BLACK
  6
CONTINUOUS
100
AcDbLine
 10
2.9436411417322832
 20
0.8164771259842519
 30
0
 11
2.9422219291338583
 21
0.8170649999999999
 31
0
  0
LINE
  5
854
330
1A
100
AcDbEntity
  8
BLACK
  6
CONTINUOUS
100
AcDbLine
 10
2.9422219291338583
 20
0.8170649999999999
 30
0
 11
2.9414538582677165
 21
0.8171406299212598
 31
0
  0
LINE
  5
855
330
1A
100
AcDbEntity
  8
BLACK
  6
CONTINUOUS
100
AcDbLine
 10
2.9414538582677165
 20
0.8171406299212598
 30
0
 11
2.9414538188976378
 21
0.8171406299212598
 31
0
  0
LINE
  5
856
330
1A
100
AcDbEntity
  8
BLACK
  6
CONTINUOUS
100
AcDbLine
 10
2.9414538188976378
 20
0.8171406299212598
 30
0
 11
2.9381504724409448
 21
0.8171406299212598
 31
0
  0
LINE
  5
857
330
1A
100
AcDbEntity
  8
BLACK
  6
CONTINUOUS
100
AcDbLine
 10
2.9381504724409448
 20
0.8171406299212598
 30
0
 11
2.9262117322834644
 21
0.8171406299212598
 31
0
  0
LINE
  5
858
330
1A
100
AcDbEntity
  8
BLACK
  6
CONTINUOUS
100
AcDbLine
 10
2.9262117322834644
 20
0.8171406299212598
 30
0
 11
2.9249503937007875
 21
0.818401968503937
 31
0
  0
LINE
  5
859
330
1A
100
AcDbEntity
  8
BLACK
  6
CONTINUOUS
100
AcDbLine
 10
2.9249503937007875
 20
0.818401968503937
 30
0
 11
2.9351737795275592
 21
0.8260695669291338
 31
0
  0
LINE
  5
85A
330
1A
100
AcDbEntity
  8
BLACK
  6
CONTINUOUS
100
AcDbLine
 10
2.9351737795275592
 20
0.8260695669291338
 30
0
 11
2.9351739763779525
 21
0.8260696850393701
 31
0
  0
LINE
  5
85B
330
1A
100
AcDbEntity
  8
BLACK
  6
CONTINUOUS
100
AcDbLine
 10
2.9351739763779525
 20
0.8260696850393701
 30
0
 11
2.9438160629921257
 21
0.8325512204724409
 31
0
  0
LINE
  5
85C
330
1A
100
AcDbEntity
  8
BLACK
  6
CONTINUOUS
100
AcDbLine
 10
2.9438160629921257
 20
0.8325512204724409
 30
0
 11
2.944385157480315
 21
0.8330725984251969
 31
0
  0
LINE
  5
85D
330
1A
100
AcDbEntity
  8
BLACK
  6
CONTINUOUS
100
AcDbLine
 10
2.944385157480315
 20
0.8330725984251969
 30
0
 11
2.9451677952755904
 21
0.8343944094488189
 31
0
  0
LINE
  5
85E
330
1A
100
AcDbEntity
  8
BLACK
  6
CONTINUOUS
100
AcDbLine
 10
2.9451677952755904
 20
0.8343944094488189
 30
0
 11
2.9453850393700787
 21
0.8359151181102362
 31
0
  0
LINE
  5
85F
330
1A
100
AcDbEntity
  8
BLACK
  6
CONTINUOUS
100
AcDbLine
 10
2.9453850393700787
 20
0.8359151181102362
 30
0
 11
2.9450038188976375
 21
0.8374032283464566
 31
0
  0
LINE
  5
860
330
1A
100
AcDbEntity
  8
BLACK
  6
CONTINUOUS
100
AcDbLine
 10
2.9450038188976375
 20
0.8374032283464566
 30
0
 11
2.9440821259842518
 21
0.838632125984252
 31
0
  0
LINE
  5
861
330
1A
100
AcDbEntity
  8
BLACK
  6
CONTINUOUS
100
AcDbLine
 10
2.9440821259842518
 20
0.838632125984252
 30
0
 11
2.9437134251968504
 21
0.8388504330708662
 31
0
  0
LINE
  5
862
330
1A
100
AcDbEntity
  8
BLACK
  6
CONTINUOUS
100
AcDbLine
 10
2.9437134251968504
 20
0.8388504330708662
 30
0
 11
2.9427603149606298
 21
0.8394147637795275
 31
0
  0
LINE
  5
863
330
1A
100
AcDbEntity
  8
BLACK
  6
CONTINUOUS
100
AcDbLine
 10
2.9427603149606298
 20
0.8394147637795275
 30
0
 11
2.9412396062992126
 21
0.8396320078740157
 31
0
  0
LINE
  5
864
330
1A
100
AcDbEntity
  8
BLACK
  6
CONTINUOUS
100
AcDbLine
 10
2.9412396062992126
 20
0.8396320078740157
 30
0
 11
2.9397514960629922
 21
0.8392507874015748
 31
0
  0
LINE
  5
865
330
1A
100
AcDbEntity
  8
BLACK
  6
CONTINUOUS
100
AcDbLine
 10
2.9395041338582675
 20
0.8728669291338582
 30
0
 11
2.9383436220472441
 21
0.8718604724409449
 31
0
  0
LINE
  5
866
330
1A
100
AcDbEntity
  8
BLACK
  6
CONTINUOUS
100
AcDbLine
 10
2.9383436220472441
 20
0.8718604724409449
 30
0
 11
2.9379324803149607
 21
0.8712072834645669
 31
0
  0
LINE
  5
867
330
1A
100
AcDbEntity
  8
BLACK
  6
CONTINUOUS
100
AcDbLine
 10
2.9379324803149607
 20
0.8712072834645669
 30
0
 11
2.935707244094488
 21
0.866756811023622
 31
0
  0
LINE
  5
868
330
1A
100
AcDbEntity
  8
BLACK
  6
CONTINUOUS
100
AcDbLine
 10
2.935707244094488
 20
0.866756811023622
 30
0
 11
2.9320879921259841
 21
0.8649471653543307
 31
0
  0
LINE
  5
869
330
1A
100
AcDbEntity
  8
BLACK
  6
CONTINUOUS
100
AcDbLine
 10
2.9320879921259841
 20
0.8649471653543307
 30
0
 11
2.8823987401574804
 21
0.8649471653543307
 31
0
  0
LINE
  5
86A
330
1A
100
AcDbEntity
  8
BLACK
  6
CONTINUOUS
100
AcDbLine
 10
2.8823987401574804
 20
0.8649471653543307
 30
0
 11
2.8816306692913387
 21
0.8648715354330708
 31
0
  0
LINE
  5
86B
330
1A
100
AcDbEntity
  8
BLACK
  6
CONTINUOUS
100
AcDbLine
 10
2.8816306692913387
 20
0.8648715354330708
 30
0
 11
2.8802114566929133
 21
0.8642836614173228
 31
0
  0
LINE
  5
86C
330
1A
100
AcDbEntity
  8
BLACK
  6
CONTINUOUS
100
AcDbLine
 10
2.8802114566929133
 20
0.8642836614173228
 30
0
 11
2.8791252362204722
 21
0.8631974409448818
 31
0
  0
LINE
  5
86D
330
1A
100
AcDbEntity
  8
BLACK
  6
CONTINUOUS
100
AcDbLine
 10
2.8791252362204722
 20
0.8631974409448818
 30
0
 11
2.8785373622047246
 21
0.8617782283464567
 31
0
  0
LINE
  5
86E
330
1A
100
AcDbEntity
  8
BLACK
  6
CONTINUOUS
100
AcDbLine
 10
2.8785373622047246
 20
0.8617782283464567
 30
0
 11
2.8785373622047246
 21
0.8602420866141732
 31
0
  0
LINE
  5
86F
330
1A
100
AcDbEntity
  8
BLACK
  6
CONTINUOUS
100
AcDbLine
 10
2.8785373622047246
 20
0.8602420866141732
 30
0
 11
2.8791252362204722
 21
0.858822874015748
 31
0
  0
LINE
  5
870
330
1A
100
AcDbEntity
  8
BLACK
  6
CONTINUOUS
100
AcDbLine
 10
2.8791252362204722
 20
0.858822874015748
 30
0
 11
2.8802114173228346
 21
0.8577366929133858
 31
0
  0
LINE
  5
871
330
1A
100
AcDbEntity
  8
BLACK
  6
CONTINUOUS
100
AcDbLine
 10
2.8802114173228346
 20
0.8577366929133858
 30
0
 11
2.8802114566929133
 21
0.8577366535433071
 31
0
  0
LINE
  5
872
330
1A
100
AcDbEntity
  8
BLACK
  6
CONTINUOUS
100
AcDbLine
 10
2.8802114566929133
 20
0.8577366535433071
 30
0
 11
2.8816306692913387
 21
0.8571487795275591
 31
0
  0
LINE
  5
873
330
1A
100
AcDbEntity
  8
BLACK
  6
CONTINUOUS
100
AcDbLine
 10
2.8816306692913387
 20
0.8571487795275591
 30
0
 11
2.8823987401574804
 21
0.8570731496062992
 31
0
  0
LINE
  5
874
330
1A
100
AcDbEntity
  8
BLACK
  6
CONTINUOUS
100
AcDbLine
 10
2.8823987401574804
 20
0.8570731496062992
 30
0
 11
2.8823987795275592
 21
0.8570731496062992
 31
0
  0
LINE
  5
875
330
1A
100
AcDbEntity
  8
BLACK
  6
CONTINUOUS
100
AcDbLine
 10
2.8823987795275592
 20
0.8570731496062992
 30
0
 11
2.9330173622047244
 21
0.8570731496062992
 31
0
  0
LINE
  5
876
330
1A
100
AcDbEntity
  8
BLACK
  6
CONTINUOUS
100
AcDbLine
 10
2.9330173622047244
 20
0.8570731496062992
 30
0
 11
2.9330174015748032
 21
0.8570731496062992
 31
0
  0
LINE
  5
877
330
1A
100
AcDbEntity
  8
BLACK
  6
CONTINUOUS
100
AcDbLine
 10
2.9330174015748032
 20
0.8570731496062992
 30
0
 11
2.9330174409448819
 21
0.857073188976378
 31
0
  0
LINE
  5
878
330
1A
100
AcDbEntity
  8
BLACK
  6
CONTINUOUS
100
AcDbLine
 10
2.9330174409448819
 20
0.857073188976378
 30
0
 11
2.9330177952755907
 21
0.857073188976378
 31
0
  0
LINE
  5
879
330
1A
100
AcDbEntity
  8
BLACK
  6
CONTINUOUS
100
AcDbLine
 10
2.9330177952755907
 20
0.857073188976378
 30
0
 11
2.9331942125984249
 21
0.8570905905511811
 31
0
  0
LINE
  5
87A
330
1A
100
AcDbEntity
  8
BLACK
  6
CONTINUOUS
100
AcDbLine
 10
2.9331942125984249
 20
0.8570905905511811
 30
0
 11
2.9333965748031496
 21
0.8571105118110236
 31
0
  0
LINE
  5
87B
330
1A
100
AcDbEntity
  8
BLACK
  6
CONTINUOUS
100
AcDbLine
 10
2.9333965748031496
 20
0.8571105118110236
 30
0
 11
2.9337854724409449
 21
0.8571487795275591
 31
0
  0
LINE
  5
87C
330
1A
100
AcDbEntity
  8
BLACK
  6
CONTINUOUS
100
AcDbLine
 10
2.9337854724409449
 20
0.8571487795275591
 30
0
 11
2.9337858267716537
 21
0.857148937007874
 31
0
  0
LINE
  5
87D
330
1A
100
AcDbEntity
  8
BLACK
  6
CONTINUOUS
100
AcDbLine
 10
2.9337858267716537
 20
0.857148937007874
 30
0
 11
2.9337858661417324
 21
0.8571489763779527
 31
0
  0
LINE
  5
87E
330
1A
100
AcDbEntity
  8
BLACK
  6
CONTINUOUS
100
AcDbLine
 10
2.9337858661417324
 20
0.8571489763779527
 30
0
 11
2.933916181102362
 21
0.8572029527559055
 31
0
  0
LINE
  5
87F
330
1A
100
AcDbEntity
  8
BLACK
  6
CONTINUOUS
100
AcDbLine
 10
2.933916181102362
 20
0.8572029527559055
 30
0
 11
2.9340567322834645
 21
0.8572129527559055
 31
0
  0
LINE
  5
880
330
1A
100
AcDbEntity
  8
BLACK
  6
CONTINUOUS
100
AcDbLine
 10
2.9340567322834645
 20
0.8572129527559055
 30
0
 11
2.9340569291338583
 21
0.8572129527559055
 31
0
  0
LINE
  5
881
330
1A
100
AcDbEntity
  8
BLACK
  6
CONTINUOUS
100
AcDbLine
 10
2.9340569291338583
 20
0.8572129527559055
 30
0
 11
2.9340572834645671
 21
0.8572129527559055
 31
0
  0
LINE
  5
882
330
1A
100
AcDbEntity
  8
BLACK
  6
CONTINUOUS
100
AcDbLine
 10
2.9340572834645671
 20
0.8572129527559055
 30
0
 11
2.9347780708661415
 21
0.8574887795275591
 31
0
  0
LINE
  5
883
330
1A
100
AcDbEntity
  8
BLACK
  6
CONTINUOUS
100
AcDbLine
 10
2.9347780708661415
 20
0.8574887795275591
 30
0
 11
2.9403140551181099
 21
0.8602568110236221
 31
0
  0
LINE
  5
884
330
1A
100
AcDbEntity
  8
BLACK
  6
CONTINUOUS
100
AcDbLine
 10
2.9403140551181099
 20
0.8602568110236221
 30
0
 11
2.9403144881889762
 21
0.8602570078740157
 31
0
  0
LINE
  5
885
330
1A
100
AcDbEntity
  8
BLACK
  6
CONTINUOUS
100
AcDbLine
 10
2.9403144881889762
 20
0.8602570078740157
 30
0
 11
2.9404024015748029
 21
0.8603009448818898
 31
0
  0
LINE
  5
886
330
1A
100
AcDbEntity
  8
BLACK
  6
CONTINUOUS
100
AcDbLine
 10
2.9404024015748029
 20
0.8603009448818898
 30
0
 11
2.9405308661417324
 21
0.8603818503937007
 31
0
  0
LINE
  5
887
330
1A
100
AcDbEntity
  8
BLACK
  6
CONTINUOUS
100
AcDbLine
 10
2.9405308661417324
 20
0.8603818503937007
 30
0
 11
2.9405914566929132
 21
0.8604020078740158
 31
0
  0
LINE
  5
888
330
1A
100
AcDbEntity
  8
BLACK
  6
CONTINUOUS
100
AcDbLine
 10
2.9405914566929132
 20
0.8604020078740158
 30
0
 11
2.9406668503937006
 21
0.8604674409448819
 31
0
  0
LINE
  5
889
330
1A
100
AcDbEntity
  8
BLACK
  6
CONTINUOUS
100
AcDbLine
 10
2.9406668503937006
 20
0.8604674409448819
 30
0
 11
2.9409888188976376
 21
0.8606700787401574
 31
0
  0
LINE
  5
88A
330
1A
100
AcDbEntity
  8
BLACK
  6
CONTINUOUS
100
AcDbLine
 10
2.9409888188976376
 20
0.8606700787401574
 30
0
 11
2.9409915748031494
 21
0.8606718503937008
 31
0
  0
LINE
  5
88B
330
1A
100
AcDbEntity
  8
BLACK
  6
CONTINUOUS
100
AcDbLine
 10
2.9409915748031494
 20
0.8606718503937008
 30
0
 11
2.9410555905511808
 21
0.8607120866141732
 31
0
  0
LINE
  5
88C
330
1A
100
AcDbEntity
  8
BLACK
  6
CONTINUOUS
100
AcDbLine
 10
2.9410555905511808
 20
0.8607120866141732
 30
0
 11
2.9411478740157482
 21
0.8608185039370079
 31
0
  0
LINE
  5
88D
330
1A
100
AcDbEntity
  8
BLACK
  6
CONTINUOUS
100
AcDbLine
 10
2.9411478740157482
 20
0.8608185039370079
 30
0
 11
2.9413790944881888
 21
0.8610851574803149
 31
0
  0
LINE
  5
88E
330
1A
100
AcDbEntity
  8
BLACK
  6
CONTINUOUS
100
AcDbLine
 10
2.9413790944881888
 20
0.8610851574803149
 30
0
 11
2.9416452362204724
 21
0.8613159842519685
 31
0
  0
LINE
  5
88F
330
1A
100
AcDbEntity
  8
BLACK
  6
CONTINUOUS
100
AcDbLine
 10
2.9416452362204724
 20
0.8613159842519685
 30
0
 11
2.9416455511811024
 21
0.8613162598425197
 31
0
  0
LINE
  5
890
330
1A
100
AcDbEntity
  8
BLACK
  6
CONTINUOUS
100
AcDbLine
 10
2.9416455511811024
 20
0.8613162598425197
 30
0
 11
2.9417519685039371
 21
0.8614085039370079
 31
0
  0
LINE
  5
891
330
1A
100
AcDbEntity
  8
BLACK
  6
CONTINUOUS
100
AcDbLine
 10
2.9417519685039371
 20
0.8614085039370079
 30
0
 11
2.9417938582677166
 21
0.8614751181102362
 31
0
  0
LINE
  5
892
330
1A
100
AcDbEntity
  8
BLACK
  6
CONTINUOUS
100
AcDbLine
 10
2.9417938582677166
 20
0.8614751181102362
 30
0
 11
2.9417940551181103
 21
0.8614754330708662
 31
0
  0
LINE
  5
893
330
1A
100
AcDbEntity
  8
BLACK
  6
CONTINUOUS
100
AcDbLine
 10
2.9417940551181103
 20
0.8614754330708662
 30
0
 11
2.9419965748031496
 21
0.8617971653543307
 31
0
  0
LINE
  5
894
330
1A
100
AcDbEntity
  8
BLACK
  6
CONTINUOUS
100
AcDbLine
 10
2.9419965748031496
 20
0.8617971653543307
 30
0
 11
2.9420620472440944
 21
0.8618725984251968
 31
0
  0
LINE
  5
895
330
1A
100
AcDbEntity
  8
BLACK
  6
CONTINUOUS
100
AcDbLine
 10
2.9420620472440944
 20
0.8618725984251968
 30
0
 11
2.9420822440944883
 21
0.8619331889763779
 31
0
  0
LINE
  5
896
330
1A
100
AcDbEntity
  8
BLACK
  6
CONTINUOUS
100
AcDbLine
 10
2.9420822440944883
 20
0.8619331889763779
 30
0
 11
2.9421631102362205
 21
0.8620616535433071
 31
0
  0
LINE
  5
897
330
1A
100
AcDbEntity
  8
BLACK
  6
CONTINUOUS
100
AcDbLine
 10
2.9421631102362205
 20
0.8620616535433071
 30
0
 11
2.9430336614173229
 21
0.8638027559055118
 31
0
  0
LINE
  5
898
330
1A
100
AcDbEntity
  8
BLACK
  6
CONTINUOUS
100
AcDbLine
 10
2.9430336614173229
 20
0.8638027559055118
 30
0
 11
2.9449752362204724
 21
0.8676859448818898
 31
0
  0
LINE
  5
899
330
1A
100
AcDbEntity
  8
BLACK
  6
CONTINUOUS
100
AcDbLine
 10
2.9449752362204724
 20
0.8676859448818898
 30
0
 11
2.945251062992126
 21
0.8684067716535433
 31
0
  0
LINE
  5
89A
330
1A
100
AcDbEntity
  8
BLACK
  6
CONTINUOUS
100
AcDbLine
 10
2.945251062992126
 20
0.8684067716535433
 30
0
 11
2.9453599606299212
 21
0.8699390551181102
 31
0
  0
LINE
  5
89B
330
1A
100
AcDbEntity
  8
BLACK
  6
CONTINUOUS
100
AcDbLine
 10
2.9453599606299212
 20
0.8699390551181102
 30
0
 11
2.9448741732283463
 21
0.8713963779527559
 31
0
  0
LINE
  5
89C
330
1A
100
AcDbEntity
  8
BLACK
  6
CONTINUOUS
100
AcDbLine
 10
2.9448741732283463
 20
0.8713963779527559
 30
0
 11
2.9448740944881888
 21
0.8713964566929133
 31
0
  0
LINE
  5
89D
330
1A
100
AcDbEntity
  8
BLACK
  6
CONTINUOUS
100
AcDbLine
 10
2.9448740944881888
 20
0.8713964566929133
 30
0
 11
2.9448740944881888
 21
0.8713964960629921
 31
0
  0
LINE
  5
89E
330
1A
100
AcDbEntity
  8
BLACK
  6
CONTINUOUS
100
AcDbLine
 10
2.9448740944881888
 20
0.8713964960629921
 30
0
 11
2.9438677165354332
 21
0.8725568503937008
 31
0
  0
LINE
  5
89F
330
1A
100
AcDbEntity
  8
BLACK
  6
CONTINUOUS
100
AcDbLine
 10
2.9438677165354332
 20
0.8725568503937008
 30
0
 11
2.9424937401574804
 21
0.8732438582677166
 31
0
  0
LINE
  5
8A0
330
1A
100
AcDbEntity
  8
BLACK
  6
CONTINUOUS
100
AcDbLine
 10
2.9424937401574804
 20
0.8732438582677166
 30
0
 11
2.9409614566929134
 21
0.873352716535433
 31
0
  0
LINE
  5
8A1
330
1A
100
AcDbEntity
  8
BLACK
  6
CONTINUOUS
100
AcDbLine
 10
2.9409614566929134
 20
0.873352716535433
 30
0
 11
2.9395041338582675
 21
0.8728669291338582
 31
0
  0
LINE
  5
8A2
330
1A
100
AcDbEntity
  8
BLACK
  6
CONTINUOUS
100
AcDbLine
 10
0.950027559055118
 20
0.9287541732283464
 30
0
 11
0.9505574803149606
 21
0.9260901181102362
 31
0
  0
LINE
  5
8A3
330
1A
100
AcDbEntity
  8
BLACK
  6
CONTINUOUS
100
AcDbLine
 10
0.9505574803149606
 20
0.9260901181102362
 30
0
 11
0.9512387007874016
 21
0.9226654724409449
 31
0
  0
LINE
  5
8A4
330
1A
100
AcDbEntity
  8
BLACK
  6
CONTINUOUS
100
AcDbLine
 10
0.9512387007874016
 20
0.9226654724409449
 30
0
 11
0.9532217716535433
 21
0.9178778346456693
 31
0
  0
LINE
  5
8A5
330
1A
100
AcDbEntity
  8
BLACK
  6
CONTINUOUS
100
AcDbLine
 10
0.9532217716535433
 20
0.9178778346456693
 30
0
 11
0.953586968503937
 21
0.9169962204724409
 31
0
  0
LINE
  5
8A6
330
1A
100
AcDbEntity
  8
BLACK
  6
CONTINUOUS
100
AcDbLine
 10
0.953586968503937
 20
0.9169962204724409
 30
0
 11
0.9539645669291338
 21
0.915097874015748
 31
0
  0
LINE
  5
8A7
330
1A
100
AcDbEntity
  8
BLACK
  6
CONTINUOUS
100
AcDbLine
 10
0.9539645669291338
 20
0.915097874015748
 30
0
 11
0.9539645669291338
 21
0.9071418503937008
 31
0
  0
LINE
  5
8A8
330
1A
100
AcDbEntity
  8
BLACK
  6
CONTINUOUS
100
AcDbLine
 10
0.9539645669291338
 20
0.9071418503937008
 30
0
 11
0.9548091732283465
 21
0.902895905511811
 31
0
  0
LINE
  5
8A9
330
1A
100
AcDbEntity
  8
BLACK
  6
CONTINUOUS
100
AcDbLine
 10
0.9548091732283465
 20
0.902895905511811
 30
0
 11
0.9550244094488188
 21
0.9018138582677165
 31
0
  0
LINE
  5
8AA
330
1A
100
AcDbEntity
  8
BLACK
  6
CONTINUOUS
100
AcDbLine
 10
0.9550244094488188
 20
0.9018138582677165
 30
0
 11
0.9571033464566929
 21
0.896794842519685
 31
0
  0
LINE
  5
8AB
330
1A
100
AcDbEntity
  8
BLACK
  6
CONTINUOUS
100
AcDbLine
 10
0.9571033464566929
 20
0.896794842519685
 30
0
 11
0.9601214960629921
 21
0.8922778346456692
 31
0
  0
LINE
  5
8AC
330
1A
100
AcDbEntity
  8
BLACK
  6
CONTINUOUS
100
AcDbLine
 10
0.9601214960629921
 20
0.8922778346456692
 30
0
 11
0.960121653543307
 21
0.8922776771653543
 31
0
  0
LINE
  5
8AD
330
1A
100
AcDbEntity
  8
BLACK
  6
CONTINUOUS
100
AcDbLine
 10
0.960121653543307
 20
0.8922776771653543
 30
0
 11
0.9650407480314961
 21
0.8873585826771654
 31
0
  0
LINE
  5
8AE
330
1A
100
AcDbEntity
  8
BLACK
  6
CONTINUOUS
100
AcDbLine
 10
0.9650407480314961
 20
0.8873585826771654
 30
0
 11
0.9663803543307087
 21
0.8849053543307086
 31
0
  0
LINE
  5
8AF
330
1A
100
AcDbEntity
  8
BLACK
  6
CONTINUOUS
100
AcDbLine
 10
0.9663803543307087
 20
0.8849053543307086
 30
0
 11
0.9663983858267716
 21
0.8848187401574803
 31
0
  0
LINE
  5
8B0
330
1A
100
AcDbEntity
  8
BLACK
  6
CONTINUOUS
100
AcDbLine
 10
0.9663983858267716
 20
0.8848187401574803
 30
0
 11
0.9674529921259842
 21
0.8795170078740158
 31
0
  0
LINE
  5
8B1
330
1A
100
AcDbEntity
  8
BLACK
  6
CONTINUOUS
100
AcDbLine
 10
0.9674529921259842
 20
0.8795170078740158
 30
0
 11
0.967453031496063
 21
0.879516968503937
 31
0
  0
LINE
  5
8B2
330
1A
100
AcDbEntity
  8
BLACK
  6
CONTINUOUS
100
AcDbLine
 10
0.967453031496063
 20
0.879516968503937
 30
0
 11
0.9701254724409448
 21
0.8730650787401575
 31
0
  0
LINE
  5
8B3
330
1A
100
AcDbEntity
  8
BLACK
  6
CONTINUOUS
100
AcDbLine
 10
0.9701254724409448
 20
0.8730650787401575
 30
0
 11
0.9722142913385826
 21
0.8699389763779527
 31
0
  0
LINE
  5
8B4
330
1A
100
AcDbEntity
  8
BLACK
  6
CONTINUOUS
100
AcDbLine
 10
0.9722142913385826
 20
0.8699389763779527
 30
0
 11
0.9740053149606299
 21
0.8672585039370079
 31
0
  0
LINE
  5
8B5
330
1A
100
AcDbEntity
  8
BLACK
  6
CONTINUOUS
100
AcDbLine
 10
0.9740053149606299
 20
0.8672585039370079
 30
0
 11
0.9740055118110236
 21
0.8672582677165354
 31
0
  0
LINE
  5
8B6
330
1A
100
AcDbEntity
  8
BLACK
  6
CONTINUOUS
100
AcDbLine
 10
0.9740055118110236
 20
0.8672582677165354
 30
0
 11
0.9789432677165354
 21
0.8623205118110236
 31
0
  0
LINE
  5
8B7
330
1A
100
AcDbEntity
  8
BLACK
  6
CONTINUOUS
100
AcDbLine
 10
0.9789432677165354
 20
0.8623205118110236
 30
0
 11
0.9789435039370078
 21
0.8623203149606299
 31
0
  0
LINE
  5
8B8
330
1A
100
AcDbEntity
  8
BLACK
  6
CONTINUOUS
100
AcDbLine
 10
0.9789435039370078
 20
0.8623203149606299
 30
0
 11
0.9847501181102362
 21
0.8584404330708661
 31
0
  0
LINE
  5
8B9
330
1A
100
AcDbEntity
  8
BLACK
  6
CONTINUOUS
100
AcDbLine
 10
0.9847501181102362
 20
0.8584404330708661
 30
0
 11
0.9912021259842519
 21
0.8557679527559054
 31
0
  0
LINE
  5
8BA
330
1A
100
AcDbEntity
  8
BLACK
  6
CONTINUOUS
100
AcDbLine
 10
0.9912021259842519
 20
0.8557679527559054
 30
0
 11
0.9980515354330708
 21
0.8544055118110236
 31
0
  0
LINE
  5
8BB
330
1A
100
AcDbEntity
  8
BLACK
  6
CONTINUOUS
100
AcDbLine
 10
0.9980515354330708
 20
0.8544055118110236
 30
0
 11
0.9980515748031495
 21
0.8544055118110236
 31
0
  0
LINE
  5
8BC
330
1A
100
AcDbEntity
  8
BLACK
  6
CONTINUOUS
100
AcDbLine
 10
0.9980515748031495
 20
0.8544055118110236
 30
0
 11
1.0050350393700787
 21
0.8544055118110236
 31
0
  0
LINE
  5
8BD
330
1A
100
AcDbEntity
  8
BLACK
  6
CONTINUOUS
100
AcDbLine
 10
1.0050350393700787
 20
0.8544055118110236
 30
0
 11
1.0050350787401574
 21
0.8544055118110236
 31
0
  0
LINE
  5
8BE
330
1A
100
AcDbEntity
  8
BLACK
  6
CONTINUOUS
100
AcDbLine
 10
1.0050350787401574
 20
0.8544055118110236
 30
0
 11
1.0118844881889764
 21
0.8557679527559054
 31
0
  0
LINE
  5
8BF
330
1A
100
AcDbEntity
  8
BLACK
  6
CONTINUOUS
100
AcDbLine
 10
1.0118844881889764
 20
0.8557679527559054
 30
0
 11
1.0183364960629921
 21
0.8584404330708661
 31
0
  0
LINE
  5
8C0
330
1A
100
AcDbEntity
  8
BLACK
  6
CONTINUOUS
100
AcDbLine
 10
1.0183364960629921
 20
0.8584404330708661
 30
0
 11
1.0241431102362204
 21
0.8623203149606299
 31
0
  0
LINE
  5
8C1
330
1A
100
AcDbEntity
  8
BLACK
  6
CONTINUOUS
100
AcDbLine
 10
1.0241431102362204
 20
0.8623203149606299
 30
0
 11
1.0290812598425196
 21
0.8672584645669291
 31
0
  0
LINE
  5
8C2
330
1A
100
AcDbEntity
  8
BLACK
  6
CONTINUOUS
100
AcDbLine
 10
1.0290812598425196
 20
0.8672584645669291
 30
0
 11
1.0329611417322835
 21
0.8730650787401575
 31
0
  0
LINE
  5
8C3
330
1A
100
AcDbEntity
  8
BLACK
  6
CONTINUOUS
100
AcDbLine
 10
1.0329611417322835
 20
0.8730650787401575
 30
0
 11
1.035633622047244
 21
0.8795170866141732
 31
0
  0
LINE
  5
8C4
330
1A
100
AcDbEntity
  8
BLACK
  6
CONTINUOUS
100
AcDbLine
 10
1.035633622047244
 20
0.8795170866141732
 30
0
 11
1.036996062992126
 21
0.8863664960629921
 31
0
  0
LINE
  5
8C5
330
1A
100
AcDbEntity
  8
BLACK
  6
CONTINUOUS
100
AcDbLine
 10
1.036996062992126
 20
0.8863664960629921
 30
0
 11
1.036996062992126
 21
0.8933500393700787
 31
0
  0
LINE
  5
8C6
330
1A
100
AcDbEntity
  8
BLACK
  6
CONTINUOUS
100
AcDbLine
 10
1.036996062992126
 20
0.8933500393700787
 30
0
 11
1.035633622047244
 21
0.9001994488188976
 31
0
  0
LINE
  5
8C7
330
1A
100
AcDbEntity
  8
BLACK
  6
CONTINUOUS
100
AcDbLine
 10
1.035633622047244
 20
0.9001994488188976
 30
0
 11
1.0329611417322835
 21
0.9066514566929134
 31
0
  0
LINE
  5
8C8
330
1A
100
AcDbEntity
  8
BLACK
  6
CONTINUOUS
100
AcDbLine
 10
1.0329611417322835
 20
0.9066514566929134
 30
0
 11
1.0290812598425196
 21
0.9124580708661417
 31
0
  0
LINE
  5
8C9
330
1A
100
AcDbEntity
  8
BLACK
  6
CONTINUOUS
100
AcDbLine
 10
1.0290812598425196
 20
0.9124580708661417
 30
0
 11
1.0290810629921259
 21
0.9124583070866141
 31
0
  0
LINE
  5
8CA
330
1A
100
AcDbEntity
  8
BLACK
  6
CONTINUOUS
100
AcDbLine
 10
1.0290810629921259
 20
0.9124583070866141
 30
0
 11
1.0241433070866142
 21
0.9173960629921259
 31
0
  0
LINE
  5
8CB
330
1A
100
AcDbEntity
  8
BLACK
  6
CONTINUOUS
100
AcDbLine
 10
1.0241433070866142
 20
0.9173960629921259
 30
0
 11
1.0241430708661416
 21
0.9173962598425197
 31
0
  0
LINE
  5
8CC
330
1A
100
AcDbEntity
  8
BLACK
  6
CONTINUOUS
100
AcDbLine
 10
1.0241430708661416
 20
0.9173962598425197
 30
0
 11
1.0183364566929134
 21
0.9212761417322834
 31
0
  0
LINE
  5
8CD
330
1A
100
AcDbEntity
  8
BLACK
  6
CONTINUOUS
100
AcDbLine
 10
1.0183364566929134
 20
0.9212761417322834
 30
0
 11
1.0183362992125984
 21
0.921276220472441
 31
0
  0
LINE
  5
8CE
330
1A
100
AcDbEntity
  8
BLACK
  6
CONTINUOUS
100
AcDbLine
 10
1.0183362992125984
 20
0.921276220472441
 30
0
 11
1.0158476771653544
 21
0.9223070472440945
 31
0
  0
LINE
  5
8CF
330
1A
100
AcDbEntity
  8
BLACK
  6
CONTINUOUS
100
AcDbLine
 10
1.0158476771653544
 20
0.9223070472440945
 30
0
 11
1.0136712598425197
 21
0.924060905511811
 31
0
  0
LINE
  5
8D0
330
1A
100
AcDbEntity
  8
BLACK
  6
CONTINUOUS
100
AcDbLine
 10
1.0136712598425197
 20
0.924060905511811
 30
0
 11
1.0127885826771654
 21
0.926713031496063
 31
0
  0
LINE
  5
8D1
330
1A
100
AcDbEntity
  8
BLACK
  6
CONTINUOUS
100
AcDbLine
 10
1.0127885826771654
 20
0.926713031496063
 30
0
 11
1.0128807480314961
 21
0.927857874015748
 31
0
  0
LINE
  5
8D2
330
1A
100
AcDbEntity
  8
BLACK
  6
CONTINUOUS
100
AcDbLine
 10
1.0128807480314961
 20
0.927857874015748
 30
0
 11
1.0129739763779528
 21
0.9283266141732284
 31
0
  0
LINE
  5
8D3
330
1A
100
AcDbEntity
  8
BLACK
  6
CONTINUOUS
100
AcDbLine
 10
1.0129739763779528
 20
0.9283266141732284
 30
0
 11
1.0130590551181102
 21
0.9287542519685039
 31
0
  0
LINE
  5
8D4
330
1A
100
AcDbEntity
  8
BLACK
  6
CONTINUOUS
100
AcDbLine
 10
1.0130590551181102
 20
0.9287542519685039
 30
0
 11
1.0130590551181102
 21
0.9349622834645669
 31
0
  0
LINE
  5
8D5
330
1A
100
AcDbEntity
  8
BLACK
  6
CONTINUOUS
100
AcDbLine
 10
1.0130590551181102
 20
0.9349622834645669
 30
0
 11
1.0118479133858267
 21
0.9410510629921259
 31
0
  0
LINE
  5
8D6
330
1A
100
AcDbEntity
  8
BLACK
  6
CONTINUOUS
100
AcDbLine
 10
1.0118479133858267
 20
0.9410510629921259
 30
0
 11
1.0094996062992125
 21
0.9467203543307087
 31
0
  0
LINE
  5
8D7
330
1A
100
AcDbEntity
  8
BLACK
  6
CONTINUOUS
100
AcDbLine
 10
1.0094996062992125
 20
0.9467203543307087
 30
0
 11
1.0091220472440945
 21
0.9486186614173228
 31
0
  0
LINE
  5
8D8
330
1A
100
AcDbEntity
  8
BLACK
  6
CONTINUOUS
100
AcDbLine
 10
1.0091220472440945
 20
0.9486186614173228
 30
0
 11
1.0091220472440945
 21
1.0131041338582676
 31
0
  0
LINE
  5
8D9
330
1A
100
AcDbEntity
  8
BLACK
  6
CONTINUOUS
100
AcDbLine
 10
1.0091220472440945
 20
1.0131041338582676
 30
0
 11
1.0091220472440945
 21
1.0463799999999999
 31
0
  0
LINE
  5
8DA
330
1A
100
AcDbEntity
  8
BLACK
  6
CONTINUOUS
100
AcDbLine
 10
1.0091220472440945
 20
1.0463799999999999
 30
0
 11
1.0099095275590551
 21
1.0490619291338583
 31
0
  0
LINE
  5
8DB
330
1A
100
AcDbEntity
  8
BLACK
  6
CONTINUOUS
100
AcDbLine
 10
1.0099095275590551
 20
1.0490619291338583
 30
0
 11
1.0105747637795275
 21
1.0498874803149607
 31
0
  0
LINE
  5
8DC
330
1A
100
AcDbEntity
  8
BLACK
  6
CONTINUOUS
100
AcDbLine
 10
1.0105747637795275
 20
1.0498874803149607
 30
0
 11
1.0451931496062992
 21
1.0845058661417322
 31
0
  0
LINE
  5
8DD
330
1A
100
AcDbEntity
  8
BLACK
  6
CONTINUOUS
100
AcDbLine
 10
1.0451931496062992
 20
1.0845058661417322
 30
0
 11
1.0468022440944882
 21
1.0855810236220471
 31
0
  0
LINE
  5
8DE
330
1A
100
AcDbEntity
  8
BLACK
  6
CONTINUOUS
100
AcDbLine
 10
1.0468022440944882
 20
1.0855810236220471
 30
0
 11
1.0524716141732284
 21
1.0879292913385827
 31
0
  0
LINE
  5
8DF
330
1A
100
AcDbEntity
  8
BLACK
  6
CONTINUOUS
100
AcDbLine
 10
1.0524716141732284
 20
1.0879292913385827
 30
0
 11
1.0576334251968504
 21
1.0913783070866141
 31
0
  0
LINE
  5
8E0
330
1A
100
AcDbEntity
  8
BLACK
  6
CONTINUOUS
100
AcDbLine
 10
1.0576334251968504
 20
1.0913783070866141
 30
0
 11
1.0620231889763778
 21
1.0957680708661417
 31
0
  0
LINE
  5
8E1
330
1A
100
AcDbEntity
  8
BLACK
  6
CONTINUOUS
100
AcDbLine
 10
1.0620231889763778
 20
1.0957680708661417
 30
0
 11
1.0654722047244094
 21
1.1009298818897637
 31
0
  0
LINE
  5
8E2
330
1A
100
AcDbEntity
  8
BLACK
  6
CONTINUOUS
100
AcDbLine
 10
1.0654722047244094
 20
1.1009298818897637
 30
0
 11
1.0678479133858267
 21
1.1066653937007873
 31
0
  0
LINE
  5
8E3
330
1A
100
AcDbEntity
  8
BLACK
  6
CONTINUOUS
100
AcDbLine
 10
1.0678479133858267
 20
1.1066653937007873
 30
0
 11
1.0690590551181103
 21
1.1127541732283464
 31
0
  0
LINE
  5
8E4
330
1A
100
AcDbEntity
  8
BLACK
  6
CONTINUOUS
100
AcDbLine
 10
1.0690590551181103
 20
1.1127541732283464
 30
0
 11
1.0690590551181103
 21
1.1189622047244094
 31
0
  0
LINE
  5
8E5
330
1A
100
AcDbEntity
  8
BLACK
  6
CONTINUOUS
100
AcDbLine
 10
1.0690590551181103
 20
1.1189622047244094
 30
0
 11
1.0678479133858267
 21
1.1250509842519685
 31
0
  0
LINE
  5
8E6
330
1A
100
AcDbEntity
  8
BLACK
  6
CONTINUOUS
100
AcDbLine
 10
1.0678479133858267
 20
1.1250509842519685
 30
0
 11
1.0678477559055117
 21
1.1250513779527558
 31
0
  0
LINE
  5
8E7
330
1A
100
AcDbEntity
  8
BLACK
  6
CONTINUOUS
100
AcDbLine
 10
1.0678477559055117
 20
1.1250513779527558
 30
0
 11
1.0664996456692912
 21
1.1283061023622047
 31
0
  0
LINE
  5
8E8
330
1A
100
AcDbEntity
  8
BLACK
  6
CONTINUOUS
100
AcDbLine
 10
1.0664996456692912
 20
1.1283061023622047
 30
0
 11
1.0661220472440944
 21
1.1302044094488188
 31
0
  0
LINE
  5
8E9
330
1A
100
AcDbEntity
  8
BLACK
  6
CONTINUOUS
100
AcDbLine
 10
1.0661220472440944
 20
1.1302044094488188
 30
0
 11
1.0661220472440944
 21
1.3865744881889763
 31
0
  0
LINE
  5
8EA
330
1A
100
AcDbEntity
  8
BLACK
  6
CONTINUOUS
100
AcDbLine
 10
1.0661220472440944
 20
1.3865744881889763
 30
0
 11
1.0661220078740157
 21
1.3865746456692913
 31
0
  0
LINE
  5
8EB
330
1A
100
AcDbEntity
  8
BLACK
  6
CONTINUOUS
100
AcDbLine
 10
1.0661220078740157
 20
1.3865746456692913
 30
0
 11
1.0650622047244094
 21
1.3919026771653542
 31
0
  0
LINE
  5
8EC
330
1A
100
AcDbEntity
  8
BLACK
  6
CONTINUOUS
100
AcDbLine
 10
1.0650622047244094
 20
1.3919026771653542
 30
0
 11
1.0629832677165354
 21
1.3969216929133859
 31
0
  0
LINE
  5
8ED
330
1A
100
AcDbEntity
  8
BLACK
  6
CONTINUOUS
100
AcDbLine
 10
1.0629832677165354
 20
1.3969216929133859
 30
0
 11
1.0623872047244094
 21
1.3978137401574804
 31
0
  0
LINE
  5
8EE
330
1A
100
AcDbEntity
  8
BLACK
  6
CONTINUOUS
100
AcDbLine
 10
1.0623872047244094
 20
1.3978137401574804
 30
0
 11
1.0623871653543306
 21
1.3978138976377952
 31
0
  0
LINE
  5
8EF
330
1A
100
AcDbEntity
  8
BLACK
  6
CONTINUOUS
100
AcDbLine
 10
1.0623871653543306
 20
1.3978138976377952
 30
0
 11
1.0623871259842519
 21
1.3978138582677164
 31
0
  0
LINE
  5
8F0
330
1A
100
AcDbEntity
  8
BLACK
  6
CONTINUOUS
100
AcDbLine
 10
1.0623871259842519
 20
1.3978138582677164
 30
0
 11
1.0599651181102363
 21
1.4014387007874016
 31
0
  0
LINE
  5
8F1
330
1A
100
AcDbEntity
  8
BLACK
  6
CONTINUOUS
100
AcDbLine
 10
1.0599651181102363
 20
1.4014387007874016
 30
0
 11
1.0543593307086614
 21
1.4070444881889763
 31
0
  0
LINE
  5
8F2
330
1A
100
AcDbEntity
  8
BLACK
  6
CONTINUOUS
100
AcDbLine
 10
1.0543593307086614
 20
1.4070444881889763
 30
0
 11
1.0478956692913386
 21
1.4135081496062991
 31
0
  0
LINE
  5
8F3
330
1A
100
AcDbEntity
  8
BLACK
  6
CONTINUOUS
100
AcDbLine
 10
1.0478956692913386
 20
1.4135081496062991
 30
0
 11
1.0468204330708661
 21
1.4151173622047244
 31
0
  0
LINE
  5
8F4
330
1A
100
AcDbEntity
  8
BLACK
  6
CONTINUOUS
100
AcDbLine
 10
1.0468204330708661
 20
1.4151173622047244
 30
0
 11
1.0444722047244095
 21
1.4207865748031496
 31
0
  0
LINE
  5
8F5
330
1A
100
AcDbEntity
  8
BLACK
  6
CONTINUOUS
100
AcDbLine
 10
1.0444722047244095
 20
1.4207865748031496
 30
0
 11
1.0410231889763779
 21
1.4259483858267716
 31
0
  0
LINE
  5
8F6
330
1A
100
AcDbEntity
  8
BLACK
  6
CONTINUOUS
100
AcDbLine
 10
1.0410231889763779
 20
1.4259483858267716
 30
0
 11
1.0366334251968503
 21
1.4303381496062992
 31
0
  0
LINE
  5
8F7
330
1A
100
AcDbEntity
  8
BLACK
  6
CONTINUOUS
100
AcDbLine
 10
1.0366334251968503
 20
1.4303381496062992
 30
0
 11
1.0314716141732283
 21
1.4337871653543306
 31
0
  0
LINE
  5
8F8
330
1A
100
AcDbEntity
  8
BLACK
  6
CONTINUOUS
100
AcDbLine
 10
1.0314716141732283
 20
1.4337871653543306
 30
0
 11
1.0281077559055118
 21
1.4351805118110237
 31
0
  0
LINE
  5
8F9
330
1A
100
AcDbEntity
  8
BLACK
  6
CONTINUOUS
100
AcDbLine
 10
1.0281077559055118
 20
1.4351805118110237
 30
0
 11
1.0257362992125985
 21
1.4361627952755904
 31
0
  0
LINE
  5
8FA
330
1A
100
AcDbEntity
  8
BLACK
  6
CONTINUOUS
100
AcDbLine
 10
1.0257362992125985
 20
1.4361627952755904
 30
0
 11
1.0257361023622047
 21
1.4361628740157479
 31
0
  0
LINE
  5
8FB
330
1A
100
AcDbEntity
  8
BLACK
  6
CONTINUOUS
100
AcDbLine
 10
1.0257361023622047
 20
1.4361628740157479
 30
0
 11
1.0196474015748032
 21
1.4373740157480315
 31
0
  0
LINE
  5
8FC
330
1A
100
AcDbEntity
  8
BLACK
  6
CONTINUOUS
100
AcDbLine
 10
1.0196474015748032
 20
1.4373740157480315
 30
0
 11
1.0196473228346457
 21
1.4373740157480315
 31
0
  0
LINE
  5
8FD
330
1A
100
AcDbEntity
  8
BLACK
  6
CONTINUOUS
100
AcDbLine
 10
1.0196473228346457
 20
1.4373740157480315
 30
0
 11
1.0134392913385826
 21
1.4373740157480315
 31
0
  0
LINE
  5
8FE
330
1A
100
AcDbEntity
  8
BLACK
  6
CONTINUOUS
100
AcDbLine
 10
1.0134392913385826
 20
1.4373740157480315
 30
0
 11
1.0134391732283465
 21
1.4373740157480315
 31
0
  0
LINE
  5
8FF
330
1A
100
AcDbEntity
  8
BLACK
  6
CONTINUOUS
100
AcDbLine
 10
1.0134391732283465
 20
1.4373740157480315
 30
0
 11
1.0073504724409448
 21
1.4361628740157479
 31
0
  0
LINE
  5
900
330
1A
100
AcDbEntity
  8
BLACK
  6
CONTINUOUS
100
AcDbLine
 10
1.0073504724409448
 20
1.4361628740157479
 30
0
 11
1.0073502755905512
 21
1.4361627952755904
 31
0
  0
LINE
  5
901
330
1A
100
AcDbEntity
  8
BLACK
  6
CONTINUOUS
100
AcDbLine
 10
1.0073502755905512
 20
1.4361627952755904
 30
0
 11
1.0016149606299212
 21
1.4337871653543306
 31
0
  0
LINE
  5
902
330
1A
100
AcDbEntity
  8
BLACK
  6
CONTINUOUS
100
AcDbLine
 10
1.0016149606299212
 20
1.4337871653543306
 30
0
 11
0.9964533464566929
 21
1.4303382677165355
 31
0
  0
LINE
  5
903
330
1A
100
AcDbEntity
  8
BLACK
  6
CONTINUOUS
100
AcDbLine
 10
0.9964533464566929
 20
1.4303382677165355
 30
0
 11
0.9964530708661417
 21
1.4303380708661417
 31
0
  0
LINE
  5
904
330
1A
100
AcDbEntity
  8
BLACK
  6
CONTINUOUS
100
AcDbLine
 10
0.9964530708661417
 20
1.4303380708661417
 30
0
 11
0.9920635039370078
 21
1.4259485039370079
 31
0
  0
LINE
  5
905
330
1A
100
AcDbEntity
  8
BLACK
  6
CONTINUOUS
100
AcDbLine
 10
0.9920635039370078
 20
1.4259485039370079
 30
0
 11
0.9920633070866142
 21
1.4259482283464566
 31
0
  0
LINE
  5
906
330
1A
100
AcDbEntity
  8
BLACK
  6
CONTINUOUS
100
AcDbLine
 10
0.9920633070866142
 20
1.4259482283464566
 30
0
 11
0.9886144094488188
 21
1.4207866141732284
 31
0
  0
LINE
  5
907
330
1A
100
AcDbEntity
  8
BLACK
  6
CONTINUOUS
100
AcDbLine
 10
0.9886144094488188
 20
1.4207866141732284
 30
0
 11
0.986238779527559
 21
1.4150512992125983
 31
0
  0
LINE
  5
908
330
1A
100
AcDbEntity
  8
BLACK
  6
CONTINUOUS
100
AcDbLine
 10
0.986238779527559
 20
1.4150512992125983
 30
0
 11
0.9862387007874015
 21
1.4150511023622048
 31
0
  0
LINE
  5
909
330
1A
100
AcDbEntity
  8
BLACK
  6
CONTINUOUS
100
AcDbLine
 10
0.9862387007874015
 20
1.4150511023622048
 30
0
 11
0.9850275590551181
 21
1.408962401574803
 31
0
  0
LINE
  5
90A
330
1A
100
AcDbEntity
  8
BLACK
  6
CONTINUOUS
100
AcDbLine
 10
0.9850275590551181
 20
1.408962401574803
 30
0
 11
0.9850275590551181
 21
1.4027541732283464
 31
0
  0
LINE
  5
90B
330
1A
100
AcDbEntity
  8
BLACK
  6
CONTINUOUS
100
AcDbLine
 10
0.9850275590551181
 20
1.4027541732283464
 30
0
 11
0.9860102755905512
 21
1.3978138976377952
 31
0
  0
LINE
  5
90C
330
1A
100
AcDbEntity
  8
BLACK
  6
CONTINUOUS
100
AcDbLine
 10
0.9860102755905512
 20
1.3978138976377952
 30
0
 11
0.9862387007874015
 21
1.3966654724409449
 31
0
  0
LINE
  5
90D
330
1A
100
AcDbEntity
  8
BLACK
  6
CONTINUOUS
100
AcDbLine
 10
0.9862387007874015
 20
1.3966654724409449
 30
0
 11
0.9886144094488188
 21
1.3909299606299212
 31
0
  0
LINE
  5
90E
330
1A
100
AcDbEntity
  8
BLACK
  6
CONTINUOUS
100
AcDbLine
 10
0.9886144094488188
 20
1.3909299606299212
 30
0
 11
0.9920634251968504
 21
1.3857681496062992
 31
0
  0
LINE
  5
90F
330
1A
100
AcDbEntity
  8
BLACK
  6
CONTINUOUS
100
AcDbLine
 10
0.9920634251968504
 20
1.3857681496062992
 30
0
 11
0.9964531889763779
 21
1.3813783858267716
 31
0
  0
LINE
  5
910
330
1A
100
AcDbEntity
  8
BLACK
  6
CONTINUOUS
100
AcDbLine
 10
0.9964531889763779
 20
1.3813783858267716
 30
0
 11
1.0016149999999999
 21
1.3779293700787401
 31
0
  0
LINE
  5
911
330
1A
100
AcDbEntity
  8
BLACK
  6
CONTINUOUS
100
AcDbLine
 10
1.0016149999999999
 20
1.3779293700787401
 30
0
 11
1.0072842519685039
 21
1.3755811023622047
 31
0
  0
LINE
  5
912
330
1A
100
AcDbEntity
  8
BLACK
  6
CONTINUOUS
100
AcDbLine
 10
1.0072842519685039
 20
1.3755811023622047
 30
0
 11
1.0088935433070867
 21
1.3745057874015747
 31
0
  0
LINE
  5
913
330
1A
100
AcDbEntity
  8
BLACK
  6
CONTINUOUS
100
AcDbLine
 10
1.0088935433070867
 20
1.3745057874015747
 30
0
 11
1.0095116141732283
 21
1.3738877165354331
 31
0
  0
LINE
  5
914
330
1A
100
AcDbEntity
  8
BLACK
  6
CONTINUOUS
100
AcDbLine
 10
1.0095116141732283
 20
1.3738877165354331
 30
0
 11
1.0108512204724409
 21
1.3714344881889764
 31
0
  0
LINE
  5
915
330
1A
100
AcDbEntity
  8
BLACK
  6
CONTINUOUS
100
AcDbLine
 10
1.0108512204724409
 20
1.3714344881889764
 30
0
 11
1.0109645669291338
 21
1.3703800393700787
 31
0
  0
LINE
  5
916
330
1A
100
AcDbEntity
  8
BLACK
  6
CONTINUOUS
100
AcDbLine
 10
1.0109645669291338
 20
1.3703800393700787
 30
0
 11
1.0109645669291338
 21
1.1343119291338581
 31
0
  0
LINE
  5
917
330
1A
100
AcDbEntity
  8
BLACK
  6
CONTINUOUS
100
AcDbLine
 10
1.0109645669291338
 20
1.1343119291338581
 30
0
 11
1.0101770866141733
 21
1.1316299999999999
 31
0
  0
LINE
  5
918
330
1A
100
AcDbEntity
  8
BLACK
  6
CONTINUOUS
100
AcDbLine
 10
1.0101770866141733
 20
1.1316299999999999
 30
0
 11
1.0101285433070866
 21
1.1315559448818897
 31
0
  0
LINE
  5
919
330
1A
100
AcDbEntity
  8
BLACK
  6
CONTINUOUS
100
AcDbLine
 10
1.0101285433070866
 20
1.1315559448818897
 30
0
 11
1.0096144488188976
 21
1.1307865748031496
 31
0
  0
LINE
  5
91A
330
1A
100
AcDbEntity
  8
BLACK
  6
CONTINUOUS
100
AcDbLine
 10
1.0096144488188976
 20
1.1307865748031496
 30
0
 11
1.0072661417322835
 21
1.1251172834645669
 31
0
  0
LINE
  5
91B
330
1A
100
AcDbEntity
  8
BLACK
  6
CONTINUOUS
100
AcDbLine
 10
1.0072661417322835
 20
1.1251172834645669
 30
0
 11
1.0061907874015747
 21
1.1235079921259843
 31
0
  0
LINE
  5
91C
330
1A
100
AcDbEntity
  8
BLACK
  6
CONTINUOUS
100
AcDbLine
 10
1.0061907874015747
 20
1.1235079921259843
 30
0
 11
0.9601217322834645
 21
1.0774389370078741
 31
0
  0
LINE
  5
91D
330
1A
100
AcDbEntity
  8
BLACK
  6
CONTINUOUS
100
AcDbLine
 10
0.9601217322834645
 20
1.0774389370078741
 30
0
 11
0.9601215354330709
 21
1.0774387007874016
 31
0
  0
LINE
  5
91E
330
1A
100
AcDbEntity
  8
BLACK
  6
CONTINUOUS
100
AcDbLine
 10
0.9601215354330709
 20
1.0774387007874016
 30
0
 11
0.9571033464566929
 21
1.0729216141732283
 31
0
  0
LINE
  5
91F
330
1A
100
AcDbEntity
  8
BLACK
  6
CONTINUOUS
100
AcDbLine
 10
0.9571033464566929
 20
1.0729216141732283
 30
0
 11
0.9550244881889763
 21
1.0679028346456694
 31
0
  0
LINE
  5
920
330
1A
100
AcDbEntity
  8
BLACK
  6
CONTINUOUS
100
AcDbLine
 10
0.9550244881889763
 20
1.0679028346456694
 30
0
 11
0.9550244094488188
 21
1.0679026377952756
 31
0
  0
LINE
  5
921
330
1A
100
AcDbEntity
  8
BLACK
  6
CONTINUOUS
100
AcDbLine
 10
0.9550244094488188
 20
1.0679026377952756
 30
0
 11
0.9539661417322834
 21
1.0625823228346456
 31
0
  0
LINE
  5
922
330
1A
100
AcDbEntity
  8
BLACK
  6
CONTINUOUS
100
AcDbLine
 10
0.9539661417322834
 20
1.0625823228346456
 30
0
 11
0.9539645669291338
 21
1.0625744881889763
 31
0
  0
LINE
  5
923
330
1A
100
AcDbEntity
  8
BLACK
  6
CONTINUOUS
100
AcDbLine
 10
0.9539645669291338
 20
1.0625744881889763
 30
0
 11
0.9539645669291338
 21
0.9486186614173228
 31
0
  0
LINE
  5
924
330
1A
100
AcDbEntity
  8
BLACK
  6
CONTINUOUS
100
AcDbLine
 10
0.9539645669291338
 20
0.9486186614173228
 30
0
 11
0.953586968503937
 21
0.9467203543307087
 31
0
  0
LINE
  5
925
330
1A
100
AcDbEntity
  8
BLACK
  6
CONTINUOUS
100
AcDbLine
 10
0.953586968503937
 20
0.9467203543307087
 30
0
 11
0.9532207086614173
 21
0.945836062992126
 31
0
  0
LINE
  5
926
330
1A
100
AcDbEntity
  8
BLACK
  6
CONTINUOUS
100
AcDbLine
 10
0.9532207086614173
 20
0.945836062992126
 30
0
 11
0.9512387795275591
 21
0.9410512992125984
 31
0
  0
LINE
  5
927
330
1A
100
AcDbEntity
  8
BLACK
  6
CONTINUOUS
100
AcDbLine
 10
0.9512387795275591
 20
0.9410512992125984
 30
0
 11
0.9512387007874016
 21
0.9410511023622047
 31
0
  0
LINE
  5
928
330
1A
100
AcDbEntity
  8
BLACK
  6
CONTINUOUS
100
AcDbLine
 10
0.9512387007874016
 20
0.9410511023622047
 30
0
 11
0.950027559055118
 21
0.9349624015748031
 31
0
  0
LINE
  5
929
330
1A
100
AcDbEntity
  8
BLACK
  6
CONTINUOUS
100
AcDbLine
 10
0.950027559055118
 20
0.9349624015748031
 30
0
 11
0.950027559055118
 21
0.9287541732283464
 31
0
  0
LINE
  5
92A
330
1A
100
AcDbEntity
  8
BLACK
  6
CONTINUOUS
100
AcDbLine
 10
2.8840271653543308
 20
0.8984451574803149
 30
0
 11
2.8830236220472441
 21
0.8980294881889763
 31
0
  0
LINE
  5
92B
330
1A
100
AcDbEntity
  8
BLACK
  6
CONTINUOUS
100
AcDbLine
 10
2.8830236220472441
 20
0.8980294881889763
 30
0
 11
2.8830233858267715
 21
0.8980292913385827
 31
0
  0
LINE
  5
92C
330
1A
100
AcDbEntity
  8
BLACK
  6
CONTINUOUS
100
AcDbLine
 10
2.8830233858267715
 20
0.8980292913385827
 30
0
 11
2.8824270078740155
 21
0.897539842519685
 31
0
  0
LINE
  5
92D
330
1A
100
AcDbEntity
  8
BLACK
  6
CONTINUOUS
100
AcDbLine
 10
2.8824270078740155
 20
0.897539842519685
 30
0
 11
2.8796148425196848
 21
0.8947276771653543
 31
0
  0
LINE
  5
92E
330
1A
100
AcDbEntity
  8
BLACK
  6
CONTINUOUS
100
AcDbLine
 10
2.8796148425196848
 20
0.8947276771653543
 30
0
 11
2.8791253937007872
 21
0.8941312992125984
 31
0
  0
LINE
  5
92F
330
1A
100
AcDbEntity
  8
BLACK
  6
CONTINUOUS
100
AcDbLine
 10
2.8791253937007872
 20
0.8941312992125984
 30
0
 11
2.8791251968503935
 21
0.894131062992126
 31
0
  0
LINE
  5
930
330
1A
100
AcDbEntity
  8
BLACK
  6
CONTINUOUS
100
AcDbLine
 10
2.8791251968503935
 20
0.894131062992126
 30
0
 11
2.8790659055118111
 21
0.893987874015748
 31
0
  0
LINE
  5
931
330
1A
100
AcDbEntity
  8
BLACK
  6
CONTINUOUS
100
AcDbLine
 10
2.8790659055118111
 20
0.893987874015748
 30
0
 11
2.8785373622047246
 21
0.8927118503937007
 31
0
  0
LINE
  5
932
330
1A
100
AcDbEntity
  8
BLACK
  6
CONTINUOUS
100
AcDbLine
 10
2.8785373622047246
 20
0.8927118503937007
 30
0
 11
2.8785373622047246
 21
0.8911757086614173
 31
0
  0
LINE
  5
933
330
1A
100
AcDbEntity
  8
BLACK
  6
CONTINUOUS
100
AcDbLine
 10
2.8785373622047246
 20
0.8911757086614173
 30
0
 11
2.8788817322834643
 21
0.8903443307086614
 31
0
  0
LINE
  5
934
330
1A
100
AcDbEntity
  8
BLACK
  6
CONTINUOUS
100
AcDbLine
 10
2.8788817322834643
 20
0.8903443307086614
 30
0
 11
2.8791252362204722
 21
0.8897564566929134
 31
0
  0
LINE
  5
935
330
1A
100
AcDbEntity
  8
BLACK
  6
CONTINUOUS
100
AcDbLine
 10
2.8791252362204722
 20
0.8897564566929134
 30
0
 11
2.8796148818897636
 21
0.8891598818897638
 31
0
  0
LINE
  5
936
330
1A
100
AcDbEntity
  8
BLACK
  6
CONTINUOUS
100
AcDbLine
 10
2.8796148818897636
 20
0.8891598818897638
 30
0
 11
2.8824270472440943
 21
0.8863477559055117
 31
0
  0
LINE
  5
937
330
1A
100
AcDbEntity
  8
BLACK
  6
CONTINUOUS
100
AcDbLine
 10
2.8824270472440943
 20
0.8863477559055117
 30
0
 11
2.8830236220472441
 21
0.8858581102362204
 31
0
  0
LINE
  5
938
330
1A
100
AcDbEntity
  8
BLACK
  6
CONTINUOUS
100
AcDbLine
 10
2.8830236220472441
 20
0.8858581102362204
 30
0
 11
2.8840271653543308
 21
0.8854424803149606
 31
0
  0
LINE
  5
939
330
1A
100
AcDbEntity
  8
BLACK
  6
CONTINUOUS
100
AcDbLine
 10
2.8840271653543308
 20
0.8854424803149606
 30
0
 11
2.8840588188976377
 21
0.8854293700787401
 31
0
  0
LINE
  5
93A
330
1A
100
AcDbEntity
  8
BLACK
  6
CONTINUOUS
100
AcDbLine
 10
2.8840588188976377
 20
0.8854293700787401
 30
0
 11
2.8841370866141731
 21
0.885396968503937
 31
0
  0
LINE
  5
93B
330
1A
100
AcDbEntity
  8
BLACK
  6
CONTINUOUS
100
AcDbLine
 10
2.8841370866141731
 20
0.885396968503937
 30
0
 11
2.8844428346456694
 21
0.8852702755905512
 31
0
  0
LINE
  5
93C
330
1A
100
AcDbEntity
  8
BLACK
  6
CONTINUOUS
100
AcDbLine
 10
2.8844428346456694
 20
0.8852702755905512
 30
0
 11
2.8844428740157482
 21
0.8852702755905512
 31
0
  0
LINE
  5
93D
330
1A
100
AcDbEntity
  8
BLACK
  6
CONTINUOUS
100
AcDbLine
 10
2.8844428740157482
 20
0.8852702755905512
 30
0
 11
2.8844429527559052
 21
0.8852702755905512
 31
0
  0
LINE
  5
93E
330
1A
100
AcDbEntity
  8
BLACK
  6
CONTINUOUS
100
AcDbLine
 10
2.8844429527559052
 20
0.8852702755905512
 30
0
 11
2.8859788976377954
 21
0.8852702755905512
 31
0
  0
LINE
  5
93F
330
1A
100
AcDbEntity
  8
BLACK
  6
CONTINUOUS
100
AcDbLine
 10
2.8859788976377954
 20
0.8852702755905512
 30
0
 11
2.8859789763779529
 21
0.8852702755905512
 31
0
  0
LINE
  5
940
330
1A
100
AcDbEntity
  8
BLACK
  6
CONTINUOUS
100
AcDbLine
 10
2.8859789763779529
 20
0.8852702755905512
 30
0
 11
2.8868103543307084
 21
0.88561468503937
 31
0
  0
LINE
  5
941
330
1A
100
AcDbEntity
  8
BLACK
  6
CONTINUOUS
100
AcDbLine
 10
2.8868103543307084
 20
0.88561468503937
 30
0
 11
2.8873982283464565
 21
0.8858581496062992
 31
0
  0
LINE
  5
942
330
1A
100
AcDbEntity
  8
BLACK
  6
CONTINUOUS
100
AcDbLine
 10
2.8873982283464565
 20
0.8858581496062992
 30
0
 11
2.8873982677165353
 21
0.8858581889763779
 31
0
  0
LINE
  5
943
330
1A
100
AcDbEntity
  8
BLACK
  6
CONTINUOUS
100
AcDbLine
 10
2.8873982677165353
 20
0.8858581889763779
 30
0
 11
2.8873983858267716
 21
0.8858583464566929
 31
0
  0
LINE
  5
944
330
1A
100
AcDbEntity
  8
BLACK
  6
CONTINUOUS
100
AcDbLine
 10
2.8873983858267716
 20
0.8858583464566929
 30
0
 11
2.8878003937007874
 21
0.8861882677165354
 31
0
  0
LINE
  5
945
330
1A
100
AcDbEntity
  8
BLACK
  6
CONTINUOUS
100
AcDbLine
 10
2.8878003937007874
 20
0.8861882677165354
 30
0
 11
2.8878005905511812
 21
0.8861884251968504
 31
0
  0
LINE
  5
946
330
1A
100
AcDbEntity
  8
BLACK
  6
CONTINUOUS
100
AcDbLine
 10
2.8878005905511812
 20
0.8861884251968504
 30
0
 11
2.8879948031496063
 21
0.8863477559055117
 31
0
  0
LINE
  5
947
330
1A
100
AcDbEntity
  8
BLACK
  6
CONTINUOUS
100
AcDbLine
 10
2.8879948031496063
 20
0.8863477559055117
 30
0
 11
2.8908068897637795
 21
0.8891598818897638
 31
0
  0
LINE
  5
948
330
1A
100
AcDbEntity
  8
BLACK
  6
CONTINUOUS
100
AcDbLine
 10
2.8908068897637795
 20
0.8891598818897638
 30
0
 11
2.8912112992125985
 21
0.8896526771653543
 31
0
  0
LINE
  5
949
330
1A
100
AcDbEntity
  8
BLACK
  6
CONTINUOUS
100
AcDbLine
 10
2.8912112992125985
 20
0.8896526771653543
 30
0
 11
2.8912114173228347
 21
0.8896527952755905
 31
0
  0
LINE
  5
94A
330
1A
100
AcDbEntity
  8
BLACK
  6
CONTINUOUS
100
AcDbLine
 10
2.8912114173228347
 20
0.8896527952755905
 30
0
 11
2.8912965354330709
 21
0.8897564566929134
 31
0
  0
LINE
  5
94B
330
1A
100
AcDbEntity
  8
BLACK
  6
CONTINUOUS
100
AcDbLine
 10
2.8912965354330709
 20
0.8897564566929134
 30
0
 11
2.8914687007874016
 21
0.8901721653543306
 31
0
  0
LINE
  5
94C
330
1A
100
AcDbEntity
  8
BLACK
  6
CONTINUOUS
100
AcDbLine
 10
2.8914687007874016
 20
0.8901721653543306
 30
0
 11
2.891884409448819
 21
0.8911757086614173
 31
0
  0
LINE
  5
94D
330
1A
100
AcDbEntity
  8
BLACK
  6
CONTINUOUS
100
AcDbLine
 10
2.891884409448819
 20
0.8911757086614173
 30
0
 11
2.891884409448819
 21
0.8927118503937007
 31
0
  0
LINE
  5
94E
330
1A
100
AcDbEntity
  8
BLACK
  6
CONTINUOUS
100
AcDbLine
 10
2.891884409448819
 20
0.8927118503937007
 30
0
 11
2.891355866141732
 21
0.893987874015748
 31
0
  0
LINE
  5
94F
330
1A
100
AcDbEntity
  8
BLACK
  6
CONTINUOUS
100
AcDbLine
 10
2.891355866141732
 20
0.893987874015748
 30
0
 11
2.8912965748031496
 21
0.894131062992126
 31
0
  0
LINE
  5
950
330
1A
100
AcDbEntity
  8
BLACK
  6
CONTINUOUS
100
AcDbLine
 10
2.8912965748031496
 20
0.894131062992126
 30
0
 11
2.8908069291338583
 21
0.8947276377952755
 31
0
  0
LINE
  5
951
330
1A
100
AcDbEntity
  8
BLACK
  6
CONTINUOUS
100
AcDbLine
 10
2.8908069291338583
 20
0.8947276377952755
 30
0
 11
2.8879948031496063
 21
0.8975398031496062
 31
0
  0
LINE
  5
952
330
1A
100
AcDbEntity
  8
BLACK
  6
CONTINUOUS
100
AcDbLine
 10
2.8879948031496063
 20
0.8975398031496062
 30
0
 11
2.8873982283464565
 21
0.8980294488188976
 31
0
  0
LINE
  5
953
330
1A
100
AcDbEntity
  8
BLACK
  6
CONTINUOUS
100
AcDbLine
 10
2.8873982283464565
 20
0.8980294488188976
 30
0
 11
2.8868103543307084
 21
0.8982729527559055
 31
0
  0
LINE
  5
954
330
1A
100
AcDbEntity
  8
BLACK
  6
CONTINUOUS
100
AcDbLine
 10
2.8868103543307084
 20
0.8982729527559055
 30
0
 11
2.8859789763779529
 21
0.8986173228346457
 31
0
  0
LINE
  5
955
330
1A
100
AcDbEntity
  8
BLACK
  6
CONTINUOUS
100
AcDbLine
 10
2.8859789763779529
 20
0.8986173228346457
 30
0
 11
2.8844428346456694
 21
0.8986173228346457
 31
0
  0
LINE
  5
956
330
1A
100
AcDbEntity
  8
BLACK
  6
CONTINUOUS
100
AcDbLine
 10
2.8844428346456694
 20
0.8986173228346457
 30
0
 11
2.8840271653543308
 21
0.8984451574803149
 31
0
  0
LINE
  5
957
330
1A
100
AcDbEntity
  8
BLACK
  6
CONTINUOUS
100
AcDbLine
 10
2.9013157086614174
 20
0.895805157480315
 30
0
 11
2.899896496062992
 21
0.8952172834645669
 31
0
  0
LINE
  5
958
330
1A
100
AcDbEntity
  8
BLACK
  6
CONTINUOUS
100
AcDbLine
 10
2.899896496062992
 20
0.8952172834645669
 30
0
 11
2.8988102755905509
 21
0.894131062992126
 31
0
  0
LINE
  5
959
330
1A
100
AcDbEntity
  8
BLACK
  6
CONTINUOUS
100
AcDbLine
 10
2.8988102755905509
 20
0.894131062992126
 30
0
 11
2.8982224015748033
 21
0.8927118503937007
 31
0
  0
LINE
  5
95A
330
1A
100
AcDbEntity
  8
BLACK
  6
CONTINUOUS
100
AcDbLine
 10
2.8982224015748033
 20
0.8927118503937007
 30
0
 11
2.8982224015748033
 21
0.8911757086614173
 31
0
  0
LINE
  5
95B
330
1A
100
AcDbEntity
  8
BLACK
  6
CONTINUOUS
100
AcDbLine
 10
2.8982224015748033
 20
0.8911757086614173
 30
0
 11
2.8988102755905509
 21
0.8897564960629921
 31
0
  0
LINE
  5
95C
330
1A
100
AcDbEntity
  8
BLACK
  6
CONTINUOUS
100
AcDbLine
 10
2.8988102755905509
 20
0.8897564960629921
 30
0
 11
2.8998964566929133
 21
0.8886703149606299
 31
0
  0
LINE
  5
95D
330
1A
100
AcDbEntity
  8
BLACK
  6
CONTINUOUS
100
AcDbLine
 10
2.8998964566929133
 20
0.8886703149606299
 30
0
 11
2.899896496062992
 21
0.8886702755905511
 31
0
  0
LINE
  5
95E
330
1A
100
AcDbEntity
  8
BLACK
  6
CONTINUOUS
100
AcDbLine
 10
2.899896496062992
 20
0.8886702755905511
 30
0
 11
2.9013157086614174
 21
0.8880824015748031
 31
0
  0
LINE
  5
95F
330
1A
100
AcDbEntity
  8
BLACK
  6
CONTINUOUS
100
AcDbLine
 10
2.9013157086614174
 20
0.8880824015748031
 30
0
 11
2.9020837795275591
 21
0.8880067716535432
 31
0
  0
LINE
  5
960
330
1A
100
AcDbEntity
  8
BLACK
  6
CONTINUOUS
100
AcDbLine
 10
2.9020837795275591
 20
0.8880067716535432
 30
0
 11
2.9020838188976379
 21
0.8880067716535432
 31
0
  0
LINE
  5
961
330
1A
100
AcDbEntity
  8
BLACK
  6
CONTINUOUS
100
AcDbLine
 10
2.9020838188976379
 20
0.8880067716535432
 30
0
 11
2.9414538188976378
 21
0.8880067716535432
 31
0
  0
LINE
  5
962
330
1A
100
AcDbEntity
  8
BLACK
  6
CONTINUOUS
100
AcDbLine
 10
2.9414538188976378
 20
0.8880067716535432
 30
0
 11
2.9414538582677165
 21
0.8880067716535432
 31
0
  0
LINE
  5
963
330
1A
100
AcDbEntity
  8
BLACK
  6
CONTINUOUS
100
AcDbLine
 10
2.9414538582677165
 20
0.8880067716535432
 30
0
 11
2.9422219291338583
 21
0.8880824015748031
 31
0
  0
LINE
  5
964
330
1A
100
AcDbEntity
  8
BLACK
  6
CONTINUOUS
100
AcDbLine
 10
2.9422219291338583
 20
0.8880824015748031
 30
0
 11
2.9436411417322832
 21
0.8886702755905511
 31
0
  0
LINE
  5
965
330
1A
100
AcDbEntity
  8
BLACK
  6
CONTINUOUS
100
AcDbLine
 10
2.9436411417322832
 20
0.8886702755905511
 30
0
 11
2.9447273622047243
 21
0.8897564960629921
 31
0
  0
LINE
  5
966
330
1A
100
AcDbEntity
  8
BLACK
  6
CONTINUOUS
100
AcDbLine
 10
2.9447273622047243
 20
0.8897564960629921
 30
0
 11
2.9453152362204724
 21
0.8911757086614173
 31
0
  0
LINE
  5
967
330
1A
100
AcDbEntity
  8
BLACK
  6
CONTINUOUS
100
AcDbLine
 10
2.9453152362204724
 20
0.8911757086614173
 30
0
 11
2.9453152362204724
 21
0.8927118503937007
 31
0
  0
LINE
  5
968
330
1A
100
AcDbEntity
  8
BLACK
  6
CONTINUOUS
100
AcDbLine
 10
2.9453152362204724
 20
0.8927118503937007
 30
0
 11
2.9447273622047243
 21
0.894131062992126
 31
0
  0
LINE
  5
969
330
1A
100
AcDbEntity
  8
BLACK
  6
CONTINUOUS
100
AcDbLine
 10
2.9447273622047243
 20
0.894131062992126
 30
0
 11
2.9447273228346456
 21
0.8941311023622047
 31
0
  0
LINE
  5
96A
330
1A
100
AcDbEntity
  8
BLACK
  6
CONTINUOUS
100
AcDbLine
 10
2.9447273228346456
 20
0.8941311023622047
 30
0
 11
2.9436411417322832
 21
0.8952172834645669
 31
0
  0
LINE
  5
96B
330
1A
100
AcDbEntity
  8
BLACK
  6
CONTINUOUS
100
AcDbLine
 10
2.9436411417322832
 20
0.8952172834645669
 30
0
 11
2.9422219291338583
 21
0.895805157480315
 31
0
  0
LINE
  5
96C
330
1A
100
AcDbEntity
  8
BLACK
  6
CONTINUOUS
100
AcDbLine
 10
2.9422219291338583
 20
0.895805157480315
 30
0
 11
2.9414538582677165
 21
0.8958807874015747
 31
0
  0
LINE
  5
96D
330
1A
100
AcDbEntity
  8
BLACK
  6
CONTINUOUS
100
AcDbLine
 10
2.9414538582677165
 20
0.8958807874015747
 30
0
 11
2.9020837795275591
 21
0.8958807874015747
 31
0
  0
LINE
  5
96E
330
1A
100
AcDbEntity
  8
BLACK
  6
CONTINUOUS
100
AcDbLine
 10
2.9020837795275591
 20
0.8958807874015747
 30
0
 11
2.9013157086614174
 21
0.895805157480315
 31
0
  0
LINE
  5
96F
330
1A
100
AcDbEntity
  8
BLACK
  6
CONTINUOUS
100
AcDbLine
 10
1.845484251968504
 20
0.9851040157480315
 30
0
 11
1.845484251968504
 21
0.9788959842519684
 31
0
  0
LINE
  5
970
330
1A
100
AcDbEntity
  8
BLACK
  6
CONTINUOUS
100
AcDbLine
 10
1.845484251968504
 20
0.9788959842519684
 30
0
 11
1.8466953937007873
 21
0.9728072047244094
 31
0
  0
LINE
  5
971
330
1A
100
AcDbEntity
  8
BLACK
  6
CONTINUOUS
100
AcDbLine
 10
1.8466953937007873
 20
0.9728072047244094
 30
0
 11
1.8490711023622046
 21
0.9670716929133858
 31
0
  0
LINE
  5
972
330
1A
100
AcDbEntity
  8
BLACK
  6
CONTINUOUS
100
AcDbLine
 10
1.8490711023622046
 20
0.9670716929133858
 30
0
 11
1.8525201181102362
 21
0.9619098818897638
 31
0
  0
LINE
  5
973
330
1A
100
AcDbEntity
  8
BLACK
  6
CONTINUOUS
100
AcDbLine
 10
1.8525201181102362
 20
0.9619098818897638
 30
0
 11
1.8569098818897638
 21
0.9575201181102362
 31
0
  0
LINE
  5
974
330
1A
100
AcDbEntity
  8
BLACK
  6
CONTINUOUS
100
AcDbLine
 10
1.8569098818897638
 20
0.9575201181102362
 30
0
 11
1.8620716929133858
 21
0.9540711023622047
 31
0
  0
LINE
  5
975
330
1A
100
AcDbEntity
  8
BLACK
  6
CONTINUOUS
100
AcDbLine
 10
1.8620716929133858
 20
0.9540711023622047
 30
0
 11
1.8678072047244094
 21
0.9516953937007874
 31
0
  0
LINE
  5
976
330
1A
100
AcDbEntity
  8
BLACK
  6
CONTINUOUS
100
AcDbLine
 10
1.8678072047244094
 20
0.9516953937007874
 30
0
 11
1.8738959842519685
 21
0.9504842519685039
 31
0
  0
LINE
  5
977
330
1A
100
AcDbEntity
  8
BLACK
  6
CONTINUOUS
100
AcDbLine
 10
1.8738959842519685
 20
0.9504842519685039
 30
0
 11
1.8738960236220472
 21
0.9504842519685039
 31
0
  0
LINE
  5
978
330
1A
100
AcDbEntity
  8
BLACK
  6
CONTINUOUS
100
AcDbLine
 10
1.8738960236220472
 20
0.9504842519685039
 30
0
 11
1.8801039763779528
 21
0.9504842519685039
 31
0
  0
LINE
  5
979
330
1A
100
AcDbEntity
  8
BLACK
  6
CONTINUOUS
100
AcDbLine
 10
1.8801039763779528
 20
0.9504842519685039
 30
0
 11
1.8801040157480315
 21
0.9504842519685039
 31
0
  0
LINE
  5
97A
330
1A
100
AcDbEntity
  8
BLACK
  6
CONTINUOUS
100
AcDbLine
 10
1.8801040157480315
 20
0.9504842519685039
 30
0
 11
1.8861927952755906
 21
0.9516953937007874
 31
0
  0
LINE
  5
97B
330
1A
100
AcDbEntity
  8
BLACK
  6
CONTINUOUS
100
AcDbLine
 10
1.8861927952755906
 20
0.9516953937007874
 30
0
 11
1.8919283070866142
 21
0.9540711023622047
 31
0
  0
LINE
  5
97C
330
1A
100
AcDbEntity
  8
BLACK
  6
CONTINUOUS
100
AcDbLine
 10
1.8919283070866142
 20
0.9540711023622047
 30
0
 11
1.8970901181102362
 21
0.9575201181102362
 31
0
  0
LINE
  5
97D
330
1A
100
AcDbEntity
  8
BLACK
  6
CONTINUOUS
100
AcDbLine
 10
1.8970901181102362
 20
0.9575201181102362
 30
0
 11
1.9014798818897638
 21
0.9619098818897638
 31
0
  0
LINE
  5
97E
330
1A
100
AcDbEntity
  8
BLACK
  6
CONTINUOUS
100
AcDbLine
 10
1.9014798818897638
 20
0.9619098818897638
 30
0
 11
1.9049288976377952
 21
0.9670716929133858
 31
0
  0
LINE
  5
97F
330
1A
100
AcDbEntity
  8
BLACK
  6
CONTINUOUS
100
AcDbLine
 10
1.9049288976377952
 20
0.9670716929133858
 30
0
 11
1.9072771653543306
 21
0.9727410629921259
 31
0
  0
LINE
  5
980
330
1A
100
AcDbEntity
  8
BLACK
  6
CONTINUOUS
100
AcDbLine
 10
1.9072771653543306
 20
0.9727410629921259
 30
0
 11
1.9083523228346457
 21
0.9743501574803149
 31
0
  0
LINE
  5
981
330
1A
100
AcDbEntity
  8
BLACK
  6
CONTINUOUS
100
AcDbLine
 10
1.9083523228346457
 20
0.9743501574803149
 30
0
 11
1.939970590551181
 21
1.0059683464566929
 31
0
  0
LINE
  5
982
330
1A
100
AcDbEntity
  8
BLACK
  6
CONTINUOUS
100
AcDbLine
 10
1.939970590551181
 20
1.0059683464566929
 30
0
 11
1.9424238188976377
 21
1.0073079133858267
 31
0
  0
LINE
  5
983
330
1A
100
AcDbEntity
  8
BLACK
  6
CONTINUOUS
100
AcDbLine
 10
1.9424238188976377
 20
1.0073079133858267
 30
0
 11
1.9434782677165354
 21
1.0074212598425196
 31
0
  0
LINE
  5
984
330
1A
100
AcDbEntity
  8
BLACK
  6
CONTINUOUS
100
AcDbLine
 10
1.9434782677165354
 20
1.0074212598425196
 30
0
 11
1.9907412992125983
 21
1.0074212598425196
 31
0
  0
LINE
  5
985
330
1A
100
AcDbEntity
  8
BLACK
  6
CONTINUOUS
100
AcDbLine
 10
1.9907412992125983
 20
1.0074212598425196
 30
0
 11
1.9934232283464566
 21
1.0066337795275591
 31
0
  0
LINE
  5
986
330
1A
100
AcDbEntity
  8
BLACK
  6
CONTINUOUS
100
AcDbLine
 10
1.9934232283464566
 20
1.0066337795275591
 30
0
 11
1.9952536614173229
 21
1.0045213385826772
 31
0
  0
LINE
  5
987
330
1A
100
AcDbEntity
  8
BLACK
  6
CONTINUOUS
100
AcDbLine
 10
1.9952536614173229
 20
1.0045213385826772
 30
0
 11
1.9953243307086614
 21
1.0043589763779528
 31
0
  0
LINE
  5
988
330
1A
100
AcDbEntity
  8
BLACK
  6
CONTINUOUS
100
AcDbLine
 10
1.9953243307086614
 20
1.0043589763779528
 30
0
 11
1.9964136220472442
 21
1.0017291732283464
 31
0
  0
LINE
  5
989
330
1A
100
AcDbEntity
  8
BLACK
  6
CONTINUOUS
100
AcDbLine
 10
1.9964136220472442
 20
1.0017291732283464
 30
0
 11
1.9998626377952755
 21
0.9965673622047244
 31
0
  0
LINE
  5
98A
330
1A
100
AcDbEntity
  8
BLACK
  6
CONTINUOUS
100
AcDbLine
 10
1.9998626377952755
 20
0.9965673622047244
 30
0
 11
2.0042524015748029
 21
0.9921775984251968
 31
0
  0
LINE
  5
98B
330
1A
100
AcDbEntity
  8
BLACK
  6
CONTINUOUS
100
AcDbLine
 10
2.0042524015748029
 20
0.9921775984251968
 30
0
 11
2.0094142125984251
 21
0.9887285826771653
 31
0
  0
LINE
  5
98C
330
1A
100
AcDbEntity
  8
BLACK
  6
CONTINUOUS
100
AcDbLine
 10
2.0094142125984251
 20
0.9887285826771653
 30
0
 11
2.0150834645669291
 21
0.9863803149606299
 31
0
  0
LINE
  5
98D
330
1A
100
AcDbEntity
  8
BLACK
  6
CONTINUOUS
100
AcDbLine
 10
2.0150834645669291
 20
0.9863803149606299
 30
0
 11
2.0166927559055119
 21
0.985305
 31
0
  0
LINE
  5
98E
330
1A
100
AcDbEntity
  8
BLACK
  6
CONTINUOUS
100
AcDbLine
 10
2.0166927559055119
 20
0.985305
 30
0
 11
2.103647440944882
 21
0.8983503149606299
 31
0
  0
LINE
  5
98F
330
1A
100
AcDbEntity
  8
BLACK
  6
CONTINUOUS
100
AcDbLine
 10
2.103647440944882
 20
0.8983503149606299
 30
0
 11
2.1047227952755905
 21
0.8967409842519685
 31
0
  0
LINE
  5
990
330
1A
100
AcDbEntity
  8
BLACK
  6
CONTINUOUS
100
AcDbLine
 10
2.1047227952755905
 20
0.8967409842519685
 30
0
 11
2.1061273228346455
 21
0.893350157480315
 31
0
  0
LINE
  5
991
330
1A
100
AcDbEntity
  8
BLACK
  6
CONTINUOUS
100
AcDbLine
 10
2.1061273228346455
 20
0.893350157480315
 30
0
 11
2.1070711023622049
 21
0.8910716929133858
 31
0
  0
LINE
  5
992
330
1A
100
AcDbEntity
  8
BLACK
  6
CONTINUOUS
100
AcDbLine
 10
2.1070711023622049
 20
0.8910716929133858
 30
0
 11
2.110520118110236
 21
0.8859098818897637
 31
0
  0
LINE
  5
993
330
1A
100
AcDbEntity
  8
BLACK
  6
CONTINUOUS
100
AcDbLine
 10
2.110520118110236
 20
0.8859098818897637
 30
0
 11
2.1149098818897638
 21
0.8815201181102362
 31
0
  0
LINE
  5
994
330
1A
100
AcDbEntity
  8
BLACK
  6
CONTINUOUS
100
AcDbLine
 10
2.1149098818897638
 20
0.8815201181102362
 30
0
 11
2.1200716929133856
 21
0.8780711023622048
 31
0
  0
LINE
  5
995
330
1A
100
AcDbEntity
  8
BLACK
  6
CONTINUOUS
100
AcDbLine
 10
2.1200716929133856
 20
0.8780711023622048
 30
0
 11
2.1258072047244094
 21
0.8756953937007874
 31
0
  0
LINE
  5
996
330
1A
100
AcDbEntity
  8
BLACK
  6
CONTINUOUS
100
AcDbLine
 10
2.1258072047244094
 20
0.8756953937007874
 30
0
 11
2.1318959842519685
 21
0.8744842519685039
 31
0
  0
LINE
  5
997
330
1A
100
AcDbEntity
  8
BLACK
  6
CONTINUOUS
100
AcDbLine
 10
2.1318959842519685
 20
0.8744842519685039
 30
0
 11
2.1318960236220472
 21
0.8744842519685039
 31
0
  0
LINE
  5
998
330
1A
100
AcDbEntity
  8
BLACK
  6
CONTINUOUS
100
AcDbLine
 10
2.1318960236220472
 20
0.8744842519685039
 30
0
 11
2.1381039763779528
 21
0.8744842519685039
 31
0
  0
LINE
  5
999
330
1A
100
AcDbEntity
  8
BLACK
  6
CONTINUOUS
100
AcDbLine
 10
2.1381039763779528
 20
0.8744842519685039
 30
0
 11
2.1381040157480316
 21
0.8744842519685039
 31
0
  0
LINE
  5
99A
330
1A
100
AcDbEntity
  8
BLACK
  6
CONTINUOUS
100
AcDbLine
 10
2.1381040157480316
 20
0.8744842519685039
 30
0
 11
2.1441927952755906
 21
0.8756953937007874
 31
0
  0
LINE
  5
99B
330
1A
100
AcDbEntity
  8
BLACK
  6
CONTINUOUS
100
AcDbLine
 10
2.1441927952755906
 20
0.8756953937007874
 30
0
 11
2.149928307086614
 21
0.8780711023622048
 31
0
  0
LINE
  5
99C
330
1A
100
AcDbEntity
  8
BLACK
  6
CONTINUOUS
100
AcDbLine
 10
2.149928307086614
 20
0.8780711023622048
 30
0
 11
2.1550901181102362
 21
0.8815201181102362
 31
0
  0
LINE
  5
99D
330
1A
100
AcDbEntity
  8
BLACK
  6
CONTINUOUS
100
AcDbLine
 10
2.1550901181102362
 20
0.8815201181102362
 30
0
 11
2.1594798818897636
 21
0.8859098818897637
 31
0
  0
LINE
  5
99E
330
1A
100
AcDbEntity
  8
BLACK
  6
CONTINUOUS
100
AcDbLine
 10
2.1594798818897636
 20
0.8859098818897637
 30
0
 11
2.1629288976377952
 21
0.8910716929133858
 31
0
  0
LINE
  5
99F
330
1A
100
AcDbEntity
  8
BLACK
  6
CONTINUOUS
100
AcDbLine
 10
2.1629288976377952
 20
0.8910716929133858
 30
0
 11
2.1653046062992125
 21
0.8968072047244094
 31
0
  0
LINE
  5
9A0
330
1A
100
AcDbEntity
  8
BLACK
  6
CONTINUOUS
100
AcDbLine
 10
2.1653046062992125
 20
0.8968072047244094
 30
0
 11
2.1665157480314958
 21
0.9028959842519685
 31
0
  0
LINE
  5
9A1
330
1A
100
AcDbEntity
  8
BLACK
  6
CONTINUOUS
100
AcDbLine
 10
2.1665157480314958
 20
0.9028959842519685
 30
0
 11
2.1665157480314958
 21
0.9091040157480315
 31
0
  0
LINE
  5
9A2
330
1A
100
AcDbEntity
  8
BLACK
  6
CONTINUOUS
100
AcDbLine
 10
2.1665157480314958
 20
0.9091040157480315
 30
0
 11
2.1653046062992125
 21
0.9151927952755905
 31
0
  0
LINE
  5
9A3
330
1A
100
AcDbEntity
  8
BLACK
  6
CONTINUOUS
100
AcDbLine
 10
2.1653046062992125
 20
0.9151927952755905
 30
0
 11
2.1646422440944884
 21
0.9167919291338582
 31
0
  0
LINE
  5
9A4
330
1A
100
AcDbEntity
  8
BLACK
  6
CONTINUOUS
100
AcDbLine
 10
2.1646422440944884
 20
0.9167919291338582
 30
0
 11
2.1639027952755905
 21
0.9185771259842519
 31
0
  0
LINE
  5
9A5
330
1A
100
AcDbEntity
  8
BLACK
  6
CONTINUOUS
100
AcDbLine
 10
2.1639027952755905
 20
0.9185771259842519
 30
0
 11
2.1636044881889762
 21
0.9192972440944882
 31
0
  0
LINE
  5
9A6
330
1A
100
AcDbEntity
  8
BLACK
  6
CONTINUOUS
100
AcDbLine
 10
2.1636044881889762
 20
0.9192972440944882
 30
0
 11
2.1631972047244092
 21
0.9202805511811023
 31
0
  0
LINE
  5
9A7
330
1A
100
AcDbEntity
  8
BLACK
  6
CONTINUOUS
100
AcDbLine
 10
2.1631972047244092
 20
0.9202805511811023
 30
0
 11
2.1629288976377952
 21
0.9209283070866141
 31
0
  0
LINE
  5
9A8
330
1A
100
AcDbEntity
  8
BLACK
  6
CONTINUOUS
100
AcDbLine
 10
2.1629288976377952
 20
0.9209283070866141
 30
0
 11
2.1594798818897636
 21
0.9260901181102362
 31
0
  0
LINE
  5
9A9
330
1A
100
AcDbEntity
  8
BLACK
  6
CONTINUOUS
100
AcDbLine
 10
2.1594798818897636
 20
0.9260901181102362
 30
0
 11
2.1550901181102362
 21
0.9304798818897637
 31
0
  0
LINE
  5
9AA
330
1A
100
AcDbEntity
  8
BLACK
  6
CONTINUOUS
100
AcDbLine
 10
2.1550901181102362
 20
0.9304798818897637
 30
0
 11
2.149928307086614
 21
0.9339288976377953
 31
0
  0
LINE
  5
9AB
330
1A
100
AcDbEntity
  8
BLACK
  6
CONTINUOUS
100
AcDbLine
 10
2.149928307086614
 20
0.9339288976377953
 30
0
 11
2.147433188976378
 21
0.9349624015748031
 31
0
  0
LINE
  5
9AC
330
1A
100
AcDbEntity
  8
BLACK
  6
CONTINUOUS
100
AcDbLine
 10
2.147433188976378
 20
0.9349624015748031
 30
0
 11
2.1442590157480312
 21
0.9362772047244095
 31
0
  0
LINE
  5
9AD
330
1A
100
AcDbEntity
  8
BLACK
  6
CONTINUOUS
100
AcDbLine
 10
2.1442590157480312
 20
0.9362772047244095
 30
0
 11
2.1426496850393701
 21
0.9373525590551181
 31
0
  0
LINE
  5
9AE
330
1A
100
AcDbEntity
  8
BLACK
  6
CONTINUOUS
100
AcDbLine
 10
2.1426496850393701
 20
0.9373525590551181
 30
0
 11
2.0556950000000001
 21
1.0243072440944883
 31
0
  0
LINE
  5
9AF
330
1A
100
AcDbEntity
  8
BLACK
  6
CONTINUOUS
100
AcDbLine
 10
2.0556950000000001
 20
1.0243072440944883
 30
0
 11
2.0546196456692911
 21
1.0259165748031496
 31
0
  0
LINE
  5
9B0
330
1A
100
AcDbEntity
  8
BLACK
  6
CONTINUOUS
100
AcDbLine
 10
2.0546196456692911
 20
1.0259165748031496
 30
0
 11
2.0542964960629919
 21
1.0266967322834646
 31
0
  0
LINE
  5
9B1
330
1A
100
AcDbEntity
  8
BLACK
  6
CONTINUOUS
100
AcDbLine
 10
2.0542964960629919
 20
1.0266967322834646
 30
0
 11
2.0522714173228347
 21
1.0315857874015748
 31
0
  0
LINE
  5
9B2
330
1A
100
AcDbEntity
  8
BLACK
  6
CONTINUOUS
100
AcDbLine
 10
2.0522714173228347
 20
1.0315857874015748
 30
0
 11
2.0488224015748031
 21
1.0367475984251968
 31
0
  0
LINE
  5
9B3
330
1A
100
AcDbEntity
  8
BLACK
  6
CONTINUOUS
100
AcDbLine
 10
2.0488224015748031
 20
1.0367475984251968
 30
0
 11
2.0444326377952757
 21
1.0411373622047244
 31
0
  0
LINE
  5
9B4
330
1A
100
AcDbEntity
  8
BLACK
  6
CONTINUOUS
100
AcDbLine
 10
2.0444326377952757
 20
1.0411373622047244
 30
0
 11
2.0392708267716535
 21
1.0445863779527558
 31
0
  0
LINE
  5
9B5
330
1A
100
AcDbEntity
  8
BLACK
  6
CONTINUOUS
100
AcDbLine
 10
2.0392708267716535
 20
1.0445863779527558
 30
0
 11
2.0364172834645671
 21
1.0457683464566929
 31
0
  0
LINE
  5
9B6
330
1A
100
AcDbEntity
  8
BLACK
  6
CONTINUOUS
100
AcDbLine
 10
2.0364172834645671
 20
1.0457683464566929
 30
0
 11
2.0336015354330708
 21
1.0469346850393701
 31
0
  0
LINE
  5
9B7
330
1A
100
AcDbEntity
  8
BLACK
  6
CONTINUOUS
100
AcDbLine
 10
2.0336015354330708
 20
1.0469346850393701
 30
0
 11
2.0319922047244092
 21
1.0480100393700786
 31
0
  0
LINE
  5
9B8
330
1A
100
AcDbEntity
  8
BLACK
  6
CONTINUOUS
100
AcDbLine
 10
2.0319922047244092
 20
1.0480100393700786
 30
0
 11
2.0235805905511812
 21
1.0564216535433071
 31
0
  0
LINE
  5
9B9
330
1A
100
AcDbEntity
  8
BLACK
  6
CONTINUOUS
100
AcDbLine
 10
2.0235805905511812
 20
1.0564216535433071
 30
0
 11
2.0235804330708662
 21
1.0564218110236221
 31
0
  0
LINE
  5
9BA
330
1A
100
AcDbEntity
  8
BLACK
  6
CONTINUOUS
100
AcDbLine
 10
2.0235804330708662
 20
1.0564218110236221
 30
0
 11
2.0190634251968502
 21
1.0594399606299212
 31
0
  0
LINE
  5
9BB
330
1A
100
AcDbEntity
  8
BLACK
  6
CONTINUOUS
100
AcDbLine
 10
2.0190634251968502
 20
1.0594399606299212
 30
0
 11
2.0145330708661415
 21
1.0613164960629922
 31
0
  0
LINE
  5
9BC
330
1A
100
AcDbEntity
  8
BLACK
  6
CONTINUOUS
100
AcDbLine
 10
2.0145330708661415
 20
1.0613164960629922
 30
0
 11
2.0140445275590553
 21
1.0615188582677164
 31
0
  0
LINE
  5
9BD
330
1A
100
AcDbEntity
  8
BLACK
  6
CONTINUOUS
100
AcDbLine
 10
2.0140445275590553
 20
1.0615188582677164
 30
0
 11
2.014044409448819
 21
1.0615188976377952
 31
0
  0
LINE
  5
9BE
330
1A
100
AcDbEntity
  8
BLACK
  6
CONTINUOUS
100
AcDbLine
 10
2.014044409448819
 20
1.0615188976377952
 30
0
 11
2.0087164173228347
 21
1.0625787401574802
 31
0
  0
LINE
  5
9BF
330
1A
100
AcDbEntity
  8
BLACK
  6
CONTINUOUS
100
AcDbLine
 10
2.0087164173228347
 20
1.0625787401574802
 30
0
 11
2.0087162992125984
 21
1.0625787401574802
 31
0
  0
LINE
  5
9C0
330
1A
100
AcDbEntity
  8
BLACK
  6
CONTINUOUS
100
AcDbLine
 10
2.0087162992125984
 20
1.0625787401574802
 30
0
 11
2.0087162598425197
 21
1.0625787401574802
 31
0
  0
LINE
  5
9C1
330
1A
100
AcDbEntity
  8
BLACK
  6
CONTINUOUS
100
AcDbLine
 10
2.0087162598425197
 20
1.0625787401574802
 30
0
 11
2.0075393700787401
 21
1.0625787401574802
 31
0
  0
LINE
  5
9C2
330
1A
100
AcDbEntity
  8
BLACK
  6
CONTINUOUS
100
AcDbLine
 10
2.0075393700787401
 20
1.0625787401574802
 30
0
 11
2.0048574409448818
 21
1.063366220472441
 31
0
  0
LINE
  5
9C3
330
1A
100
AcDbEntity
  8
BLACK
  6
CONTINUOUS
100
AcDbLine
 10
2.0048574409448818
 20
1.063366220472441
 30
0
 11
2.0030270078740156
 21
1.0654786614173228
 31
0
  0
LINE
  5
9C4
330
1A
100
AcDbEntity
  8
BLACK
  6
CONTINUOUS
100
AcDbLine
 10
2.0030270078740156
 20
1.0654786614173228
 30
0
 11
2.0025787401574804
 21
1.0675393700787401
 31
0
  0
LINE
  5
9C5
330
1A
100
AcDbEntity
  8
BLACK
  6
CONTINUOUS
100
AcDbLine
 10
2.0025787401574804
 20
1.0675393700787401
 30
0
 11
2.0025787401574804
 21
1.1171309448818898
 31
0
  0
LINE
  5
9C6
330
1A
100
AcDbEntity
  8
BLACK
  6
CONTINUOUS
100
AcDbLine
 10
2.0025787401574804
 20
1.1171309448818898
 30
0
 11
2.0025787401574804
 21
1.1842396062992127
 31
0
  0
LINE
  5
9C7
330
1A
100
AcDbEntity
  8
BLACK
  6
CONTINUOUS
100
AcDbLine
 10
2.0025787401574804
 20
1.1842396062992127
 30
0
 11
2.0029563385826772
 21
1.1861379527559055
 31
0
  0
LINE
  5
9C8
330
1A
100
AcDbEntity
  8
BLACK
  6
CONTINUOUS
100
AcDbLine
 10
2.0029563385826772
 20
1.1861379527559055
 30
0
 11
2.0040152362204724
 21
1.1886943700787402
 31
0
  0
LINE
  5
9C9
330
1A
100
AcDbEntity
  8
BLACK
  6
CONTINUOUS
100
AcDbLine
 10
2.0040152362204724
 20
1.1886943700787402
 30
0
 11
2.0053046062992124
 21
1.1918072047244095
 31
0
  0
LINE
  5
9CA
330
1A
100
AcDbEntity
  8
BLACK
  6
CONTINUOUS
100
AcDbLine
 10
2.0053046062992124
 20
1.1918072047244095
 30
0
 11
2.0065157480314961
 21
1.1978959842519685
 31
0
  0
LINE
  5
9CB
330
1A
100
AcDbEntity
  8
BLACK
  6
CONTINUOUS
100
AcDbLine
 10
2.0065157480314961
 20
1.1978959842519685
 30
0
 11
2.0065157480314961
 21
1.2041040157480314
 31
0
  0
LINE
  5
9CC
330
1A
100
AcDbEntity
  8
BLACK
  6
CONTINUOUS
100
AcDbLine
 10
2.0065157480314961
 20
1.2041040157480314
 30
0
 11
2.0053046062992124
 21
1.2101927952755904
 31
0
  0
LINE
  5
9CD
330
1A
100
AcDbEntity
  8
BLACK
  6
CONTINUOUS
100
AcDbLine
 10
2.0053046062992124
 20
1.2101927952755904
 30
0
 11
2.002928897637795
 21
1.215928307086614
 31
0
  0
LINE
  5
9CE
330
1A
100
AcDbEntity
  8
BLACK
  6
CONTINUOUS
100
AcDbLine
 10
2.002928897637795
 20
1.215928307086614
 30
0
 11
1.9994798818897637
 21
1.2210901181102363
 31
0
  0
LINE
  5
9CF
330
1A
100
AcDbEntity
  8
BLACK
  6
CONTINUOUS
100
AcDbLine
 10
1.9994798818897637
 20
1.2210901181102363
 30
0
 11
1.9950901181102361
 21
1.2254798818897636
 31
0
  0
LINE
  5
9D0
330
1A
100
AcDbEntity
  8
BLACK
  6
CONTINUOUS
100
AcDbLine
 10
1.9950901181102361
 20
1.2254798818897636
 30
0
 11
1.9899283070866141
 21
1.2289288976377952
 31
0
  0
LINE
  5
9D1
330
1A
100
AcDbEntity
  8
BLACK
  6
CONTINUOUS
100
AcDbLine
 10
1.9899283070866141
 20
1.2289288976377952
 30
0
 11
1.9841927952755904
 21
1.2313046062992126
 31
0
  0
LINE
  5
9D2
330
1A
100
AcDbEntity
  8
BLACK
  6
CONTINUOUS
100
AcDbLine
 10
1.9841927952755904
 20
1.2313046062992126
 30
0
 11
1.9781040944881889
 21
1.2325157480314961
 31
0
  0
LINE
  5
9D3
330
1A
100
AcDbEntity
  8
BLACK
  6
CONTINUOUS
100
AcDbLine
 10
1.9781040944881889
 20
1.2325157480314961
 30
0
 11
1.9781040157480314
 21
1.2325157480314961
 31
0
  0
LINE
  5
9D4
330
1A
100
AcDbEntity
  8
BLACK
  6
CONTINUOUS
100
AcDbLine
 10
1.9781040157480314
 20
1.2325157480314961
 30
0
 11
1.9718959842519685
 21
1.2325157480314961
 31
0
  0
LINE
  5
9D5
330
1A
100
AcDbEntity
  8
BLACK
  6
CONTINUOUS
100
AcDbLine
 10
1.9718959842519685
 20
1.2325157480314961
 30
0
 11
1.9718958661417323
 21
1.2325157480314961
 31
0
  0
LINE
  5
9D6
330
1A
100
AcDbEntity
  8
BLACK
  6
CONTINUOUS
100
AcDbLine
 10
1.9718958661417323
 20
1.2325157480314961
 30
0
 11
1.9658071653543308
 21
1.2313046062992126
 31
0
  0
LINE
  5
9D7
330
1A
100
AcDbEntity
  8
BLACK
  6
CONTINUOUS
100
AcDbLine
 10
1.9658071653543308
 20
1.2313046062992126
 30
0
 11
1.965806968503937
 21
1.2313045275590551
 31
0
  0
LINE
  5
9D8
330
1A
100
AcDbEntity
  8
BLACK
  6
CONTINUOUS
100
AcDbLine
 10
1.965806968503937
 20
1.2313045275590551
 30
0
 11
1.9600716535433071
 21
1.2289288976377952
 31
0
  0
LINE
  5
9D9
330
1A
100
AcDbEntity
  8
BLACK
  6
CONTINUOUS
100
AcDbLine
 10
1.9600716535433071
 20
1.2289288976377952
 30
0
 11
1.9549100393700787
 21
1.2254799999999999
 31
0
  0
LINE
  5
9DA
330
1A
100
AcDbEntity
  8
BLACK
  6
CONTINUOUS
100
AcDbLine
 10
1.9549100393700787
 20
1.2254799999999999
 30
0
 11
1.9549097637795274
 21
1.2254798031496064
 31
0
  0
LINE
  5
9DB
330
1A
100
AcDbEntity
  8
BLACK
  6
CONTINUOUS
100
AcDbLine
 10
1.9549097637795274
 20
1.2254798031496064
 30
0
 11
1.9505201968503936
 21
1.2210902362204723
 31
0
  0
LINE
  5
9DC
330
1A
100
AcDbEntity
  8
BLACK
  6
CONTINUOUS
100
AcDbLine
 10
1.9505201968503936
 20
1.2210902362204723
 30
0
 11
1.95052
 21
1.2210899606299213
 31
0
  0
LINE
  5
9DD
330
1A
100
AcDbEntity
  8
BLACK
  6
CONTINUOUS
100
AcDbLine
 10
1.95052
 20
1.2210899606299213
 30
0
 11
1.9470711023622047
 21
1.2159283464566928
 31
0
  0
LINE
  5
9DE
330
1A
100
AcDbEntity
  8
BLACK
  6
CONTINUOUS
100
AcDbLine
 10
1.9470711023622047
 20
1.2159283464566928
 30
0
 11
1.9446954724409449
 21
1.2101930314960629
 31
0
  0
LINE
  5
9DF
330
1A
100
AcDbEntity
  8
BLACK
  6
CONTINUOUS
100
AcDbLine
 10
1.9446954724409449
 20
1.2101930314960629
 30
0
 11
1.9446953937007874
 21
1.2101928346456692
 31
0
  0
LINE
  5
9E0
330
1A
100
AcDbEntity
  8
BLACK
  6
CONTINUOUS
100
AcDbLine
 10
1.9446953937007874
 20
1.2101928346456692
 30
0
 11
1.9434842519685038
 21
1.2041041338582676
 31
0
  0
LINE
  5
9E1
330
1A
100
AcDbEntity
  8
BLACK
  6
CONTINUOUS
100
AcDbLine
 10
1.9434842519685038
 20
1.2041041338582676
 30
0
 11
1.9434842519685038
 21
1.197895905511811
 31
0
  0
LINE
  5
9E2
330
1A
100
AcDbEntity
  8
BLACK
  6
CONTINUOUS
100
AcDbLine
 10
1.9434842519685038
 20
1.197895905511811
 30
0
 11
1.9446953937007874
 21
1.1918072047244095
 31
0
  0
LINE
  5
9E3
330
1A
100
AcDbEntity
  8
BLACK
  6
CONTINUOUS
100
AcDbLine
 10
1.9446953937007874
 20
1.1918072047244095
 30
0
 11
1.9446954724409449
 21
1.1918070078740157
 31
0
  0
LINE
  5
9E4
330
1A
100
AcDbEntity
  8
BLACK
  6
CONTINUOUS
100
AcDbLine
 10
1.9446954724409449
 20
1.1918070078740157
 30
0
 11
1.9470436614173228
 21
1.1861379527559055
 31
0
  0
LINE
  5
9E5
330
1A
100
AcDbEntity
  8
BLACK
  6
CONTINUOUS
100
AcDbLine
 10
1.9470436614173228
 20
1.1861379527559055
 30
0
 11
1.9474212598425196
 21
1.1842396062992127
 31
0
  0
LINE
  5
9E6
330
1A
100
AcDbEntity
  8
BLACK
  6
CONTINUOUS
100
AcDbLine
 10
1.9474212598425196
 20
1.1842396062992127
 30
0
 11
1.9474212598425196
 21
1.0675393700787401
 31
0
  0
LINE
  5
9E7
330
1A
100
AcDbEntity
  8
BLACK
  6
CONTINUOUS
100
AcDbLine
 10
1.9474212598425196
 20
1.0675393700787401
 30
0
 11
1.946633779527559
 21
1.0648574409448819
 31
0
  0
LINE
  5
9E8
330
1A
100
AcDbEntity
  8
BLACK
  6
CONTINUOUS
100
AcDbLine
 10
1.946633779527559
 20
1.0648574409448819
 30
0
 11
1.9445213385826772
 21
1.0630270078740158
 31
0
  0
LINE
  5
9E9
330
1A
100
AcDbEntity
  8
BLACK
  6
CONTINUOUS
100
AcDbLine
 10
1.9445213385826772
 20
1.0630270078740158
 30
0
 11
1.9424606299212599
 21
1.0625787401574802
 31
0
  0
LINE
  5
9EA
330
1A
100
AcDbEntity
  8
BLACK
  6
CONTINUOUS
100
AcDbLine
 10
1.9424606299212599
 20
1.0625787401574802
 30
0
 11
1.9272835039370078
 21
1.0625787401574802
 31
0
  0
LINE
  5
9EB
330
1A
100
AcDbEntity
  8
BLACK
  6
CONTINUOUS
100
AcDbLine
 10
1.9272835039370078
 20
1.0625787401574802
 30
0
 11
1.9230153937007874
 21
1.0617297637795275
 31
0
  0
LINE
  5
9EC
330
1A
100
AcDbEntity
  8
BLACK
  6
CONTINUOUS
100
AcDbLine
 10
1.9230153937007874
 20
1.0617297637795275
 30
0
 11
1.9230153937007874
 21
1.0617297244094488
 31
0
  0
LINE
  5
9ED
330
1A
100
AcDbEntity
  8
BLACK
  6
CONTINUOUS
100
AcDbLine
 10
1.9230153937007874
 20
1.0617297244094488
 30
0
 11
1.9219555511811024
 21
1.0615188976377952
 31
0
  0
LINE
  5
9EE
330
1A
100
AcDbEntity
  8
BLACK
  6
CONTINUOUS
100
AcDbLine
 10
1.9219555511811024
 20
1.0615188976377952
 30
0
 11
1.9214669291338582
 21
1.0613164960629922
 31
0
  0
LINE
  5
9EF
330
1A
100
AcDbEntity
  8
BLACK
  6
CONTINUOUS
100
AcDbLine
 10
1.9214669291338582
 20
1.0613164960629922
 30
0
 11
1.9169365748031495
 21
1.0594399606299212
 31
0
  0
LINE
  5
9F0
330
1A
100
AcDbEntity
  8
BLACK
  6
CONTINUOUS
100
AcDbLine
 10
1.9169365748031495
 20
1.0594399606299212
 30
0
 11
1.9143769685039369
 21
1.05772968503937
 31
0
  0
LINE
  5
9F1
330
1A
100
AcDbEntity
  8
BLACK
  6
CONTINUOUS
100
AcDbLine
 10
1.9143769685039369
 20
1.05772968503937
 30
0
 11
1.9143769291338582
 21
1.0577296456692913
 31
0
  0
LINE
  5
9F2
330
1A
100
AcDbEntity
  8
BLACK
  6
CONTINUOUS
100
AcDbLine
 10
1.9143769291338582
 20
1.0577296456692913
 30
0
 11
1.9124194881889762
 21
1.0564218110236221
 31
0
  0
LINE
  5
9F3
330
1A
100
AcDbEntity
  8
BLACK
  6
CONTINUOUS
100
AcDbLine
 10
1.9124194881889762
 20
1.0564218110236221
 30
0
 11
1.8693501968503936
 21
1.0133525196850393
 31
0
  0
LINE
  5
9F4
330
1A
100
AcDbEntity
  8
BLACK
  6
CONTINUOUS
100
AcDbLine
 10
1.8693501968503936
 20
1.0133525196850393
 30
0
 11
1.867740905511811
 21
1.0122771653543308
 31
0
  0
LINE
  5
9F5
330
1A
100
AcDbEntity
  8
BLACK
  6
CONTINUOUS
100
AcDbLine
 10
1.867740905511811
 20
1.0122771653543308
 30
0
 11
1.8620716141732283
 21
1.0099288582677166
 31
0
  0
LINE
  5
9F6
330
1A
100
AcDbEntity
  8
BLACK
  6
CONTINUOUS
100
AcDbLine
 10
1.8620716141732283
 20
1.0099288582677166
 30
0
 11
1.8569100393700786
 21
1.00648
 31
0
  0
LINE
  5
9F7
330
1A
100
AcDbEntity
  8
BLACK
  6
CONTINUOUS
100
AcDbLine
 10
1.8569100393700786
 20
1.00648
 30
0
 11
1.8569097637795275
 21
1.0064798031496063
 31
0
  0
LINE
  5
9F8
330
1A
100
AcDbEntity
  8
BLACK
  6
CONTINUOUS
100
AcDbLine
 10
1.8569097637795275
 20
1.0064798031496063
 30
0
 11
1.8525201968503937
 21
1.0020902362204724
 31
0
  0
LINE
  5
9F9
330
1A
100
AcDbEntity
  8
BLACK
  6
CONTINUOUS
100
AcDbLine
 10
1.8525201968503937
 20
1.0020902362204724
 30
0
 11
1.8525199999999999
 21
1.0020899606299212
 31
0
  0
LINE
  5
9FA
330
1A
100
AcDbEntity
  8
BLACK
  6
CONTINUOUS
100
AcDbLine
 10
1.8525199999999999
 20
1.0020899606299212
 30
0
 11
1.8490711023622046
 21
0.9969283464566929
 31
0
  0
LINE
  5
9FB
330
1A
100
AcDbEntity
  8
BLACK
  6
CONTINUOUS
100
AcDbLine
 10
1.8490711023622046
 20
0.9969283464566929
 30
0
 11
1.8466954724409448
 21
0.991193031496063
 31
0
  0
LINE
  5
9FC
330
1A
100
AcDbEntity
  8
BLACK
  6
CONTINUOUS
100
AcDbLine
 10
1.8466954724409448
 20
0.991193031496063
 30
0
 11
1.8466953937007873
 21
0.9911928346456693
 31
0
  0
LINE
  5
9FD
330
1A
100
AcDbEntity
  8
BLACK
  6
CONTINUOUS
100
AcDbLine
 10
1.8466953937007873
 20
0.9911928346456693
 30
0
 11
1.845484251968504
 21
0.9851041338582677
 31
0
  0
LINE
  5
9FE
330
1A
100
AcDbEntity
  8
BLACK
  6
CONTINUOUS
100
AcDbLine
 10
1.845484251968504
 20
0.9851041338582677
 30
0
 11
1.845484251968504
 21
0.9851040157480315
 31
0
  0
LINE
  5
9FF
330
1A
100
AcDbEntity
  8
BLACK
  6
CONTINUOUS
100
AcDbLine
 10
2.9397514960629922
 20
0.9461124409448819
 30
0
 11
2.9390916535433069
 21
0.9457120866141732
 31
0
  0
LINE
  5
A00
330
1A
100
AcDbEntity
  8
BLACK
  6
CONTINUOUS
100
AcDbLine
 10
2.9390916535433069
 20
0.9457120866141732
 30
0
 11
2.9193261023622048
 21
0.9308879133858268
 31
0
  0
LINE
  5
A01
330
1A
100
AcDbEntity
  8
BLACK
  6
CONTINUOUS
100
AcDbLine
 10
2.9193261023622048
 20
0.9308879133858268
 30
0
 11
2.9122036614173226
 21
0.9380103543307087
 31
0
  0
LINE
  5
A02
330
1A
100
AcDbEntity
  8
BLACK
  6
CONTINUOUS
100
AcDbLine
 10
2.9122036614173226
 20
0.9380103543307087
 30
0
 11
2.9108668503937007
 21
0.9393471653543307
 31
0
  0
LINE
  5
A03
330
1A
100
AcDbEntity
  8
BLACK
  6
CONTINUOUS
100
AcDbLine
 10
2.9108668503937007
 20
0.9393471653543307
 30
0
 11
2.9048676771653543
 21
0.9453463779527559
 31
0
  0
LINE
  5
A04
330
1A
100
AcDbEntity
  8
BLACK
  6
CONTINUOUS
100
AcDbLine
 10
2.9048676771653543
 20
0.9453463779527559
 30
0
 11
2.9042710629921258
 21
0.9458359842519685
 31
0
  0
LINE
  5
A05
330
1A
100
AcDbEntity
  8
BLACK
  6
CONTINUOUS
100
AcDbLine
 10
2.9042710629921258
 20
0.9458359842519685
 30
0
 11
2.9028518503937009
 21
0.9464238582677165
 31
0
  0
LINE
  5
A06
330
1A
100
AcDbEntity
  8
BLACK
  6
CONTINUOUS
100
AcDbLine
 10
2.9028518503937009
 20
0.9464238582677165
 30
0
 11
2.9013157086614174
 21
0.9464238582677165
 31
0
  0
LINE
  5
A07
330
1A
100
AcDbEntity
  8
BLACK
  6
CONTINUOUS
100
AcDbLine
 10
2.9013157086614174
 20
0.9464238582677165
 30
0
 11
2.899896496062992
 21
0.9458359842519685
 31
0
  0
LINE
  5
A08
330
1A
100
AcDbEntity
  8
BLACK
  6
CONTINUOUS
100
AcDbLine
 10
2.899896496062992
 20
0.9458359842519685
 30
0
 11
2.8988102755905509
 21
0.9447497637795276
 31
0
  0
LINE
  5
A09
330
1A
100
AcDbEntity
  8
BLACK
  6
CONTINUOUS
100
AcDbLine
 10
2.8988102755905509
 20
0.9447497637795276
 30
0
 11
2.8982224015748033
 21
0.9433305511811023
 31
0
  0
LINE
  5
A0A
330
1A
100
AcDbEntity
  8
BLACK
  6
CONTINUOUS
100
AcDbLine
 10
2.8982224015748033
 20
0.9433305511811023
 30
0
 11
2.8982224015748033
 21
0.9417944094488189
 31
0
  0
LINE
  5
A0B
330
1A
100
AcDbEntity
  8
BLACK
  6
CONTINUOUS
100
AcDbLine
 10
2.8982224015748033
 20
0.9417944094488189
 30
0
 11
2.8988102755905509
 21
0.9403751968503937
 31
0
  0
LINE
  5
A0C
330
1A
100
AcDbEntity
  8
BLACK
  6
CONTINUOUS
100
AcDbLine
 10
2.8988102755905509
 20
0.9403751968503937
 30
0
 11
2.8992998818897635
 21
0.9397785826771653
 31
0
  0
LINE
  5
A0D
330
1A
100
AcDbEntity
  8
BLACK
  6
CONTINUOUS
100
AcDbLine
 10
2.8992998818897635
 20
0.9397785826771653
 30
0
 11
2.9150762204724407
 21
0.9240022834645669
 31
0
  0
LINE
  5
A0E
330
1A
100
AcDbEntity
  8
BLACK
  6
CONTINUOUS
100
AcDbLine
 10
2.9150762204724407
 20
0.9240022834645669
 30
0
 11
2.8823987401574804
 21
0.9240022834645669
 31
0
  0
LINE
  5
A0F
330
1A
100
AcDbEntity
  8
BLACK
  6
CONTINUOUS
100
AcDbLine
 10
2.8823987401574804
 20
0.9240022834645669
 30
0
 11
2.8816306692913387
 21
0.9239266535433071
 31
0
  0
LINE
  5
A10
330
1A
100
AcDbEntity
  8
BLACK
  6
CONTINUOUS
100
AcDbLine
 10
2.8816306692913387
 20
0.9239266535433071
 30
0
 11
2.8802114566929133
 21
0.9233387795275591
 31
0
  0
LINE
  5
A11
330
1A
100
AcDbEntity
  8
BLACK
  6
CONTINUOUS
100
AcDbLine
 10
2.8802114566929133
 20
0.9233387795275591
 30
0
 11
2.8791252362204722
 21
0.922252559055118
 31
0
  0
LINE
  5
A12
330
1A
100
AcDbEntity
  8
BLACK
  6
CONTINUOUS
100
AcDbLine
 10
2.8791252362204722
 20
0.922252559055118
 30
0
 11
2.8785373622047246
 21
0.9208333464566929
 31
0
  0
LINE
  5
A13
330
1A
100
AcDbEntity
  8
BLACK
  6
CONTINUOUS
100
AcDbLine
 10
2.8785373622047246
 20
0.9208333464566929
 30
0
 11
2.8785373622047246
 21
0.9192972047244095
 31
0
  0
LINE
  5
A14
330
1A
100
AcDbEntity
  8
BLACK
  6
CONTINUOUS
100
AcDbLine
 10
2.8785373622047246
 20
0.9192972047244095
 30
0
 11
2.8791252362204722
 21
0.9178779921259842
 31
0
  0
LINE
  5
A15
330
1A
100
AcDbEntity
  8
BLACK
  6
CONTINUOUS
100
AcDbLine
 10
2.8791252362204722
 20
0.9178779921259842
 30
0
 11
2.8802114173228346
 21
0.9167918110236221
 31
0
  0
LINE
  5
A16
330
1A
100
AcDbEntity
  8
BLACK
  6
CONTINUOUS
100
AcDbLine
 10
2.8802114173228346
 20
0.9167918110236221
 30
0
 11
2.8802114566929133
 21
0.9167917716535433
 31
0
  0
LINE
  5
A17
330
1A
100
AcDbEntity
  8
BLACK
  6
CONTINUOUS
100
AcDbLine
 10
2.8802114566929133
 20
0.9167917716535433
 30
0
 11
2.8816306692913387
 21
0.9162038976377953
 31
0
  0
LINE
  5
A18
330
1A
100
AcDbEntity
  8
BLACK
  6
CONTINUOUS
100
AcDbLine
 10
2.8816306692913387
 20
0.9162038976377953
 30
0
 11
2.8823987401574804
 21
0.9161282677165354
 31
0
  0
LINE
  5
A19
330
1A
100
AcDbEntity
  8
BLACK
  6
CONTINUOUS
100
AcDbLine
 10
2.8823987401574804
 20
0.9161282677165354
 30
0
 11
2.8823987795275592
 21
0.9161282677165354
 31
0
  0
LINE
  5
A1A
330
1A
100
AcDbEntity
  8
BLACK
  6
CONTINUOUS
100
AcDbLine
 10
2.8823987795275592
 20
0.9161282677165354
 30
0
 11
2.9414538188976378
 21
0.9161282677165354
 31
0
  0
LINE
  5
A1B
330
1A
100
AcDbEntity
  8
BLACK
  6
CONTINUOUS
100
AcDbLine
 10
2.9414538188976378
 20
0.9161282677165354
 30
0
 11
2.9414538582677165
 21
0.9161282677165354
 31
0
  0
LINE
  5
A1C
330
1A
100
AcDbEntity
  8
BLACK
  6
CONTINUOUS
100
AcDbLine
 10
2.9414538582677165
 20
0.9161282677165354
 30
0
 11
2.9422219291338583
 21
0.9162038976377953
 31
0
  0
LINE
  5
A1D
330
1A
100
AcDbEntity
  8
BLACK
  6
CONTINUOUS
100
AcDbLine
 10
2.9422219291338583
 20
0.9162038976377953
 30
0
 11
2.9436411417322832
 21
0.9167917716535433
 31
0
  0
LINE
  5
A1E
330
1A
100
AcDbEntity
  8
BLACK
  6
CONTINUOUS
100
AcDbLine
 10
2.9436411417322832
 20
0.9167917716535433
 30
0
 11
2.9447273622047243
 21
0.9178779921259842
 31
0
  0
LINE
  5
A1F
330
1A
100
AcDbEntity
  8
BLACK
  6
CONTINUOUS
100
AcDbLine
 10
2.9447273622047243
 20
0.9178779921259842
 30
0
 11
2.9453152362204724
 21
0.9192972047244095
 31
0
  0
LINE
  5
A20
330
1A
100
AcDbEntity
  8
BLACK
  6
CONTINUOUS
100
AcDbLine
 10
2.9453152362204724
 20
0.9192972047244095
 30
0
 11
2.9453152362204724
 21
0.9208333464566929
 31
0
  0
LINE
  5
A21
330
1A
100
AcDbEntity
  8
BLACK
  6
CONTINUOUS
100
AcDbLine
 10
2.9453152362204724
 20
0.9208333464566929
 30
0
 11
2.9447273622047243
 21
0.922252559055118
 31
0
  0
LINE
  5
A22
330
1A
100
AcDbEntity
  8
BLACK
  6
CONTINUOUS
100
AcDbLine
 10
2.9447273622047243
 20
0.922252559055118
 30
0
 11
2.9447273228346456
 21
0.9222525984251968
 31
0
  0
LINE
  5
A23
330
1A
100
AcDbEntity
  8
BLACK
  6
CONTINUOUS
100
AcDbLine
 10
2.9447273228346456
 20
0.9222525984251968
 30
0
 11
2.9436411417322832
 21
0.9233387795275591
 31
0
  0
LINE
  5
A24
330
1A
100
AcDbEntity
  8
BLACK
  6
CONTINUOUS
100
AcDbLine
 10
2.9436411417322832
 20
0.9233387795275591
 30
0
 11
2.9422219291338583
 21
0.9239266535433071
 31
0
  0
LINE
  5
A25
330
1A
100
AcDbEntity
  8
BLACK
  6
CONTINUOUS
100
AcDbLine
 10
2.9422219291338583
 20
0.9239266535433071
 30
0
 11
2.9414538582677165
 21
0.9240022834645669
 31
0
  0
LINE
  5
A26
330
1A
100
AcDbEntity
  8
BLACK
  6
CONTINUOUS
100
AcDbLine
 10
2.9414538582677165
 20
0.9240022834645669
 30
0
 11
2.9414538188976378
 21
0.9240022834645669
 31
0
  0
LINE
  5
A27
330
1A
100
AcDbEntity
  8
BLACK
  6
CONTINUOUS
100
AcDbLine
 10
2.9414538188976378
 20
0.9240022834645669
 30
0
 11
2.9381504724409448
 21
0.9240022834645669
 31
0
  0
LINE
  5
A28
330
1A
100
AcDbEntity
  8
BLACK
  6
CONTINUOUS
100
AcDbLine
 10
2.9381504724409448
 20
0.9240022834645669
 30
0
 11
2.9262117322834644
 21
0.9240022834645669
 31
0
  0
LINE
  5
A29
330
1A
100
AcDbEntity
  8
BLACK
  6
CONTINUOUS
100
AcDbLine
 10
2.9262117322834644
 20
0.9240022834645669
 30
0
 11
2.9249503937007875
 21
0.9252636220472441
 31
0
  0
LINE
  5
A2A
330
1A
100
AcDbEntity
  8
BLACK
  6
CONTINUOUS
100
AcDbLine
 10
2.9249503937007875
 20
0.9252636220472441
 30
0
 11
2.9351737795275592
 21
0.9329312204724409
 31
0
  0
LINE
  5
A2B
330
1A
100
AcDbEntity
  8
BLACK
  6
CONTINUOUS
100
AcDbLine
 10
2.9351737795275592
 20
0.9329312204724409
 30
0
 11
2.9351739763779525
 21
0.9329313385826772
 31
0
  0
LINE
  5
A2C
330
1A
100
AcDbEntity
  8
BLACK
  6
CONTINUOUS
100
AcDbLine
 10
2.9351739763779525
 20
0.9329313385826772
 30
0
 11
2.9438160629921257
 21
0.939412874015748
 31
0
  0
LINE
  5
A2D
330
1A
100
AcDbEntity
  8
BLACK
  6
CONTINUOUS
100
AcDbLine
 10
2.9438160629921257
 20
0.939412874015748
 30
0
 11
2.944385157480315
 21
0.9399342519685039
 31
0
  0
LINE
  5
A2E
330
1A
100
AcDbEntity
  8
BLACK
  6
CONTINUOUS
100
AcDbLine
 10
2.944385157480315
 20
0.9399342519685039
 30
0
 11
2.9451677952755904
 21
0.9412560629921259
 31
0
  0
LINE
  5
A2F
330
1A
100
AcDbEntity
  8
BLACK
  6
CONTINUOUS
100
AcDbLine
 10
2.9451677952755904
 20
0.9412560629921259
 30
0
 11
2.9453850393700787
 21
0.9427767716535432
 31
0
  0
LINE
  5
A30
330
1A
100
AcDbEntity
  8
BLACK
  6
CONTINUOUS
100
AcDbLine
 10
2.9453850393700787
 20
0.9427767716535432
 30
0
 11
2.9450038188976375
 21
0.9442648818897638
 31
0
  0
LINE
  5
A31
330
1A
100
AcDbEntity
  8
BLACK
  6
CONTINUOUS
100
AcDbLine
 10
2.9450038188976375
 20
0.9442648818897638
 30
0
 11
2.9440821259842518
 21
0.9454937795275591
 31
0
  0
LINE
  5
A32
330
1A
100
AcDbEntity
  8
BLACK
  6
CONTINUOUS
100
AcDbLine
 10
2.9440821259842518
 20
0.9454937795275591
 30
0
 11
2.9437134251968504
 21
0.9457120866141732
 31
0
  0
LINE
  5
A33
330
1A
100
AcDbEntity
  8
BLACK
  6
CONTINUOUS
100
AcDbLine
 10
2.9437134251968504
 20
0.9457120866141732
 30
0
 11
2.9427603149606298
 21
0.9462764173228346
 31
0
  0
LINE
  5
A34
330
1A
100
AcDbEntity
  8
BLACK
  6
CONTINUOUS
100
AcDbLine
 10
2.9427603149606298
 20
0.9462764173228346
 30
0
 11
2.9412396062992126
 21
0.9464936614173228
 31
0
  0
LINE
  5
A35
330
1A
100
AcDbEntity
  8
BLACK
  6
CONTINUOUS
100
AcDbLine
 10
2.9412396062992126
 20
0.9464936614173228
 30
0
 11
2.9397514960629922
 21
0.9461124409448819
 31
0
  0
LINE
  5
A36
330
1A
100
AcDbEntity
  8
BLACK
  6
CONTINUOUS
100
AcDbLine
 10
0.6220275590551181
 20
1.0067541732283465
 30
0
 11
0.6232387007874015
 21
1.0006654724409449
 31
0
  0
LINE
  5
A37
330
1A
100
AcDbEntity
  8
BLACK
  6
CONTINUOUS
100
AcDbLine
 10
0.6232387007874015
 20
1.0006654724409449
 30
0
 11
0.623238779527559
 21
1.0006652755905512
 31
0
  0
LINE
  5
A38
330
1A
100
AcDbEntity
  8
BLACK
  6
CONTINUOUS
100
AcDbLine
 10
0.623238779527559
 20
1.0006652755905512
 30
0
 11
0.6249361023622048
 21
0.9965675590551181
 31
0
  0
LINE
  5
A39
330
1A
100
AcDbEntity
  8
BLACK
  6
CONTINUOUS
100
AcDbLine
 10
0.6249361023622048
 20
0.9965675590551181
 30
0
 11
0.6256144094488189
 21
0.9949299606299212
 31
0
  0
LINE
  5
A3A
330
1A
100
AcDbEntity
  8
BLACK
  6
CONTINUOUS
100
AcDbLine
 10
0.6256144094488189
 20
0.9949299606299212
 30
0
 11
0.6290634251968504
 21
0.9897681496062992
 31
0
  0
LINE
  5
A3B
330
1A
100
AcDbEntity
  8
BLACK
  6
CONTINUOUS
100
AcDbLine
 10
0.6290634251968504
 20
0.9897681496062992
 30
0
 11
0.6334531889763779
 21
0.9853783858267716
 31
0
  0
LINE
  5
A3C
330
1A
100
AcDbEntity
  8
BLACK
  6
CONTINUOUS
100
AcDbLine
 10
0.6334531889763779
 20
0.9853783858267716
 30
0
 11
0.6386149999999999
 21
0.9819293700787401
 31
0
  0
LINE
  5
A3D
330
1A
100
AcDbEntity
  8
BLACK
  6
CONTINUOUS
100
AcDbLine
 10
0.6386149999999999
 20
0.9819293700787401
 30
0
 11
0.6443505118110237
 21
0.9795536614173228
 31
0
  0
LINE
  5
A3E
330
1A
100
AcDbEntity
  8
BLACK
  6
CONTINUOUS
100
AcDbLine
 10
0.6443505118110237
 20
0.9795536614173228
 30
0
 11
0.6504392913385827
 21
0.9783425196850394
 31
0
  0
LINE
  5
A3F
330
1A
100
AcDbEntity
  8
BLACK
  6
CONTINUOUS
100
AcDbLine
 10
0.6504392913385827
 20
0.9783425196850394
 30
0
 11
0.6504393307086614
 21
0.9783425196850394
 31
0
  0
LINE
  5
A40
330
1A
100
AcDbEntity
  8
BLACK
  6
CONTINUOUS
100
AcDbLine
 10
0.6504393307086614
 20
0.9783425196850394
 30
0
 11
0.6566472834645669
 21
0.9783425196850394
 31
0
  0
LINE
  5
A41
330
1A
100
AcDbEntity
  8
BLACK
  6
CONTINUOUS
100
AcDbLine
 10
0.6566472834645669
 20
0.9783425196850394
 30
0
 11
0.6566473228346457
 21
0.9783425196850394
 31
0
  0
LINE
  5
A42
330
1A
100
AcDbEntity
  8
BLACK
  6
CONTINUOUS
100
AcDbLine
 10
0.6566473228346457
 20
0.9783425196850394
 30
0
 11
0.6627361023622047
 21
0.9795536614173228
 31
0
  0
LINE
  5
A43
330
1A
100
AcDbEntity
  8
BLACK
  6
CONTINUOUS
100
AcDbLine
 10
0.6627361023622047
 20
0.9795536614173228
 30
0
 11
0.6684716141732283
 21
0.9819293700787401
 31
0
  0
LINE
  5
A44
330
1A
100
AcDbEntity
  8
BLACK
  6
CONTINUOUS
100
AcDbLine
 10
0.6684716141732283
 20
0.9819293700787401
 30
0
 11
0.6736334251968504
 21
0.9853783858267716
 31
0
  0
LINE
  5
A45
330
1A
100
AcDbEntity
  8
BLACK
  6
CONTINUOUS
100
AcDbLine
 10
0.6736334251968504
 20
0.9853783858267716
 30
0
 11
0.6749871259842519
 21
0.9867320866141732
 31
0
  0
LINE
  5
A46
330
1A
100
AcDbEntity
  8
BLACK
  6
CONTINUOUS
100
AcDbLine
 10
0.6749871259842519
 20
0.9867320866141732
 30
0
 11
0.6774403543307086
 21
0.9880716929133858
 31
0
  0
LINE
  5
A47
330
1A
100
AcDbEntity
  8
BLACK
  6
CONTINUOUS
100
AcDbLine
 10
0.6774403543307086
 20
0.9880716929133858
 30
0
 11
0.6784948031496063
 21
0.9881850393700787
 31
0
  0
LINE
  5
A48
330
1A
100
AcDbEntity
  8
BLACK
  6
CONTINUOUS
100
AcDbLine
 10
0.6784948031496063
 20
0.9881850393700787
 30
0
 11
0.7713965354330709
 21
0.9881850393700787
 31
0
  0
LINE
  5
A49
330
1A
100
AcDbEntity
  8
BLACK
  6
CONTINUOUS
100
AcDbLine
 10
0.7713965354330709
 20
0.9881850393700787
 30
0
 11
0.7713966141732284
 21
0.9881850393700787
 31
0
  0
LINE
  5
A4A
330
1A
100
AcDbEntity
  8
BLACK
  6
CONTINUOUS
100
AcDbLine
 10
0.7713966141732284
 20
0.9881850393700787
 30
0
 11
0.7713966535433071
 21
0.9881850393700787
 31
0
  0
LINE
  5
A4B
330
1A
100
AcDbEntity
  8
BLACK
  6
CONTINUOUS
100
AcDbLine
 10
0.7713966535433071
 20
0.9881850393700787
 30
0
 11
0.7769088582677165
 21
0.9896620472440945
 31
0
  0
LINE
  5
A4C
330
1A
100
AcDbEntity
  8
BLACK
  6
CONTINUOUS
100
AcDbLine
 10
0.7769088582677165
 20
0.9896620472440945
 30
0
 11
0.7777341732283465
 21
0.9901385433070866
 31
0
  0
LINE
  5
A4D
330
1A
100
AcDbEntity
  8
BLACK
  6
CONTINUOUS
100
AcDbLine
 10
0.7777341732283465
 20
0.9901385433070866
 30
0
 11
0.7777342125984252
 21
0.9901385433070866
 31
0
  0
LINE
  5
A4E
330
1A
100
AcDbEntity
  8
BLACK
  6
CONTINUOUS
100
AcDbLine
 10
0.7777342125984252
 20
0.9901385433070866
 30
0
 11
0.7812658267716536
 21
0.9921775196850393
 31
0
  0
LINE
  5
A4F
330
1A
100
AcDbEntity
  8
BLACK
  6
CONTINUOUS
100
AcDbLine
 10
0.7812658267716536
 20
0.9921775196850393
 30
0
 11
0.7818509842519685
 21
0.9925153543307086
 31
0
  0
LINE
  5
A50
330
1A
100
AcDbEntity
  8
BLACK
  6
CONTINUOUS
100
AcDbLine
 10
0.7818509842519685
 20
0.9925153543307086
 30
0
 11
0.7916733464566929
 21
1.0023377952755905
 31
0
  0
LINE
  5
A51
330
1A
100
AcDbEntity
  8
BLACK
  6
CONTINUOUS
100
AcDbLine
 10
0.7916733464566929
 20
1.0023377952755905
 30
0
 11
0.7941264960629921
 21
1.0036772834645669
 31
0
  0
LINE
  5
A52
330
1A
100
AcDbEntity
  8
BLACK
  6
CONTINUOUS
100
AcDbLine
 10
0.7941264960629921
 20
1.0036772834645669
 30
0
 11
0.7969145275590551
 21
1.0034779133858267
 31
0
  0
LINE
  5
A53
330
1A
100
AcDbEntity
  8
BLACK
  6
CONTINUOUS
100
AcDbLine
 10
0.7969145275590551
 20
1.0034779133858267
 30
0
 11
0.797936968503937
 21
1.0029546456692913
 31
0
  0
LINE
  5
A54
330
1A
100
AcDbEntity
  8
BLACK
  6
CONTINUOUS
100
AcDbLine
 10
0.797936968503937
 20
1.0029546456692913
 30
0
 11
0.7995574803149607
 21
1.0018718503937007
 31
0
  0
LINE
  5
A55
330
1A
100
AcDbEntity
  8
BLACK
  6
CONTINUOUS
100
AcDbLine
 10
0.7995574803149607
 20
1.0018718503937007
 30
0
 11
0.8052929921259843
 21
0.9994961417322834
 31
0
  0
LINE
  5
A56
330
1A
100
AcDbEntity
  8
BLACK
  6
CONTINUOUS
100
AcDbLine
 10
0.8052929921259843
 20
0.9994961417322834
 30
0
 11
0.8113817716535433
 21
0.998285
 31
0
  0
LINE
  5
A57
330
1A
100
AcDbEntity
  8
BLACK
  6
CONTINUOUS
100
AcDbLine
 10
0.8113817716535433
 20
0.998285
 30
0
 11
0.8113818110236221
 21
0.998285
 31
0
  0
LINE
  5
A58
330
1A
100
AcDbEntity
  8
BLACK
  6
CONTINUOUS
100
AcDbLine
 10
0.8113818110236221
 20
0.998285
 30
0
 11
0.8175897637795275
 21
0.998285
 31
0
  0
LINE
  5
A59
330
1A
100
AcDbEntity
  8
BLACK
  6
CONTINUOUS
100
AcDbLine
 10
0.8175897637795275
 20
0.998285
 30
0
 11
0.8175898031496063
 21
0.998285
 31
0
  0
LINE
  5
A5A
330
1A
100
AcDbEntity
  8
BLACK
  6
CONTINUOUS
100
AcDbLine
 10
0.8175898031496063
 20
0.998285
 30
0
 11
0.8236785826771653
 21
0.9994961417322834
 31
0
  0
LINE
  5
A5B
330
1A
100
AcDbEntity
  8
BLACK
  6
CONTINUOUS
100
AcDbLine
 10
0.8236785826771653
 20
0.9994961417322834
 30
0
 11
0.8294140944881889
 21
1.0018718503937007
 31
0
  0
LINE
  5
A5C
330
1A
100
AcDbEntity
  8
BLACK
  6
CONTINUOUS
100
AcDbLine
 10
0.8294140944881889
 20
1.0018718503937007
 30
0
 11
0.834575905511811
 21
1.0053208661417323
 31
0
  0
LINE
  5
A5D
330
1A
100
AcDbEntity
  8
BLACK
  6
CONTINUOUS
100
AcDbLine
 10
0.834575905511811
 20
1.0053208661417323
 30
0
 11
0.8389656692913385
 21
1.0097106299212599
 31
0
  0
LINE
  5
A5E
330
1A
100
AcDbEntity
  8
BLACK
  6
CONTINUOUS
100
AcDbLine
 10
0.8389656692913385
 20
1.0097106299212599
 30
0
 11
0.8424146850393701
 21
1.0148724409448819
 31
0
  0
LINE
  5
A5F
330
1A
100
AcDbEntity
  8
BLACK
  6
CONTINUOUS
100
AcDbLine
 10
0.8424146850393701
 20
1.0148724409448819
 30
0
 11
0.8447903937007873
 21
1.0206079527559055
 31
0
  0
LINE
  5
A60
330
1A
100
AcDbEntity
  8
BLACK
  6
CONTINUOUS
100
AcDbLine
 10
0.8447903937007873
 20
1.0206079527559055
 30
0
 11
0.8460015354330709
 21
1.0266967322834646
 31
0
  0
LINE
  5
A61
330
1A
100
AcDbEntity
  8
BLACK
  6
CONTINUOUS
100
AcDbLine
 10
0.8460015354330709
 20
1.0266967322834646
 30
0
 11
0.8460015354330709
 21
1.0329047637795274
 31
0
  0
LINE
  5
A62
330
1A
100
AcDbEntity
  8
BLACK
  6
CONTINUOUS
100
AcDbLine
 10
0.8460015354330709
 20
1.0329047637795274
 30
0
 11
0.8447903937007873
 21
1.0389935433070865
 31
0
  0
LINE
  5
A63
330
1A
100
AcDbEntity
  8
BLACK
  6
CONTINUOUS
100
AcDbLine
 10
0.8447903937007873
 20
1.0389935433070865
 30
0
 11
0.8424146850393701
 21
1.0447290551181103
 31
0
  0
LINE
  5
A64
330
1A
100
AcDbEntity
  8
BLACK
  6
CONTINUOUS
100
AcDbLine
 10
0.8424146850393701
 20
1.0447290551181103
 30
0
 11
0.8389656692913385
 21
1.0498908661417323
 31
0
  0
LINE
  5
A65
330
1A
100
AcDbEntity
  8
BLACK
  6
CONTINUOUS
100
AcDbLine
 10
0.8389656692913385
 20
1.0498908661417323
 30
0
 11
0.834575905511811
 21
1.0542806299212599
 31
0
  0
LINE
  5
A66
330
1A
100
AcDbEntity
  8
BLACK
  6
CONTINUOUS
100
AcDbLine
 10
0.834575905511811
 20
1.0542806299212599
 30
0
 11
0.8294140944881889
 21
1.0577296456692913
 31
0
  0
LINE
  5
A67
330
1A
100
AcDbEntity
  8
BLACK
  6
CONTINUOUS
100
AcDbLine
 10
0.8294140944881889
 20
1.0577296456692913
 30
0
 11
0.8236785826771653
 21
1.0601053543307086
 31
0
  0
LINE
  5
A68
330
1A
100
AcDbEntity
  8
BLACK
  6
CONTINUOUS
100
AcDbLine
 10
0.8236785826771653
 20
1.0601053543307086
 30
0
 11
0.8175898818897638
 21
1.0613164960629922
 31
0
  0
LINE
  5
A69
330
1A
100
AcDbEntity
  8
BLACK
  6
CONTINUOUS
100
AcDbLine
 10
0.8175898818897638
 20
1.0613164960629922
 30
0
 11
0.8175898031496063
 21
1.0613164960629922
 31
0
  0
LINE
  5
A6A
330
1A
100
AcDbEntity
  8
BLACK
  6
CONTINUOUS
100
AcDbLine
 10
0.8175898031496063
 20
1.0613164960629922
 30
0
 11
0.8113817716535433
 21
1.0613164960629922
 31
0
  0
LINE
  5
A6B
330
1A
100
AcDbEntity
  8
BLACK
  6
CONTINUOUS
100
AcDbLine
 10
0.8113817716535433
 20
1.0613164960629922
 30
0
 11
0.811381653543307
 21
1.0613164960629922
 31
0
  0
LINE
  5
A6C
330
1A
100
AcDbEntity
  8
BLACK
  6
CONTINUOUS
100
AcDbLine
 10
0.811381653543307
 20
1.0613164960629922
 30
0
 11
0.8052929527559055
 21
1.0601053543307086
 31
0
  0
LINE
  5
A6D
330
1A
100
AcDbEntity
  8
BLACK
  6
CONTINUOUS
100
AcDbLine
 10
0.8052929527559055
 20
1.0601053543307086
 30
0
 11
0.8052927559055117
 21
1.0601052755905511
 31
0
  0
LINE
  5
A6E
330
1A
100
AcDbEntity
  8
BLACK
  6
CONTINUOUS
100
AcDbLine
 10
0.8052927559055117
 20
1.0601052755905511
 30
0
 11
0.7995574409448819
 21
1.0577296456692913
 31
0
  0
LINE
  5
A6F
330
1A
100
AcDbEntity
  8
BLACK
  6
CONTINUOUS
100
AcDbLine
 10
0.7995574409448819
 20
1.0577296456692913
 30
0
 11
0.7943958267716535
 21
1.054280748031496
 31
0
  0
LINE
  5
A70
330
1A
100
AcDbEntity
  8
BLACK
  6
CONTINUOUS
100
AcDbLine
 10
0.7943958267716535
 20
1.054280748031496
 30
0
 11
0.7943955511811024
 21
1.0542805511811024
 31
0
  0
LINE
  5
A71
330
1A
100
AcDbEntity
  8
BLACK
  6
CONTINUOUS
100
AcDbLine
 10
0.7943955511811024
 20
1.0542805511811024
 30
0
 11
0.793041968503937
 21
1.0529269291338583
 31
0
  0
LINE
  5
A72
330
1A
100
AcDbEntity
  8
BLACK
  6
CONTINUOUS
100
AcDbLine
 10
0.793041968503937
 20
1.0529269291338583
 30
0
 11
0.7905887401574803
 21
1.0515873228346457
 31
0
  0
LINE
  5
A73
330
1A
100
AcDbEntity
  8
BLACK
  6
CONTINUOUS
100
AcDbLine
 10
0.7905887401574803
 20
1.0515873228346457
 30
0
 11
0.7895342913385827
 21
1.0514739763779528
 31
0
  0
LINE
  5
A74
330
1A
100
AcDbEntity
  8
BLACK
  6
CONTINUOUS
100
AcDbLine
 10
0.7895342913385827
 20
1.0514739763779528
 30
0
 11
0.7856324409448818
 21
1.0514739763779528
 31
0
  0
LINE
  5
A75
330
1A
100
AcDbEntity
  8
BLACK
  6
CONTINUOUS
100
AcDbLine
 10
0.7856324409448818
 20
1.0514739763779528
 30
0
 11
0.7801202362204724
 21
1.049996968503937
 31
0
  0
LINE
  5
A76
330
1A
100
AcDbEntity
  8
BLACK
  6
CONTINUOUS
100
AcDbLine
 10
0.7801202362204724
 20
1.049996968503937
 30
0
 11
0.7801201574803149
 21
1.049996968503937
 31
0
  0
LINE
  5
A77
330
1A
100
AcDbEntity
  8
BLACK
  6
CONTINUOUS
100
AcDbLine
 10
0.7801201574803149
 20
1.049996968503937
 30
0
 11
0.78012
 21
1.0499968897637795
 31
0
  0
LINE
  5
A78
330
1A
100
AcDbEntity
  8
BLACK
  6
CONTINUOUS
100
AcDbLine
 10
0.78012
 20
1.0499968897637795
 30
0
 11
0.7751782283464567
 21
1.0471437795275591
 31
0
  0
LINE
  5
A79
330
1A
100
AcDbEntity
  8
BLACK
  6
CONTINUOUS
100
AcDbLine
 10
0.7751782283464567
 20
1.0471437795275591
 30
0
 11
0.7751779921259843
 21
1.0471435826771653
 31
0
  0
LINE
  5
A7A
330
1A
100
AcDbEntity
  8
BLACK
  6
CONTINUOUS
100
AcDbLine
 10
0.7751779921259843
 20
1.0471435826771653
 30
0
 11
0.7694129527559055
 21
1.0413785039370078
 31
0
  0
LINE
  5
A7B
330
1A
100
AcDbEntity
  8
BLACK
  6
CONTINUOUS
100
AcDbLine
 10
0.7694129527559055
 20
1.0413785039370078
 30
0
 11
0.7610188188976378
 21
1.032984409448819
 31
0
  0
LINE
  5
A7C
330
1A
100
AcDbEntity
  8
BLACK
  6
CONTINUOUS
100
AcDbLine
 10
0.7610188188976378
 20
1.032984409448819
 30
0
 11
0.7585656692913386
 21
1.0316448818897637
 31
0
  0
LINE
  5
A7D
330
1A
100
AcDbEntity
  8
BLACK
  6
CONTINUOUS
100
AcDbLine
 10
0.7585656692913386
 20
1.0316448818897637
 30
0
 11
0.7575112204724409
 21
1.031531496062992
 31
0
  0
LINE
  5
A7E
330
1A
100
AcDbEntity
  8
BLACK
  6
CONTINUOUS
100
AcDbLine
 10
0.7575112204724409
 20
1.031531496062992
 30
0
 11
0.6784948031496063
 21
1.031531496062992
 31
0
  0
LINE
  5
A7F
330
1A
100
AcDbEntity
  8
BLACK
  6
CONTINUOUS
100
AcDbLine
 10
0.6784948031496063
 20
1.031531496062992
 30
0
 11
0.675812874015748
 21
1.0323189763779528
 31
0
  0
LINE
  5
A80
330
1A
100
AcDbEntity
  8
BLACK
  6
CONTINUOUS
100
AcDbLine
 10
0.675812874015748
 20
1.0323189763779528
 30
0
 11
0.6749871259842519
 21
1.0329844488188975
 31
0
  0
LINE
  5
A81
330
1A
100
AcDbEntity
  8
BLACK
  6
CONTINUOUS
100
AcDbLine
 10
0.6749871259842519
 20
1.0329844488188975
 30
0
 11
0.6736335039370078
 21
1.0343380708661416
 31
0
  0
LINE
  5
A82
330
1A
100
AcDbEntity
  8
BLACK
  6
CONTINUOUS
100
AcDbLine
 10
0.6736335039370078
 20
1.0343380708661416
 30
0
 11
0.6736334251968504
 21
1.0343381496062991
 31
0
  0
LINE
  5
A83
330
1A
100
AcDbEntity
  8
BLACK
  6
CONTINUOUS
100
AcDbLine
 10
0.6736334251968504
 20
1.0343381496062991
 30
0
 11
0.6684716141732283
 21
1.0377871653543307
 31
0
  0
LINE
  5
A84
330
1A
100
AcDbEntity
  8
BLACK
  6
CONTINUOUS
100
AcDbLine
 10
0.6684716141732283
 20
1.0377871653543307
 30
0
 11
0.6627361023622047
 21
1.040162874015748
 31
0
  0
LINE
  5
A85
330
1A
100
AcDbEntity
  8
BLACK
  6
CONTINUOUS
100
AcDbLine
 10
0.6627361023622047
 20
1.040162874015748
 30
0
 11
0.6620235826771653
 21
1.0403046062992125
 31
0
  0
LINE
  5
A86
330
1A
100
AcDbEntity
  8
BLACK
  6
CONTINUOUS
100
AcDbLine
 10
0.6620235826771653
 20
1.0403046062992125
 30
0
 11
0.6566474015748032
 21
1.0413740157480316
 31
0
  0
LINE
  5
A87
330
1A
100
AcDbEntity
  8
BLACK
  6
CONTINUOUS
100
AcDbLine
 10
0.6566474015748032
 20
1.0413740157480316
 30
0
 11
0.6566473228346457
 21
1.0413740157480316
 31
0
  0
LINE
  5
A88
330
1A
100
AcDbEntity
  8
BLACK
  6
CONTINUOUS
100
AcDbLine
 10
0.6566473228346457
 20
1.0413740157480316
 30
0
 11
0.6504392913385827
 21
1.0413740157480316
 31
0
  0
LINE
  5
A89
330
1A
100
AcDbEntity
  8
BLACK
  6
CONTINUOUS
100
AcDbLine
 10
0.6504392913385827
 20
1.0413740157480316
 30
0
 11
0.6504391732283464
 21
1.0413740157480316
 31
0
  0
LINE
  5
A8A
330
1A
100
AcDbEntity
  8
BLACK
  6
CONTINUOUS
100
AcDbLine
 10
0.6504391732283464
 20
1.0413740157480316
 30
0
 11
0.6443504724409449
 21
1.040162874015748
 31
0
  0
LINE
  5
A8B
330
1A
100
AcDbEntity
  8
BLACK
  6
CONTINUOUS
100
AcDbLine
 10
0.6443504724409449
 20
1.040162874015748
 30
0
 11
0.6443502755905511
 21
1.0401627952755905
 31
0
  0
LINE
  5
A8C
330
1A
100
AcDbEntity
  8
BLACK
  6
CONTINUOUS
100
AcDbLine
 10
0.6443502755905511
 20
1.0401627952755905
 30
0
 11
0.6386149606299213
 21
1.0377871653543307
 31
0
  0
LINE
  5
A8D
330
1A
100
AcDbEntity
  8
BLACK
  6
CONTINUOUS
100
AcDbLine
 10
0.6386149606299213
 20
1.0377871653543307
 30
0
 11
0.6334533464566929
 21
1.0343382677165354
 31
0
  0
LINE
  5
A8E
330
1A
100
AcDbEntity
  8
BLACK
  6
CONTINUOUS
100
AcDbLine
 10
0.6334533464566929
 20
1.0343382677165354
 30
0
 11
0.6334530708661417
 21
1.0343380708661416
 31
0
  0
LINE
  5
A8F
330
1A
100
AcDbEntity
  8
BLACK
  6
CONTINUOUS
100
AcDbLine
 10
0.6334530708661417
 20
1.0343380708661416
 30
0
 11
0.6290635039370078
 21
1.0299485039370078
 31
0
  0
LINE
  5
A90
330
1A
100
AcDbEntity
  8
BLACK
  6
CONTINUOUS
100
AcDbLine
 10
0.6290635039370078
 20
1.0299485039370078
 30
0
 11
0.6290633070866142
 21
1.0299482283464567
 31
0
  0
LINE
  5
A91
330
1A
100
AcDbEntity
  8
BLACK
  6
CONTINUOUS
100
AcDbLine
 10
0.6290633070866142
 20
1.0299482283464567
 30
0
 11
0.6256144094488189
 21
1.0247866141732282
 31
0
  0
LINE
  5
A92
330
1A
100
AcDbEntity
  8
BLACK
  6
CONTINUOUS
100
AcDbLine
 10
0.6256144094488189
 20
1.0247866141732282
 30
0
 11
0.623238779527559
 21
1.0190512992125984
 31
0
  0
LINE
  5
A93
330
1A
100
AcDbEntity
  8
BLACK
  6
CONTINUOUS
100
AcDbLine
 10
0.623238779527559
 20
1.0190512992125984
 30
0
 11
0.6232387007874015
 21
1.0190511023622046
 31
0
  0
LINE
  5
A94
330
1A
100
AcDbEntity
  8
BLACK
  6
CONTINUOUS
100
AcDbLine
 10
0.6232387007874015
 20
1.0190511023622046
 30
0
 11
0.6220275590551181
 21
1.0129624015748031
 31
0
  0
LINE
  5
A95
330
1A
100
AcDbEntity
  8
BLACK
  6
CONTINUOUS
100
AcDbLine
 10
0.6220275590551181
 20
1.0129624015748031
 30
0
 11
0.6220275590551181
 21
1.0067541732283465
 31
0
  0
LINE
  5
A96
330
1A
100
AcDbEntity
  8
BLACK
  6
CONTINUOUS
100
AcDbLine
 10
1.2714842519685039
 20
1.006895905511811
 30
0
 11
1.2719888976377953
 21
1.0043589763779528
 31
0
  0
LINE
  5
A97
330
1A
100
AcDbEntity
  8
BLACK
  6
CONTINUOUS
100
AcDbLine
 10
1.2719888976377953
 20
1.0043589763779528
 30
0
 11
1.2726953937007874
 21
1.0008072047244094
 31
0
  0
LINE
  5
A98
330
1A
100
AcDbEntity
  8
BLACK
  6
CONTINUOUS
100
AcDbLine
 10
1.2726953937007874
 20
1.0008072047244094
 30
0
 11
1.2750711023622048
 21
0.9950716929133858
 31
0
  0
LINE
  5
A99
330
1A
100
AcDbEntity
  8
BLACK
  6
CONTINUOUS
100
AcDbLine
 10
1.2750711023622048
 20
0.9950716929133858
 30
0
 11
1.2785201181102361
 21
0.9899098818897638
 31
0
  0
LINE
  5
A9A
330
1A
100
AcDbEntity
  8
BLACK
  6
CONTINUOUS
100
AcDbLine
 10
1.2785201181102361
 20
0.9899098818897638
 30
0
 11
1.2829098818897637
 21
0.9855201181102362
 31
0
  0
LINE
  5
A9B
330
1A
100
AcDbEntity
  8
BLACK
  6
CONTINUOUS
100
AcDbLine
 10
1.2829098818897637
 20
0.9855201181102362
 30
0
 11
1.2880716929133857
 21
0.9820711023622047
 31
0
  0
LINE
  5
A9C
330
1A
100
AcDbEntity
  8
BLACK
  6
CONTINUOUS
100
AcDbLine
 10
1.2880716929133857
 20
0.9820711023622047
 30
0
 11
1.2938072047244094
 21
0.9796953937007874
 31
0
  0
LINE
  5
A9D
330
1A
100
AcDbEntity
  8
BLACK
  6
CONTINUOUS
100
AcDbLine
 10
1.2938072047244094
 20
0.9796953937007874
 30
0
 11
1.2998959842519684
 21
0.9784842519685039
 31
0
  0
LINE
  5
A9E
330
1A
100
AcDbEntity
  8
BLACK
  6
CONTINUOUS
100
AcDbLine
 10
1.2998959842519684
 20
0.9784842519685039
 30
0
 11
1.2998960236220471
 21
0.9784842519685039
 31
0
  0
LINE
  5
A9F
330
1A
100
AcDbEntity
  8
BLACK
  6
CONTINUOUS
100
AcDbLine
 10
1.2998960236220471
 20
0.9784842519685039
 30
0
 11
1.3061039763779527
 21
0.9784842519685039
 31
0
  0
LINE
  5
AA0
330
1A
100
AcDbEntity
  8
BLACK
  6
CONTINUOUS
100
AcDbLine
 10
1.3061039763779527
 20
0.9784842519685039
 30
0
 11
1.3061040157480315
 21
0.9784842519685039
 31
0
  0
LINE
  5
AA1
330
1A
100
AcDbEntity
  8
BLACK
  6
CONTINUOUS
100
AcDbLine
 10
1.3061040157480315
 20
0.9784842519685039
 30
0
 11
1.3121927952755905
 21
0.9796953937007874
 31
0
  0
LINE
  5
AA2
330
1A
100
AcDbEntity
  8
BLACK
  6
CONTINUOUS
100
AcDbLine
 10
1.3121927952755905
 20
0.9796953937007874
 30
0
 11
1.3179283070866141
 21
0.9820711023622047
 31
0
  0
LINE
  5
AA3
330
1A
100
AcDbEntity
  8
BLACK
  6
CONTINUOUS
100
AcDbLine
 10
1.3179283070866141
 20
0.9820711023622047
 30
0
 11
1.3230901181102361
 21
0.9855201181102362
 31
0
  0
LINE
  5
AA4
330
1A
100
AcDbEntity
  8
BLACK
  6
CONTINUOUS
100
AcDbLine
 10
1.3230901181102361
 20
0.9855201181102362
 30
0
 11
1.3274798818897637
 21
0.9899098818897638
 31
0
  0
LINE
  5
AA5
330
1A
100
AcDbEntity
  8
BLACK
  6
CONTINUOUS
100
AcDbLine
 10
1.3274798818897637
 20
0.9899098818897638
 30
0
 11
1.3309288976377953
 21
0.9950716929133858
 31
0
  0
LINE
  5
AA6
330
1A
100
AcDbEntity
  8
BLACK
  6
CONTINUOUS
100
AcDbLine
 10
1.3309288976377953
 20
0.9950716929133858
 30
0
 11
1.3332771653543307
 21
1.0007410629921261
 31
0
  0
LINE
  5
AA7
330
1A
100
AcDbEntity
  8
BLACK
  6
CONTINUOUS
100
AcDbLine
 10
1.3332771653543307
 20
1.0007410629921261
 30
0
 11
1.3343523228346457
 21
1.0023501574803149
 31
0
  0
LINE
  5
AA8
330
1A
100
AcDbEntity
  8
BLACK
  6
CONTINUOUS
100
AcDbLine
 10
1.3343523228346457
 20
1.0023501574803149
 30
0
 11
1.3688288582677166
 21
1.0368266141732283
 31
0
  0
LINE
  5
AA9
330
1A
100
AcDbEntity
  8
BLACK
  6
CONTINUOUS
100
AcDbLine
 10
1.3688288582677166
 20
1.0368266141732283
 30
0
 11
1.3712820866141733
 21
1.0381661811023621
 31
0
  0
LINE
  5
AAA
330
1A
100
AcDbEntity
  8
BLACK
  6
CONTINUOUS
100
AcDbLine
 10
1.3712820866141733
 20
1.0381661811023621
 30
0
 11
1.3723365354330708
 21
1.0382795275590551
 31
0
  0
LINE
  5
AAB
330
1A
100
AcDbEntity
  8
BLACK
  6
CONTINUOUS
100
AcDbLine
 10
1.3723365354330708
 20
1.0382795275590551
 30
0
 11
1.5090900393700788
 21
1.0382795275590551
 31
0
  0
LINE
  5
AAC
330
1A
100
AcDbEntity
  8
BLACK
  6
CONTINUOUS
100
AcDbLine
 10
1.5090900393700788
 20
1.0382795275590551
 30
0
 11
1.5109882677165354
 21
1.037901968503937
 31
0
  0
LINE
  5
AAD
330
1A
100
AcDbEntity
  8
BLACK
  6
CONTINUOUS
100
AcDbLine
 10
1.5109882677165354
 20
1.037901968503937
 30
0
 11
1.5166575984251969
 21
1.0355536614173229
 31
0
  0
LINE
  5
AAE
330
1A
100
AcDbEntity
  8
BLACK
  6
CONTINUOUS
100
AcDbLine
 10
1.5166575984251969
 20
1.0355536614173229
 30
0
 11
1.5227463779527559
 21
1.0343425196850393
 31
0
  0
LINE
  5
AAF
330
1A
100
AcDbEntity
  8
BLACK
  6
CONTINUOUS
100
AcDbLine
 10
1.5227463779527559
 20
1.0343425196850393
 30
0
 11
1.5227464173228347
 21
1.0343425196850393
 31
0
  0
LINE
  5
AB0
330
1A
100
AcDbEntity
  8
BLACK
  6
CONTINUOUS
100
AcDbLine
 10
1.5227464173228347
 20
1.0343425196850393
 30
0
 11
1.52895437007874
 21
1.0343425196850393
 31
0
  0
LINE
  5
AB1
330
1A
100
AcDbEntity
  8
BLACK
  6
CONTINUOUS
100
AcDbLine
 10
1.52895437007874
 20
1.0343425196850393
 30
0
 11
1.5289544094488188
 21
1.0343425196850393
 31
0
  0
LINE
  5
AB2
330
1A
100
AcDbEntity
  8
BLACK
  6
CONTINUOUS
100
AcDbLine
 10
1.5289544094488188
 20
1.0343425196850393
 30
0
 11
1.5350431889763778
 21
1.0355536614173229
 31
0
  0
LINE
  5
AB3
330
1A
100
AcDbEntity
  8
BLACK
  6
CONTINUOUS
100
AcDbLine
 10
1.5350431889763778
 20
1.0355536614173229
 30
0
 11
1.5407787007874016
 21
1.0379293700787402
 31
0
  0
LINE
  5
AB4
330
1A
100
AcDbEntity
  8
BLACK
  6
CONTINUOUS
100
AcDbLine
 10
1.5407787007874016
 20
1.0379293700787402
 30
0
 11
1.5459405118110237
 21
1.0413783858267716
 31
0
  0
LINE
  5
AB5
330
1A
100
AcDbEntity
  8
BLACK
  6
CONTINUOUS
100
AcDbLine
 10
1.5459405118110237
 20
1.0413783858267716
 30
0
 11
1.5503302755905513
 21
1.0457681496062992
 31
0
  0
LINE
  5
AB6
330
1A
100
AcDbEntity
  8
BLACK
  6
CONTINUOUS
100
AcDbLine
 10
1.5503302755905513
 20
1.0457681496062992
 30
0
 11
1.5537792913385826
 21
1.0509299606299212
 31
0
  0
LINE
  5
AB7
330
1A
100
AcDbEntity
  8
BLACK
  6
CONTINUOUS
100
AcDbLine
 10
1.5537792913385826
 20
1.0509299606299212
 30
0
 11
1.556155
 21
1.0566654724409448
 31
0
  0
LINE
  5
AB8
330
1A
100
AcDbEntity
  8
BLACK
  6
CONTINUOUS
100
AcDbLine
 10
1.556155
 20
1.0566654724409448
 30
0
 11
1.5573661417322835
 21
1.0627542519685038
 31
0
  0
LINE
  5
AB9
330
1A
100
AcDbEntity
  8
BLACK
  6
CONTINUOUS
100
AcDbLine
 10
1.5573661417322835
 20
1.0627542519685038
 30
0
 11
1.5573661417322835
 21
1.0689622834645669
 31
0
  0
LINE
  5
ABA
330
1A
100
AcDbEntity
  8
BLACK
  6
CONTINUOUS
100
AcDbLine
 10
1.5573661417322835
 20
1.0689622834645669
 30
0
 11
1.556155
 21
1.0750510629921259
 31
0
  0
LINE
  5
ABB
330
1A
100
AcDbEntity
  8
BLACK
  6
CONTINUOUS
100
AcDbLine
 10
1.556155
 20
1.0750510629921259
 30
0
 11
1.5537792913385826
 21
1.0807865748031495
 31
0
  0
LINE
  5
ABC
330
1A
100
AcDbEntity
  8
BLACK
  6
CONTINUOUS
100
AcDbLine
 10
1.5537792913385826
 20
1.0807865748031495
 30
0
 11
1.5503302755905513
 21
1.0859483858267716
 31
0
  0
LINE
  5
ABD
330
1A
100
AcDbEntity
  8
BLACK
  6
CONTINUOUS
100
AcDbLine
 10
1.5503302755905513
 20
1.0859483858267716
 30
0
 11
1.5459405118110237
 21
1.0903381496062992
 31
0
  0
LINE
  5
ABE
330
1A
100
AcDbEntity
  8
BLACK
  6
CONTINUOUS
100
AcDbLine
 10
1.5459405118110237
 20
1.0903381496062992
 30
0
 11
1.5407787007874016
 21
1.0937871653543307
 31
0
  0
LINE
  5
ABF
330
1A
100
AcDbEntity
  8
BLACK
  6
CONTINUOUS
100
AcDbLine
 10
1.5407787007874016
 20
1.0937871653543307
 30
0
 11
1.5350431889763778
 21
1.0961628740157481
 31
0
  0
LINE
  5
AC0
330
1A
100
AcDbEntity
  8
BLACK
  6
CONTINUOUS
100
AcDbLine
 10
1.5350431889763778
 20
1.0961628740157481
 30
0
 11
1.5289544881889763
 21
1.0973740157480314
 31
0
  0
LINE
  5
AC1
330
1A
100
AcDbEntity
  8
BLACK
  6
CONTINUOUS
100
AcDbLine
 10
1.5289544881889763
 20
1.0973740157480314
 30
0
 11
1.5289544094488188
 21
1.0973740157480314
 31
0
  0
LINE
  5
AC2
330
1A
100
AcDbEntity
  8
BLACK
  6
CONTINUOUS
100
AcDbLine
 10
1.5289544094488188
 20
1.0973740157480314
 30
0
 11
1.5227463779527559
 21
1.0973740157480314
 31
0
  0
LINE
  5
AC3
330
1A
100
AcDbEntity
  8
BLACK
  6
CONTINUOUS
100
AcDbLine
 10
1.5227463779527559
 20
1.0973740157480314
 30
0
 11
1.5227462598425197
 21
1.0973740157480314
 31
0
  0
LINE
  5
AC4
330
1A
100
AcDbEntity
  8
BLACK
  6
CONTINUOUS
100
AcDbLine
 10
1.5227462598425197
 20
1.0973740157480314
 30
0
 11
1.5166575590551181
 21
1.0961628740157481
 31
0
  0
LINE
  5
AC5
330
1A
100
AcDbEntity
  8
BLACK
  6
CONTINUOUS
100
AcDbLine
 10
1.5166575590551181
 20
1.0961628740157481
 30
0
 11
1.5166573622047244
 21
1.0961627952755906
 31
0
  0
LINE
  5
AC6
330
1A
100
AcDbEntity
  8
BLACK
  6
CONTINUOUS
100
AcDbLine
 10
1.5166573622047244
 20
1.0961627952755906
 30
0
 11
1.513948622047244
 21
1.0950408267716536
 31
0
  0
LINE
  5
AC7
330
1A
100
AcDbEntity
  8
BLACK
  6
CONTINUOUS
100
AcDbLine
 10
1.513948622047244
 20
1.0950408267716536
 30
0
 11
1.5109882677165354
 21
1.0938146062992127
 31
0
  0
LINE
  5
AC8
330
1A
100
AcDbEntity
  8
BLACK
  6
CONTINUOUS
100
AcDbLine
 10
1.5109882677165354
 20
1.0938146062992127
 30
0
 11
1.5090900393700788
 21
1.0934370078740157
 31
0
  0
LINE
  5
AC9
330
1A
100
AcDbEntity
  8
BLACK
  6
CONTINUOUS
100
AcDbLine
 10
1.5090900393700788
 20
1.0934370078740157
 30
0
 11
1.3561417716535433
 21
1.0934370078740157
 31
0
  0
LINE
  5
ACA
330
1A
100
AcDbEntity
  8
BLACK
  6
CONTINUOUS
100
AcDbLine
 10
1.3561417716535433
 20
1.0934370078740157
 30
0
 11
1.351873622047244
 21
1.0925879921259842
 31
0
  0
LINE
  5
ACB
330
1A
100
AcDbEntity
  8
BLACK
  6
CONTINUOUS
100
AcDbLine
 10
1.351873622047244
 20
1.0925879921259842
 30
0
 11
1.3518735826771653
 21
1.092588031496063
 31
0
  0
LINE
  5
ACC
330
1A
100
AcDbEntity
  8
BLACK
  6
CONTINUOUS
100
AcDbLine
 10
1.3518735826771653
 20
1.092588031496063
 30
0
 11
1.350814094488189
 21
1.0923772440944881
 31
0
  0
LINE
  5
ACD
330
1A
100
AcDbEntity
  8
BLACK
  6
CONTINUOUS
100
AcDbLine
 10
1.350814094488189
 20
1.0923772440944881
 30
0
 11
1.3508138188976377
 21
1.0923771653543306
 31
0
  0
LINE
  5
ACE
330
1A
100
AcDbEntity
  8
BLACK
  6
CONTINUOUS
100
AcDbLine
 10
1.3508138188976377
 20
1.0923771653543306
 30
0
 11
1.3457948031496063
 21
1.0902982283464566
 31
0
  0
LINE
  5
ACF
330
1A
100
AcDbEntity
  8
BLACK
  6
CONTINUOUS
100
AcDbLine
 10
1.3457948031496063
 20
1.0902982283464566
 30
0
 11
1.3412777559055118
 21
1.0872800393700788
 31
0
  0
LINE
  5
AD0
330
1A
100
AcDbEntity
  8
BLACK
  6
CONTINUOUS
100
AcDbLine
 10
1.3412777559055118
 20
1.0872800393700788
 30
0
 11
1.3412775196850393
 21
1.087279842519685
 31
0
  0
LINE
  5
AD1
330
1A
100
AcDbEntity
  8
BLACK
  6
CONTINUOUS
100
AcDbLine
 10
1.3412775196850393
 20
1.087279842519685
 30
0
 11
1.2953501968503938
 21
1.0413525196850393
 31
0
  0
LINE
  5
AD2
330
1A
100
AcDbEntity
  8
BLACK
  6
CONTINUOUS
100
AcDbLine
 10
1.2953501968503938
 20
1.0413525196850393
 30
0
 11
1.293740905511811
 21
1.0402771653543308
 31
0
  0
LINE
  5
AD3
330
1A
100
AcDbEntity
  8
BLACK
  6
CONTINUOUS
100
AcDbLine
 10
1.293740905511811
 20
1.0402771653543308
 30
0
 11
1.2894574409448818
 21
1.0385029133858268
 31
0
  0
LINE
  5
AD4
330
1A
100
AcDbEntity
  8
BLACK
  6
CONTINUOUS
100
AcDbLine
 10
1.2894574409448818
 20
1.0385029133858268
 30
0
 11
1.2880729527559054
 21
1.037929409448819
 31
0
  0
LINE
  5
AD5
330
1A
100
AcDbEntity
  8
BLACK
  6
CONTINUOUS
100
AcDbLine
 10
1.2880729527559054
 20
1.037929409448819
 30
0
 11
1.2880716141732282
 21
1.0379288582677164
 31
0
  0
LINE
  5
AD6
330
1A
100
AcDbEntity
  8
BLACK
  6
CONTINUOUS
100
AcDbLine
 10
1.2880716141732282
 20
1.0379288582677164
 30
0
 11
1.2829100393700787
 21
1.0344800000000001
 31
0
  0
LINE
  5
AD7
330
1A
100
AcDbEntity
  8
BLACK
  6
CONTINUOUS
100
AcDbLine
 10
1.2829100393700787
 20
1.0344800000000001
 30
0
 11
1.2829097637795275
 21
1.0344798031496063
 31
0
  0
LINE
  5
AD8
330
1A
100
AcDbEntity
  8
BLACK
  6
CONTINUOUS
100
AcDbLine
 10
1.2829097637795275
 20
1.0344798031496063
 30
0
 11
1.2785201968503936
 21
1.0300902362204725
 31
0
  0
LINE
  5
AD9
330
1A
100
AcDbEntity
  8
BLACK
  6
CONTINUOUS
100
AcDbLine
 10
1.2785201968503936
 20
1.0300902362204725
 30
0
 11
1.2785199999999999
 21
1.0300899606299212
 31
0
  0
LINE
  5
ADA
330
1A
100
AcDbEntity
  8
BLACK
  6
CONTINUOUS
100
AcDbLine
 10
1.2785199999999999
 20
1.0300899606299212
 30
0
 11
1.2750711023622048
 21
1.024928346456693
 31
0
  0
LINE
  5
ADB
330
1A
100
AcDbEntity
  8
BLACK
  6
CONTINUOUS
100
AcDbLine
 10
1.2750711023622048
 20
1.024928346456693
 30
0
 11
1.2726954724409449
 21
1.0191930314960629
 31
0
  0
LINE
  5
ADC
330
1A
100
AcDbEntity
  8
BLACK
  6
CONTINUOUS
100
AcDbLine
 10
1.2726954724409449
 20
1.0191930314960629
 30
0
 11
1.2726953937007874
 21
1.0191928346456693
 31
0
  0
LINE
  5
ADD
330
1A
100
AcDbEntity
  8
BLACK
  6
CONTINUOUS
100
AcDbLine
 10
1.2726953937007874
 20
1.0191928346456693
 30
0
 11
1.2714842519685039
 21
1.0131041338582676
 31
0
  0
LINE
  5
ADE
330
1A
100
AcDbEntity
  8
BLACK
  6
CONTINUOUS
100
AcDbLine
 10
1.2714842519685039
 20
1.0131041338582676
 30
0
 11
1.2714842519685039
 21
1.006895905511811
 31
0
  0
LINE
  5
ADF
330
1A
100
AcDbEntity
  8
BLACK
  6
CONTINUOUS
100
AcDbLine
 10
1.9542322834645669
 20
2.0687592125984251
 30
0
 11
1.9548170472440944
 21
2.0650668503937006
 31
0
  0
LINE
  5
AE0
330
1A
100
AcDbEntity
  8
BLACK
  6
CONTINUOUS
100
AcDbLine
 10
1.9548170472440944
 20
2.0650668503937006
 30
0
 11
1.9570846062992127
 21
2.0606164566929133
 31
0
  0
LINE
  5
AE1
330
1A
100
AcDbEntity
  8
BLACK
  6
CONTINUOUS
100
AcDbLine
 10
1.9570846062992127
 20
2.0606164566929133
 30
0
 11
1.9606164173228346
 21
2.0570846456692915
 31
0
  0
LINE
  5
AE2
330
1A
100
AcDbEntity
  8
BLACK
  6
CONTINUOUS
100
AcDbLine
 10
1.9606164173228346
 20
2.0570846456692915
 30
0
 11
1.9628839763779526
 21
2.0559292913385825
 31
0
  0
LINE
  5
AE3
330
1A
100
AcDbEntity
  8
BLACK
  6
CONTINUOUS
100
AcDbLine
 10
1.9628839763779526
 20
2.0559292913385825
 30
0
 11
1.9650667716535433
 21
2.0548170866141731
 31
0
  0
LINE
  5
AE4
330
1A
100
AcDbEntity
  8
BLACK
  6
CONTINUOUS
100
AcDbLine
 10
1.9650667716535433
 20
2.0548170866141731
 30
0
 11
1.9650669291338583
 21
2.0548170866141731
 31
0
  0
LINE
  5
AE5
330
1A
100
AcDbEntity
  8
BLACK
  6
CONTINUOUS
100
AcDbLine
 10
1.9650669291338583
 20
2.0548170866141731
 30
0
 11
1.965371968503937
 21
2.0547179527559054
 31
0
  0
LINE
  5
AE6
330
1A
100
AcDbEntity
  8
BLACK
  6
CONTINUOUS
100
AcDbLine
 10
1.965371968503937
 20
2.0547179527559054
 30
0
 11
1.9676793307086613
 21
2.0531403937007875
 31
0
  0
LINE
  5
AE7
330
1A
100
AcDbEntity
  8
BLACK
  6
CONTINUOUS
100
AcDbLine
 10
1.9676793307086613
 20
2.0531403937007875
 30
0
 11
1.9687675590551181
 21
2.0505657874015748
 31
0
  0
LINE
  5
AE8
330
1A
100
AcDbEntity
  8
BLACK
  6
CONTINUOUS
100
AcDbLine
 10
1.9687675590551181
 20
2.0505657874015748
 30
0
 11
1.968291062992126
 21
2.047811535433071
 31
0
  0
LINE
  5
AE9
330
1A
100
AcDbEntity
  8
BLACK
  6
CONTINUOUS
100
AcDbLine
 10
1.968291062992126
 20
2.047811535433071
 30
0
 11
1.9664011811023621
 21
2.0457521653543305
 31
0
  0
LINE
  5
AEA
330
1A
100
AcDbEntity
  8
BLACK
  6
CONTINUOUS
100
AcDbLine
 10
1.9664011811023621
 20
2.0457521653543305
 30
0
 11
1.9653724409448818
 21
2.0452822834645668
 31
0
  0
LINE
  5
AEB
330
1A
100
AcDbEntity
  8
BLACK
  6
CONTINUOUS
100
AcDbLine
 10
1.9653724409448818
 20
2.0452822834645668
 30
0
 11
1.965066968503937
 21
2.0451830314960628
 31
0
  0
LINE
  5
AEC
330
1A
100
AcDbEntity
  8
BLACK
  6
CONTINUOUS
100
AcDbLine
 10
1.965066968503937
 20
2.0451830314960628
 30
0
 11
1.9606164173228346
 21
2.0429153937007873
 31
0
  0
LINE
  5
AED
330
1A
100
AcDbEntity
  8
BLACK
  6
CONTINUOUS
100
AcDbLine
 10
1.9606164173228346
 20
2.0429153937007873
 30
0
 11
1.9570846062992127
 21
2.0393835826771651
 31
0
  0
LINE
  5
AEE
330
1A
100
AcDbEntity
  8
BLACK
  6
CONTINUOUS
100
AcDbLine
 10
1.9570846062992127
 20
2.0393835826771651
 30
0
 11
1.9548171259842519
 21
2.034933307086614
 31
0
  0
LINE
  5
AEF
330
1A
100
AcDbEntity
  8
BLACK
  6
CONTINUOUS
100
AcDbLine
 10
1.9548171259842519
 20
2.034933307086614
 30
0
 11
1.9548170866141732
 21
2.0349332283464565
 31
0
  0
LINE
  5
AF0
330
1A
100
AcDbEntity
  8
BLACK
  6
CONTINUOUS
100
AcDbLine
 10
1.9548170866141732
 20
2.0349332283464565
 30
0
 11
1.9542322834645669
 21
2.0312409055118108
 31
0
  0
LINE
  5
AF1
330
1A
100
AcDbEntity
  8
BLACK
  6
CONTINUOUS
100
AcDbLine
 10
1.9542322834645669
 20
2.0312409055118108
 30
0
 11
1.9542322834645669
 21
2.0312407874015745
 31
0
  0
LINE
  5
AF2
330
1A
100
AcDbEntity
  8
BLACK
  6
CONTINUOUS
100
AcDbLine
 10
1.9542322834645669
 20
2.0312407874015745
 30
0
 11
1.9542322834645669
 21
1.9687592125984252
 31
0
  0
LINE
  5
AF3
330
1A
100
AcDbEntity
  8
BLACK
  6
CONTINUOUS
100
AcDbLine
 10
1.9542322834645669
 20
1.9687592125984252
 30
0
 11
1.9548170472440944
 21
1.9650668503937008
 31
0
  0
LINE
  5
AF4
330
1A
100
AcDbEntity
  8
BLACK
  6
CONTINUOUS
100
AcDbLine
 10
1.9548170472440944
 20
1.9650668503937008
 30
0
 11
1.9570846062992127
 21
1.9606164566929134
 31
0
  0
LINE
  5
AF5
330
1A
100
AcDbEntity
  8
BLACK
  6
CONTINUOUS
100
AcDbLine
 10
1.9570846062992127
 20
1.9606164566929134
 30
0
 11
1.9606164173228346
 21
1.9570846456692912
 31
0
  0
LINE
  5
AF6
330
1A
100
AcDbEntity
  8
BLACK
  6
CONTINUOUS
100
AcDbLine
 10
1.9606164173228346
 20
1.9570846456692912
 30
0
 11
1.9621377559055118
 21
1.9563095275590552
 31
0
  0
LINE
  5
AF7
330
1A
100
AcDbEntity
  8
BLACK
  6
CONTINUOUS
100
AcDbLine
 10
1.9621377559055118
 20
1.9563095275590552
 30
0
 11
1.9650667716535433
 21
1.9548170866141732
 31
0
  0
LINE
  5
AF8
330
1A
100
AcDbEntity
  8
BLACK
  6
CONTINUOUS
100
AcDbLine
 10
1.9650667716535433
 20
1.9548170866141732
 30
0
 11
1.968759094488189
 21
1.9542322834645669
 31
0
  0
LINE
  5
AF9
330
1A
100
AcDbEntity
  8
BLACK
  6
CONTINUOUS
100
AcDbLine
 10
1.968759094488189
 20
1.9542322834645669
 30
0
 11
2.031240866141732
 21
1.9542323228346457
 31
0
  0
LINE
  5
AFA
330
1A
100
AcDbEntity
  8
BLACK
  6
CONTINUOUS
100
AcDbLine
 10
2.031240866141732
 20
1.9542323228346457
 30
0
 11
2.0349332283464565
 21
1.9548170866141732
 31
0
  0
LINE
  5
AFB
330
1A
100
AcDbEntity
  8
BLACK
  6
CONTINUOUS
100
AcDbLine
 10
2.0349332283464565
 20
1.9548170866141732
 30
0
 11
2.035783346456693
 21
1.9552502755905512
 31
0
  0
LINE
  5
AFC
330
1A
100
AcDbEntity
  8
BLACK
  6
CONTINUOUS
100
AcDbLine
 10
2.035783346456693
 20
1.9552502755905512
 30
0
 11
2.0385303937007873
 21
1.9557661811023621
 31
0
  0
LINE
  5
AFD
330
1A
100
AcDbEntity
  8
BLACK
  6
CONTINUOUS
100
AcDbLine
 10
2.0385303937007873
 20
1.9557661811023621
 30
0
 11
2.0411203543307086
 21
1.9547150393700787
 31
0
  0
LINE
  5
AFE
330
1A
100
AcDbEntity
  8
BLACK
  6
CONTINUOUS
100
AcDbLine
 10
2.0411203543307086
 20
1.9547150393700787
 30
0
 11
2.0427308661417323
 21
1.9524305118110237
 31
0
  0
LINE
  5
AFF
330
1A
100
AcDbEntity
  8
BLACK
  6
CONTINUOUS
100
AcDbLine
 10
2.0427308661417323
 20
1.9524305118110237
 30
0
 11
2.0429960629921258
 21
1.9508303149606299
 31
0
  0
LINE
  5
B00
330
1A
100
AcDbEntity
  8
BLACK
  6
CONTINUOUS
100
AcDbLine
 10
2.0429960629921258
 20
1.9508303149606299
 30
0
 11
2.0429960629921258
 21
1.6849053937007874
 31
0
  0
LINE
  5
B01
330
1A
100
AcDbEntity
  8
BLACK
  6
CONTINUOUS
100
AcDbLine
 10
2.0429960629921258
 20
1.6849053937007874
 30
0
 11
2.0427055118110236
 21
1.683444527559055
 31
0
  0
LINE
  5
B02
330
1A
100
AcDbEntity
  8
BLACK
  6
CONTINUOUS
100
AcDbLine
 10
2.0427055118110236
 20
1.683444527559055
 30
0
 11
2.0427661811023623
 21
1.6834261023622046
 31
0
  0
LINE
  5
B03
330
1A
100
AcDbEntity
  8
BLACK
  6
CONTINUOUS
100
AcDbLine
 10
2.0427661811023623
 20
1.6834261023622046
 30
0
 11
2.0426953937007872
 21
1.6831927952755905
 31
0
  0
LINE
  5
B04
330
1A
100
AcDbEntity
  8
BLACK
  6
CONTINUOUS
100
AcDbLine
 10
2.0426953937007872
 20
1.6831927952755905
 30
0
 11
2.0414842519685039
 21
1.6771041338582677
 31
0
  0
LINE
  5
B05
330
1A
100
AcDbEntity
  8
BLACK
  6
CONTINUOUS
100
AcDbLine
 10
2.0414842519685039
 20
1.6771041338582677
 30
0
 11
2.0414842519685039
 21
1.6708959055118109
 31
0
  0
LINE
  5
B06
330
1A
100
AcDbEntity
  8
BLACK
  6
CONTINUOUS
100
AcDbLine
 10
2.0414842519685039
 20
1.6708959055118109
 30
0
 11
2.0419833464566928
 21
1.668386811023622
 31
0
  0
LINE
  5
B07
330
1A
100
AcDbEntity
  8
BLACK
  6
CONTINUOUS
100
AcDbLine
 10
2.0419833464566928
 20
1.668386811023622
 30
0
 11
2.0426953937007872
 21
1.6648072047244094
 31
0
  0
LINE
  5
B08
330
1A
100
AcDbEntity
  8
BLACK
  6
CONTINUOUS
100
AcDbLine
 10
2.0426953937007872
 20
1.6648072047244094
 30
0
 11
2.042695433070866
 21
1.6648070472440943
 31
0
  0
LINE
  5
B09
330
1A
100
AcDbEntity
  8
BLACK
  6
CONTINUOUS
100
AcDbLine
 10
2.042695433070866
 20
1.6648070472440943
 30
0
 11
2.0426954724409447
 21
1.6648070078740158
 31
0
  0
LINE
  5
B0A
330
1A
100
AcDbEntity
  8
BLACK
  6
CONTINUOUS
100
AcDbLine
 10
2.0426954724409447
 20
1.6648070078740158
 30
0
 11
2.0447155905511809
 21
1.6599299606299212
 31
0
  0
LINE
  5
B0B
330
1A
100
AcDbEntity
  8
BLACK
  6
CONTINUOUS
100
AcDbLine
 10
2.0447155905511809
 20
1.6599299606299212
 30
0
 11
2.0450711023622046
 21
1.6590716929133857
 31
0
  0
LINE
  5
B0C
330
1A
100
AcDbEntity
  8
BLACK
  6
CONTINUOUS
100
AcDbLine
 10
2.0450711023622046
 20
1.6590716929133857
 30
0
 11
2.0485201181102362
 21
1.6539098818897637
 31
0
  0
LINE
  5
B0D
330
1A
100
AcDbEntity
  8
BLACK
  6
CONTINUOUS
100
AcDbLine
 10
2.0485201181102362
 20
1.6539098818897637
 30
0
 11
2.0529098818897635
 21
1.6495201181102361
 31
0
  0
LINE
  5
B0E
330
1A
100
AcDbEntity
  8
BLACK
  6
CONTINUOUS
100
AcDbLine
 10
2.0529098818897635
 20
1.6495201181102361
 30
0
 11
2.0580716929133858
 21
1.6460711023622048
 31
0
  0
LINE
  5
B0F
330
1A
100
AcDbEntity
  8
BLACK
  6
CONTINUOUS
100
AcDbLine
 10
2.0580716929133858
 20
1.6460711023622048
 30
0
 11
2.0638072047244096
 21
1.6436953937007874
 31
0
  0
LINE
  5
B10
330
1A
100
AcDbEntity
  8
BLACK
  6
CONTINUOUS
100
AcDbLine
 10
2.0638072047244096
 20
1.6436953937007874
 30
0
 11
2.0698959842519686
 21
1.6424842519685039
 31
0
  0
LINE
  5
B11
330
1A
100
AcDbEntity
  8
BLACK
  6
CONTINUOUS
100
AcDbLine
 10
2.0698959842519686
 20
1.6424842519685039
 30
0
 11
2.0698960236220474
 21
1.6424842519685039
 31
0
  0
LINE
  5
B12
330
1A
100
AcDbEntity
  8
BLACK
  6
CONTINUOUS
100
AcDbLine
 10
2.0698960236220474
 20
1.6424842519685039
 30
0
 11
2.0761039763779525
 21
1.6424842519685039
 31
0
  0
LINE
  5
B13
330
1A
100
AcDbEntity
  8
BLACK
  6
CONTINUOUS
100
AcDbLine
 10
2.0761039763779525
 20
1.6424842519685039
 30
0
 11
2.0761040157480313
 21
1.6424842519685039
 31
0
  0
LINE
  5
B14
330
1A
100
AcDbEntity
  8
BLACK
  6
CONTINUOUS
100
AcDbLine
 10
2.0761040157480313
 20
1.6424842519685039
 30
0
 11
2.0821927952755903
 21
1.6436953937007874
 31
0
  0
LINE
  5
B15
330
1A
100
AcDbEntity
  8
BLACK
  6
CONTINUOUS
100
AcDbLine
 10
2.0821927952755903
 20
1.6436953937007874
 30
0
 11
2.0821931889763778
 21
1.6436955511811022
 31
0
  0
LINE
  5
B16
330
1A
100
AcDbEntity
  8
BLACK
  6
CONTINUOUS
100
AcDbLine
 10
2.0821931889763778
 20
1.6436955511811022
 30
0
 11
2.0831095669291337
 21
1.6440751181102362
 31
0
  0
LINE
  5
B17
330
1A
100
AcDbEntity
  8
BLACK
  6
CONTINUOUS
100
AcDbLine
 10
2.0831095669291337
 20
1.6440751181102362
 30
0
 11
2.0850079527559053
 21
1.6444527559055118
 31
0
  0
LINE
  5
B18
330
1A
100
AcDbEntity
  8
BLACK
  6
CONTINUOUS
100
AcDbLine
 10
2.0850079527559053
 20
1.6444527559055118
 30
0
 11
2.3063691732283464
 21
1.6444527559055118
 31
0
  0
LINE
  5
B19
330
1A
100
AcDbEntity
  8
BLACK
  6
CONTINUOUS
100
AcDbLine
 10
2.3063691732283464
 20
1.6444527559055118
 30
0
 11
2.3073369685039369
 21
1.6443574409448818
 31
0
  0
LINE
  5
B1A
330
1A
100
AcDbEntity
  8
BLACK
  6
CONTINUOUS
100
AcDbLine
 10
2.3073369685039369
 20
1.6443574409448818
 30
0
 11
2.3124392913385825
 21
1.6433425196850393
 31
0
  0
LINE
  5
B1B
330
1A
100
AcDbEntity
  8
BLACK
  6
CONTINUOUS
100
AcDbLine
 10
2.3124392913385825
 20
1.6433425196850393
 30
0
 11
2.3124393307086613
 21
1.6433425196850393
 31
0
  0
LINE
  5
B1C
330
1A
100
AcDbEntity
  8
BLACK
  6
CONTINUOUS
100
AcDbLine
 10
2.3124393307086613
 20
1.6433425196850393
 30
0
 11
2.3186472834645668
 21
1.6433425196850393
 31
0
  0
LINE
  5
B1D
330
1A
100
AcDbEntity
  8
BLACK
  6
CONTINUOUS
100
AcDbLine
 10
2.3186472834645668
 20
1.6433425196850393
 30
0
 11
2.3186473228346456
 21
1.6433425196850393
 31
0
  0
LINE
  5
B1E
330
1A
100
AcDbEntity
  8
BLACK
  6
CONTINUOUS
100
AcDbLine
 10
2.3186473228346456
 20
1.6433425196850393
 30
0
 11
2.3247361023622046
 21
1.6445536614173228
 31
0
  0
LINE
  5
B1F
330
1A
100
AcDbEntity
  8
BLACK
  6
CONTINUOUS
100
AcDbLine
 10
2.3247361023622046
 20
1.6445536614173228
 30
0
 11
2.3304716141732285
 21
1.6469293700787402
 31
0
  0
LINE
  5
B20
330
1A
100
AcDbEntity
  8
BLACK
  6
CONTINUOUS
100
AcDbLine
 10
2.3304716141732285
 20
1.6469293700787402
 30
0
 11
2.3356334251968502
 21
1.6503783858267715
 31
0
  0
LINE
  5
B21
330
1A
100
AcDbEntity
  8
BLACK
  6
CONTINUOUS
100
AcDbLine
 10
2.3356334251968502
 20
1.6503783858267715
 30
0
 11
2.3400231889763781
 21
1.6547681496062991
 31
0
  0
LINE
  5
B22
330
1A
100
AcDbEntity
  8
BLACK
  6
CONTINUOUS
100
AcDbLine
 10
2.3400231889763781
 20
1.6547681496062991
 30
0
 11
2.3434722047244092
 21
1.6599299606299212
 31
0
  0
LINE
  5
B23
330
1A
100
AcDbEntity
  8
BLACK
  6
CONTINUOUS
100
AcDbLine
 10
2.3434722047244092
 20
1.6599299606299212
 30
0
 11
2.3458479133858265
 21
1.6656654724409448
 31
0
  0
LINE
  5
B24
330
1A
100
AcDbEntity
  8
BLACK
  6
CONTINUOUS
100
AcDbLine
 10
2.3458479133858265
 20
1.6656654724409448
 30
0
 11
2.3470590551181103
 21
1.6717542519685038
 31
0
  0
LINE
  5
B25
330
1A
100
AcDbEntity
  8
BLACK
  6
CONTINUOUS
100
AcDbLine
 10
2.3470590551181103
 20
1.6717542519685038
 30
0
 11
2.3470590551181103
 21
1.6779622834645669
 31
0
  0
LINE
  5
B26
330
1A
100
AcDbEntity
  8
BLACK
  6
CONTINUOUS
100
AcDbLine
 10
2.3470590551181103
 20
1.6779622834645669
 30
0
 11
2.3458479133858265
 21
1.6840510629921259
 31
0
  0
LINE
  5
B27
330
1A
100
AcDbEntity
  8
BLACK
  6
CONTINUOUS
100
AcDbLine
 10
2.3458479133858265
 20
1.6840510629921259
 30
0
 11
2.3434722047244092
 21
1.6897865748031495
 31
0
  0
LINE
  5
B28
330
1A
100
AcDbEntity
  8
BLACK
  6
CONTINUOUS
100
AcDbLine
 10
2.3434722047244092
 20
1.6897865748031495
 30
0
 11
2.3400231889763781
 21
1.6949483858267715
 31
0
  0
LINE
  5
B29
330
1A
100
AcDbEntity
  8
BLACK
  6
CONTINUOUS
100
AcDbLine
 10
2.3400231889763781
 20
1.6949483858267715
 30
0
 11
2.3356334251968502
 21
1.6993381496062991
 31
0
  0
LINE
  5
B2A
330
1A
100
AcDbEntity
  8
BLACK
  6
CONTINUOUS
100
AcDbLine
 10
2.3356334251968502
 20
1.6993381496062991
 30
0
 11
2.3304716141732285
 21
1.7027871653543307
 31
0
  0
LINE
  5
B2B
330
1A
100
AcDbEntity
  8
BLACK
  6
CONTINUOUS
100
AcDbLine
 10
2.3304716141732285
 20
1.7027871653543307
 30
0
 11
2.3247361023622046
 21
1.7051628740157481
 31
0
  0
LINE
  5
B2C
330
1A
100
AcDbEntity
  8
BLACK
  6
CONTINUOUS
100
AcDbLine
 10
2.3247361023622046
 20
1.7051628740157481
 30
0
 11
2.3241211417322836
 21
1.7052851968503937
 31
0
  0
LINE
  5
B2D
330
1A
100
AcDbEntity
  8
BLACK
  6
CONTINUOUS
100
AcDbLine
 10
2.3241211417322836
 20
1.7052851968503937
 30
0
 11
2.3186474015748031
 21
1.7063740157480314
 31
0
  0
LINE
  5
B2E
330
1A
100
AcDbEntity
  8
BLACK
  6
CONTINUOUS
100
AcDbLine
 10
2.3186474015748031
 20
1.7063740157480314
 30
0
 11
2.3186473228346456
 21
1.7063740157480314
 31
0
  0
LINE
  5
B2F
330
1A
100
AcDbEntity
  8
BLACK
  6
CONTINUOUS
100
AcDbLine
 10
2.3186473228346456
 20
1.7063740157480314
 30
0
 11
2.3124392913385825
 21
1.7063740157480314
 31
0
  0
LINE
  5
B30
330
1A
100
AcDbEntity
  8
BLACK
  6
CONTINUOUS
100
AcDbLine
 10
2.3124392913385825
 20
1.7063740157480314
 30
0
 11
2.3124391732283462
 21
1.7063740157480314
 31
0
  0
LINE
  5
B31
330
1A
100
AcDbEntity
  8
BLACK
  6
CONTINUOUS
100
AcDbLine
 10
2.3124391732283462
 20
1.7063740157480314
 30
0
 11
2.3063504724409447
 21
1.7051628740157481
 31
0
  0
LINE
  5
B32
330
1A
100
AcDbEntity
  8
BLACK
  6
CONTINUOUS
100
AcDbLine
 10
2.3063504724409447
 20
1.7051628740157481
 30
0
 11
2.3063502755905509
 21
1.7051627952755906
 31
0
  0
LINE
  5
B33
330
1A
100
AcDbEntity
  8
BLACK
  6
CONTINUOUS
100
AcDbLine
 10
2.3063502755905509
 20
1.7051627952755906
 30
0
 11
2.3033616141732285
 21
1.7039248425196849
 31
0
  0
LINE
  5
B34
330
1A
100
AcDbEntity
  8
BLACK
  6
CONTINUOUS
100
AcDbLine
 10
2.3033616141732285
 20
1.7039248425196849
 30
0
 11
2.3014632677165352
 21
1.7035472440944881
 31
0
  0
LINE
  5
B35
330
1A
100
AcDbEntity
  8
BLACK
  6
CONTINUOUS
100
AcDbLine
 10
2.3014632677165352
 20
1.7035472440944881
 30
0
 11
2.1070511811023622
 21
1.7035472440944881
 31
0
  0
LINE
  5
B36
330
1A
100
AcDbEntity
  8
BLACK
  6
CONTINUOUS
100
AcDbLine
 10
2.1070511811023622
 20
1.7035472440944881
 30
0
 11
2.104369251968504
 21
1.7043347244094489
 31
0
  0
LINE
  5
B37
330
1A
100
AcDbEntity
  8
BLACK
  6
CONTINUOUS
100
AcDbLine
 10
2.104369251968504
 20
1.7043347244094489
 30
0
 11
2.1025388188976377
 21
1.7064471653543307
 31
0
  0
LINE
  5
B38
330
1A
100
AcDbEntity
  8
BLACK
  6
CONTINUOUS
100
AcDbLine
 10
2.1025388188976377
 20
1.7064471653543307
 30
0
 11
2.1020905511811021
 21
1.708507874015748
 31
0
  0
LINE
  5
B39
330
1A
100
AcDbEntity
  8
BLACK
  6
CONTINUOUS
100
AcDbLine
 10
2.1020905511811021
 20
1.708507874015748
 30
0
 11
2.1020905511811021
 21
1.9492716929133858
 31
0
  0
LINE
  5
B3A
330
1A
100
AcDbEntity
  8
BLACK
  6
CONTINUOUS
100
AcDbLine
 10
2.1020905511811021
 20
1.9492716929133858
 30
0
 11
2.1028780314960631
 21
1.951953622047244
 31
0
  0
LINE
  5
B3B
330
1A
100
AcDbEntity
  8
BLACK
  6
CONTINUOUS
100
AcDbLine
 10
2.1028780314960631
 20
1.951953622047244
 30
0
 11
2.1049904724409449
 21
1.9537840551181103
 31
0
  0
LINE
  5
B3C
330
1A
100
AcDbEntity
  8
BLACK
  6
CONTINUOUS
100
AcDbLine
 10
2.1049904724409449
 20
1.9537840551181103
 30
0
 11
2.1070511811023622
 21
1.9542323228346457
 31
0
  0
LINE
  5
B3D
330
1A
100
AcDbEntity
  8
BLACK
  6
CONTINUOUS
100
AcDbLine
 10
2.1070511811023622
 20
1.9542323228346457
 30
0
 11
2.1312407874015746
 21
1.9542323228346457
 31
0
  0
LINE
  5
B3E
330
1A
100
AcDbEntity
  8
BLACK
  6
CONTINUOUS
100
AcDbLine
 10
2.1312407874015746
 20
1.9542323228346457
 30
0
 11
2.1312408661417321
 21
1.9542323228346457
 31
0
  0
LINE
  5
B3F
330
1A
100
AcDbEntity
  8
BLACK
  6
CONTINUOUS
100
AcDbLine
 10
2.1312408661417321
 20
1.9542323228346457
 30
0
 11
2.1349332283464566
 21
1.9548170866141732
 31
0
  0
LINE
  5
B40
330
1A
100
AcDbEntity
  8
BLACK
  6
CONTINUOUS
100
AcDbLine
 10
2.1349332283464566
 20
1.9548170866141732
 30
0
 11
2.1393835433070865
 21
1.9570846456692912
 31
0
  0
LINE
  5
B41
330
1A
100
AcDbEntity
  8
BLACK
  6
CONTINUOUS
100
AcDbLine
 10
2.1393835433070865
 20
1.9570846456692912
 30
0
 11
2.1429153543307087
 21
1.9606164566929134
 31
0
  0
LINE
  5
B42
330
1A
100
AcDbEntity
  8
BLACK
  6
CONTINUOUS
100
AcDbLine
 10
2.1429153543307087
 20
1.9606164566929134
 30
0
 11
2.1451829133858267
 21
1.9650667716535433
 31
0
  0
LINE
  5
B43
330
1A
100
AcDbEntity
  8
BLACK
  6
CONTINUOUS
100
AcDbLine
 10
2.1451829133858267
 20
1.9650667716535433
 30
0
 11
2.1451829527559054
 21
1.9650672834645668
 31
0
  0
LINE
  5
B44
330
1A
100
AcDbEntity
  8
BLACK
  6
CONTINUOUS
100
AcDbLine
 10
2.1451829527559054
 20
1.9650672834645668
 30
0
 11
2.1452820078740156
 21
1.9653719291338583
 31
0
  0
LINE
  5
B45
330
1A
100
AcDbEntity
  8
BLACK
  6
CONTINUOUS
100
AcDbLine
 10
2.1452820078740156
 20
1.9653719291338583
 30
0
 11
2.1468595275590552
 21
1.9676793307086613
 31
0
  0
LINE
  5
B46
330
1A
100
AcDbEntity
  8
BLACK
  6
CONTINUOUS
100
AcDbLine
 10
2.1468595275590552
 20
1.9676793307086613
 30
0
 11
2.1494341338582679
 21
1.9687675984251969
 31
0
  0
LINE
  5
B47
330
1A
100
AcDbEntity
  8
BLACK
  6
CONTINUOUS
100
AcDbLine
 10
2.1494341338582679
 20
1.9687675984251969
 30
0
 11
2.1521883858267716
 21
1.9682911417322835
 31
0
  0
LINE
  5
B48
330
1A
100
AcDbEntity
  8
BLACK
  6
CONTINUOUS
100
AcDbLine
 10
2.1521883858267716
 20
1.9682911417322835
 30
0
 11
2.1542477952755905
 21
1.9664012992125983
 31
0
  0
LINE
  5
B49
330
1A
100
AcDbEntity
  8
BLACK
  6
CONTINUOUS
100
AcDbLine
 10
2.1542477952755905
 20
1.9664012992125983
 30
0
 11
2.1547177559055117
 21
1.9653724015748031
 31
0
  0
LINE
  5
B4A
330
1A
100
AcDbEntity
  8
BLACK
  6
CONTINUOUS
100
AcDbLine
 10
2.1547177559055117
 20
1.9653724015748031
 30
0
 11
2.1548170078740156
 21
1.9650668897637795
 31
0
  0
LINE
  5
B4B
330
1A
100
AcDbEntity
  8
BLACK
  6
CONTINUOUS
100
AcDbLine
 10
2.1548170078740156
 20
1.9650668897637795
 30
0
 11
2.1570846062992124
 21
1.9606164566929134
 31
0
  0
LINE
  5
B4C
330
1A
100
AcDbEntity
  8
BLACK
  6
CONTINUOUS
100
AcDbLine
 10
2.1570846062992124
 20
1.9606164566929134
 30
0
 11
2.1606164173228346
 21
1.9570846456692912
 31
0
  0
LINE
  5
B4D
330
1A
100
AcDbEntity
  8
BLACK
  6
CONTINUOUS
100
AcDbLine
 10
2.1606164173228346
 20
1.9570846456692912
 30
0
 11
2.1621377559055119
 21
1.9563095275590552
 31
0
  0
LINE
  5
B4E
330
1A
100
AcDbEntity
  8
BLACK
  6
CONTINUOUS
100
AcDbLine
 10
2.1621377559055119
 20
1.9563095275590552
 30
0
 11
2.1650667716535432
 21
1.9548170866141732
 31
0
  0
LINE
  5
B4F
330
1A
100
AcDbEntity
  8
BLACK
  6
CONTINUOUS
100
AcDbLine
 10
2.1650667716535432
 20
1.9548170866141732
 30
0
 11
2.1687590944881889
 21
1.9542322834645669
 31
0
  0
LINE
  5
B50
330
1A
100
AcDbEntity
  8
BLACK
  6
CONTINUOUS
100
AcDbLine
 10
2.1687590944881889
 20
1.9542322834645669
 30
0
 11
2.170413346456693
 21
1.9542323228346457
 31
0
  0
LINE
  5
B51
330
1A
100
AcDbEntity
  8
BLACK
  6
CONTINUOUS
100
AcDbLine
 10
2.170413346456693
 20
1.9542323228346457
 30
0
 11
2.1730951968503938
 21
1.9534448818897638
 31
0
  0
LINE
  5
B52
330
1A
100
AcDbEntity
  8
BLACK
  6
CONTINUOUS
100
AcDbLine
 10
2.1730951968503938
 20
1.9534448818897638
 30
0
 11
2.1749257086614171
 21
1.9513325196850393
 31
0
  0
LINE
  5
B53
330
1A
100
AcDbEntity
  8
BLACK
  6
CONTINUOUS
100
AcDbLine
 10
2.1749257086614171
 20
1.9513325196850393
 30
0
 11
2.1753740157480315
 21
1.9492716929133858
 31
0
  0
LINE
  5
B54
330
1A
100
AcDbEntity
  8
BLACK
  6
CONTINUOUS
100
AcDbLine
 10
2.1753740157480315
 20
1.9492716929133858
 30
0
 11
2.1753740157480315
 21
1.7664214173228345
 31
0
  0
LINE
  5
B55
330
1A
100
AcDbEntity
  8
BLACK
  6
CONTINUOUS
100
AcDbLine
 10
2.1753740157480315
 20
1.7664214173228345
 30
0
 11
2.1745865354330709
 21
1.7637394881889763
 31
0
  0
LINE
  5
B56
330
1A
100
AcDbEntity
  8
BLACK
  6
CONTINUOUS
100
AcDbLine
 10
2.1745865354330709
 20
1.7637394881889763
 30
0
 11
2.1745379921259844
 21
1.7636654330708661
 31
0
  0
LINE
  5
B57
330
1A
100
AcDbEntity
  8
BLACK
  6
CONTINUOUS
100
AcDbLine
 10
2.1745379921259844
 20
1.7636654330708661
 30
0
 11
2.1726144094488187
 21
1.7607866141732282
 31
0
  0
LINE
  5
B58
330
1A
100
AcDbEntity
  8
BLACK
  6
CONTINUOUS
100
AcDbLine
 10
2.1726144094488187
 20
1.7607866141732282
 30
0
 11
2.1702387795275588
 21
1.7550512992125984
 31
0
  0
LINE
  5
B59
330
1A
100
AcDbEntity
  8
BLACK
  6
CONTINUOUS
100
AcDbLine
 10
2.1702387795275588
 20
1.7550512992125984
 30
0
 11
2.1702387007874013
 21
1.7550511023622046
 31
0
  0
LINE
  5
B5A
330
1A
100
AcDbEntity
  8
BLACK
  6
CONTINUOUS
100
AcDbLine
 10
2.1702387007874013
 20
1.7550511023622046
 30
0
 11
2.169027559055118
 21
1.7489624015748031
 31
0
  0
LINE
  5
B5B
330
1A
100
AcDbEntity
  8
BLACK
  6
CONTINUOUS
100
AcDbLine
 10
2.169027559055118
 20
1.7489624015748031
 30
0
 11
2.169027559055118
 21
1.7427541732283465
 31
0
  0
LINE
  5
B5C
330
1A
100
AcDbEntity
  8
BLACK
  6
CONTINUOUS
100
AcDbLine
 10
2.169027559055118
 20
1.7427541732283465
 30
0
 11
2.1702387007874013
 21
1.7366654724409449
 31
0
  0
LINE
  5
B5D
330
1A
100
AcDbEntity
  8
BLACK
  6
CONTINUOUS
100
AcDbLine
 10
2.1702387007874013
 20
1.7366654724409449
 30
0
 11
2.1702387795275588
 21
1.7366652755905512
 31
0
  0
LINE
  5
B5E
330
1A
100
AcDbEntity
  8
BLACK
  6
CONTINUOUS
100
AcDbLine
 10
2.1702387795275588
 20
1.7366652755905512
 30
0
 11
2.1718059055118109
 21
1.7328818503937007
 31
0
  0
LINE
  5
B5F
330
1A
100
AcDbEntity
  8
BLACK
  6
CONTINUOUS
100
AcDbLine
 10
2.1718059055118109
 20
1.7328818503937007
 30
0
 11
2.1726144094488187
 21
1.7309299606299213
 31
0
  0
LINE
  5
B60
330
1A
100
AcDbEntity
  8
BLACK
  6
CONTINUOUS
100
AcDbLine
 10
2.1726144094488187
 20
1.7309299606299213
 30
0
 11
2.1760634251968503
 21
1.7257681496062991
 31
0
  0
LINE
  5
B61
330
1A
100
AcDbEntity
  8
BLACK
  6
CONTINUOUS
100
AcDbLine
 10
2.1760634251968503
 20
1.7257681496062991
 30
0
 11
2.1804531889763781
 21
1.7213783858267717
 31
0
  0
LINE
  5
B62
330
1A
100
AcDbEntity
  8
BLACK
  6
CONTINUOUS
100
AcDbLine
 10
2.1804531889763781
 20
1.7213783858267717
 30
0
 11
2.1856149999999999
 21
1.7179293700787401
 31
0
  0
LINE
  5
B63
330
1A
100
AcDbEntity
  8
BLACK
  6
CONTINUOUS
100
AcDbLine
 10
2.1856149999999999
 20
1.7179293700787401
 30
0
 11
2.1913505118110237
 21
1.7155536614173228
 31
0
  0
LINE
  5
B64
330
1A
100
AcDbEntity
  8
BLACK
  6
CONTINUOUS
100
AcDbLine
 10
2.1913505118110237
 20
1.7155536614173228
 30
0
 11
2.1974392913385827
 21
1.7143425196850393
 31
0
  0
LINE
  5
B65
330
1A
100
AcDbEntity
  8
BLACK
  6
CONTINUOUS
100
AcDbLine
 10
2.1974392913385827
 20
1.7143425196850393
 30
0
 11
2.1974393307086615
 21
1.7143425196850393
 31
0
  0
LINE
  5
B66
330
1A
100
AcDbEntity
  8
BLACK
  6
CONTINUOUS
100
AcDbLine
 10
2.1974393307086615
 20
1.7143425196850393
 30
0
 11
2.2036472834645671
 21
1.7143425196850393
 31
0
  0
LINE
  5
B67
330
1A
100
AcDbEntity
  8
BLACK
  6
CONTINUOUS
100
AcDbLine
 10
2.2036472834645671
 20
1.7143425196850393
 30
0
 11
2.2036473228346458
 21
1.7143425196850393
 31
0
  0
LINE
  5
B68
330
1A
100
AcDbEntity
  8
BLACK
  6
CONTINUOUS
100
AcDbLine
 10
2.2036473228346458
 20
1.7143425196850393
 30
0
 11
2.2097361023622049
 21
1.7155536614173228
 31
0
  0
LINE
  5
B69
330
1A
100
AcDbEntity
  8
BLACK
  6
CONTINUOUS
100
AcDbLine
 10
2.2097361023622049
 20
1.7155536614173228
 30
0
 11
2.2154716141732282
 21
1.7179293700787401
 31
0
  0
LINE
  5
B6A
330
1A
100
AcDbEntity
  8
BLACK
  6
CONTINUOUS
100
AcDbLine
 10
2.2154716141732282
 20
1.7179293700787401
 30
0
 11
2.2190831496062993
 21
1.7203425196850393
 31
0
  0
LINE
  5
B6B
330
1A
100
AcDbEntity
  8
BLACK
  6
CONTINUOUS
100
AcDbLine
 10
2.2190831496062993
 20
1.7203425196850393
 30
0
 11
2.2191635826771652
 21
1.7203962598425195
 31
0
  0
LINE
  5
B6C
330
1A
100
AcDbEntity
  8
BLACK
  6
CONTINUOUS
100
AcDbLine
 10
2.2191635826771652
 20
1.7203962598425195
 30
0
 11
2.2218310236220473
 21
1.7212314960629922
 31
0
  0
LINE
  5
B6D
330
1A
100
AcDbEntity
  8
BLACK
  6
CONTINUOUS
100
AcDbLine
 10
2.2218310236220473
 20
1.7212314960629922
 30
0
 11
2.2219195669291336
 21
1.7212322834645668
 31
0
  0
LINE
  5
B6E
330
1A
100
AcDbEntity
  8
BLACK
  6
CONTINUOUS
100
AcDbLine
 10
2.2219195669291336
 20
1.7212322834645668
 30
0
 11
2.6968866141732284
 21
1.7212322834645668
 31
0
  0
LINE
  5
B6F
330
1A
100
AcDbEntity
  8
BLACK
  6
CONTINUOUS
100
AcDbLine
 10
2.6968866141732284
 20
1.7212322834645668
 30
0
 11
2.6995685433070866
 21
1.7204448031496062
 31
0
  0
LINE
  5
B70
330
1A
100
AcDbEntity
  8
BLACK
  6
CONTINUOUS
100
AcDbLine
 10
2.6995685433070866
 20
1.7204448031496062
 30
0
 11
2.7003942913385828
 21
1.7197793307086613
 31
0
  0
LINE
  5
B71
330
1A
100
AcDbEntity
  8
BLACK
  6
CONTINUOUS
100
AcDbLine
 10
2.7003942913385828
 20
1.7197793307086613
 30
0
 11
2.7048139763779528
 21
1.7153596456692912
 31
0
  0
LINE
  5
B72
330
1A
100
AcDbEntity
  8
BLACK
  6
CONTINUOUS
100
AcDbLine
 10
2.7048139763779528
 20
1.7153596456692912
 30
0
 11
2.7061535826771652
 21
1.7129064173228346
 31
0
  0
LINE
  5
B73
330
1A
100
AcDbEntity
  8
BLACK
  6
CONTINUOUS
100
AcDbLine
 10
2.7061535826771652
 20
1.7129064173228346
 30
0
 11
2.7061716141732282
 21
1.7128197637795275
 31
0
  0
LINE
  5
B74
330
1A
100
AcDbEntity
  8
BLACK
  6
CONTINUOUS
100
AcDbLine
 10
2.7061716141732282
 20
1.7128197637795275
 30
0
 11
2.7070379133858267
 21
1.7084646850393701
 31
0
  0
LINE
  5
B75
330
1A
100
AcDbEntity
  8
BLACK
  6
CONTINUOUS
100
AcDbLine
 10
2.7070379133858267
 20
1.7084646850393701
 30
0
 11
2.7070379527559054
 21
1.7084645669291338
 31
0
  0
LINE
  5
B76
330
1A
100
AcDbEntity
  8
BLACK
  6
CONTINUOUS
100
AcDbLine
 10
2.7070379527559054
 20
1.7084645669291338
 30
0
 11
2.7083548818897638
 21
1.7052851968503937
 31
0
  0
LINE
  5
B77
330
1A
100
AcDbEntity
  8
BLACK
  6
CONTINUOUS
100
AcDbLine
 10
2.7083548818897638
 20
1.7052851968503937
 30
0
 11
2.709413622047244
 21
1.7027291732283465
 31
0
  0
LINE
  5
B78
330
1A
100
AcDbEntity
  8
BLACK
  6
CONTINUOUS
100
AcDbLine
 10
2.709413622047244
 20
1.7027291732283465
 30
0
 11
2.7128626377952756
 21
1.6975673622047243
 31
0
  0
LINE
  5
B79
330
1A
100
AcDbEntity
  8
BLACK
  6
CONTINUOUS
100
AcDbLine
 10
2.7128626377952756
 20
1.6975673622047243
 30
0
 11
2.717252401574803
 21
1.6931775984251969
 31
0
  0
LINE
  5
B7A
330
1A
100
AcDbEntity
  8
BLACK
  6
CONTINUOUS
100
AcDbLine
 10
2.717252401574803
 20
1.6931775984251969
 30
0
 11
2.7224142125984252
 21
1.6897285826771653
 31
0
  0
LINE
  5
B7B
330
1A
100
AcDbEntity
  8
BLACK
  6
CONTINUOUS
100
AcDbLine
 10
2.7224142125984252
 20
1.6897285826771653
 30
0
 11
2.7281497244094486
 21
1.687352874015748
 31
0
  0
LINE
  5
B7C
330
1A
100
AcDbEntity
  8
BLACK
  6
CONTINUOUS
100
AcDbLine
 10
2.7281497244094486
 20
1.687352874015748
 30
0
 11
2.7325047244094489
 21
1.686486653543307
 31
0
  0
LINE
  5
B7D
330
1A
100
AcDbEntity
  8
BLACK
  6
CONTINUOUS
100
AcDbLine
 10
2.7325047244094489
 20
1.686486653543307
 30
0
 11
2.7349814566929131
 21
1.6851911023622046
 31
0
  0
LINE
  5
B7E
330
1A
100
AcDbEntity
  8
BLACK
  6
CONTINUOUS
100
AcDbLine
 10
2.7349814566929131
 20
1.6851911023622046
 30
0
 11
2.7350446062992124
 21
1.6851290157480314
 31
0
  0
LINE
  5
B7F
330
1A
100
AcDbEntity
  8
BLACK
  6
CONTINUOUS
100
AcDbLine
 10
2.7350446062992124
 20
1.6851290157480314
 30
0
 11
2.7739212992125983
 21
1.6462523228346457
 31
0
  0
LINE
  5
B80
330
1A
100
AcDbEntity
  8
BLACK
  6
CONTINUOUS
100
AcDbLine
 10
2.7739212992125983
 20
1.6462523228346457
 30
0
 11
2.7752609055118111
 21
1.6437990944881888
 31
0
  0
LINE
  5
B81
330
1A
100
AcDbEntity
  8
BLACK
  6
CONTINUOUS
100
AcDbLine
 10
2.7752609055118111
 20
1.6437990944881888
 30
0
 11
2.7753742519685041
 21
1.6427446456692913
 31
0
  0
LINE
  5
B82
330
1A
100
AcDbEntity
  8
BLACK
  6
CONTINUOUS
100
AcDbLine
 10
2.7753742519685041
 20
1.6427446456692913
 30
0
 11
2.7753742519685041
 21
1.1913762992125985
 31
0
  0
LINE
  5
B83
330
1A
100
AcDbEntity
  8
BLACK
  6
CONTINUOUS
100
AcDbLine
 10
2.7753742519685041
 20
1.1913762992125985
 30
0
 11
2.7745867716535431
 21
1.1886943700787402
 31
0
  0
LINE
  5
B84
330
1A
100
AcDbEntity
  8
BLACK
  6
CONTINUOUS
100
AcDbLine
 10
2.7745867716535431
 20
1.1886943700787402
 30
0
 11
2.7745382677165353
 21
1.1886203543307086
 31
0
  0
LINE
  5
B85
330
1A
100
AcDbEntity
  8
BLACK
  6
CONTINUOUS
100
AcDbLine
 10
2.7745382677165353
 20
1.1886203543307086
 30
0
 11
2.7720712992125982
 21
1.1849282677165354
 31
0
  0
LINE
  5
B86
330
1A
100
AcDbEntity
  8
BLACK
  6
CONTINUOUS
100
AcDbLine
 10
2.7720712992125982
 20
1.1849282677165354
 30
0
 11
2.7696957086614171
 21
1.179193031496063
 31
0
  0
LINE
  5
B87
330
1A
100
AcDbEntity
  8
BLACK
  6
CONTINUOUS
100
AcDbLine
 10
2.7696957086614171
 20
1.179193031496063
 30
0
 11
2.7696956299212596
 21
1.1791928346456693
 31
0
  0
LINE
  5
B88
330
1A
100
AcDbEntity
  8
BLACK
  6
CONTINUOUS
100
AcDbLine
 10
2.7696956299212596
 20
1.1791928346456693
 30
0
 11
2.7684844881889763
 21
1.1731041338582677
 31
0
  0
LINE
  5
B89
330
1A
100
AcDbEntity
  8
BLACK
  6
CONTINUOUS
100
AcDbLine
 10
2.7684844881889763
 20
1.1731041338582677
 30
0
 11
2.7684844881889763
 21
1.1668959055118111
 31
0
  0
LINE
  5
B8A
330
1A
100
AcDbEntity
  8
BLACK
  6
CONTINUOUS
100
AcDbLine
 10
2.7684844881889763
 20
1.1668959055118111
 30
0
 11
2.7692086614173226
 21
1.1632553543307087
 31
0
  0
LINE
  5
B8B
330
1A
100
AcDbEntity
  8
BLACK
  6
CONTINUOUS
100
AcDbLine
 10
2.7692086614173226
 20
1.1632553543307087
 30
0
 11
2.7696956299212596
 21
1.1608072047244093
 31
0
  0
LINE
  5
B8C
330
1A
100
AcDbEntity
  8
BLACK
  6
CONTINUOUS
100
AcDbLine
 10
2.7696956299212596
 20
1.1608072047244093
 30
0
 11
2.772071338582677
 21
1.1550716929133857
 31
0
  0
LINE
  5
B8D
330
1A
100
AcDbEntity
  8
BLACK
  6
CONTINUOUS
100
AcDbLine
 10
2.772071338582677
 20
1.1550716929133857
 30
0
 11
2.7755203543307085
 21
1.1499098818897637
 31
0
  0
LINE
  5
B8E
330
1A
100
AcDbEntity
  8
BLACK
  6
CONTINUOUS
100
AcDbLine
 10
2.7755203543307085
 20
1.1499098818897637
 30
0
 11
2.7799101181102364
 21
1.1455201181102361
 31
0
  0
LINE
  5
B8F
330
1A
100
AcDbEntity
  8
BLACK
  6
CONTINUOUS
100
AcDbLine
 10
2.7799101181102364
 20
1.1455201181102361
 30
0
 11
2.7850719291338581
 21
1.1420711023622048
 31
0
  0
LINE
  5
B90
330
1A
100
AcDbEntity
  8
BLACK
  6
CONTINUOUS
100
AcDbLine
 10
2.7850719291338581
 20
1.1420711023622048
 30
0
 11
2.790807440944882
 21
1.1396953937007874
 31
0
  0
LINE
  5
B91
330
1A
100
AcDbEntity
  8
BLACK
  6
CONTINUOUS
100
AcDbLine
 10
2.790807440944882
 20
1.1396953937007874
 30
0
 11
2.796896220472441
 21
1.1384842519685039
 31
0
  0
LINE
  5
B92
330
1A
100
AcDbEntity
  8
BLACK
  6
CONTINUOUS
100
AcDbLine
 10
2.796896220472441
 20
1.1384842519685039
 30
0
 11
2.7968962598425198
 21
1.1384842519685039
 31
0
  0
LINE
  5
B93
330
1A
100
AcDbEntity
  8
BLACK
  6
CONTINUOUS
100
AcDbLine
 10
2.7968962598425198
 20
1.1384842519685039
 30
0
 11
2.8031042125984253
 21
1.1384842519685039
 31
0
  0
LINE
  5
B94
330
1A
100
AcDbEntity
  8
BLACK
  6
CONTINUOUS
100
AcDbLine
 10
2.8031042125984253
 20
1.1384842519685039
 30
0
 11
2.8031042519685037
 21
1.1384842519685039
 31
0
  0
LINE
  5
B95
330
1A
100
AcDbEntity
  8
BLACK
  6
CONTINUOUS
100
AcDbLine
 10
2.8031042519685037
 20
1.1384842519685039
 30
0
 11
2.8091930314960631
 21
1.1396953937007874
 31
0
  0
LINE
  5
B96
330
1A
100
AcDbEntity
  8
BLACK
  6
CONTINUOUS
100
AcDbLine
 10
2.8091930314960631
 20
1.1396953937007874
 30
0
 11
2.8149285433070865
 21
1.1420711023622048
 31
0
  0
LINE
  5
B97
330
1A
100
AcDbEntity
  8
BLACK
  6
CONTINUOUS
100
AcDbLine
 10
2.8149285433070865
 20
1.1420711023622048
 30
0
 11
2.8200903543307088
 21
1.1455201181102361
 31
0
  0
LINE
  5
B98
330
1A
100
AcDbEntity
  8
BLACK
  6
CONTINUOUS
100
AcDbLine
 10
2.8200903543307088
 20
1.1455201181102361
 30
0
 11
2.8244801181102361
 21
1.1499098818897637
 31
0
  0
LINE
  5
B99
330
1A
100
AcDbEntity
  8
BLACK
  6
CONTINUOUS
100
AcDbLine
 10
2.8244801181102361
 20
1.1499098818897637
 30
0
 11
2.8279291338582677
 21
1.1550716929133857
 31
0
  0
LINE
  5
B9A
330
1A
100
AcDbEntity
  8
BLACK
  6
CONTINUOUS
100
AcDbLine
 10
2.8279291338582677
 20
1.1550716929133857
 30
0
 11
2.8303048425196851
 21
1.1608072047244093
 31
0
  0
LINE
  5
B9B
330
1A
100
AcDbEntity
  8
BLACK
  6
CONTINUOUS
100
AcDbLine
 10
2.8303048425196851
 20
1.1608072047244093
 30
0
 11
2.8315159842519684
 21
1.1668959842519684
 31
0
  0
LINE
  5
B9C
330
1A
100
AcDbEntity
  8
BLACK
  6
CONTINUOUS
100
AcDbLine
 10
2.8315159842519684
 20
1.1668959842519684
 30
0
 11
2.8315159842519684
 21
1.1731040157480315
 31
0
  0
LINE
  5
B9D
330
1A
100
AcDbEntity
  8
BLACK
  6
CONTINUOUS
100
AcDbLine
 10
2.8315159842519684
 20
1.1731040157480315
 30
0
 11
2.8303048425196851
 21
1.1791927952755905
 31
0
  0
LINE
  5
B9E
330
1A
100
AcDbEntity
  8
BLACK
  6
CONTINUOUS
100
AcDbLine
 10
2.8303048425196851
 20
1.1791927952755905
 30
0
 11
2.8279291338582677
 21
1.1849283070866141
 31
0
  0
LINE
  5
B9F
330
1A
100
AcDbEntity
  8
BLACK
  6
CONTINUOUS
100
AcDbLine
 10
2.8279291338582677
 20
1.1849283070866141
 30
0
 11
2.8254622047244093
 21
1.1886203543307086
 31
0
  0
LINE
  5
BA0
330
1A
100
AcDbEntity
  8
BLACK
  6
CONTINUOUS
100
AcDbLine
 10
2.8254622047244093
 20
1.1886203543307086
 30
0
 11
2.8246270078740157
 21
1.1912877952755905
 31
0
  0
LINE
  5
BA1
330
1A
100
AcDbEntity
  8
BLACK
  6
CONTINUOUS
100
AcDbLine
 10
2.8246270078740157
 20
1.1912877952755905
 30
0
 11
2.8246262204724411
 21
1.1913762992125985
 31
0
  0
LINE
  5
BA2
330
1A
100
AcDbEntity
  8
BLACK
  6
CONTINUOUS
100
AcDbLine
 10
2.8246262204724411
 20
1.1913762992125985
 30
0
 11
2.8246262204724411
 21
1.3771181496062992
 31
0
  0
LINE
  5
BA3
330
1A
100
AcDbEntity
  8
BLACK
  6
CONTINUOUS
100
AcDbLine
 10
2.8246262204724411
 20
1.3771181496062992
 30
0
 11
2.8246262204724411
 21
1.4305489763779526
 31
0
  0
LINE
  5
BA4
330
1A
100
AcDbEntity
  8
BLACK
  6
CONTINUOUS
100
AcDbLine
 10
2.8246262204724411
 20
1.4305489763779526
 30
0
 11
2.8246262204724411
 21
1.4896040551181102
 31
0
  0
LINE
  5
BA5
330
1A
100
AcDbEntity
  8
BLACK
  6
CONTINUOUS
100
AcDbLine
 10
2.8246262204724411
 20
1.4896040551181102
 30
0
 11
2.8246262204724411
 21
1.5514712992125983
 31
0
  0
LINE
  5
BA6
330
1A
100
AcDbEntity
  8
BLACK
  6
CONTINUOUS
100
AcDbLine
 10
2.8246262204724411
 20
1.5514712992125983
 30
0
 11
2.8246262204724411
 21
1.6574251181102362
 31
0
  0
LINE
  5
BA7
330
1A
100
AcDbEntity
  8
BLACK
  6
CONTINUOUS
100
AcDbLine
 10
2.8246262204724411
 20
1.6574251181102362
 30
0
 11
2.8246261811023623
 21
1.6574253937007875
 31
0
  0
LINE
  5
BA8
330
1A
100
AcDbEntity
  8
BLACK
  6
CONTINUOUS
100
AcDbLine
 10
2.8246261811023623
 20
1.6574253937007875
 30
0
 11
2.8245339763779529
 21
1.657888937007874
 31
0
  0
LINE
  5
BA9
330
1A
100
AcDbEntity
  8
BLACK
  6
CONTINUOUS
100
AcDbLine
 10
2.8245339763779529
 20
1.657888937007874
 30
0
 11
2.8245339370078741
 21
1.657889094488189
 31
0
  0
LINE
  5
BAA
330
1A
100
AcDbEntity
  8
BLACK
  6
CONTINUOUS
100
AcDbLine
 10
2.8245339370078741
 20
1.657889094488189
 30
0
 11
2.8236799212598425
 21
1.662182716535433
 31
0
  0
LINE
  5
BAB
330
1A
100
AcDbEntity
  8
BLACK
  6
CONTINUOUS
100
AcDbLine
 10
2.8236799212598425
 20
1.662182716535433
 30
0
 11
2.8236798818897637
 21
1.6621828346456693
 31
0
  0
LINE
  5
BAC
330
1A
100
AcDbEntity
  8
BLACK
  6
CONTINUOUS
100
AcDbLine
 10
2.8236798818897637
 20
1.6621828346456693
 30
0
 11
2.8225932677165355
 21
1.664806220472441
 31
0
  0
LINE
  5
BAD
330
1A
100
AcDbEntity
  8
BLACK
  6
CONTINUOUS
100
AcDbLine
 10
2.8225932677165355
 20
1.664806220472441
 30
0
 11
2.8225927952755905
 21
1.6648072834645669
 31
0
  0
LINE
  5
BAE
330
1A
100
AcDbEntity
  8
BLACK
  6
CONTINUOUS
100
AcDbLine
 10
2.8225927952755905
 20
1.6648072834645669
 30
0
 11
2.8222373228346456
 21
1.6656654724409448
 31
0
  0
LINE
  5
BAF
330
1A
100
AcDbEntity
  8
BLACK
  6
CONTINUOUS
100
AcDbLine
 10
2.8222373228346456
 20
1.6656654724409448
 30
0
 11
2.8218235039370079
 21
1.6666645669291338
 31
0
  0
LINE
  5
BB0
330
1A
100
AcDbEntity
  8
BLACK
  6
CONTINUOUS
100
AcDbLine
 10
2.8218235039370079
 20
1.6666645669291338
 30
0
 11
2.8191285039370078
 21
1.6706979133858266
 31
0
  0
LINE
  5
BB1
330
1A
100
AcDbEntity
  8
BLACK
  6
CONTINUOUS
100
AcDbLine
 10
2.8191285039370078
 20
1.6706979133858266
 30
0
 11
2.8156983858267717
 21
1.6741280314960629
 31
0
  0
LINE
  5
BB2
330
1A
100
AcDbEntity
  8
BLACK
  6
CONTINUOUS
100
AcDbLine
 10
2.8156983858267717
 20
1.6741280314960629
 30
0
 11
2.8156983464566929
 21
1.6741280708661417
 31
0
  0
LINE
  5
BB3
330
1A
100
AcDbEntity
  8
BLACK
  6
CONTINUOUS
100
AcDbLine
 10
2.8156983464566929
 20
1.6741280708661417
 30
0
 11
2.7698709448818897
 21
1.7199554330708662
 31
0
  0
LINE
  5
BB4
330
1A
100
AcDbEntity
  8
BLACK
  6
CONTINUOUS
100
AcDbLine
 10
2.7698709448818897
 20
1.7199554330708662
 30
0
 11
2.7685314173228344
 21
1.7224086220472441
 31
0
  0
LINE
  5
BB5
330
1A
100
AcDbEntity
  8
BLACK
  6
CONTINUOUS
100
AcDbLine
 10
2.7685314173228344
 20
1.7224086220472441
 30
0
 11
2.7685137401574802
 21
1.7224932677165354
 31
0
  0
LINE
  5
BB6
330
1A
100
AcDbEntity
  8
BLACK
  6
CONTINUOUS
100
AcDbLine
 10
2.7685137401574802
 20
1.7224932677165354
 30
0
 11
2.7676471259842521
 21
1.726850275590551
 31
0
  0
LINE
  5
BB7
330
1A
100
AcDbEntity
  8
BLACK
  6
CONTINUOUS
100
AcDbLine
 10
2.7676471259842521
 20
1.726850275590551
 30
0
 11
2.7652714173228348
 21
1.7325857874015749
 31
0
  0
LINE
  5
BB8
330
1A
100
AcDbEntity
  8
BLACK
  6
CONTINUOUS
100
AcDbLine
 10
2.7652714173228348
 20
1.7325857874015749
 30
0
 11
2.7618224015748032
 21
1.7377475984251969
 31
0
  0
LINE
  5
BB9
330
1A
100
AcDbEntity
  8
BLACK
  6
CONTINUOUS
100
AcDbLine
 10
2.7618224015748032
 20
1.7377475984251969
 30
0
 11
2.7574326377952754
 21
1.7421373622047243
 31
0
  0
LINE
  5
BBA
330
1A
100
AcDbEntity
  8
BLACK
  6
CONTINUOUS
100
AcDbLine
 10
2.7574326377952754
 20
1.7421373622047243
 30
0
 11
2.7522708267716536
 21
1.7455863779527558
 31
0
  0
LINE
  5
BBB
330
1A
100
AcDbEntity
  8
BLACK
  6
CONTINUOUS
100
AcDbLine
 10
2.7522708267716536
 20
1.7455863779527558
 30
0
 11
2.746535433070866
 21
1.7479620472440944
 31
0
  0
LINE
  5
BBC
330
1A
100
AcDbEntity
  8
BLACK
  6
CONTINUOUS
100
AcDbLine
 10
2.746535433070866
 20
1.7479620472440944
 30
0
 11
2.7465353149606297
 21
1.7479620866141732
 31
0
  0
LINE
  5
BBD
330
1A
100
AcDbEntity
  8
BLACK
  6
CONTINUOUS
100
AcDbLine
 10
2.7465353149606297
 20
1.7479620866141732
 30
0
 11
2.7421802362204724
 21
1.7488283858267717
 31
0
  0
LINE
  5
BBE
330
1A
100
AcDbEntity
  8
BLACK
  6
CONTINUOUS
100
AcDbLine
 10
2.7421802362204724
 20
1.7488283858267717
 30
0
 11
2.7397034645669289
 21
1.7501239763779528
 31
0
  0
LINE
  5
BBF
330
1A
100
AcDbEntity
  8
BLACK
  6
CONTINUOUS
100
AcDbLine
 10
2.7397034645669289
 20
1.7501239763779528
 30
0
 11
2.7396403543307084
 21
1.7501860236220472
 31
0
  0
LINE
  5
BC0
330
1A
100
AcDbEntity
  8
BLACK
  6
CONTINUOUS
100
AcDbLine
 10
2.7396403543307084
 20
1.7501860236220472
 30
0
 11
2.7284436220472439
 21
1.7613827559055117
 31
0
  0
LINE
  5
BC1
330
1A
100
AcDbEntity
  8
BLACK
  6
CONTINUOUS
100
AcDbLine
 10
2.7284436220472439
 20
1.7613827559055117
 30
0
 11
2.7284428346456693
 21
1.7613836220472441
 31
0
  0
LINE
  5
BC2
330
1A
100
AcDbEntity
  8
BLACK
  6
CONTINUOUS
100
AcDbLine
 10
2.7284428346456693
 20
1.7613836220472441
 30
0
 11
2.7248400787401574
 21
1.7649863779527559
 31
0
  0
LINE
  5
BC3
330
1A
100
AcDbEntity
  8
BLACK
  6
CONTINUOUS
100
AcDbLine
 10
2.7248400787401574
 20
1.7649863779527559
 30
0
 11
2.7248398425196849
 21
1.7649865748031495
 31
0
  0
LINE
  5
BC4
330
1A
100
AcDbEntity
  8
BLACK
  6
CONTINUOUS
100
AcDbLine
 10
2.7248398425196849
 20
1.7649865748031495
 30
0
 11
2.7221459842519686
 21
1.7667865354330707
 31
0
  0
LINE
  5
BC5
330
1A
100
AcDbEntity
  8
BLACK
  6
CONTINUOUS
100
AcDbLine
 10
2.7221459842519686
 20
1.7667865354330707
 30
0
 11
2.7221459055118111
 21
1.7667866141732282
 31
0
  0
LINE
  5
BC6
330
1A
100
AcDbEntity
  8
BLACK
  6
CONTINUOUS
100
AcDbLine
 10
2.7221459055118111
 20
1.7667866141732282
 30
0
 11
2.7208064173228346
 21
1.7676816535433071
 31
0
  0
LINE
  5
BC7
330
1A
100
AcDbEntity
  8
BLACK
  6
CONTINUOUS
100
AcDbLine
 10
2.7208064173228346
 20
1.7676816535433071
 30
0
 11
2.7176374803149606
 21
1.7689942125984253
 31
0
  0
LINE
  5
BC8
330
1A
100
AcDbEntity
  8
BLACK
  6
CONTINUOUS
100
AcDbLine
 10
2.7176374803149606
 20
1.7689942125984253
 30
0
 11
2.717637401574803
 21
1.7689942913385825
 31
0
  0
LINE
  5
BC9
330
1A
100
AcDbEntity
  8
BLACK
  6
CONTINUOUS
100
AcDbLine
 10
2.717637401574803
 20
1.7689942913385825
 30
0
 11
2.717637401574803
 21
1.7689942519685038
 31
0
  0
LINE
  5
BCA
330
1A
100
AcDbEntity
  8
BLACK
  6
CONTINUOUS
100
AcDbLine
 10
2.717637401574803
 20
1.7689942519685038
 30
0
 11
2.7163251574803149
 21
1.7695378346456692
 31
0
  0
LINE
  5
BCB
330
1A
100
AcDbEntity
  8
BLACK
  6
CONTINUOUS
100
AcDbLine
 10
2.7163251574803149
 20
1.7695378346456692
 30
0
 11
2.7163249212598424
 21
1.7695379133858267
 31
0
  0
LINE
  5
BCC
330
1A
100
AcDbEntity
  8
BLACK
  6
CONTINUOUS
100
AcDbLine
 10
2.7163249212598424
 20
1.7695379133858267
 30
0
 11
2.7151354330708659
 21
1.7697745275590551
 31
0
  0
LINE
  5
BCD
330
1A
100
AcDbEntity
  8
BLACK
  6
CONTINUOUS
100
AcDbLine
 10
2.7151354330708659
 20
1.7697745275590551
 30
0
 11
2.7139460236220474
 21
1.7700111023622047
 31
0
  0
LINE
  5
BCE
330
1A
100
AcDbEntity
  8
BLACK
  6
CONTINUOUS
100
AcDbLine
 10
2.7139460236220474
 20
1.7700111023622047
 30
0
 11
2.7139459842519686
 21
1.7700111417322835
 31
0
  0
LINE
  5
BCF
330
1A
100
AcDbEntity
  8
BLACK
  6
CONTINUOUS
100
AcDbLine
 10
2.7139459842519686
 20
1.7700111417322835
 30
0
 11
2.7115673622047245
 21
1.7704842519685038
 31
0
  0
LINE
  5
BD0
330
1A
100
AcDbEntity
  8
BLACK
  6
CONTINUOUS
100
AcDbLine
 10
2.7115673622047245
 20
1.7704842519685038
 30
0
 11
2.7115672047244095
 21
1.7704842519685038
 31
0
  0
LINE
  5
BD1
330
1A
100
AcDbEntity
  8
BLACK
  6
CONTINUOUS
100
AcDbLine
 10
2.7115672047244095
 20
1.7704842519685038
 30
0
 11
2.7115671653543307
 21
1.7704842519685038
 31
0
  0
LINE
  5
BD2
330
1A
100
AcDbEntity
  8
BLACK
  6
CONTINUOUS
100
AcDbLine
 10
2.7115671653543307
 20
1.7704842519685038
 30
0
 11
2.2297834645669292
 21
1.7704842519685038
 31
0
  0
LINE
  5
BD3
330
1A
100
AcDbEntity
  8
BLACK
  6
CONTINUOUS
100
AcDbLine
 10
2.2297834645669292
 20
1.7704842519685038
 30
0
 11
2.227101535433071
 21
1.7712717322834646
 31
0
  0
LINE
  5
BD4
330
1A
100
AcDbEntity
  8
BLACK
  6
CONTINUOUS
100
AcDbLine
 10
2.227101535433071
 20
1.7712717322834646
 30
0
 11
2.2252711023622047
 21
1.7733841732283464
 31
0
  0
LINE
  5
BD5
330
1A
100
AcDbEntity
  8
BLACK
  6
CONTINUOUS
100
AcDbLine
 10
2.2252711023622047
 20
1.7733841732283464
 30
0
 11
2.2248228346456691
 21
1.7754448818897637
 31
0
  0
LINE
  5
BD6
330
1A
100
AcDbEntity
  8
BLACK
  6
CONTINUOUS
100
AcDbLine
 10
2.2248228346456691
 20
1.7754448818897637
 30
0
 11
2.2248228346456691
 21
1.9492716929133858
 31
0
  0
LINE
  5
BD7
330
1A
100
AcDbEntity
  8
BLACK
  6
CONTINUOUS
100
AcDbLine
 10
2.2248228346456691
 20
1.9492716929133858
 30
0
 11
2.2256103149606297
 21
1.951953622047244
 31
0
  0
LINE
  5
BD8
330
1A
100
AcDbEntity
  8
BLACK
  6
CONTINUOUS
100
AcDbLine
 10
2.2256103149606297
 20
1.951953622047244
 30
0
 11
2.2277227559055119
 21
1.9537840551181103
 31
0
  0
LINE
  5
BD9
330
1A
100
AcDbEntity
  8
BLACK
  6
CONTINUOUS
100
AcDbLine
 10
2.2277227559055119
 20
1.9537840551181103
 30
0
 11
2.2297834645669292
 21
1.9542323228346457
 31
0
  0
LINE
  5
BDA
330
1A
100
AcDbEntity
  8
BLACK
  6
CONTINUOUS
100
AcDbLine
 10
2.2297834645669292
 20
1.9542323228346457
 30
0
 11
2.2312407874015747
 21
1.9542323228346457
 31
0
  0
LINE
  5
BDB
330
1A
100
AcDbEntity
  8
BLACK
  6
CONTINUOUS
100
AcDbLine
 10
2.2312407874015747
 20
1.9542323228346457
 30
0
 11
2.2312408661417322
 21
1.9542323228346457
 31
0
  0
LINE
  5
BDC
330
1A
100
AcDbEntity
  8
BLACK
  6
CONTINUOUS
100
AcDbLine
 10
2.2312408661417322
 20
1.9542323228346457
 30
0
 11
2.2349332283464567
 21
1.9548170866141732
 31
0
  0
LINE
  5
BDD
330
1A
100
AcDbEntity
  8
BLACK
  6
CONTINUOUS
100
AcDbLine
 10
2.2349332283464567
 20
1.9548170866141732
 30
0
 11
2.2393835433070866
 21
1.9570846456692912
 31
0
  0
LINE
  5
BDE
330
1A
100
AcDbEntity
  8
BLACK
  6
CONTINUOUS
100
AcDbLine
 10
2.2393835433070866
 20
1.9570846456692912
 30
0
 11
2.2429153543307088
 21
1.9606164566929134
 31
0
  0
LINE
  5
BDF
330
1A
100
AcDbEntity
  8
BLACK
  6
CONTINUOUS
100
AcDbLine
 10
2.2429153543307088
 20
1.9606164566929134
 30
0
 11
2.2451829133858268
 21
1.9650667716535433
 31
0
  0
LINE
  5
BE0
330
1A
100
AcDbEntity
  8
BLACK
  6
CONTINUOUS
100
AcDbLine
 10
2.2451829133858268
 20
1.9650667716535433
 30
0
 11
2.2457677165354331
 21
1.968759094488189
 31
0
  0
LINE
  5
BE1
330
1A
100
AcDbEntity
  8
BLACK
  6
CONTINUOUS
100
AcDbLine
 10
2.2457677165354331
 20
1.968759094488189
 30
0
 11
2.2457676771653543
 21
2.031240866141732
 31
0
  0
LINE
  5
BE2
330
1A
100
AcDbEntity
  8
BLACK
  6
CONTINUOUS
100
AcDbLine
 10
2.2457676771653543
 20
2.031240866141732
 30
0
 11
2.2451829133858268
 21
2.0349332283464565
 31
0
  0
LINE
  5
BE3
330
1A
100
AcDbEntity
  8
BLACK
  6
CONTINUOUS
100
AcDbLine
 10
2.2451829133858268
 20
2.0349332283464565
 30
0
 11
2.2440491338582675
 21
2.0371583858267717
 31
0
  0
LINE
  5
BE4
330
1A
100
AcDbEntity
  8
BLACK
  6
CONTINUOUS
100
AcDbLine
 10
2.2440491338582675
 20
2.0371583858267717
 30
0
 11
2.2429153543307088
 21
2.0393835826771651
 31
0
  0
LINE
  5
BE5
330
1A
100
AcDbEntity
  8
BLACK
  6
CONTINUOUS
100
AcDbLine
 10
2.2429153543307088
 20
2.0393835826771651
 30
0
 11
2.2393835433070866
 21
2.0429153937007873
 31
0
  0
LINE
  5
BE6
330
1A
100
AcDbEntity
  8
BLACK
  6
CONTINUOUS
100
AcDbLine
 10
2.2393835433070866
 20
2.0429153937007873
 30
0
 11
2.2349332283464567
 21
2.0451829133858266
 31
0
  0
LINE
  5
BE7
330
1A
100
AcDbEntity
  8
BLACK
  6
CONTINUOUS
100
AcDbLine
 10
2.2349332283464567
 20
2.0451829133858266
 30
0
 11
2.2346278346456692
 21
2.0452821259842517
 31
0
  0
LINE
  5
BE8
330
1A
100
AcDbEntity
  8
BLACK
  6
CONTINUOUS
100
AcDbLine
 10
2.2346278346456692
 20
2.0452821259842517
 30
0
 11
2.2323205118110234
 21
2.0468598031496064
 31
0
  0
LINE
  5
BE9
330
1A
100
AcDbEntity
  8
BLACK
  6
CONTINUOUS
100
AcDbLine
 10
2.2323205118110234
 20
2.0468598031496064
 30
0
 11
2.2312324015748031
 21
2.0494344488188978
 31
0
  0
LINE
  5
BEA
330
1A
100
AcDbEntity
  8
BLACK
  6
CONTINUOUS
100
AcDbLine
 10
2.2312324015748031
 20
2.0494344488188978
 30
0
 11
2.2317089763779525
 21
2.0521886614173228
 31
0
  0
LINE
  5
BEB
330
1A
100
AcDbEntity
  8
BLACK
  6
CONTINUOUS
100
AcDbLine
 10
2.2317089763779525
 20
2.0521886614173228
 30
0
 11
2.2335989370078742
 21
2.0542479921259842
 31
0
  0
LINE
  5
BEC
330
1A
100
AcDbEntity
  8
BLACK
  6
CONTINUOUS
100
AcDbLine
 10
2.2335989370078742
 20
2.0542479921259842
 30
0
 11
2.2346278346456692
 21
2.0547178740157479
 31
0
  0
LINE
  5
BED
330
1A
100
AcDbEntity
  8
BLACK
  6
CONTINUOUS
100
AcDbLine
 10
2.2346278346456692
 20
2.0547178740157479
 30
0
 11
2.2349329527559054
 21
2.0548170866141731
 31
0
  0
LINE
  5
BEE
330
1A
100
AcDbEntity
  8
BLACK
  6
CONTINUOUS
100
AcDbLine
 10
2.2349329527559054
 20
2.0548170866141731
 30
0
 11
2.2349332283464567
 21
2.0548170866141731
 31
0
  0
LINE
  5
BEF
330
1A
100
AcDbEntity
  8
BLACK
  6
CONTINUOUS
100
AcDbLine
 10
2.2349332283464567
 20
2.0548170866141731
 30
0
 11
2.2393835433070866
 21
2.0570846456692915
 31
0
  0
LINE
  5
BF0
330
1A
100
AcDbEntity
  8
BLACK
  6
CONTINUOUS
100
AcDbLine
 10
2.2393835433070866
 20
2.0570846456692915
 30
0
 11
2.2429153543307088
 21
2.0606164566929133
 31
0
  0
LINE
  5
BF1
330
1A
100
AcDbEntity
  8
BLACK
  6
CONTINUOUS
100
AcDbLine
 10
2.2429153543307088
 20
2.0606164566929133
 30
0
 11
2.2451829133858268
 21
2.0650667716535431
 31
0
  0
LINE
  5
BF2
330
1A
100
AcDbEntity
  8
BLACK
  6
CONTINUOUS
100
AcDbLine
 10
2.2451829133858268
 20
2.0650667716535431
 30
0
 11
2.2457677165354331
 21
2.0687590944881888
 31
0
  0
LINE
  5
BF3
330
1A
100
AcDbEntity
  8
BLACK
  6
CONTINUOUS
100
AcDbLine
 10
2.2457677165354331
 20
2.0687590944881888
 30
0
 11
2.2457676771653543
 21
2.1303177952755905
 31
0
  0
LINE
  5
BF4
330
1A
100
AcDbEntity
  8
BLACK
  6
CONTINUOUS
100
AcDbLine
 10
2.2457676771653543
 20
2.1303177952755905
 30
0
 11
2.2457676771653543
 21
2.1312408661417321
 31
0
  0
LINE
  5
BF5
330
1A
100
AcDbEntity
  8
BLACK
  6
CONTINUOUS
100
AcDbLine
 10
2.2457676771653543
 20
2.1312408661417321
 30
0
 11
2.2451829133858268
 21
2.1349332283464566
 31
0
  0
LINE
  5
BF6
330
1A
100
AcDbEntity
  8
BLACK
  6
CONTINUOUS
100
AcDbLine
 10
2.2451829133858268
 20
2.1349332283464566
 30
0
 11
2.2440491338582675
 21
2.1371583858267718
 31
0
  0
LINE
  5
BF7
330
1A
100
AcDbEntity
  8
BLACK
  6
CONTINUOUS
100
AcDbLine
 10
2.2440491338582675
 20
2.1371583858267718
 30
0
 11
2.2429153543307088
 21
2.1393835826771652
 31
0
  0
LINE
  5
BF8
330
1A
100
AcDbEntity
  8
BLACK
  6
CONTINUOUS
100
AcDbLine
 10
2.2429153543307088
 20
2.1393835826771652
 30
0
 11
2.2393835433070866
 21
2.1429153937007874
 31
0
  0
LINE
  5
BF9
330
1A
100
AcDbEntity
  8
BLACK
  6
CONTINUOUS
100
AcDbLine
 10
2.2393835433070866
 20
2.1429153937007874
 30
0
 11
2.236397716535433
 21
2.1444367322834643
 31
0
  0
LINE
  5
BFA
330
1A
100
AcDbEntity
  8
BLACK
  6
CONTINUOUS
100
AcDbLine
 10
2.236397716535433
 20
2.1444367322834643
 30
0
 11
2.2349332283464567
 21
2.1451829133858267
 31
0
  0
LINE
  5
BFB
330
1A
100
AcDbEntity
  8
BLACK
  6
CONTINUOUS
100
AcDbLine
 10
2.2349332283464567
 20
2.1451829133858267
 30
0
 11
2.231240905511811
 21
2.145767716535433
 31
0
  0
LINE
  5
BFC
330
1A
100
AcDbEntity
  8
BLACK
  6
CONTINUOUS
100
AcDbLine
 10
2.231240905511811
 20
2.145767716535433
 30
0
 11
2.231240748031496
 21
2.145767716535433
 31
0
  0
LINE
  5
BFD
330
1A
100
AcDbEntity
  8
BLACK
  6
CONTINUOUS
100
AcDbLine
 10
2.231240748031496
 20
2.145767716535433
 30
0
 11
2.1687591732283464
 21
2.145767716535433
 31
0
  0
LINE
  5
BFE
330
1A
100
AcDbEntity
  8
BLACK
  6
CONTINUOUS
100
AcDbLine
 10
2.1687591732283464
 20
2.145767716535433
 30
0
 11
2.165066811023622
 21
2.1451829527559054
 31
0
  0
LINE
  5
BFF
330
1A
100
AcDbEntity
  8
BLACK
  6
CONTINUOUS
100
AcDbLine
 10
2.165066811023622
 20
2.1451829527559054
 30
0
 11
2.1606164173228346
 21
2.1429153937007874
 31
0
  0
LINE
  5
C00
330
1A
100
AcDbEntity
  8
BLACK
  6
CONTINUOUS
100
AcDbLine
 10
2.1606164173228346
 20
2.1429153937007874
 30
0
 11
2.1570846062992124
 21
2.1393835826771652
 31
0
  0
LINE
  5
C01
330
1A
100
AcDbEntity
  8
BLACK
  6
CONTINUOUS
100
AcDbLine
 10
2.1570846062992124
 20
2.1393835826771652
 30
0
 11
2.1548170078740156
 21
2.1349331496062991
 31
0
  0
LINE
  5
C02
330
1A
100
AcDbEntity
  8
BLACK
  6
CONTINUOUS
100
AcDbLine
 10
2.1548170078740156
 20
2.1349331496062991
 30
0
 11
2.1547178346456692
 21
2.1346277952755903
 31
0
  0
LINE
  5
C03
330
1A
100
AcDbEntity
  8
BLACK
  6
CONTINUOUS
100
AcDbLine
 10
2.1547178346456692
 20
2.1346277952755903
 30
0
 11
2.1531401574803151
 21
2.132320472440945
 31
0
  0
LINE
  5
C04
330
1A
100
AcDbEntity
  8
BLACK
  6
CONTINUOUS
100
AcDbLine
 10
2.1531401574803151
 20
2.132320472440945
 30
0
 11
2.1505654724409449
 21
2.131232401574803
 31
0
  0
LINE
  5
C05
330
1A
100
AcDbEntity
  8
BLACK
  6
CONTINUOUS
100
AcDbLine
 10
2.1505654724409449
 20
2.131232401574803
 30
0
 11
2.1478112598425194
 21
2.1317090551181104
 31
0
  0
LINE
  5
C06
330
1A
100
AcDbEntity
  8
BLACK
  6
CONTINUOUS
100
AcDbLine
 10
2.1478112598425194
 20
2.1317090551181104
 30
0
 11
2.1457519685039368
 21
2.1335990551181103
 31
0
  0
LINE
  5
C07
330
1A
100
AcDbEntity
  8
BLACK
  6
CONTINUOUS
100
AcDbLine
 10
2.1457519685039368
 20
2.1335990551181103
 30
0
 11
2.1452821653543306
 21
2.1346277952755903
 31
0
  0
LINE
  5
C08
330
1A
100
AcDbEntity
  8
BLACK
  6
CONTINUOUS
100
AcDbLine
 10
2.1452821653543306
 20
2.1346277952755903
 30
0
 11
2.1451829527559054
 21
2.1349331496062991
 31
0
  0
LINE
  5
C09
330
1A
100
AcDbEntity
  8
BLACK
  6
CONTINUOUS
100
AcDbLine
 10
2.1451829527559054
 20
2.1349331496062991
 30
0
 11
2.1429153543307087
 21
2.1393835826771652
 31
0
  0
LINE
  5
C0A
330
1A
100
AcDbEntity
  8
BLACK
  6
CONTINUOUS
100
AcDbLine
 10
2.1429153543307087
 20
2.1393835826771652
 30
0
 11
2.1393835433070865
 21
2.1429153937007874
 31
0
  0
LINE
  5
C0B
330
1A
100
AcDbEntity
  8
BLACK
  6
CONTINUOUS
100
AcDbLine
 10
2.1393835433070865
 20
2.1429153937007874
 30
0
 11
2.1363977165354329
 21
2.1444367322834643
 31
0
  0
LINE
  5
C0C
330
1A
100
AcDbEntity
  8
BLACK
  6
CONTINUOUS
100
AcDbLine
 10
2.1363977165354329
 20
2.1444367322834643
 30
0
 11
2.1349332283464566
 21
2.1451829133858267
 31
0
  0
LINE
  5
C0D
330
1A
100
AcDbEntity
  8
BLACK
  6
CONTINUOUS
100
AcDbLine
 10
2.1349332283464566
 20
2.1451829133858267
 30
0
 11
2.1312409055118109
 21
2.145767716535433
 31
0
  0
LINE
  5
C0E
330
1A
100
AcDbEntity
  8
BLACK
  6
CONTINUOUS
100
AcDbLine
 10
2.1312409055118109
 20
2.145767716535433
 30
0
 11
2.1312407480314959
 21
2.145767716535433
 31
0
  0
LINE
  5
C0F
330
1A
100
AcDbEntity
  8
BLACK
  6
CONTINUOUS
100
AcDbLine
 10
2.1312407480314959
 20
2.145767716535433
 30
0
 11
2.0687591732283463
 21
2.145767716535433
 31
0
  0
LINE
  5
C10
330
1A
100
AcDbEntity
  8
BLACK
  6
CONTINUOUS
100
AcDbLine
 10
2.0687591732283463
 20
2.145767716535433
 30
0
 11
2.0650668110236219
 21
2.1451829527559054
 31
0
  0
LINE
  5
C11
330
1A
100
AcDbEntity
  8
BLACK
  6
CONTINUOUS
100
AcDbLine
 10
2.0650668110236219
 20
2.1451829527559054
 30
0
 11
2.0606164173228345
 21
2.1429153937007874
 31
0
  0
LINE
  5
C12
330
1A
100
AcDbEntity
  8
BLACK
  6
CONTINUOUS
100
AcDbLine
 10
2.0606164173228345
 20
2.1429153937007874
 30
0
 11
2.0570846062992127
 21
2.1393835826771652
 31
0
  0
LINE
  5
C13
330
1A
100
AcDbEntity
  8
BLACK
  6
CONTINUOUS
100
AcDbLine
 10
2.0570846062992127
 20
2.1393835826771652
 30
0
 11
2.0548170078740156
 21
2.1349331496062991
 31
0
  0
LINE
  5
C14
330
1A
100
AcDbEntity
  8
BLACK
  6
CONTINUOUS
100
AcDbLine
 10
2.0548170078740156
 20
2.1349331496062991
 30
0
 11
2.0547178346456692
 21
2.1346277952755903
 31
0
  0
LINE
  5
C15
330
1A
100
AcDbEntity
  8
BLACK
  6
CONTINUOUS
100
AcDbLine
 10
2.0547178346456692
 20
2.1346277952755903
 30
0
 11
2.053140157480315
 21
2.132320472440945
 31
0
  0
LINE
  5
C16
330
1A
100
AcDbEntity
  8
BLACK
  6
CONTINUOUS
100
AcDbLine
 10
2.053140157480315
 20
2.132320472440945
 30
0
 11
2.0505654724409448
 21
2.131232401574803
 31
0
  0
LINE
  5
C17
330
1A
100
AcDbEntity
  8
BLACK
  6
CONTINUOUS
100
AcDbLine
 10
2.0505654724409448
 20
2.131232401574803
 30
0
 11
2.0478112598425198
 21
2.1317090551181104
 31
0
  0
LINE
  5
C18
330
1A
100
AcDbEntity
  8
BLACK
  6
CONTINUOUS
100
AcDbLine
 10
2.0478112598425198
 20
2.1317090551181104
 30
0
 11
2.0457519685039371
 21
2.1335990551181103
 31
0
  0
LINE
  5
C19
330
1A
100
AcDbEntity
  8
BLACK
  6
CONTINUOUS
100
AcDbLine
 10
2.0457519685039371
 20
2.1335990551181103
 30
0
 11
2.0452821653543305
 21
2.1346277952755903
 31
0
  0
LINE
  5
C1A
330
1A
100
AcDbEntity
  8
BLACK
  6
CONTINUOUS
100
AcDbLine
 10
2.0452821653543305
 20
2.1346277952755903
 30
0
 11
2.0451829527559053
 21
2.1349331496062991
 31
0
  0
LINE
  5
C1B
330
1A
100
AcDbEntity
  8
BLACK
  6
CONTINUOUS
100
AcDbLine
 10
2.0451829527559053
 20
2.1349331496062991
 30
0
 11
2.0429153543307086
 21
2.1393835826771652
 31
0
  0
LINE
  5
C1C
330
1A
100
AcDbEntity
  8
BLACK
  6
CONTINUOUS
100
AcDbLine
 10
2.0429153543307086
 20
2.1393835826771652
 30
0
 11
2.0393835433070864
 21
2.1429153937007874
 31
0
  0
LINE
  5
C1D
330
1A
100
AcDbEntity
  8
BLACK
  6
CONTINUOUS
100
AcDbLine
 10
2.0393835433070864
 20
2.1429153937007874
 30
0
 11
2.0363977165354332
 21
2.1444367322834643
 31
0
  0
LINE
  5
C1E
330
1A
100
AcDbEntity
  8
BLACK
  6
CONTINUOUS
100
AcDbLine
 10
2.0363977165354332
 20
2.1444367322834643
 30
0
 11
2.0349332283464565
 21
2.1451829133858267
 31
0
  0
LINE
  5
C1F
330
1A
100
AcDbEntity
  8
BLACK
  6
CONTINUOUS
100
AcDbLine
 10
2.0349332283464565
 20
2.1451829133858267
 30
0
 11
2.0312409055118108
 21
2.145767716535433
 31
0
  0
LINE
  5
C20
330
1A
100
AcDbEntity
  8
BLACK
  6
CONTINUOUS
100
AcDbLine
 10
2.0312409055118108
 20
2.145767716535433
 30
0
 11
2.0312407480314962
 21
2.145767716535433
 31
0
  0
LINE
  5
C21
330
1A
100
AcDbEntity
  8
BLACK
  6
CONTINUOUS
100
AcDbLine
 10
2.0312407480314962
 20
2.145767716535433
 30
0
 11
1.9687591732283465
 21
2.145767716535433
 31
0
  0
LINE
  5
C22
330
1A
100
AcDbEntity
  8
BLACK
  6
CONTINUOUS
100
AcDbLine
 10
1.9687591732283465
 20
2.145767716535433
 30
0
 11
1.965066811023622
 21
2.1451829527559054
 31
0
  0
LINE
  5
C23
330
1A
100
AcDbEntity
  8
BLACK
  6
CONTINUOUS
100
AcDbLine
 10
1.965066811023622
 20
2.1451829527559054
 30
0
 11
1.9606164173228346
 21
2.1429153937007874
 31
0
  0
LINE
  5
C24
330
1A
100
AcDbEntity
  8
BLACK
  6
CONTINUOUS
100
AcDbLine
 10
1.9606164173228346
 20
2.1429153937007874
 30
0
 11
1.9570846062992127
 21
2.1393835826771652
 31
0
  0
LINE
  5
C25
330
1A
100
AcDbEntity
  8
BLACK
  6
CONTINUOUS
100
AcDbLine
 10
1.9570846062992127
 20
2.1393835826771652
 30
0
 11
1.9556215748031496
 21
2.1365121259842521
 31
0
  0
LINE
  5
C26
330
1A
100
AcDbEntity
  8
BLACK
  6
CONTINUOUS
100
AcDbLine
 10
1.9556215748031496
 20
2.1365121259842521
 30
0
 11
1.9548170866141732
 21
2.1349332283464566
 31
0
  0
LINE
  5
C27
330
1A
100
AcDbEntity
  8
BLACK
  6
CONTINUOUS
100
AcDbLine
 10
1.9548170866141732
 20
2.1349332283464566
 30
0
 11
1.9542546456692913
 21
2.1313820472440943
 31
0
  0
LINE
  5
C28
330
1A
100
AcDbEntity
  8
BLACK
  6
CONTINUOUS
100
AcDbLine
 10
1.9542546456692913
 20
2.1313820472440943
 30
0
 11
1.9542322834645669
 21
2.1312407874015746
 31
0
  0
LINE
  5
C29
330
1A
100
AcDbEntity
  8
BLACK
  6
CONTINUOUS
100
AcDbLine
 10
1.9542322834645669
 20
2.1312407874015746
 30
0
 11
1.9542322834645669
 21
2.0687592125984251
 31
0
  0
LINE
  5
C2A
330
1A
100
AcDbEntity
  8
BLACK
  6
CONTINUOUS
100
AcDbLine
 10
2.8958792519685037
 20
1.3922281496062991
 30
0
 11
2.8957485039370079
 21
1.3921740157480316
 31
0
  0
LINE
  5
C2B
330
1A
100
AcDbEntity
  8
BLACK
  6
CONTINUOUS
100
AcDbLine
 10
2.8957485039370079
 20
1.3921740157480316
 30
0
 11
2.895607440944882
 21
1.3921639763779527
 31
0
  0
LINE
  5
C2C
330
1A
100
AcDbEntity
  8
BLACK
  6
CONTINUOUS
100
AcDbLine
 10
2.895607440944882
 20
1.3921639763779527
 30
0
 11
2.8948866141732283
 21
1.3918881496062991
 31
0
  0
LINE
  5
C2D
330
1A
100
AcDbEntity
  8
BLACK
  6
CONTINUOUS
100
AcDbLine
 10
2.8948866141732283
 20
1.3918881496062991
 30
0
 11
2.8892623228346457
 21
1.3890759842519684
 31
0
  0
LINE
  5
C2E
330
1A
100
AcDbEntity
  8
BLACK
  6
CONTINUOUS
100
AcDbLine
 10
2.8892623228346457
 20
1.3890759842519684
 30
0
 11
2.8889316929133857
 21
1.3888679133858268
 31
0
  0
LINE
  5
C2F
330
1A
100
AcDbEntity
  8
BLACK
  6
CONTINUOUS
100
AcDbLine
 10
2.8889316929133857
 20
1.3888679133858268
 30
0
 11
2.8888357086614174
 21
1.3888281102362205
 31
0
  0
LINE
  5
C30
330
1A
100
AcDbEntity
  8
BLACK
  6
CONTINUOUS
100
AcDbLine
 10
2.8888357086614174
 20
1.3888281102362205
 30
0
 11
2.8887276377952755
 21
1.3887394488188975
 31
0
  0
LINE
  5
C31
330
1A
100
AcDbEntity
  8
BLACK
  6
CONTINUOUS
100
AcDbLine
 10
2.8887276377952755
 20
1.3887394488188975
 30
0
 11
2.8886091732283465
 21
1.388664842519685
 31
0
  0
LINE
  5
C32
330
1A
100
AcDbEntity
  8
BLACK
  6
CONTINUOUS
100
AcDbLine
 10
2.8886091732283465
 20
1.388664842519685
 30
0
 11
2.8885409448818895
 21
1.3885862204724408
 31
0
  0
LINE
  5
C33
330
1A
100
AcDbEntity
  8
BLACK
  6
CONTINUOUS
100
AcDbLine
 10
2.8885409448818895
 20
1.3885862204724408
 30
0
 11
2.8882391338582676
 21
1.388338464566929
 31
0
  0
LINE
  5
C34
330
1A
100
AcDbEntity
  8
BLACK
  6
CONTINUOUS
100
AcDbLine
 10
2.8882391338582676
 20
1.388338464566929
 30
0
 11
2.8854270078740156
 21
1.3855262992125983
 31
0
  0
LINE
  5
C35
330
1A
100
AcDbEntity
  8
BLACK
  6
CONTINUOUS
100
AcDbLine
 10
2.8854270078740156
 20
1.3855262992125983
 30
0
 11
2.8851792519685038
 21
1.3852244881889764
 31
0
  0
LINE
  5
C36
330
1A
100
AcDbEntity
  8
BLACK
  6
CONTINUOUS
100
AcDbLine
 10
2.8851792519685038
 20
1.3852244881889764
 30
0
 11
2.8851006692913383
 21
1.3851562992125983
 31
0
  0
LINE
  5
C37
330
1A
100
AcDbEntity
  8
BLACK
  6
CONTINUOUS
100
AcDbLine
 10
2.8851006692913383
 20
1.3851562992125983
 30
0
 11
2.8850261023622048
 21
1.3850379133858268
 31
0
  0
LINE
  5
C38
330
1A
100
AcDbEntity
  8
BLACK
  6
CONTINUOUS
100
AcDbLine
 10
2.8850261023622048
 20
1.3850379133858268
 30
0
 11
2.8849373622047243
 21
1.3849297244094487
 31
0
  0
LINE
  5
C39
330
1A
100
AcDbEntity
  8
BLACK
  6
CONTINUOUS
100
AcDbLine
 10
2.8849373622047243
 20
1.3849297244094487
 30
0
 11
2.8848975196850395
 21
1.3848336220472441
 31
0
  0
LINE
  5
C3A
330
1A
100
AcDbEntity
  8
BLACK
  6
CONTINUOUS
100
AcDbLine
 10
2.8848975196850395
 20
1.3848336220472441
 30
0
 11
2.8846895275590549
 21
1.3845031102362204
 31
0
  0
LINE
  5
C3B
330
1A
100
AcDbEntity
  8
BLACK
  6
CONTINUOUS
100
AcDbLine
 10
2.8846895275590549
 20
1.3845031102362204
 30
0
 11
2.8818773622047242
 21
1.3788788582677165
 31
0
  0
LINE
  5
C3C
330
1A
100
AcDbEntity
  8
BLACK
  6
CONTINUOUS
100
AcDbLine
 10
2.8818773622047242
 20
1.3788788582677165
 30
0
 11
2.8816015354330706
 21
1.3781580314960629
 31
0
  0
LINE
  5
C3D
330
1A
100
AcDbEntity
  8
BLACK
  6
CONTINUOUS
100
AcDbLine
 10
2.8816015354330706
 20
1.3781580314960629
 30
0
 11
2.8815914960629923
 21
1.378016968503937
 31
0
  0
LINE
  5
C3E
330
1A
100
AcDbEntity
  8
BLACK
  6
CONTINUOUS
100
AcDbLine
 10
2.8815914960629923
 20
1.378016968503937
 30
0
 11
2.8815373622047242
 21
1.3778862204724409
 31
0
  0
LINE
  5
C3F
330
1A
100
AcDbEntity
  8
BLACK
  6
CONTINUOUS
100
AcDbLine
 10
2.8815373622047242
 20
1.3778862204724409
 30
0
 11
2.8814617322834644
 21
1.3771181496062992
 31
0
  0
LINE
  5
C40
330
1A
100
AcDbEntity
  8
BLACK
  6
CONTINUOUS
100
AcDbLine
 10
2.8814617322834644
 20
1.3771181496062992
 30
0
 11
2.8814617322834644
 21
1.3630574015748032
 31
0
  0
LINE
  5
C41
330
1A
100
AcDbEntity
  8
BLACK
  6
CONTINUOUS
100
AcDbLine
 10
2.8814617322834644
 20
1.3630574015748032
 30
0
 11
2.8815373622047242
 21
1.3622893307086614
 31
0
  0
LINE
  5
C42
330
1A
100
AcDbEntity
  8
BLACK
  6
CONTINUOUS
100
AcDbLine
 10
2.8815373622047242
 20
1.3622893307086614
 30
0
 11
2.8815914960629923
 21
1.3621586220472441
 31
0
  0
LINE
  5
C43
330
1A
100
AcDbEntity
  8
BLACK
  6
CONTINUOUS
100
AcDbLine
 10
2.8815914960629923
 20
1.3621586220472441
 30
0
 11
2.8816015354330706
 21
1.3620175196850393
 31
0
  0
LINE
  5
C44
330
1A
100
AcDbEntity
  8
BLACK
  6
CONTINUOUS
100
AcDbLine
 10
2.8816015354330706
 20
1.3620175196850393
 30
0
 11
2.8818773622047242
 21
1.3612966929133858
 31
0
  0
LINE
  5
C45
330
1A
100
AcDbEntity
  8
BLACK
  6
CONTINUOUS
100
AcDbLine
 10
2.8818773622047242
 20
1.3612966929133858
 30
0
 11
2.8846895275590549
 21
1.3556724409448819
 31
0
  0
LINE
  5
C46
330
1A
100
AcDbEntity
  8
BLACK
  6
CONTINUOUS
100
AcDbLine
 10
2.8846895275590549
 20
1.3556724409448819
 30
0
 11
2.8848976377952753
 21
1.3553418110236219
 31
0
  0
LINE
  5
C47
330
1A
100
AcDbEntity
  8
BLACK
  6
CONTINUOUS
100
AcDbLine
 10
2.8848976377952753
 20
1.3553418110236219
 30
0
 11
2.8849374015748031
 21
1.3552458267716536
 31
0
  0
LINE
  5
C48
330
1A
100
AcDbEntity
  8
BLACK
  6
CONTINUOUS
100
AcDbLine
 10
2.8849374015748031
 20
1.3552458267716536
 30
0
 11
2.8850260236220473
 21
1.3551378346456693
 31
0
  0
LINE
  5
C49
330
1A
100
AcDbEntity
  8
BLACK
  6
CONTINUOUS
100
AcDbLine
 10
2.8850260236220473
 20
1.3551378346456693
 30
0
 11
2.8851006692913383
 21
1.3550192519685038
 31
0
  0
LINE
  5
C4A
330
1A
100
AcDbEntity
  8
BLACK
  6
CONTINUOUS
100
AcDbLine
 10
2.8851006692913383
 20
1.3550192519685038
 30
0
 11
2.8851792913385825
 21
1.354951062992126
 31
0
  0
LINE
  5
C4B
330
1A
100
AcDbEntity
  8
BLACK
  6
CONTINUOUS
100
AcDbLine
 10
2.8851792913385825
 20
1.354951062992126
 30
0
 11
2.8854270078740156
 21
1.3546492125984251
 31
0
  0
LINE
  5
C4C
330
1A
100
AcDbEntity
  8
BLACK
  6
CONTINUOUS
100
AcDbLine
 10
2.8854270078740156
 20
1.3546492125984251
 30
0
 11
2.8882391338582676
 21
1.3518371259842519
 31
0
  0
LINE
  5
C4D
330
1A
100
AcDbEntity
  8
BLACK
  6
CONTINUOUS
100
AcDbLine
 10
2.8882391338582676
 20
1.3518371259842519
 30
0
 11
2.8888357086614174
 21
1.3513474803149605
 31
0
  0
LINE
  5
C4E
330
1A
100
AcDbEntity
  8
BLACK
  6
CONTINUOUS
100
AcDbLine
 10
2.8888357086614174
 20
1.3513474803149605
 30
0
 11
2.890254960629921
 21
1.3507596456692914
 31
0
  0
LINE
  5
C4F
330
1A
100
AcDbEntity
  8
BLACK
  6
CONTINUOUS
100
AcDbLine
 10
2.890254960629921
 20
1.3507596456692914
 30
0
 11
2.8902550393700785
 21
1.3507596456692914
 31
0
  0
LINE
  5
C50
330
1A
100
AcDbEntity
  8
BLACK
  6
CONTINUOUS
100
AcDbLine
 10
2.8902550393700785
 20
1.3507596456692914
 30
0
 11
2.8917911023622045
 21
1.3507596456692914
 31
0
  0
LINE
  5
C51
330
1A
100
AcDbEntity
  8
BLACK
  6
CONTINUOUS
100
AcDbLine
 10
2.8917911023622045
 20
1.3507596456692914
 30
0
 11
2.8932103149606299
 21
1.3513474803149605
 31
0
  0
LINE
  5
C52
330
1A
100
AcDbEntity
  8
BLACK
  6
CONTINUOUS
100
AcDbLine
 10
2.8932103149606299
 20
1.3513474803149605
 30
0
 11
2.894296535433071
 21
1.3524337007874014
 31
0
  0
LINE
  5
C53
330
1A
100
AcDbEntity
  8
BLACK
  6
CONTINUOUS
100
AcDbLine
 10
2.894296535433071
 20
1.3524337007874014
 30
0
 11
2.8948843700787399
 21
1.3538529133858268
 31
0
  0
LINE
  5
C54
330
1A
100
AcDbEntity
  8
BLACK
  6
CONTINUOUS
100
AcDbLine
 10
2.8948843700787399
 20
1.3538529133858268
 30
0
 11
2.8948843700787399
 21
1.3553890551181103
 31
0
  0
LINE
  5
C55
330
1A
100
AcDbEntity
  8
BLACK
  6
CONTINUOUS
100
AcDbLine
 10
2.8948843700787399
 20
1.3553890551181103
 30
0
 11
2.894296535433071
 21
1.3568083070866142
 31
0
  0
LINE
  5
C56
330
1A
100
AcDbEntity
  8
BLACK
  6
CONTINUOUS
100
AcDbLine
 10
2.894296535433071
 20
1.3568083070866142
 30
0
 11
2.8938068897637796
 21
1.3574048818897637
 31
0
  0
LINE
  5
C57
330
1A
100
AcDbEntity
  8
BLACK
  6
CONTINUOUS
100
AcDbLine
 10
2.8938068897637796
 20
1.3574048818897637
 30
0
 11
2.8920157874015748
 21
1.3591960236220473
 31
0
  0
LINE
  5
C58
330
1A
100
AcDbEntity
  8
BLACK
  6
CONTINUOUS
100
AcDbLine
 10
2.8920157874015748
 20
1.3591960236220473
 30
0
 11
2.8914465748031497
 21
1.3597652362204724
 31
0
  0
LINE
  5
C59
330
1A
100
AcDbEntity
  8
BLACK
  6
CONTINUOUS
100
AcDbLine
 10
2.8914465748031497
 20
1.3597652362204724
 30
0
 11
2.8893357480314958
 21
1.3639868897637795
 31
0
  0
LINE
  5
C5A
330
1A
100
AcDbEntity
  8
BLACK
  6
CONTINUOUS
100
AcDbLine
 10
2.8893357480314958
 20
1.3639868897637795
 30
0
 11
2.8893357480314958
 21
1.3761887007874016
 31
0
  0
LINE
  5
C5B
330
1A
100
AcDbEntity
  8
BLACK
  6
CONTINUOUS
100
AcDbLine
 10
2.8893357480314958
 20
1.3761887007874016
 30
0
 11
2.8914466141732285
 21
1.3804104330708662
 31
0
  0
LINE
  5
C5C
330
1A
100
AcDbEntity
  8
BLACK
  6
CONTINUOUS
100
AcDbLine
 10
2.8914466141732285
 20
1.3804104330708662
 30
0
 11
2.8920155905511811
 21
1.3809794488188976
 31
0
  0
LINE
  5
C5D
330
1A
100
AcDbEntity
  8
BLACK
  6
CONTINUOUS
100
AcDbLine
 10
2.8920155905511811
 20
1.3809794488188976
 30
0
 11
2.8920156692913386
 21
1.3809795275590551
 31
0
  0
LINE
  5
C5E
330
1A
100
AcDbEntity
  8
BLACK
  6
CONTINUOUS
100
AcDbLine
 10
2.8920156692913386
 20
1.3809795275590551
 30
0
 11
2.8927858267716533
 21
1.3817497244094488
 31
0
  0
LINE
  5
C5F
330
1A
100
AcDbEntity
  8
BLACK
  6
CONTINUOUS
100
AcDbLine
 10
2.8927858267716533
 20
1.3817497244094488
 30
0
 11
2.8927859055118108
 21
1.3817498031496063
 31
0
  0
LINE
  5
C60
330
1A
100
AcDbEntity
  8
BLACK
  6
CONTINUOUS
100
AcDbLine
 10
2.8927859055118108
 20
1.3817498031496063
 30
0
 11
2.8933550787401576
 21
1.3823189370078739
 31
0
  0
LINE
  5
C61
330
1A
100
AcDbEntity
  8
BLACK
  6
CONTINUOUS
100
AcDbLine
 10
2.8933550787401576
 20
1.3823189370078739
 30
0
 11
2.8940748425196849
 21
1.3826788582677165
 31
0
  0
LINE
  5
C62
330
1A
100
AcDbEntity
  8
BLACK
  6
CONTINUOUS
100
AcDbLine
 10
2.8940748425196849
 20
1.3826788582677165
 30
0
 11
2.8940749606299212
 21
1.3826788976377953
 31
0
  0
LINE
  5
C63
330
1A
100
AcDbEntity
  8
BLACK
  6
CONTINUOUS
100
AcDbLine
 10
2.8940749606299212
 20
1.3826788976377953
 30
0
 11
2.896529409448819
 21
1.3839061023622048
 31
0
  0
LINE
  5
C64
330
1A
100
AcDbEntity
  8
BLACK
  6
CONTINUOUS
100
AcDbLine
 10
2.896529409448819
 20
1.3839061023622048
 30
0
 11
2.8975767322834645
 21
1.3844297637795275
 31
0
  0
LINE
  5
C65
330
1A
100
AcDbEntity
  8
BLACK
  6
CONTINUOUS
100
AcDbLine
 10
2.8975767322834645
 20
1.3844297637795275
 30
0
 11
2.9016327952755905
 21
1.3844297637795275
 31
0
  0
LINE
  5
C66
330
1A
100
AcDbEntity
  8
BLACK
  6
CONTINUOUS
100
AcDbLine
 10
2.9016327952755905
 20
1.3844297637795275
 30
0
 11
2.9032037795275589
 21
1.3839061023622048
 31
0
  0
LINE
  5
C67
330
1A
100
AcDbEntity
  8
BLACK
  6
CONTINUOUS
100
AcDbLine
 10
2.9032037795275589
 20
1.3839061023622048
 30
0
 11
2.9050066535433072
 21
1.383305157480315
 31
0
  0
LINE
  5
C68
330
1A
100
AcDbEntity
  8
BLACK
  6
CONTINUOUS
100
AcDbLine
 10
2.9050066535433072
 20
1.383305157480315
 30
0
 11
2.9074702755905513
 21
1.3824839370078741
 31
0
  0
LINE
  5
C69
330
1A
100
AcDbEntity
  8
BLACK
  6
CONTINUOUS
100
AcDbLine
 10
2.9074702755905513
 20
1.3824839370078741
 30
0
 11
2.9085812992125986
 21
1.3821135826771653
 31
0
  0
LINE
  5
C6A
330
1A
100
AcDbEntity
  8
BLACK
  6
CONTINUOUS
100
AcDbLine
 10
2.9085812992125986
 20
1.3821135826771653
 30
0
 11
2.9094092913385827
 21
1.3812855905511812
 31
0
  0
LINE
  5
C6B
330
1A
100
AcDbEntity
  8
BLACK
  6
CONTINUOUS
100
AcDbLine
 10
2.9094092913385827
 20
1.3812855905511812
 30
0
 11
2.9267080314960627
 21
1.3639868897637795
 31
0
  0
LINE
  5
C6C
330
1A
100
AcDbEntity
  8
BLACK
  6
CONTINUOUS
100
AcDbLine
 10
2.9267080314960627
 20
1.3639868897637795
 30
0
 11
2.941669960629921
 21
1.3490249606299212
 31
0
  0
LINE
  5
C6D
330
1A
100
AcDbEntity
  8
BLACK
  6
CONTINUOUS
100
AcDbLine
 10
2.941669960629921
 20
1.3490249606299212
 30
0
 11
2.9422665354330708
 21
1.3485353149606298
 31
0
  0
LINE
  5
C6E
330
1A
100
AcDbEntity
  8
BLACK
  6
CONTINUOUS
100
AcDbLine
 10
2.9422665354330708
 20
1.3485353149606298
 30
0
 11
2.9426822047244094
 21
1.3483631496062991
 31
0
  0
LINE
  5
C6F
330
1A
100
AcDbEntity
  8
BLACK
  6
CONTINUOUS
100
AcDbLine
 10
2.9426822047244094
 20
1.3483631496062991
 30
0
 11
2.9432237401574803
 21
1.3481388582677165
 31
0
  0
LINE
  5
C70
330
1A
100
AcDbEntity
  8
BLACK
  6
CONTINUOUS
100
AcDbLine
 10
2.9432237401574803
 20
1.3481388582677165
 30
0
 11
2.9435075196850393
 21
1.3480212992125984
 31
0
  0
LINE
  5
C71
330
1A
100
AcDbEntity
  8
BLACK
  6
CONTINUOUS
100
AcDbLine
 10
2.9435075196850393
 20
1.3480212992125984
 30
0
 11
2.9436857874015749
 21
1.3479474409448819
 31
0
  0
LINE
  5
C72
330
1A
100
AcDbEntity
  8
BLACK
  6
CONTINUOUS
100
AcDbLine
 10
2.9436857874015749
 20
1.3479474409448819
 30
0
 11
2.9452219291338584
 21
1.3479474409448819
 31
0
  0
LINE
  5
C73
330
1A
100
AcDbEntity
  8
BLACK
  6
CONTINUOUS
100
AcDbLine
 10
2.9452219291338584
 20
1.3479474409448819
 30
0
 11
2.9466411417322833
 21
1.3485353149606298
 31
0
  0
LINE
  5
C74
330
1A
100
AcDbEntity
  8
BLACK
  6
CONTINUOUS
100
AcDbLine
 10
2.9466411417322833
 20
1.3485353149606298
 30
0
 11
2.9477273622047244
 21
1.3496215354330707
 31
0
  0
LINE
  5
C75
330
1A
100
AcDbEntity
  8
BLACK
  6
CONTINUOUS
100
AcDbLine
 10
2.9477273622047244
 20
1.3496215354330707
 30
0
 11
2.9483152362204725
 21
1.3510407480314961
 31
0
  0
LINE
  5
C76
330
1A
100
AcDbEntity
  8
BLACK
  6
CONTINUOUS
100
AcDbLine
 10
2.9483152362204725
 20
1.3510407480314961
 30
0
 11
2.9483908661417324
 21
1.3518088188976378
 31
0
  0
LINE
  5
C77
330
1A
100
AcDbEntity
  8
BLACK
  6
CONTINUOUS
100
AcDbLine
 10
2.9483908661417324
 20
1.3518088188976378
 30
0
 11
2.9483908661417324
 21
1.3883667716535433
 31
0
  0
LINE
  5
C78
330
1A
100
AcDbEntity
  8
BLACK
  6
CONTINUOUS
100
AcDbLine
 10
2.9483908661417324
 20
1.3883667716535433
 30
0
 11
2.9483152362204725
 21
1.389134842519685
 31
0
  0
LINE
  5
C79
330
1A
100
AcDbEntity
  8
BLACK
  6
CONTINUOUS
100
AcDbLine
 10
2.9483152362204725
 20
1.389134842519685
 30
0
 11
2.9477273622047244
 21
1.3905540551181101
 31
0
  0
LINE
  5
C7A
330
1A
100
AcDbEntity
  8
BLACK
  6
CONTINUOUS
100
AcDbLine
 10
2.9477273622047244
 20
1.3905540551181101
 30
0
 11
2.9477273228346457
 21
1.3905540944881889
 31
0
  0
LINE
  5
C7B
330
1A
100
AcDbEntity
  8
BLACK
  6
CONTINUOUS
100
AcDbLine
 10
2.9477273228346457
 20
1.3905540944881889
 30
0
 11
2.9466411417322833
 21
1.3916402755905513
 31
0
  0
LINE
  5
C7C
330
1A
100
AcDbEntity
  8
BLACK
  6
CONTINUOUS
100
AcDbLine
 10
2.9466411417322833
 20
1.3916402755905513
 30
0
 11
2.9452219291338584
 21
1.3922281496062991
 31
0
  0
LINE
  5
C7D
330
1A
100
AcDbEntity
  8
BLACK
  6
CONTINUOUS
100
AcDbLine
 10
2.9452219291338584
 20
1.3922281496062991
 30
0
 11
2.9436857874015749
 21
1.3922281496062991
 31
0
  0
LINE
  5
C7E
330
1A
100
AcDbEntity
  8
BLACK
  6
CONTINUOUS
100
AcDbLine
 10
2.9436857874015749
 20
1.3922281496062991
 30
0
 11
2.9422665748031496
 21
1.3916402755905513
 31
0
  0
LINE
  5
C7F
330
1A
100
AcDbEntity
  8
BLACK
  6
CONTINUOUS
100
AcDbLine
 10
2.9422665748031496
 20
1.3916402755905513
 30
0
 11
2.9411803543307085
 21
1.3905540551181101
 31
0
  0
LINE
  5
C80
330
1A
100
AcDbEntity
  8
BLACK
  6
CONTINUOUS
100
AcDbLine
 10
2.9411803543307085
 20
1.3905540551181101
 30
0
 11
2.9405924803149603
 21
1.389134842519685
 31
0
  0
LINE
  5
C81
330
1A
100
AcDbEntity
  8
BLACK
  6
CONTINUOUS
100
AcDbLine
 10
2.9405924803149603
 20
1.389134842519685
 30
0
 11
2.9405168503937009
 21
1.3883667716535433
 31
0
  0
LINE
  5
C82
330
1A
100
AcDbEntity
  8
BLACK
  6
CONTINUOUS
100
AcDbLine
 10
2.9405168503937009
 20
1.3883667716535433
 30
0
 11
2.9405168503937009
 21
1.3613136220472442
 31
0
  0
LINE
  5
C83
330
1A
100
AcDbEntity
  8
BLACK
  6
CONTINUOUS
100
AcDbLine
 10
2.9405168503937009
 20
1.3613136220472442
 30
0
 11
2.9134919685039371
 21
1.3883385039370078
 31
0
  0
LINE
  5
C84
330
1A
100
AcDbEntity
  8
BLACK
  6
CONTINUOUS
100
AcDbLine
 10
2.9134919685039371
 20
1.3883385039370078
 30
0
 11
2.9128953543307086
 21
1.3888281102362205
 31
0
  0
LINE
  5
C85
330
1A
100
AcDbEntity
  8
BLACK
  6
CONTINUOUS
100
AcDbLine
 10
2.9128953543307086
 20
1.3888281102362205
 30
0
 11
2.9127646850393698
 21
1.3888822440944881
 31
0
  0
LINE
  5
C86
330
1A
100
AcDbEntity
  8
BLACK
  6
CONTINUOUS
100
AcDbLine
 10
2.9127646850393698
 20
1.3888822440944881
 30
0
 11
2.9126577952755905
 21
1.3889749606299213
 31
0
  0
LINE
  5
C87
330
1A
100
AcDbEntity
  8
BLACK
  6
CONTINUOUS
100
AcDbLine
 10
2.9126577952755905
 20
1.3889749606299213
 30
0
 11
2.9119530708661419
 21
1.3892895669291339
 31
0
  0
LINE
  5
C88
330
1A
100
AcDbEntity
  8
BLACK
  6
CONTINUOUS
100
AcDbLine
 10
2.9119530708661419
 20
1.3892895669291339
 30
0
 11
2.9035166535433072
 21
1.3921017322834646
 31
0
  0
LINE
  5
C89
330
1A
100
AcDbEntity
  8
BLACK
  6
CONTINUOUS
100
AcDbLine
 10
2.9035166535433072
 20
1.3921017322834646
 30
0
 11
2.9031358267716536
 21
1.3921883464566929
 31
0
  0
LINE
  5
C8A
330
1A
100
AcDbEntity
  8
BLACK
  6
CONTINUOUS
100
AcDbLine
 10
2.9031358267716536
 20
1.3921883464566929
 30
0
 11
2.9030397244094486
 21
1.3922281496062991
 31
0
  0
LINE
  5
C8B
330
1A
100
AcDbEntity
  8
BLACK
  6
CONTINUOUS
100
AcDbLine
 10
2.9030397244094486
 20
1.3922281496062991
 30
0
 11
2.9029004330708661
 21
1.3922418897637796
 31
0
  0
LINE
  5
C8C
330
1A
100
AcDbEntity
  8
BLACK
  6
CONTINUOUS
100
AcDbLine
 10
2.9029004330708661
 20
1.3922418897637796
 30
0
 11
2.9027640944881887
 21
1.392272874015748
 31
0
  0
LINE
  5
C8D
330
1A
100
AcDbEntity
  8
BLACK
  6
CONTINUOUS
100
AcDbLine
 10
2.9027640944881887
 20
1.392272874015748
 30
0
 11
2.9026603543307088
 21
1.3922655118110236
 31
0
  0
LINE
  5
C8E
330
1A
100
AcDbEntity
  8
BLACK
  6
CONTINUOUS
100
AcDbLine
 10
2.9026603543307088
 20
1.3922655118110236
 30
0
 11
2.9022716535433069
 21
1.392303779527559
 31
0
  0
LINE
  5
C8F
330
1A
100
AcDbEntity
  8
BLACK
  6
CONTINUOUS
100
AcDbLine
 10
2.9022716535433069
 20
1.392303779527559
 30
0
 11
2.8966473228346454
 21
1.392303779527559
 31
0
  0
LINE
  5
C90
330
1A
100
AcDbEntity
  8
BLACK
  6
CONTINUOUS
100
AcDbLine
 10
2.8966473228346454
 20
1.392303779527559
 30
0
 11
2.8958792519685037
 21
1.3922281496062991
 31
0
  0
LINE
  5
C91
330
1A
100
AcDbEntity
  8
BLACK
  6
CONTINUOUS
100
AcDbLine
 10
2.9077619291338581
 20
1.4485335433070865
 30
0
 11
2.907704527559055
 21
1.4485420866141732
 31
0
  0
LINE
  5
C92
330
1A
100
AcDbEntity
  8
BLACK
  6
CONTINUOUS
100
AcDbLine
 10
2.907704527559055
 20
1.4485420866141732
 30
0
 11
2.9074171653543308
 21
1.4484996062992126
 31
0
  0
LINE
  5
C93
330
1A
100
AcDbEntity
  8
BLACK
  6
CONTINUOUS
100
AcDbLine
 10
2.9074171653543308
 20
1.4484996062992126
 30
0
 11
2.9071278740157478
 21
1.4484711023622048
 31
0
  0
LINE
  5
C94
330
1A
100
AcDbEntity
  8
BLACK
  6
CONTINUOUS
100
AcDbLine
 10
2.9071278740157478
 20
1.4484711023622048
 30
0
 11
2.9070741732283465
 21
1.4484488976377952
 31
0
  0
LINE
  5
C95
330
1A
100
AcDbEntity
  8
BLACK
  6
CONTINUOUS
100
AcDbLine
 10
2.9070741732283465
 20
1.4484488976377952
 30
0
 11
2.906941062992126
 21
1.4484291732283465
 31
0
  0
LINE
  5
C96
330
1A
100
AcDbEntity
  8
BLACK
  6
CONTINUOUS
100
AcDbLine
 10
2.906941062992126
 20
1.4484291732283465
 30
0
 11
2.8956924409448819
 21
1.4456170078740158
 31
0
  0
LINE
  5
C97
330
1A
100
AcDbEntity
  8
BLACK
  6
CONTINUOUS
100
AcDbLine
 10
2.8956924409448819
 20
1.4456170078740158
 30
0
 11
2.8956357874015746
 21
1.4455968110236219
 31
0
  0
LINE
  5
C98
330
1A
100
AcDbEntity
  8
BLACK
  6
CONTINUOUS
100
AcDbLine
 10
2.8956357874015746
 20
1.4455968110236219
 30
0
 11
2.895607440944882
 21
1.4455947637795274
 31
0
  0
LINE
  5
C99
330
1A
100
AcDbEntity
  8
BLACK
  6
CONTINUOUS
100
AcDbLine
 10
2.895607440944882
 20
1.4455947637795274
 30
0
 11
2.8952875590551179
 21
1.4454724015748031
 31
0
  0
LINE
  5
C9A
330
1A
100
AcDbEntity
  8
BLACK
  6
CONTINUOUS
100
AcDbLine
 10
2.8952875590551179
 20
1.4454724015748031
 30
0
 11
2.8949656692913384
 21
1.4453573622047244
 31
0
  0
LINE
  5
C9B
330
1A
100
AcDbEntity
  8
BLACK
  6
CONTINUOUS
100
AcDbLine
 10
2.8949656692913384
 20
1.4453573622047244
 30
0
 11
2.8949428346456694
 21
1.4453404724409449
 31
0
  0
LINE
  5
C9C
330
1A
100
AcDbEntity
  8
BLACK
  6
CONTINUOUS
100
AcDbLine
 10
2.8949428346456694
 20
1.4453404724409449
 30
0
 11
2.8948866141732283
 21
1.4453189370078741
 31
0
  0
LINE
  5
C9D
330
1A
100
AcDbEntity
  8
BLACK
  6
CONTINUOUS
100
AcDbLine
 10
2.8948866141732283
 20
1.4453189370078741
 30
0
 11
2.8892623228346457
 21
1.4425067716535434
 31
0
  0
LINE
  5
C9E
330
1A
100
AcDbEntity
  8
BLACK
  6
CONTINUOUS
100
AcDbLine
 10
2.8892623228346457
 20
1.4425067716535434
 30
0
 11
2.8889316929133857
 21
1.4422987007874015
 31
0
  0
LINE
  5
C9F
330
1A
100
AcDbEntity
  8
BLACK
  6
CONTINUOUS
100
AcDbLine
 10
2.8889316929133857
 20
1.4422987007874015
 30
0
 11
2.8888357086614174
 21
1.4422588976377952
 31
0
  0
LINE
  5
CA0
330
1A
100
AcDbEntity
  8
BLACK
  6
CONTINUOUS
100
AcDbLine
 10
2.8888357086614174
 20
1.4422588976377952
 30
0
 11
2.8887276377952755
 21
1.4421702362204725
 31
0
  0
LINE
  5
CA1
330
1A
100
AcDbEntity
  8
BLACK
  6
CONTINUOUS
100
AcDbLine
 10
2.8887276377952755
 20
1.4421702362204725
 30
0
 11
2.8886091732283465
 21
1.4420956299212597
 31
0
  0
LINE
  5
CA2
330
1A
100
AcDbEntity
  8
BLACK
  6
CONTINUOUS
100
AcDbLine
 10
2.8886091732283465
 20
1.4420956299212597
 30
0
 11
2.8885409448818895
 21
1.4420170078740158
 31
0
  0
LINE
  5
CA3
330
1A
100
AcDbEntity
  8
BLACK
  6
CONTINUOUS
100
AcDbLine
 10
2.8885409448818895
 20
1.4420170078740158
 30
0
 11
2.8882391338582676
 21
1.4417692519685039
 31
0
  0
LINE
  5
CA4
330
1A
100
AcDbEntity
  8
BLACK
  6
CONTINUOUS
100
AcDbLine
 10
2.8882391338582676
 20
1.4417692519685039
 30
0
 11
2.8854270078740156
 21
1.4389571653543307
 31
0
  0
LINE
  5
CA5
330
1A
100
AcDbEntity
  8
BLACK
  6
CONTINUOUS
100
AcDbLine
 10
2.8854270078740156
 20
1.4389571653543307
 30
0
 11
2.8851792913385825
 21
1.4386553543307086
 31
0
  0
LINE
  5
CA6
330
1A
100
AcDbEntity
  8
BLACK
  6
CONTINUOUS
100
AcDbLine
 10
2.8851792913385825
 20
1.4386553543307086
 30
0
 11
2.8851006692913383
 21
1.438587125984252
 31
0
  0
LINE
  5
CA7
330
1A
100
AcDbEntity
  8
BLACK
  6
CONTINUOUS
100
AcDbLine
 10
2.8851006692913383
 20
1.438587125984252
 30
0
 11
2.8850260236220473
 21
1.4384685826771653
 31
0
  0
LINE
  5
CA8
330
1A
100
AcDbEntity
  8
BLACK
  6
CONTINUOUS
100
AcDbLine
 10
2.8850260236220473
 20
1.4384685826771653
 30
0
 11
2.8849374015748031
 21
1.4383605511811024
 31
0
  0
LINE
  5
CA9
330
1A
100
AcDbEntity
  8
BLACK
  6
CONTINUOUS
100
AcDbLine
 10
2.8849374015748031
 20
1.4383605511811024
 30
0
 11
2.8848976377952753
 21
1.4382646062992126
 31
0
  0
LINE
  5
CAA
330
1A
100
AcDbEntity
  8
BLACK
  6
CONTINUOUS
100
AcDbLine
 10
2.8848976377952753
 20
1.4382646062992126
 30
0
 11
2.8846895275590549
 21
1.4379339370078741
 31
0
  0
LINE
  5
CAB
330
1A
100
AcDbEntity
  8
BLACK
  6
CONTINUOUS
100
AcDbLine
 10
2.8846895275590549
 20
1.4379339370078741
 30
0
 11
2.8818773622047242
 21
1.43230968503937
 31
0
  0
LINE
  5
CAC
330
1A
100
AcDbEntity
  8
BLACK
  6
CONTINUOUS
100
AcDbLine
 10
2.8818773622047242
 20
1.43230968503937
 30
0
 11
2.8816015354330706
 21
1.4315888582677165
 31
0
  0
LINE
  5
CAD
330
1A
100
AcDbEntity
  8
BLACK
  6
CONTINUOUS
100
AcDbLine
 10
2.8816015354330706
 20
1.4315888582677165
 30
0
 11
2.8815914960629923
 21
1.4314477952755906
 31
0
  0
LINE
  5
CAE
330
1A
100
AcDbEntity
  8
BLACK
  6
CONTINUOUS
100
AcDbLine
 10
2.8815914960629923
 20
1.4314477952755906
 30
0
 11
2.8815373622047242
 21
1.4313170472440944
 31
0
  0
LINE
  5
CAF
330
1A
100
AcDbEntity
  8
BLACK
  6
CONTINUOUS
100
AcDbLine
 10
2.8815373622047242
 20
1.4313170472440944
 30
0
 11
2.8814617322834644
 21
1.4305489763779526
 31
0
  0
LINE
  5
CB0
330
1A
100
AcDbEntity
  8
BLACK
  6
CONTINUOUS
100
AcDbLine
 10
2.8814617322834644
 20
1.4305489763779526
 30
0
 11
2.8814617322834644
 21
1.42492468503937
 31
0
  0
LINE
  5
CB1
330
1A
100
AcDbEntity
  8
BLACK
  6
CONTINUOUS
100
AcDbLine
 10
2.8814617322834644
 20
1.42492468503937
 30
0
 11
2.8815373622047242
 21
1.4241566141732283
 31
0
  0
LINE
  5
CB2
330
1A
100
AcDbEntity
  8
BLACK
  6
CONTINUOUS
100
AcDbLine
 10
2.8815373622047242
 20
1.4241566141732283
 30
0
 11
2.8815914960629923
 21
1.424025905511811
 31
0
  0
LINE
  5
CB3
330
1A
100
AcDbEntity
  8
BLACK
  6
CONTINUOUS
100
AcDbLine
 10
2.8815914960629923
 20
1.424025905511811
 30
0
 11
2.8816015354330706
 21
1.4238848031496063
 31
0
  0
LINE
  5
CB4
330
1A
100
AcDbEntity
  8
BLACK
  6
CONTINUOUS
100
AcDbLine
 10
2.8816015354330706
 20
1.4238848031496063
 30
0
 11
2.8818773622047242
 21
1.4231640157480314
 31
0
  0
LINE
  5
CB5
330
1A
100
AcDbEntity
  8
BLACK
  6
CONTINUOUS
100
AcDbLine
 10
2.8818773622047242
 20
1.4231640157480314
 30
0
 11
2.8846895275590549
 21
1.41753968503937
 31
0
  0
LINE
  5
CB6
330
1A
100
AcDbEntity
  8
BLACK
  6
CONTINUOUS
100
AcDbLine
 10
2.8846895275590549
 20
1.41753968503937
 30
0
 11
2.8848976377952753
 21
1.4172090551181102
 31
0
  0
LINE
  5
CB7
330
1A
100
AcDbEntity
  8
BLACK
  6
CONTINUOUS
100
AcDbLine
 10
2.8848976377952753
 20
1.4172090551181102
 30
0
 11
2.8849374015748031
 21
1.4171130708661417
 31
0
  0
LINE
  5
CB8
330
1A
100
AcDbEntity
  8
BLACK
  6
CONTINUOUS
100
AcDbLine
 10
2.8849374015748031
 20
1.4171130708661417
 30
0
 11
2.8850260236220473
 21
1.4170050787401574
 31
0
  0
LINE
  5
CB9
330
1A
100
AcDbEntity
  8
BLACK
  6
CONTINUOUS
100
AcDbLine
 10
2.8850260236220473
 20
1.4170050787401574
 30
0
 11
2.8851006692913383
 21
1.4168864960629921
 31
0
  0
LINE
  5
CBA
330
1A
100
AcDbEntity
  8
BLACK
  6
CONTINUOUS
100
AcDbLine
 10
2.8851006692913383
 20
1.4168864960629921
 30
0
 11
2.8851792913385825
 21
1.416818307086614
 31
0
  0
LINE
  5
CBB
330
1A
100
AcDbEntity
  8
BLACK
  6
CONTINUOUS
100
AcDbLine
 10
2.8851792913385825
 20
1.416818307086614
 30
0
 11
2.8854270078740156
 21
1.4165164566929134
 31
0
  0
LINE
  5
CBC
330
1A
100
AcDbEntity
  8
BLACK
  6
CONTINUOUS
100
AcDbLine
 10
2.8854270078740156
 20
1.4165164566929134
 30
0
 11
2.8882391338582676
 21
1.4137043700787402
 31
0
  0
LINE
  5
CBD
330
1A
100
AcDbEntity
  8
BLACK
  6
CONTINUOUS
100
AcDbLine
 10
2.8882391338582676
 20
1.4137043700787402
 30
0
 11
2.8885409448818895
 21
1.4134566535433071
 31
0
  0
LINE
  5
CBE
330
1A
100
AcDbEntity
  8
BLACK
  6
CONTINUOUS
100
AcDbLine
 10
2.8885409448818895
 20
1.4134566535433071
 30
0
 11
2.8886091732283465
 21
1.4133779921259841
 31
0
  0
LINE
  5
CBF
330
1A
100
AcDbEntity
  8
BLACK
  6
CONTINUOUS
100
AcDbLine
 10
2.8886091732283465
 20
1.4133779921259841
 30
0
 11
2.8887276377952755
 21
1.4133034251968504
 31
0
  0
LINE
  5
CC0
330
1A
100
AcDbEntity
  8
BLACK
  6
CONTINUOUS
100
AcDbLine
 10
2.8887276377952755
 20
1.4133034251968504
 30
0
 11
2.8888357086614174
 21
1.4132147244094488
 31
0
  0
LINE
  5
CC1
330
1A
100
AcDbEntity
  8
BLACK
  6
CONTINUOUS
100
AcDbLine
 10
2.8888357086614174
 20
1.4132147244094488
 30
0
 11
2.8889316929133857
 21
1.4131749606299213
 31
0
  0
LINE
  5
CC2
330
1A
100
AcDbEntity
  8
BLACK
  6
CONTINUOUS
100
AcDbLine
 10
2.8889316929133857
 20
1.4131749606299213
 30
0
 11
2.8892616929133856
 21
1.4129672440944883
 31
0
  0
LINE
  5
CC3
330
1A
100
AcDbEntity
  8
BLACK
  6
CONTINUOUS
100
AcDbLine
 10
2.8892616929133856
 20
1.4129672440944883
 30
0
 11
2.8892620472440944
 21
1.4129670472440945
 31
0
  0
LINE
  5
CC4
330
1A
100
AcDbEntity
  8
BLACK
  6
CONTINUOUS
100
AcDbLine
 10
2.8892620472440944
 20
1.4129670472440945
 30
0
 11
2.8892623228346457
 21
1.4129668503937007
 31
0
  0
LINE
  5
CC5
330
1A
100
AcDbEntity
  8
BLACK
  6
CONTINUOUS
100
AcDbLine
 10
2.8892623228346457
 20
1.4129668503937007
 30
0
 11
2.8948866141732283
 21
1.41015468503937
 31
0
  0
LINE
  5
CC6
330
1A
100
AcDbEntity
  8
BLACK
  6
CONTINUOUS
100
AcDbLine
 10
2.8948866141732283
 20
1.41015468503937
 30
0
 11
2.8949428346456694
 21
1.410133188976378
 31
0
  0
LINE
  5
CC7
330
1A
100
AcDbEntity
  8
BLACK
  6
CONTINUOUS
100
AcDbLine
 10
2.8949428346456694
 20
1.410133188976378
 30
0
 11
2.8949654330708663
 21
1.4101164173228347
 31
0
  0
LINE
  5
CC8
330
1A
100
AcDbEntity
  8
BLACK
  6
CONTINUOUS
100
AcDbLine
 10
2.8949654330708663
 20
1.4101164173228347
 30
0
 11
2.8949655511811021
 21
1.4101163779527559
 31
0
  0
LINE
  5
CC9
330
1A
100
AcDbEntity
  8
BLACK
  6
CONTINUOUS
100
AcDbLine
 10
2.8949655511811021
 20
1.4101163779527559
 30
0
 11
2.8949656692913384
 21
1.4101162598425196
 31
0
  0
LINE
  5
CCA
330
1A
100
AcDbEntity
  8
BLACK
  6
CONTINUOUS
100
AcDbLine
 10
2.8949656692913384
 20
1.4101162598425196
 30
0
 11
2.895235472440945
 21
1.4100199212598425
 31
0
  0
LINE
  5
CCB
330
1A
100
AcDbEntity
  8
BLACK
  6
CONTINUOUS
100
AcDbLine
 10
2.895235472440945
 20
1.4100199212598425
 30
0
 11
2.8952373622047243
 21
1.410019251968504
 31
0
  0
LINE
  5
CCC
330
1A
100
AcDbEntity
  8
BLACK
  6
CONTINUOUS
100
AcDbLine
 10
2.8952373622047243
 20
1.410019251968504
 30
0
 11
2.8952873228346454
 21
1.4100013779527558
 31
0
  0
LINE
  5
CCD
330
1A
100
AcDbEntity
  8
BLACK
  6
CONTINUOUS
100
AcDbLine
 10
2.8952873228346454
 20
1.4100013779527558
 30
0
 11
2.895607440944882
 21
1.4098788582677164
 31
0
  0
LINE
  5
CCE
330
1A
100
AcDbEntity
  8
BLACK
  6
CONTINUOUS
100
AcDbLine
 10
2.895607440944882
 20
1.4098788582677164
 30
0
 11
2.8956358661417321
 21
1.4098768503937007
 31
0
  0
LINE
  5
CCF
330
1A
100
AcDbEntity
  8
BLACK
  6
CONTINUOUS
100
AcDbLine
 10
2.8956358661417321
 20
1.4098768503937007
 30
0
 11
2.8956920866141731
 21
1.4098567716535433
 31
0
  0
LINE
  5
CD0
330
1A
100
AcDbEntity
  8
BLACK
  6
CONTINUOUS
100
AcDbLine
 10
2.8956920866141731
 20
1.4098567716535433
 30
0
 11
2.8956921653543306
 21
1.4098567322834645
 31
0
  0
LINE
  5
CD1
330
1A
100
AcDbEntity
  8
BLACK
  6
CONTINUOUS
100
AcDbLine
 10
2.8956921653543306
 20
1.4098567322834645
 30
0
 11
2.8956924803149606
 21
1.4098566141732283
 31
0
  0
LINE
  5
CD2
330
1A
100
AcDbEntity
  8
BLACK
  6
CONTINUOUS
100
AcDbLine
 10
2.8956924803149606
 20
1.4098566141732283
 30
0
 11
2.9069411023622047
 21
1.4070444881889763
 31
0
  0
LINE
  5
CD3
330
1A
100
AcDbEntity
  8
BLACK
  6
CONTINUOUS
100
AcDbLine
 10
2.9069411023622047
 20
1.4070444881889763
 30
0
 11
2.9069412598425197
 21
1.4070444881889763
 31
0
  0
LINE
  5
CD4
330
1A
100
AcDbEntity
  8
BLACK
  6
CONTINUOUS
100
AcDbLine
 10
2.9069412598425197
 20
1.4070444881889763
 30
0
 11
2.9069414566929135
 21
1.4070444488188976
 31
0
  0
LINE
  5
CD5
330
1A
100
AcDbEntity
  8
BLACK
  6
CONTINUOUS
100
AcDbLine
 10
2.9069414566929135
 20
1.4070444488188976
 30
0
 11
2.9070741338582677
 21
1.407024842519685
 31
0
  0
LINE
  5
CD6
330
1A
100
AcDbEntity
  8
BLACK
  6
CONTINUOUS
100
AcDbLine
 10
2.9070741338582677
 20
1.407024842519685
 30
0
 11
2.9071278740157478
 21
1.4070025590551181
 31
0
  0
LINE
  5
CD7
330
1A
100
AcDbEntity
  8
BLACK
  6
CONTINUOUS
100
AcDbLine
 10
2.9071278740157478
 20
1.4070025590551181
 30
0
 11
2.9072974803149605
 21
1.406985905511811
 31
0
  0
LINE
  5
CD8
330
1A
100
AcDbEntity
  8
BLACK
  6
CONTINUOUS
100
AcDbLine
 10
2.9072974803149605
 20
1.406985905511811
 30
0
 11
2.9072985826771651
 21
1.4069857874015748
 31
0
  0
LINE
  5
CD9
330
1A
100
AcDbEntity
  8
BLACK
  6
CONTINUOUS
100
AcDbLine
 10
2.9072985826771651
 20
1.4069857874015748
 30
0
 11
2.9074172834645671
 21
1.406974094488189
 31
0
  0
LINE
  5
CDA
330
1A
100
AcDbEntity
  8
BLACK
  6
CONTINUOUS
100
AcDbLine
 10
2.9074172834645671
 20
1.406974094488189
 30
0
 11
2.9075356299212598
 21
1.4069566141732284
 31
0
  0
LINE
  5
CDB
330
1A
100
AcDbEntity
  8
BLACK
  6
CONTINUOUS
100
AcDbLine
 10
2.9075356299212598
 20
1.4069566141732284
 30
0
 11
2.9075362992125982
 21
1.4069564960629921
 31
0
  0
LINE
  5
CDC
330
1A
100
AcDbEntity
  8
BLACK
  6
CONTINUOUS
100
AcDbLine
 10
2.9075362992125982
 20
1.4069564960629921
 30
0
 11
2.9077045669291337
 21
1.4069315748031497
 31
0
  0
LINE
  5
CDD
330
1A
100
AcDbEntity
  8
BLACK
  6
CONTINUOUS
100
AcDbLine
 10
2.9077045669291337
 20
1.4069315748031497
 30
0
 11
2.90770468503937
 21
1.4069316141732282
 31
0
  0
LINE
  5
CDE
330
1A
100
AcDbEntity
  8
BLACK
  6
CONTINUOUS
100
AcDbLine
 10
2.90770468503937
 20
1.4069316141732282
 30
0
 11
2.9077047244094487
 21
1.4069316141732282
 31
0
  0
LINE
  5
CDF
330
1A
100
AcDbEntity
  8
BLACK
  6
CONTINUOUS
100
AcDbLine
 10
2.9077047244094487
 20
1.4069316141732282
 30
0
 11
2.9077619685039369
 21
1.4069401574803149
 31
0
  0
LINE
  5
CE0
330
1A
100
AcDbEntity
  8
BLACK
  6
CONTINUOUS
100
AcDbLine
 10
2.9077619685039369
 20
1.4069401574803149
 30
0
 11
2.9078959448818895
 21
1.4069269291338582
 31
0
  0
LINE
  5
CE1
330
1A
100
AcDbEntity
  8
BLACK
  6
CONTINUOUS
100
AcDbLine
 10
2.9078959448818895
 20
1.4069269291338582
 30
0
 11
2.9219566929133856
 21
1.4069269291338582
 31
0
  0
LINE
  5
CE2
330
1A
100
AcDbEntity
  8
BLACK
  6
CONTINUOUS
100
AcDbLine
 10
2.9219566929133856
 20
1.4069269291338582
 30
0
 11
2.9220906299212599
 21
1.4069401574803149
 31
0
  0
LINE
  5
CE3
330
1A
100
AcDbEntity
  8
BLACK
  6
CONTINUOUS
100
AcDbLine
 10
2.9220906299212599
 20
1.4069401574803149
 30
0
 11
2.922147874015748
 21
1.4069316141732282
 31
0
  0
LINE
  5
CE4
330
1A
100
AcDbEntity
  8
BLACK
  6
CONTINUOUS
100
AcDbLine
 10
2.922147874015748
 20
1.4069316141732282
 30
0
 11
2.9221479527559056
 21
1.4069316141732282
 31
0
  0
LINE
  5
CE5
330
1A
100
AcDbEntity
  8
BLACK
  6
CONTINUOUS
100
AcDbLine
 10
2.9221479527559056
 20
1.4069316141732282
 30
0
 11
2.9221480708661418
 21
1.4069315748031497
 31
0
  0
LINE
  5
CE6
330
1A
100
AcDbEntity
  8
BLACK
  6
CONTINUOUS
100
AcDbLine
 10
2.9221480708661418
 20
1.4069315748031497
 30
0
 11
2.9223163779527557
 21
1.4069564960629921
 31
0
  0
LINE
  5
CE7
330
1A
100
AcDbEntity
  8
BLACK
  6
CONTINUOUS
100
AcDbLine
 10
2.9223163779527557
 20
1.4069564960629921
 30
0
 11
2.9223166535433069
 21
1.4069565354330709
 31
0
  0
LINE
  5
CE8
330
1A
100
AcDbEntity
  8
BLACK
  6
CONTINUOUS
100
AcDbLine
 10
2.9223166535433069
 20
1.4069565354330709
 30
0
 11
2.9224353149606297
 21
1.406974094488189
 31
0
  0
LINE
  5
CE9
330
1A
100
AcDbEntity
  8
BLACK
  6
CONTINUOUS
100
AcDbLine
 10
2.9224353149606297
 20
1.406974094488189
 30
0
 11
2.9225554330708663
 21
1.406985905511811
 31
0
  0
LINE
  5
CEA
330
1A
100
AcDbEntity
  8
BLACK
  6
CONTINUOUS
100
AcDbLine
 10
2.9225554330708663
 20
1.406985905511811
 30
0
 11
2.9227247637795273
 21
1.4070025590551181
 31
0
  0
LINE
  5
CEB
330
1A
100
AcDbEntity
  8
BLACK
  6
CONTINUOUS
100
AcDbLine
 10
2.9227247637795273
 20
1.4070025590551181
 30
0
 11
2.9227248425196848
 21
1.4070026377952756
 31
0
  0
LINE
  5
CEC
330
1A
100
AcDbEntity
  8
BLACK
  6
CONTINUOUS
100
AcDbLine
 10
2.9227248425196848
 20
1.4070026377952756
 30
0
 11
2.922724960629921
 21
1.4070026771653543
 31
0
  0
LINE
  5
CED
330
1A
100
AcDbEntity
  8
BLACK
  6
CONTINUOUS
100
AcDbLine
 10
2.922724960629921
 20
1.4070026771653543
 30
0
 11
2.922778464566929
 21
1.407024842519685
 31
0
  0
LINE
  5
CEE
330
1A
100
AcDbEntity
  8
BLACK
  6
CONTINUOUS
100
AcDbLine
 10
2.922778464566929
 20
1.407024842519685
 30
0
 11
2.9229111417322833
 21
1.4070444488188976
 31
0
  0
LINE
  5
CEF
330
1A
100
AcDbEntity
  8
BLACK
  6
CONTINUOUS
100
AcDbLine
 10
2.9229111417322833
 20
1.4070444488188976
 30
0
 11
2.9229112204724408
 21
1.4070444488188976
 31
0
  0
LINE
  5
CF0
330
1A
100
AcDbEntity
  8
BLACK
  6
CONTINUOUS
100
AcDbLine
 10
2.9229112204724408
 20
1.4070444488188976
 30
0
 11
2.9229115354330708
 21
1.4070444881889763
 31
0
  0
LINE
  5
CF1
330
1A
100
AcDbEntity
  8
BLACK
  6
CONTINUOUS
100
AcDbLine
 10
2.9229115354330708
 20
1.4070444881889763
 30
0
 11
2.9341601181102361
 21
1.4098566141732283
 31
0
  0
LINE
  5
CF2
330
1A
100
AcDbEntity
  8
BLACK
  6
CONTINUOUS
100
AcDbLine
 10
2.9341601181102361
 20
1.4098566141732283
 30
0
 11
2.9341603543307087
 21
1.4098567322834645
 31
0
  0
LINE
  5
CF3
330
1A
100
AcDbEntity
  8
BLACK
  6
CONTINUOUS
100
AcDbLine
 10
2.9341603543307087
 20
1.4098567322834645
 30
0
 11
2.9341606299212599
 21
1.409856811023622
 31
0
  0
LINE
  5
CF4
330
1A
100
AcDbEntity
  8
BLACK
  6
CONTINUOUS
100
AcDbLine
 10
2.9341606299212599
 20
1.409856811023622
 30
0
 11
2.9342166929133859
 21
1.4098768503937007
 31
0
  0
LINE
  5
CF5
330
1A
100
AcDbEntity
  8
BLACK
  6
CONTINUOUS
100
AcDbLine
 10
2.9342166929133859
 20
1.4098768503937007
 30
0
 11
2.9342448425196848
 21
1.4098788582677164
 31
0
  0
LINE
  5
CF6
330
1A
100
AcDbEntity
  8
BLACK
  6
CONTINUOUS
100
AcDbLine
 10
2.9342448425196848
 20
1.4098788582677164
 30
0
 11
2.9342449212598423
 21
1.4098788582677164
 31
0
  0
LINE
  5
CF7
330
1A
100
AcDbEntity
  8
BLACK
  6
CONTINUOUS
100
AcDbLine
 10
2.9342449212598423
 20
1.4098788582677164
 30
0
 11
2.9342451574803148
 21
1.4098788582677164
 31
0
  0
LINE
  5
CF8
330
1A
100
AcDbEntity
  8
BLACK
  6
CONTINUOUS
100
AcDbLine
 10
2.9342451574803148
 20
1.4098788582677164
 30
0
 11
2.9345160629921261
 21
1.4099825984251968
 31
0
  0
LINE
  5
CF9
330
1A
100
AcDbEntity
  8
BLACK
  6
CONTINUOUS
100
AcDbLine
 10
2.9345160629921261
 20
1.4099825984251968
 30
0
 11
2.9345193307086612
 21
1.4099838188976377
 31
0
  0
LINE
  5
CFA
330
1A
100
AcDbEntity
  8
BLACK
  6
CONTINUOUS
100
AcDbLine
 10
2.9345193307086612
 20
1.4099838188976377
 30
0
 11
2.9345652362204722
 21
1.4100013779527558
 31
0
  0
LINE
  5
CFB
330
1A
100
AcDbEntity
  8
BLACK
  6
CONTINUOUS
100
AcDbLine
 10
2.9345652362204722
 20
1.4100013779527558
 30
0
 11
2.9346134251968503
 21
1.4100186220472442
 31
0
  0
LINE
  5
CFC
330
1A
100
AcDbEntity
  8
BLACK
  6
CONTINUOUS
100
AcDbLine
 10
2.9346134251968503
 20
1.4100186220472442
 30
0
 11
2.9346169291338584
 21
1.4100198818897638
 31
0
  0
LINE
  5
CFD
330
1A
100
AcDbEntity
  8
BLACK
  6
CONTINUOUS
100
AcDbLine
 10
2.9346169291338584
 20
1.4100198818897638
 30
0
 11
2.9348869291338584
 21
1.4101162598425196
 31
0
  0
LINE
  5
CFE
330
1A
100
AcDbEntity
  8
BLACK
  6
CONTINUOUS
100
AcDbLine
 10
2.9348869291338584
 20
1.4101162598425196
 30
0
 11
2.9348870078740155
 21
1.4101163385826772
 31
0
  0
LINE
  5
CFF
330
1A
100
AcDbEntity
  8
BLACK
  6
CONTINUOUS
100
AcDbLine
 10
2.9348870078740155
 20
1.4101163385826772
 30
0
 11
2.9348870472440942
 21
1.4101163779527559
 31
0
  0
LINE
  5
D00
330
1A
100
AcDbEntity
  8
BLACK
  6
CONTINUOUS
100
AcDbLine
 10
2.9348870472440942
 20
1.4101163779527559
 30
0
 11
2.9349097244094486
 21
1.410133188976378
 31
0
  0
LINE
  5
D01
330
1A
100
AcDbEntity
  8
BLACK
  6
CONTINUOUS
100
AcDbLine
 10
2.9349097244094486
 20
1.410133188976378
 30
0
 11
2.9349654724409446
 21
1.410154527559055
 31
0
  0
LINE
  5
D02
330
1A
100
AcDbEntity
  8
BLACK
  6
CONTINUOUS
100
AcDbLine
 10
2.9349654724409446
 20
1.410154527559055
 30
0
 11
2.9349656299212596
 21
1.4101545669291338
 31
0
  0
LINE
  5
D03
330
1A
100
AcDbEntity
  8
BLACK
  6
CONTINUOUS
100
AcDbLine
 10
2.9349656299212596
 20
1.4101545669291338
 30
0
 11
2.9349659842519684
 21
1.41015468503937
 31
0
  0
LINE
  5
D04
330
1A
100
AcDbEntity
  8
BLACK
  6
CONTINUOUS
100
AcDbLine
 10
2.9349659842519684
 20
1.41015468503937
 30
0
 11
2.9405902362204723
 21
1.4129668503937007
 31
0
  0
LINE
  5
D05
330
1A
100
AcDbEntity
  8
BLACK
  6
CONTINUOUS
100
AcDbLine
 10
2.9405902362204723
 20
1.4129668503937007
 30
0
 11
2.9405907480314961
 21
1.4129672047244095
 31
0
  0
LINE
  5
D06
330
1A
100
AcDbEntity
  8
BLACK
  6
CONTINUOUS
100
AcDbLine
 10
2.9405907480314961
 20
1.4129672047244095
 30
0
 11
2.9405912204724407
 21
1.4129674803149606
 31
0
  0
LINE
  5
D07
330
1A
100
AcDbEntity
  8
BLACK
  6
CONTINUOUS
100
AcDbLine
 10
2.9405912204724407
 20
1.4129674803149606
 30
0
 11
2.9409207086614173
 21
1.4131748818897638
 31
0
  0
LINE
  5
D08
330
1A
100
AcDbEntity
  8
BLACK
  6
CONTINUOUS
100
AcDbLine
 10
2.9409207086614173
 20
1.4131748818897638
 30
0
 11
2.9410161811023623
 21
1.4132144488188976
 31
0
  0
LINE
  5
D09
330
1A
100
AcDbEntity
  8
BLACK
  6
CONTINUOUS
100
AcDbLine
 10
2.9410161811023623
 20
1.4132144488188976
 30
0
 11
2.9410164566929131
 21
1.4132145669291338
 31
0
  0
LINE
  5
D0A
330
1A
100
AcDbEntity
  8
BLACK
  6
CONTINUOUS
100
AcDbLine
 10
2.9410164566929131
 20
1.4132145669291338
 30
0
 11
2.9410168503937006
 21
1.4132146850393701
 31
0
  0
LINE
  5
D0B
330
1A
100
AcDbEntity
  8
BLACK
  6
CONTINUOUS
100
AcDbLine
 10
2.9410168503937006
 20
1.4132146850393701
 30
0
 11
2.9410171259842519
 21
1.4132149606299211
 31
0
  0
LINE
  5
D0C
330
1A
100
AcDbEntity
  8
BLACK
  6
CONTINUOUS
100
AcDbLine
 10
2.9410171259842519
 20
1.4132149606299211
 30
0
 11
2.9410173228346457
 21
1.4132151181102361
 31
0
  0
LINE
  5
D0D
330
1A
100
AcDbEntity
  8
BLACK
  6
CONTINUOUS
100
AcDbLine
 10
2.9410173228346457
 20
1.4132151181102361
 30
0
 11
2.941125
 21
1.4133034645669291
 31
0
  0
LINE
  5
D0E
330
1A
100
AcDbEntity
  8
BLACK
  6
CONTINUOUS
100
AcDbLine
 10
2.941125
 20
1.4133034645669291
 30
0
 11
2.941243149606299
 21
1.4133778346456694
 31
0
  0
LINE
  5
D0F
330
1A
100
AcDbEntity
  8
BLACK
  6
CONTINUOUS
100
AcDbLine
 10
2.941243149606299
 20
1.4133778346456694
 30
0
 11
2.941243307086614
 21
1.4133779527559054
 31
0
  0
LINE
  5
D10
330
1A
100
AcDbEntity
  8
BLACK
  6
CONTINUOUS
100
AcDbLine
 10
2.941243307086614
 20
1.4133779527559054
 30
0
 11
2.9412434251968502
 21
1.4133779921259841
 31
0
  0
LINE
  5
D11
330
1A
100
AcDbEntity
  8
BLACK
  6
CONTINUOUS
100
AcDbLine
 10
2.9412434251968502
 20
1.4133779921259841
 30
0
 11
2.9412435039370077
 21
1.4133781102362204
 31
0
  0
LINE
  5
D12
330
1A
100
AcDbEntity
  8
BLACK
  6
CONTINUOUS
100
AcDbLine
 10
2.9412435039370077
 20
1.4133781102362204
 30
0
 11
2.9412435826771652
 21
1.4133782283464567
 31
0
  0
LINE
  5
D13
330
1A
100
AcDbEntity
  8
BLACK
  6
CONTINUOUS
100
AcDbLine
 10
2.9412435826771652
 20
1.4133782283464567
 30
0
 11
2.9413115748031498
 21
1.4134566141732283
 31
0
  0
LINE
  5
D14
330
1A
100
AcDbEntity
  8
BLACK
  6
CONTINUOUS
100
AcDbLine
 10
2.9413115748031498
 20
1.4134566141732283
 30
0
 11
2.9416125984251966
 21
1.4137036614173228
 31
0
  0
LINE
  5
D15
330
1A
100
AcDbEntity
  8
BLACK
  6
CONTINUOUS
100
AcDbLine
 10
2.9416125984251966
 20
1.4137036614173228
 30
0
 11
2.9416129133858266
 21
1.4137039370078739
 31
0
  0
LINE
  5
D16
330
1A
100
AcDbEntity
  8
BLACK
  6
CONTINUOUS
100
AcDbLine
 10
2.9416129133858266
 20
1.4137039370078739
 30
0
 11
2.9416134251968504
 21
1.4137043307086614
 31
0
  0
LINE
  5
D17
330
1A
100
AcDbEntity
  8
BLACK
  6
CONTINUOUS
100
AcDbLine
 10
2.9416134251968504
 20
1.4137043307086614
 30
0
 11
2.9444255905511811
 21
1.4165164566929134
 31
0
  0
LINE
  5
D18
330
1A
100
AcDbEntity
  8
BLACK
  6
CONTINUOUS
100
AcDbLine
 10
2.9444255905511811
 20
1.4165164566929134
 30
0
 11
2.944426023622047
 21
1.4165170078740157
 31
0
  0
LINE
  5
D19
330
1A
100
AcDbEntity
  8
BLACK
  6
CONTINUOUS
100
AcDbLine
 10
2.944426023622047
 20
1.4165170078740157
 30
0
 11
2.9444262204724407
 21
1.4165172440944882
 31
0
  0
LINE
  5
D1A
330
1A
100
AcDbEntity
  8
BLACK
  6
CONTINUOUS
100
AcDbLine
 10
2.9444262204724407
 20
1.4165172440944882
 30
0
 11
2.9446733858267717
 21
1.4168184251968503
 31
0
  0
LINE
  5
D1B
330
1A
100
AcDbEntity
  8
BLACK
  6
CONTINUOUS
100
AcDbLine
 10
2.9446733858267717
 20
1.4168184251968503
 30
0
 11
2.9447519685039367
 21
1.4168865354330709
 31
0
  0
LINE
  5
D1C
330
1A
100
AcDbEntity
  8
BLACK
  6
CONTINUOUS
100
AcDbLine
 10
2.9447519685039367
 20
1.4168865354330709
 30
0
 11
2.9448264173228345
 21
1.4170048818897638
 31
0
  0
LINE
  5
D1D
330
1A
100
AcDbEntity
  8
BLACK
  6
CONTINUOUS
100
AcDbLine
 10
2.9448264173228345
 20
1.4170048818897638
 30
0
 11
2.9449149999999999
 21
1.4171127559055119
 31
0
  0
LINE
  5
D1E
330
1A
100
AcDbEntity
  8
BLACK
  6
CONTINUOUS
100
AcDbLine
 10
2.9449149999999999
 20
1.4171127559055119
 30
0
 11
2.9449150787401575
 21
1.4171128740157479
 31
0
  0
LINE
  5
D1F
330
1A
100
AcDbEntity
  8
BLACK
  6
CONTINUOUS
100
AcDbLine
 10
2.9449150787401575
 20
1.4171128740157479
 30
0
 11
2.9449152362204725
 21
1.4171130314960629
 31
0
  0
LINE
  5
D20
330
1A
100
AcDbEntity
  8
BLACK
  6
CONTINUOUS
100
AcDbLine
 10
2.9449152362204725
 20
1.4171130314960629
 30
0
 11
2.94491531496063
 21
1.4171132283464567
 31
0
  0
LINE
  5
D21
330
1A
100
AcDbEntity
  8
BLACK
  6
CONTINUOUS
100
AcDbLine
 10
2.94491531496063
 20
1.4171132283464567
 30
0
 11
2.94491531496063
 21
1.4171132677165355
 31
0
  0
LINE
  5
D22
330
1A
100
AcDbEntity
  8
BLACK
  6
CONTINUOUS
100
AcDbLine
 10
2.94491531496063
 20
1.4171132677165355
 30
0
 11
2.9449550393700785
 21
1.4172091732283465
 31
0
  0
LINE
  5
D23
330
1A
100
AcDbEntity
  8
BLACK
  6
CONTINUOUS
100
AcDbLine
 10
2.9449550393700785
 20
1.4172091732283465
 30
0
 11
2.9451622047244093
 21
1.4175382677165353
 31
0
  0
LINE
  5
D24
330
1A
100
AcDbEntity
  8
BLACK
  6
CONTINUOUS
100
AcDbLine
 10
2.9451622047244093
 20
1.4175382677165353
 30
0
 11
2.9451626377952755
 21
1.4175390157480314
 31
0
  0
LINE
  5
D25
330
1A
100
AcDbEntity
  8
BLACK
  6
CONTINUOUS
100
AcDbLine
 10
2.9451626377952755
 20
1.4175390157480314
 30
0
 11
2.9451631102362206
 21
1.41753968503937
 31
0
  0
LINE
  5
D26
330
1A
100
AcDbEntity
  8
BLACK
  6
CONTINUOUS
100
AcDbLine
 10
2.9451631102362206
 20
1.41753968503937
 30
0
 11
2.9479752362204725
 21
1.4231640157480314
 31
0
  0
LINE
  5
D27
330
1A
100
AcDbEntity
  8
BLACK
  6
CONTINUOUS
100
AcDbLine
 10
2.9479752362204725
 20
1.4231640157480314
 30
0
 11
2.9482511023622044
 21
1.4238848425196851
 31
0
  0
LINE
  5
D28
330
1A
100
AcDbEntity
  8
BLACK
  6
CONTINUOUS
100
AcDbLine
 10
2.9482511023622044
 20
1.4238848425196851
 30
0
 11
2.9482511023622044
 21
1.4238850787401574
 31
0
  0
LINE
  5
D29
330
1A
100
AcDbEntity
  8
BLACK
  6
CONTINUOUS
100
AcDbLine
 10
2.9482511023622044
 20
1.4238850787401574
 30
0
 11
2.9482511023622044
 21
1.4238851968503936
 31
0
  0
LINE
  5
D2A
330
1A
100
AcDbEntity
  8
BLACK
  6
CONTINUOUS
100
AcDbLine
 10
2.9482511023622044
 20
1.4238851968503936
 30
0
 11
2.9482611023622045
 21
1.4240260236220472
 31
0
  0
LINE
  5
D2B
330
1A
100
AcDbEntity
  8
BLACK
  6
CONTINUOUS
100
AcDbLine
 10
2.9482611023622045
 20
1.4240260236220472
 30
0
 11
2.9483152362204725
 21
1.4241566141732283
 31
0
  0
LINE
  5
D2C
330
1A
100
AcDbEntity
  8
BLACK
  6
CONTINUOUS
100
AcDbLine
 10
2.9483152362204725
 20
1.4241566141732283
 30
0
 11
2.9483908661417324
 21
1.42492468503937
 31
0
  0
LINE
  5
D2D
330
1A
100
AcDbEntity
  8
BLACK
  6
CONTINUOUS
100
AcDbLine
 10
2.9483908661417324
 20
1.42492468503937
 30
0
 11
2.9483908661417324
 21
1.4305489763779526
 31
0
  0
LINE
  5
D2E
330
1A
100
AcDbEntity
  8
BLACK
  6
CONTINUOUS
100
AcDbLine
 10
2.9483908661417324
 20
1.4305489763779526
 30
0
 11
2.9483152362204725
 21
1.4313170472440944
 31
0
  0
LINE
  5
D2F
330
1A
100
AcDbEntity
  8
BLACK
  6
CONTINUOUS
100
AcDbLine
 10
2.9483152362204725
 20
1.4313170472440944
 30
0
 11
2.9482610629921258
 21
1.4314477952755906
 31
0
  0
LINE
  5
D30
330
1A
100
AcDbEntity
  8
BLACK
  6
CONTINUOUS
100
AcDbLine
 10
2.9482610629921258
 20
1.4314477952755906
 30
0
 11
2.9482510629921261
 21
1.4315888188976378
 31
0
  0
LINE
  5
D31
330
1A
100
AcDbEntity
  8
BLACK
  6
CONTINUOUS
100
AcDbLine
 10
2.9482510629921261
 20
1.4315888188976378
 30
0
 11
2.9479752362204725
 21
1.4323096456692912
 31
0
  0
LINE
  5
D32
330
1A
100
AcDbEntity
  8
BLACK
  6
CONTINUOUS
100
AcDbLine
 10
2.9479752362204725
 20
1.4323096456692912
 30
0
 11
2.9451631102362206
 21
1.4379339370078741
 31
0
  0
LINE
  5
D33
330
1A
100
AcDbEntity
  8
BLACK
  6
CONTINUOUS
100
AcDbLine
 10
2.9451631102362206
 20
1.4379339370078741
 30
0
 11
2.9449550393700785
 21
1.4382644881889763
 31
0
  0
LINE
  5
D34
330
1A
100
AcDbEntity
  8
BLACK
  6
CONTINUOUS
100
AcDbLine
 10
2.9449550393700785
 20
1.4382644881889763
 30
0
 11
2.9449152362204725
 21
1.4383605905511812
 31
0
  0
LINE
  5
D35
330
1A
100
AcDbEntity
  8
BLACK
  6
CONTINUOUS
100
AcDbLine
 10
2.9449152362204725
 20
1.4383605905511812
 30
0
 11
2.9449151181102362
 21
1.4383607086614172
 31
0
  0
LINE
  5
D36
330
1A
100
AcDbEntity
  8
BLACK
  6
CONTINUOUS
100
AcDbLine
 10
2.9449151181102362
 20
1.4383607086614172
 30
0
 11
2.9449150393700787
 21
1.4383608267716534
 31
0
  0
LINE
  5
D37
330
1A
100
AcDbEntity
  8
BLACK
  6
CONTINUOUS
100
AcDbLine
 10
2.9449150393700787
 20
1.4383608267716534
 30
0
 11
2.9448264173228345
 21
1.438468779527559
 31
0
  0
LINE
  5
D38
330
1A
100
AcDbEntity
  8
BLACK
  6
CONTINUOUS
100
AcDbLine
 10
2.9448264173228345
 20
1.438468779527559
 30
0
 11
2.9447519685039367
 21
1.4385870866141732
 31
0
  0
LINE
  5
D39
330
1A
100
AcDbEntity
  8
BLACK
  6
CONTINUOUS
100
AcDbLine
 10
2.9447519685039367
 20
1.4385870866141732
 30
0
 11
2.9446734251968505
 21
1.4386552362204723
 31
0
  0
LINE
  5
D3A
330
1A
100
AcDbEntity
  8
BLACK
  6
CONTINUOUS
100
AcDbLine
 10
2.9446734251968505
 20
1.4386552362204723
 30
0
 11
2.9444262598425195
 21
1.4389563385826771
 31
0
  0
LINE
  5
D3B
330
1A
100
AcDbEntity
  8
BLACK
  6
CONTINUOUS
100
AcDbLine
 10
2.9444262598425195
 20
1.4389563385826771
 30
0
 11
2.9444259448818899
 21
1.4389566929133859
 31
0
  0
LINE
  5
D3C
330
1A
100
AcDbEntity
  8
BLACK
  6
CONTINUOUS
100
AcDbLine
 10
2.9444259448818899
 20
1.4389566929133859
 30
0
 11
2.9444255905511811
 21
1.4389571653543307
 31
0
  0
LINE
  5
D3D
330
1A
100
AcDbEntity
  8
BLACK
  6
CONTINUOUS
100
AcDbLine
 10
2.9444255905511811
 20
1.4389571653543307
 30
0
 11
2.9416134251968504
 21
1.4417692913385827
 31
0
  0
LINE
  5
D3E
330
1A
100
AcDbEntity
  8
BLACK
  6
CONTINUOUS
100
AcDbLine
 10
2.9416134251968504
 20
1.4417692913385827
 30
0
 11
2.9416133858267717
 21
1.4417693307086614
 31
0
  0
LINE
  5
D3F
330
1A
100
AcDbEntity
  8
BLACK
  6
CONTINUOUS
100
AcDbLine
 10
2.9416133858267717
 20
1.4417693307086614
 30
0
 11
2.9413115748031498
 21
1.4420170472440945
 31
0
  0
LINE
  5
D40
330
1A
100
AcDbEntity
  8
BLACK
  6
CONTINUOUS
100
AcDbLine
 10
2.9413115748031498
 20
1.4420170472440945
 30
0
 11
2.9412434251968502
 21
1.4420956299212597
 31
0
  0
LINE
  5
D41
330
1A
100
AcDbEntity
  8
BLACK
  6
CONTINUOUS
100
AcDbLine
 10
2.9412434251968502
 20
1.4420956299212597
 30
0
 11
2.941125
 21
1.4421701968503937
 31
0
  0
LINE
  5
D42
330
1A
100
AcDbEntity
  8
BLACK
  6
CONTINUOUS
100
AcDbLine
 10
2.941125
 20
1.4421701968503937
 30
0
 11
2.9410168503937006
 21
1.442258937007874
 31
0
  0
LINE
  5
D43
330
1A
100
AcDbEntity
  8
BLACK
  6
CONTINUOUS
100
AcDbLine
 10
2.9410168503937006
 20
1.442258937007874
 30
0
 11
2.9409207086614173
 21
1.442298779527559
 31
0
  0
LINE
  5
D44
330
1A
100
AcDbEntity
  8
BLACK
  6
CONTINUOUS
100
AcDbLine
 10
2.9409207086614173
 20
1.442298779527559
 30
0
 11
2.9405902362204723
 21
1.4425067716535434
 31
0
  0
LINE
  5
D45
330
1A
100
AcDbEntity
  8
BLACK
  6
CONTINUOUS
100
AcDbLine
 10
2.9405902362204723
 20
1.4425067716535434
 30
0
 11
2.9349659842519684
 21
1.4453189370078741
 31
0
  0
LINE
  5
D46
330
1A
100
AcDbEntity
  8
BLACK
  6
CONTINUOUS
100
AcDbLine
 10
2.9349659842519684
 20
1.4453189370078741
 30
0
 11
2.9349097244094486
 21
1.4453404724409449
 31
0
  0
LINE
  5
D47
330
1A
100
AcDbEntity
  8
BLACK
  6
CONTINUOUS
100
AcDbLine
 10
2.9349097244094486
 20
1.4453404724409449
 30
0
 11
2.9348869291338584
 21
1.4453573622047244
 31
0
  0
LINE
  5
D48
330
1A
100
AcDbEntity
  8
BLACK
  6
CONTINUOUS
100
AcDbLine
 10
2.9348869291338584
 20
1.4453573622047244
 30
0
 11
2.9345652362204722
 21
1.4454722834645668
 31
0
  0
LINE
  5
D49
330
1A
100
AcDbEntity
  8
BLACK
  6
CONTINUOUS
100
AcDbLine
 10
2.9345652362204722
 20
1.4454722834645668
 30
0
 11
2.9342451574803148
 21
1.4455947637795274
 31
0
  0
LINE
  5
D4A
330
1A
100
AcDbEntity
  8
BLACK
  6
CONTINUOUS
100
AcDbLine
 10
2.9342451574803148
 20
1.4455947637795274
 30
0
 11
2.9342166929133859
 21
1.4455968110236219
 31
0
  0
LINE
  5
D4B
330
1A
100
AcDbEntity
  8
BLACK
  6
CONTINUOUS
100
AcDbLine
 10
2.9342166929133859
 20
1.4455968110236219
 30
0
 11
2.9341601181102361
 21
1.4456170078740158
 31
0
  0
LINE
  5
D4C
330
1A
100
AcDbEntity
  8
BLACK
  6
CONTINUOUS
100
AcDbLine
 10
2.9341601181102361
 20
1.4456170078740158
 30
0
 11
2.9229115748031496
 21
1.4484291732283465
 31
0
  0
LINE
  5
D4D
330
1A
100
AcDbEntity
  8
BLACK
  6
CONTINUOUS
100
AcDbLine
 10
2.9229115748031496
 20
1.4484291732283465
 30
0
 11
2.9227784251968503
 21
1.4484488976377952
 31
0
  0
LINE
  5
D4E
330
1A
100
AcDbEntity
  8
BLACK
  6
CONTINUOUS
100
AcDbLine
 10
2.9227784251968503
 20
1.4484488976377952
 30
0
 11
2.9227247637795273
 21
1.4484711023622048
 31
0
  0
LINE
  5
D4F
330
1A
100
AcDbEntity
  8
BLACK
  6
CONTINUOUS
100
AcDbLine
 10
2.9227247637795273
 20
1.4484711023622048
 30
0
 11
2.9224353543307084
 21
1.4484996062992126
 31
0
  0
LINE
  5
D50
330
1A
100
AcDbEntity
  8
BLACK
  6
CONTINUOUS
100
AcDbLine
 10
2.9224353543307084
 20
1.4484996062992126
 30
0
 11
2.9221480708661418
 21
1.4485420866141732
 31
0
  0
LINE
  5
D51
330
1A
100
AcDbEntity
  8
BLACK
  6
CONTINUOUS
100
AcDbLine
 10
2.9221480708661418
 20
1.4485420866141732
 30
0
 11
2.9220906299212599
 21
1.4485335433070865
 31
0
  0
LINE
  5
D52
330
1A
100
AcDbEntity
  8
BLACK
  6
CONTINUOUS
100
AcDbLine
 10
2.9220906299212599
 20
1.4485335433070865
 30
0
 11
2.9219566929133856
 21
1.4485467322834646
 31
0
  0
LINE
  5
D53
330
1A
100
AcDbEntity
  8
BLACK
  6
CONTINUOUS
100
AcDbLine
 10
2.9219566929133856
 20
1.4485467322834646
 30
0
 11
2.9078959448818895
 21
1.4485467322834646
 31
0
  0
LINE
  5
D54
330
1A
100
AcDbEntity
  8
BLACK
  6
CONTINUOUS
100
AcDbLine
 10
2.9078959448818895
 20
1.4485467322834646
 30
0
 11
2.9077619291338581
 21
1.4485335433070865
 31
0
  0
LINE
  5
D55
330
1A
100
AcDbEntity
  8
BLACK
  6
CONTINUOUS
100
AcDbLine
 10
2.8958792519685037
 20
1.5047140551181102
 30
0
 11
2.8957485039370079
 21
1.5046599212598424
 31
0
  0
LINE
  5
D56
330
1A
100
AcDbEntity
  8
BLACK
  6
CONTINUOUS
100
AcDbLine
 10
2.8957485039370079
 20
1.5046599212598424
 30
0
 11
2.895607440944882
 21
1.5046498818897638
 31
0
  0
LINE
  5
D57
330
1A
100
AcDbEntity
  8
BLACK
  6
CONTINUOUS
100
AcDbLine
 10
2.895607440944882
 20
1.5046498818897638
 30
0
 11
2.8948866141732283
 21
1.5043740551181102
 31
0
  0
LINE
  5
D58
330
1A
100
AcDbEntity
  8
BLACK
  6
CONTINUOUS
100
AcDbLine
 10
2.8948866141732283
 20
1.5043740551181102
 30
0
 11
2.8892623228346457
 21
1.5015618897637795
 31
0
  0
LINE
  5
D59
330
1A
100
AcDbEntity
  8
BLACK
  6
CONTINUOUS
100
AcDbLine
 10
2.8892623228346457
 20
1.5015618897637795
 30
0
 11
2.8889316929133857
 21
1.5013538188976379
 31
0
  0
LINE
  5
D5A
330
1A
100
AcDbEntity
  8
BLACK
  6
CONTINUOUS
100
AcDbLine
 10
2.8889316929133857
 20
1.5013538188976379
 30
0
 11
2.8888357086614174
 21
1.5013140157480314
 31
0
  0
LINE
  5
D5B
330
1A
100
AcDbEntity
  8
BLACK
  6
CONTINUOUS
100
AcDbLine
 10
2.8888357086614174
 20
1.5013140157480314
 30
0
 11
2.8887276377952755
 21
1.5012253543307086
 31
0
  0
LINE
  5
D5C
330
1A
100
AcDbEntity
  8
BLACK
  6
CONTINUOUS
100
AcDbLine
 10
2.8887276377952755
 20
1.5012253543307086
 30
0
 11
2.8886091732283465
 21
1.5011507480314961
 31
0
  0
LINE
  5
D5D
330
1A
100
AcDbEntity
  8
BLACK
  6
CONTINUOUS
100
AcDbLine
 10
2.8886091732283465
 20
1.5011507480314961
 30
0
 11
2.8885409448818895
 21
1.5010721259842519
 31
0
  0
LINE
  5
D5E
330
1A
100
AcDbEntity
  8
BLACK
  6
CONTINUOUS
100
AcDbLine
 10
2.8885409448818895
 20
1.5010721259842519
 30
0
 11
2.8882391338582676
 21
1.50082437007874
 31
0
  0
LINE
  5
D5F
330
1A
100
AcDbEntity
  8
BLACK
  6
CONTINUOUS
100
AcDbLine
 10
2.8882391338582676
 20
1.50082437007874
 30
0
 11
2.8854270078740156
 21
1.4980122047244093
 31
0
  0
LINE
  5
D60
330
1A
100
AcDbEntity
  8
BLACK
  6
CONTINUOUS
100
AcDbLine
 10
2.8854270078740156
 20
1.4980122047244093
 30
0
 11
2.8851792519685038
 21
1.4977103937007874
 31
0
  0
LINE
  5
D61
330
1A
100
AcDbEntity
  8
BLACK
  6
CONTINUOUS
100
AcDbLine
 10
2.8851792519685038
 20
1.4977103937007874
 30
0
 11
2.8851006692913383
 21
1.4976422047244093
 31
0
  0
LINE
  5
D62
330
1A
100
AcDbEntity
  8
BLACK
  6
CONTINUOUS
100
AcDbLine
 10
2.8851006692913383
 20
1.4976422047244093
 30
0
 11
2.8850261023622048
 21
1.4975238188976379
 31
0
  0
LINE
  5
D63
330
1A
100
AcDbEntity
  8
BLACK
  6
CONTINUOUS
100
AcDbLine
 10
2.8850261023622048
 20
1.4975238188976379
 30
0
 11
2.8849373622047243
 21
1.4974156299212598
 31
0
  0
LINE
  5
D64
330
1A
100
AcDbEntity
  8
BLACK
  6
CONTINUOUS
100
AcDbLine
 10
2.8849373622047243
 20
1.4974156299212598
 30
0
 11
2.8848975196850395
 21
1.4973195275590552
 31
0
  0
LINE
  5
D65
330
1A
100
AcDbEntity
  8
BLACK
  6
CONTINUOUS
100
AcDbLine
 10
2.8848975196850395
 20
1.4973195275590552
 30
0
 11
2.8846895275590549
 21
1.4969890157480314
 31
0
  0
LINE
  5
D66
330
1A
100
AcDbEntity
  8
BLACK
  6
CONTINUOUS
100
AcDbLine
 10
2.8846895275590549
 20
1.4969890157480314
 30
0
 11
2.8818773622047242
 21
1.4913647637795275
 31
0
  0
LINE
  5
D67
330
1A
100
AcDbEntity
  8
BLACK
  6
CONTINUOUS
100
AcDbLine
 10
2.8818773622047242
 20
1.4913647637795275
 30
0
 11
2.8816015354330706
 21
1.4906439370078739
 31
0
  0
LINE
  5
D68
330
1A
100
AcDbEntity
  8
BLACK
  6
CONTINUOUS
100
AcDbLine
 10
2.8816015354330706
 20
1.4906439370078739
 30
0
 11
2.8815914960629923
 21
1.490502874015748
 31
0
  0
LINE
  5
D69
330
1A
100
AcDbEntity
  8
BLACK
  6
CONTINUOUS
100
AcDbLine
 10
2.8815914960629923
 20
1.490502874015748
 30
0
 11
2.8815373622047242
 21
1.4903721259842519
 31
0
  0
LINE
  5
D6A
330
1A
100
AcDbEntity
  8
BLACK
  6
CONTINUOUS
100
AcDbLine
 10
2.8815373622047242
 20
1.4903721259842519
 30
0
 11
2.8814617322834644
 21
1.4896040551181102
 31
0
  0
LINE
  5
D6B
330
1A
100
AcDbEntity
  8
BLACK
  6
CONTINUOUS
100
AcDbLine
 10
2.8814617322834644
 20
1.4896040551181102
 30
0
 11
2.8814617322834644
 21
1.4755433070866142
 31
0
  0
LINE
  5
D6C
330
1A
100
AcDbEntity
  8
BLACK
  6
CONTINUOUS
100
AcDbLine
 10
2.8814617322834644
 20
1.4755433070866142
 30
0
 11
2.8815373622047242
 21
1.4747752362204725
 31
0
  0
LINE
  5
D6D
330
1A
100
AcDbEntity
  8
BLACK
  6
CONTINUOUS
100
AcDbLine
 10
2.8815373622047242
 20
1.4747752362204725
 30
0
 11
2.8815914960629923
 21
1.4746445275590552
 31
0
  0
LINE
  5
D6E
330
1A
100
AcDbEntity
  8
BLACK
  6
CONTINUOUS
100
AcDbLine
 10
2.8815914960629923
 20
1.4746445275590552
 30
0
 11
2.8816015354330706
 21
1.4745034251968503
 31
0
  0
LINE
  5
D6F
330
1A
100
AcDbEntity
  8
BLACK
  6
CONTINUOUS
100
AcDbLine
 10
2.8816015354330706
 20
1.4745034251968503
 30
0
 11
2.8818773622047242
 21
1.4737825984251969
 31
0
  0
LINE
  5
D70
330
1A
100
AcDbEntity
  8
BLACK
  6
CONTINUOUS
100
AcDbLine
 10
2.8818773622047242
 20
1.4737825984251969
 30
0
 11
2.8846895275590549
 21
1.468158346456693
 31
0
  0
LINE
  5
D71
330
1A
100
AcDbEntity
  8
BLACK
  6
CONTINUOUS
100
AcDbLine
 10
2.8846895275590549
 20
1.468158346456693
 30
0
 11
2.8848976377952753
 21
1.467827716535433
 31
0
  0
LINE
  5
D72
330
1A
100
AcDbEntity
  8
BLACK
  6
CONTINUOUS
100
AcDbLine
 10
2.8848976377952753
 20
1.467827716535433
 30
0
 11
2.8849374015748031
 21
1.4677317322834644
 31
0
  0
LINE
  5
D73
330
1A
100
AcDbEntity
  8
BLACK
  6
CONTINUOUS
100
AcDbLine
 10
2.8849374015748031
 20
1.4677317322834644
 30
0
 11
2.8850260236220473
 21
1.4676237401574803
 31
0
  0
LINE
  5
D74
330
1A
100
AcDbEntity
  8
BLACK
  6
CONTINUOUS
100
AcDbLine
 10
2.8850260236220473
 20
1.4676237401574803
 30
0
 11
2.8851006692913383
 21
1.4675051574803148
 31
0
  0
LINE
  5
D75
330
1A
100
AcDbEntity
  8
BLACK
  6
CONTINUOUS
100
AcDbLine
 10
2.8851006692913383
 20
1.4675051574803148
 30
0
 11
2.8851792913385825
 21
1.467436968503937
 31
0
  0
LINE
  5
D76
330
1A
100
AcDbEntity
  8
BLACK
  6
CONTINUOUS
100
AcDbLine
 10
2.8851792913385825
 20
1.467436968503937
 30
0
 11
2.8854270078740156
 21
1.4671351181102361
 31
0
  0
LINE
  5
D77
330
1A
100
AcDbEntity
  8
BLACK
  6
CONTINUOUS
100
AcDbLine
 10
2.8854270078740156
 20
1.4671351181102361
 30
0
 11
2.8882391338582676
 21
1.4643230314960629
 31
0
  0
LINE
  5
D78
330
1A
100
AcDbEntity
  8
BLACK
  6
CONTINUOUS
100
AcDbLine
 10
2.8882391338582676
 20
1.4643230314960629
 30
0
 11
2.8888357086614174
 21
1.4638333858267716
 31
0
  0
LINE
  5
D79
330
1A
100
AcDbEntity
  8
BLACK
  6
CONTINUOUS
100
AcDbLine
 10
2.8888357086614174
 20
1.4638333858267716
 30
0
 11
2.890254960629921
 21
1.4632455511811022
 31
0
  0
LINE
  5
D7A
330
1A
100
AcDbEntity
  8
BLACK
  6
CONTINUOUS
100
AcDbLine
 10
2.890254960629921
 20
1.4632455511811022
 30
0
 11
2.8902550393700785
 21
1.4632455511811022
 31
0
  0
LINE
  5
D7B
330
1A
100
AcDbEntity
  8
BLACK
  6
CONTINUOUS
100
AcDbLine
 10
2.8902550393700785
 20
1.4632455511811022
 30
0
 11
2.8917911023622045
 21
1.4632455511811022
 31
0
  0
LINE
  5
D7C
330
1A
100
AcDbEntity
  8
BLACK
  6
CONTINUOUS
100
AcDbLine
 10
2.8917911023622045
 20
1.4632455511811022
 30
0
 11
2.8932103149606299
 21
1.4638333858267716
 31
0
  0
LINE
  5
D7D
330
1A
100
AcDbEntity
  8
BLACK
  6
CONTINUOUS
100
AcDbLine
 10
2.8932103149606299
 20
1.4638333858267716
 30
0
 11
2.894296535433071
 21
1.4649196062992125
 31
0
  0
LINE
  5
D7E
330
1A
100
AcDbEntity
  8
BLACK
  6
CONTINUOUS
100
AcDbLine
 10
2.894296535433071
 20
1.4649196062992125
 30
0
 11
2.8948843700787399
 21
1.4663388188976378
 31
0
  0
LINE
  5
D7F
330
1A
100
AcDbEntity
  8
BLACK
  6
CONTINUOUS
100
AcDbLine
 10
2.8948843700787399
 20
1.4663388188976378
 30
0
 11
2.8948843700787399
 21
1.4678749606299213
 31
0
  0
LINE
  5
D80
330
1A
100
AcDbEntity
  8
BLACK
  6
CONTINUOUS
100
AcDbLine
 10
2.8948843700787399
 20
1.4678749606299213
 30
0
 11
2.894296535433071
 21
1.4692942125984252
 31
0
  0
LINE
  5
D81
330
1A
100
AcDbEntity
  8
BLACK
  6
CONTINUOUS
100
AcDbLine
 10
2.894296535433071
 20
1.4692942125984252
 30
0
 11
2.8938068897637796
 21
1.4698907874015747
 31
0
  0
LINE
  5
D82
330
1A
100
AcDbEntity
  8
BLACK
  6
CONTINUOUS
100
AcDbLine
 10
2.8938068897637796
 20
1.4698907874015747
 30
0
 11
2.8920157874015748
 21
1.4716819291338583
 31
0
  0
LINE
  5
D83
330
1A
100
AcDbEntity
  8
BLACK
  6
CONTINUOUS
100
AcDbLine
 10
2.8920157874015748
 20
1.4716819291338583
 30
0
 11
2.8914465748031497
 21
1.4722511417322834
 31
0
  0
LINE
  5
D84
330
1A
100
AcDbEntity
  8
BLACK
  6
CONTINUOUS
100
AcDbLine
 10
2.8914465748031497
 20
1.4722511417322834
 30
0
 11
2.8893357480314958
 21
1.4764727952755905
 31
0
  0
LINE
  5
D85
330
1A
100
AcDbEntity
  8
BLACK
  6
CONTINUOUS
100
AcDbLine
 10
2.8893357480314958
 20
1.4764727952755905
 30
0
 11
2.8893357480314958
 21
1.4886746062992127
 31
0
  0
LINE
  5
D86
330
1A
100
AcDbEntity
  8
BLACK
  6
CONTINUOUS
100
AcDbLine
 10
2.8893357480314958
 20
1.4886746062992127
 30
0
 11
2.8914466141732285
 21
1.4928963385826772
 31
0
  0
LINE
  5
D87
330
1A
100
AcDbEntity
  8
BLACK
  6
CONTINUOUS
100
AcDbLine
 10
2.8914466141732285
 20
1.4928963385826772
 30
0
 11
2.8920155905511811
 21
1.4934653543307086
 31
0
  0
LINE
  5
D88
330
1A
100
AcDbEntity
  8
BLACK
  6
CONTINUOUS
100
AcDbLine
 10
2.8920155905511811
 20
1.4934653543307086
 30
0
 11
2.8920156692913386
 21
1.4934654330708661
 31
0
  0
LINE
  5
D89
330
1A
100
AcDbEntity
  8
BLACK
  6
CONTINUOUS
100
AcDbLine
 10
2.8920156692913386
 20
1.4934654330708661
 30
0
 11
2.8927858267716533
 21
1.4942356299212598
 31
0
  0
LINE
  5
D8A
330
1A
100
AcDbEntity
  8
BLACK
  6
CONTINUOUS
100
AcDbLine
 10
2.8927858267716533
 20
1.4942356299212598
 30
0
 11
2.8927859055118108
 21
1.4942357086614173
 31
0
  0
LINE
  5
D8B
330
1A
100
AcDbEntity
  8
BLACK
  6
CONTINUOUS
100
AcDbLine
 10
2.8927859055118108
 20
1.4942357086614173
 30
0
 11
2.8933550787401576
 21
1.4948048425196849
 31
0
  0
LINE
  5
D8C
330
1A
100
AcDbEntity
  8
BLACK
  6
CONTINUOUS
100
AcDbLine
 10
2.8933550787401576
 20
1.4948048425196849
 30
0
 11
2.8940748425196849
 21
1.4951647637795276
 31
0
  0
LINE
  5
D8D
330
1A
100
AcDbEntity
  8
BLACK
  6
CONTINUOUS
100
AcDbLine
 10
2.8940748425196849
 20
1.4951647637795276
 30
0
 11
2.8940749606299212
 21
1.4951648031496063
 31
0
  0
LINE
  5
D8E
330
1A
100
AcDbEntity
  8
BLACK
  6
CONTINUOUS
100
AcDbLine
 10
2.8940749606299212
 20
1.4951648031496063
 30
0
 11
2.896529409448819
 21
1.4963920078740156
 31
0
  0
LINE
  5
D8F
330
1A
100
AcDbEntity
  8
BLACK
  6
CONTINUOUS
100
AcDbLine
 10
2.896529409448819
 20
1.4963920078740156
 30
0
 11
2.8975767322834645
 21
1.4969156692913386
 31
0
  0
LINE
  5
D90
330
1A
100
AcDbEntity
  8
BLACK
  6
CONTINUOUS
100
AcDbLine
 10
2.8975767322834645
 20
1.4969156692913386
 30
0
 11
2.9016327952755905
 21
1.4969156692913386
 31
0
  0
LINE
  5
D91
330
1A
100
AcDbEntity
  8
BLACK
  6
CONTINUOUS
100
AcDbLine
 10
2.9016327952755905
 20
1.4969156692913386
 30
0
 11
2.9032037795275589
 21
1.4963920078740156
 31
0
  0
LINE
  5
D92
330
1A
100
AcDbEntity
  8
BLACK
  6
CONTINUOUS
100
AcDbLine
 10
2.9032037795275589
 20
1.4963920078740156
 30
0
 11
2.9050066535433072
 21
1.4957910629921261
 31
0
  0
LINE
  5
D93
330
1A
100
AcDbEntity
  8
BLACK
  6
CONTINUOUS
100
AcDbLine
 10
2.9050066535433072
 20
1.4957910629921261
 30
0
 11
2.9074702755905513
 21
1.4949698425196849
 31
0
  0
LINE
  5
D94
330
1A
100
AcDbEntity
  8
BLACK
  6
CONTINUOUS
100
AcDbLine
 10
2.9074702755905513
 20
1.4949698425196849
 30
0
 11
2.9085812992125986
 21
1.4945994881889764
 31
0
  0
LINE
  5
D95
330
1A
100
AcDbEntity
  8
BLACK
  6
CONTINUOUS
100
AcDbLine
 10
2.9085812992125986
 20
1.4945994881889764
 30
0
 11
2.9094092913385827
 21
1.4937714960629922
 31
0
  0
LINE
  5
D96
330
1A
100
AcDbEntity
  8
BLACK
  6
CONTINUOUS
100
AcDbLine
 10
2.9094092913385827
 20
1.4937714960629922
 30
0
 11
2.9267080314960627
 21
1.4764727952755905
 31
0
  0
LINE
  5
D97
330
1A
100
AcDbEntity
  8
BLACK
  6
CONTINUOUS
100
AcDbLine
 10
2.9267080314960627
 20
1.4764727952755905
 30
0
 11
2.941669960629921
 21
1.4615108661417322
 31
0
  0
LINE
  5
D98
330
1A
100
AcDbEntity
  8
BLACK
  6
CONTINUOUS
100
AcDbLine
 10
2.941669960629921
 20
1.4615108661417322
 30
0
 11
2.9422665354330708
 21
1.4610212204724409
 31
0
  0
LINE
  5
D99
330
1A
100
AcDbEntity
  8
BLACK
  6
CONTINUOUS
100
AcDbLine
 10
2.9422665354330708
 20
1.4610212204724409
 30
0
 11
2.9426822047244094
 21
1.4608490551181101
 31
0
  0
LINE
  5
D9A
330
1A
100
AcDbEntity
  8
BLACK
  6
CONTINUOUS
100
AcDbLine
 10
2.9426822047244094
 20
1.4608490551181101
 30
0
 11
2.9432237401574803
 21
1.4606247637795275
 31
0
  0
LINE
  5
D9B
330
1A
100
AcDbEntity
  8
BLACK
  6
CONTINUOUS
100
AcDbLine
 10
2.9432237401574803
 20
1.4606247637795275
 30
0
 11
2.9435075196850393
 21
1.4605072047244094
 31
0
  0
LINE
  5
D9C
330
1A
100
AcDbEntity
  8
BLACK
  6
CONTINUOUS
100
AcDbLine
 10
2.9435075196850393
 20
1.4605072047244094
 30
0
 11
2.9436857874015749
 21
1.460433346456693
 31
0
  0
LINE
  5
D9D
330
1A
100
AcDbEntity
  8
BLACK
  6
CONTINUOUS
100
AcDbLine
 10
2.9436857874015749
 20
1.460433346456693
 30
0
 11
2.9452219291338584
 21
1.460433346456693
 31
0
  0
LINE
  5
D9E
330
1A
100
AcDbEntity
  8
BLACK
  6
CONTINUOUS
100
AcDbLine
 10
2.9452219291338584
 20
1.460433346456693
 30
0
 11
2.9466411417322833
 21
1.4610212204724409
 31
0
  0
LINE
  5
D9F
330
1A
100
AcDbEntity
  8
BLACK
  6
CONTINUOUS
100
AcDbLine
 10
2.9466411417322833
 20
1.4610212204724409
 30
0
 11
2.9477273622047244
 21
1.4621074409448818
 31
0
  0
LINE
  5
DA0
330
1A
100
AcDbEntity
  8
BLACK
  6
CONTINUOUS
100
AcDbLine
 10
2.9477273622047244
 20
1.4621074409448818
 30
0
 11
2.9483152362204725
 21
1.4635266535433071
 31
0
  0
LINE
  5
DA1
330
1A
100
AcDbEntity
  8
BLACK
  6
CONTINUOUS
100
AcDbLine
 10
2.9483152362204725
 20
1.4635266535433071
 30
0
 11
2.9483908661417324
 21
1.4642947244094489
 31
0
  0
LINE
  5
DA2
330
1A
100
AcDbEntity
  8
BLACK
  6
CONTINUOUS
100
AcDbLine
 10
2.9483908661417324
 20
1.4642947244094489
 30
0
 11
2.9483908661417324
 21
1.5008526771653543
 31
0
  0
LINE
  5
DA3
330
1A
100
AcDbEntity
  8
BLACK
  6
CONTINUOUS
100
AcDbLine
 10
2.9483908661417324
 20
1.5008526771653543
 30
0
 11
2.9483152362204725
 21
1.501620748031496
 31
0
  0
LINE
  5
DA4
330
1A
100
AcDbEntity
  8
BLACK
  6
CONTINUOUS
100
AcDbLine
 10
2.9483152362204725
 20
1.501620748031496
 30
0
 11
2.9477273622047244
 21
1.5030399606299212
 31
0
  0
LINE
  5
DA5
330
1A
100
AcDbEntity
  8
BLACK
  6
CONTINUOUS
100
AcDbLine
 10
2.9477273622047244
 20
1.5030399606299212
 30
0
 11
2.9477273228346457
 21
1.5030399999999999
 31
0
  0
LINE
  5
DA6
330
1A
100
AcDbEntity
  8
BLACK
  6
CONTINUOUS
100
AcDbLine
 10
2.9477273228346457
 20
1.5030399999999999
 30
0
 11
2.9466411417322833
 21
1.5041261811023621
 31
0
  0
LINE
  5
DA7
330
1A
100
AcDbEntity
  8
BLACK
  6
CONTINUOUS
100
AcDbLine
 10
2.9466411417322833
 20
1.5041261811023621
 30
0
 11
2.9452219291338584
 21
1.5047140551181102
 31
0
  0
LINE
  5
DA8
330
1A
100
AcDbEntity
  8
BLACK
  6
CONTINUOUS
100
AcDbLine
 10
2.9452219291338584
 20
1.5047140551181102
 30
0
 11
2.9436857874015749
 21
1.5047140551181102
 31
0
  0
LINE
  5
DA9
330
1A
100
AcDbEntity
  8
BLACK
  6
CONTINUOUS
100
AcDbLine
 10
2.9436857874015749
 20
1.5047140551181102
 30
0
 11
2.9422665748031496
 21
1.5041261811023621
 31
0
  0
LINE
  5
DAA
330
1A
100
AcDbEntity
  8
BLACK
  6
CONTINUOUS
100
AcDbLine
 10
2.9422665748031496
 20
1.5041261811023621
 30
0
 11
2.9411803543307085
 21
1.5030399606299212
 31
0
  0
LINE
  5
DAB
330
1A
100
AcDbEntity
  8
BLACK
  6
CONTINUOUS
100
AcDbLine
 10
2.9411803543307085
 20
1.5030399606299212
 30
0
 11
2.9405924803149603
 21
1.501620748031496
 31
0
  0
LINE
  5
DAC
330
1A
100
AcDbEntity
  8
BLACK
  6
CONTINUOUS
100
AcDbLine
 10
2.9405924803149603
 20
1.501620748031496
 30
0
 11
2.9405168503937009
 21
1.5008526771653543
 31
0
  0
LINE
  5
DAD
330
1A
100
AcDbEntity
  8
BLACK
  6
CONTINUOUS
100
AcDbLine
 10
2.9405168503937009
 20
1.5008526771653543
 30
0
 11
2.9405168503937009
 21
1.4737995275590552
 31
0
  0
LINE
  5
DAE
330
1A
100
AcDbEntity
  8
BLACK
  6
CONTINUOUS
100
AcDbLine
 10
2.9405168503937009
 20
1.4737995275590552
 30
0
 11
2.9134919685039371
 21
1.5008244094488188
 31
0
  0
LINE
  5
DAF
330
1A
100
AcDbEntity
  8
BLACK
  6
CONTINUOUS
100
AcDbLine
 10
2.9134919685039371
 20
1.5008244094488188
 30
0
 11
2.9128953543307086
 21
1.5013140157480314
 31
0
  0
LINE
  5
DB0
330
1A
100
AcDbEntity
  8
BLACK
  6
CONTINUOUS
100
AcDbLine
 10
2.9128953543307086
 20
1.5013140157480314
 30
0
 11
2.9127646850393698
 21
1.5013681496062992
 31
0
  0
LINE
  5
DB1
330
1A
100
AcDbEntity
  8
BLACK
  6
CONTINUOUS
100
AcDbLine
 10
2.9127646850393698
 20
1.5013681496062992
 30
0
 11
2.9126577952755905
 21
1.5014608661417324
 31
0
  0
LINE
  5
DB2
330
1A
100
AcDbEntity
  8
BLACK
  6
CONTINUOUS
100
AcDbLine
 10
2.9126577952755905
 20
1.5014608661417324
 30
0
 11
2.9119530708661419
 21
1.5017754724409449
 31
0
  0
LINE
  5
DB3
330
1A
100
AcDbEntity
  8
BLACK
  6
CONTINUOUS
100
AcDbLine
 10
2.9119530708661419
 20
1.5017754724409449
 30
0
 11
2.9035166535433072
 21
1.5045876377952756
 31
0
  0
LINE
  5
DB4
330
1A
100
AcDbEntity
  8
BLACK
  6
CONTINUOUS
100
AcDbLine
 10
2.9035166535433072
 20
1.5045876377952756
 30
0
 11
2.9031358267716536
 21
1.5046742519685039
 31
0
  0
LINE
  5
DB5
330
1A
100
AcDbEntity
  8
BLACK
  6
CONTINUOUS
100
AcDbLine
 10
2.9031358267716536
 20
1.5046742519685039
 30
0
 11
2.9030397244094486
 21
1.5047140551181102
 31
0
  0
LINE
  5
DB6
330
1A
100
AcDbEntity
  8
BLACK
  6
CONTINUOUS
100
AcDbLine
 10
2.9030397244094486
 20
1.5047140551181102
 30
0
 11
2.9029004330708661
 21
1.5047277952755904
 31
0
  0
LINE
  5
DB7
330
1A
100
AcDbEntity
  8
BLACK
  6
CONTINUOUS
100
AcDbLine
 10
2.9029004330708661
 20
1.5047277952755904
 30
0
 11
2.9027640944881887
 21
1.504758779527559
 31
0
  0
LINE
  5
DB8
330
1A
100
AcDbEntity
  8
BLACK
  6
CONTINUOUS
100
AcDbLine
 10
2.9027640944881887
 20
1.504758779527559
 30
0
 11
2.9026603543307088
 21
1.5047514173228347
 31
0
  0
LINE
  5
DB9
330
1A
100
AcDbEntity
  8
BLACK
  6
CONTINUOUS
100
AcDbLine
 10
2.9026603543307088
 20
1.5047514173228347
 30
0
 11
2.9022716535433069
 21
1.5047896850393701
 31
0
  0
LINE
  5
DBA
330
1A
100
AcDbEntity
  8
BLACK
  6
CONTINUOUS
100
AcDbLine
 10
2.9022716535433069
 20
1.5047896850393701
 30
0
 11
2.8966473228346454
 21
1.5047896850393701
 31
0
  0
LINE
  5
DBB
330
1A
100
AcDbEntity
  8
BLACK
  6
CONTINUOUS
100
AcDbLine
 10
2.8966473228346454
 20
1.5047896850393701
 30
0
 11
2.8958792519685037
 21
1.5047140551181102
 31
0
  0
LINE
  5
DBC
330
1A
100
AcDbEntity
  8
BLACK
  6
CONTINUOUS
100
AcDbLine
 10
2.9183764566929131
 20
1.5609570078740158
 30
0
 11
2.9182457086614173
 21
1.560902874015748
 31
0
  0
LINE
  5
DBD
330
1A
100
AcDbEntity
  8
BLACK
  6
CONTINUOUS
100
AcDbLine
 10
2.9182457086614173
 20
1.560902874015748
 30
0
 11
2.9181046456692914
 21
1.5608928346456692
 31
0
  0
LINE
  5
DBE
330
1A
100
AcDbEntity
  8
BLACK
  6
CONTINUOUS
100
AcDbLine
 10
2.9181046456692914
 20
1.5608928346456692
 30
0
 11
2.9173838188976378
 21
1.5606170078740158
 31
0
  0
LINE
  5
DBF
330
1A
100
AcDbEntity
  8
BLACK
  6
CONTINUOUS
100
AcDbLine
 10
2.9173838188976378
 20
1.5606170078740158
 30
0
 11
2.9117595275590551
 21
1.5578048425196851
 31
0
  0
LINE
  5
DC0
330
1A
100
AcDbEntity
  8
BLACK
  6
CONTINUOUS
100
AcDbLine
 10
2.9117595275590551
 20
1.5578048425196851
 30
0
 11
2.9114288582677164
 21
1.5575967322834645
 31
0
  0
LINE
  5
DC1
330
1A
100
AcDbEntity
  8
BLACK
  6
CONTINUOUS
100
AcDbLine
 10
2.9114288582677164
 20
1.5575967322834645
 30
0
 11
2.9113329527559055
 21
1.557556968503937
 31
0
  0
LINE
  5
DC2
330
1A
100
AcDbEntity
  8
BLACK
  6
CONTINUOUS
100
AcDbLine
 10
2.9113329527559055
 20
1.557556968503937
 30
0
 11
2.9112249212598424
 21
1.557468346456693
 31
0
  0
LINE
  5
DC3
330
1A
100
AcDbEntity
  8
BLACK
  6
CONTINUOUS
100
AcDbLine
 10
2.9112249212598424
 20
1.557468346456693
 30
0
 11
2.911106377952756
 21
1.5573937007874015
 31
0
  0
LINE
  5
DC4
330
1A
100
AcDbEntity
  8
BLACK
  6
CONTINUOUS
100
AcDbLine
 10
2.911106377952756
 20
1.5573937007874015
 30
0
 11
2.9110381496062994
 21
1.5573150787401575
 31
0
  0
LINE
  5
DC5
330
1A
100
AcDbEntity
  8
BLACK
  6
CONTINUOUS
100
AcDbLine
 10
2.9110381496062994
 20
1.5573150787401575
 30
0
 11
2.910736338582677
 21
1.5570673622047244
 31
0
  0
LINE
  5
DC6
330
1A
100
AcDbEntity
  8
BLACK
  6
CONTINUOUS
100
AcDbLine
 10
2.910736338582677
 20
1.5570673622047244
 30
0
 11
2.9079241732283463
 21
1.5542551968503937
 31
0
  0
LINE
  5
DC7
330
1A
100
AcDbEntity
  8
BLACK
  6
CONTINUOUS
100
AcDbLine
 10
2.9079241732283463
 20
1.5542551968503937
 30
0
 11
2.9076764566929132
 21
1.5539533858267716
 31
0
  0
LINE
  5
DC8
330
1A
100
AcDbEntity
  8
BLACK
  6
CONTINUOUS
100
AcDbLine
 10
2.9076764566929132
 20
1.5539533858267716
 30
0
 11
2.907597834645669
 21
1.553885157480315
 31
0
  0
LINE
  5
DC9
330
1A
100
AcDbEntity
  8
BLACK
  6
CONTINUOUS
100
AcDbLine
 10
2.907597834645669
 20
1.553885157480315
 30
0
 11
2.907523188976378
 21
1.5537666141732283
 31
0
  0
LINE
  5
DCA
330
1A
100
AcDbEntity
  8
BLACK
  6
CONTINUOUS
100
AcDbLine
 10
2.907523188976378
 20
1.5537666141732283
 30
0
 11
2.9074345669291337
 21
1.5536585826771654
 31
0
  0
LINE
  5
DCB
330
1A
100
AcDbEntity
  8
BLACK
  6
CONTINUOUS
100
AcDbLine
 10
2.9074345669291337
 20
1.5536585826771654
 30
0
 11
2.9073948031496064
 21
1.5535626377952756
 31
0
  0
LINE
  5
DCC
330
1A
100
AcDbEntity
  8
BLACK
  6
CONTINUOUS
100
AcDbLine
 10
2.9073948031496064
 20
1.5535626377952756
 30
0
 11
2.9071866929133856
 21
1.5532319685039371
 31
0
  0
LINE
  5
DCD
330
1A
100
AcDbEntity
  8
BLACK
  6
CONTINUOUS
100
AcDbLine
 10
2.9071866929133856
 20
1.5532319685039371
 30
0
 11
2.9043745669291336
 21
1.5476076771653542
 31
0
  0
LINE
  5
DCE
330
1A
100
AcDbEntity
  8
BLACK
  6
CONTINUOUS
100
AcDbLine
 10
2.9043745669291336
 20
1.5476076771653542
 30
0
 11
2.90409874015748
 21
1.5468868897637795
 31
0
  0
LINE
  5
DCF
330
1A
100
AcDbEntity
  8
BLACK
  6
CONTINUOUS
100
AcDbLine
 10
2.90409874015748
 20
1.5468868897637795
 30
0
 11
2.9040887007874017
 21
1.5467458267716534
 31
0
  0
LINE
  5
DD0
330
1A
100
AcDbEntity
  8
BLACK
  6
CONTINUOUS
100
AcDbLine
 10
2.9040887007874017
 20
1.5467458267716534
 30
0
 11
2.9040345669291336
 21
1.5466150787401574
 31
0
  0
LINE
  5
DD1
330
1A
100
AcDbEntity
  8
BLACK
  6
CONTINUOUS
100
AcDbLine
 10
2.9040345669291336
 20
1.5466150787401574
 30
0
 11
2.9039589370078738
 21
1.5458470078740156
 31
0
  0
LINE
  5
DD2
330
1A
100
AcDbEntity
  8
BLACK
  6
CONTINUOUS
100
AcDbLine
 10
2.9039589370078738
 20
1.5458470078740156
 30
0
 11
2.9039589370078738
 21
1.5345984251968503
 31
0
  0
LINE
  5
DD3
330
1A
100
AcDbEntity
  8
BLACK
  6
CONTINUOUS
100
AcDbLine
 10
2.9039589370078738
 20
1.5345984251968503
 30
0
 11
2.9040345669291336
 21
1.5338303543307086
 31
0
  0
LINE
  5
DD4
330
1A
100
AcDbEntity
  8
BLACK
  6
CONTINUOUS
100
AcDbLine
 10
2.9040345669291336
 20
1.5338303543307086
 30
0
 11
2.9040887007874017
 21
1.5336996456692913
 31
0
  0
LINE
  5
DD5
330
1A
100
AcDbEntity
  8
BLACK
  6
CONTINUOUS
100
AcDbLine
 10
2.9040887007874017
 20
1.5336996456692913
 30
0
 11
2.90409874015748
 21
1.5335585433070866
 31
0
  0
LINE
  5
DD6
330
1A
100
AcDbEntity
  8
BLACK
  6
CONTINUOUS
100
AcDbLine
 10
2.90409874015748
 20
1.5335585433070866
 30
0
 11
2.9043745669291336
 21
1.5328377559055117
 31
0
  0
LINE
  5
DD7
330
1A
100
AcDbEntity
  8
BLACK
  6
CONTINUOUS
100
AcDbLine
 10
2.9043745669291336
 20
1.5328377559055117
 30
0
 11
2.9065724803149604
 21
1.5284418897637795
 31
0
  0
LINE
  5
DD8
330
1A
100
AcDbEntity
  8
BLACK
  6
CONTINUOUS
100
AcDbLine
 10
2.9065724803149604
 20
1.5284418897637795
 30
0
 11
2.9010759448818897
 21
1.5298160236220473
 31
0
  0
LINE
  5
DD9
330
1A
100
AcDbEntity
  8
BLACK
  6
CONTINUOUS
100
AcDbLine
 10
2.9010759448818897
 20
1.5298160236220473
 30
0
 11
2.8962467716535434
 21
1.533035472440945
 31
0
  0
LINE
  5
DDA
330
1A
100
AcDbEntity
  8
BLACK
  6
CONTINUOUS
100
AcDbLine
 10
2.8962467716535434
 20
1.533035472440945
 30
0
 11
2.8962467322834646
 21
1.533035472440945
 31
0
  0
LINE
  5
DDB
330
1A
100
AcDbEntity
  8
BLACK
  6
CONTINUOUS
100
AcDbLine
 10
2.8962467322834646
 20
1.533035472440945
 30
0
 11
2.8939397244094489
 21
1.5345735039370079
 31
0
  0
LINE
  5
DDC
330
1A
100
AcDbEntity
  8
BLACK
  6
CONTINUOUS
100
AcDbLine
 10
2.8939397244094489
 20
1.5345735039370079
 30
0
 11
2.893531220472441
 21
1.5348458267716536
 31
0
  0
LINE
  5
DDD
330
1A
100
AcDbEntity
  8
BLACK
  6
CONTINUOUS
100
AcDbLine
 10
2.893531220472441
 20
1.5348458267716536
 30
0
 11
2.8914466141732285
 21
1.5369304724409449
 31
0
  0
LINE
  5
DDE
330
1A
100
AcDbEntity
  8
BLACK
  6
CONTINUOUS
100
AcDbLine
 10
2.8914466141732285
 20
1.5369304724409449
 30
0
 11
2.8893357480314958
 21
1.5411522047244095
 31
0
  0
LINE
  5
DDF
330
1A
100
AcDbEntity
  8
BLACK
  6
CONTINUOUS
100
AcDbLine
 10
2.8893357480314958
 20
1.5411522047244095
 30
0
 11
2.8893357480314958
 21
1.5514712992125983
 31
0
  0
LINE
  5
DE0
330
1A
100
AcDbEntity
  8
BLACK
  6
CONTINUOUS
100
AcDbLine
 10
2.8893357480314958
 20
1.5514712992125983
 30
0
 11
2.889260118110236
 21
1.55223937007874
 31
0
  0
LINE
  5
DE1
330
1A
100
AcDbEntity
  8
BLACK
  6
CONTINUOUS
100
AcDbLine
 10
2.889260118110236
 20
1.55223937007874
 30
0
 11
2.8886722440944883
 21
1.5536585826771654
 31
0
  0
LINE
  5
DE2
330
1A
100
AcDbEntity
  8
BLACK
  6
CONTINUOUS
100
AcDbLine
 10
2.8886722440944883
 20
1.5536585826771654
 30
0
 11
2.8875860236220472
 21
1.5547448031496063
 31
0
  0
LINE
  5
DE3
330
1A
100
AcDbEntity
  8
BLACK
  6
CONTINUOUS
100
AcDbLine
 10
2.8875860236220472
 20
1.5547448031496063
 30
0
 11
2.8861668110236218
 21
1.5553326771653544
 31
0
  0
LINE
  5
DE4
330
1A
100
AcDbEntity
  8
BLACK
  6
CONTINUOUS
100
AcDbLine
 10
2.8861668110236218
 20
1.5553326771653544
 30
0
 11
2.8846306692913384
 21
1.5553326771653544
 31
0
  0
LINE
  5
DE5
330
1A
100
AcDbEntity
  8
BLACK
  6
CONTINUOUS
100
AcDbLine
 10
2.8846306692913384
 20
1.5553326771653544
 30
0
 11
2.8832114566929135
 21
1.5547448031496063
 31
0
  0
LINE
  5
DE6
330
1A
100
AcDbEntity
  8
BLACK
  6
CONTINUOUS
100
AcDbLine
 10
2.8832114566929135
 20
1.5547448031496063
 30
0
 11
2.8821252362204723
 21
1.5536585826771654
 31
0
  0
LINE
  5
DE7
330
1A
100
AcDbEntity
  8
BLACK
  6
CONTINUOUS
100
AcDbLine
 10
2.8821252362204723
 20
1.5536585826771654
 30
0
 11
2.8815373622047242
 21
1.55223937007874
 31
0
  0
LINE
  5
DE8
330
1A
100
AcDbEntity
  8
BLACK
  6
CONTINUOUS
100
AcDbLine
 10
2.8815373622047242
 20
1.55223937007874
 30
0
 11
2.8814617322834644
 21
1.5514712992125983
 31
0
  0
LINE
  5
DE9
330
1A
100
AcDbEntity
  8
BLACK
  6
CONTINUOUS
100
AcDbLine
 10
2.8814617322834644
 20
1.5514712992125983
 30
0
 11
2.8814617322834644
 21
1.540222716535433
 31
0
  0
LINE
  5
DEA
330
1A
100
AcDbEntity
  8
BLACK
  6
CONTINUOUS
100
AcDbLine
 10
2.8814617322834644
 20
1.540222716535433
 30
0
 11
2.8815373622047242
 21
1.5394546456692912
 31
0
  0
LINE
  5
DEB
330
1A
100
AcDbEntity
  8
BLACK
  6
CONTINUOUS
100
AcDbLine
 10
2.8815373622047242
 20
1.5394546456692912
 30
0
 11
2.8815914960629923
 21
1.539323937007874
 31
0
  0
LINE
  5
DEC
330
1A
100
AcDbEntity
  8
BLACK
  6
CONTINUOUS
100
AcDbLine
 10
2.8815914960629923
 20
1.539323937007874
 30
0
 11
2.8816015354330706
 21
1.5391828346456693
 31
0
  0
LINE
  5
DED
330
1A
100
AcDbEntity
  8
BLACK
  6
CONTINUOUS
100
AcDbLine
 10
2.8816015354330706
 20
1.5391828346456693
 30
0
 11
2.8818773622047242
 21
1.5384620078740157
 31
0
  0
LINE
  5
DEE
330
1A
100
AcDbEntity
  8
BLACK
  6
CONTINUOUS
100
AcDbLine
 10
2.8818773622047242
 20
1.5384620078740157
 30
0
 11
2.8846895275590549
 21
1.5328377559055117
 31
0
  0
LINE
  5
DEF
330
1A
100
AcDbEntity
  8
BLACK
  6
CONTINUOUS
100
AcDbLine
 10
2.8846895275590549
 20
1.5328377559055117
 30
0
 11
2.8848975196850395
 21
1.532507283464567
 31
0
  0
LINE
  5
DF0
330
1A
100
AcDbEntity
  8
BLACK
  6
CONTINUOUS
100
AcDbLine
 10
2.8848975196850395
 20
1.532507283464567
 30
0
 11
2.8849373622047243
 21
1.5324111417322834
 31
0
  0
LINE
  5
DF1
330
1A
100
AcDbEntity
  8
BLACK
  6
CONTINUOUS
100
AcDbLine
 10
2.8849373622047243
 20
1.5324111417322834
 30
0
 11
2.8850261023622048
 21
1.5323029921259843
 31
0
  0
LINE
  5
DF2
330
1A
100
AcDbEntity
  8
BLACK
  6
CONTINUOUS
100
AcDbLine
 10
2.8850261023622048
 20
1.5323029921259843
 30
0
 11
2.8851006692913383
 21
1.5321845669291339
 31
0
  0
LINE
  5
DF3
330
1A
100
AcDbEntity
  8
BLACK
  6
CONTINUOUS
100
AcDbLine
 10
2.8851006692913383
 20
1.5321845669291339
 30
0
 11
2.8851792519685038
 21
1.5321164173228345
 31
0
  0
LINE
  5
DF4
330
1A
100
AcDbEntity
  8
BLACK
  6
CONTINUOUS
100
AcDbLine
 10
2.8851792519685038
 20
1.5321164173228345
 30
0
 11
2.8854270078740156
 21
1.5318145669291339
 31
0
  0
LINE
  5
DF5
330
1A
100
AcDbEntity
  8
BLACK
  6
CONTINUOUS
100
AcDbLine
 10
2.8854270078740156
 20
1.5318145669291339
 30
0
 11
2.8882391338582676
 21
1.5290024015748032
 31
0
  0
LINE
  5
DF6
330
1A
100
AcDbEntity
  8
BLACK
  6
CONTINUOUS
100
AcDbLine
 10
2.8882391338582676
 20
1.5290024015748032
 30
0
 11
2.8882411811023623
 21
1.5290007086614172
 31
0
  0
LINE
  5
DF7
330
1A
100
AcDbEntity
  8
BLACK
  6
CONTINUOUS
100
AcDbLine
 10
2.8882411811023623
 20
1.5290007086614172
 30
0
 11
2.8882420472440944
 21
1.5289994488188976
 31
0
  0
LINE
  5
DF8
330
1A
100
AcDbEntity
  8
BLACK
  6
CONTINUOUS
100
AcDbLine
 10
2.8882420472440944
 20
1.5289994488188976
 30
0
 11
2.8885409842519683
 21
1.5287546850393701
 31
0
  0
LINE
  5
DF9
330
1A
100
AcDbEntity
  8
BLACK
  6
CONTINUOUS
100
AcDbLine
 10
2.8885409842519683
 20
1.5287546850393701
 30
0
 11
2.8885458267716535
 21
1.5287507086614174
 31
0
  0
LINE
  5
DFA
330
1A
100
AcDbEntity
  8
BLACK
  6
CONTINUOUS
100
AcDbLine
 10
2.8885458267716535
 20
1.5287507086614174
 30
0
 11
2.888545905511811
 21
1.5287506692913386
 31
0
  0
LINE
  5
DFB
330
1A
100
AcDbEntity
  8
BLACK
  6
CONTINUOUS
100
AcDbLine
 10
2.888545905511811
 20
1.5287506692913386
 30
0
 11
2.8887301968503936
 21
1.5285993700787401
 31
0
  0
LINE
  5
DFC
330
1A
100
AcDbEntity
  8
BLACK
  6
CONTINUOUS
100
AcDbLine
 10
2.8887301968503936
 20
1.5285993700787401
 30
0
 11
2.8888357086614174
 21
1.5285127559055118
 31
0
  0
LINE
  5
DFD
330
1A
100
AcDbEntity
  8
BLACK
  6
CONTINUOUS
100
AcDbLine
 10
2.8888357086614174
 20
1.5285127559055118
 30
0
 11
2.8888370472440945
 21
1.5285122047244095
 31
0
  0
LINE
  5
DFE
330
1A
100
AcDbEntity
  8
BLACK
  6
CONTINUOUS
100
AcDbLine
 10
2.8888370472440945
 20
1.5285122047244095
 30
0
 11
2.8888391732283463
 21
1.5285104724409448
 31
0
  0
LINE
  5
DFF
330
1A
100
AcDbEntity
  8
BLACK
  6
CONTINUOUS
100
AcDbLine
 10
2.8888391732283463
 20
1.5285104724409448
 30
0
 11
2.8972756299212596
 21
1.5228861811023622
 31
0
  0
LINE
  5
E00
330
1A
100
AcDbEntity
  8
BLACK
  6
CONTINUOUS
100
AcDbLine
 10
2.8972756299212596
 20
1.5228861811023622
 30
0
 11
2.8976996850393699
 21
1.5226600787401574
 31
0
  0
LINE
  5
E01
330
1A
100
AcDbEntity
  8
BLACK
  6
CONTINUOUS
100
AcDbLine
 10
2.8976996850393699
 20
1.5226600787401574
 30
0
 11
2.8977777559055116
 21
1.5226022440944882
 31
0
  0
LINE
  5
E02
330
1A
100
AcDbEntity
  8
BLACK
  6
CONTINUOUS
100
AcDbLine
 10
2.8977777559055116
 20
1.5226022440944882
 30
0
 11
2.8977777165354328
 21
1.5226022440944882
 31
0
  0
LINE
  5
E03
330
1A
100
AcDbEntity
  8
BLACK
  6
CONTINUOUS
100
AcDbLine
 10
2.8977777165354328
 20
1.5226022440944882
 30
0
 11
2.8977778346456691
 21
1.5226021653543307
 31
0
  0
LINE
  5
E04
330
1A
100
AcDbEntity
  8
BLACK
  6
CONTINUOUS
100
AcDbLine
 10
2.8977778346456691
 20
1.5226021653543307
 30
0
 11
2.8977779133858266
 21
1.5226021653543307
 31
0
  0
LINE
  5
E05
330
1A
100
AcDbEntity
  8
BLACK
  6
CONTINUOUS
100
AcDbLine
 10
2.8977779133858266
 20
1.5226021653543307
 30
0
 11
2.8977780708661416
 21
1.5226020866141732
 31
0
  0
LINE
  5
E06
330
1A
100
AcDbEntity
  8
BLACK
  6
CONTINUOUS
100
AcDbLine
 10
2.8977780708661416
 20
1.5226020866141732
 30
0
 11
2.8978700787401572
 21
1.5225692125984251
 31
0
  0
LINE
  5
E07
330
1A
100
AcDbEntity
  8
BLACK
  6
CONTINUOUS
100
AcDbLine
 10
2.8978700787401572
 20
1.5225692125984251
 30
0
 11
2.8979564566929135
 21
1.5225231496062992
 31
0
  0
LINE
  5
E08
330
1A
100
AcDbEntity
  8
BLACK
  6
CONTINUOUS
100
AcDbLine
 10
2.8979564566929135
 20
1.5225231496062992
 30
0
 11
2.8979565748031497
 21
1.5225231102362204
 31
0
  0
LINE
  5
E09
330
1A
100
AcDbEntity
  8
BLACK
  6
CONTINUOUS
100
AcDbLine
 10
2.8979565748031497
 20
1.5225231102362204
 30
0
 11
2.897956692913386
 21
1.5225230314960629
 31
0
  0
LINE
  5
E0A
330
1A
100
AcDbEntity
  8
BLACK
  6
CONTINUOUS
100
AcDbLine
 10
2.897956692913386
 20
1.5225230314960629
 30
0
 11
2.8979568110236218
 21
1.5225230314960629
 31
0
  0
LINE
  5
E0B
330
1A
100
AcDbEntity
  8
BLACK
  6
CONTINUOUS
100
AcDbLine
 10
2.8979568110236218
 20
1.5225230314960629
 30
0
 11
2.8979569291338581
 21
1.5225229921259842
 31
0
  0
LINE
  5
E0C
330
1A
100
AcDbEntity
  8
BLACK
  6
CONTINUOUS
100
AcDbLine
 10
2.8979569291338581
 20
1.5225229921259842
 30
0
 11
2.898052244094488
 21
1.5225041338582677
 31
0
  0
LINE
  5
E0D
330
1A
100
AcDbEntity
  8
BLACK
  6
CONTINUOUS
100
AcDbLine
 10
2.898052244094488
 20
1.5225041338582677
 30
0
 11
2.8984097637795276
 21
1.5223764173228347
 31
0
  0
LINE
  5
E0E
330
1A
100
AcDbEntity
  8
BLACK
  6
CONTINUOUS
100
AcDbLine
 10
2.8984097637795276
 20
1.5223764173228347
 30
0
 11
2.8984421259842521
 21
1.5223648818897637
 31
0
  0
LINE
  5
E0F
330
1A
100
AcDbEntity
  8
BLACK
  6
CONTINUOUS
100
AcDbLine
 10
2.8984421259842521
 20
1.5223648818897637
 30
0
 11
2.8985046456692913
 21
1.5223425196850393
 31
0
  0
LINE
  5
E10
330
1A
100
AcDbEntity
  8
BLACK
  6
CONTINUOUS
100
AcDbLine
 10
2.8985046456692913
 20
1.5223425196850393
 30
0
 11
2.9097531889763779
 21
1.5195303937007874
 31
0
  0
LINE
  5
E11
330
1A
100
AcDbEntity
  8
BLACK
  6
CONTINUOUS
100
AcDbLine
 10
2.9097531889763779
 20
1.5195303937007874
 30
0
 11
2.9097532677165354
 21
1.5195303937007874
 31
0
  0
LINE
  5
E12
330
1A
100
AcDbEntity
  8
BLACK
  6
CONTINUOUS
100
AcDbLine
 10
2.9097532677165354
 20
1.5195303937007874
 30
0
 11
2.9097533464566929
 21
1.5195303937007874
 31
0
  0
LINE
  5
E13
330
1A
100
AcDbEntity
  8
BLACK
  6
CONTINUOUS
100
AcDbLine
 10
2.9097533464566929
 20
1.5195303937007874
 30
0
 11
2.9098862992125984
 21
1.5195107086614172
 31
0
  0
LINE
  5
E14
330
1A
100
AcDbEntity
  8
BLACK
  6
CONTINUOUS
100
AcDbLine
 10
2.9098862992125984
 20
1.5195107086614172
 30
0
 11
2.9099399999999997
 21
1.5194884645669291
 31
0
  0
LINE
  5
E15
330
1A
100
AcDbEntity
  8
BLACK
  6
CONTINUOUS
100
AcDbLine
 10
2.9099399999999997
 20
1.5194884645669291
 30
0
 11
2.9102293700787403
 21
1.51946
 31
0
  0
LINE
  5
E16
330
1A
100
AcDbEntity
  8
BLACK
  6
CONTINUOUS
100
AcDbLine
 10
2.9102293700787403
 20
1.51946
 30
0
 11
2.9105166929133857
 21
1.5194174803149605
 31
0
  0
LINE
  5
E17
330
1A
100
AcDbEntity
  8
BLACK
  6
CONTINUOUS
100
AcDbLine
 10
2.9105166929133857
 20
1.5194174803149605
 30
0
 11
2.9105740944881888
 21
1.5194260629921259
 31
0
  0
LINE
  5
E18
330
1A
100
AcDbEntity
  8
BLACK
  6
CONTINUOUS
100
AcDbLine
 10
2.9105740944881888
 20
1.5194260629921259
 30
0
 11
2.9107080708661415
 21
1.5194128346456692
 31
0
  0
LINE
  5
E19
330
1A
100
AcDbEntity
  8
BLACK
  6
CONTINUOUS
100
AcDbLine
 10
2.9107080708661415
 20
1.5194128346456692
 30
0
 11
2.9332052362204726
 21
1.5194128346456692
 31
0
  0
LINE
  5
E1A
330
1A
100
AcDbEntity
  8
BLACK
  6
CONTINUOUS
100
AcDbLine
 10
2.9332052362204726
 20
1.5194128346456692
 30
0
 11
2.9332052755905513
 21
1.5194128346456692
 31
0
  0
LINE
  5
E1B
330
1A
100
AcDbEntity
  8
BLACK
  6
CONTINUOUS
100
AcDbLine
 10
2.9332052755905513
 20
1.5194128346456692
 30
0
 11
2.9332053149606296
 21
1.519412874015748
 31
0
  0
LINE
  5
E1C
330
1A
100
AcDbEntity
  8
BLACK
  6
CONTINUOUS
100
AcDbLine
 10
2.9332053149606296
 20
1.519412874015748
 30
0
 11
2.9332056692913384
 21
1.519412874015748
 31
0
  0
LINE
  5
E1D
330
1A
100
AcDbEntity
  8
BLACK
  6
CONTINUOUS
100
AcDbLine
 10
2.9332056692913384
 20
1.519412874015748
 30
0
 11
2.9333820866141731
 21
1.5194302755905511
 31
0
  0
LINE
  5
E1E
330
1A
100
AcDbEntity
  8
BLACK
  6
CONTINUOUS
100
AcDbLine
 10
2.9333820866141731
 20
1.5194302755905511
 30
0
 11
2.9335844488188974
 21
1.5194501968503937
 31
0
  0
LINE
  5
E1F
330
1A
100
AcDbEntity
  8
BLACK
  6
CONTINUOUS
100
AcDbLine
 10
2.9335844488188974
 20
1.5194501968503937
 30
0
 11
2.9339733464566931
 21
1.5194884645669291
 31
0
  0
LINE
  5
E20
330
1A
100
AcDbEntity
  8
BLACK
  6
CONTINUOUS
100
AcDbLine
 10
2.9339733464566931
 20
1.5194884645669291
 30
0
 11
2.9339737007874014
 21
1.5194886220472441
 31
0
  0
LINE
  5
E21
330
1A
100
AcDbEntity
  8
BLACK
  6
CONTINUOUS
100
AcDbLine
 10
2.9339737007874014
 20
1.5194886220472441
 30
0
 11
2.9339737401574801
 21
1.5194886614173229
 31
0
  0
LINE
  5
E22
330
1A
100
AcDbEntity
  8
BLACK
  6
CONTINUOUS
100
AcDbLine
 10
2.9339737401574801
 20
1.5194886614173229
 30
0
 11
2.9341040551181101
 21
1.5195426377952757
 31
0
  0
LINE
  5
E23
330
1A
100
AcDbEntity
  8
BLACK
  6
CONTINUOUS
100
AcDbLine
 10
2.9341040551181101
 20
1.5195426377952757
 30
0
 11
2.9342446062992127
 21
1.5195526377952755
 31
0
  0
LINE
  5
E24
330
1A
100
AcDbEntity
  8
BLACK
  6
CONTINUOUS
100
AcDbLine
 10
2.9342446062992127
 20
1.5195526377952755
 30
0
 11
2.9342448031496065
 21
1.5195526377952755
 31
0
  0
LINE
  5
E25
330
1A
100
AcDbEntity
  8
BLACK
  6
CONTINUOUS
100
AcDbLine
 10
2.9342448031496065
 20
1.5195526377952755
 30
0
 11
2.9342451574803148
 21
1.5195526377952755
 31
0
  0
LINE
  5
E26
330
1A
100
AcDbEntity
  8
BLACK
  6
CONTINUOUS
100
AcDbLine
 10
2.9342451574803148
 20
1.5195526377952755
 30
0
 11
2.9349659448818897
 21
1.5198284645669291
 31
0
  0
LINE
  5
E27
330
1A
100
AcDbEntity
  8
BLACK
  6
CONTINUOUS
100
AcDbLine
 10
2.9349659448818897
 20
1.5198284645669291
 30
0
 11
2.9405902362204723
 21
1.5226405905511811
 31
0
  0
LINE
  5
E28
330
1A
100
AcDbEntity
  8
BLACK
  6
CONTINUOUS
100
AcDbLine
 10
2.9405902362204723
 20
1.5226405905511811
 30
0
 11
2.9405902755905511
 21
1.5226406692913386
 31
0
  0
LINE
  5
E29
330
1A
100
AcDbEntity
  8
BLACK
  6
CONTINUOUS
100
AcDbLine
 10
2.9405902755905511
 20
1.5226406692913386
 30
0
 11
2.9405910629921261
 21
1.5226411417322834
 31
0
  0
LINE
  5
E2A
330
1A
100
AcDbEntity
  8
BLACK
  6
CONTINUOUS
100
AcDbLine
 10
2.9405910629921261
 20
1.5226411417322834
 30
0
 11
2.9409208661417323
 21
1.5228487401574802
 31
0
  0
LINE
  5
E2B
330
1A
100
AcDbEntity
  8
BLACK
  6
CONTINUOUS
100
AcDbLine
 10
2.9409208661417323
 20
1.5228487401574802
 30
0
 11
2.9410164566929131
 21
1.5228883070866142
 31
0
  0
LINE
  5
E2C
330
1A
100
AcDbEntity
  8
BLACK
  6
CONTINUOUS
100
AcDbLine
 10
2.9410164566929131
 20
1.5228883070866142
 30
0
 11
2.9410165354330706
 21
1.5228883464566929
 31
0
  0
LINE
  5
E2D
330
1A
100
AcDbEntity
  8
BLACK
  6
CONTINUOUS
100
AcDbLine
 10
2.9410165354330706
 20
1.5228883464566929
 30
0
 11
2.9410168503937006
 21
1.5228884645669292
 31
0
  0
LINE
  5
E2E
330
1A
100
AcDbEntity
  8
BLACK
  6
CONTINUOUS
100
AcDbLine
 10
2.9410168503937006
 20
1.5228884645669292
 30
0
 11
2.9410170866141732
 21
1.5228887007874015
 31
0
  0
LINE
  5
E2F
330
1A
100
AcDbEntity
  8
BLACK
  6
CONTINUOUS
100
AcDbLine
 10
2.9410170866141732
 20
1.5228887007874015
 30
0
 11
2.9410172440944882
 21
1.5228888188976377
 31
0
  0
LINE
  5
E30
330
1A
100
AcDbEntity
  8
BLACK
  6
CONTINUOUS
100
AcDbLine
 10
2.9410172440944882
 20
1.5228888188976377
 30
0
 11
2.941124842519685
 21
1.5229771259842519
 31
0
  0
LINE
  5
E31
330
1A
100
AcDbEntity
  8
BLACK
  6
CONTINUOUS
100
AcDbLine
 10
2.941124842519685
 20
1.5229771259842519
 30
0
 11
2.9412434251968502
 21
1.5230517322834645
 31
0
  0
LINE
  5
E32
330
1A
100
AcDbEntity
  8
BLACK
  6
CONTINUOUS
100
AcDbLine
 10
2.9412434251968502
 20
1.5230517322834645
 30
0
 11
2.9413116141732281
 21
1.5231303937007874
 31
0
  0
LINE
  5
E33
330
1A
100
AcDbEntity
  8
BLACK
  6
CONTINUOUS
100
AcDbLine
 10
2.9413116141732281
 20
1.5231303937007874
 30
0
 11
2.9416125196850391
 21
1.5233773228346457
 31
0
  0
LINE
  5
E34
330
1A
100
AcDbEntity
  8
BLACK
  6
CONTINUOUS
100
AcDbLine
 10
2.9416125196850391
 20
1.5233773228346457
 30
0
 11
2.9416130708661417
 21
1.5233777952755905
 31
0
  0
LINE
  5
E35
330
1A
100
AcDbEntity
  8
BLACK
  6
CONTINUOUS
100
AcDbLine
 10
2.9416130708661417
 20
1.5233777952755905
 30
0
 11
2.9416134645669292
 21
1.5233780708661417
 31
0
  0
LINE
  5
E36
330
1A
100
AcDbEntity
  8
BLACK
  6
CONTINUOUS
100
AcDbLine
 10
2.9416134645669292
 20
1.5233780708661417
 30
0
 11
2.9444256299212599
 21
1.5261902362204725
 31
0
  0
LINE
  5
E37
330
1A
100
AcDbEntity
  8
BLACK
  6
CONTINUOUS
100
AcDbLine
 10
2.9444256299212599
 20
1.5261902362204725
 30
0
 11
2.9444259055118112
 21
1.526190590551181
 31
0
  0
LINE
  5
E38
330
1A
100
AcDbEntity
  8
BLACK
  6
CONTINUOUS
100
AcDbLine
 10
2.9444259055118112
 20
1.526190590551181
 30
0
 11
2.9444260629921257
 21
1.5261907874015748
 31
0
  0
LINE
  5
E39
330
1A
100
AcDbEntity
  8
BLACK
  6
CONTINUOUS
100
AcDbLine
 10
2.9444260629921257
 20
1.5261907874015748
 30
0
 11
2.9446734251968505
 21
1.5264922440944881
 31
0
  0
LINE
  5
E3A
330
1A
100
AcDbEntity
  8
BLACK
  6
CONTINUOUS
100
AcDbLine
 10
2.9446734251968505
 20
1.5264922440944881
 30
0
 11
2.9447517322834647
 21
1.5265601574803149
 31
0
  0
LINE
  5
E3B
330
1A
100
AcDbEntity
  8
BLACK
  6
CONTINUOUS
100
AcDbLine
 10
2.9447517322834647
 20
1.5265601574803149
 30
0
 11
2.9447518110236222
 21
1.5265601968503937
 31
0
  0
LINE
  5
E3C
330
1A
100
AcDbEntity
  8
BLACK
  6
CONTINUOUS
100
AcDbLine
 10
2.9447518110236222
 20
1.5265601968503937
 30
0
 11
2.9447519685039367
 21
1.5265603149606299
 31
0
  0
LINE
  5
E3D
330
1A
100
AcDbEntity
  8
BLACK
  6
CONTINUOUS
100
AcDbLine
 10
2.9447519685039367
 20
1.5265603149606299
 30
0
 11
2.9447520472440942
 21
1.5265605118110235
 31
0
  0
LINE
  5
E3E
330
1A
100
AcDbEntity
  8
BLACK
  6
CONTINUOUS
100
AcDbLine
 10
2.9447520472440942
 20
1.5265605118110235
 30
0
 11
2.9447522047244092
 21
1.5265607086614172
 31
0
  0
LINE
  5
E3F
330
1A
100
AcDbEntity
  8
BLACK
  6
CONTINUOUS
100
AcDbLine
 10
2.9447522047244092
 20
1.5265607086614172
 30
0
 11
2.944826496062992
 21
1.5266787401574802
 31
0
  0
LINE
  5
E40
330
1A
100
AcDbEntity
  8
BLACK
  6
CONTINUOUS
100
AcDbLine
 10
2.944826496062992
 20
1.5266787401574802
 30
0
 11
2.9449149999999999
 21
1.5267865748031495
 31
0
  0
LINE
  5
E41
330
1A
100
AcDbEntity
  8
BLACK
  6
CONTINUOUS
100
AcDbLine
 10
2.9449149999999999
 20
1.5267865748031495
 30
0
 11
2.9449150787401575
 21
1.5267866929133858
 31
0
  0
LINE
  5
E42
330
1A
100
AcDbEntity
  8
BLACK
  6
CONTINUOUS
100
AcDbLine
 10
2.9449150787401575
 20
1.5267866929133858
 30
0
 11
2.9449152362204725
 21
1.5267868503937008
 31
0
  0
LINE
  5
E43
330
1A
100
AcDbEntity
  8
BLACK
  6
CONTINUOUS
100
AcDbLine
 10
2.9449152362204725
 20
1.5267868503937008
 30
0
 11
2.94491531496063
 21
1.5267870472440945
 31
0
  0
LINE
  5
E44
330
1A
100
AcDbEntity
  8
BLACK
  6
CONTINUOUS
100
AcDbLine
 10
2.94491531496063
 20
1.5267870472440945
 30
0
 11
2.94491531496063
 21
1.5267870866141733
 31
0
  0
LINE
  5
E45
330
1A
100
AcDbEntity
  8
BLACK
  6
CONTINUOUS
100
AcDbLine
 10
2.94491531496063
 20
1.5267870866141733
 30
0
 11
2.9449549999999998
 21
1.5268829133858268
 31
0
  0
LINE
  5
E46
330
1A
100
AcDbEntity
  8
BLACK
  6
CONTINUOUS
100
AcDbLine
 10
2.9449549999999998
 20
1.5268829133858268
 30
0
 11
2.9451631102362206
 21
1.5272134645669291
 31
0
  0
LINE
  5
E47
330
1A
100
AcDbEntity
  8
BLACK
  6
CONTINUOUS
100
AcDbLine
 10
2.9451631102362206
 20
1.5272134645669291
 30
0
 11
2.9479752362204725
 21
1.5328377559055117
 31
0
  0
LINE
  5
E48
330
1A
100
AcDbEntity
  8
BLACK
  6
CONTINUOUS
100
AcDbLine
 10
2.9479752362204725
 20
1.5328377559055117
 30
0
 11
2.9482510629921261
 21
1.5335585826771654
 31
0
  0
LINE
  5
E49
330
1A
100
AcDbEntity
  8
BLACK
  6
CONTINUOUS
100
AcDbLine
 10
2.9482510629921261
 20
1.5335585826771654
 30
0
 11
2.9482510629921261
 21
1.5335590551181102
 31
0
  0
LINE
  5
E4A
330
1A
100
AcDbEntity
  8
BLACK
  6
CONTINUOUS
100
AcDbLine
 10
2.9482510629921261
 20
1.5335590551181102
 30
0
 11
2.9482511023622044
 21
1.5335592913385827
 31
0
  0
LINE
  5
E4B
330
1A
100
AcDbEntity
  8
BLACK
  6
CONTINUOUS
100
AcDbLine
 10
2.9482511023622044
 20
1.5335592913385827
 30
0
 11
2.9482610629921258
 21
1.5336996456692913
 31
0
  0
LINE
  5
E4C
330
1A
100
AcDbEntity
  8
BLACK
  6
CONTINUOUS
100
AcDbLine
 10
2.9482610629921258
 20
1.5336996456692913
 30
0
 11
2.9483152362204725
 21
1.5338303543307086
 31
0
  0
LINE
  5
E4D
330
1A
100
AcDbEntity
  8
BLACK
  6
CONTINUOUS
100
AcDbLine
 10
2.9483152362204725
 20
1.5338303543307086
 30
0
 11
2.9483908661417324
 21
1.5345984251968503
 31
0
  0
LINE
  5
E4E
330
1A
100
AcDbEntity
  8
BLACK
  6
CONTINUOUS
100
AcDbLine
 10
2.9483908661417324
 20
1.5345984251968503
 30
0
 11
2.9483908661417324
 21
1.5458470078740156
 31
0
  0
LINE
  5
E4F
330
1A
100
AcDbEntity
  8
BLACK
  6
CONTINUOUS
100
AcDbLine
 10
2.9483908661417324
 20
1.5458470078740156
 30
0
 11
2.9483152362204725
 21
1.5466150787401574
 31
0
  0
LINE
  5
E50
330
1A
100
AcDbEntity
  8
BLACK
  6
CONTINUOUS
100
AcDbLine
 10
2.9483152362204725
 20
1.5466150787401574
 30
0
 11
2.9482610629921258
 21
1.5467458267716534
 31
0
  0
LINE
  5
E51
330
1A
100
AcDbEntity
  8
BLACK
  6
CONTINUOUS
100
AcDbLine
 10
2.9482610629921258
 20
1.5467458267716534
 30
0
 11
2.9482510629921261
 21
1.5468868503937008
 31
0
  0
LINE
  5
E52
330
1A
100
AcDbEntity
  8
BLACK
  6
CONTINUOUS
100
AcDbLine
 10
2.9482510629921261
 20
1.5468868503937008
 30
0
 11
2.9479752362204725
 21
1.5476076771653542
 31
0
  0
LINE
  5
E53
330
1A
100
AcDbEntity
  8
BLACK
  6
CONTINUOUS
100
AcDbLine
 10
2.9479752362204725
 20
1.5476076771653542
 30
0
 11
2.9451631102362206
 21
1.5532319685039371
 31
0
  0
LINE
  5
E54
330
1A
100
AcDbEntity
  8
BLACK
  6
CONTINUOUS
100
AcDbLine
 10
2.9451631102362206
 20
1.5532319685039371
 30
0
 11
2.9449549999999998
 21
1.5535625590551181
 31
0
  0
LINE
  5
E55
330
1A
100
AcDbEntity
  8
BLACK
  6
CONTINUOUS
100
AcDbLine
 10
2.9449549999999998
 20
1.5535625590551181
 30
0
 11
2.9449152362204725
 21
1.5536585826771654
 31
0
  0
LINE
  5
E56
330
1A
100
AcDbEntity
  8
BLACK
  6
CONTINUOUS
100
AcDbLine
 10
2.9449152362204725
 20
1.5536585826771654
 30
0
 11
2.944826496062992
 21
1.5537667322834645
 31
0
  0
LINE
  5
E57
330
1A
100
AcDbEntity
  8
BLACK
  6
CONTINUOUS
100
AcDbLine
 10
2.944826496062992
 20
1.5537667322834645
 30
0
 11
2.9447519685039367
 21
1.5538851181102362
 31
0
  0
LINE
  5
E58
330
1A
100
AcDbEntity
  8
BLACK
  6
CONTINUOUS
100
AcDbLine
 10
2.9447519685039367
 20
1.5538851181102362
 30
0
 11
2.9446734251968505
 21
1.5539532283464565
 31
0
  0
LINE
  5
E59
330
1A
100
AcDbEntity
  8
BLACK
  6
CONTINUOUS
100
AcDbLine
 10
2.9446734251968505
 20
1.5539532283464565
 30
0
 11
2.9444256299212599
 21
1.5542551968503937
 31
0
  0
LINE
  5
E5A
330
1A
100
AcDbEntity
  8
BLACK
  6
CONTINUOUS
100
AcDbLine
 10
2.9444256299212599
 20
1.5542551968503937
 30
0
 11
2.9416134645669292
 21
1.5570673622047244
 31
0
  0
LINE
  5
E5B
330
1A
100
AcDbEntity
  8
BLACK
  6
CONTINUOUS
100
AcDbLine
 10
2.9416134645669292
 20
1.5570673622047244
 30
0
 11
2.9413116141732281
 21
1.5573150787401575
 31
0
  0
LINE
  5
E5C
330
1A
100
AcDbEntity
  8
BLACK
  6
CONTINUOUS
100
AcDbLine
 10
2.9413116141732281
 20
1.5573150787401575
 30
0
 11
2.9412434251968502
 21
1.5573937007874015
 31
0
  0
LINE
  5
E5D
330
1A
100
AcDbEntity
  8
BLACK
  6
CONTINUOUS
100
AcDbLine
 10
2.9412434251968502
 20
1.5573937007874015
 30
0
 11
2.941124842519685
 21
1.557468346456693
 31
0
  0
LINE
  5
E5E
330
1A
100
AcDbEntity
  8
BLACK
  6
CONTINUOUS
100
AcDbLine
 10
2.941124842519685
 20
1.557468346456693
 30
0
 11
2.9410168503937006
 21
1.557556968503937
 31
0
  0
LINE
  5
E5F
330
1A
100
AcDbEntity
  8
BLACK
  6
CONTINUOUS
100
AcDbLine
 10
2.9410168503937006
 20
1.557556968503937
 30
0
 11
2.9409208661417323
 21
1.5575967322834645
 31
0
  0
LINE
  5
E60
330
1A
100
AcDbEntity
  8
BLACK
  6
CONTINUOUS
100
AcDbLine
 10
2.9409208661417323
 20
1.5575967322834645
 30
0
 11
2.9405902362204723
 21
1.5578048425196851
 31
0
  0
LINE
  5
E61
330
1A
100
AcDbEntity
  8
BLACK
  6
CONTINUOUS
100
AcDbLine
 10
2.9405902362204723
 20
1.5578048425196851
 30
0
 11
2.9349659842519684
 21
1.5606170078740158
 31
0
  0
LINE
  5
E62
330
1A
100
AcDbEntity
  8
BLACK
  6
CONTINUOUS
100
AcDbLine
 10
2.9349659842519684
 20
1.5606170078740158
 30
0
 11
2.9342451574803148
 21
1.5608928346456692
 31
0
  0
LINE
  5
E63
330
1A
100
AcDbEntity
  8
BLACK
  6
CONTINUOUS
100
AcDbLine
 10
2.9342451574803148
 20
1.5608928346456692
 30
0
 11
2.9341040551181101
 21
1.560902874015748
 31
0
  0
LINE
  5
E64
330
1A
100
AcDbEntity
  8
BLACK
  6
CONTINUOUS
100
AcDbLine
 10
2.9341040551181101
 20
1.560902874015748
 30
0
 11
2.9339733464566931
 21
1.5609570078740158
 31
0
  0
LINE
  5
E65
330
1A
100
AcDbEntity
  8
BLACK
  6
CONTINUOUS
100
AcDbLine
 10
2.9339733464566931
 20
1.5609570078740158
 30
0
 11
2.9332052755905513
 21
1.5610326377952755
 31
0
  0
LINE
  5
E66
330
1A
100
AcDbEntity
  8
BLACK
  6
CONTINUOUS
100
AcDbLine
 10
2.9332052755905513
 20
1.5610326377952755
 30
0
 11
2.9191445275590548
 21
1.5610326377952755
 31
0
  0
LINE
  5
E67
330
1A
100
AcDbEntity
  8
BLACK
  6
CONTINUOUS
100
AcDbLine
 10
2.9191445275590548
 20
1.5610326377952755
 30
0
 11
2.9183764566929131
 21
1.5609570078740158
 31
0
  0
LINE
  5
E68
330
1A
100
AcDbEntity
  8
BLACK
  6
CONTINUOUS
100
AcDbLine
 10
0.9542322834645669
 20
2.0687592125984251
 30
0
 11
0.9548170472440944
 21
2.0650668503937006
 31
0
  0
LINE
  5
E69
330
1A
100
AcDbEntity
  8
BLACK
  6
CONTINUOUS
100
AcDbLine
 10
0.9548170472440944
 20
2.0650668503937006
 30
0
 11
0.9570846062992125
 21
2.0606164566929133
 31
0
  0
LINE
  5
E6A
330
1A
100
AcDbEntity
  8
BLACK
  6
CONTINUOUS
100
AcDbLine
 10
0.9570846062992125
 20
2.0606164566929133
 30
0
 11
0.9606164173228346
 21
2.0570846456692915
 31
0
  0
LINE
  5
E6B
330
1A
100
AcDbEntity
  8
BLACK
  6
CONTINUOUS
100
AcDbLine
 10
0.9606164173228346
 20
2.0570846456692915
 30
0
 11
0.9628839763779528
 21
2.0559292913385825
 31
0
  0
LINE
  5
E6C
330
1A
100
AcDbEntity
  8
BLACK
  6
CONTINUOUS
100
AcDbLine
 10
0.9628839763779528
 20
2.0559292913385825
 30
0
 11
0.9650667716535433
 21
2.0548170866141731
 31
0
  0
LINE
  5
E6D
330
1A
100
AcDbEntity
  8
BLACK
  6
CONTINUOUS
100
AcDbLine
 10
0.9650667716535433
 20
2.0548170866141731
 30
0
 11
0.9650669291338583
 21
2.0548170866141731
 31
0
  0
LINE
  5
E6E
330
1A
100
AcDbEntity
  8
BLACK
  6
CONTINUOUS
100
AcDbLine
 10
0.9650669291338583
 20
2.0548170866141731
 30
0
 11
0.965371968503937
 21
2.0547179527559054
 31
0
  0
LINE
  5
E6F
330
1A
100
AcDbEntity
  8
BLACK
  6
CONTINUOUS
100
AcDbLine
 10
0.965371968503937
 20
2.0547179527559054
 30
0
 11
0.9676793307086614
 21
2.0531403937007875
 31
0
  0
LINE
  5
E70
330
1A
100
AcDbEntity
  8
BLACK
  6
CONTINUOUS
100
AcDbLine
 10
0.9676793307086614
 20
2.0531403937007875
 30
0
 11
0.9687675590551181
 21
2.0505657874015748
 31
0
  0
LINE
  5
E71
330
1A
100
AcDbEntity
  8
BLACK
  6
CONTINUOUS
100
AcDbLine
 10
0.9687675590551181
 20
2.0505657874015748
 30
0
 11
0.968291062992126
 21
2.047811535433071
 31
0
  0
LINE
  5
E72
330
1A
100
AcDbEntity
  8
BLACK
  6
CONTINUOUS
100
AcDbLine
 10
0.968291062992126
 20
2.047811535433071
 30
0
 11
0.9664011811023622
 21
2.0457521653543305
 31
0
  0
LINE
  5
E73
330
1A
100
AcDbEntity
  8
BLACK
  6
CONTINUOUS
100
AcDbLine
 10
0.9664011811023622
 20
2.0457521653543305
 30
0
 11
0.9653724409448818
 21
2.0452822834645668
 31
0
  0
LINE
  5
E74
330
1A
100
AcDbEntity
  8
BLACK
  6
CONTINUOUS
100
AcDbLine
 10
0.9653724409448818
 20
2.0452822834645668
 30
0
 11
0.965066968503937
 21
2.0451830314960628
 31
0
  0
LINE
  5
E75
330
1A
100
AcDbEntity
  8
BLACK
  6
CONTINUOUS
100
AcDbLine
 10
0.965066968503937
 20
2.0451830314960628
 30
0
 11
0.9606164173228346
 21
2.0429153937007873
 31
0
  0
LINE
  5
E76
330
1A
100
AcDbEntity
  8
BLACK
  6
CONTINUOUS
100
AcDbLine
 10
0.9606164173228346
 20
2.0429153937007873
 30
0
 11
0.9570846062992125
 21
2.0393835826771651
 31
0
  0
LINE
  5
E77
330
1A
100
AcDbEntity
  8
BLACK
  6
CONTINUOUS
100
AcDbLine
 10
0.9570846062992125
 20
2.0393835826771651
 30
0
 11
0.9548171259842519
 21
2.034933307086614
 31
0
  0
LINE
  5
E78
330
1A
100
AcDbEntity
  8
BLACK
  6
CONTINUOUS
100
AcDbLine
 10
0.9548171259842519
 20
2.034933307086614
 30
0
 11
0.9548170866141732
 21
2.0349332283464565
 31
0
  0
LINE
  5
E79
330
1A
100
AcDbEntity
  8
BLACK
  6
CONTINUOUS
100
AcDbLine
 10
0.9548170866141732
 20
2.0349332283464565
 30
0
 11
0.9542322834645669
 21
2.0312409055118108
 31
0
  0
LINE
  5
E7A
330
1A
100
AcDbEntity
  8
BLACK
  6
CONTINUOUS
100
AcDbLine
 10
0.9542322834645669
 20
2.0312409055118108
 30
0
 11
0.9542322834645669
 21
2.0312407874015745
 31
0
  0
LINE
  5
E7B
330
1A
100
AcDbEntity
  8
BLACK
  6
CONTINUOUS
100
AcDbLine
 10
0.9542322834645669
 20
2.0312407874015745
 30
0
 11
0.9542322834645669
 21
1.9687592125984252
 31
0
  0
LINE
  5
E7C
330
1A
100
AcDbEntity
  8
BLACK
  6
CONTINUOUS
100
AcDbLine
 10
0.9542322834645669
 20
1.9687592125984252
 30
0
 11
0.9548170472440944
 21
1.9650668503937008
 31
0
  0
LINE
  5
E7D
330
1A
100
AcDbEntity
  8
BLACK
  6
CONTINUOUS
100
AcDbLine
 10
0.9548170472440944
 20
1.9650668503937008
 30
0
 11
0.9570846062992125
 21
1.9606164566929134
 31
0
  0
LINE
  5
E7E
330
1A
100
AcDbEntity
  8
BLACK
  6
CONTINUOUS
100
AcDbLine
 10
0.9570846062992125
 20
1.9606164566929134
 30
0
 11
0.9606164173228346
 21
1.9570846456692912
 31
0
  0
LINE
  5
E7F
330
1A
100
AcDbEntity
  8
BLACK
  6
CONTINUOUS
100
AcDbLine
 10
0.9606164173228346
 20
1.9570846456692912
 30
0
 11
0.9621377559055118
 21
1.9563095275590552
 31
0
  0
LINE
  5
E80
330
1A
100
AcDbEntity
  8
BLACK
  6
CONTINUOUS
100
AcDbLine
 10
0.9621377559055118
 20
1.9563095275590552
 30
0
 11
0.9650667716535433
 21
1.9548170866141732
 31
0
  0
LINE
  5
E81
330
1A
100
AcDbEntity
  8
BLACK
  6
CONTINUOUS
100
AcDbLine
 10
0.9650667716535433
 20
1.9548170866141732
 30
0
 11
0.968759094488189
 21
1.9542322834645669
 31
0
  0
LINE
  5
E82
330
1A
100
AcDbEntity
  8
BLACK
  6
CONTINUOUS
100
AcDbLine
 10
0.968759094488189
 20
1.9542322834645669
 30
0
 11
1.0312408661417323
 21
1.9542323228346457
 31
0
  0
LINE
  5
E83
330
1A
100
AcDbEntity
  8
BLACK
  6
CONTINUOUS
100
AcDbLine
 10
1.0312408661417323
 20
1.9542323228346457
 30
0
 11
1.0349332283464567
 21
1.9548170866141732
 31
0
  0
LINE
  5
E84
330
1A
100
AcDbEntity
  8
BLACK
  6
CONTINUOUS
100
AcDbLine
 10
1.0349332283464567
 20
1.9548170866141732
 30
0
 11
1.0393835433070866
 21
1.9570846456692912
 31
0
  0
LINE
  5
E85
330
1A
100
AcDbEntity
  8
BLACK
  6
CONTINUOUS
100
AcDbLine
 10
1.0393835433070866
 20
1.9570846456692912
 30
0
 11
1.0429153543307086
 21
1.9606164566929134
 31
0
  0
LINE
  5
E86
330
1A
100
AcDbEntity
  8
BLACK
  6
CONTINUOUS
100
AcDbLine
 10
1.0429153543307086
 20
1.9606164566929134
 30
0
 11
1.0451829133858268
 21
1.9650667716535433
 31
0
  0
LINE
  5
E87
330
1A
100
AcDbEntity
  8
BLACK
  6
CONTINUOUS
100
AcDbLine
 10
1.0451829133858268
 20
1.9650667716535433
 30
0
 11
1.0451829527559056
 21
1.9650672834645668
 31
0
  0
LINE
  5
E88
330
1A
100
AcDbEntity
  8
BLACK
  6
CONTINUOUS
100
AcDbLine
 10
1.0451829527559056
 20
1.9650672834645668
 30
0
 11
1.0452820078740157
 21
1.9653719291338583
 31
0
  0
LINE
  5
E89
330
1A
100
AcDbEntity
  8
BLACK
  6
CONTINUOUS
100
AcDbLine
 10
1.0452820078740157
 20
1.9653719291338583
 30
0
 11
1.0468595275590551
 21
1.9676793307086613
 31
0
  0
LINE
  5
E8A
330
1A
100
AcDbEntity
  8
BLACK
  6
CONTINUOUS
100
AcDbLine
 10
1.0468595275590551
 20
1.9676793307086613
 30
0
 11
1.0494341338582678
 21
1.9687675984251969
 31
0
  0
LINE
  5
E8B
330
1A
100
AcDbEntity
  8
BLACK
  6
CONTINUOUS
100
AcDbLine
 10
1.0494341338582678
 20
1.9687675984251969
 30
0
 11
1.0521883858267715
 21
1.9682911417322835
 31
0
  0
LINE
  5
E8C
330
1A
100
AcDbEntity
  8
BLACK
  6
CONTINUOUS
100
AcDbLine
 10
1.0521883858267715
 20
1.9682911417322835
 30
0
 11
1.0542477952755904
 21
1.9664012992125983
 31
0
  0
LINE
  5
E8D
330
1A
100
AcDbEntity
  8
BLACK
  6
CONTINUOUS
100
AcDbLine
 10
1.0542477952755904
 20
1.9664012992125983
 30
0
 11
1.0547177559055119
 21
1.9653724015748031
 31
0
  0
LINE
  5
E8E
330
1A
100
AcDbEntity
  8
BLACK
  6
CONTINUOUS
100
AcDbLine
 10
1.0547177559055119
 20
1.9653724015748031
 30
0
 11
1.0548170078740158
 21
1.9650668897637795
 31
0
  0
LINE
  5
E8F
330
1A
100
AcDbEntity
  8
BLACK
  6
CONTINUOUS
100
AcDbLine
 10
1.0548170078740158
 20
1.9650668897637795
 30
0
 11
1.0570846062992125
 21
1.9606164566929134
 31
0
  0
LINE
  5
E90
330
1A
100
AcDbEntity
  8
BLACK
  6
CONTINUOUS
100
AcDbLine
 10
1.0570846062992125
 20
1.9606164566929134
 30
0
 11
1.0606164173228345
 21
1.9570846456692912
 31
0
  0
LINE
  5
E91
330
1A
100
AcDbEntity
  8
BLACK
  6
CONTINUOUS
100
AcDbLine
 10
1.0606164173228345
 20
1.9570846456692912
 30
0
 11
1.0621377559055118
 21
1.9563095275590552
 31
0
  0
LINE
  5
E92
330
1A
100
AcDbEntity
  8
BLACK
  6
CONTINUOUS
100
AcDbLine
 10
1.0621377559055118
 20
1.9563095275590552
 30
0
 11
1.0650667716535434
 21
1.9548170866141732
 31
0
  0
LINE
  5
E93
330
1A
100
AcDbEntity
  8
BLACK
  6
CONTINUOUS
100
AcDbLine
 10
1.0650667716535434
 20
1.9548170866141732
 30
0
 11
1.0687590944881888
 21
1.9542322834645669
 31
0
  0
LINE
  5
E94
330
1A
100
AcDbEntity
  8
BLACK
  6
CONTINUOUS
100
AcDbLine
 10
1.0687590944881888
 20
1.9542322834645669
 30
0
 11
1.1312408661417324
 21
1.9542323228346457
 31
0
  0
LINE
  5
E95
330
1A
100
AcDbEntity
  8
BLACK
  6
CONTINUOUS
100
AcDbLine
 10
1.1312408661417324
 20
1.9542323228346457
 30
0
 11
1.1349332283464566
 21
1.9548170866141732
 31
0
  0
LINE
  5
E96
330
1A
100
AcDbEntity
  8
BLACK
  6
CONTINUOUS
100
AcDbLine
 10
1.1349332283464566
 20
1.9548170866141732
 30
0
 11
1.1393835433070867
 21
1.9570846456692912
 31
0
  0
LINE
  5
E97
330
1A
100
AcDbEntity
  8
BLACK
  6
CONTINUOUS
100
AcDbLine
 10
1.1393835433070867
 20
1.9570846456692912
 30
0
 11
1.1429153543307087
 21
1.9606164566929134
 31
0
  0
LINE
  5
E98
330
1A
100
AcDbEntity
  8
BLACK
  6
CONTINUOUS
100
AcDbLine
 10
1.1429153543307087
 20
1.9606164566929134
 30
0
 11
1.1451829133858267
 21
1.9650667716535433
 31
0
  0
LINE
  5
E99
330
1A
100
AcDbEntity
  8
BLACK
  6
CONTINUOUS
100
AcDbLine
 10
1.1451829133858267
 20
1.9650667716535433
 30
0
 11
1.1451829527559054
 21
1.9650672834645668
 31
0
  0
LINE
  5
E9A
330
1A
100
AcDbEntity
  8
BLACK
  6
CONTINUOUS
100
AcDbLine
 10
1.1451829527559054
 20
1.9650672834645668
 30
0
 11
1.1452820078740158
 21
1.9653719291338583
 31
0
  0
LINE
  5
E9B
330
1A
100
AcDbEntity
  8
BLACK
  6
CONTINUOUS
100
AcDbLine
 10
1.1452820078740158
 20
1.9653719291338583
 30
0
 11
1.1468595275590552
 21
1.9676793307086613
 31
0
  0
LINE
  5
E9C
330
1A
100
AcDbEntity
  8
BLACK
  6
CONTINUOUS
100
AcDbLine
 10
1.1468595275590552
 20
1.9676793307086613
 30
0
 11
1.1494341338582676
 21
1.9687675984251969
 31
0
  0
LINE
  5
E9D
330
1A
100
AcDbEntity
  8
BLACK
  6
CONTINUOUS
100
AcDbLine
 10
1.1494341338582676
 20
1.9687675984251969
 30
0
 11
1.1521883858267716
 21
1.9682911417322835
 31
0
  0
LINE
  5
E9E
330
1A
100
AcDbEntity
  8
BLACK
  6
CONTINUOUS
100
AcDbLine
 10
1.1521883858267716
 20
1.9682911417322835
 30
0
 11
1.1542477952755905
 21
1.9664012992125983
 31
0
  0
LINE
  5
E9F
330
1A
100
AcDbEntity
  8
BLACK
  6
CONTINUOUS
100
AcDbLine
 10
1.1542477952755905
 20
1.9664012992125983
 30
0
 11
1.1547177559055117
 21
1.9653724015748031
 31
0
  0
LINE
  5
EA0
330
1A
100
AcDbEntity
  8
BLACK
  6
CONTINUOUS
100
AcDbLine
 10
1.1547177559055117
 20
1.9653724015748031
 30
0
 11
1.1548170078740156
 21
1.9650668897637795
 31
0
  0
LINE
  5
EA1
330
1A
100
AcDbEntity
  8
BLACK
  6
CONTINUOUS
100
AcDbLine
 10
1.1548170078740156
 20
1.9650668897637795
 30
0
 11
1.1570846062992126
 21
1.9606164566929134
 31
0
  0
LINE
  5
EA2
330
1A
100
AcDbEntity
  8
BLACK
  6
CONTINUOUS
100
AcDbLine
 10
1.1570846062992126
 20
1.9606164566929134
 30
0
 11
1.1606164173228346
 21
1.9570846456692912
 31
0
  0
LINE
  5
EA3
330
1A
100
AcDbEntity
  8
BLACK
  6
CONTINUOUS
100
AcDbLine
 10
1.1606164173228346
 20
1.9570846456692912
 30
0
 11
1.1621377559055117
 21
1.9563095275590552
 31
0
  0
LINE
  5
EA4
330
1A
100
AcDbEntity
  8
BLACK
  6
CONTINUOUS
100
AcDbLine
 10
1.1621377559055117
 20
1.9563095275590552
 30
0
 11
1.1650667716535432
 21
1.9548170866141732
 31
0
  0
LINE
  5
EA5
330
1A
100
AcDbEntity
  8
BLACK
  6
CONTINUOUS
100
AcDbLine
 10
1.1650667716535432
 20
1.9548170866141732
 30
0
 11
1.1687590944881889
 21
1.9542322834645669
 31
0
  0
LINE
  5
EA6
330
1A
100
AcDbEntity
  8
BLACK
  6
CONTINUOUS
100
AcDbLine
 10
1.1687590944881889
 20
1.9542322834645669
 30
0
 11
1.2312408661417322
 21
1.9542323228346457
 31
0
  0
LINE
  5
EA7
330
1A
100
AcDbEntity
  8
BLACK
  6
CONTINUOUS
100
AcDbLine
 10
1.2312408661417322
 20
1.9542323228346457
 30
0
 11
1.2349332283464567
 21
1.9548170866141732
 31
0
  0
LINE
  5
EA8
330
1A
100
AcDbEntity
  8
BLACK
  6
CONTINUOUS
100
AcDbLine
 10
1.2349332283464567
 20
1.9548170866141732
 30
0
 11
1.2393835433070866
 21
1.9570846456692912
 31
0
  0
LINE
  5
EA9
330
1A
100
AcDbEntity
  8
BLACK
  6
CONTINUOUS
100
AcDbLine
 10
1.2393835433070866
 20
1.9570846456692912
 30
0
 11
1.2429153543307085
 21
1.9606164566929134
 31
0
  0
LINE
  5
EAA
330
1A
100
AcDbEntity
  8
BLACK
  6
CONTINUOUS
100
AcDbLine
 10
1.2429153543307085
 20
1.9606164566929134
 30
0
 11
1.2451829133858268
 21
1.9650667716535433
 31
0
  0
LINE
  5
EAB
330
1A
100
AcDbEntity
  8
BLACK
  6
CONTINUOUS
100
AcDbLine
 10
1.2451829133858268
 20
1.9650667716535433
 30
0
 11
1.2451829527559055
 21
1.9650672834645668
 31
0
  0
LINE
  5
EAC
330
1A
100
AcDbEntity
  8
BLACK
  6
CONTINUOUS
100
AcDbLine
 10
1.2451829527559055
 20
1.9650672834645668
 30
0
 11
1.2452820078740157
 21
1.9653719291338583
 31
0
  0
LINE
  5
EAD
330
1A
100
AcDbEntity
  8
BLACK
  6
CONTINUOUS
100
AcDbLine
 10
1.2452820078740157
 20
1.9653719291338583
 30
0
 11
1.246859527559055
 21
1.9676793307086613
 31
0
  0
LINE
  5
EAE
330
1A
100
AcDbEntity
  8
BLACK
  6
CONTINUOUS
100
AcDbLine
 10
1.246859527559055
 20
1.9676793307086613
 30
0
 11
1.2494341338582677
 21
1.9687675984251969
 31
0
  0
LINE
  5
EAF
330
1A
100
AcDbEntity
  8
BLACK
  6
CONTINUOUS
100
AcDbLine
 10
1.2494341338582677
 20
1.9687675984251969
 30
0
 11
1.2521883858267717
 21
1.9682911417322835
 31
0
  0
LINE
  5
EB0
330
1A
100
AcDbEntity
  8
BLACK
  6
CONTINUOUS
100
AcDbLine
 10
1.2521883858267717
 20
1.9682911417322835
 30
0
 11
1.2542477952755906
 21
1.9664012992125983
 31
0
  0
LINE
  5
EB1
330
1A
100
AcDbEntity
  8
BLACK
  6
CONTINUOUS
100
AcDbLine
 10
1.2542477952755906
 20
1.9664012992125983
 30
0
 11
1.2547177559055118
 21
1.9653724015748031
 31
0
  0
LINE
  5
EB2
330
1A
100
AcDbEntity
  8
BLACK
  6
CONTINUOUS
100
AcDbLine
 10
1.2547177559055118
 20
1.9653724015748031
 30
0
 11
1.2548170078740157
 21
1.9650668897637795
 31
0
  0
LINE
  5
EB3
330
1A
100
AcDbEntity
  8
BLACK
  6
CONTINUOUS
100
AcDbLine
 10
1.2548170078740157
 20
1.9650668897637795
 30
0
 11
1.2570846062992125
 21
1.9606164566929134
 31
0
  0
LINE
  5
EB4
330
1A
100
AcDbEntity
  8
BLACK
  6
CONTINUOUS
100
AcDbLine
 10
1.2570846062992125
 20
1.9606164566929134
 30
0
 11
1.2606164173228347
 21
1.9570846456692912
 31
0
  0
LINE
  5
EB5
330
1A
100
AcDbEntity
  8
BLACK
  6
CONTINUOUS
100
AcDbLine
 10
1.2606164173228347
 20
1.9570846456692912
 30
0
 11
1.2621377559055118
 21
1.9563095275590552
 31
0
  0
LINE
  5
EB6
330
1A
100
AcDbEntity
  8
BLACK
  6
CONTINUOUS
100
AcDbLine
 10
1.2621377559055118
 20
1.9563095275590552
 30
0
 11
1.2650667716535433
 21
1.9548170866141732
 31
0
  0
LINE
  5
EB7
330
1A
100
AcDbEntity
  8
BLACK
  6
CONTINUOUS
100
AcDbLine
 10
1.2650667716535433
 20
1.9548170866141732
 30
0
 11
1.268759094488189
 21
1.9542322834645669
 31
0
  0
LINE
  5
EB8
330
1A
100
AcDbEntity
  8
BLACK
  6
CONTINUOUS
100
AcDbLine
 10
1.268759094488189
 20
1.9542322834645669
 30
0
 11
1.3312408661417323
 21
1.9542323228346457
 31
0
  0
LINE
  5
EB9
330
1A
100
AcDbEntity
  8
BLACK
  6
CONTINUOUS
100
AcDbLine
 10
1.3312408661417323
 20
1.9542323228346457
 30
0
 11
1.3349332283464566
 21
1.9548170866141732
 31
0
  0
LINE
  5
EBA
330
1A
100
AcDbEntity
  8
BLACK
  6
CONTINUOUS
100
AcDbLine
 10
1.3349332283464566
 20
1.9548170866141732
 30
0
 11
1.3393835433070866
 21
1.9570846456692912
 31
0
  0
LINE
  5
EBB
330
1A
100
AcDbEntity
  8
BLACK
  6
CONTINUOUS
100
AcDbLine
 10
1.3393835433070866
 20
1.9570846456692912
 30
0
 11
1.3429153543307086
 21
1.9606164566929134
 31
0
  0
LINE
  5
EBC
330
1A
100
AcDbEntity
  8
BLACK
  6
CONTINUOUS
100
AcDbLine
 10
1.3429153543307086
 20
1.9606164566929134
 30
0
 11
1.3451829133858269
 21
1.9650667716535433
 31
0
  0
LINE
  5
EBD
330
1A
100
AcDbEntity
  8
BLACK
  6
CONTINUOUS
100
AcDbLine
 10
1.3451829133858269
 20
1.9650667716535433
 30
0
 11
1.3451829527559054
 21
1.9650672834645668
 31
0
  0
LINE
  5
EBE
330
1A
100
AcDbEntity
  8
BLACK
  6
CONTINUOUS
100
AcDbLine
 10
1.3451829527559054
 20
1.9650672834645668
 30
0
 11
1.3452820078740158
 21
1.9653719291338583
 31
0
  0
LINE
  5
EBF
330
1A
100
AcDbEntity
  8
BLACK
  6
CONTINUOUS
100
AcDbLine
 10
1.3452820078740158
 20
1.9653719291338583
 30
0
 11
1.3468595275590551
 21
1.9676793307086613
 31
0
  0
LINE
  5
EC0
330
1A
100
AcDbEntity
  8
BLACK
  6
CONTINUOUS
100
AcDbLine
 10
1.3468595275590551
 20
1.9676793307086613
 30
0
 11
1.3494341338582676
 21
1.9687675984251969
 31
0
  0
LINE
  5
EC1
330
1A
100
AcDbEntity
  8
BLACK
  6
CONTINUOUS
100
AcDbLine
 10
1.3494341338582676
 20
1.9687675984251969
 30
0
 11
1.3521883858267716
 21
1.9682911417322835
 31
0
  0
LINE
  5
EC2
330
1A
100
AcDbEntity
  8
BLACK
  6
CONTINUOUS
100
AcDbLine
 10
1.3521883858267716
 20
1.9682911417322835
 30
0
 11
1.3542477952755905
 21
1.9664012992125983
 31
0
  0
LINE
  5
EC3
330
1A
100
AcDbEntity
  8
BLACK
  6
CONTINUOUS
100
AcDbLine
 10
1.3542477952755905
 20
1.9664012992125983
 30
0
 11
1.3547177559055117
 21
1.9653724015748031
 31
0
  0
LINE
  5
EC4
330
1A
100
AcDbEntity
  8
BLACK
  6
CONTINUOUS
100
AcDbLine
 10
1.3547177559055117
 20
1.9653724015748031
 30
0
 11
1.3548170078740158
 21
1.9650668897637795
 31
0
  0
LINE
  5
EC5
330
1A
100
AcDbEntity
  8
BLACK
  6
CONTINUOUS
100
AcDbLine
 10
1.3548170078740158
 20
1.9650668897637795
 30
0
 11
1.3570846062992126
 21
1.9606164566929134
 31
0
  0
LINE
  5
EC6
330
1A
100
AcDbEntity
  8
BLACK
  6
CONTINUOUS
100
AcDbLine
 10
1.3570846062992126
 20
1.9606164566929134
 30
0
 11
1.3606164173228346
 21
1.9570846456692912
 31
0
  0
LINE
  5
EC7
330
1A
100
AcDbEntity
  8
BLACK
  6
CONTINUOUS
100
AcDbLine
 10
1.3606164173228346
 20
1.9570846456692912
 30
0
 11
1.3621377559055117
 21
1.9563095275590552
 31
0
  0
LINE
  5
EC8
330
1A
100
AcDbEntity
  8
BLACK
  6
CONTINUOUS
100
AcDbLine
 10
1.3621377559055117
 20
1.9563095275590552
 30
0
 11
1.3650667716535432
 21
1.9548170866141732
 31
0
  0
LINE
  5
EC9
330
1A
100
AcDbEntity
  8
BLACK
  6
CONTINUOUS
100
AcDbLine
 10
1.3650667716535432
 20
1.9548170866141732
 30
0
 11
1.3687590944881889
 21
1.9542322834645669
 31
0
  0
LINE
  5
ECA
330
1A
100
AcDbEntity
  8
BLACK
  6
CONTINUOUS
100
AcDbLine
 10
1.3687590944881889
 20
1.9542322834645669
 30
0
 11
1.4312408661417322
 21
1.9542323228346457
 31
0
  0
LINE
  5
ECB
330
1A
100
AcDbEntity
  8
BLACK
  6
CONTINUOUS
100
AcDbLine
 10
1.4312408661417322
 20
1.9542323228346457
 30
0
 11
1.4349332283464566
 21
1.9548170866141732
 31
0
  0
LINE
  5
ECC
330
1A
100
AcDbEntity
  8
BLACK
  6
CONTINUOUS
100
AcDbLine
 10
1.4349332283464566
 20
1.9548170866141732
 30
0
 11
1.4393835433070865
 21
1.9570846456692912
 31
0
  0
LINE
  5
ECD
330
1A
100
AcDbEntity
  8
BLACK
  6
CONTINUOUS
100
AcDbLine
 10
1.4393835433070865
 20
1.9570846456692912
 30
0
 11
1.4429153543307087
 21
1.9606164566929134
 31
0
  0
LINE
  5
ECE
330
1A
100
AcDbEntity
  8
BLACK
  6
CONTINUOUS
100
AcDbLine
 10
1.4429153543307087
 20
1.9606164566929134
 30
0
 11
1.4451829133858267
 21
1.9650667716535433
 31
0
  0
LINE
  5
ECF
330
1A
100
AcDbEntity
  8
BLACK
  6
CONTINUOUS
100
AcDbLine
 10
1.4451829133858267
 20
1.9650667716535433
 30
0
 11
1.4451829527559055
 21
1.9650672834645668
 31
0
  0
LINE
  5
ED0
330
1A
100
AcDbEntity
  8
BLACK
  6
CONTINUOUS
100
AcDbLine
 10
1.4451829527559055
 20
1.9650672834645668
 30
0
 11
1.4452820078740156
 21
1.9653719291338583
 31
0
  0
LINE
  5
ED1
330
1A
100
AcDbEntity
  8
BLACK
  6
CONTINUOUS
100
AcDbLine
 10
1.4452820078740156
 20
1.9653719291338583
 30
0
 11
1.446859527559055
 21
1.9676793307086613
 31
0
  0
LINE
  5
ED2
330
1A
100
AcDbEntity
  8
BLACK
  6
CONTINUOUS
100
AcDbLine
 10
1.446859527559055
 20
1.9676793307086613
 30
0
 11
1.4494341338582677
 21
1.9687675984251969
 31
0
  0
LINE
  5
ED3
330
1A
100
AcDbEntity
  8
BLACK
  6
CONTINUOUS
100
AcDbLine
 10
1.4494341338582677
 20
1.9687675984251969
 30
0
 11
1.4521883858267717
 21
1.9682911417322835
 31
0
  0
LINE
  5
ED4
330
1A
100
AcDbEntity
  8
BLACK
  6
CONTINUOUS
100
AcDbLine
 10
1.4521883858267717
 20
1.9682911417322835
 30
0
 11
1.4542477952755906
 21
1.9664012992125983
 31
0
  0
LINE
  5
ED5
330
1A
100
AcDbEntity
  8
BLACK
  6
CONTINUOUS
100
AcDbLine
 10
1.4542477952755906
 20
1.9664012992125983
 30
0
 11
1.4547177559055118
 21
1.9653724015748031
 31
0
  0
LINE
  5
ED6
330
1A
100
AcDbEntity
  8
BLACK
  6
CONTINUOUS
100
AcDbLine
 10
1.4547177559055118
 20
1.9653724015748031
 30
0
 11
1.4548170078740157
 21
1.9650668897637795
 31
0
  0
LINE
  5
ED7
330
1A
100
AcDbEntity
  8
BLACK
  6
CONTINUOUS
100
AcDbLine
 10
1.4548170078740157
 20
1.9650668897637795
 30
0
 11
1.4570846062992127
 21
1.9606164566929134
 31
0
  0
LINE
  5
ED8
330
1A
100
AcDbEntity
  8
BLACK
  6
CONTINUOUS
100
AcDbLine
 10
1.4570846062992127
 20
1.9606164566929134
 30
0
 11
1.4606164173228346
 21
1.9570846456692912
 31
0
  0
LINE
  5
ED9
330
1A
100
AcDbEntity
  8
BLACK
  6
CONTINUOUS
100
AcDbLine
 10
1.4606164173228346
 20
1.9570846456692912
 30
0
 11
1.4621377559055118
 21
1.9563095275590552
 31
0
  0
LINE
  5
EDA
330
1A
100
AcDbEntity
  8
BLACK
  6
CONTINUOUS
100
AcDbLine
 10
1.4621377559055118
 20
1.9563095275590552
 30
0
 11
1.4650667716535433
 21
1.9548170866141732
 31
0
  0
LINE
  5
EDB
330
1A
100
AcDbEntity
  8
BLACK
  6
CONTINUOUS
100
AcDbLine
 10
1.4650667716535433
 20
1.9548170866141732
 30
0
 11
1.468759094488189
 21
1.9542322834645669
 31
0
  0
LINE
  5
EDC
330
1A
100
AcDbEntity
  8
BLACK
  6
CONTINUOUS
100
AcDbLine
 10
1.468759094488189
 20
1.9542322834645669
 30
0
 11
1.5312408661417323
 21
1.9542323228346457
 31
0
  0
LINE
  5
EDD
330
1A
100
AcDbEntity
  8
BLACK
  6
CONTINUOUS
100
AcDbLine
 10
1.5312408661417323
 20
1.9542323228346457
 30
0
 11
1.5349332283464567
 21
1.9548170866141732
 31
0
  0
LINE
  5
EDE
330
1A
100
AcDbEntity
  8
BLACK
  6
CONTINUOUS
100
AcDbLine
 10
1.5349332283464567
 20
1.9548170866141732
 30
0
 11
1.5393835433070866
 21
1.9570846456692912
 31
0
  0
LINE
  5
EDF
330
1A
100
AcDbEntity
  8
BLACK
  6
CONTINUOUS
100
AcDbLine
 10
1.5393835433070866
 20
1.9570846456692912
 30
0
 11
1.5429153543307086
 21
1.9606164566929134
 31
0
  0
LINE
  5
EE0
330
1A
100
AcDbEntity
  8
BLACK
  6
CONTINUOUS
100
AcDbLine
 10
1.5429153543307086
 20
1.9606164566929134
 30
0
 11
1.5451829133858268
 21
1.9650667716535433
 31
0
  0
LINE
  5
EE1
330
1A
100
AcDbEntity
  8
BLACK
  6
CONTINUOUS
100
AcDbLine
 10
1.5451829133858268
 20
1.9650667716535433
 30
0
 11
1.5451829527559056
 21
1.9650672834645668
 31
0
  0
LINE
  5
EE2
330
1A
100
AcDbEntity
  8
BLACK
  6
CONTINUOUS
100
AcDbLine
 10
1.5451829527559056
 20
1.9650672834645668
 30
0
 11
1.5452820078740157
 21
1.9653719291338583
 31
0
  0
LINE
  5
EE3
330
1A
100
AcDbEntity
  8
BLACK
  6
CONTINUOUS
100
AcDbLine
 10
1.5452820078740157
 20
1.9653719291338583
 30
0
 11
1.5468595275590551
 21
1.9676793307086613
 31
0
  0
LINE
  5
EE4
330
1A
100
AcDbEntity
  8
BLACK
  6
CONTINUOUS
100
AcDbLine
 10
1.5468595275590551
 20
1.9676793307086613
 30
0
 11
1.5494341338582678
 21
1.9687675984251969
 31
0
  0
LINE
  5
EE5
330
1A
100
AcDbEntity
  8
BLACK
  6
CONTINUOUS
100
AcDbLine
 10
1.5494341338582678
 20
1.9687675984251969
 30
0
 11
1.5521883858267715
 21
1.9682911417322835
 31
0
  0
LINE
  5
EE6
330
1A
100
AcDbEntity
  8
BLACK
  6
CONTINUOUS
100
AcDbLine
 10
1.5521883858267715
 20
1.9682911417322835
 30
0
 11
1.5542477952755904
 21
1.9664012992125983
 31
0
  0
LINE
  5
EE7
330
1A
100
AcDbEntity
  8
BLACK
  6
CONTINUOUS
100
AcDbLine
 10
1.5542477952755904
 20
1.9664012992125983
 30
0
 11
1.5547177559055119
 21
1.9653724015748031
 31
0
  0
LINE
  5
EE8
330
1A
100
AcDbEntity
  8
BLACK
  6
CONTINUOUS
100
AcDbLine
 10
1.5547177559055119
 20
1.9653724015748031
 30
0
 11
1.5548170078740158
 21
1.9650668897637795
 31
0
  0
LINE
  5
EE9
330
1A
100
AcDbEntity
  8
BLACK
  6
CONTINUOUS
100
AcDbLine
 10
1.5548170078740158
 20
1.9650668897637795
 30
0
 11
1.5570846062992125
 21
1.9606164566929134
 31
0
  0
LINE
  5
EEA
330
1A
100
AcDbEntity
  8
BLACK
  6
CONTINUOUS
100
AcDbLine
 10
1.5570846062992125
 20
1.9606164566929134
 30
0
 11
1.5606164173228345
 21
1.9570846456692912
 31
0
  0
LINE
  5
EEB
330
1A
100
AcDbEntity
  8
BLACK
  6
CONTINUOUS
100
AcDbLine
 10
1.5606164173228345
 20
1.9570846456692912
 30
0
 11
1.5621377559055118
 21
1.9563095275590552
 31
0
  0
LINE
  5
EEC
330
1A
100
AcDbEntity
  8
BLACK
  6
CONTINUOUS
100
AcDbLine
 10
1.5621377559055118
 20
1.9563095275590552
 30
0
 11
1.5650667716535434
 21
1.9548170866141732
 31
0
  0
LINE
  5
EED
330
1A
100
AcDbEntity
  8
BLACK
  6
CONTINUOUS
100
AcDbLine
 10
1.5650667716535434
 20
1.9548170866141732
 30
0
 11
1.5687590944881888
 21
1.9542322834645669
 31
0
  0
LINE
  5
EEE
330
1A
100
AcDbEntity
  8
BLACK
  6
CONTINUOUS
100
AcDbLine
 10
1.5687590944881888
 20
1.9542322834645669
 30
0
 11
1.6312408661417321
 21
1.9542323228346457
 31
0
  0
LINE
  5
EEF
330
1A
100
AcDbEntity
  8
BLACK
  6
CONTINUOUS
100
AcDbLine
 10
1.6312408661417321
 20
1.9542323228346457
 30
0
 11
1.6349332283464566
 21
1.9548170866141732
 31
0
  0
LINE
  5
EF0
330
1A
100
AcDbEntity
  8
BLACK
  6
CONTINUOUS
100
AcDbLine
 10
1.6349332283464566
 20
1.9548170866141732
 30
0
 11
1.6393835433070865
 21
1.9570846456692912
 31
0
  0
LINE
  5
EF1
330
1A
100
AcDbEntity
  8
BLACK
  6
CONTINUOUS
100
AcDbLine
 10
1.6393835433070865
 20
1.9570846456692912
 30
0
 11
1.6429153543307087
 21
1.9606164566929134
 31
0
  0
LINE
  5
EF2
330
1A
100
AcDbEntity
  8
BLACK
  6
CONTINUOUS
100
AcDbLine
 10
1.6429153543307087
 20
1.9606164566929134
 30
0
 11
1.6451829133858267
 21
1.9650667716535433
 31
0
  0
LINE
  5
EF3
330
1A
100
AcDbEntity
  8
BLACK
  6
CONTINUOUS
100
AcDbLine
 10
1.6451829133858267
 20
1.9650667716535433
 30
0
 11
1.6451829527559054
 21
1.9650672834645668
 31
0
  0
LINE
  5
EF4
330
1A
100
AcDbEntity
  8
BLACK
  6
CONTINUOUS
100
AcDbLine
 10
1.6451829527559054
 20
1.9650672834645668
 30
0
 11
1.6452820078740158
 21
1.9653719291338583
 31
0
  0
LINE
  5
EF5
330
1A
100
AcDbEntity
  8
BLACK
  6
CONTINUOUS
100
AcDbLine
 10
1.6452820078740158
 20
1.9653719291338583
 30
0
 11
1.6468595275590552
 21
1.9676793307086613
 31
0
  0
LINE
  5
EF6
330
1A
100
AcDbEntity
  8
BLACK
  6
CONTINUOUS
100
AcDbLine
 10
1.6468595275590552
 20
1.9676793307086613
 30
0
 11
1.6494341338582676
 21
1.9687675984251969
 31
0
  0
LINE
  5
EF7
330
1A
100
AcDbEntity
  8
BLACK
  6
CONTINUOUS
100
AcDbLine
 10
1.6494341338582676
 20
1.9687675984251969
 30
0
 11
1.6521883858267716
 21
1.9682911417322835
 31
0
  0
LINE
  5
EF8
330
1A
100
AcDbEntity
  8
BLACK
  6
CONTINUOUS
100
AcDbLine
 10
1.6521883858267716
 20
1.9682911417322835
 30
0
 11
1.6542477952755905
 21
1.9664012992125983
 31
0
  0
LINE
  5
EF9
330
1A
100
AcDbEntity
  8
BLACK
  6
CONTINUOUS
100
AcDbLine
 10
1.6542477952755905
 20
1.9664012992125983
 30
0
 11
1.6547177559055117
 21
1.9653724015748031
 31
0
  0
LINE
  5
EFA
330
1A
100
AcDbEntity
  8
BLACK
  6
CONTINUOUS
100
AcDbLine
 10
1.6547177559055117
 20
1.9653724015748031
 30
0
 11
1.6548170078740156
 21
1.9650668897637795
 31
0
  0
LINE
  5
EFB
330
1A
100
AcDbEntity
  8
BLACK
  6
CONTINUOUS
100
AcDbLine
 10
1.6548170078740156
 20
1.9650668897637795
 30
0
 11
1.6570846062992126
 21
1.9606164566929134
 31
0
  0
LINE
  5
EFC
330
1A
100
AcDbEntity
  8
BLACK
  6
CONTINUOUS
100
AcDbLine
 10
1.6570846062992126
 20
1.9606164566929134
 30
0
 11
1.6606164173228346
 21
1.9570846456692912
 31
0
  0
LINE
  5
EFD
330
1A
100
AcDbEntity
  8
BLACK
  6
CONTINUOUS
100
AcDbLine
 10
1.6606164173228346
 20
1.9570846456692912
 30
0
 11
1.6621377559055117
 21
1.9563095275590552
 31
0
  0
LINE
  5
EFE
330
1A
100
AcDbEntity
  8
BLACK
  6
CONTINUOUS
100
AcDbLine
 10
1.6621377559055117
 20
1.9563095275590552
 30
0
 11
1.6650667716535432
 21
1.9548170866141732
 31
0
  0
LINE
  5
EFF
330
1A
100
AcDbEntity
  8
BLACK
  6
CONTINUOUS
100
AcDbLine
 10
1.6650667716535432
 20
1.9548170866141732
 30
0
 11
1.6687590944881889
 21
1.9542322834645669
 31
0
  0
LINE
  5
F00
330
1A
100
AcDbEntity
  8
BLACK
  6
CONTINUOUS
100
AcDbLine
 10
1.6687590944881889
 20
1.9542322834645669
 30
0
 11
1.7189566929133857
 21
1.9542323228346457
 31
0
  0
LINE
  5
F01
330
1A
100
AcDbEntity
  8
BLACK
  6
CONTINUOUS
100
AcDbLine
 10
1.7189566929133857
 20
1.9542323228346457
 30
0
 11
1.7216386220472442
 21
1.9534448425196851
 31
0
  0
LINE
  5
F02
330
1A
100
AcDbEntity
  8
BLACK
  6
CONTINUOUS
100
AcDbLine
 10
1.7216386220472442
 20
1.9534448425196851
 30
0
 11
1.7234690551181102
 21
1.951332401574803
 31
0
  0
LINE
  5
F03
330
1A
100
AcDbEntity
  8
BLACK
  6
CONTINUOUS
100
AcDbLine
 10
1.7234690551181102
 20
1.951332401574803
 30
0
 11
1.7239173228346456
 21
1.9492716929133858
 31
0
  0
LINE
  5
F04
330
1A
100
AcDbEntity
  8
BLACK
  6
CONTINUOUS
100
AcDbLine
 10
1.7239173228346456
 20
1.9492716929133858
 30
0
 11
1.7239173228346456
 21
1.8311134251968504
 31
0
  0
LINE
  5
F05
330
1A
100
AcDbEntity
  8
BLACK
  6
CONTINUOUS
100
AcDbLine
 10
1.7239173228346456
 20
1.8311134251968504
 30
0
 11
1.723129842519685
 21
1.8284314960629922
 31
0
  0
LINE
  5
F06
330
1A
100
AcDbEntity
  8
BLACK
  6
CONTINUOUS
100
AcDbLine
 10
1.723129842519685
 20
1.8284314960629922
 30
0
 11
1.7224643700787401
 21
1.827605748031496
 31
0
  0
LINE
  5
F07
330
1A
100
AcDbEntity
  8
BLACK
  6
CONTINUOUS
100
AcDbLine
 10
1.7224643700787401
 20
1.827605748031496
 30
0
 11
1.6727958661417321
 21
1.7779372047244093
 31
0
  0
LINE
  5
F08
330
1A
100
AcDbEntity
  8
BLACK
  6
CONTINUOUS
100
AcDbLine
 10
1.6727958661417321
 20
1.7779372047244093
 30
0
 11
1.6703426377952755
 21
1.7765976377952755
 31
0
  0
LINE
  5
F09
330
1A
100
AcDbEntity
  8
BLACK
  6
CONTINUOUS
100
AcDbLine
 10
1.6703426377952755
 20
1.7765976377952755
 30
0
 11
1.669288188976378
 21
1.7764842519685038
 31
0
  0
LINE
  5
F0A
330
1A
100
AcDbEntity
  8
BLACK
  6
CONTINUOUS
100
AcDbLine
 10
1.669288188976378
 20
1.7764842519685038
 30
0
 11
1.5979195669291337
 21
1.7764842519685038
 31
0
  0
LINE
  5
F0B
330
1A
100
AcDbEntity
  8
BLACK
  6
CONTINUOUS
100
AcDbLine
 10
1.5979195669291337
 20
1.7764842519685038
 30
0
 11
1.5952376377952755
 21
1.7772717322834646
 31
0
  0
LINE
  5
F0C
330
1A
100
AcDbEntity
  8
BLACK
  6
CONTINUOUS
100
AcDbLine
 10
1.5952376377952755
 20
1.7772717322834646
 30
0
 11
1.5951635826771653
 21
1.7773202755905511
 31
0
  0
LINE
  5
F0D
330
1A
100
AcDbEntity
  8
BLACK
  6
CONTINUOUS
100
AcDbLine
 10
1.5951635826771653
 20
1.7773202755905511
 30
0
 11
1.5914716141732284
 21
1.7797871653543307
 31
0
  0
LINE
  5
F0E
330
1A
100
AcDbEntity
  8
BLACK
  6
CONTINUOUS
100
AcDbLine
 10
1.5914716141732284
 20
1.7797871653543307
 30
0
 11
1.5857362992125983
 21
1.7821627952755905
 31
0
  0
LINE
  5
F0F
330
1A
100
AcDbEntity
  8
BLACK
  6
CONTINUOUS
100
AcDbLine
 10
1.5857362992125983
 20
1.7821627952755905
 30
0
 11
1.5857361023622047
 21
1.782162874015748
 31
0
  0
LINE
  5
F10
330
1A
100
AcDbEntity
  8
BLACK
  6
CONTINUOUS
100
AcDbLine
 10
1.5857361023622047
 20
1.782162874015748
 30
0
 11
1.5796474015748032
 21
1.7833740157480316
 31
0
  0
LINE
  5
F11
330
1A
100
AcDbEntity
  8
BLACK
  6
CONTINUOUS
100
AcDbLine
 10
1.5796474015748032
 20
1.7833740157480316
 30
0
 11
1.5796473228346457
 21
1.7833740157480316
 31
0
  0
LINE
  5
F12
330
1A
100
AcDbEntity
  8
BLACK
  6
CONTINUOUS
100
AcDbLine
 10
1.5796473228346457
 20
1.7833740157480316
 30
0
 11
1.5734392913385826
 21
1.7833740157480316
 31
0
  0
LINE
  5
F13
330
1A
100
AcDbEntity
  8
BLACK
  6
CONTINUOUS
100
AcDbLine
 10
1.5734392913385826
 20
1.7833740157480316
 30
0
 11
1.5734391732283464
 21
1.7833740157480316
 31
0
  0
LINE
  5
F14
330
1A
100
AcDbEntity
  8
BLACK
  6
CONTINUOUS
100
AcDbLine
 10
1.5734391732283464
 20
1.7833740157480316
 30
0
 11
1.5673504724409448
 21
1.782162874015748
 31
0
  0
LINE
  5
F15
330
1A
100
AcDbEntity
  8
BLACK
  6
CONTINUOUS
100
AcDbLine
 10
1.5673504724409448
 20
1.782162874015748
 30
0
 11
1.5673502755905511
 21
1.7821627952755905
 31
0
  0
LINE
  5
F16
330
1A
100
AcDbEntity
  8
BLACK
  6
CONTINUOUS
100
AcDbLine
 10
1.5673502755905511
 20
1.7821627952755905
 30
0
 11
1.5616149606299212
 21
1.7797871653543307
 31
0
  0
LINE
  5
F17
330
1A
100
AcDbEntity
  8
BLACK
  6
CONTINUOUS
100
AcDbLine
 10
1.5616149606299212
 20
1.7797871653543307
 30
0
 11
1.556453346456693
 21
1.7763382677165354
 31
0
  0
LINE
  5
F18
330
1A
100
AcDbEntity
  8
BLACK
  6
CONTINUOUS
100
AcDbLine
 10
1.556453346456693
 20
1.7763382677165354
 30
0
 11
1.5564530708661417
 21
1.7763380708661416
 31
0
  0
LINE
  5
F19
330
1A
100
AcDbEntity
  8
BLACK
  6
CONTINUOUS
100
AcDbLine
 10
1.5564530708661417
 20
1.7763380708661416
 30
0
 11
1.5520635039370079
 21
1.7719485039370078
 31
0
  0
LINE
  5
F1A
330
1A
100
AcDbEntity
  8
BLACK
  6
CONTINUOUS
100
AcDbLine
 10
1.5520635039370079
 20
1.7719485039370078
 30
0
 11
1.5520633070866141
 21
1.7719482283464567
 31
0
  0
LINE
  5
F1B
330
1A
100
AcDbEntity
  8
BLACK
  6
CONTINUOUS
100
AcDbLine
 10
1.5520633070866141
 20
1.7719482283464567
 30
0
 11
1.5486144094488188
 21
1.7667866141732282
 31
0
  0
LINE
  5
F1C
330
1A
100
AcDbEntity
  8
BLACK
  6
CONTINUOUS
100
AcDbLine
 10
1.5486144094488188
 20
1.7667866141732282
 30
0
 11
1.5462387795275589
 21
1.7610512992125984
 31
0
  0
LINE
  5
F1D
330
1A
100
AcDbEntity
  8
BLACK
  6
CONTINUOUS
100
AcDbLine
 10
1.5462387795275589
 20
1.7610512992125984
 30
0
 11
1.5462387007874014
 21
1.7610511023622046
 31
0
  0
LINE
  5
F1E
330
1A
100
AcDbEntity
  8
BLACK
  6
CONTINUOUS
100
AcDbLine
 10
1.5462387007874014
 20
1.7610511023622046
 30
0
 11
1.5450275590551181
 21
1.7549624015748031
 31
0
  0
LINE
  5
F1F
330
1A
100
AcDbEntity
  8
BLACK
  6
CONTINUOUS
100
AcDbLine
 10
1.5450275590551181
 20
1.7549624015748031
 30
0
 11
1.5450275590551181
 21
1.7487541732283465
 31
0
  0
LINE
  5
F20
330
1A
100
AcDbEntity
  8
BLACK
  6
CONTINUOUS
100
AcDbLine
 10
1.5450275590551181
 20
1.7487541732283465
 30
0
 11
1.5462387007874014
 21
1.7426654724409449
 31
0
  0
LINE
  5
F21
330
1A
100
AcDbEntity
  8
BLACK
  6
CONTINUOUS
100
AcDbLine
 10
1.5462387007874014
 20
1.7426654724409449
 30
0
 11
1.5462387795275589
 21
1.7426652755905512
 31
0
  0
LINE
  5
F22
330
1A
100
AcDbEntity
  8
BLACK
  6
CONTINUOUS
100
AcDbLine
 10
1.5462387795275589
 20
1.7426652755905512
 30
0
 11
1.5468046062992125
 21
1.7412992125984252
 31
0
  0
LINE
  5
F23
330
1A
100
AcDbEntity
  8
BLACK
  6
CONTINUOUS
100
AcDbLine
 10
1.5468046062992125
 20
1.7412992125984252
 30
0
 11
1.5486144094488188
 21
1.7369299606299211
 31
0
  0
LINE
  5
F24
330
1A
100
AcDbEntity
  8
BLACK
  6
CONTINUOUS
100
AcDbLine
 10
1.5486144094488188
 20
1.7369299606299211
 30
0
 11
1.5520634251968504
 21
1.7317681496062991
 31
0
  0
LINE
  5
F25
330
1A
100
AcDbEntity
  8
BLACK
  6
CONTINUOUS
100
AcDbLine
 10
1.5520634251968504
 20
1.7317681496062991
 30
0
 11
1.556453188976378
 21
1.7273783858267717
 31
0
  0
LINE
  5
F26
330
1A
100
AcDbEntity
  8
BLACK
  6
CONTINUOUS
100
AcDbLine
 10
1.556453188976378
 20
1.7273783858267717
 30
0
 11
1.561615
 21
1.7239293700787401
 31
0
  0
LINE
  5
F27
330
1A
100
AcDbEntity
  8
BLACK
  6
CONTINUOUS
100
AcDbLine
 10
1.561615
 20
1.7239293700787401
 30
0
 11
1.5673505118110236
 21
1.7215536614173228
 31
0
  0
LINE
  5
F28
330
1A
100
AcDbEntity
  8
BLACK
  6
CONTINUOUS
100
AcDbLine
 10
1.5673505118110236
 20
1.7215536614173228
 30
0
 11
1.5734392913385826
 21
1.7203425196850393
 31
0
  0
LINE
  5
F29
330
1A
100
AcDbEntity
  8
BLACK
  6
CONTINUOUS
100
AcDbLine
 10
1.5734392913385826
 20
1.7203425196850393
 30
0
 11
1.5734393307086614
 21
1.7203425196850393
 31
0
  0
LINE
  5
F2A
330
1A
100
AcDbEntity
  8
BLACK
  6
CONTINUOUS
100
AcDbLine
 10
1.5734393307086614
 20
1.7203425196850393
 30
0
 11
1.579647283464567
 21
1.7203425196850393
 31
0
  0
LINE
  5
F2B
330
1A
100
AcDbEntity
  8
BLACK
  6
CONTINUOUS
100
AcDbLine
 10
1.579647283464567
 20
1.7203425196850393
 30
0
 11
1.5796473228346457
 21
1.7203425196850393
 31
0
  0
LINE
  5
F2C
330
1A
100
AcDbEntity
  8
BLACK
  6
CONTINUOUS
100
AcDbLine
 10
1.5796473228346457
 20
1.7203425196850393
 30
0
 11
1.5857361023622047
 21
1.7215536614173228
 31
0
  0
LINE
  5
F2D
330
1A
100
AcDbEntity
  8
BLACK
  6
CONTINUOUS
100
AcDbLine
 10
1.5857361023622047
 20
1.7215536614173228
 30
0
 11
1.5914716141732284
 21
1.7239293700787401
 31
0
  0
LINE
  5
F2E
330
1A
100
AcDbEntity
  8
BLACK
  6
CONTINUOUS
100
AcDbLine
 10
1.5914716141732284
 20
1.7239293700787401
 30
0
 11
1.5951635826771653
 21
1.7263962598425195
 31
0
  0
LINE
  5
F2F
330
1A
100
AcDbEntity
  8
BLACK
  6
CONTINUOUS
100
AcDbLine
 10
1.5951635826771653
 20
1.7263962598425195
 30
0
 11
1.5978310236220472
 21
1.727231496062992
 31
0
  0
LINE
  5
F30
330
1A
100
AcDbEntity
  8
BLACK
  6
CONTINUOUS
100
AcDbLine
 10
1.5978310236220472
 20
1.727231496062992
 30
0
 11
1.5979195669291337
 21
1.7272322834645668
 31
0
  0
LINE
  5
F31
330
1A
100
AcDbEntity
  8
BLACK
  6
CONTINUOUS
100
AcDbLine
 10
1.5979195669291337
 20
1.7272322834645668
 30
0
 11
1.6839685826771653
 21
1.7272322834645668
 31
0
  0
LINE
  5
F32
330
1A
100
AcDbEntity
  8
BLACK
  6
CONTINUOUS
100
AcDbLine
 10
1.6839685826771653
 20
1.7272322834645668
 30
0
 11
1.6839687795275591
 21
1.7272322834645668
 31
0
  0
LINE
  5
F33
330
1A
100
AcDbEntity
  8
BLACK
  6
CONTINUOUS
100
AcDbLine
 10
1.6839687795275591
 20
1.7272322834645668
 30
0
 11
1.6863475984251968
 21
1.7277054724409449
 31
0
  0
LINE
  5
F34
330
1A
100
AcDbEntity
  8
BLACK
  6
CONTINUOUS
100
AcDbLine
 10
1.6863475984251968
 20
1.7277054724409449
 30
0
 11
1.6887264566929134
 21
1.7281786220472442
 31
0
  0
LINE
  5
F35
330
1A
100
AcDbEntity
  8
BLACK
  6
CONTINUOUS
100
AcDbLine
 10
1.6887264566929134
 20
1.7281786220472442
 30
0
 11
1.6900388188976379
 21
1.7287222834645668
 31
0
  0
LINE
  5
F36
330
1A
100
AcDbEntity
  8
BLACK
  6
CONTINUOUS
100
AcDbLine
 10
1.6900388188976379
 20
1.7287222834645668
 30
0
 11
1.6900390551181101
 21
1.7287223228346456
 31
0
  0
LINE
  5
F37
330
1A
100
AcDbEntity
  8
BLACK
  6
CONTINUOUS
100
AcDbLine
 10
1.6900390551181101
 20
1.7287223228346456
 30
0
 11
1.6900390551181101
 21
1.7287223622047243
 31
0
  0
LINE
  5
F38
330
1A
100
AcDbEntity
  8
BLACK
  6
CONTINUOUS
100
AcDbLine
 10
1.6900390551181101
 20
1.7287223622047243
 30
0
 11
1.6932081102362204
 21
1.7300349606299212
 31
0
  0
LINE
  5
F39
330
1A
100
AcDbEntity
  8
BLACK
  6
CONTINUOUS
100
AcDbLine
 10
1.6932081102362204
 20
1.7300349606299212
 30
0
 11
1.6958019291338582
 21
1.7317681496062991
 31
0
  0
LINE
  5
F3A
330
1A
100
AcDbEntity
  8
BLACK
  6
CONTINUOUS
100
AcDbLine
 10
1.6958019291338582
 20
1.7317681496062991
 30
0
 11
1.6972414566929133
 21
1.7327299999999999
 31
0
  0
LINE
  5
F3B
330
1A
100
AcDbEntity
  8
BLACK
  6
CONTINUOUS
100
AcDbLine
 10
1.6972414566929133
 20
1.7327299999999999
 30
0
 11
1.7006715748031496
 21
1.7361601181102362
 31
0
  0
LINE
  5
F3C
330
1A
100
AcDbEntity
  8
BLACK
  6
CONTINUOUS
100
AcDbLine
 10
1.7006715748031496
 20
1.7361601181102362
 30
0
 11
1.7010796850393701
 21
1.7365682283464567
 31
0
  0
LINE
  5
F3D
330
1A
100
AcDbEntity
  8
BLACK
  6
CONTINUOUS
100
AcDbLine
 10
1.7010796850393701
 20
1.7365682283464567
 30
0
 11
1.7010799606299212
 21
1.736568622047244
 31
0
  0
LINE
  5
F3E
330
1A
100
AcDbEntity
  8
BLACK
  6
CONTINUOUS
100
AcDbLine
 10
1.7010799606299212
 20
1.736568622047244
 30
0
 11
1.7676715748031495
 21
1.8031601181102361
 31
0
  0
LINE
  5
F3F
330
1A
100
AcDbEntity
  8
BLACK
  6
CONTINUOUS
100
AcDbLine
 10
1.7676715748031495
 20
1.8031601181102361
 30
0
 11
1.7703666141732284
 21
1.8071935039370077
 31
0
  0
LINE
  5
F40
330
1A
100
AcDbEntity
  8
BLACK
  6
CONTINUOUS
100
AcDbLine
 10
1.7703666141732284
 20
1.8071935039370077
 30
0
 11
1.7722229527559055
 21
1.8116751574803149
 31
0
  0
LINE
  5
F41
330
1A
100
AcDbEntity
  8
BLACK
  6
CONTINUOUS
100
AcDbLine
 10
1.7722229527559055
 20
1.8116751574803149
 30
0
 11
1.7731693307086613
 21
1.8164328346456693
 31
0
  0
LINE
  5
F42
330
1A
100
AcDbEntity
  8
BLACK
  6
CONTINUOUS
100
AcDbLine
 10
1.7731693307086613
 20
1.8164328346456693
 30
0
 11
1.7731693307086613
 21
1.8212837401574802
 31
0
  0
LINE
  5
F43
330
1A
100
AcDbEntity
  8
BLACK
  6
CONTINUOUS
100
AcDbLine
 10
1.7731693307086613
 20
1.8212837401574802
 30
0
 11
1.7731693307086613
 21
1.8214881496062991
 31
0
  0
LINE
  5
F44
330
1A
100
AcDbEntity
  8
BLACK
  6
CONTINUOUS
100
AcDbLine
 10
1.7731693307086613
 20
1.8214881496062991
 30
0
 11
1.7731692913385826
 21
1.8214891732283465
 31
0
  0
LINE
  5
F45
330
1A
100
AcDbEntity
  8
BLACK
  6
CONTINUOUS
100
AcDbLine
 10
1.7731692913385826
 20
1.8214891732283465
 30
0
 11
1.7731692913385826
 21
1.9492716929133858
 31
0
  0
LINE
  5
F46
330
1A
100
AcDbEntity
  8
BLACK
  6
CONTINUOUS
100
AcDbLine
 10
1.7731692913385826
 20
1.9492716929133858
 30
0
 11
1.7739567716535434
 21
1.951953622047244
 31
0
  0
LINE
  5
F47
330
1A
100
AcDbEntity
  8
BLACK
  6
CONTINUOUS
100
AcDbLine
 10
1.7739567716535434
 20
1.951953622047244
 30
0
 11
1.7760692125984252
 21
1.9537840551181103
 31
0
  0
LINE
  5
F48
330
1A
100
AcDbEntity
  8
BLACK
  6
CONTINUOUS
100
AcDbLine
 10
1.7760692125984252
 20
1.9537840551181103
 30
0
 11
1.7781299212598425
 21
1.9542323228346457
 31
0
  0
LINE
  5
F49
330
1A
100
AcDbEntity
  8
BLACK
  6
CONTINUOUS
100
AcDbLine
 10
1.7781299212598425
 20
1.9542323228346457
 30
0
 11
1.8312407874015748
 21
1.9542323228346457
 31
0
  0
LINE
  5
F4A
330
1A
100
AcDbEntity
  8
BLACK
  6
CONTINUOUS
100
AcDbLine
 10
1.8312407874015748
 20
1.9542323228346457
 30
0
 11
1.8312408661417323
 21
1.9542323228346457
 31
0
  0
LINE
  5
F4B
330
1A
100
AcDbEntity
  8
BLACK
  6
CONTINUOUS
100
AcDbLine
 10
1.8312408661417323
 20
1.9542323228346457
 30
0
 11
1.8349332283464566
 21
1.9548170866141732
 31
0
  0
LINE
  5
F4C
330
1A
100
AcDbEntity
  8
BLACK
  6
CONTINUOUS
100
AcDbLine
 10
1.8349332283464566
 20
1.9548170866141732
 30
0
 11
1.8393835433070866
 21
1.9570846456692912
 31
0
  0
LINE
  5
F4D
330
1A
100
AcDbEntity
  8
BLACK
  6
CONTINUOUS
100
AcDbLine
 10
1.8393835433070866
 20
1.9570846456692912
 30
0
 11
1.8429153543307086
 21
1.9606164566929134
 31
0
  0
LINE
  5
F4E
330
1A
100
AcDbEntity
  8
BLACK
  6
CONTINUOUS
100
AcDbLine
 10
1.8429153543307086
 20
1.9606164566929134
 30
0
 11
1.8451829133858266
 21
1.9650667716535433
 31
0
  0
LINE
  5
F4F
330
1A
100
AcDbEntity
  8
BLACK
  6
CONTINUOUS
100
AcDbLine
 10
1.8451829133858266
 20
1.9650667716535433
 30
0
 11
1.8457677165354329
 21
1.968759094488189
 31
0
  0
LINE
  5
F50
330
1A
100
AcDbEntity
  8
BLACK
  6
CONTINUOUS
100
AcDbLine
 10
1.8457677165354329
 20
1.968759094488189
 30
0
 11
1.8457676771653544
 21
2.031240866141732
 31
0
  0
LINE
  5
F51
330
1A
100
AcDbEntity
  8
BLACK
  6
CONTINUOUS
100
AcDbLine
 10
1.8457676771653544
 20
2.031240866141732
 30
0
 11
1.8451829133858266
 21
2.0349332283464565
 31
0
  0
LINE
  5
F52
330
1A
100
AcDbEntity
  8
BLACK
  6
CONTINUOUS
100
AcDbLine
 10
1.8451829133858266
 20
2.0349332283464565
 30
0
 11
1.8440491338582676
 21
2.0371583858267717
 31
0
  0
LINE
  5
F53
330
1A
100
AcDbEntity
  8
BLACK
  6
CONTINUOUS
100
AcDbLine
 10
1.8440491338582676
 20
2.0371583858267717
 30
0
 11
1.8429153543307086
 21
2.0393835826771651
 31
0
  0
LINE
  5
F54
330
1A
100
AcDbEntity
  8
BLACK
  6
CONTINUOUS
100
AcDbLine
 10
1.8429153543307086
 20
2.0393835826771651
 30
0
 11
1.8393835433070866
 21
2.0429153937007873
 31
0
  0
LINE
  5
F55
330
1A
100
AcDbEntity
  8
BLACK
  6
CONTINUOUS
100
AcDbLine
 10
1.8393835433070866
 20
2.0429153937007873
 30
0
 11
1.8349332283464566
 21
2.0451829133858266
 31
0
  0
LINE
  5
F56
330
1A
100
AcDbEntity
  8
BLACK
  6
CONTINUOUS
100
AcDbLine
 10
1.8349332283464566
 20
2.0451829133858266
 30
0
 11
1.8346278346456693
 21
2.0452821259842517
 31
0
  0
LINE
  5
F57
330
1A
100
AcDbEntity
  8
BLACK
  6
CONTINUOUS
100
AcDbLine
 10
1.8346278346456693
 20
2.0452821259842517
 30
0
 11
1.8323205118110235
 21
2.0468598031496064
 31
0
  0
LINE
  5
F58
330
1A
100
AcDbEntity
  8
BLACK
  6
CONTINUOUS
100
AcDbLine
 10
1.8323205118110235
 20
2.0468598031496064
 30
0
 11
1.8312324015748032
 21
2.0494344488188978
 31
0
  0
LINE
  5
F59
330
1A
100
AcDbEntity
  8
BLACK
  6
CONTINUOUS
100
AcDbLine
 10
1.8312324015748032
 20
2.0494344488188978
 30
0
 11
1.8317089763779528
 21
2.0521886614173228
 31
0
  0
LINE
  5
F5A
330
1A
100
AcDbEntity
  8
BLACK
  6
CONTINUOUS
100
AcDbLine
 10
1.8317089763779528
 20
2.0521886614173228
 30
0
 11
1.833598937007874
 21
2.0542479921259842
 31
0
  0
LINE
  5
F5B
330
1A
100
AcDbEntity
  8
BLACK
  6
CONTINUOUS
100
AcDbLine
 10
1.833598937007874
 20
2.0542479921259842
 30
0
 11
1.8346278346456693
 21
2.0547178740157479
 31
0
  0
LINE
  5
F5C
330
1A
100
AcDbEntity
  8
BLACK
  6
CONTINUOUS
100
AcDbLine
 10
1.8346278346456693
 20
2.0547178740157479
 30
0
 11
1.8349329527559055
 21
2.0548170866141731
 31
0
  0
LINE
  5
F5D
330
1A
100
AcDbEntity
  8
BLACK
  6
CONTINUOUS
100
AcDbLine
 10
1.8349329527559055
 20
2.0548170866141731
 30
0
 11
1.8349332283464566
 21
2.0548170866141731
 31
0
  0
LINE
  5
F5E
330
1A
100
AcDbEntity
  8
BLACK
  6
CONTINUOUS
100
AcDbLine
 10
1.8349332283464566
 20
2.0548170866141731
 30
0
 11
1.8393835433070866
 21
2.0570846456692915
 31
0
  0
LINE
  5
F5F
330
1A
100
AcDbEntity
  8
BLACK
  6
CONTINUOUS
100
AcDbLine
 10
1.8393835433070866
 20
2.0570846456692915
 30
0
 11
1.8429153543307086
 21
2.0606164566929133
 31
0
  0
LINE
  5
F60
330
1A
100
AcDbEntity
  8
BLACK
  6
CONTINUOUS
100
AcDbLine
 10
1.8429153543307086
 20
2.0606164566929133
 30
0
 11
1.8451829133858266
 21
2.0650667716535431
 31
0
  0
LINE
  5
F61
330
1A
100
AcDbEntity
  8
BLACK
  6
CONTINUOUS
100
AcDbLine
 10
1.8451829133858266
 20
2.0650667716535431
 30
0
 11
1.8457677165354329
 21
2.0687590944881888
 31
0
  0
LINE
  5
F62
330
1A
100
AcDbEntity
  8
BLACK
  6
CONTINUOUS
100
AcDbLine
 10
1.8457677165354329
 20
2.0687590944881888
 30
0
 11
1.8457676771653544
 21
2.1312407874015746
 31
0
  0
LINE
  5
F63
330
1A
100
AcDbEntity
  8
BLACK
  6
CONTINUOUS
100
AcDbLine
 10
1.8457676771653544
 20
2.1312407874015746
 30
0
 11
1.8457676771653544
 21
2.1312408661417321
 31
0
  0
LINE
  5
F64
330
1A
100
AcDbEntity
  8
BLACK
  6
CONTINUOUS
100
AcDbLine
 10
1.8457676771653544
 20
2.1312408661417321
 30
0
 11
1.8451829133858266
 21
2.1349332283464566
 31
0
  0
LINE
  5
F65
330
1A
100
AcDbEntity
  8
BLACK
  6
CONTINUOUS
100
AcDbLine
 10
1.8451829133858266
 20
2.1349332283464566
 30
0
 11
1.8440491338582676
 21
2.1371583858267718
 31
0
  0
LINE
  5
F66
330
1A
100
AcDbEntity
  8
BLACK
  6
CONTINUOUS
100
AcDbLine
 10
1.8440491338582676
 20
2.1371583858267718
 30
0
 11
1.8429153543307086
 21
2.1393835826771652
 31
0
  0
LINE
  5
F67
330
1A
100
AcDbEntity
  8
BLACK
  6
CONTINUOUS
100
AcDbLine
 10
1.8429153543307086
 20
2.1393835826771652
 30
0
 11
1.8393835433070866
 21
2.1429153937007874
 31
0
  0
LINE
  5
F68
330
1A
100
AcDbEntity
  8
BLACK
  6
CONTINUOUS
100
AcDbLine
 10
1.8393835433070866
 20
2.1429153937007874
 30
0
 11
1.836397716535433
 21
2.1444367322834643
 31
0
  0
LINE
  5
F69
330
1A
100
AcDbEntity
  8
BLACK
  6
CONTINUOUS
100
AcDbLine
 10
1.836397716535433
 20
2.1444367322834643
 30
0
 11
1.8349332283464566
 21
2.1451829133858267
 31
0
  0
LINE
  5
F6A
330
1A
100
AcDbEntity
  8
BLACK
  6
CONTINUOUS
100
AcDbLine
 10
1.8349332283464566
 20
2.1451829133858267
 30
0
 11
1.8312409055118111
 21
2.145767716535433
 31
0
  0
LINE
  5
F6B
330
1A
100
AcDbEntity
  8
BLACK
  6
CONTINUOUS
100
AcDbLine
 10
1.8312409055118111
 20
2.145767716535433
 30
0
 11
1.8312407480314961
 21
2.145767716535433
 31
0
  0
LINE
  5
F6C
330
1A
100
AcDbEntity
  8
BLACK
  6
CONTINUOUS
100
AcDbLine
 10
1.8312407480314961
 20
2.145767716535433
 30
0
 11
1.7687591732283465
 21
2.145767716535433
 31
0
  0
LINE
  5
F6D
330
1A
100
AcDbEntity
  8
BLACK
  6
CONTINUOUS
100
AcDbLine
 10
1.7687591732283465
 20
2.145767716535433
 30
0
 11
1.7650668110236221
 21
2.1451829527559054
 31
0
  0
LINE
  5
F6E
330
1A
100
AcDbEntity
  8
BLACK
  6
CONTINUOUS
100
AcDbLine
 10
1.7650668110236221
 20
2.1451829527559054
 30
0
 11
1.7606164173228347
 21
2.1429153937007874
 31
0
  0
LINE
  5
F6F
330
1A
100
AcDbEntity
  8
BLACK
  6
CONTINUOUS
100
AcDbLine
 10
1.7606164173228347
 20
2.1429153937007874
 30
0
 11
1.7570846062992125
 21
2.1393835826771652
 31
0
  0
LINE
  5
F70
330
1A
100
AcDbEntity
  8
BLACK
  6
CONTINUOUS
100
AcDbLine
 10
1.7570846062992125
 20
2.1393835826771652
 30
0
 11
1.7548170078740157
 21
2.1349331496062991
 31
0
  0
LINE
  5
F71
330
1A
100
AcDbEntity
  8
BLACK
  6
CONTINUOUS
100
AcDbLine
 10
1.7548170078740157
 20
2.1349331496062991
 30
0
 11
1.7547178346456693
 21
2.1346277952755903
 31
0
  0
LINE
  5
F72
330
1A
100
AcDbEntity
  8
BLACK
  6
CONTINUOUS
100
AcDbLine
 10
1.7547178346456693
 20
2.1346277952755903
 30
0
 11
1.7531401574803149
 21
2.132320472440945
 31
0
  0
LINE
  5
F73
330
1A
100
AcDbEntity
  8
BLACK
  6
CONTINUOUS
100
AcDbLine
 10
1.7531401574803149
 20
2.132320472440945
 30
0
 11
1.7505654724409447
 21
2.131232401574803
 31
0
  0
LINE
  5
F74
330
1A
100
AcDbEntity
  8
BLACK
  6
CONTINUOUS
100
AcDbLine
 10
1.7505654724409447
 20
2.131232401574803
 30
0
 11
1.7478112598425197
 21
2.1317090551181104
 31
0
  0
LINE
  5
F75
330
1A
100
AcDbEntity
  8
BLACK
  6
CONTINUOUS
100
AcDbLine
 10
1.7478112598425197
 20
2.1317090551181104
 30
0
 11
1.7457519685039369
 21
2.1335990551181103
 31
0
  0
LINE
  5
F76
330
1A
100
AcDbEntity
  8
BLACK
  6
CONTINUOUS
100
AcDbLine
 10
1.7457519685039369
 20
2.1335990551181103
 30
0
 11
1.7452821653543307
 21
2.1346277952755903
 31
0
  0
LINE
  5
F77
330
1A
100
AcDbEntity
  8
BLACK
  6
CONTINUOUS
100
AcDbLine
 10
1.7452821653543307
 20
2.1346277952755903
 30
0
 11
1.7451829527559055
 21
2.1349331496062991
 31
0
  0
LINE
  5
F78
330
1A
100
AcDbEntity
  8
BLACK
  6
CONTINUOUS
100
AcDbLine
 10
1.7451829527559055
 20
2.1349331496062991
 30
0
 11
1.7429153543307085
 21
2.1393835826771652
 31
0
  0
LINE
  5
F79
330
1A
100
AcDbEntity
  8
BLACK
  6
CONTINUOUS
100
AcDbLine
 10
1.7429153543307085
 20
2.1393835826771652
 30
0
 11
1.7393835433070866
 21
2.1429153937007874
 31
0
  0
LINE
  5
F7A
330
1A
100
AcDbEntity
  8
BLACK
  6
CONTINUOUS
100
AcDbLine
 10
1.7393835433070866
 20
2.1429153937007874
 30
0
 11
1.736397716535433
 21
2.1444367322834643
 31
0
  0
LINE
  5
F7B
330
1A
100
AcDbEntity
  8
BLACK
  6
CONTINUOUS
100
AcDbLine
 10
1.736397716535433
 20
2.1444367322834643
 30
0
 11
1.7349332283464567
 21
2.1451829133858267
 31
0
  0
LINE
  5
F7C
330
1A
100
AcDbEntity
  8
BLACK
  6
CONTINUOUS
100
AcDbLine
 10
1.7349332283464567
 20
2.1451829133858267
 30
0
 11
1.731240905511811
 21
2.145767716535433
 31
0
  0
LINE
  5
F7D
330
1A
100
AcDbEntity
  8
BLACK
  6
CONTINUOUS
100
AcDbLine
 10
1.731240905511811
 20
2.145767716535433
 30
0
 11
1.731240748031496
 21
2.145767716535433
 31
0
  0
LINE
  5
F7E
330
1A
100
AcDbEntity
  8
BLACK
  6
CONTINUOUS
100
AcDbLine
 10
1.731240748031496
 20
2.145767716535433
 30
0
 11
1.6687591732283464
 21
2.145767716535433
 31
0
  0
LINE
  5
F7F
330
1A
100
AcDbEntity
  8
BLACK
  6
CONTINUOUS
100
AcDbLine
 10
1.6687591732283464
 20
2.145767716535433
 30
0
 11
1.665066811023622
 21
2.1451829527559054
 31
0
  0
LINE
  5
F80
330
1A
100
AcDbEntity
  8
BLACK
  6
CONTINUOUS
100
AcDbLine
 10
1.665066811023622
 20
2.1451829527559054
 30
0
 11
1.6606164173228346
 21
2.1429153937007874
 31
0
  0
LINE
  5
F81
330
1A
100
AcDbEntity
  8
BLACK
  6
CONTINUOUS
100
AcDbLine
 10
1.6606164173228346
 20
2.1429153937007874
 30
0
 11
1.6570846062992126
 21
2.1393835826771652
 31
0
  0
LINE
  5
F82
330
1A
100
AcDbEntity
  8
BLACK
  6
CONTINUOUS
100
AcDbLine
 10
1.6570846062992126
 20
2.1393835826771652
 30
0
 11
1.6548170078740156
 21
2.1349331496062991
 31
0
  0
LINE
  5
F83
330
1A
100
AcDbEntity
  8
BLACK
  6
CONTINUOUS
100
AcDbLine
 10
1.6548170078740156
 20
2.1349331496062991
 30
0
 11
1.6547178346456692
 21
2.1346277952755903
 31
0
  0
LINE
  5
F84
330
1A
100
AcDbEntity
  8
BLACK
  6
CONTINUOUS
100
AcDbLine
 10
1.6547178346456692
 20
2.1346277952755903
 30
0
 11
1.6531401574803148
 21
2.132320472440945
 31
0
  0
LINE
  5
F85
330
1A
100
AcDbEntity
  8
BLACK
  6
CONTINUOUS
100
AcDbLine
 10
1.6531401574803148
 20
2.132320472440945
 30
0
 11
1.6505654724409449
 21
2.131232401574803
 31
0
  0
LINE
  5
F86
330
1A
100
AcDbEntity
  8
BLACK
  6
CONTINUOUS
100
AcDbLine
 10
1.6505654724409449
 20
2.131232401574803
 30
0
 11
1.6478112598425196
 21
2.1317090551181104
 31
0
  0
LINE
  5
F87
330
1A
100
AcDbEntity
  8
BLACK
  6
CONTINUOUS
100
AcDbLine
 10
1.6478112598425196
 20
2.1317090551181104
 30
0
 11
1.645751968503937
 21
2.1335990551181103
 31
0
  0
LINE
  5
F88
330
1A
100
AcDbEntity
  8
BLACK
  6
CONTINUOUS
100
AcDbLine
 10
1.645751968503937
 20
2.1335990551181103
 30
0
 11
1.6452821653543306
 21
2.1346277952755903
 31
0
  0
LINE
  5
F89
330
1A
100
AcDbEntity
  8
BLACK
  6
CONTINUOUS
100
AcDbLine
 10
1.6452821653543306
 20
2.1346277952755903
 30
0
 11
1.6451829527559054
 21
2.1349331496062991
 31
0
  0
LINE
  5
F8A
330
1A
100
AcDbEntity
  8
BLACK
  6
CONTINUOUS
100
AcDbLine
 10
1.6451829527559054
 20
2.1349331496062991
 30
0
 11
1.6429153543307087
 21
2.1393835826771652
 31
0
  0
LINE
  5
F8B
330
1A
100
AcDbEntity
  8
BLACK
  6
CONTINUOUS
100
AcDbLine
 10
1.6429153543307087
 20
2.1393835826771652
 30
0
 11
1.6393835433070865
 21
2.1429153937007874
 31
0
  0
LINE
  5
F8C
330
1A
100
AcDbEntity
  8
BLACK
  6
CONTINUOUS
100
AcDbLine
 10
1.6393835433070865
 20
2.1429153937007874
 30
0
 11
1.6363977165354331
 21
2.1444367322834643
 31
0
  0
LINE
  5
F8D
330
1A
100
AcDbEntity
  8
BLACK
  6
CONTINUOUS
100
AcDbLine
 10
1.6363977165354331
 20
2.1444367322834643
 30
0
 11
1.6349332283464566
 21
2.1451829133858267
 31
0
  0
LINE
  5
F8E
330
1A
100
AcDbEntity
  8
BLACK
  6
CONTINUOUS
100
AcDbLine
 10
1.6349332283464566
 20
2.1451829133858267
 30
0
 11
1.6312409055118109
 21
2.145767716535433
 31
0
  0
LINE
  5
F8F
330
1A
100
AcDbEntity
  8
BLACK
  6
CONTINUOUS
100
AcDbLine
 10
1.6312409055118109
 20
2.145767716535433
 30
0
 11
1.6312407480314961
 21
2.145767716535433
 31
0
  0
LINE
  5
F90
330
1A
100
AcDbEntity
  8
BLACK
  6
CONTINUOUS
100
AcDbLine
 10
1.6312407480314961
 20
2.145767716535433
 30
0
 11
1.5687591732283463
 21
2.145767716535433
 31
0
  0
LINE
  5
F91
330
1A
100
AcDbEntity
  8
BLACK
  6
CONTINUOUS
100
AcDbLine
 10
1.5687591732283463
 20
2.145767716535433
 30
0
 11
1.5650668110236221
 21
2.1451829527559054
 31
0
  0
LINE
  5
F92
330
1A
100
AcDbEntity
  8
BLACK
  6
CONTINUOUS
100
AcDbLine
 10
1.5650668110236221
 20
2.1451829527559054
 30
0
 11
1.5606164173228345
 21
2.1429153937007874
 31
0
  0
LINE
  5
F93
330
1A
100
AcDbEntity
  8
BLACK
  6
CONTINUOUS
100
AcDbLine
 10
1.5606164173228345
 20
2.1429153937007874
 30
0
 11
1.5570846062992125
 21
2.1393835826771652
 31
0
  0
LINE
  5
F94
330
1A
100
AcDbEntity
  8
BLACK
  6
CONTINUOUS
100
AcDbLine
 10
1.5570846062992125
 20
2.1393835826771652
 30
0
 11
1.5548170078740158
 21
2.1349331496062991
 31
0
  0
LINE
  5
F95
330
1A
100
AcDbEntity
  8
BLACK
  6
CONTINUOUS
100
AcDbLine
 10
1.5548170078740158
 20
2.1349331496062991
 30
0
 11
1.5547178346456692
 21
2.1346277952755903
 31
0
  0
LINE
  5
F96
330
1A
100
AcDbEntity
  8
BLACK
  6
CONTINUOUS
100
AcDbLine
 10
1.5547178346456692
 20
2.1346277952755903
 30
0
 11
1.553140157480315
 21
2.132320472440945
 31
0
  0
LINE
  5
F97
330
1A
100
AcDbEntity
  8
BLACK
  6
CONTINUOUS
100
AcDbLine
 10
1.553140157480315
 20
2.132320472440945
 30
0
 11
1.5505654724409448
 21
2.131232401574803
 31
0
  0
LINE
  5
F98
330
1A
100
AcDbEntity
  8
BLACK
  6
CONTINUOUS
100
AcDbLine
 10
1.5505654724409448
 20
2.131232401574803
 30
0
 11
1.5478112598425195
 21
2.1317090551181104
 31
0
  0
LINE
  5
F99
330
1A
100
AcDbEntity
  8
BLACK
  6
CONTINUOUS
100
AcDbLine
 10
1.5478112598425195
 20
2.1317090551181104
 30
0
 11
1.5457519685039369
 21
2.1335990551181103
 31
0
  0
LINE
  5
F9A
330
1A
100
AcDbEntity
  8
BLACK
  6
CONTINUOUS
100
AcDbLine
 10
1.5457519685039369
 20
2.1335990551181103
 30
0
 11
1.5452821653543307
 21
2.1346277952755903
 31
0
  0
LINE
  5
F9B
330
1A
100
AcDbEntity
  8
BLACK
  6
CONTINUOUS
100
AcDbLine
 10
1.5452821653543307
 20
2.1346277952755903
 30
0
 11
1.5451829527559056
 21
2.1349331496062991
 31
0
  0
LINE
  5
F9C
330
1A
100
AcDbEntity
  8
BLACK
  6
CONTINUOUS
100
AcDbLine
 10
1.5451829527559056
 20
2.1349331496062991
 30
0
 11
1.5429153543307086
 21
2.1393835826771652
 31
0
  0
LINE
  5
F9D
330
1A
100
AcDbEntity
  8
BLACK
  6
CONTINUOUS
100
AcDbLine
 10
1.5429153543307086
 20
2.1393835826771652
 30
0
 11
1.5393835433070866
 21
2.1429153937007874
 31
0
  0
LINE
  5
F9E
330
1A
100
AcDbEntity
  8
BLACK
  6
CONTINUOUS
100
AcDbLine
 10
1.5393835433070866
 20
2.1429153937007874
 30
0
 11
1.536397716535433
 21
2.1444367322834643
 31
0
  0
LINE
  5
F9F
330
1A
100
AcDbEntity
  8
BLACK
  6
CONTINUOUS
100
AcDbLine
 10
1.536397716535433
 20
2.1444367322834643
 30
0
 11
1.5349332283464567
 21
2.1451829133858267
 31
0
  0
LINE
  5
FA0
330
1A
100
AcDbEntity
  8
BLACK
  6
CONTINUOUS
100
AcDbLine
 10
1.5349332283464567
 20
2.1451829133858267
 30
0
 11
1.531240905511811
 21
2.145767716535433
 31
0
  0
LINE
  5
FA1
330
1A
100
AcDbEntity
  8
BLACK
  6
CONTINUOUS
100
AcDbLine
 10
1.531240905511811
 20
2.145767716535433
 30
0
 11
1.531240748031496
 21
2.145767716535433
 31
0
  0
LINE
  5
FA2
330
1A
100
AcDbEntity
  8
BLACK
  6
CONTINUOUS
100
AcDbLine
 10
1.531240748031496
 20
2.145767716535433
 30
0
 11
1.4687591732283465
 21
2.145767716535433
 31
0
  0
LINE
  5
FA3
330
1A
100
AcDbEntity
  8
BLACK
  6
CONTINUOUS
100
AcDbLine
 10
1.4687591732283465
 20
2.145767716535433
 30
0
 11
1.465066811023622
 21
2.1451829527559054
 31
0
  0
LINE
  5
FA4
330
1A
100
AcDbEntity
  8
BLACK
  6
CONTINUOUS
100
AcDbLine
 10
1.465066811023622
 20
2.1451829527559054
 30
0
 11
1.4606164173228346
 21
2.1429153937007874
 31
0
  0
LINE
  5
FA5
330
1A
100
AcDbEntity
  8
BLACK
  6
CONTINUOUS
100
AcDbLine
 10
1.4606164173228346
 20
2.1429153937007874
 30
0
 11
1.4570846062992127
 21
2.1393835826771652
 31
0
  0
LINE
  5
FA6
330
1A
100
AcDbEntity
  8
BLACK
  6
CONTINUOUS
100
AcDbLine
 10
1.4570846062992127
 20
2.1393835826771652
 30
0
 11
1.4548170078740157
 21
2.1349331496062991
 31
0
  0
LINE
  5
FA7
330
1A
100
AcDbEntity
  8
BLACK
  6
CONTINUOUS
100
AcDbLine
 10
1.4548170078740157
 20
2.1349331496062991
 30
0
 11
1.4547178346456693
 21
2.1346277952755903
 31
0
  0
LINE
  5
FA8
330
1A
100
AcDbEntity
  8
BLACK
  6
CONTINUOUS
100
AcDbLine
 10
1.4547178346456693
 20
2.1346277952755903
 30
0
 11
1.4531401574803149
 21
2.132320472440945
 31
0
  0
LINE
  5
FA9
330
1A
100
AcDbEntity
  8
BLACK
  6
CONTINUOUS
100
AcDbLine
 10
1.4531401574803149
 20
2.132320472440945
 30
0
 11
1.4505654724409449
 21
2.131232401574803
 31
0
  0
LINE
  5
FAA
330
1A
100
AcDbEntity
  8
BLACK
  6
CONTINUOUS
100
AcDbLine
 10
1.4505654724409449
 20
2.131232401574803
 30
0
 11
1.4478112598425197
 21
2.1317090551181104
 31
0
  0
LINE
  5
FAB
330
1A
100
AcDbEntity
  8
BLACK
  6
CONTINUOUS
100
AcDbLine
 10
1.4478112598425197
 20
2.1317090551181104
 30
0
 11
1.4457519685039371
 21
2.1335990551181103
 31
0
  0
LINE
  5
FAC
330
1A
100
AcDbEntity
  8
BLACK
  6
CONTINUOUS
100
AcDbLine
 10
1.4457519685039371
 20
2.1335990551181103
 30
0
 11
1.4452821653543306
 21
2.1346277952755903
 31
0
  0
LINE
  5
FAD
330
1A
100
AcDbEntity
  8
BLACK
  6
CONTINUOUS
100
AcDbLine
 10
1.4452821653543306
 20
2.1346277952755903
 30
0
 11
1.4451829527559055
 21
2.1349331496062991
 31
0
  0
LINE
  5
FAE
330
1A
100
AcDbEntity
  8
BLACK
  6
CONTINUOUS
100
AcDbLine
 10
1.4451829527559055
 20
2.1349331496062991
 30
0
 11
1.4429153543307087
 21
2.1393835826771652
 31
0
  0
LINE
  5
FAF
330
1A
100
AcDbEntity
  8
BLACK
  6
CONTINUOUS
100
AcDbLine
 10
1.4429153543307087
 20
2.1393835826771652
 30
0
 11
1.4393835433070865
 21
2.1429153937007874
 31
0
  0
LINE
  5
FB0
330
1A
100
AcDbEntity
  8
BLACK
  6
CONTINUOUS
100
AcDbLine
 10
1.4393835433070865
 20
2.1429153937007874
 30
0
 11
1.4363977165354331
 21
2.1444367322834643
 31
0
  0
LINE
  5
FB1
330
1A
100
AcDbEntity
  8
BLACK
  6
CONTINUOUS
100
AcDbLine
 10
1.4363977165354331
 20
2.1444367322834643
 30
0
 11
1.4349332283464566
 21
2.1451829133858267
 31
0
  0
LINE
  5
FB2
330
1A
100
AcDbEntity
  8
BLACK
  6
CONTINUOUS
100
AcDbLine
 10
1.4349332283464566
 20
2.1451829133858267
 30
0
 11
1.4312409055118109
 21
2.145767716535433
 31
0
  0
LINE
  5
FB3
330
1A
100
AcDbEntity
  8
BLACK
  6
CONTINUOUS
100
AcDbLine
 10
1.4312409055118109
 20
2.145767716535433
 30
0
 11
1.4312407480314959
 21
2.145767716535433
 31
0
  0
LINE
  5
FB4
330
1A
100
AcDbEntity
  8
BLACK
  6
CONTINUOUS
100
AcDbLine
 10
1.4312407480314959
 20
2.145767716535433
 30
0
 11
1.3687591732283464
 21
2.145767716535433
 31
0
  0
LINE
  5
FB5
330
1A
100
AcDbEntity
  8
BLACK
  6
CONTINUOUS
100
AcDbLine
 10
1.3687591732283464
 20
2.145767716535433
 30
0
 11
1.3650668110236219
 21
2.1451829527559054
 31
0
  0
LINE
  5
FB6
330
1A
100
AcDbEntity
  8
BLACK
  6
CONTINUOUS
100
AcDbLine
 10
1.3650668110236219
 20
2.1451829527559054
 30
0
 11
1.3606164173228346
 21
2.1429153937007874
 31
0
  0
LINE
  5
FB7
330
1A
100
AcDbEntity
  8
BLACK
  6
CONTINUOUS
100
AcDbLine
 10
1.3606164173228346
 20
2.1429153937007874
 30
0
 11
1.3570846062992126
 21
2.1393835826771652
 31
0
  0
LINE
  5
FB8
330
1A
100
AcDbEntity
  8
BLACK
  6
CONTINUOUS
100
AcDbLine
 10
1.3570846062992126
 20
2.1393835826771652
 30
0
 11
1.3548170078740158
 21
2.1349331496062991
 31
0
  0
LINE
  5
FB9
330
1A
100
AcDbEntity
  8
BLACK
  6
CONTINUOUS
100
AcDbLine
 10
1.3548170078740158
 20
2.1349331496062991
 30
0
 11
1.3547178346456692
 21
2.1346277952755903
 31
0
  0
LINE
  5
FBA
330
1A
100
AcDbEntity
  8
BLACK
  6
CONTINUOUS
100
AcDbLine
 10
1.3547178346456692
 20
2.1346277952755903
 30
0
 11
1.353140157480315
 21
2.132320472440945
 31
0
  0
LINE
  5
FBB
330
1A
100
AcDbEntity
  8
BLACK
  6
CONTINUOUS
100
AcDbLine
 10
1.353140157480315
 20
2.132320472440945
 30
0
 11
1.3505654724409448
 21
2.131232401574803
 31
0
  0
LINE
  5
FBC
330
1A
100
AcDbEntity
  8
BLACK
  6
CONTINUOUS
100
AcDbLine
 10
1.3505654724409448
 20
2.131232401574803
 30
0
 11
1.3478112598425196
 21
2.1317090551181104
 31
0
  0
LINE
  5
FBD
330
1A
100
AcDbEntity
  8
BLACK
  6
CONTINUOUS
100
AcDbLine
 10
1.3478112598425196
 20
2.1317090551181104
 30
0
 11
1.345751968503937
 21
2.1335990551181103
 31
0
  0
LINE
  5
FBE
330
1A
100
AcDbEntity
  8
BLACK
  6
CONTINUOUS
100
AcDbLine
 10
1.345751968503937
 20
2.1335990551181103
 30
0
 11
1.3452821653543308
 21
2.1346277952755903
 31
0
  0
LINE
  5
FBF
330
1A
100
AcDbEntity
  8
BLACK
  6
CONTINUOUS
100
AcDbLine
 10
1.3452821653543308
 20
2.1346277952755903
 30
0
 11
1.3451829527559054
 21
2.1349331496062991
 31
0
  0
LINE
  5
FC0
330
1A
100
AcDbEntity
  8
BLACK
  6
CONTINUOUS
100
AcDbLine
 10
1.3451829527559054
 20
2.1349331496062991
 30
0
 11
1.3429153543307086
 21
2.1393835826771652
 31
0
  0
LINE
  5
FC1
330
1A
100
AcDbEntity
  8
BLACK
  6
CONTINUOUS
100
AcDbLine
 10
1.3429153543307086
 20
2.1393835826771652
 30
0
 11
1.3393835433070866
 21
2.1429153937007874
 31
0
  0
LINE
  5
FC2
330
1A
100
AcDbEntity
  8
BLACK
  6
CONTINUOUS
100
AcDbLine
 10
1.3393835433070866
 20
2.1429153937007874
 30
0
 11
1.336397716535433
 21
2.1444367322834643
 31
0
  0
LINE
  5
FC3
330
1A
100
AcDbEntity
  8
BLACK
  6
CONTINUOUS
100
AcDbLine
 10
1.336397716535433
 20
2.1444367322834643
 30
0
 11
1.3349332283464566
 21
2.1451829133858267
 31
0
  0
LINE
  5
FC4
330
1A
100
AcDbEntity
  8
BLACK
  6
CONTINUOUS
100
AcDbLine
 10
1.3349332283464566
 20
2.1451829133858267
 30
0
 11
1.3312409055118111
 21
2.145767716535433
 31
0
  0
LINE
  5
FC5
330
1A
100
AcDbEntity
  8
BLACK
  6
CONTINUOUS
100
AcDbLine
 10
1.3312409055118111
 20
2.145767716535433
 30
0
 11
1.3312407480314961
 21
2.145767716535433
 31
0
  0
LINE
  5
FC6
330
1A
100
AcDbEntity
  8
BLACK
  6
CONTINUOUS
100
AcDbLine
 10
1.3312407480314961
 20
2.145767716535433
 30
0
 11
1.2687591732283465
 21
2.145767716535433
 31
0
  0
LINE
  5
FC7
330
1A
100
AcDbEntity
  8
BLACK
  6
CONTINUOUS
100
AcDbLine
 10
1.2687591732283465
 20
2.145767716535433
 30
0
 11
1.2650668110236221
 21
2.1451829527559054
 31
0
  0
LINE
  5
FC8
330
1A
100
AcDbEntity
  8
BLACK
  6
CONTINUOUS
100
AcDbLine
 10
1.2650668110236221
 20
2.1451829527559054
 30
0
 11
1.2606164173228347
 21
2.1429153937007874
 31
0
  0
LINE
  5
FC9
330
1A
100
AcDbEntity
  8
BLACK
  6
CONTINUOUS
100
AcDbLine
 10
1.2606164173228347
 20
2.1429153937007874
 30
0
 11
1.2570846062992125
 21
2.1393835826771652
 31
0
  0
LINE
  5
FCA
330
1A
100
AcDbEntity
  8
BLACK
  6
CONTINUOUS
100
AcDbLine
 10
1.2570846062992125
 20
2.1393835826771652
 30
0
 11
1.2548170078740157
 21
2.1349331496062991
 31
0
  0
LINE
  5
FCB
330
1A
100
AcDbEntity
  8
BLACK
  6
CONTINUOUS
100
AcDbLine
 10
1.2548170078740157
 20
2.1349331496062991
 30
0
 11
1.2547178346456693
 21
2.1346277952755903
 31
0
  0
LINE
  5
FCC
330
1A
100
AcDbEntity
  8
BLACK
  6
CONTINUOUS
100
AcDbLine
 10
1.2547178346456693
 20
2.1346277952755903
 30
0
 11
1.2531401574803149
 21
2.132320472440945
 31
0
  0
LINE
  5
FCD
330
1A
100
AcDbEntity
  8
BLACK
  6
CONTINUOUS
100
AcDbLine
 10
1.2531401574803149
 20
2.132320472440945
 30
0
 11
1.250565472440945
 21
2.131232401574803
 31
0
  0
LINE
  5
FCE
330
1A
100
AcDbEntity
  8
BLACK
  6
CONTINUOUS
100
AcDbLine
 10
1.250565472440945
 20
2.131232401574803
 30
0
 11
1.2478112598425197
 21
2.1317090551181104
 31
0
  0
LINE
  5
FCF
330
1A
100
AcDbEntity
  8
BLACK
  6
CONTINUOUS
100
AcDbLine
 10
1.2478112598425197
 20
2.1317090551181104
 30
0
 11
1.2457519685039369
 21
2.1335990551181103
 31
0
  0
LINE
  5
FD0
330
1A
100
AcDbEntity
  8
BLACK
  6
CONTINUOUS
100
AcDbLine
 10
1.2457519685039369
 20
2.1335990551181103
 30
0
 11
1.2452821653543307
 21
2.1346277952755903
 31
0
  0
LINE
  5
FD1
330
1A
100
AcDbEntity
  8
BLACK
  6
CONTINUOUS
100
AcDbLine
 10
1.2452821653543307
 20
2.1346277952755903
 30
0
 11
1.2451829527559055
 21
2.1349331496062991
 31
0
  0
LINE
  5
FD2
330
1A
100
AcDbEntity
  8
BLACK
  6
CONTINUOUS
100
AcDbLine
 10
1.2451829527559055
 20
2.1349331496062991
 30
0
 11
1.2429153543307085
 21
2.1393835826771652
 31
0
  0
LINE
  5
FD3
330
1A
100
AcDbEntity
  8
BLACK
  6
CONTINUOUS
100
AcDbLine
 10
1.2429153543307085
 20
2.1393835826771652
 30
0
 11
1.2393835433070866
 21
2.1429153937007874
 31
0
  0
LINE
  5
FD4
330
1A
100
AcDbEntity
  8
BLACK
  6
CONTINUOUS
100
AcDbLine
 10
1.2393835433070866
 20
2.1429153937007874
 30
0
 11
1.236397716535433
 21
2.1444367322834643
 31
0
  0
LINE
  5
FD5
330
1A
100
AcDbEntity
  8
BLACK
  6
CONTINUOUS
100
AcDbLine
 10
1.236397716535433
 20
2.1444367322834643
 30
0
 11
1.2349332283464567
 21
2.1451829133858267
 31
0
  0
LINE
  5
FD6
330
1A
100
AcDbEntity
  8
BLACK
  6
CONTINUOUS
100
AcDbLine
 10
1.2349332283464567
 20
2.1451829133858267
 30
0
 11
1.231240905511811
 21
2.145767716535433
 31
0
  0
LINE
  5
FD7
330
1A
100
AcDbEntity
  8
BLACK
  6
CONTINUOUS
100
AcDbLine
 10
1.231240905511811
 20
2.145767716535433
 30
0
 11
1.231240748031496
 21
2.145767716535433
 31
0
  0
LINE
  5
FD8
330
1A
100
AcDbEntity
  8
BLACK
  6
CONTINUOUS
100
AcDbLine
 10
1.231240748031496
 20
2.145767716535433
 30
0
 11
1.1687591732283464
 21
2.145767716535433
 31
0
  0
LINE
  5
FD9
330
1A
100
AcDbEntity
  8
BLACK
  6
CONTINUOUS
100
AcDbLine
 10
1.1687591732283464
 20
2.145767716535433
 30
0
 11
1.165066811023622
 21
2.1451829527559054
 31
0
  0
LINE
  5
FDA
330
1A
100
AcDbEntity
  8
BLACK
  6
CONTINUOUS
100
AcDbLine
 10
1.165066811023622
 20
2.1451829527559054
 30
0
 11
1.1606164173228346
 21
2.1429153937007874
 31
0
  0
LINE
  5
FDB
330
1A
100
AcDbEntity
  8
BLACK
  6
CONTINUOUS
100
AcDbLine
 10
1.1606164173228346
 20
2.1429153937007874
 30
0
 11
1.1570846062992126
 21
2.1393835826771652
 31
0
  0
LINE
  5
FDC
330
1A
100
AcDbEntity
  8
BLACK
  6
CONTINUOUS
100
AcDbLine
 10
1.1570846062992126
 20
2.1393835826771652
 30
0
 11
1.1548170078740156
 21
2.1349331496062991
 31
0
  0
LINE
  5
FDD
330
1A
100
AcDbEntity
  8
BLACK
  6
CONTINUOUS
100
AcDbLine
 10
1.1548170078740156
 20
2.1349331496062991
 30
0
 11
1.1547178346456692
 21
2.1346277952755903
 31
0
  0
LINE
  5
FDE
330
1A
100
AcDbEntity
  8
BLACK
  6
CONTINUOUS
100
AcDbLine
 10
1.1547178346456692
 20
2.1346277952755903
 30
0
 11
1.1531401574803148
 21
2.132320472440945
 31
0
  0
LINE
  5
FDF
330
1A
100
AcDbEntity
  8
BLACK
  6
CONTINUOUS
100
AcDbLine
 10
1.1531401574803148
 20
2.132320472440945
 30
0
 11
1.1505654724409449
 21
2.131232401574803
 31
0
  0
LINE
  5
FE0
330
1A
100
AcDbEntity
  8
BLACK
  6
CONTINUOUS
100
AcDbLine
 10
1.1505654724409449
 20
2.131232401574803
 30
0
 11
1.1478112598425196
 21
2.1317090551181104
 31
0
  0
LINE
  5
FE1
330
1A
100
AcDbEntity
  8
BLACK
  6
CONTINUOUS
100
AcDbLine
 10
1.1478112598425196
 20
2.1317090551181104
 30
0
 11
1.145751968503937
 21
2.1335990551181103
 31
0
  0
LINE
  5
FE2
330
1A
100
AcDbEntity
  8
BLACK
  6
CONTINUOUS
100
AcDbLine
 10
1.145751968503937
 20
2.1335990551181103
 30
0
 11
1.1452821653543306
 21
2.1346277952755903
 31
0
  0
LINE
  5
FE3
330
1A
100
AcDbEntity
  8
BLACK
  6
CONTINUOUS
100
AcDbLine
 10
1.1452821653543306
 20
2.1346277952755903
 30
0
 11
1.1451829527559054
 21
2.1349331496062991
 31
0
  0
LINE
  5
FE4
330
1A
100
AcDbEntity
  8
BLACK
  6
CONTINUOUS
100
AcDbLine
 10
1.1451829527559054
 20
2.1349331496062991
 30
0
 11
1.1429153543307087
 21
2.1393835826771652
 31
0
  0
LINE
  5
FE5
330
1A
100
AcDbEntity
  8
BLACK
  6
CONTINUOUS
100
AcDbLine
 10
1.1429153543307087
 20
2.1393835826771652
 30
0
 11
1.1393835433070867
 21
2.1429153937007874
 31
0
  0
LINE
  5
FE6
330
1A
100
AcDbEntity
  8
BLACK
  6
CONTINUOUS
100
AcDbLine
 10
1.1393835433070867
 20
2.1429153937007874
 30
0
 11
1.1363977165354331
 21
2.1444367322834643
 31
0
  0
LINE
  5
FE7
330
1A
100
AcDbEntity
  8
BLACK
  6
CONTINUOUS
100
AcDbLine
 10
1.1363977165354331
 20
2.1444367322834643
 30
0
 11
1.1349332283464566
 21
2.1451829133858267
 31
0
  0
LINE
  5
FE8
330
1A
100
AcDbEntity
  8
BLACK
  6
CONTINUOUS
100
AcDbLine
 10
1.1349332283464566
 20
2.1451829133858267
 30
0
 11
1.1312409055118109
 21
2.145767716535433
 31
0
  0
LINE
  5
FE9
330
1A
100
AcDbEntity
  8
BLACK
  6
CONTINUOUS
100
AcDbLine
 10
1.1312409055118109
 20
2.145767716535433
 30
0
 11
1.1312407480314961
 21
2.145767716535433
 31
0
  0
LINE
  5
FEA
330
1A
100
AcDbEntity
  8
BLACK
  6
CONTINUOUS
100
AcDbLine
 10
1.1312407480314961
 20
2.145767716535433
 30
0
 11
1.0687591732283463
 21
2.145767716535433
 31
0
  0
LINE
  5
FEB
330
1A
100
AcDbEntity
  8
BLACK
  6
CONTINUOUS
100
AcDbLine
 10
1.0687591732283463
 20
2.145767716535433
 30
0
 11
1.0650668110236221
 21
2.1451829527559054
 31
0
  0
LINE
  5
FEC
330
1A
100
AcDbEntity
  8
BLACK
  6
CONTINUOUS
100
AcDbLine
 10
1.0650668110236221
 20
2.1451829527559054
 30
0
 11
1.0606164173228345
 21
2.1429153937007874
 31
0
  0
LINE
  5
FED
330
1A
100
AcDbEntity
  8
BLACK
  6
CONTINUOUS
100
AcDbLine
 10
1.0606164173228345
 20
2.1429153937007874
 30
0
 11
1.0570846062992125
 21
2.1393835826771652
 31
0
  0
LINE
  5
FEE
330
1A
100
AcDbEntity
  8
BLACK
  6
CONTINUOUS
100
AcDbLine
 10
1.0570846062992125
 20
2.1393835826771652
 30
0
 11
1.0548170078740158
 21
2.1349331496062991
 31
0
  0
LINE
  5
FEF
330
1A
100
AcDbEntity
  8
BLACK
  6
CONTINUOUS
100
AcDbLine
 10
1.0548170078740158
 20
2.1349331496062991
 30
0
 11
1.0547178346456694
 21
2.1346277952755903
 31
0
  0
LINE
  5
FF0
330
1A
100
AcDbEntity
  8
BLACK
  6
CONTINUOUS
100
AcDbLine
 10
1.0547178346456694
 20
2.1346277952755903
 30
0
 11
1.053140157480315
 21
2.132320472440945
 31
0
  0
LINE
  5
FF1
330
1A
100
AcDbEntity
  8
BLACK
  6
CONTINUOUS
100
AcDbLine
 10
1.053140157480315
 20
2.132320472440945
 30
0
 11
1.0505654724409448
 21
2.131232401574803
 31
0
  0
LINE
  5
FF2
330
1A
100
AcDbEntity
  8
BLACK
  6
CONTINUOUS
100
AcDbLine
 10
1.0505654724409448
 20
2.131232401574803
 30
0
 11
1.0478112598425198
 21
2.1317090551181104
 31
0
  0
LINE
  5
FF3
330
1A
100
AcDbEntity
  8
BLACK
  6
CONTINUOUS
100
AcDbLine
 10
1.0478112598425198
 20
2.1317090551181104
 30
0
 11
1.0457519685039369
 21
2.1335990551181103
 31
0
  0
LINE
  5
FF4
330
1A
100
AcDbEntity
  8
BLACK
  6
CONTINUOUS
100
AcDbLine
 10
1.0457519685039369
 20
2.1335990551181103
 30
0
 11
1.0452821653543307
 21
2.1346277952755903
 31
0
  0
LINE
  5
FF5
330
1A
100
AcDbEntity
  8
BLACK
  6
CONTINUOUS
100
AcDbLine
 10
1.0452821653543307
 20
2.1346277952755903
 30
0
 11
1.0451829527559056
 21
2.1349331496062991
 31
0
  0
LINE
  5
FF6
330
1A
100
AcDbEntity
  8
BLACK
  6
CONTINUOUS
100
AcDbLine
 10
1.0451829527559056
 20
2.1349331496062991
 30
0
 11
1.0429153543307086
 21
2.1393835826771652
 31
0
  0
LINE
  5
FF7
330
1A
100
AcDbEntity
  8
BLACK
  6
CONTINUOUS
100
AcDbLine
 10
1.0429153543307086
 20
2.1393835826771652
 30
0
 11
1.0393835433070866
 21
2.1429153937007874
 31
0
  0
LINE
  5
FF8
330
1A
100
AcDbEntity
  8
BLACK
  6
CONTINUOUS
100
AcDbLine
 10
1.0393835433070866
 20
2.1429153937007874
 30
0
 11
1.036397716535433
 21
2.1444367322834643
 31
0
  0
LINE
  5
FF9
330
1A
100
AcDbEntity
  8
BLACK
  6
CONTINUOUS
100
AcDbLine
 10
1.036397716535433
 20
2.1444367322834643
 30
0
 11
1.0349332283464567
 21
2.1451829133858267
 31
0
  0
LINE
  5
FFA
330
1A
100
AcDbEntity
  8
BLACK
  6
CONTINUOUS
100
AcDbLine
 10
1.0349332283464567
 20
2.1451829133858267
 30
0
 11
1.031240905511811
 21
2.145767716535433
 31
0
  0
LINE
  5
FFB
330
1A
100
AcDbEntity
  8
BLACK
  6
CONTINUOUS
100
AcDbLine
 10
1.031240905511811
 20
2.145767716535433
 30
0
 11
1.031240748031496
 21
2.145767716535433
 31
0
  0
LINE
  5
FFC
330
1A
100
AcDbEntity
  8
BLACK
  6
CONTINUOUS
100
AcDbLine
 10
1.031240748031496
 20
2.145767716535433
 30
0
 11
0.9687591732283465
 21
2.145767716535433
 31
0
  0
LINE
  5
FFD
330
1A
100
AcDbEntity
  8
BLACK
  6
CONTINUOUS
100
AcDbLine
 10
0.9687591732283465
 20
2.145767716535433
 30
0
 11
0.965066811023622
 21
2.1451829527559054
 31
0
  0
LINE
  5
FFE
330
1A
100
AcDbEntity
  8
BLACK
  6
CONTINUOUS
100
AcDbLine
 10
0.965066811023622
 20
2.1451829527559054
 30
0
 11
0.9606164173228346
 21
2.1429153937007874
 31
0
  0
LINE
  5
FFF
330
1A
100
AcDbEntity
  8
BLACK
  6
CONTINUOUS
100
AcDbLine
 10
0.9606164173228346
 20
2.1429153937007874
 30
0
 11
0.9570846062992125
 21
2.1393835826771652
 31
0
  0
LINE
  5
1000
330
1A
100
AcDbEntity
  8
BLACK
  6
CONTINUOUS
100
AcDbLine
 10
0.9570846062992125
 20
2.1393835826771652
 30
0
 11
0.9556215748031496
 21
2.1365121259842521
 31
0
  0
LINE
  5
1001
330
1A
100
AcDbEntity
  8
BLACK
  6
CONTINUOUS
100
AcDbLine
 10
0.9556215748031496
 20
2.1365121259842521
 30
0
 11
0.9548170866141732
 21
2.1349332283464566
 31
0
  0
LINE
  5
1002
330
1A
100
AcDbEntity
  8
BLACK
  6
CONTINUOUS
100
AcDbLine
 10
0.9548170866141732
 20
2.1349332283464566
 30
0
 11
0.9542546456692913
 21
2.1313820472440943
 31
0
  0
LINE
  5
1003
330
1A
100
AcDbEntity
  8
BLACK
  6
CONTINUOUS
100
AcDbLine
 10
0.9542546456692913
 20
2.1313820472440943
 30
0
 11
0.9542322834645669
 21
2.1312407874015746
 31
0
  0
LINE
  5
1004
330
1A
100
AcDbEntity
  8
BLACK
  6
CONTINUOUS
100
AcDbLine
 10
0.9542322834645669
 20
2.1312407874015746
 30
0
 11
0.9542322834645669
 21
2.0687592125984251
 31
0
  0
LINE
  5
1005
330
1A
100
AcDbEntity
  8
BLACK
  6
CONTINUOUS
100
AcDbLine
 10
2.395651811023622
 20
2.1335912992125983
 30
0
 11
2.3945655905511809
 21
2.1325050787401576
 31
0
  0
LINE
  5
1006
330
1A
100
AcDbEntity
  8
BLACK
  6
CONTINUOUS
100
AcDbLine
 10
2.3945655905511809
 20
2.1325050787401576
 30
0
 11
2.3939777165354332
 21
2.1310858661417322
 31
0
  0
LINE
  5
1007
330
1A
100
AcDbEntity
  8
BLACK
  6
CONTINUOUS
100
AcDbLine
 10
2.3939777165354332
 20
2.1310858661417322
 30
0
 11
2.3939020866141734
 21
2.1303177952755905
 31
0
  0
LINE
  5
1008
330
1A
100
AcDbEntity
  8
BLACK
  6
CONTINUOUS
100
AcDbLine
 10
2.3939020866141734
 20
2.1303177952755905
 30
0
 11
2.3939020866141734
 21
2.0993841732283465
 31
0
  0
LINE
  5
1009
330
1A
100
AcDbEntity
  8
BLACK
  6
CONTINUOUS
100
AcDbLine
 10
2.3939020866141734
 20
2.0993841732283465
 30
0
 11
2.3939777165354332
 21
2.0986161023622047
 31
0
  0
LINE
  5
100A
330
1A
100
AcDbEntity
  8
BLACK
  6
CONTINUOUS
100
AcDbLine
 10
2.3939777165354332
 20
2.0986161023622047
 30
0
 11
2.3940318503937008
 21
2.0984853937007872
 31
0
  0
LINE
  5
100B
330
1A
100
AcDbEntity
  8
BLACK
  6
CONTINUOUS
100
AcDbLine
 10
2.3940318503937008
 20
2.0984853937007872
 30
0
 11
2.3940418897637796
 21
2.0983442913385826
 31
0
  0
LINE
  5
100C
330
1A
100
AcDbEntity
  8
BLACK
  6
CONTINUOUS
100
AcDbLine
 10
2.3940418897637796
 20
2.0983442913385826
 30
0
 11
2.3943177165354332
 21
2.0976235039370077
 31
0
  0
LINE
  5
100D
330
1A
100
AcDbEntity
  8
BLACK
  6
CONTINUOUS
100
AcDbLine
 10
2.3943177165354332
 20
2.0976235039370077
 30
0
 11
2.3971298818897635
 21
2.0919991732283463
 31
0
  0
LINE
  5
100E
330
1A
100
AcDbEntity
  8
BLACK
  6
CONTINUOUS
100
AcDbLine
 10
2.3971298818897635
 20
2.0919991732283463
 30
0
 11
2.3972107480314961
 21
2.0918707086614172
 31
0
  0
LINE
  5
100F
330
1A
100
AcDbEntity
  8
BLACK
  6
CONTINUOUS
100
AcDbLine
 10
2.3972107480314961
 20
2.0918707086614172
 30
0
 11
2.3972309448818896
 21
2.091810118110236
 31
0
  0
LINE
  5
1010
330
1A
100
AcDbEntity
  8
BLACK
  6
CONTINUOUS
100
AcDbLine
 10
2.3972309448818896
 20
2.091810118110236
 30
0
 11
2.3972963385826773
 21
2.0917347244094486
 31
0
  0
LINE
  5
1011
330
1A
100
AcDbEntity
  8
BLACK
  6
CONTINUOUS
100
AcDbLine
 10
2.3972963385826773
 20
2.0917347244094486
 30
0
 11
2.3975410236220474
 21
2.0913459842519684
 31
0
  0
LINE
  5
1012
330
1A
100
AcDbEntity
  8
BLACK
  6
CONTINUOUS
100
AcDbLine
 10
2.3975410236220474
 20
2.0913459842519684
 30
0
 11
2.3979140551181102
 21
2.0910224803149604
 31
0
  0
LINE
  5
1013
330
1A
100
AcDbEntity
  8
BLACK
  6
CONTINUOUS
100
AcDbLine
 10
2.3979140551181102
 20
2.0910224803149604
 30
0
 11
2.3982374409448819
 21
2.0906496062992126
 31
0
  0
LINE
  5
1014
330
1A
100
AcDbEntity
  8
BLACK
  6
CONTINUOUS
100
AcDbLine
 10
2.3982374409448819
 20
2.0906496062992126
 30
0
 11
2.3986260629921259
 21
2.0904050000000001
 31
0
  0
LINE
  5
1015
330
1A
100
AcDbEntity
  8
BLACK
  6
CONTINUOUS
100
AcDbLine
 10
2.3986260629921259
 20
2.0904050000000001
 30
0
 11
2.3987015354330707
 21
2.0903395275590553
 31
0
  0
LINE
  5
1016
330
1A
100
AcDbEntity
  8
BLACK
  6
CONTINUOUS
100
AcDbLine
 10
2.3987015354330707
 20
2.0903395275590553
 30
0
 11
2.3987016141732282
 21
2.0903395275590553
 31
0
  0
LINE
  5
1017
330
1A
100
AcDbEntity
  8
BLACK
  6
CONTINUOUS
100
AcDbLine
 10
2.3987016141732282
 20
2.0903395275590553
 30
0
 11
2.3987016929133858
 21
2.0903394881889765
 31
0
  0
LINE
  5
1018
330
1A
100
AcDbEntity
  8
BLACK
  6
CONTINUOUS
100
AcDbLine
 10
2.3987016929133858
 20
2.0903394881889765
 30
0
 11
2.3987620866141732
 21
2.0903193307086614
 31
0
  0
LINE
  5
1019
330
1A
100
AcDbEntity
  8
BLACK
  6
CONTINUOUS
100
AcDbLine
 10
2.3987620866141732
 20
2.0903193307086614
 30
0
 11
2.398890590551181
 21
2.0902384645669292
 31
0
  0
LINE
  5
101A
330
1A
100
AcDbEntity
  8
BLACK
  6
CONTINUOUS
100
AcDbLine
 10
2.398890590551181
 20
2.0902384645669292
 30
0
 11
2.398976535433071
 21
2.0901955118110234
 31
0
  0
LINE
  5
101B
330
1A
100
AcDbEntity
  8
BLACK
  6
CONTINUOUS
100
AcDbLine
 10
2.398976535433071
 20
2.0901955118110234
 30
0
 11
2.3989767716535431
 21
2.0901953937007876
 31
0
  0
LINE
  5
101C
330
1A
100
AcDbEntity
  8
BLACK
  6
CONTINUOUS
100
AcDbLine
 10
2.3989767716535431
 20
2.0901953937007876
 30
0
 11
2.4045148818897637
 21
2.0874263385826772
 31
0
  0
LINE
  5
101D
330
1A
100
AcDbEntity
  8
BLACK
  6
CONTINUOUS
100
AcDbLine
 10
2.4045148818897637
 20
2.0874263385826772
 30
0
 11
2.4052357086614173
 21
2.0871505118110236
 31
0
  0
LINE
  5
101E
330
1A
100
AcDbEntity
  8
BLACK
  6
CONTINUOUS
100
AcDbLine
 10
2.4052357086614173
 20
2.0871505118110236
 30
0
 11
2.4052358661417323
 21
2.0871505118110236
 31
0
  0
LINE
  5
101F
330
1A
100
AcDbEntity
  8
BLACK
  6
CONTINUOUS
100
AcDbLine
 10
2.4052358661417323
 20
2.0871505118110236
 30
0
 11
2.4052359055118111
 21
2.0871505118110236
 31
0
  0
LINE
  5
1020
330
1A
100
AcDbEntity
  8
BLACK
  6
CONTINUOUS
100
AcDbLine
 10
2.4052359055118111
 20
2.0871505118110236
 30
0
 11
2.4053767322834645
 21
2.0871405118110236
 31
0
  0
LINE
  5
1021
330
1A
100
AcDbEntity
  8
BLACK
  6
CONTINUOUS
100
AcDbLine
 10
2.4053767322834645
 20
2.0871405118110236
 30
0
 11
2.4055074803149608
 21
2.0870863385826772
 31
0
  0
LINE
  5
1022
330
1A
100
AcDbEntity
  8
BLACK
  6
CONTINUOUS
100
AcDbLine
 10
2.4055074803149608
 20
2.0870863385826772
 30
0
 11
2.406275157480315
 21
2.0870107480314961
 31
0
  0
LINE
  5
1023
330
1A
100
AcDbEntity
  8
BLACK
  6
CONTINUOUS
100
AcDbLine
 10
2.406275157480315
 20
2.0870107480314961
 30
0
 11
2.406275472440945
 21
2.0870107480314961
 31
0
  0
LINE
  5
1024
330
1A
100
AcDbEntity
  8
BLACK
  6
CONTINUOUS
100
AcDbLine
 10
2.406275472440945
 20
2.0870107480314961
 30
0
 11
2.4062755511811025
 21
2.0870107086614174
 31
0
  0
LINE
  5
1025
330
1A
100
AcDbEntity
  8
BLACK
  6
CONTINUOUS
100
AcDbLine
 10
2.4062755511811025
 20
2.0870107086614174
 30
0
 11
2.4062755905511812
 21
2.0870107086614174
 31
0
  0
LINE
  5
1026
330
1A
100
AcDbEntity
  8
BLACK
  6
CONTINUOUS
100
AcDbLine
 10
2.4062755905511812
 20
2.0870107086614174
 30
0
 11
2.4147119685039371
 21
2.0870107086614174
 31
0
  0
LINE
  5
1027
330
1A
100
AcDbEntity
  8
BLACK
  6
CONTINUOUS
100
AcDbLine
 10
2.4147119685039371
 20
2.0870107086614174
 30
0
 11
2.4147120078740159
 21
2.0870107086614174
 31
0
  0
LINE
  5
1028
330
1A
100
AcDbEntity
  8
BLACK
  6
CONTINUOUS
100
AcDbLine
 10
2.4147120078740159
 20
2.0870107086614174
 30
0
 11
2.4147120472440946
 21
2.0870107480314961
 31
0
  0
LINE
  5
1029
330
1A
100
AcDbEntity
  8
BLACK
  6
CONTINUOUS
100
AcDbLine
 10
2.4147120472440946
 20
2.0870107480314961
 30
0
 11
2.4147124015748029
 21
2.0870107480314961
 31
0
  0
LINE
  5
102A
330
1A
100
AcDbEntity
  8
BLACK
  6
CONTINUOUS
100
AcDbLine
 10
2.4147124015748029
 20
2.0870107480314961
 30
0
 11
2.4148888188976376
 21
2.087028149606299
 31
0
  0
LINE
  5
102B
330
1A
100
AcDbEntity
  8
BLACK
  6
CONTINUOUS
100
AcDbLine
 10
2.4148888188976376
 20
2.087028149606299
 30
0
 11
2.4150911811023623
 21
2.0870480708661416
 31
0
  0
LINE
  5
102C
330
1A
100
AcDbEntity
  8
BLACK
  6
CONTINUOUS
100
AcDbLine
 10
2.4150911811023623
 20
2.0870480708661416
 30
0
 11
2.4154800787401576
 21
2.0870863385826772
 31
0
  0
LINE
  5
102D
330
1A
100
AcDbEntity
  8
BLACK
  6
CONTINUOUS
100
AcDbLine
 10
2.4154800787401576
 20
2.0870863385826772
 30
0
 11
2.4154804330708659
 21
2.0870864960629922
 31
0
  0
LINE
  5
102E
330
1A
100
AcDbEntity
  8
BLACK
  6
CONTINUOUS
100
AcDbLine
 10
2.4154804330708659
 20
2.0870864960629922
 30
0
 11
2.4154804724409447
 21
2.087086535433071
 31
0
  0
LINE
  5
102F
330
1A
100
AcDbEntity
  8
BLACK
  6
CONTINUOUS
100
AcDbLine
 10
2.4154804724409447
 20
2.087086535433071
 30
0
 11
2.4156107874015746
 21
2.0871405118110236
 31
0
  0
LINE
  5
1030
330
1A
100
AcDbEntity
  8
BLACK
  6
CONTINUOUS
100
AcDbLine
 10
2.4156107874015746
 20
2.0871405118110236
 30
0
 11
2.4157516535433072
 21
2.0871505118110236
 31
0
  0
LINE
  5
1031
330
1A
100
AcDbEntity
  8
BLACK
  6
CONTINUOUS
100
AcDbLine
 10
2.4157516535433072
 20
2.0871505118110236
 30
0
 11
2.4157517322834643
 21
2.0871505118110236
 31
0
  0
LINE
  5
1032
330
1A
100
AcDbEntity
  8
BLACK
  6
CONTINUOUS
100
AcDbLine
 10
2.4157517322834643
 20
2.0871505118110236
 30
0
 11
2.4157518897637793
 21
2.0871505118110236
 31
0
  0
LINE
  5
1033
330
1A
100
AcDbEntity
  8
BLACK
  6
CONTINUOUS
100
AcDbLine
 10
2.4157518897637793
 20
2.0871505118110236
 30
0
 11
2.4164726771653542
 21
2.0874263385826772
 31
0
  0
LINE
  5
1034
330
1A
100
AcDbEntity
  8
BLACK
  6
CONTINUOUS
100
AcDbLine
 10
2.4164726771653542
 20
2.0874263385826772
 30
0
 11
2.4167522834645667
 21
2.0875661811023623
 31
0
  0
LINE
  5
1035
330
1A
100
AcDbEntity
  8
BLACK
  6
CONTINUOUS
100
AcDbLine
 10
2.4167522834645667
 20
2.0875661811023623
 30
0
 11
2.4167523622047242
 21
2.087566220472441
 31
0
  0
LINE
  5
1036
330
1A
100
AcDbEntity
  8
BLACK
  6
CONTINUOUS
100
AcDbLine
 10
2.4167523622047242
 20
2.087566220472441
 30
0
 11
2.4197489763779525
 21
2.0890645275590551
 31
0
  0
LINE
  5
1037
330
1A
100
AcDbEntity
  8
BLACK
  6
CONTINUOUS
100
AcDbLine
 10
2.4197489763779525
 20
2.0890645275590551
 30
0
 11
2.419874960629921
 21
2.088760433070866
 31
0
  0
LINE
  5
1038
330
1A
100
AcDbEntity
  8
BLACK
  6
CONTINUOUS
100
AcDbLine
 10
2.419874960629921
 20
2.088760433070866
 30
0
 11
2.4209611417322834
 21
2.0876742519685041
 31
0
  0
LINE
  5
1039
330
1A
100
AcDbEntity
  8
BLACK
  6
CONTINUOUS
100
AcDbLine
 10
2.4209611417322834
 20
2.0876742519685041
 30
0
 11
2.4209611811023621
 21
2.0876742125984253
 31
0
  0
LINE
  5
103A
330
1A
100
AcDbEntity
  8
BLACK
  6
CONTINUOUS
100
AcDbLine
 10
2.4209611811023621
 20
2.0876742125984253
 30
0
 11
2.4223803937007875
 21
2.0870863385826772
 31
0
  0
LINE
  5
103B
330
1A
100
AcDbEntity
  8
BLACK
  6
CONTINUOUS
100
AcDbLine
 10
2.4223803937007875
 20
2.0870863385826772
 30
0
 11
2.423916535433071
 21
2.0870863385826772
 31
0
  0
LINE
  5
103C
330
1A
100
AcDbEntity
  8
BLACK
  6
CONTINUOUS
100
AcDbLine
 10
2.423916535433071
 20
2.0870863385826772
 30
0
 11
2.4253357480314959
 21
2.0876742125984253
 31
0
  0
LINE
  5
103D
330
1A
100
AcDbEntity
  8
BLACK
  6
CONTINUOUS
100
AcDbLine
 10
2.4253357480314959
 20
2.0876742125984253
 30
0
 11
2.426421968503937
 21
2.088760433070866
 31
0
  0
LINE
  5
103E
330
1A
100
AcDbEntity
  8
BLACK
  6
CONTINUOUS
100
AcDbLine
 10
2.426421968503937
 20
2.088760433070866
 30
0
 11
2.4270098425196851
 21
2.0901796456692914
 31
0
  0
LINE
  5
103F
330
1A
100
AcDbEntity
  8
BLACK
  6
CONTINUOUS
100
AcDbLine
 10
2.4270098425196851
 20
2.0901796456692914
 30
0
 11
2.427085472440945
 21
2.0909477165354331
 31
0
  0
LINE
  5
1040
330
1A
100
AcDbEntity
  8
BLACK
  6
CONTINUOUS
100
AcDbLine
 10
2.427085472440945
 20
2.0909477165354331
 30
0
 11
2.427085472440945
 21
2.1218820078740155
 31
0
  0
LINE
  5
1041
330
1A
100
AcDbEntity
  8
BLACK
  6
CONTINUOUS
100
AcDbLine
 10
2.427085472440945
 20
2.1218820078740155
 30
0
 11
2.427085472440945
 21
2.1303177952755905
 31
0
  0
LINE
  5
1042
330
1A
100
AcDbEntity
  8
BLACK
  6
CONTINUOUS
100
AcDbLine
 10
2.427085472440945
 20
2.1303177952755905
 30
0
 11
2.4270098425196851
 21
2.1310858661417322
 31
0
  0
LINE
  5
1043
330
1A
100
AcDbEntity
  8
BLACK
  6
CONTINUOUS
100
AcDbLine
 10
2.4270098425196851
 20
2.1310858661417322
 30
0
 11
2.426421968503937
 21
2.1325050787401576
 31
0
  0
LINE
  5
1044
330
1A
100
AcDbEntity
  8
BLACK
  6
CONTINUOUS
100
AcDbLine
 10
2.426421968503937
 20
2.1325050787401576
 30
0
 11
2.4253357480314959
 21
2.1335912992125983
 31
0
  0
LINE
  5
1045
330
1A
100
AcDbEntity
  8
BLACK
  6
CONTINUOUS
100
AcDbLine
 10
2.4253357480314959
 20
2.1335912992125983
 30
0
 11
2.423916535433071
 21
2.1341791732283464
 31
0
  0
LINE
  5
1046
330
1A
100
AcDbEntity
  8
BLACK
  6
CONTINUOUS
100
AcDbLine
 10
2.423916535433071
 20
2.1341791732283464
 30
0
 11
2.4223803937007875
 21
2.1341791732283464
 31
0
  0
LINE
  5
1047
330
1A
100
AcDbEntity
  8
BLACK
  6
CONTINUOUS
100
AcDbLine
 10
2.4223803937007875
 20
2.1341791732283464
 30
0
 11
2.4209611811023621
 21
2.1335912992125983
 31
0
  0
LINE
  5
1048
330
1A
100
AcDbEntity
  8
BLACK
  6
CONTINUOUS
100
AcDbLine
 10
2.4209611811023621
 20
2.1335912992125983
 30
0
 11
2.419874960629921
 21
2.1325050787401576
 31
0
  0
LINE
  5
1049
330
1A
100
AcDbEntity
  8
BLACK
  6
CONTINUOUS
100
AcDbLine
 10
2.419874960629921
 20
2.1325050787401576
 30
0
 11
2.4192870866141734
 21
2.1310858661417322
 31
0
  0
LINE
  5
104A
330
1A
100
AcDbEntity
  8
BLACK
  6
CONTINUOUS
100
AcDbLine
 10
2.4192870866141734
 20
2.1310858661417322
 30
0
 11
2.4192114566929135
 21
2.1303177952755905
 31
0
  0
LINE
  5
104B
330
1A
100
AcDbEntity
  8
BLACK
  6
CONTINUOUS
100
AcDbLine
 10
2.4192114566929135
 20
2.1303177952755905
 30
0
 11
2.4192114566929135
 21
2.0982027952755904
 31
0
  0
LINE
  5
104C
330
1A
100
AcDbEntity
  8
BLACK
  6
CONTINUOUS
100
AcDbLine
 10
2.4192114566929135
 20
2.0982027952755904
 30
0
 11
2.4180041338582678
 21
2.0969955118110235
 31
0
  0
LINE
  5
104D
330
1A
100
AcDbEntity
  8
BLACK
  6
CONTINUOUS
100
AcDbLine
 10
2.4180041338582678
 20
2.0969955118110235
 30
0
 11
2.4137825984251968
 21
2.0948847244094488
 31
0
  0
LINE
  5
104E
330
1A
100
AcDbEntity
  8
BLACK
  6
CONTINUOUS
100
AcDbLine
 10
2.4137825984251968
 20
2.0948847244094488
 30
0
 11
2.4126115354330708
 21
2.0948847244094488
 31
0
  0
LINE
  5
104F
330
1A
100
AcDbEntity
  8
BLACK
  6
CONTINUOUS
100
AcDbLine
 10
2.4126115354330708
 20
2.0948847244094488
 30
0
 11
2.4083759842519683
 21
2.0948847244094488
 31
0
  0
LINE
  5
1050
330
1A
100
AcDbEntity
  8
BLACK
  6
CONTINUOUS
100
AcDbLine
 10
2.4083759842519683
 20
2.0948847244094488
 30
0
 11
2.4072049606299211
 21
2.0948847244094488
 31
0
  0
LINE
  5
1051
330
1A
100
AcDbEntity
  8
BLACK
  6
CONTINUOUS
100
AcDbLine
 10
2.4072049606299211
 20
2.0948847244094488
 30
0
 11
2.4035857086614172
 21
2.0966943307086612
 31
0
  0
LINE
  5
1052
330
1A
100
AcDbEntity
  8
BLACK
  6
CONTINUOUS
100
AcDbLine
 10
2.4035857086614172
 20
2.0966943307086612
 30
0
 11
2.4017761023622048
 21
2.1003135826771655
 31
0
  0
LINE
  5
1053
330
1A
100
AcDbEntity
  8
BLACK
  6
CONTINUOUS
100
AcDbLine
 10
2.4017761023622048
 20
2.1003135826771655
 30
0
 11
2.4017761023622048
 21
2.1303177952755905
 31
0
  0
LINE
  5
1054
330
1A
100
AcDbEntity
  8
BLACK
  6
CONTINUOUS
100
AcDbLine
 10
2.4017761023622048
 20
2.1303177952755905
 30
0
 11
2.401700472440945
 21
2.1310858661417322
 31
0
  0
LINE
  5
1055
330
1A
100
AcDbEntity
  8
BLACK
  6
CONTINUOUS
100
AcDbLine
 10
2.401700472440945
 20
2.1310858661417322
 30
0
 11
2.4011125984251969
 21
2.1325050787401576
 31
0
  0
LINE
  5
1056
330
1A
100
AcDbEntity
  8
BLACK
  6
CONTINUOUS
100
AcDbLine
 10
2.4011125984251969
 20
2.1325050787401576
 30
0
 11
2.4000263779527558
 21
2.1335912992125983
 31
0
  0
LINE
  5
1057
330
1A
100
AcDbEntity
  8
BLACK
  6
CONTINUOUS
100
AcDbLine
 10
2.4000263779527558
 20
2.1335912992125983
 30
0
 11
2.3986071653543308
 21
2.1341791732283464
 31
0
  0
LINE
  5
1058
330
1A
100
AcDbEntity
  8
BLACK
  6
CONTINUOUS
100
AcDbLine
 10
2.3986071653543308
 20
2.1341791732283464
 30
0
 11
2.3970710236220474
 21
2.1341791732283464
 31
0
  0
LINE
  5
1059
330
1A
100
AcDbEntity
  8
BLACK
  6
CONTINUOUS
100
AcDbLine
 10
2.3970710236220474
 20
2.1341791732283464
 30
0
 11
2.395651811023622
 21
2.1335912992125983
 31
0
  0
LINE
  5
105A
330
1A
100
AcDbEntity
  8
BLACK
  6
CONTINUOUS
100
AcDbLine
 10
2.4561261811023622
 20
2.1341791732283464
 30
0
 11
2.455995433070866
 21
2.1341250393700788
 31
0
  0
LINE
  5
105B
330
1A
100
AcDbEntity
  8
BLACK
  6
CONTINUOUS
100
AcDbLine
 10
2.455995433070866
 20
2.1341250393700788
 30
0
 11
2.4558543700787401
 21
2.134115
 31
0
  0
LINE
  5
105C
330
1A
100
AcDbEntity
  8
BLACK
  6
CONTINUOUS
100
AcDbLine
 10
2.4558543700787401
 20
2.134115
 30
0
 11
2.4551335826771652
 21
2.1338391732283464
 31
0
  0
LINE
  5
105D
330
1A
100
AcDbEntity
  8
BLACK
  6
CONTINUOUS
100
AcDbLine
 10
2.4551335826771652
 20
2.1338391732283464
 30
0
 11
2.4495092519685038
 21
2.1310270078740157
 31
0
  0
LINE
  5
105E
330
1A
100
AcDbEntity
  8
BLACK
  6
CONTINUOUS
100
AcDbLine
 10
2.4495092519685038
 20
2.1310270078740157
 30
0
 11
2.449380748031496
 21
2.1309461417322835
 31
0
  0
LINE
  5
105F
330
1A
100
AcDbEntity
  8
BLACK
  6
CONTINUOUS
100
AcDbLine
 10
2.449380748031496
 20
2.1309461417322835
 30
0
 11
2.4493201968503935
 21
2.1309259448818896
 31
0
  0
LINE
  5
1060
330
1A
100
AcDbEntity
  8
BLACK
  6
CONTINUOUS
100
AcDbLine
 10
2.4493201968503935
 20
2.1309259448818896
 30
0
 11
2.4492447637795274
 21
2.1308605511811023
 31
0
  0
LINE
  5
1061
330
1A
100
AcDbEntity
  8
BLACK
  6
CONTINUOUS
100
AcDbLine
 10
2.4492447637795274
 20
2.1308605511811023
 30
0
 11
2.4488560629921259
 21
2.1306158661417323
 31
0
  0
LINE
  5
1062
330
1A
100
AcDbEntity
  8
BLACK
  6
CONTINUOUS
100
AcDbLine
 10
2.4488560629921259
 20
2.1306158661417323
 30
0
 11
2.4485325984251967
 21
2.1302429527559053
 31
0
  0
LINE
  5
1063
330
1A
100
AcDbEntity
  8
BLACK
  6
CONTINUOUS
100
AcDbLine
 10
2.4485325984251967
 20
2.1302429527559053
 30
0
 11
2.4481596850393701
 21
2.1299194881889765
 31
0
  0
LINE
  5
1064
330
1A
100
AcDbEntity
  8
BLACK
  6
CONTINUOUS
100
AcDbLine
 10
2.4481596850393701
 20
2.1299194881889765
 30
0
 11
2.4479150000000001
 21
2.129530787401575
 31
0
  0
LINE
  5
1065
330
1A
100
AcDbEntity
  8
BLACK
  6
CONTINUOUS
100
AcDbLine
 10
2.4479150000000001
 20
2.129530787401575
 30
0
 11
2.4478496062992123
 21
2.1294553543307084
 31
0
  0
LINE
  5
1066
330
1A
100
AcDbEntity
  8
BLACK
  6
CONTINUOUS
100
AcDbLine
 10
2.4478496062992123
 20
2.1294553543307084
 30
0
 11
2.4478294094488189
 21
2.1293948031496064
 31
0
  0
LINE
  5
1067
330
1A
100
AcDbEntity
  8
BLACK
  6
CONTINUOUS
100
AcDbLine
 10
2.4478294094488189
 20
2.1293948031496064
 30
0
 11
2.4477485433070867
 21
2.1292662992125986
 31
0
  0
LINE
  5
1068
330
1A
100
AcDbEntity
  8
BLACK
  6
CONTINUOUS
100
AcDbLine
 10
2.4477485433070867
 20
2.1292662992125986
 30
0
 11
2.4449364173228347
 21
2.1236420078740159
 31
0
  0
LINE
  5
1069
330
1A
100
AcDbEntity
  8
BLACK
  6
CONTINUOUS
100
AcDbLine
 10
2.4449364173228347
 20
2.1236420078740159
 30
0
 11
2.4446605905511811
 21
2.122921220472441
 31
0
  0
LINE
  5
106A
330
1A
100
AcDbEntity
  8
BLACK
  6
CONTINUOUS
100
AcDbLine
 10
2.4446605905511811
 20
2.122921220472441
 30
0
 11
2.4446505511811023
 21
2.1227801574803151
 31
0
  0
LINE
  5
106B
330
1A
100
AcDbEntity
  8
BLACK
  6
CONTINUOUS
100
AcDbLine
 10
2.4446505511811023
 20
2.1227801574803151
 30
0
 11
2.4445964173228347
 21
2.1226494094488189
 31
0
  0
LINE
  5
106C
330
1A
100
AcDbEntity
  8
BLACK
  6
CONTINUOUS
100
AcDbLine
 10
2.4445964173228347
 20
2.1226494094488189
 30
0
 11
2.4445207874015749
 21
2.1218813385826771
 31
0
  0
LINE
  5
106D
330
1A
100
AcDbEntity
  8
BLACK
  6
CONTINUOUS
100
AcDbLine
 10
2.4445207874015749
 20
2.1218813385826771
 30
0
 11
2.4445207874015749
 21
2.1190692125984252
 31
0
  0
LINE
  5
106E
330
1A
100
AcDbEntity
  8
BLACK
  6
CONTINUOUS
100
AcDbLine
 10
2.4445207874015749
 20
2.1190692125984252
 30
0
 11
2.4445964173228347
 21
2.1183011417322835
 31
0
  0
LINE
  5
106F
330
1A
100
AcDbEntity
  8
BLACK
  6
CONTINUOUS
100
AcDbLine
 10
2.4445964173228347
 20
2.1183011417322835
 30
0
 11
2.4446505511811023
 21
2.1181704330708659
 31
0
  0
LINE
  5
1070
330
1A
100
AcDbEntity
  8
BLACK
  6
CONTINUOUS
100
AcDbLine
 10
2.4446505511811023
 20
2.1181704330708659
 30
0
 11
2.4446605905511811
 21
2.11802937007874
 31
0
  0
LINE
  5
1071
330
1A
100
AcDbEntity
  8
BLACK
  6
CONTINUOUS
100
AcDbLine
 10
2.4446605905511811
 20
2.11802937007874
 30
0
 11
2.4449364173228347
 21
2.1173085433070864
 31
0
  0
LINE
  5
1072
330
1A
100
AcDbEntity
  8
BLACK
  6
CONTINUOUS
100
AcDbLine
 10
2.4449364173228347
 20
2.1173085433070864
 30
0
 11
2.4477485433070867
 21
2.111684212598425
 31
0
  0
LINE
  5
1073
330
1A
100
AcDbEntity
  8
BLACK
  6
CONTINUOUS
100
AcDbLine
 10
2.4477485433070867
 20
2.111684212598425
 30
0
 11
2.4478293700787401
 21
2.1115557874015747
 31
0
  0
LINE
  5
1074
330
1A
100
AcDbEntity
  8
BLACK
  6
CONTINUOUS
100
AcDbLine
 10
2.4478293700787401
 20
2.1115557874015747
 30
0
 11
2.4478496062992123
 21
2.1114951181102364
 31
0
  0
LINE
  5
1075
330
1A
100
AcDbEntity
  8
BLACK
  6
CONTINUOUS
100
AcDbLine
 10
2.4478496062992123
 20
2.1114951181102364
 30
0
 11
2.4479150787401576
 21
2.1114196456692911
 31
0
  0
LINE
  5
1076
330
1A
100
AcDbEntity
  8
BLACK
  6
CONTINUOUS
100
AcDbLine
 10
2.4479150787401576
 20
2.1114196456692911
 30
0
 11
2.4481596850393701
 21
2.1110310236220471
 31
0
  0
LINE
  5
1077
330
1A
100
AcDbEntity
  8
BLACK
  6
CONTINUOUS
100
AcDbLine
 10
2.4481596850393701
 20
2.1110310236220471
 30
0
 11
2.4485326771653542
 21
2.1107075590551179
 31
0
  0
LINE
  5
1078
330
1A
100
AcDbEntity
  8
BLACK
  6
CONTINUOUS
100
AcDbLine
 10
2.4485326771653542
 20
2.1107075590551179
 30
0
 11
2.4488559842519684
 21
2.1103347637795276
 31
0
  0
LINE
  5
1079
330
1A
100
AcDbEntity
  8
BLACK
  6
CONTINUOUS
100
AcDbLine
 10
2.4488559842519684
 20
2.1103347637795276
 30
0
 11
2.4488561023622046
 21
2.1103346456692913
 31
0
  0
LINE
  5
107A
330
1A
100
AcDbEntity
  8
BLACK
  6
CONTINUOUS
100
AcDbLine
 10
2.4488561023622046
 20
2.1103346456692913
 30
0
 11
2.4489231889763778
 21
2.1102924409448818
 31
0
  0
LINE
  5
107B
330
1A
100
AcDbEntity
  8
BLACK
  6
CONTINUOUS
100
AcDbLine
 10
2.4489231889763778
 20
2.1102924409448818
 30
0
 11
2.4489233464566929
 21
2.1102923228346455
 31
0
  0
LINE
  5
107C
330
1A
100
AcDbEntity
  8
BLACK
  6
CONTINUOUS
100
AcDbLine
 10
2.4489233464566929
 20
2.1102923228346455
 30
0
 11
2.4492447244094486
 21
2.1100900393700788
 31
0
  0
LINE
  5
107D
330
1A
100
AcDbEntity
  8
BLACK
  6
CONTINUOUS
100
AcDbLine
 10
2.4492447244094486
 20
2.1100900393700788
 30
0
 11
2.4493201968503935
 21
2.110024566929134
 31
0
  0
LINE
  5
107E
330
1A
100
AcDbEntity
  8
BLACK
  6
CONTINUOUS
100
AcDbLine
 10
2.4493201968503935
 20
2.110024566929134
 30
0
 11
2.4493807874015747
 21
2.1100043700787401
 31
0
  0
LINE
  5
107F
330
1A
100
AcDbEntity
  8
BLACK
  6
CONTINUOUS
100
AcDbLine
 10
2.4493807874015747
 20
2.1100043700787401
 30
0
 11
2.4495092519685038
 21
2.1099235039370079
 31
0
  0
LINE
  5
1080
330
1A
100
AcDbEntity
  8
BLACK
  6
CONTINUOUS
100
AcDbLine
 10
2.4495092519685038
 20
2.1099235039370079
 30
0
 11
2.4495958267716533
 21
2.1098802362204725
 31
0
  0
LINE
  5
1081
330
1A
100
AcDbEntity
  8
BLACK
  6
CONTINUOUS
100
AcDbLine
 10
2.4495958267716533
 20
2.1098802362204725
 30
0
 11
2.4495960629921258
 21
2.1098801181102362
 31
0
  0
LINE
  5
1082
330
1A
100
AcDbEntity
  8
BLACK
  6
CONTINUOUS
100
AcDbLine
 10
2.4495960629921258
 20
2.1098801181102362
 30
0
 11
2.4551335826771652
 21
2.1071113779527559
 31
0
  0
LINE
  5
1083
330
1A
100
AcDbEntity
  8
BLACK
  6
CONTINUOUS
100
AcDbLine
 10
2.4551335826771652
 20
2.1071113779527559
 30
0
 11
2.4551337401574802
 21
2.1071113385826772
 31
0
  0
LINE
  5
1084
330
1A
100
AcDbEntity
  8
BLACK
  6
CONTINUOUS
100
AcDbLine
 10
2.4551337401574802
 20
2.1071113385826772
 30
0
 11
2.455133779527559
 21
2.1071112992125984
 31
0
  0
LINE
  5
1085
330
1A
100
AcDbEntity
  8
BLACK
  6
CONTINUOUS
100
AcDbLine
 10
2.455133779527559
 20
2.1071112992125984
 30
0
 11
2.4558542913385826
 21
2.1068355511811023
 31
0
  0
LINE
  5
1086
330
1A
100
AcDbEntity
  8
BLACK
  6
CONTINUOUS
100
AcDbLine
 10
2.4558542913385826
 20
2.1068355511811023
 30
0
 11
2.4558544094488188
 21
2.1068355118110236
 31
0
  0
LINE
  5
1087
330
1A
100
AcDbEntity
  8
BLACK
  6
CONTINUOUS
100
AcDbLine
 10
2.4558544094488188
 20
2.1068355118110236
 30
0
 11
2.4558544881889763
 21
2.1068355118110236
 31
0
  0
LINE
  5
1088
330
1A
100
AcDbEntity
  8
BLACK
  6
CONTINUOUS
100
AcDbLine
 10
2.4558544881889763
 20
2.1068355118110236
 30
0
 11
2.4559955511811022
 21
2.1068255118110235
 31
0
  0
LINE
  5
1089
330
1A
100
AcDbEntity
  8
BLACK
  6
CONTINUOUS
100
AcDbLine
 10
2.4559955511811022
 20
2.1068255118110235
 30
0
 11
2.4561258661417322
 21
2.1067715354330709
 31
0
  0
LINE
  5
108A
330
1A
100
AcDbEntity
  8
BLACK
  6
CONTINUOUS
100
AcDbLine
 10
2.4561258661417322
 20
2.1067715354330709
 30
0
 11
2.456125905511811
 21
2.1067714960629922
 31
0
  0
LINE
  5
108B
330
1A
100
AcDbEntity
  8
BLACK
  6
CONTINUOUS
100
AcDbLine
 10
2.456125905511811
 20
2.1067714960629922
 30
0
 11
2.4561261811023622
 21
2.1067713779527559
 31
0
  0
LINE
  5
108C
330
1A
100
AcDbEntity
  8
BLACK
  6
CONTINUOUS
100
AcDbLine
 10
2.4561261811023622
 20
2.1067713779527559
 30
0
 11
2.4561264173228348
 21
2.1067713779527559
 31
0
  0
LINE
  5
108D
330
1A
100
AcDbEntity
  8
BLACK
  6
CONTINUOUS
100
AcDbLine
 10
2.4561264173228348
 20
2.1067713779527559
 30
0
 11
2.4561264566929135
 21
2.1067713779527559
 31
0
  0
LINE
  5
108E
330
1A
100
AcDbEntity
  8
BLACK
  6
CONTINUOUS
100
AcDbLine
 10
2.4561264566929135
 20
2.1067713779527559
 30
0
 11
2.4568938582677164
 21
2.1066957874015748
 31
0
  0
LINE
  5
108F
330
1A
100
AcDbEntity
  8
BLACK
  6
CONTINUOUS
100
AcDbLine
 10
2.4568938582677164
 20
2.1066957874015748
 30
0
 11
2.4568941732283465
 21
2.1066957874015748
 31
0
  0
LINE
  5
1090
330
1A
100
AcDbEntity
  8
BLACK
  6
CONTINUOUS
100
AcDbLine
 10
2.4568941732283465
 20
2.1066957874015748
 30
0
 11
2.456894251968504
 21
2.1066957480314961
 31
0
  0
LINE
  5
1091
330
1A
100
AcDbEntity
  8
BLACK
  6
CONTINUOUS
100
AcDbLine
 10
2.456894251968504
 20
2.1066957480314961
 30
0
 11
2.4632301574803148
 21
2.1066957480314961
 31
0
  0
LINE
  5
1092
330
1A
100
AcDbEntity
  8
BLACK
  6
CONTINUOUS
100
AcDbLine
 10
2.4632301574803148
 20
2.1066957480314961
 30
0
 11
2.4644012204724408
 21
2.1066957480314961
 31
0
  0
LINE
  5
1093
330
1A
100
AcDbEntity
  8
BLACK
  6
CONTINUOUS
100
AcDbLine
 10
2.4644012204724408
 20
2.1066957480314961
 30
0
 11
2.4654484645669292
 21
2.1061721259842519
 31
0
  0
LINE
  5
1094
330
1A
100
AcDbEntity
  8
BLACK
  6
CONTINUOUS
100
AcDbLine
 10
2.4654484645669292
 20
2.1061721259842519
 30
0
 11
2.4654485826771655
 21
2.1061720866141731
 31
0
  0
LINE
  5
1095
330
1A
100
AcDbEntity
  8
BLACK
  6
CONTINUOUS
100
AcDbLine
 10
2.4654485826771655
 20
2.1061720866141731
 30
0
 11
2.4665415354330706
 21
2.1056255905511811
 31
0
  0
LINE
  5
1096
330
1A
100
AcDbEntity
  8
BLACK
  6
CONTINUOUS
100
AcDbLine
 10
2.4665415354330706
 20
2.1056255905511811
 30
0
 11
2.4680204724409447
 21
2.1048861023622045
 31
0
  0
LINE
  5
1097
330
1A
100
AcDbEntity
  8
BLACK
  6
CONTINUOUS
100
AcDbLine
 10
2.4680204724409447
 20
2.1048861023622045
 30
0
 11
2.4698301181102362
 21
2.1012668897637794
 31
0
  0
LINE
  5
1098
330
1A
100
AcDbEntity
  8
BLACK
  6
CONTINUOUS
100
AcDbLine
 10
2.4698301181102362
 20
2.1012668897637794
 30
0
 11
2.4698301181102362
 21
2.1003135826771655
 31
0
  0
LINE
  5
1099
330
1A
100
AcDbEntity
  8
BLACK
  6
CONTINUOUS
100
AcDbLine
 10
2.4698301181102362
 20
2.1003135826771655
 30
0
 11
2.4680204724409447
 21
2.0966943307086612
 31
0
  0
LINE
  5
109A
330
1A
100
AcDbEntity
  8
BLACK
  6
CONTINUOUS
100
AcDbLine
 10
2.4680204724409447
 20
2.0966943307086612
 30
0
 11
2.4644012598425196
 21
2.0948847244094488
 31
0
  0
LINE
  5
109B
330
1A
100
AcDbEntity
  8
BLACK
  6
CONTINUOUS
100
AcDbLine
 10
2.4644012598425196
 20
2.0948847244094488
 30
0
 11
2.4632301968503936
 21
2.0948847244094488
 31
0
  0
LINE
  5
109C
330
1A
100
AcDbEntity
  8
BLACK
  6
CONTINUOUS
100
AcDbLine
 10
2.4632301968503936
 20
2.0948847244094488
 30
0
 11
2.4561825590551178
 21
2.0948847244094488
 31
0
  0
LINE
  5
109D
330
1A
100
AcDbEntity
  8
BLACK
  6
CONTINUOUS
100
AcDbLine
 10
2.4561825590551178
 20
2.0948847244094488
 30
0
 11
2.4550114960629918
 21
2.0948847244094488
 31
0
  0
LINE
  5
109E
330
1A
100
AcDbEntity
  8
BLACK
  6
CONTINUOUS
100
AcDbLine
 10
2.4550114960629918
 20
2.0948847244094488
 30
0
 11
2.4502184645669289
 21
2.0972812204724409
 31
0
  0
LINE
  5
109F
330
1A
100
AcDbEntity
  8
BLACK
  6
CONTINUOUS
100
AcDbLine
 10
2.4502184645669289
 20
2.0972812204724409
 30
0
 11
2.4494976771653545
 21
2.0975570472440945
 31
0
  0
LINE
  5
10A0
330
1A
100
AcDbEntity
  8
BLACK
  6
CONTINUOUS
100
AcDbLine
 10
2.4494976771653545
 20
2.0975570472440945
 30
0
 11
2.4479653543307087
 21
2.0976659448818897
 31
0
  0
LINE
  5
10A1
330
1A
100
AcDbEntity
  8
BLACK
  6
CONTINUOUS
100
AcDbLine
 10
2.4479653543307087
 20
2.0976659448818897
 30
0
 11
2.4465080708661415
 21
2.0971801574803148
 31
0
  0
LINE
  5
10A2
330
1A
100
AcDbEntity
  8
BLACK
  6
CONTINUOUS
100
AcDbLine
 10
2.4465080708661415
 20
2.0971801574803148
 30
0
 11
2.4453475590551181
 21
2.096173661417323
 31
0
  0
LINE
  5
10A3
330
1A
100
AcDbEntity
  8
BLACK
  6
CONTINUOUS
100
AcDbLine
 10
2.4453475590551181
 20
2.096173661417323
 30
0
 11
2.4446664173228347
 21
2.094811338582677
 31
0
  0
LINE
  5
10A4
330
1A
100
AcDbEntity
  8
BLACK
  6
CONTINUOUS
100
AcDbLine
 10
2.4446664173228347
 20
2.094811338582677
 30
0
 11
2.4446605905511811
 21
2.0947997637795277
 31
0
  0
LINE
  5
10A5
330
1A
100
AcDbEntity
  8
BLACK
  6
CONTINUOUS
100
AcDbLine
 10
2.4446605905511811
 20
2.0947997637795277
 30
0
 11
2.4446194881889762
 21
2.0942211023622046
 31
0
  0
LINE
  5
10A6
330
1A
100
AcDbEntity
  8
BLACK
  6
CONTINUOUS
100
AcDbLine
 10
2.4446194881889762
 20
2.0942211023622046
 30
0
 11
2.4445516929133859
 21
2.0932674015748032
 31
0
  0
LINE
  5
10A7
330
1A
100
AcDbEntity
  8
BLACK
  6
CONTINUOUS
100
AcDbLine
 10
2.4445516929133859
 20
2.0932674015748032
 30
0
 11
2.4450374803149604
 21
2.091810118110236
 31
0
  0
LINE
  5
10A8
330
1A
100
AcDbEntity
  8
BLACK
  6
CONTINUOUS
100
AcDbLine
 10
2.4450374803149604
 20
2.091810118110236
 30
0
 11
2.4460439763779527
 21
2.0906496062992126
 31
0
  0
LINE
  5
10A9
330
1A
100
AcDbEntity
  8
BLACK
  6
CONTINUOUS
100
AcDbLine
 10
2.4460439763779527
 20
2.0906496062992126
 30
0
 11
2.4466971259842518
 21
2.0902384645669292
 31
0
  0
LINE
  5
10AA
330
1A
100
AcDbEntity
  8
BLACK
  6
CONTINUOUS
100
AcDbLine
 10
2.4466971259842518
 20
2.0902384645669292
 30
0
 11
2.4523214173228345
 21
2.0874263385826772
 31
0
  0
LINE
  5
10AB
330
1A
100
AcDbEntity
  8
BLACK
  6
CONTINUOUS
100
AcDbLine
 10
2.4523214173228345
 20
2.0874263385826772
 30
0
 11
2.4530422440944881
 21
2.0871505118110236
 31
0
  0
LINE
  5
10AC
330
1A
100
AcDbEntity
  8
BLACK
  6
CONTINUOUS
100
AcDbLine
 10
2.4530422440944881
 20
2.0871505118110236
 30
0
 11
2.4530424015748031
 21
2.0871505118110236
 31
0
  0
LINE
  5
10AD
330
1A
100
AcDbEntity
  8
BLACK
  6
CONTINUOUS
100
AcDbLine
 10
2.4530424015748031
 20
2.0871505118110236
 30
0
 11
2.4530424409448819
 21
2.0871505118110236
 31
0
  0
LINE
  5
10AE
330
1A
100
AcDbEntity
  8
BLACK
  6
CONTINUOUS
100
AcDbLine
 10
2.4530424409448819
 20
2.0871505118110236
 30
0
 11
2.4531832677165353
 21
2.0871405118110236
 31
0
  0
LINE
  5
10AF
330
1A
100
AcDbEntity
  8
BLACK
  6
CONTINUOUS
100
AcDbLine
 10
2.4531832677165353
 20
2.0871405118110236
 30
0
 11
2.4533140157480315
 21
2.0870863385826772
 31
0
  0
LINE
  5
10B0
330
1A
100
AcDbEntity
  8
BLACK
  6
CONTINUOUS
100
AcDbLine
 10
2.4533140157480315
 20
2.0870863385826772
 30
0
 11
2.4540816929133857
 21
2.0870107480314961
 31
0
  0
LINE
  5
10B1
330
1A
100
AcDbEntity
  8
BLACK
  6
CONTINUOUS
100
AcDbLine
 10
2.4540816929133857
 20
2.0870107480314961
 30
0
 11
2.4540820078740158
 21
2.0870107480314961
 31
0
  0
LINE
  5
10B2
330
1A
100
AcDbEntity
  8
BLACK
  6
CONTINUOUS
100
AcDbLine
 10
2.4540820078740158
 20
2.0870107480314961
 30
0
 11
2.4540820866141733
 21
2.0870107086614174
 31
0
  0
LINE
  5
10B3
330
1A
100
AcDbEntity
  8
BLACK
  6
CONTINUOUS
100
AcDbLine
 10
2.4540820866141733
 20
2.0870107086614174
 30
0
 11
2.454082125984252
 21
2.0870107086614174
 31
0
  0
LINE
  5
10B4
330
1A
100
AcDbEntity
  8
BLACK
  6
CONTINUOUS
100
AcDbLine
 10
2.454082125984252
 20
2.0870107086614174
 30
0
 11
2.4653306299212598
 21
2.0870107086614174
 31
0
  0
LINE
  5
10B5
330
1A
100
AcDbEntity
  8
BLACK
  6
CONTINUOUS
100
AcDbLine
 10
2.4653306299212598
 20
2.0870107086614174
 30
0
 11
2.4653306692913386
 21
2.0870107086614174
 31
0
  0
LINE
  5
10B6
330
1A
100
AcDbEntity
  8
BLACK
  6
CONTINUOUS
100
AcDbLine
 10
2.4653306692913386
 20
2.0870107086614174
 30
0
 11
2.4653307086614173
 21
2.0870107480314961
 31
0
  0
LINE
  5
10B7
330
1A
100
AcDbEntity
  8
BLACK
  6
CONTINUOUS
100
AcDbLine
 10
2.4653307086614173
 20
2.0870107480314961
 30
0
 11
2.4653310629921261
 21
2.0870107480314961
 31
0
  0
LINE
  5
10B8
330
1A
100
AcDbEntity
  8
BLACK
  6
CONTINUOUS
100
AcDbLine
 10
2.4653310629921261
 20
2.0870107480314961
 30
0
 11
2.4655074803149604
 21
2.087028149606299
 31
0
  0
LINE
  5
10B9
330
1A
100
AcDbEntity
  8
BLACK
  6
CONTINUOUS
100
AcDbLine
 10
2.4655074803149604
 20
2.087028149606299
 30
0
 11
2.4657098425196851
 21
2.0870480708661416
 31
0
  0
LINE
  5
10BA
330
1A
100
AcDbEntity
  8
BLACK
  6
CONTINUOUS
100
AcDbLine
 10
2.4657098425196851
 20
2.0870480708661416
 30
0
 11
2.4660987401574803
 21
2.0870863385826772
 31
0
  0
LINE
  5
10BB
330
1A
100
AcDbEntity
  8
BLACK
  6
CONTINUOUS
100
AcDbLine
 10
2.4660987401574803
 20
2.0870863385826772
 30
0
 11
2.4660990944881891
 21
2.0870864960629922
 31
0
  0
LINE
  5
10BC
330
1A
100
AcDbEntity
  8
BLACK
  6
CONTINUOUS
100
AcDbLine
 10
2.4660990944881891
 20
2.0870864960629922
 30
0
 11
2.4660991338582678
 21
2.087086535433071
 31
0
  0
LINE
  5
10BD
330
1A
100
AcDbEntity
  8
BLACK
  6
CONTINUOUS
100
AcDbLine
 10
2.4660991338582678
 20
2.087086535433071
 30
0
 11
2.4662294488188974
 21
2.0871405118110236
 31
0
  0
LINE
  5
10BE
330
1A
100
AcDbEntity
  8
BLACK
  6
CONTINUOUS
100
AcDbLine
 10
2.4662294488188974
 20
2.0871405118110236
 30
0
 11
2.46637
 21
2.0871505118110236
 31
0
  0
LINE
  5
10BF
330
1A
100
AcDbEntity
  8
BLACK
  6
CONTINUOUS
100
AcDbLine
 10
2.46637
 20
2.0871505118110236
 30
0
 11
2.4663701968503937
 21
2.0871505118110236
 31
0
  0
LINE
  5
10C0
330
1A
100
AcDbEntity
  8
BLACK
  6
CONTINUOUS
100
AcDbLine
 10
2.4663701968503937
 20
2.0871505118110236
 30
0
 11
2.4663705511811025
 21
2.0871505118110236
 31
0
  0
LINE
  5
10C1
330
1A
100
AcDbEntity
  8
BLACK
  6
CONTINUOUS
100
AcDbLine
 10
2.4663705511811025
 20
2.0871505118110236
 30
0
 11
2.4670913385826769
 21
2.0874263385826772
 31
0
  0
LINE
  5
10C2
330
1A
100
AcDbEntity
  8
BLACK
  6
CONTINUOUS
100
AcDbLine
 10
2.4670913385826769
 20
2.0874263385826772
 30
0
 11
2.4726272834645671
 21
2.0901943307086612
 31
0
  0
LINE
  5
10C3
330
1A
100
AcDbEntity
  8
BLACK
  6
CONTINUOUS
100
AcDbLine
 10
2.4726272834645671
 20
2.0901943307086612
 30
0
 11
2.4726277165354329
 21
2.090194527559055
 31
0
  0
LINE
  5
10C4
330
1A
100
AcDbEntity
  8
BLACK
  6
CONTINUOUS
100
AcDbLine
 10
2.4726277165354329
 20
2.090194527559055
 30
0
 11
2.4727156299212596
 21
2.0902384645669292
 31
0
  0
LINE
  5
10C5
330
1A
100
AcDbEntity
  8
BLACK
  6
CONTINUOUS
100
AcDbLine
 10
2.4727156299212596
 20
2.0902384645669292
 30
0
 11
2.4728440944881891
 21
2.0903193700787401
 31
0
  0
LINE
  5
10C6
330
1A
100
AcDbEntity
  8
BLACK
  6
CONTINUOUS
100
AcDbLine
 10
2.4728440944881891
 20
2.0903193700787401
 30
0
 11
2.4729043700787403
 21
2.0903394488188978
 31
0
  0
LINE
  5
10C7
330
1A
100
AcDbEntity
  8
BLACK
  6
CONTINUOUS
100
AcDbLine
 10
2.4729043700787403
 20
2.0903394488188978
 30
0
 11
2.4729045669291336
 21
2.0903395275590553
 31
0
  0
LINE
  5
10C8
330
1A
100
AcDbEntity
  8
BLACK
  6
CONTINUOUS
100
AcDbLine
 10
2.4729045669291336
 20
2.0903395275590553
 30
0
 11
2.4729046850393699
 21
2.0903395275590553
 31
0
  0
LINE
  5
10C9
330
1A
100
AcDbEntity
  8
BLACK
  6
CONTINUOUS
100
AcDbLine
 10
2.4729046850393699
 20
2.0903395275590553
 30
0
 11
2.4729047244094486
 21
2.0903396062992123
 31
0
  0
LINE
  5
10CA
330
1A
100
AcDbEntity
  8
BLACK
  6
CONTINUOUS
100
AcDbLine
 10
2.4729047244094486
 20
2.0903396062992123
 30
0
 11
2.4729048425196849
 21
2.0903397244094486
 31
0
  0
LINE
  5
10CB
330
1A
100
AcDbEntity
  8
BLACK
  6
CONTINUOUS
100
AcDbLine
 10
2.4729048425196849
 20
2.0903397244094486
 30
0
 11
2.4729800787401572
 21
2.0904049606299213
 31
0
  0
LINE
  5
10CC
330
1A
100
AcDbEntity
  8
BLACK
  6
CONTINUOUS
100
AcDbLine
 10
2.4729800787401572
 20
2.0904049606299213
 30
0
 11
2.473301377952756
 21
2.0906071653543306
 31
0
  0
LINE
  5
10CD
330
1A
100
AcDbEntity
  8
BLACK
  6
CONTINUOUS
100
AcDbLine
 10
2.473301377952756
 20
2.0906071653543306
 30
0
 11
2.4733017322834647
 21
2.0906074409448818
 31
0
  0
LINE
  5
10CE
330
1A
100
AcDbEntity
  8
BLACK
  6
CONTINUOUS
100
AcDbLine
 10
2.4733017322834647
 20
2.0906074409448818
 30
0
 11
2.4733688188976379
 21
2.0906496062992126
 31
0
  0
LINE
  5
10CF
330
1A
100
AcDbEntity
  8
BLACK
  6
CONTINUOUS
100
AcDbLine
 10
2.4733688188976379
 20
2.0906496062992126
 30
0
 11
2.4734611023622048
 21
2.090756062992126
 31
0
  0
LINE
  5
10D0
330
1A
100
AcDbEntity
  8
BLACK
  6
CONTINUOUS
100
AcDbLine
 10
2.4734611023622048
 20
2.090756062992126
 30
0
 11
2.4734614566929132
 21
2.0907564173228348
 31
0
  0
LINE
  5
10D1
330
1A
100
AcDbEntity
  8
BLACK
  6
CONTINUOUS
100
AcDbLine
 10
2.4734614566929132
 20
2.0907564173228348
 30
0
 11
2.473692244094488
 21
2.0910225590551179
 31
0
  0
LINE
  5
10D2
330
1A
100
AcDbEntity
  8
BLACK
  6
CONTINUOUS
100
AcDbLine
 10
2.473692244094488
 20
2.0910225590551179
 30
0
 11
2.473958464566929
 21
2.091253464566929
 31
0
  0
LINE
  5
10D3
330
1A
100
AcDbEntity
  8
BLACK
  6
CONTINUOUS
100
AcDbLine
 10
2.473958464566929
 20
2.091253464566929
 30
0
 11
2.4739587401574803
 21
2.0912537007874015
 31
0
  0
LINE
  5
10D4
330
1A
100
AcDbEntity
  8
BLACK
  6
CONTINUOUS
100
AcDbLine
 10
2.4739587401574803
 20
2.0912537007874015
 30
0
 11
2.4740651968503937
 21
2.0913459842519684
 31
0
  0
LINE
  5
10D5
330
1A
100
AcDbEntity
  8
BLACK
  6
CONTINUOUS
100
AcDbLine
 10
2.4740651968503937
 20
2.0913459842519684
 30
0
 11
2.4741073622047245
 21
2.0914130708661416
 31
0
  0
LINE
  5
10D6
330
1A
100
AcDbEntity
  8
BLACK
  6
CONTINUOUS
100
AcDbLine
 10
2.4741073622047245
 20
2.0914130708661416
 30
0
 11
2.4741077165354328
 21
2.0914135826771654
 31
0
  0
LINE
  5
10D7
330
1A
100
AcDbEntity
  8
BLACK
  6
CONTINUOUS
100
AcDbLine
 10
2.4741077165354328
 20
2.0914135826771654
 30
0
 11
2.474309842519685
 21
2.0917347244094486
 31
0
  0
LINE
  5
10D8
330
1A
100
AcDbEntity
  8
BLACK
  6
CONTINUOUS
100
AcDbLine
 10
2.474309842519685
 20
2.0917347244094486
 30
0
 11
2.4743750787401573
 21
2.0918099606299214
 31
0
  0
LINE
  5
10D9
330
1A
100
AcDbEntity
  8
BLACK
  6
CONTINUOUS
100
AcDbLine
 10
2.4743750787401573
 20
2.0918099606299214
 30
0
 11
2.4743751968503935
 21
2.0918100787401572
 31
0
  0
LINE
  5
10DA
330
1A
100
AcDbEntity
  8
BLACK
  6
CONTINUOUS
100
AcDbLine
 10
2.4743751968503935
 20
2.0918100787401572
 30
0
 11
2.474375275590551
 21
2.091810118110236
 31
0
  0
LINE
  5
10DB
330
1A
100
AcDbEntity
  8
BLACK
  6
CONTINUOUS
100
AcDbLine
 10
2.474375275590551
 20
2.091810118110236
 30
0
 11
2.474375275590551
 21
2.0918102362204722
 31
0
  0
LINE
  5
10DC
330
1A
100
AcDbEntity
  8
BLACK
  6
CONTINUOUS
100
AcDbLine
 10
2.474375275590551
 20
2.0918102362204722
 30
0
 11
2.4743753543307085
 21
2.091810433070866
 31
0
  0
LINE
  5
10DD
330
1A
100
AcDbEntity
  8
BLACK
  6
CONTINUOUS
100
AcDbLine
 10
2.4743753543307085
 20
2.091810433070866
 30
0
 11
2.4743954330708662
 21
2.0918707086614172
 31
0
  0
LINE
  5
10DE
330
1A
100
AcDbEntity
  8
BLACK
  6
CONTINUOUS
100
AcDbLine
 10
2.4743954330708662
 20
2.0918707086614172
 30
0
 11
2.4744763385826771
 21
2.0919991732283463
 31
0
  0
LINE
  5
10DF
330
1A
100
AcDbEntity
  8
BLACK
  6
CONTINUOUS
100
AcDbLine
 10
2.4744763385826771
 20
2.0919991732283463
 30
0
 11
2.4748097244094489
 21
2.0926659055118111
 31
0
  0
LINE
  5
10E0
330
1A
100
AcDbEntity
  8
BLACK
  6
CONTINUOUS
100
AcDbLine
 10
2.4748097244094489
 20
2.0926659055118111
 30
0
 11
2.4772885039370078
 21
2.0976235039370077
 31
0
  0
LINE
  5
10E1
330
1A
100
AcDbEntity
  8
BLACK
  6
CONTINUOUS
100
AcDbLine
 10
2.4772885039370078
 20
2.0976235039370077
 30
0
 11
2.4775643307086614
 21
2.0983442913385826
 31
0
  0
LINE
  5
10E2
330
1A
100
AcDbEntity
  8
BLACK
  6
CONTINUOUS
100
AcDbLine
 10
2.4775643307086614
 20
2.0983442913385826
 30
0
 11
2.4775643307086614
 21
2.0983446456692914
 31
0
  0
LINE
  5
10E3
330
1A
100
AcDbEntity
  8
BLACK
  6
CONTINUOUS
100
AcDbLine
 10
2.4775643307086614
 20
2.0983446456692914
 30
0
 11
2.4775643307086614
 21
2.0983448425196851
 31
0
  0
LINE
  5
10E4
330
1A
100
AcDbEntity
  8
BLACK
  6
CONTINUOUS
100
AcDbLine
 10
2.4775643307086614
 20
2.0983448425196851
 30
0
 11
2.4775743307086615
 21
2.0984853937007872
 31
0
  0
LINE
  5
10E5
330
1A
100
AcDbEntity
  8
BLACK
  6
CONTINUOUS
100
AcDbLine
 10
2.4775743307086615
 20
2.0984853937007872
 30
0
 11
2.4776285039370078
 21
2.0986161023622047
 31
0
  0
LINE
  5
10E6
330
1A
100
AcDbEntity
  8
BLACK
  6
CONTINUOUS
100
AcDbLine
 10
2.4776285039370078
 20
2.0986161023622047
 30
0
 11
2.4777041338582677
 21
2.0993841732283465
 31
0
  0
LINE
  5
10E7
330
1A
100
AcDbEntity
  8
BLACK
  6
CONTINUOUS
100
AcDbLine
 10
2.4777041338582677
 20
2.0993841732283465
 30
0
 11
2.4777041338582677
 21
2.1021962992125984
 31
0
  0
LINE
  5
10E8
330
1A
100
AcDbEntity
  8
BLACK
  6
CONTINUOUS
100
AcDbLine
 10
2.4777041338582677
 20
2.1021962992125984
 30
0
 11
2.4776285039370078
 21
2.1029643700787402
 31
0
  0
LINE
  5
10E9
330
1A
100
AcDbEntity
  8
BLACK
  6
CONTINUOUS
100
AcDbLine
 10
2.4776285039370078
 20
2.1029643700787402
 30
0
 11
2.4775743307086615
 21
2.103095118110236
 31
0
  0
LINE
  5
10EA
330
1A
100
AcDbEntity
  8
BLACK
  6
CONTINUOUS
100
AcDbLine
 10
2.4775743307086615
 20
2.103095118110236
 30
0
 11
2.4775643307086614
 21
2.1032361811023623
 31
0
  0
LINE
  5
10EB
330
1A
100
AcDbEntity
  8
BLACK
  6
CONTINUOUS
100
AcDbLine
 10
2.4775643307086614
 20
2.1032361811023623
 30
0
 11
2.4772885039370078
 21
2.1039570078740155
 31
0
  0
LINE
  5
10EC
330
1A
100
AcDbEntity
  8
BLACK
  6
CONTINUOUS
100
AcDbLine
 10
2.4772885039370078
 20
2.1039570078740155
 30
0
 11
2.475919094488189
 21
2.1066957874015748
 31
0
  0
LINE
  5
10ED
330
1A
100
AcDbEntity
  8
BLACK
  6
CONTINUOUS
100
AcDbLine
 10
2.475919094488189
 20
2.1066957874015748
 30
0
 11
2.47451968503937
 21
2.1094945669291336
 31
0
  0
LINE
  5
10EE
330
1A
100
AcDbEntity
  8
BLACK
  6
CONTINUOUS
100
AcDbLine
 10
2.47451968503937
 20
2.1094945669291336
 30
0
 11
2.4745195669291338
 21
2.1094948031496061
 31
0
  0
LINE
  5
10EF
330
1A
100
AcDbEntity
  8
BLACK
  6
CONTINUOUS
100
AcDbLine
 10
2.4745195669291338
 20
2.1094948031496061
 30
0
 11
2.4744763385826771
 21
2.1095812992125982
 31
0
  0
LINE
  5
10F0
330
1A
100
AcDbEntity
  8
BLACK
  6
CONTINUOUS
100
AcDbLine
 10
2.4744763385826771
 20
2.1095812992125982
 30
0
 11
2.4743954330708662
 21
2.1097098425196852
 31
0
  0
LINE
  5
10F1
330
1A
100
AcDbEntity
  8
BLACK
  6
CONTINUOUS
100
AcDbLine
 10
2.4743954330708662
 20
2.1097098425196852
 30
0
 11
2.474375275590551
 21
2.1097703149606297
 31
0
  0
LINE
  5
10F2
330
1A
100
AcDbEntity
  8
BLACK
  6
CONTINUOUS
100
AcDbLine
 10
2.474375275590551
 20
2.1097703149606297
 30
0
 11
2.4743099212598425
 21
2.1098457086614171
 31
0
  0
LINE
  5
10F3
330
1A
100
AcDbEntity
  8
BLACK
  6
CONTINUOUS
100
AcDbLine
 10
2.4743099212598425
 20
2.1098457086614171
 30
0
 11
2.4740651968503937
 21
2.1102344488188978
 31
0
  0
LINE
  5
10F4
330
1A
100
AcDbEntity
  8
BLACK
  6
CONTINUOUS
100
AcDbLine
 10
2.4740651968503937
 20
2.1102344488188978
 30
0
 11
2.473692244094488
 21
2.1105579133858265
 31
0
  0
LINE
  5
10F5
330
1A
100
AcDbEntity
  8
BLACK
  6
CONTINUOUS
100
AcDbLine
 10
2.473692244094488
 20
2.1105579133858265
 30
0
 11
2.4733688188976379
 21
2.1109308267716536
 31
0
  0
LINE
  5
10F6
330
1A
100
AcDbEntity
  8
BLACK
  6
CONTINUOUS
100
AcDbLine
 10
2.4733688188976379
 20
2.1109308267716536
 30
0
 11
2.4729800787401572
 21
2.1111755118110236
 31
0
  0
LINE
  5
10F7
330
1A
100
AcDbEntity
  8
BLACK
  6
CONTINUOUS
100
AcDbLine
 10
2.4729800787401572
 20
2.1111755118110236
 30
0
 11
2.4729046850393699
 21
2.1112409055118109
 31
0
  0
LINE
  5
10F8
330
1A
100
AcDbEntity
  8
BLACK
  6
CONTINUOUS
100
AcDbLine
 10
2.4729046850393699
 20
2.1112409055118109
 30
0
 11
2.4728440944881891
 21
2.1112611023622048
 31
0
  0
LINE
  5
10F9
330
1A
100
AcDbEntity
  8
BLACK
  6
CONTINUOUS
100
AcDbLine
 10
2.4728440944881891
 20
2.1112611023622048
 30
0
 11
2.4727156299212596
 21
2.111341968503937
 31
0
  0
LINE
  5
10FA
330
1A
100
AcDbEntity
  8
BLACK
  6
CONTINUOUS
100
AcDbLine
 10
2.4727156299212596
 20
2.111341968503937
 30
0
 11
2.4670913779527557
 21
2.1141541338582677
 31
0
  0
LINE
  5
10FB
330
1A
100
AcDbEntity
  8
BLACK
  6
CONTINUOUS
100
AcDbLine
 10
2.4670913779527557
 20
2.1141541338582677
 30
0
 11
2.4663705511811025
 21
2.1144299606299213
 31
0
  0
LINE
  5
10FC
330
1A
100
AcDbEntity
  8
BLACK
  6
CONTINUOUS
100
AcDbLine
 10
2.4663705511811025
 20
2.1144299606299213
 30
0
 11
2.4662294488188974
 21
2.1144400000000001
 31
0
  0
LINE
  5
10FD
330
1A
100
AcDbEntity
  8
BLACK
  6
CONTINUOUS
100
AcDbLine
 10
2.4662294488188974
 20
2.1144400000000001
 30
0
 11
2.4660987401574803
 21
2.1144941338582677
 31
0
  0
LINE
  5
10FE
330
1A
100
AcDbEntity
  8
BLACK
  6
CONTINUOUS
100
AcDbLine
 10
2.4660987401574803
 20
2.1144941338582677
 30
0
 11
2.4653306692913386
 21
2.1145697637795275
 31
0
  0
LINE
  5
10FF
330
1A
100
AcDbEntity
  8
BLACK
  6
CONTINUOUS
100
AcDbLine
 10
2.4653306692913386
 20
2.1145697637795275
 30
0
 11
2.4589946456692915
 21
2.1145697637795275
 31
0
  0
LINE
  5
1100
330
1A
100
AcDbEntity
  8
BLACK
  6
CONTINUOUS
100
AcDbLine
 10
2.4589946456692915
 20
2.1145697637795275
 30
0
 11
2.4578236614173226
 21
2.1145697637795275
 31
0
  0
LINE
  5
1101
330
1A
100
AcDbEntity
  8
BLACK
  6
CONTINUOUS
100
AcDbLine
 10
2.4578236614173226
 20
2.1145697637795275
 30
0
 11
2.4542043700787399
 21
2.1163793700787403
 31
0
  0
LINE
  5
1102
330
1A
100
AcDbEntity
  8
BLACK
  6
CONTINUOUS
100
AcDbLine
 10
2.4542043700787399
 20
2.1163793700787403
 30
0
 11
2.453465157480315
 21
2.1178578346456693
 31
0
  0
LINE
  5
1103
330
1A
100
AcDbEntity
  8
BLACK
  6
CONTINUOUS
100
AcDbLine
 10
2.453465157480315
 20
2.1178578346456693
 30
0
 11
2.4532655905511809
 21
2.1182569685039367
 31
0
  0
LINE
  5
1104
330
1A
100
AcDbEntity
  8
BLACK
  6
CONTINUOUS
100
AcDbLine
 10
2.4532655905511809
 20
2.1182569685039367
 30
0
 11
2.4532655511811021
 21
2.1182570078740155
 31
0
  0
LINE
  5
1105
330
1A
100
AcDbEntity
  8
BLACK
  6
CONTINUOUS
100
AcDbLine
 10
2.4532655511811021
 20
2.1182570078740155
 30
0
 11
2.4523948031496063
 21
2.1199986220472442
 31
0
  0
LINE
  5
1106
330
1A
100
AcDbEntity
  8
BLACK
  6
CONTINUOUS
100
AcDbLine
 10
2.4523948031496063
 20
2.1199986220472442
 30
0
 11
2.4523948031496063
 21
2.1209519685039369
 31
0
  0
LINE
  5
1107
330
1A
100
AcDbEntity
  8
BLACK
  6
CONTINUOUS
100
AcDbLine
 10
2.4523948031496063
 20
2.1209519685039369
 30
0
 11
2.4532653937007876
 21
2.1226932677165355
 31
0
  0
LINE
  5
1108
330
1A
100
AcDbEntity
  8
BLACK
  6
CONTINUOUS
100
AcDbLine
 10
2.4532653937007876
 20
2.1226932677165355
 30
0
 11
2.4532654724409446
 21
2.1226934251968506
 31
0
  0
LINE
  5
1109
330
1A
100
AcDbEntity
  8
BLACK
  6
CONTINUOUS
100
AcDbLine
 10
2.4532654724409446
 20
2.1226934251968506
 30
0
 11
2.4534648818897637
 21
2.1230922047244092
 31
0
  0
LINE
  5
110A
330
1A
100
AcDbEntity
  8
BLACK
  6
CONTINUOUS
100
AcDbLine
 10
2.4534648818897637
 20
2.1230922047244092
 30
0
 11
2.4534648818897637
 21
2.1230922440944879
 31
0
  0
LINE
  5
110B
330
1A
100
AcDbEntity
  8
BLACK
  6
CONTINUOUS
100
AcDbLine
 10
2.4534648818897637
 20
2.1230922440944879
 30
0
 11
2.4542043700787399
 21
2.124571181102362
 31
0
  0
LINE
  5
110C
330
1A
100
AcDbEntity
  8
BLACK
  6
CONTINUOUS
100
AcDbLine
 10
2.4542043700787399
 20
2.124571181102362
 30
0
 11
2.4556814960629922
 21
2.1253097637795273
 31
0
  0
LINE
  5
110D
330
1A
100
AcDbEntity
  8
BLACK
  6
CONTINUOUS
100
AcDbLine
 10
2.4556814960629922
 20
2.1253097637795273
 30
0
 11
2.4556822834645669
 21
2.1253101574803148
 31
0
  0
LINE
  5
110E
330
1A
100
AcDbEntity
  8
BLACK
  6
CONTINUOUS
100
AcDbLine
 10
2.4556822834645669
 20
2.1253101574803148
 30
0
 11
2.4567763779527558
 21
2.1258572047244093
 31
0
  0
LINE
  5
110F
330
1A
100
AcDbEntity
  8
BLACK
  6
CONTINUOUS
100
AcDbLine
 10
2.4567763779527558
 20
2.1258572047244093
 30
0
 11
2.4567765354330708
 21
2.1258572834645668
 31
0
  0
LINE
  5
1110
330
1A
100
AcDbEntity
  8
BLACK
  6
CONTINUOUS
100
AcDbLine
 10
2.4567765354330708
 20
2.1258572834645668
 30
0
 11
2.4578236614173226
 21
2.1263807874015748
 31
0
  0
LINE
  5
1111
330
1A
100
AcDbEntity
  8
BLACK
  6
CONTINUOUS
100
AcDbLine
 10
2.4578236614173226
 20
2.1263807874015748
 30
0
 11
2.4644012204724408
 21
2.1263807874015748
 31
0
  0
LINE
  5
1112
330
1A
100
AcDbEntity
  8
BLACK
  6
CONTINUOUS
100
AcDbLine
 10
2.4644012204724408
 20
2.1263807874015748
 30
0
 11
2.4654484645669292
 21
2.1258571653543306
 31
0
  0
LINE
  5
1113
330
1A
100
AcDbEntity
  8
BLACK
  6
CONTINUOUS
100
AcDbLine
 10
2.4654484645669292
 20
2.1258571653543306
 30
0
 11
2.4654485826771655
 21
2.1258571259842518
 31
0
  0
LINE
  5
1114
330
1A
100
AcDbEntity
  8
BLACK
  6
CONTINUOUS
100
AcDbLine
 10
2.4654485826771655
 20
2.1258571259842518
 30
0
 11
2.4691942519685037
 21
2.1239842519685039
 31
0
  0
LINE
  5
1115
330
1A
100
AcDbEntity
  8
BLACK
  6
CONTINUOUS
100
AcDbLine
 10
2.4691942519685037
 20
2.1239842519685039
 30
0
 11
2.4699150787401574
 21
2.1237084251968503
 31
0
  0
LINE
  5
1116
330
1A
100
AcDbEntity
  8
BLACK
  6
CONTINUOUS
100
AcDbLine
 10
2.4699150787401574
 20
2.1237084251968503
 30
0
 11
2.4714473622047244
 21
2.1235995275590551
 31
0
  0
LINE
  5
1117
330
1A
100
AcDbEntity
  8
BLACK
  6
CONTINUOUS
100
AcDbLine
 10
2.4714473622047244
 20
2.1235995275590551
 30
0
 11
2.4729046850393699
 21
2.12408531496063
 31
0
  0
LINE
  5
1118
330
1A
100
AcDbEntity
  8
BLACK
  6
CONTINUOUS
100
AcDbLine
 10
2.4729046850393699
 20
2.12408531496063
 30
0
 11
2.474065157480315
 21
2.1250917716535431
 31
0
  0
LINE
  5
1119
330
1A
100
AcDbEntity
  8
BLACK
  6
CONTINUOUS
100
AcDbLine
 10
2.474065157480315
 20
2.1250917716535431
 30
0
 11
2.4747521653543307
 21
2.1264657480314959
 31
0
  0
LINE
  5
111A
330
1A
100
AcDbEntity
  8
BLACK
  6
CONTINUOUS
100
AcDbLine
 10
2.4747521653543307
 20
2.1264657480314959
 30
0
 11
2.4748610629921259
 21
2.1279980314960629
 31
0
  0
LINE
  5
111B
330
1A
100
AcDbEntity
  8
BLACK
  6
CONTINUOUS
100
AcDbLine
 10
2.4748610629921259
 20
2.1279980314960629
 30
0
 11
2.4748366141732281
 21
2.1280713385826773
 31
0
  0
LINE
  5
111C
330
1A
100
AcDbEntity
  8
BLACK
  6
CONTINUOUS
100
AcDbLine
 10
2.4748366141732281
 20
2.1280713385826773
 30
0
 11
2.4743753149606298
 21
2.1294552755905509
 31
0
  0
LINE
  5
111D
330
1A
100
AcDbEntity
  8
BLACK
  6
CONTINUOUS
100
AcDbLine
 10
2.4743753149606298
 20
2.1294552755905509
 30
0
 11
2.474375275590551
 21
2.1294553149606297
 31
0
  0
LINE
  5
111E
330
1A
100
AcDbEntity
  8
BLACK
  6
CONTINUOUS
100
AcDbLine
 10
2.474375275590551
 20
2.1294553149606297
 30
0
 11
2.474375275590551
 21
2.1294553543307084
 31
0
  0
LINE
  5
111F
330
1A
100
AcDbEntity
  8
BLACK
  6
CONTINUOUS
100
AcDbLine
 10
2.474375275590551
 20
2.1294553543307084
 30
0
 11
2.4733688188976379
 21
2.1306158661417323
 31
0
  0
LINE
  5
1120
330
1A
100
AcDbEntity
  8
BLACK
  6
CONTINUOUS
100
AcDbLine
 10
2.4733688188976379
 20
2.1306158661417323
 30
0
 11
2.4728057086614172
 21
2.1309703149606301
 31
0
  0
LINE
  5
1121
330
1A
100
AcDbEntity
  8
BLACK
  6
CONTINUOUS
100
AcDbLine
 10
2.4728057086614172
 20
2.1309703149606301
 30
0
 11
2.4727156299212596
 21
2.1310270078740157
 31
0
  0
LINE
  5
1122
330
1A
100
AcDbEntity
  8
BLACK
  6
CONTINUOUS
100
AcDbLine
 10
2.4727156299212596
 20
2.1310270078740157
 30
0
 11
2.4670913779527557
 21
2.1338391732283464
 31
0
  0
LINE
  5
1123
330
1A
100
AcDbEntity
  8
BLACK
  6
CONTINUOUS
100
AcDbLine
 10
2.4670913779527557
 20
2.1338391732283464
 30
0
 11
2.4663705511811025
 21
2.134115
 31
0
  0
LINE
  5
1124
330
1A
100
AcDbEntity
  8
BLACK
  6
CONTINUOUS
100
AcDbLine
 10
2.4663705511811025
 20
2.134115
 30
0
 11
2.4662294488188974
 21
2.1341250393700788
 31
0
  0
LINE
  5
1125
330
1A
100
AcDbEntity
  8
BLACK
  6
CONTINUOUS
100
AcDbLine
 10
2.4662294488188974
 20
2.1341250393700788
 30
0
 11
2.4660987401574803
 21
2.1341791732283464
 31
0
  0
LINE
  5
1126
330
1A
100
AcDbEntity
  8
BLACK
  6
CONTINUOUS
100
AcDbLine
 10
2.4660987401574803
 20
2.1341791732283464
 30
0
 11
2.4653306692913386
 21
2.1342548031496062
 31
0
  0
LINE
  5
1127
330
1A
100
AcDbEntity
  8
BLACK
  6
CONTINUOUS
100
AcDbLine
 10
2.4653306692913386
 20
2.1342548031496062
 30
0
 11
2.456894251968504
 21
2.1342548031496062
 31
0
  0
LINE
  5
1128
330
1A
100
AcDbEntity
  8
BLACK
  6
CONTINUOUS
100
AcDbLine
 10
2.456894251968504
 20
2.1342548031496062
 30
0
 11
2.4561261811023622
 21
2.1341791732283464
 31
0
  0
LINE
  5
1129
330
1A
100
AcDbEntity
  8
BLACK
  6
CONTINUOUS
100
AcDbLine
 10
2.4968891732283462
 20
2.153276338582677
 30
0
 11
2.4958029527559056
 21
2.1521901181102363
 31
0
  0
LINE
  5
112A
330
1A
100
AcDbEntity
  8
BLACK
  6
CONTINUOUS
100
AcDbLine
 10
2.4958029527559056
 20
2.1521901181102363
 30
0
 11
2.4952150787401575
 21
2.1507709055118109
 31
0
  0
LINE
  5
112B
330
1A
100
AcDbEntity
  8
BLACK
  6
CONTINUOUS
100
AcDbLine
 10
2.4952150787401575
 20
2.1507709055118109
 30
0
 11
2.4951394488188976
 21
2.1500028346456692
 31
0
  0
LINE
  5
112C
330
1A
100
AcDbEntity
  8
BLACK
  6
CONTINUOUS
100
AcDbLine
 10
2.4951394488188976
 20
2.1500028346456692
 30
0
 11
2.4951394488188976
 21
2.1342548031496062
 31
0
  0
LINE
  5
112D
330
1A
100
AcDbEntity
  8
BLACK
  6
CONTINUOUS
100
AcDbLine
 10
2.4951394488188976
 20
2.1342548031496062
 30
0
 11
2.4906400393700787
 21
2.1342548031496062
 31
0
  0
LINE
  5
112E
330
1A
100
AcDbEntity
  8
BLACK
  6
CONTINUOUS
100
AcDbLine
 10
2.4906400393700787
 20
2.1342548031496062
 30
0
 11
2.489871968503937
 21
2.1341791732283464
 31
0
  0
LINE
  5
112F
330
1A
100
AcDbEntity
  8
BLACK
  6
CONTINUOUS
100
AcDbLine
 10
2.489871968503937
 20
2.1341791732283464
 30
0
 11
2.4884527559055116
 21
2.1335912992125983
 31
0
  0
LINE
  5
1130
330
1A
100
AcDbEntity
  8
BLACK
  6
CONTINUOUS
100
AcDbLine
 10
2.4884527559055116
 20
2.1335912992125983
 30
0
 11
2.487366535433071
 21
2.1325050787401576
 31
0
  0
LINE
  5
1131
330
1A
100
AcDbEntity
  8
BLACK
  6
CONTINUOUS
100
AcDbLine
 10
2.487366535433071
 20
2.1325050787401576
 30
0
 11
2.4867786614173228
 21
2.1310858661417322
 31
0
  0
LINE
  5
1132
330
1A
100
AcDbEntity
  8
BLACK
  6
CONTINUOUS
100
AcDbLine
 10
2.4867786614173228
 20
2.1310858661417322
 30
0
 11
2.4867786614173228
 21
2.1295497244094488
 31
0
  0
LINE
  5
1133
330
1A
100
AcDbEntity
  8
BLACK
  6
CONTINUOUS
100
AcDbLine
 10
2.4867786614173228
 20
2.1295497244094488
 30
0
 11
2.487366535433071
 21
2.1281305118110234
 31
0
  0
LINE
  5
1134
330
1A
100
AcDbEntity
  8
BLACK
  6
CONTINUOUS
100
AcDbLine
 10
2.487366535433071
 20
2.1281305118110234
 30
0
 11
2.4884527165354329
 21
2.1270443307086615
 31
0
  0
LINE
  5
1135
330
1A
100
AcDbEntity
  8
BLACK
  6
CONTINUOUS
100
AcDbLine
 10
2.4884527165354329
 20
2.1270443307086615
 30
0
 11
2.4884527559055116
 21
2.1270442913385827
 31
0
  0
LINE
  5
1136
330
1A
100
AcDbEntity
  8
BLACK
  6
CONTINUOUS
100
AcDbLine
 10
2.4884527559055116
 20
2.1270442913385827
 30
0
 11
2.489871968503937
 21
2.1264564173228346
 31
0
  0
LINE
  5
1137
330
1A
100
AcDbEntity
  8
BLACK
  6
CONTINUOUS
100
AcDbLine
 10
2.489871968503937
 20
2.1264564173228346
 30
0
 11
2.4906400393700787
 21
2.1263807874015748
 31
0
  0
LINE
  5
1138
330
1A
100
AcDbEntity
  8
BLACK
  6
CONTINUOUS
100
AcDbLine
 10
2.4906400393700787
 20
2.1263807874015748
 30
0
 11
2.490640157480315
 21
2.1263807874015748
 31
0
  0
LINE
  5
1139
330
1A
100
AcDbEntity
  8
BLACK
  6
CONTINUOUS
100
AcDbLine
 10
2.490640157480315
 20
2.1263807874015748
 30
0
 11
2.4951394488188976
 21
2.1263807874015748
 31
0
  0
LINE
  5
113A
330
1A
100
AcDbEntity
  8
BLACK
  6
CONTINUOUS
100
AcDbLine
 10
2.4951394488188976
 20
2.1263807874015748
 30
0
 11
2.4951394488188976
 21
2.0993841732283465
 31
0
  0
LINE
  5
113B
330
1A
100
AcDbEntity
  8
BLACK
  6
CONTINUOUS
100
AcDbLine
 10
2.4951394488188976
 20
2.0993841732283465
 30
0
 11
2.4952150787401575
 21
2.0986161023622047
 31
0
  0
LINE
  5
113C
330
1A
100
AcDbEntity
  8
BLACK
  6
CONTINUOUS
100
AcDbLine
 10
2.4952150787401575
 20
2.0986161023622047
 30
0
 11
2.495269212598425
 21
2.0984853937007872
 31
0
  0
LINE
  5
113D
330
1A
100
AcDbEntity
  8
BLACK
  6
CONTINUOUS
100
AcDbLine
 10
2.495269212598425
 20
2.0984853937007872
 30
0
 11
2.4952792519685039
 21
2.0983442913385826
 31
0
  0
LINE
  5
113E
330
1A
100
AcDbEntity
  8
BLACK
  6
CONTINUOUS
100
AcDbLine
 10
2.4952792519685039
 20
2.0983442913385826
 30
0
 11
2.4955550787401575
 21
2.0976235039370077
 31
0
  0
LINE
  5
113F
330
1A
100
AcDbEntity
  8
BLACK
  6
CONTINUOUS
100
AcDbLine
 10
2.4955550787401575
 20
2.0976235039370077
 30
0
 11
2.4983672440944882
 21
2.0919991732283463
 31
0
  0
LINE
  5
1140
330
1A
100
AcDbEntity
  8
BLACK
  6
CONTINUOUS
100
AcDbLine
 10
2.4983672440944882
 20
2.0919991732283463
 30
0
 11
2.4984481102362204
 21
2.0918707086614172
 31
0
  0
LINE
  5
1141
330
1A
100
AcDbEntity
  8
BLACK
  6
CONTINUOUS
100
AcDbLine
 10
2.4984481102362204
 20
2.0918707086614172
 30
0
 11
2.4984683070866143
 21
2.091810118110236
 31
0
  0
LINE
  5
1142
330
1A
100
AcDbEntity
  8
BLACK
  6
CONTINUOUS
100
AcDbLine
 10
2.4984683070866143
 20
2.091810118110236
 30
0
 11
2.4985337007874016
 21
2.0917347244094486
 31
0
  0
LINE
  5
1143
330
1A
100
AcDbEntity
  8
BLACK
  6
CONTINUOUS
100
AcDbLine
 10
2.4985337007874016
 20
2.0917347244094486
 30
0
 11
2.4987783858267716
 21
2.0913459842519684
 31
0
  0
LINE
  5
1144
330
1A
100
AcDbEntity
  8
BLACK
  6
CONTINUOUS
100
AcDbLine
 10
2.4987783858267716
 20
2.0913459842519684
 30
0
 11
2.4991514173228344
 21
2.0910224803149604
 31
0
  0
LINE
  5
1145
330
1A
100
AcDbEntity
  8
BLACK
  6
CONTINUOUS
100
AcDbLine
 10
2.4991514173228344
 20
2.0910224803149604
 30
0
 11
2.4994748031496061
 21
2.0906496062992126
 31
0
  0
LINE
  5
1146
330
1A
100
AcDbEntity
  8
BLACK
  6
CONTINUOUS
100
AcDbLine
 10
2.4994748031496061
 20
2.0906496062992126
 30
0
 11
2.4998634251968501
 21
2.0904050000000001
 31
0
  0
LINE
  5
1147
330
1A
100
AcDbEntity
  8
BLACK
  6
CONTINUOUS
100
AcDbLine
 10
2.4998634251968501
 20
2.0904050000000001
 30
0
 11
2.4999388976377954
 21
2.0903395275590553
 31
0
  0
LINE
  5
1148
330
1A
100
AcDbEntity
  8
BLACK
  6
CONTINUOUS
100
AcDbLine
 10
2.4999388976377954
 20
2.0903395275590553
 30
0
 11
2.4999389763779525
 21
2.0903395275590553
 31
0
  0
LINE
  5
1149
330
1A
100
AcDbEntity
  8
BLACK
  6
CONTINUOUS
100
AcDbLine
 10
2.4999389763779525
 20
2.0903395275590553
 30
0
 11
2.49993905511811
 21
2.0903394881889765
 31
0
  0
LINE
  5
114A
330
1A
100
AcDbEntity
  8
BLACK
  6
CONTINUOUS
100
AcDbLine
 10
2.49993905511811
 20
2.0903394881889765
 30
0
 11
2.4999994488188975
 21
2.0903193307086614
 31
0
  0
LINE
  5
114B
330
1A
100
AcDbEntity
  8
BLACK
  6
CONTINUOUS
100
AcDbLine
 10
2.4999994488188975
 20
2.0903193307086614
 30
0
 11
2.5001279527559053
 21
2.0902384645669292
 31
0
  0
LINE
  5
114C
330
1A
100
AcDbEntity
  8
BLACK
  6
CONTINUOUS
100
AcDbLine
 10
2.5001279527559053
 20
2.0902384645669292
 30
0
 11
2.5002138976377952
 21
2.0901955118110234
 31
0
  0
LINE
  5
114D
330
1A
100
AcDbEntity
  8
BLACK
  6
CONTINUOUS
100
AcDbLine
 10
2.5002138976377952
 20
2.0901955118110234
 30
0
 11
2.5002141338582677
 21
2.0901953937007876
 31
0
  0
LINE
  5
114E
330
1A
100
AcDbEntity
  8
BLACK
  6
CONTINUOUS
100
AcDbLine
 10
2.5002141338582677
 20
2.0901953937007876
 30
0
 11
2.5057522440944879
 21
2.0874263385826772
 31
0
  0
LINE
  5
114F
330
1A
100
AcDbEntity
  8
BLACK
  6
CONTINUOUS
100
AcDbLine
 10
2.5057522440944879
 20
2.0874263385826772
 30
0
 11
2.5064730708661416
 21
2.0871505118110236
 31
0
  0
LINE
  5
1150
330
1A
100
AcDbEntity
  8
BLACK
  6
CONTINUOUS
100
AcDbLine
 10
2.5064730708661416
 20
2.0871505118110236
 30
0
 11
2.5064732283464566
 21
2.0871505118110236
 31
0
  0
LINE
  5
1151
330
1A
100
AcDbEntity
  8
BLACK
  6
CONTINUOUS
100
AcDbLine
 10
2.5064732283464566
 20
2.0871505118110236
 30
0
 11
2.5064732677165353
 21
2.0871505118110236
 31
0
  0
LINE
  5
1152
330
1A
100
AcDbEntity
  8
BLACK
  6
CONTINUOUS
100
AcDbLine
 10
2.5064732677165353
 20
2.0871505118110236
 30
0
 11
2.5066140944881887
 21
2.0871405118110236
 31
0
  0
LINE
  5
1153
330
1A
100
AcDbEntity
  8
BLACK
  6
CONTINUOUS
100
AcDbLine
 10
2.5066140944881887
 20
2.0871405118110236
 30
0
 11
2.506744842519685
 21
2.0870863385826772
 31
0
  0
LINE
  5
1154
330
1A
100
AcDbEntity
  8
BLACK
  6
CONTINUOUS
100
AcDbLine
 10
2.506744842519685
 20
2.0870863385826772
 30
0
 11
2.5075125196850392
 21
2.0870107480314961
 31
0
  0
LINE
  5
1155
330
1A
100
AcDbEntity
  8
BLACK
  6
CONTINUOUS
100
AcDbLine
 10
2.5075125196850392
 20
2.0870107480314961
 30
0
 11
2.5075128346456692
 21
2.0870107480314961
 31
0
  0
LINE
  5
1156
330
1A
100
AcDbEntity
  8
BLACK
  6
CONTINUOUS
100
AcDbLine
 10
2.5075128346456692
 20
2.0870107480314961
 30
0
 11
2.5075129133858267
 21
2.0870107086614174
 31
0
  0
LINE
  5
1157
330
1A
100
AcDbEntity
  8
BLACK
  6
CONTINUOUS
100
AcDbLine
 10
2.5075129133858267
 20
2.0870107086614174
 30
0
 11
2.5075129527559055
 21
2.0870107086614174
 31
0
  0
LINE
  5
1158
330
1A
100
AcDbEntity
  8
BLACK
  6
CONTINUOUS
100
AcDbLine
 10
2.5075129527559055
 20
2.0870107086614174
 30
0
 11
2.5131371653543306
 21
2.0870107086614174
 31
0
  0
LINE
  5
1159
330
1A
100
AcDbEntity
  8
BLACK
  6
CONTINUOUS
100
AcDbLine
 10
2.5131371653543306
 20
2.0870107086614174
 30
0
 11
2.5131372047244094
 21
2.0870107086614174
 31
0
  0
LINE
  5
115A
330
1A
100
AcDbEntity
  8
BLACK
  6
CONTINUOUS
100
AcDbLine
 10
2.5131372047244094
 20
2.0870107086614174
 30
0
 11
2.5139052755905511
 21
2.0870863385826772
 31
0
  0
LINE
  5
115B
330
1A
100
AcDbEntity
  8
BLACK
  6
CONTINUOUS
100
AcDbLine
 10
2.5139052755905511
 20
2.0870863385826772
 30
0
 11
2.5153244881889765
 21
2.0876742125984253
 31
0
  0
LINE
  5
115C
330
1A
100
AcDbEntity
  8
BLACK
  6
CONTINUOUS
100
AcDbLine
 10
2.5153244881889765
 20
2.0876742125984253
 30
0
 11
2.5164107086614171
 21
2.088760433070866
 31
0
  0
LINE
  5
115D
330
1A
100
AcDbEntity
  8
BLACK
  6
CONTINUOUS
100
AcDbLine
 10
2.5164107086614171
 20
2.088760433070866
 30
0
 11
2.5169985826771653
 21
2.0901796456692914
 31
0
  0
LINE
  5
115E
330
1A
100
AcDbEntity
  8
BLACK
  6
CONTINUOUS
100
AcDbLine
 10
2.5169985826771653
 20
2.0901796456692914
 30
0
 11
2.5169985826771653
 21
2.0917157874015748
 31
0
  0
LINE
  5
115F
330
1A
100
AcDbEntity
  8
BLACK
  6
CONTINUOUS
100
AcDbLine
 10
2.5169985826771653
 20
2.0917157874015748
 30
0
 11
2.5164107086614171
 21
2.0931349999999997
 31
0
  0
LINE
  5
1160
330
1A
100
AcDbEntity
  8
BLACK
  6
CONTINUOUS
100
AcDbLine
 10
2.5164107086614171
 20
2.0931349999999997
 30
0
 11
2.5163999606299212
 21
2.0931457480314961
 31
0
  0
LINE
  5
1161
330
1A
100
AcDbEntity
  8
BLACK
  6
CONTINUOUS
100
AcDbLine
 10
2.5163999606299212
 20
2.0931457480314961
 30
0
 11
2.5153244881889765
 21
2.0942212204724409
 31
0
  0
LINE
  5
1162
330
1A
100
AcDbEntity
  8
BLACK
  6
CONTINUOUS
100
AcDbLine
 10
2.5153244881889765
 20
2.0942212204724409
 30
0
 11
2.5139052755905511
 21
2.094809094488189
 31
0
  0
LINE
  5
1163
330
1A
100
AcDbEntity
  8
BLACK
  6
CONTINUOUS
100
AcDbLine
 10
2.5139052755905511
 20
2.094809094488189
 30
0
 11
2.5138844881889764
 21
2.0948111417322832
 31
0
  0
LINE
  5
1164
330
1A
100
AcDbEntity
  8
BLACK
  6
CONTINUOUS
100
AcDbLine
 10
2.5138844881889764
 20
2.0948111417322832
 30
0
 11
2.5138824803149604
 21
2.094811338582677
 31
0
  0
LINE
  5
1165
330
1A
100
AcDbEntity
  8
BLACK
  6
CONTINUOUS
100
AcDbLine
 10
2.5138824803149604
 20
2.094811338582677
 30
0
 11
2.5131372047244094
 21
2.0948847244094488
 31
0
  0
LINE
  5
1166
330
1A
100
AcDbEntity
  8
BLACK
  6
CONTINUOUS
100
AcDbLine
 10
2.5131372047244094
 20
2.0948847244094488
 30
0
 11
2.5084423228346457
 21
2.0948847244094488
 31
0
  0
LINE
  5
1167
330
1A
100
AcDbEntity
  8
BLACK
  6
CONTINUOUS
100
AcDbLine
 10
2.5084423228346457
 20
2.0948847244094488
 30
0
 11
2.5048230708661419
 21
2.0966943307086612
 31
0
  0
LINE
  5
1168
330
1A
100
AcDbEntity
  8
BLACK
  6
CONTINUOUS
100
AcDbLine
 10
2.5048230708661419
 20
2.0966943307086612
 30
0
 11
2.5030134645669291
 21
2.1003135826771655
 31
0
  0
LINE
  5
1169
330
1A
100
AcDbEntity
  8
BLACK
  6
CONTINUOUS
100
AcDbLine
 10
2.5030134645669291
 20
2.1003135826771655
 30
0
 11
2.5030134645669291
 21
2.1263807874015748
 31
0
  0
LINE
  5
116A
330
1A
100
AcDbEntity
  8
BLACK
  6
CONTINUOUS
100
AcDbLine
 10
2.5030134645669291
 20
2.1263807874015748
 30
0
 11
2.5131372047244094
 21
2.1263807874015748
 31
0
  0
LINE
  5
116B
330
1A
100
AcDbEntity
  8
BLACK
  6
CONTINUOUS
100
AcDbLine
 10
2.5131372047244094
 20
2.1263807874015748
 30
0
 11
2.5139052755905511
 21
2.1264564173228346
 31
0
  0
LINE
  5
116C
330
1A
100
AcDbEntity
  8
BLACK
  6
CONTINUOUS
100
AcDbLine
 10
2.5139052755905511
 20
2.1264564173228346
 30
0
 11
2.5153244881889765
 21
2.1270442913385827
 31
0
  0
LINE
  5
116D
330
1A
100
AcDbEntity
  8
BLACK
  6
CONTINUOUS
100
AcDbLine
 10
2.5153244881889765
 20
2.1270442913385827
 30
0
 11
2.5164107086614171
 21
2.1281305118110234
 31
0
  0
LINE
  5
116E
330
1A
100
AcDbEntity
  8
BLACK
  6
CONTINUOUS
100
AcDbLine
 10
2.5164107086614171
 20
2.1281305118110234
 30
0
 11
2.5169985826771653
 21
2.1295497244094488
 31
0
  0
LINE
  5
116F
330
1A
100
AcDbEntity
  8
BLACK
  6
CONTINUOUS
100
AcDbLine
 10
2.5169985826771653
 20
2.1295497244094488
 30
0
 11
2.5169985826771653
 21
2.1310858661417322
 31
0
  0
LINE
  5
1170
330
1A
100
AcDbEntity
  8
BLACK
  6
CONTINUOUS
100
AcDbLine
 10
2.5169985826771653
 20
2.1310858661417322
 30
0
 11
2.5164107086614171
 21
2.1325050787401576
 31
0
  0
LINE
  5
1171
330
1A
100
AcDbEntity
  8
BLACK
  6
CONTINUOUS
100
AcDbLine
 10
2.5164107086614171
 20
2.1325050787401576
 30
0
 11
2.5153244881889765
 21
2.1335912992125983
 31
0
  0
LINE
  5
1172
330
1A
100
AcDbEntity
  8
BLACK
  6
CONTINUOUS
100
AcDbLine
 10
2.5153244881889765
 20
2.1335912992125983
 30
0
 11
2.5139052755905511
 21
2.1341791732283464
 31
0
  0
LINE
  5
1173
330
1A
100
AcDbEntity
  8
BLACK
  6
CONTINUOUS
100
AcDbLine
 10
2.5139052755905511
 20
2.1341791732283464
 30
0
 11
2.5131372047244094
 21
2.1342548031496062
 31
0
  0
LINE
  5
1174
330
1A
100
AcDbEntity
  8
BLACK
  6
CONTINUOUS
100
AcDbLine
 10
2.5131372047244094
 20
2.1342548031496062
 30
0
 11
2.5131371653543306
 21
2.1342548031496062
 31
0
  0
LINE
  5
1175
330
1A
100
AcDbEntity
  8
BLACK
  6
CONTINUOUS
100
AcDbLine
 10
2.5131371653543306
 20
2.1342548031496062
 30
0
 11
2.5079740944881888
 21
2.1342548031496062
 31
0
  0
LINE
  5
1176
330
1A
100
AcDbEntity
  8
BLACK
  6
CONTINUOUS
100
AcDbLine
 10
2.5079740944881888
 20
2.1342548031496062
 30
0
 11
2.5030134645669291
 21
2.1342548031496062
 31
0
  0
LINE
  5
1177
330
1A
100
AcDbEntity
  8
BLACK
  6
CONTINUOUS
100
AcDbLine
 10
2.5030134645669291
 20
2.1342548031496062
 30
0
 11
2.5030134645669291
 21
2.1500028346456692
 31
0
  0
LINE
  5
1178
330
1A
100
AcDbEntity
  8
BLACK
  6
CONTINUOUS
100
AcDbLine
 10
2.5030134645669291
 20
2.1500028346456692
 30
0
 11
2.5029378346456692
 21
2.1507709055118109
 31
0
  0
LINE
  5
1179
330
1A
100
AcDbEntity
  8
BLACK
  6
CONTINUOUS
100
AcDbLine
 10
2.5029378346456692
 20
2.1507709055118109
 30
0
 11
2.5023499606299211
 21
2.1521901181102363
 31
0
  0
LINE
  5
117A
330
1A
100
AcDbEntity
  8
BLACK
  6
CONTINUOUS
100
AcDbLine
 10
2.5023499606299211
 20
2.1521901181102363
 30
0
 11
2.5012637401574804
 21
2.153276338582677
 31
0
  0
LINE
  5
117B
330
1A
100
AcDbEntity
  8
BLACK
  6
CONTINUOUS
100
AcDbLine
 10
2.5012637401574804
 20
2.153276338582677
 30
0
 11
2.4998445275590551
 21
2.1538642125984251
 31
0
  0
LINE
  5
117C
330
1A
100
AcDbEntity
  8
BLACK
  6
CONTINUOUS
100
AcDbLine
 10
2.4998445275590551
 20
2.1538642125984251
 30
0
 11
2.4983083858267716
 21
2.1538642125984251
 31
0
  0
LINE
  5
117D
330
1A
100
AcDbEntity
  8
BLACK
  6
CONTINUOUS
100
AcDbLine
 10
2.4983083858267716
 20
2.1538642125984251
 30
0
 11
2.4968891732283462
 21
2.153276338582677
 31
0
  0
LINE
  5
117E
330
1A
100
AcDbEntity
  8
BLACK
  6
CONTINUOUS
100
AcDbLine
 10
2.5686121259842518
 20
2.1341791732283464
 30
0
 11
2.568481377952756
 21
2.1341250393700788
 31
0
  0
LINE
  5
117F
330
1A
100
AcDbEntity
  8
BLACK
  6
CONTINUOUS
100
AcDbLine
 10
2.568481377952756
 20
2.1341250393700788
 30
0
 11
2.5683403149606296
 21
2.134115
 31
0
  0
LINE
  5
1180
330
1A
100
AcDbEntity
  8
BLACK
  6
CONTINUOUS
100
AcDbLine
 10
2.5683403149606296
 20
2.134115
 30
0
 11
2.5676194881889765
 21
2.1338391732283464
 31
0
  0
LINE
  5
1181
330
1A
100
AcDbEntity
  8
BLACK
  6
CONTINUOUS
100
AcDbLine
 10
2.5676194881889765
 20
2.1338391732283464
 30
0
 11
2.5619951968503938
 21
2.1310270078740157
 31
0
  0
LINE
  5
1182
330
1A
100
AcDbEntity
  8
BLACK
  6
CONTINUOUS
100
AcDbLine
 10
2.5619951968503938
 20
2.1310270078740157
 30
0
 11
2.5616646850393701
 21
2.1308189763779528
 31
0
  0
LINE
  5
1183
330
1A
100
AcDbEntity
  8
BLACK
  6
CONTINUOUS
100
AcDbLine
 10
2.5616646850393701
 20
2.1308189763779528
 30
0
 11
2.5615686220472442
 21
2.1307791732283463
 31
0
  0
LINE
  5
1184
330
1A
100
AcDbEntity
  8
BLACK
  6
CONTINUOUS
100
AcDbLine
 10
2.5615686220472442
 20
2.1307791732283463
 30
0
 11
2.5614604724409449
 21
2.1306904330708663
 31
0
  0
LINE
  5
1185
330
1A
100
AcDbEntity
  8
BLACK
  6
CONTINUOUS
100
AcDbLine
 10
2.5614604724409449
 20
2.1306904330708663
 30
0
 11
2.5613420472440946
 21
2.1306158661417323
 31
0
  0
LINE
  5
1186
330
1A
100
AcDbEntity
  8
BLACK
  6
CONTINUOUS
100
AcDbLine
 10
2.5613420472440946
 20
2.1306158661417323
 30
0
 11
2.5612738582677164
 21
2.1305372834645668
 31
0
  0
LINE
  5
1187
330
1A
100
AcDbEntity
  8
BLACK
  6
CONTINUOUS
100
AcDbLine
 10
2.5612738582677164
 20
2.1305372834645668
 30
0
 11
2.5609720472440944
 21
2.130289527559055
 31
0
  0
LINE
  5
1188
330
1A
100
AcDbEntity
  8
BLACK
  6
CONTINUOUS
100
AcDbLine
 10
2.5609720472440944
 20
2.130289527559055
 30
0
 11
2.5581598818897637
 21
2.127477401574803
 31
0
  0
LINE
  5
1189
330
1A
100
AcDbEntity
  8
BLACK
  6
CONTINUOUS
100
AcDbLine
 10
2.5581598818897637
 20
2.127477401574803
 30
0
 11
2.5579121259842519
 21
2.1271755905511811
 31
0
  0
LINE
  5
118A
330
1A
100
AcDbEntity
  8
BLACK
  6
CONTINUOUS
100
AcDbLine
 10
2.5579121259842519
 20
2.1271755905511811
 30
0
 11
2.5578335039370077
 21
2.1271073622047245
 31
0
  0
LINE
  5
118B
330
1A
100
AcDbEntity
  8
BLACK
  6
CONTINUOUS
100
AcDbLine
 10
2.5578335039370077
 20
2.1271073622047245
 30
0
 11
2.5577589370078742
 21
2.1269889370078738
 31
0
  0
LINE
  5
118C
330
1A
100
AcDbEntity
  8
BLACK
  6
CONTINUOUS
100
AcDbLine
 10
2.5577589370078742
 20
2.1269889370078738
 30
0
 11
2.5576702362204724
 21
2.1268808267716537
 31
0
  0
LINE
  5
118D
330
1A
100
AcDbEntity
  8
BLACK
  6
CONTINUOUS
100
AcDbLine
 10
2.5576702362204724
 20
2.1268808267716537
 30
0
 11
2.5576304330708659
 21
2.1267847637795274
 31
0
  0
LINE
  5
118E
330
1A
100
AcDbEntity
  8
BLACK
  6
CONTINUOUS
100
AcDbLine
 10
2.5576304330708659
 20
2.1267847637795274
 30
0
 11
2.5574223622047243
 21
2.1264541732283466
 31
0
  0
LINE
  5
118F
330
1A
100
AcDbEntity
  8
BLACK
  6
CONTINUOUS
100
AcDbLine
 10
2.5574223622047243
 20
2.1264541732283466
 30
0
 11
2.5546102362204723
 21
2.1208298818897635
 31
0
  0
LINE
  5
1190
330
1A
100
AcDbEntity
  8
BLACK
  6
CONTINUOUS
100
AcDbLine
 10
2.5546102362204723
 20
2.1208298818897635
 30
0
 11
2.5543344094488187
 21
2.1201090944881891
 31
0
  0
LINE
  5
1191
330
1A
100
AcDbEntity
  8
BLACK
  6
CONTINUOUS
100
AcDbLine
 10
2.5543344094488187
 20
2.1201090944881891
 30
0
 11
2.5543243700787399
 21
2.1199680314960632
 31
0
  0
LINE
  5
1192
330
1A
100
AcDbEntity
  8
BLACK
  6
CONTINUOUS
100
AcDbLine
 10
2.5543243700787399
 20
2.1199680314960632
 30
0
 11
2.5542702362204723
 21
2.1198372834645669
 31
0
  0
LINE
  5
1193
330
1A
100
AcDbEntity
  8
BLACK
  6
CONTINUOUS
100
AcDbLine
 10
2.5542702362204723
 20
2.1198372834645669
 30
0
 11
2.5541946062992125
 21
2.1190692125984252
 31
0
  0
LINE
  5
1194
330
1A
100
AcDbEntity
  8
BLACK
  6
CONTINUOUS
100
AcDbLine
 10
2.5541946062992125
 20
2.1190692125984252
 30
0
 11
2.5541946062992125
 21
2.1021962992125984
 31
0
  0
LINE
  5
1195
330
1A
100
AcDbEntity
  8
BLACK
  6
CONTINUOUS
100
AcDbLine
 10
2.5541946062992125
 20
2.1021962992125984
 30
0
 11
2.5542702362204723
 21
2.1014282283464567
 31
0
  0
LINE
  5
1196
330
1A
100
AcDbEntity
  8
BLACK
  6
CONTINUOUS
100
AcDbLine
 10
2.5542702362204723
 20
2.1014282283464567
 30
0
 11
2.5543243700787399
 21
2.1012975196850392
 31
0
  0
LINE
  5
1197
330
1A
100
AcDbEntity
  8
BLACK
  6
CONTINUOUS
100
AcDbLine
 10
2.5543243700787399
 20
2.1012975196850392
 30
0
 11
2.5543344094488187
 21
2.1011564173228345
 31
0
  0
LINE
  5
1198
330
1A
100
AcDbEntity
  8
BLACK
  6
CONTINUOUS
100
AcDbLine
 10
2.5543344094488187
 20
2.1011564173228345
 30
0
 11
2.5546102362204723
 21
2.1004356299212597
 31
0
  0
LINE
  5
1199
330
1A
100
AcDbEntity
  8
BLACK
  6
CONTINUOUS
100
AcDbLine
 10
2.5546102362204723
 20
2.1004356299212597
 30
0
 11
2.5574223622047243
 21
2.094811338582677
 31
0
  0
LINE
  5
119A
330
1A
100
AcDbEntity
  8
BLACK
  6
CONTINUOUS
100
AcDbLine
 10
2.5574223622047243
 20
2.094811338582677
 30
0
 11
2.5576304724409447
 21
2.0944807086614174
 31
0
  0
LINE
  5
119B
330
1A
100
AcDbEntity
  8
BLACK
  6
CONTINUOUS
100
AcDbLine
 10
2.5576304724409447
 20
2.0944807086614174
 30
0
 11
2.5576702362204724
 21
2.0943847244094487
 31
0
  0
LINE
  5
119C
330
1A
100
AcDbEntity
  8
BLACK
  6
CONTINUOUS
100
AcDbLine
 10
2.5576702362204724
 20
2.0943847244094487
 30
0
 11
2.5577588582677167
 21
2.0942767322834643
 31
0
  0
LINE
  5
119D
330
1A
100
AcDbEntity
  8
BLACK
  6
CONTINUOUS
100
AcDbLine
 10
2.5577588582677167
 20
2.0942767322834643
 30
0
 11
2.5578335039370077
 21
2.0941581496062991
 31
0
  0
LINE
  5
119E
330
1A
100
AcDbEntity
  8
BLACK
  6
CONTINUOUS
100
AcDbLine
 10
2.5578335039370077
 20
2.0941581496062991
 30
0
 11
2.5579121259842519
 21
2.0940899606299213
 31
0
  0
LINE
  5
119F
330
1A
100
AcDbEntity
  8
BLACK
  6
CONTINUOUS
100
AcDbLine
 10
2.5579121259842519
 20
2.0940899606299213
 30
0
 11
2.558159842519685
 21
2.0937881102362206
 31
0
  0
LINE
  5
11A0
330
1A
100
AcDbEntity
  8
BLACK
  6
CONTINUOUS
100
AcDbLine
 10
2.558159842519685
 20
2.0937881102362206
 30
0
 11
2.5609720078740157
 21
2.0909759448818899
 31
0
  0
LINE
  5
11A1
330
1A
100
AcDbEntity
  8
BLACK
  6
CONTINUOUS
100
AcDbLine
 10
2.5609720078740157
 20
2.0909759448818899
 30
0
 11
2.5612739763779526
 21
2.0907281496062993
 31
0
  0
LINE
  5
11A2
330
1A
100
AcDbEntity
  8
BLACK
  6
CONTINUOUS
100
AcDbLine
 10
2.5612739763779526
 20
2.0907281496062993
 30
0
 11
2.561342086614173
 21
2.0906496062992126
 31
0
  0
LINE
  5
11A3
330
1A
100
AcDbEntity
  8
BLACK
  6
CONTINUOUS
100
AcDbLine
 10
2.561342086614173
 20
2.0906496062992126
 30
0
 11
2.5614604724409449
 21
2.0905750787401574
 31
0
  0
LINE
  5
11A4
330
1A
100
AcDbEntity
  8
BLACK
  6
CONTINUOUS
100
AcDbLine
 10
2.5614604724409449
 20
2.0905750787401574
 30
0
 11
2.5615684645669292
 21
2.0904864566929136
 31
0
  0
LINE
  5
11A5
330
1A
100
AcDbEntity
  8
BLACK
  6
CONTINUOUS
100
AcDbLine
 10
2.5615684645669292
 20
2.0904864566929136
 30
0
 11
2.5615685433070867
 21
2.0904864173228348
 31
0
  0
LINE
  5
11A6
330
1A
100
AcDbEntity
  8
BLACK
  6
CONTINUOUS
100
AcDbLine
 10
2.5615685433070867
 20
2.0904864173228348
 30
0
 11
2.5615686220472442
 21
2.0904863385826773
 31
0
  0
LINE
  5
11A7
330
1A
100
AcDbEntity
  8
BLACK
  6
CONTINUOUS
100
AcDbLine
 10
2.5615686220472442
 20
2.0904863385826773
 30
0
 11
2.5615687007874017
 21
2.0904863385826773
 31
0
  0
LINE
  5
11A8
330
1A
100
AcDbEntity
  8
BLACK
  6
CONTINUOUS
100
AcDbLine
 10
2.5615687007874017
 20
2.0904863385826773
 30
0
 11
2.5615688582677163
 21
2.0904862598425198
 31
0
  0
LINE
  5
11A9
330
1A
100
AcDbEntity
  8
BLACK
  6
CONTINUOUS
100
AcDbLine
 10
2.5615688582677163
 20
2.0904862598425198
 30
0
 11
2.5616646456692913
 21
2.0904465748031495
 31
0
  0
LINE
  5
11AA
330
1A
100
AcDbEntity
  8
BLACK
  6
CONTINUOUS
100
AcDbLine
 10
2.5616646456692913
 20
2.0904465748031495
 30
0
 11
2.5619950393700788
 21
2.0902385826771654
 31
0
  0
LINE
  5
11AB
330
1A
100
AcDbEntity
  8
BLACK
  6
CONTINUOUS
100
AcDbLine
 10
2.5619950393700788
 20
2.0902385826771654
 30
0
 11
2.5619952362204725
 21
2.0902384645669292
 31
0
  0
LINE
  5
11AC
330
1A
100
AcDbEntity
  8
BLACK
  6
CONTINUOUS
100
AcDbLine
 10
2.5619952362204725
 20
2.0902384645669292
 30
0
 11
2.5676195275590552
 21
2.0874263385826772
 31
0
  0
LINE
  5
11AD
330
1A
100
AcDbEntity
  8
BLACK
  6
CONTINUOUS
100
AcDbLine
 10
2.5676195275590552
 20
2.0874263385826772
 30
0
 11
2.5683403543307084
 21
2.0871505118110236
 31
0
  0
LINE
  5
11AE
330
1A
100
AcDbEntity
  8
BLACK
  6
CONTINUOUS
100
AcDbLine
 10
2.5683403543307084
 20
2.0871505118110236
 30
0
 11
2.5683405118110234
 21
2.0871505118110236
 31
0
  0
LINE
  5
11AF
330
1A
100
AcDbEntity
  8
BLACK
  6
CONTINUOUS
100
AcDbLine
 10
2.5683405118110234
 20
2.0871505118110236
 30
0
 11
2.5683405511811022
 21
2.0871505118110236
 31
0
  0
LINE
  5
11B0
330
1A
100
AcDbEntity
  8
BLACK
  6
CONTINUOUS
100
AcDbLine
 10
2.5683405511811022
 20
2.0871505118110236
 30
0
 11
2.568481377952756
 21
2.0871405118110236
 31
0
  0
LINE
  5
11B1
330
1A
100
AcDbEntity
  8
BLACK
  6
CONTINUOUS
100
AcDbLine
 10
2.568481377952756
 20
2.0871405118110236
 30
0
 11
2.5686121259842518
 21
2.0870863385826772
 31
0
  0
LINE
  5
11B2
330
1A
100
AcDbEntity
  8
BLACK
  6
CONTINUOUS
100
AcDbLine
 10
2.5686121259842518
 20
2.0870863385826772
 30
0
 11
2.5693798031496065
 21
2.0870107480314961
 31
0
  0
LINE
  5
11B3
330
1A
100
AcDbEntity
  8
BLACK
  6
CONTINUOUS
100
AcDbLine
 10
2.5693798031496065
 20
2.0870107480314961
 30
0
 11
2.569380118110236
 21
2.0870107480314961
 31
0
  0
LINE
  5
11B4
330
1A
100
AcDbEntity
  8
BLACK
  6
CONTINUOUS
100
AcDbLine
 10
2.569380118110236
 20
2.0870107480314961
 30
0
 11
2.5693801968503935
 21
2.0870107086614174
 31
0
  0
LINE
  5
11B5
330
1A
100
AcDbEntity
  8
BLACK
  6
CONTINUOUS
100
AcDbLine
 10
2.5693801968503935
 20
2.0870107086614174
 30
0
 11
2.5693802362204723
 21
2.0870107086614174
 31
0
  0
LINE
  5
11B6
330
1A
100
AcDbEntity
  8
BLACK
  6
CONTINUOUS
100
AcDbLine
 10
2.5693802362204723
 20
2.0870107086614174
 30
0
 11
2.5806287401574801
 21
2.0870107086614174
 31
0
  0
LINE
  5
11B7
330
1A
100
AcDbEntity
  8
BLACK
  6
CONTINUOUS
100
AcDbLine
 10
2.5806287401574801
 20
2.0870107086614174
 30
0
 11
2.5806287795275589
 21
2.0870107086614174
 31
0
  0
LINE
  5
11B8
330
1A
100
AcDbEntity
  8
BLACK
  6
CONTINUOUS
100
AcDbLine
 10
2.5806287795275589
 20
2.0870107086614174
 30
0
 11
2.5806288188976376
 21
2.0870107480314961
 31
0
  0
LINE
  5
11B9
330
1A
100
AcDbEntity
  8
BLACK
  6
CONTINUOUS
100
AcDbLine
 10
2.5806288188976376
 20
2.0870107480314961
 30
0
 11
2.5806291732283464
 21
2.0870107480314961
 31
0
  0
LINE
  5
11BA
330
1A
100
AcDbEntity
  8
BLACK
  6
CONTINUOUS
100
AcDbLine
 10
2.5806291732283464
 20
2.0870107480314961
 30
0
 11
2.5813964566929135
 21
2.0870863385826772
 31
0
  0
LINE
  5
11BB
330
1A
100
AcDbEntity
  8
BLACK
  6
CONTINUOUS
100
AcDbLine
 10
2.5813964566929135
 20
2.0870863385826772
 30
0
 11
2.5813968503937006
 21
2.0870863385826772
 31
0
  0
LINE
  5
11BC
330
1A
100
AcDbEntity
  8
BLACK
  6
CONTINUOUS
100
AcDbLine
 10
2.5813968503937006
 20
2.0870863385826772
 30
0
 11
2.5813972047244094
 21
2.0870864960629922
 31
0
  0
LINE
  5
11BD
330
1A
100
AcDbEntity
  8
BLACK
  6
CONTINUOUS
100
AcDbLine
 10
2.5813972047244094
 20
2.0870864960629922
 30
0
 11
2.5813972440944881
 21
2.087086535433071
 31
0
  0
LINE
  5
11BE
330
1A
100
AcDbEntity
  8
BLACK
  6
CONTINUOUS
100
AcDbLine
 10
2.5813972440944881
 20
2.087086535433071
 30
0
 11
2.5815275590551181
 21
2.0871405118110236
 31
0
  0
LINE
  5
11BF
330
1A
100
AcDbEntity
  8
BLACK
  6
CONTINUOUS
100
AcDbLine
 10
2.5815275590551181
 20
2.0871405118110236
 30
0
 11
2.5816679133858269
 21
2.0871504724409449
 31
0
  0
LINE
  5
11C0
330
1A
100
AcDbEntity
  8
BLACK
  6
CONTINUOUS
100
AcDbLine
 10
2.5816679133858269
 20
2.0871504724409449
 30
0
 11
2.581668149606299
 21
2.0871505118110236
 31
0
  0
LINE
  5
11C1
330
1A
100
AcDbEntity
  8
BLACK
  6
CONTINUOUS
100
AcDbLine
 10
2.581668149606299
 20
2.0871505118110236
 30
0
 11
2.581668622047244
 21
2.0871505118110236
 31
0
  0
LINE
  5
11C2
330
1A
100
AcDbEntity
  8
BLACK
  6
CONTINUOUS
100
AcDbLine
 10
2.581668622047244
 20
2.0871505118110236
 30
0
 11
2.5823894488188976
 21
2.0874263385826772
 31
0
  0
LINE
  5
11C3
330
1A
100
AcDbEntity
  8
BLACK
  6
CONTINUOUS
100
AcDbLine
 10
2.5823894488188976
 20
2.0874263385826772
 30
0
 11
2.5880137795275591
 21
2.0902384645669292
 31
0
  0
LINE
  5
11C4
330
1A
100
AcDbEntity
  8
BLACK
  6
CONTINUOUS
100
AcDbLine
 10
2.5880137795275591
 20
2.0902384645669292
 30
0
 11
2.588666968503937
 21
2.0906496062992126
 31
0
  0
LINE
  5
11C5
330
1A
100
AcDbEntity
  8
BLACK
  6
CONTINUOUS
100
AcDbLine
 10
2.588666968503937
 20
2.0906496062992126
 30
0
 11
2.5891880314960631
 21
2.0912504330708659
 31
0
  0
LINE
  5
11C6
330
1A
100
AcDbEntity
  8
BLACK
  6
CONTINUOUS
100
AcDbLine
 10
2.5891880314960631
 20
2.0912504330708659
 30
0
 11
2.5896734251968505
 21
2.091810118110236
 31
0
  0
LINE
  5
11C7
330
1A
100
AcDbEntity
  8
BLACK
  6
CONTINUOUS
100
AcDbLine
 10
2.5896734251968505
 20
2.091810118110236
 30
0
 11
2.590159212598425
 21
2.0932674015748032
 31
0
  0
LINE
  5
11C8
330
1A
100
AcDbEntity
  8
BLACK
  6
CONTINUOUS
100
AcDbLine
 10
2.590159212598425
 20
2.0932674015748032
 30
0
 11
2.5900503543307085
 21
2.0947996850393702
 31
0
  0
LINE
  5
11C9
330
1A
100
AcDbEntity
  8
BLACK
  6
CONTINUOUS
100
AcDbLine
 10
2.5900503543307085
 20
2.0947996850393702
 30
0
 11
2.5893633464566927
 21
2.096173661417323
 31
0
  0
LINE
  5
11CA
330
1A
100
AcDbEntity
  8
BLACK
  6
CONTINUOUS
100
AcDbLine
 10
2.5893633464566927
 20
2.096173661417323
 30
0
 11
2.5882028740157481
 21
2.0971801574803148
 31
0
  0
LINE
  5
11CB
330
1A
100
AcDbEntity
  8
BLACK
  6
CONTINUOUS
100
AcDbLine
 10
2.5882028740157481
 20
2.0971801574803148
 30
0
 11
2.5867455511811022
 21
2.0976659448818897
 31
0
  0
LINE
  5
11CC
330
1A
100
AcDbEntity
  8
BLACK
  6
CONTINUOUS
100
AcDbLine
 10
2.5867455511811022
 20
2.0976659448818897
 30
0
 11
2.5852132677165356
 21
2.0975570866141733
 31
0
  0
LINE
  5
11CD
330
1A
100
AcDbEntity
  8
BLACK
  6
CONTINUOUS
100
AcDbLine
 10
2.5852132677165356
 20
2.0975570866141733
 30
0
 11
2.584492440944882
 21
2.0972812204724409
 31
0
  0
LINE
  5
11CE
330
1A
100
AcDbEntity
  8
BLACK
  6
CONTINUOUS
100
AcDbLine
 10
2.584492440944882
 20
2.0972812204724409
 30
0
 11
2.5796993700787403
 21
2.0948847244094488
 31
0
  0
LINE
  5
11CF
330
1A
100
AcDbEntity
  8
BLACK
  6
CONTINUOUS
100
AcDbLine
 10
2.5796993700787403
 20
2.0948847244094488
 30
0
 11
2.578528346456693
 21
2.0948847244094488
 31
0
  0
LINE
  5
11D0
330
1A
100
AcDbEntity
  8
BLACK
  6
CONTINUOUS
100
AcDbLine
 10
2.578528346456693
 20
2.0948847244094488
 30
0
 11
2.5714806692913386
 21
2.0948847244094488
 31
0
  0
LINE
  5
11D1
330
1A
100
AcDbEntity
  8
BLACK
  6
CONTINUOUS
100
AcDbLine
 10
2.5714806692913386
 20
2.0948847244094488
 30
0
 11
2.5703096062992126
 21
2.0948847244094488
 31
0
  0
LINE
  5
11D2
330
1A
100
AcDbEntity
  8
BLACK
  6
CONTINUOUS
100
AcDbLine
 10
2.5703096062992126
 20
2.0948847244094488
 30
0
 11
2.5660880314960628
 21
2.0969955118110235
 31
0
  0
LINE
  5
11D3
330
1A
100
AcDbEntity
  8
BLACK
  6
CONTINUOUS
100
AcDbLine
 10
2.5660880314960628
 20
2.0969955118110235
 30
0
 11
2.5641793700787403
 21
2.0989041732283464
 31
0
  0
LINE
  5
11D4
330
1A
100
AcDbEntity
  8
BLACK
  6
CONTINUOUS
100
AcDbLine
 10
2.5641793700787403
 20
2.0989041732283464
 30
0
 11
2.5620686220472439
 21
2.1031257086614175
 31
0
  0
LINE
  5
11D5
330
1A
100
AcDbEntity
  8
BLACK
  6
CONTINUOUS
100
AcDbLine
 10
2.5620686220472439
 20
2.1031257086614175
 30
0
 11
2.5620686220472439
 21
2.1181398425196849
 31
0
  0
LINE
  5
11D6
330
1A
100
AcDbEntity
  8
BLACK
  6
CONTINUOUS
100
AcDbLine
 10
2.5620686220472439
 20
2.1181398425196849
 30
0
 11
2.5625922047244094
 21
2.1191870866141733
 31
0
  0
LINE
  5
11D7
330
1A
100
AcDbEntity
  8
BLACK
  6
CONTINUOUS
100
AcDbLine
 10
2.5625922047244094
 20
2.1191870866141733
 30
0
 11
2.5625922440944882
 21
2.1191871653543308
 31
0
  0
LINE
  5
11D8
330
1A
100
AcDbEntity
  8
BLACK
  6
CONTINUOUS
100
AcDbLine
 10
2.5625922440944882
 20
2.1191871653543308
 30
0
 11
2.5638194488188977
 21
2.1216416535433069
 31
0
  0
LINE
  5
11D9
330
1A
100
AcDbEntity
  8
BLACK
  6
CONTINUOUS
100
AcDbLine
 10
2.5638194488188977
 20
2.1216416535433069
 30
0
 11
2.5638195669291339
 21
2.1216418897637794
 31
0
  0
LINE
  5
11DA
330
1A
100
AcDbEntity
  8
BLACK
  6
CONTINUOUS
100
AcDbLine
 10
2.5638195669291339
 20
2.1216418897637794
 30
0
 11
2.5641793700787403
 21
2.1223614173228347
 31
0
  0
LINE
  5
11DB
330
1A
100
AcDbEntity
  8
BLACK
  6
CONTINUOUS
100
AcDbLine
 10
2.5641793700787403
 20
2.1223614173228347
 30
0
 11
2.5647483858267717
 21
2.1229304724409448
 31
0
  0
LINE
  5
11DC
330
1A
100
AcDbEntity
  8
BLACK
  6
CONTINUOUS
100
AcDbLine
 10
2.5647483858267717
 20
2.1229304724409448
 30
0
 11
2.5647485039370079
 21
2.1229305905511811
 31
0
  0
LINE
  5
11DD
330
1A
100
AcDbEntity
  8
BLACK
  6
CONTINUOUS
100
AcDbLine
 10
2.5647485039370079
 20
2.1229305905511811
 30
0
 11
2.5655187401574802
 21
2.1237008267716533
 31
0
  0
LINE
  5
11DE
330
1A
100
AcDbEntity
  8
BLACK
  6
CONTINUOUS
100
AcDbLine
 10
2.5655187401574802
 20
2.1237008267716533
 30
0
 11
2.5655188582677164
 21
2.1237009448818895
 31
0
  0
LINE
  5
11DF
330
1A
100
AcDbEntity
  8
BLACK
  6
CONTINUOUS
100
AcDbLine
 10
2.5655188582677164
 20
2.1237009448818895
 30
0
 11
2.5660879133858265
 21
2.1242699606299213
 31
0
  0
LINE
  5
11E0
330
1A
100
AcDbEntity
  8
BLACK
  6
CONTINUOUS
100
AcDbLine
 10
2.5660879133858265
 20
2.1242699606299213
 30
0
 11
2.5668075984251968
 21
2.1246298425196848
 31
0
  0
LINE
  5
11E1
330
1A
100
AcDbEntity
  8
BLACK
  6
CONTINUOUS
100
AcDbLine
 10
2.5668075984251968
 20
2.1246298425196848
 30
0
 11
2.566807716535433
 21
2.1246298818897635
 31
0
  0
LINE
  5
11E2
330
1A
100
AcDbEntity
  8
BLACK
  6
CONTINUOUS
100
AcDbLine
 10
2.566807716535433
 20
2.1246298818897635
 30
0
 11
2.5692622834645671
 21
2.1258571653543306
 31
0
  0
LINE
  5
11E3
330
1A
100
AcDbEntity
  8
BLACK
  6
CONTINUOUS
100
AcDbLine
 10
2.5692622834645671
 20
2.1258571653543306
 30
0
 11
2.5692624015748029
 21
2.1258572047244093
 31
0
  0
LINE
  5
11E4
330
1A
100
AcDbEntity
  8
BLACK
  6
CONTINUOUS
100
AcDbLine
 10
2.5692624015748029
 20
2.1258572047244093
 30
0
 11
2.5703096062992126
 21
2.1263807874015748
 31
0
  0
LINE
  5
11E5
330
1A
100
AcDbEntity
  8
BLACK
  6
CONTINUOUS
100
AcDbLine
 10
2.5703096062992126
 20
2.1263807874015748
 30
0
 11
2.5796993700787403
 21
2.1263807874015748
 31
0
  0
LINE
  5
11E6
330
1A
100
AcDbEntity
  8
BLACK
  6
CONTINUOUS
100
AcDbLine
 10
2.5796993700787403
 20
2.1263807874015748
 30
0
 11
2.584492440944882
 21
2.1239842519685039
 31
0
  0
LINE
  5
11E7
330
1A
100
AcDbEntity
  8
BLACK
  6
CONTINUOUS
100
AcDbLine
 10
2.584492440944882
 20
2.1239842519685039
 30
0
 11
2.5847367322834645
 21
2.1238907874015749
 31
0
  0
LINE
  5
11E8
330
1A
100
AcDbEntity
  8
BLACK
  6
CONTINUOUS
100
AcDbLine
 10
2.5847367322834645
 20
2.1238907874015749
 30
0
 11
2.585100748031496
 21
2.123751496062992
 31
0
  0
LINE
  5
11E9
330
1A
100
AcDbEntity
  8
BLACK
  6
CONTINUOUS
100
AcDbLine
 10
2.585100748031496
 20
2.123751496062992
 30
0
 11
2.5852132283464568
 21
2.1237084251968503
 31
0
  0
LINE
  5
11EA
330
1A
100
AcDbEntity
  8
BLACK
  6
CONTINUOUS
100
AcDbLine
 10
2.5852132283464568
 20
2.1237084251968503
 30
0
 11
2.586643779527559
 21
2.1236067716535434
 31
0
  0
LINE
  5
11EB
330
1A
100
AcDbEntity
  8
BLACK
  6
CONTINUOUS
100
AcDbLine
 10
2.586643779527559
 20
2.1236067716535434
 30
0
 11
2.5867286220472439
 21
2.123600748031496
 31
0
  0
LINE
  5
11EC
330
1A
100
AcDbEntity
  8
BLACK
  6
CONTINUOUS
100
AcDbLine
 10
2.5867286220472439
 20
2.123600748031496
 30
0
 11
2.5867455118110234
 21
2.1235995275590551
 31
0
  0
LINE
  5
11ED
330
1A
100
AcDbEntity
  8
BLACK
  6
CONTINUOUS
100
AcDbLine
 10
2.5867455118110234
 20
2.1235995275590551
 30
0
 11
2.5882028346456694
 21
2.12408531496063
 31
0
  0
LINE
  5
11EE
330
1A
100
AcDbEntity
  8
BLACK
  6
CONTINUOUS
100
AcDbLine
 10
2.5882028346456694
 20
2.12408531496063
 30
0
 11
2.5893633464566927
 21
2.1250917716535431
 31
0
  0
LINE
  5
11EF
330
1A
100
AcDbEntity
  8
BLACK
  6
CONTINUOUS
100
AcDbLine
 10
2.5893633464566927
 20
2.1250917716535431
 30
0
 11
2.5900503149606298
 21
2.1264657480314959
 31
0
  0
LINE
  5
11F0
330
1A
100
AcDbEntity
  8
BLACK
  6
CONTINUOUS
100
AcDbLine
 10
2.5900503149606298
 20
2.1264657480314959
 30
0
 11
2.590159212598425
 21
2.1279980314960629
 31
0
  0
LINE
  5
11F1
330
1A
100
AcDbEntity
  8
BLACK
  6
CONTINUOUS
100
AcDbLine
 10
2.590159212598425
 20
2.1279980314960629
 30
0
 11
2.5901347637795276
 21
2.1280713385826773
 31
0
  0
LINE
  5
11F2
330
1A
100
AcDbEntity
  8
BLACK
  6
CONTINUOUS
100
AcDbLine
 10
2.5901347637795276
 20
2.1280713385826773
 30
0
 11
2.5896734645669293
 21
2.1294552755905509
 31
0
  0
LINE
  5
11F3
330
1A
100
AcDbEntity
  8
BLACK
  6
CONTINUOUS
100
AcDbLine
 10
2.5896734645669293
 20
2.1294552755905509
 30
0
 11
2.5896734251968505
 21
2.1294553149606297
 31
0
  0
LINE
  5
11F4
330
1A
100
AcDbEntity
  8
BLACK
  6
CONTINUOUS
100
AcDbLine
 10
2.5896734251968505
 20
2.1294553149606297
 30
0
 11
2.5896734251968505
 21
2.1294553543307084
 31
0
  0
LINE
  5
11F5
330
1A
100
AcDbEntity
  8
BLACK
  6
CONTINUOUS
100
AcDbLine
 10
2.5896734251968505
 20
2.1294553543307084
 30
0
 11
2.588666968503937
 21
2.1306158661417323
 31
0
  0
LINE
  5
11F6
330
1A
100
AcDbEntity
  8
BLACK
  6
CONTINUOUS
100
AcDbLine
 10
2.588666968503937
 20
2.1306158661417323
 30
0
 11
2.5881038582677163
 21
2.1309703149606301
 31
0
  0
LINE
  5
11F7
330
1A
100
AcDbEntity
  8
BLACK
  6
CONTINUOUS
100
AcDbLine
 10
2.5881038582677163
 20
2.1309703149606301
 30
0
 11
2.5880137795275591
 21
2.1310270078740157
 31
0
  0
LINE
  5
11F8
330
1A
100
AcDbEntity
  8
BLACK
  6
CONTINUOUS
100
AcDbLine
 10
2.5880137795275591
 20
2.1310270078740157
 30
0
 11
2.5823894488188976
 21
2.1338391732283464
 31
0
  0
LINE
  5
11F9
330
1A
100
AcDbEntity
  8
BLACK
  6
CONTINUOUS
100
AcDbLine
 10
2.5823894488188976
 20
2.1338391732283464
 30
0
 11
2.5816686614173228
 21
2.134115
 31
0
  0
LINE
  5
11FA
330
1A
100
AcDbEntity
  8
BLACK
  6
CONTINUOUS
100
AcDbLine
 10
2.5816686614173228
 20
2.134115
 30
0
 11
2.5815275590551181
 21
2.1341250393700788
 31
0
  0
LINE
  5
11FB
330
1A
100
AcDbEntity
  8
BLACK
  6
CONTINUOUS
100
AcDbLine
 10
2.5815275590551181
 20
2.1341250393700788
 30
0
 11
2.5813968503937006
 21
2.1341791732283464
 31
0
  0
LINE
  5
11FC
330
1A
100
AcDbEntity
  8
BLACK
  6
CONTINUOUS
100
AcDbLine
 10
2.5813968503937006
 20
2.1341791732283464
 30
0
 11
2.5806287795275589
 21
2.1342548031496062
 31
0
  0
LINE
  5
11FD
330
1A
100
AcDbEntity
  8
BLACK
  6
CONTINUOUS
100
AcDbLine
 10
2.5806287795275589
 20
2.1342548031496062
 30
0
 11
2.5693801968503935
 21
2.1342548031496062
 31
0
  0
LINE
  5
11FE
330
1A
100
AcDbEntity
  8
BLACK
  6
CONTINUOUS
100
AcDbLine
 10
2.5693801968503935
 20
2.1342548031496062
 30
0
 11
2.5686121259842518
 21
2.1341791732283464
 31
0
  0
LINE
  5
11FF
330
1A
100
AcDbEntity
  8
BLACK
  6
CONTINUOUS
100
AcDbLine
 10
2.6051700393700785
 20
2.1341791732283464
 30
0
 11
2.6037508267716536
 21
2.1335912992125983
 31
0
  0
LINE
  5
1200
330
1A
100
AcDbEntity
  8
BLACK
  6
CONTINUOUS
100
AcDbLine
 10
2.6037508267716536
 20
2.1335912992125983
 30
0
 11
2.6026646062992125
 21
2.1325050787401576
 31
0
  0
LINE
  5
1201
330
1A
100
AcDbEntity
  8
BLACK
  6
CONTINUOUS
100
AcDbLine
 10
2.6026646062992125
 20
2.1325050787401576
 30
0
 11
2.6020767322834644
 21
2.1310858661417322
 31
0
  0
LINE
  5
1202
330
1A
100
AcDbEntity
  8
BLACK
  6
CONTINUOUS
100
AcDbLine
 10
2.6020767322834644
 20
2.1310858661417322
 30
0
 11
2.6020767322834644
 21
2.1295497244094488
 31
0
  0
LINE
  5
1203
330
1A
100
AcDbEntity
  8
BLACK
  6
CONTINUOUS
100
AcDbLine
 10
2.6020767322834644
 20
2.1295497244094488
 30
0
 11
2.6026646062992125
 21
2.1281305118110234
 31
0
  0
LINE
  5
1204
330
1A
100
AcDbEntity
  8
BLACK
  6
CONTINUOUS
100
AcDbLine
 10
2.6026646062992125
 20
2.1281305118110234
 30
0
 11
2.6037507874015748
 21
2.1270443307086615
 31
0
  0
LINE
  5
1205
330
1A
100
AcDbEntity
  8
BLACK
  6
CONTINUOUS
100
AcDbLine
 10
2.6037507874015748
 20
2.1270443307086615
 30
0
 11
2.6037508267716536
 21
2.1270442913385827
 31
0
  0
LINE
  5
1206
330
1A
100
AcDbEntity
  8
BLACK
  6
CONTINUOUS
100
AcDbLine
 10
2.6037508267716536
 20
2.1270442913385827
 30
0
 11
2.6051700393700785
 21
2.1264564173228346
 31
0
  0
LINE
  5
1207
330
1A
100
AcDbEntity
  8
BLACK
  6
CONTINUOUS
100
AcDbLine
 10
2.6051700393700785
 20
2.1264564173228346
 30
0
 11
2.6059381102362202
 21
2.1263807874015748
 31
0
  0
LINE
  5
1208
330
1A
100
AcDbEntity
  8
BLACK
  6
CONTINUOUS
100
AcDbLine
 10
2.6059381102362202
 20
2.1263807874015748
 30
0
 11
2.6185651574803148
 21
2.1263807874015748
 31
0
  0
LINE
  5
1209
330
1A
100
AcDbEntity
  8
BLACK
  6
CONTINUOUS
100
AcDbLine
 10
2.6185651574803148
 20
2.1263807874015748
 30
0
 11
2.628771496062992
 21
2.1263807874015748
 31
0
  0
LINE
  5
120A
330
1A
100
AcDbEntity
  8
BLACK
  6
CONTINUOUS
100
AcDbLine
 10
2.628771496062992
 20
2.1263807874015748
 30
0
 11
2.6028423622047243
 21
2.0933800787401573
 31
0
  0
LINE
  5
120B
330
1A
100
AcDbEntity
  8
BLACK
  6
CONTINUOUS
100
AcDbLine
 10
2.6028423622047243
 20
2.0933800787401573
 30
0
 11
2.6027237795275591
 21
2.0931941732283463
 31
0
  0
LINE
  5
120C
330
1A
100
AcDbEntity
  8
BLACK
  6
CONTINUOUS
100
AcDbLine
 10
2.6027237795275591
 20
2.0931941732283463
 30
0
 11
2.6026646062992125
 21
2.0931349999999997
 31
0
  0
LINE
  5
120D
330
1A
100
AcDbEntity
  8
BLACK
  6
CONTINUOUS
100
AcDbLine
 10
2.6026646062992125
 20
2.0931349999999997
 30
0
 11
2.6026248818897639
 21
2.0930392125984252
 31
0
  0
LINE
  5
120E
330
1A
100
AcDbEntity
  8
BLACK
  6
CONTINUOUS
100
AcDbLine
 10
2.6026248818897639
 20
2.0930392125984252
 30
0
 11
2.6024273228346457
 21
2.0927294094488187
 31
0
  0
LINE
  5
120F
330
1A
100
AcDbEntity
  8
BLACK
  6
CONTINUOUS
100
AcDbLine
 10
2.6024273228346457
 20
2.0927294094488187
 30
0
 11
2.6022823622047242
 21
2.0922122440944881
 31
0
  0
LINE
  5
1210
330
1A
100
AcDbEntity
  8
BLACK
  6
CONTINUOUS
100
AcDbLine
 10
2.6022823622047242
 20
2.0922122440944881
 30
0
 11
2.6020767322834644
 21
2.0917157874015748
 31
0
  0
LINE
  5
1211
330
1A
100
AcDbEntity
  8
BLACK
  6
CONTINUOUS
100
AcDbLine
 10
2.6020767322834644
 20
2.0917157874015748
 30
0
 11
2.6020767322834644
 21
2.0914785433070864
 31
0
  0
LINE
  5
1212
330
1A
100
AcDbEntity
  8
BLACK
  6
CONTINUOUS
100
AcDbLine
 10
2.6020767322834644
 20
2.0914785433070864
 30
0
 11
2.6020127559055117
 21
2.0912502755905513
 31
0
  0
LINE
  5
1213
330
1A
100
AcDbEntity
  8
BLACK
  6
CONTINUOUS
100
AcDbLine
 10
2.6020127559055117
 20
2.0912502755905513
 30
0
 11
2.6020767322834644
 21
2.0907170472440946
 31
0
  0
LINE
  5
1214
330
1A
100
AcDbEntity
  8
BLACK
  6
CONTINUOUS
100
AcDbLine
 10
2.6020767322834644
 20
2.0907170472440946
 30
0
 11
2.6020767322834644
 21
2.0901796456692914
 31
0
  0
LINE
  5
1215
330
1A
100
AcDbEntity
  8
BLACK
  6
CONTINUOUS
100
AcDbLine
 10
2.6020767322834644
 20
2.0901796456692914
 30
0
 11
2.6021674803149604
 21
2.0899605511811021
 31
0
  0
LINE
  5
1216
330
1A
100
AcDbEntity
  8
BLACK
  6
CONTINUOUS
100
AcDbLine
 10
2.6021674803149604
 20
2.0899605511811021
 30
0
 11
2.6021957480314959
 21
2.0897250393700788
 31
0
  0
LINE
  5
1217
330
1A
100
AcDbEntity
  8
BLACK
  6
CONTINUOUS
100
AcDbLine
 10
2.6021957480314959
 20
2.0897250393700788
 30
0
 11
2.6024590551181102
 21
2.0892566141732285
 31
0
  0
LINE
  5
1218
330
1A
100
AcDbEntity
  8
BLACK
  6
CONTINUOUS
100
AcDbLine
 10
2.6024590551181102
 20
2.0892566141732285
 30
0
 11
2.6026646062992125
 21
2.088760433070866
 31
0
  0
LINE
  5
1219
330
1A
100
AcDbEntity
  8
BLACK
  6
CONTINUOUS
100
AcDbLine
 10
2.6026646062992125
 20
2.088760433070866
 30
0
 11
2.602832244094488
 21
2.0885927952755905
 31
0
  0
LINE
  5
121A
330
1A
100
AcDbEntity
  8
BLACK
  6
CONTINUOUS
100
AcDbLine
 10
2.602832244094488
 20
2.0885927952755905
 30
0
 11
2.6029485039370077
 21
2.0883859842519685
 31
0
  0
LINE
  5
121B
330
1A
100
AcDbEntity
  8
BLACK
  6
CONTINUOUS
100
AcDbLine
 10
2.6029485039370077
 20
2.0883859842519685
 30
0
 11
2.6033710236220471
 21
2.0880540157480314
 31
0
  0
LINE
  5
121C
330
1A
100
AcDbEntity
  8
BLACK
  6
CONTINUOUS
100
AcDbLine
 10
2.6033710236220471
 20
2.0880540157480314
 30
0
 11
2.6037508267716536
 21
2.0876742125984253
 31
0
  0
LINE
  5
121D
330
1A
100
AcDbEntity
  8
BLACK
  6
CONTINUOUS
100
AcDbLine
 10
2.6037508267716536
 20
2.0876742125984253
 30
0
 11
2.6039699212598424
 21
2.0875834645669289
 31
0
  0
LINE
  5
121E
330
1A
100
AcDbEntity
  8
BLACK
  6
CONTINUOUS
100
AcDbLine
 10
2.6039699212598424
 20
2.0875834645669289
 30
0
 11
2.6041562598425196
 21
2.0874370472440944
 31
0
  0
LINE
  5
121F
330
1A
100
AcDbEntity
  8
BLACK
  6
CONTINUOUS
100
AcDbLine
 10
2.6041562598425196
 20
2.0874370472440944
 30
0
 11
2.6041564173228346
 21
2.0874369291338581
 31
0
  0
LINE
  5
1220
330
1A
100
AcDbEntity
  8
BLACK
  6
CONTINUOUS
100
AcDbLine
 10
2.6041564173228346
 20
2.0874369291338581
 30
0
 11
2.6043880708661415
 21
2.0873720472440946
 31
0
  0
LINE
  5
1221
330
1A
100
AcDbEntity
  8
BLACK
  6
CONTINUOUS
100
AcDbLine
 10
2.6043880708661415
 20
2.0873720472440946
 30
0
 11
2.6043885433070866
 21
2.0873718897637796
 31
0
  0
LINE
  5
1222
330
1A
100
AcDbEntity
  8
BLACK
  6
CONTINUOUS
100
AcDbLine
 10
2.6043885433070866
 20
2.0873718897637796
 30
0
 11
2.6046735826771652
 21
2.0872920078740158
 31
0
  0
LINE
  5
1223
330
1A
100
AcDbEntity
  8
BLACK
  6
CONTINUOUS
100
AcDbLine
 10
2.6046735826771652
 20
2.0872920078740158
 30
0
 11
2.6049473622047246
 21
2.0871785826771654
 31
0
  0
LINE
  5
1224
330
1A
100
AcDbEntity
  8
BLACK
  6
CONTINUOUS
100
AcDbLine
 10
2.6049473622047246
 20
2.0871785826771654
 30
0
 11
2.6049477165354329
 21
2.0871784645669291
 31
0
  0
LINE
  5
1225
330
1A
100
AcDbEntity
  8
BLACK
  6
CONTINUOUS
100
AcDbLine
 10
2.6049477165354329
 20
2.0871784645669291
 30
0
 11
2.6051700393700785
 21
2.0870863385826772
 31
0
  0
LINE
  5
1226
330
1A
100
AcDbEntity
  8
BLACK
  6
CONTINUOUS
100
AcDbLine
 10
2.6051700393700785
 20
2.0870863385826772
 30
0
 11
2.6051703543307085
 21
2.0870863385826772
 31
0
  0
LINE
  5
1227
330
1A
100
AcDbEntity
  8
BLACK
  6
CONTINUOUS
100
AcDbLine
 10
2.6051703543307085
 20
2.0870863385826772
 30
0
 11
2.6051705511811023
 21
2.0870862992125985
 31
0
  0
LINE
  5
1228
330
1A
100
AcDbEntity
  8
BLACK
  6
CONTINUOUS
100
AcDbLine
 10
2.6051705511811023
 20
2.0870862992125985
 30
0
 11
2.605535748031496
 21
2.0870503543307084
 31
0
  0
LINE
  5
1229
330
1A
100
AcDbEntity
  8
BLACK
  6
CONTINUOUS
100
AcDbLine
 10
2.605535748031496
 20
2.0870503543307084
 30
0
 11
2.6056353937007874
 21
2.0870224409448817
 31
0
  0
LINE
  5
122A
330
1A
100
AcDbEntity
  8
BLACK
  6
CONTINUOUS
100
AcDbLine
 10
2.6056353937007874
 20
2.0870224409448817
 30
0
 11
2.6056354330708662
 21
2.0870224015748029
 31
0
  0
LINE
  5
122B
330
1A
100
AcDbEntity
  8
BLACK
  6
CONTINUOUS
100
AcDbLine
 10
2.6056354330708662
 20
2.0870224015748029
 30
0
 11
2.6056355511811025
 21
2.0870223622047241
 31
0
  0
LINE
  5
122C
330
1A
100
AcDbEntity
  8
BLACK
  6
CONTINUOUS
100
AcDbLine
 10
2.6056355511811025
 20
2.0870223622047241
 30
0
 11
2.60563562992126
 21
2.0870224015748029
 31
0
  0
LINE
  5
122D
330
1A
100
AcDbEntity
  8
BLACK
  6
CONTINUOUS
100
AcDbLine
 10
2.60563562992126
 20
2.0870224015748029
 30
0
 11
2.6056357480314962
 21
2.0870224015748029
 31
0
  0
LINE
  5
122E
330
1A
100
AcDbEntity
  8
BLACK
  6
CONTINUOUS
100
AcDbLine
 10
2.6056357480314962
 20
2.0870224015748029
 30
0
 11
2.6057185826771652
 21
2.0870323622047242
 31
0
  0
LINE
  5
122F
330
1A
100
AcDbEntity
  8
BLACK
  6
CONTINUOUS
100
AcDbLine
 10
2.6057185826771652
 20
2.0870323622047242
 30
0
 11
2.6059381102362202
 21
2.0870107086614174
 31
0
  0
LINE
  5
1230
330
1A
100
AcDbEntity
  8
BLACK
  6
CONTINUOUS
100
AcDbLine
 10
2.6059381102362202
 20
2.0870107086614174
 30
0
 11
2.636871771653543
 21
2.0870107086614174
 31
0
  0
LINE
  5
1231
330
1A
100
AcDbEntity
  8
BLACK
  6
CONTINUOUS
100
AcDbLine
 10
2.636871771653543
 20
2.0870107086614174
 30
0
 11
2.6376398425196852
 21
2.0870863385826772
 31
0
  0
LINE
  5
1232
330
1A
100
AcDbEntity
  8
BLACK
  6
CONTINUOUS
100
AcDbLine
 10
2.6376398425196852
 20
2.0870863385826772
 30
0
 11
2.6390590551181101
 21
2.0876742125984253
 31
0
  0
LINE
  5
1233
330
1A
100
AcDbEntity
  8
BLACK
  6
CONTINUOUS
100
AcDbLine
 10
2.6390590551181101
 20
2.0876742125984253
 30
0
 11
2.6401452755905512
 21
2.088760433070866
 31
0
  0
LINE
  5
1234
330
1A
100
AcDbEntity
  8
BLACK
  6
CONTINUOUS
100
AcDbLine
 10
2.6401452755905512
 20
2.088760433070866
 30
0
 11
2.6407331496062993
 21
2.0901796456692914
 31
0
  0
LINE
  5
1235
330
1A
100
AcDbEntity
  8
BLACK
  6
CONTINUOUS
100
AcDbLine
 10
2.6407331496062993
 20
2.0901796456692914
 30
0
 11
2.6407331496062993
 21
2.0917157874015748
 31
0
  0
LINE
  5
1236
330
1A
100
AcDbEntity
  8
BLACK
  6
CONTINUOUS
100
AcDbLine
 10
2.6407331496062993
 20
2.0917157874015748
 30
0
 11
2.6401452755905512
 21
2.0931349999999997
 31
0
  0
LINE
  5
1237
330
1A
100
AcDbEntity
  8
BLACK
  6
CONTINUOUS
100
AcDbLine
 10
2.6401452755905512
 20
2.0931349999999997
 30
0
 11
2.6390590551181101
 21
2.0942212204724409
 31
0
  0
LINE
  5
1238
330
1A
100
AcDbEntity
  8
BLACK
  6
CONTINUOUS
100
AcDbLine
 10
2.6390590551181101
 20
2.0942212204724409
 30
0
 11
2.6376398425196852
 21
2.094809094488189
 31
0
  0
LINE
  5
1239
330
1A
100
AcDbEntity
  8
BLACK
  6
CONTINUOUS
100
AcDbLine
 10
2.6376398425196852
 20
2.094809094488189
 30
0
 11
2.63761905511811
 21
2.0948111417322832
 31
0
  0
LINE
  5
123A
330
1A
100
AcDbEntity
  8
BLACK
  6
CONTINUOUS
100
AcDbLine
 10
2.63761905511811
 20
2.0948111417322832
 30
0
 11
2.6376170472440945
 21
2.094811338582677
 31
0
  0
LINE
  5
123B
330
1A
100
AcDbEntity
  8
BLACK
  6
CONTINUOUS
100
AcDbLine
 10
2.6376170472440945
 20
2.094811338582677
 30
0
 11
2.636871771653543
 21
2.0948847244094488
 31
0
  0
LINE
  5
123C
330
1A
100
AcDbEntity
  8
BLACK
  6
CONTINUOUS
100
AcDbLine
 10
2.636871771653543
 20
2.0948847244094488
 30
0
 11
2.6140383858267717
 21
2.0948847244094488
 31
0
  0
LINE
  5
123D
330
1A
100
AcDbEntity
  8
BLACK
  6
CONTINUOUS
100
AcDbLine
 10
2.6140383858267717
 20
2.0948847244094488
 30
0
 11
2.628211220472441
 21
2.1129229133858267
 31
0
  0
LINE
  5
123E
330
1A
100
AcDbEntity
  8
BLACK
  6
CONTINUOUS
100
AcDbLine
 10
2.628211220472441
 20
2.1129229133858267
 30
0
 11
2.6293953543307085
 21
2.1144299606299213
 31
0
  0
LINE
  5
123F
330
1A
100
AcDbEntity
  8
BLACK
  6
CONTINUOUS
100
AcDbLine
 10
2.6293953543307085
 20
2.1144299606299213
 30
0
 11
2.6399675196850394
 21
2.1278854330708663
 31
0
  0
LINE
  5
1240
330
1A
100
AcDbEntity
  8
BLACK
  6
CONTINUOUS
100
AcDbLine
 10
2.6399675196850394
 20
2.1278854330708663
 30
0
 11
2.6400861023622046
 21
2.1280713385826773
 31
0
  0
LINE
  5
1241
330
1A
100
AcDbEntity
  8
BLACK
  6
CONTINUOUS
100
AcDbLine
 10
2.6400861023622046
 20
2.1280713385826773
 30
0
 11
2.6401452755905512
 21
2.1281305118110234
 31
0
  0
LINE
  5
1242
330
1A
100
AcDbEntity
  8
BLACK
  6
CONTINUOUS
100
AcDbLine
 10
2.6401452755905512
 20
2.1281305118110234
 30
0
 11
2.640184960629921
 21
2.1282263385826772
 31
0
  0
LINE
  5
1243
330
1A
100
AcDbEntity
  8
BLACK
  6
CONTINUOUS
100
AcDbLine
 10
2.640184960629921
 20
2.1282263385826772
 30
0
 11
2.640382559055118
 21
2.1285361023622045
 31
0
  0
LINE
  5
1244
330
1A
100
AcDbEntity
  8
BLACK
  6
CONTINUOUS
100
AcDbLine
 10
2.640382559055118
 20
2.1285361023622045
 30
0
 11
2.6405274803149608
 21
2.1290533070866142
 31
0
  0
LINE
  5
1245
330
1A
100
AcDbEntity
  8
BLACK
  6
CONTINUOUS
100
AcDbLine
 10
2.6405274803149608
 20
2.1290533070866142
 30
0
 11
2.6407331496062993
 21
2.1295497244094488
 31
0
  0
LINE
  5
1246
330
1A
100
AcDbEntity
  8
BLACK
  6
CONTINUOUS
100
AcDbLine
 10
2.6407331496062993
 20
2.1295497244094488
 30
0
 11
2.6407331496062993
 21
2.1297870078740155
 31
0
  0
LINE
  5
1247
330
1A
100
AcDbEntity
  8
BLACK
  6
CONTINUOUS
100
AcDbLine
 10
2.6407331496062993
 20
2.1297870078740155
 30
0
 11
2.640797125984252
 21
2.1300152362204723
 31
0
  0
LINE
  5
1248
330
1A
100
AcDbEntity
  8
BLACK
  6
CONTINUOUS
100
AcDbLine
 10
2.640797125984252
 20
2.1300152362204723
 30
0
 11
2.6407331496062993
 21
2.1305485039370078
 31
0
  0
LINE
  5
1249
330
1A
100
AcDbEntity
  8
BLACK
  6
CONTINUOUS
100
AcDbLine
 10
2.6407331496062993
 20
2.1305485039370078
 30
0
 11
2.6407331496062993
 21
2.1310858661417322
 31
0
  0
LINE
  5
124A
330
1A
100
AcDbEntity
  8
BLACK
  6
CONTINUOUS
100
AcDbLine
 10
2.6407331496062993
 20
2.1310858661417322
 30
0
 11
2.6406423622047241
 21
2.1313049999999998
 31
0
  0
LINE
  5
124B
330
1A
100
AcDbEntity
  8
BLACK
  6
CONTINUOUS
100
AcDbLine
 10
2.6406423622047241
 20
2.1313049999999998
 30
0
 11
2.6406141338582678
 21
2.1315404724409448
 31
0
  0
LINE
  5
124C
330
1A
100
AcDbEntity
  8
BLACK
  6
CONTINUOUS
100
AcDbLine
 10
2.6406141338582678
 20
2.1315404724409448
 30
0
 11
2.6403507874015748
 21
2.1320089370078739
 31
0
  0
LINE
  5
124D
330
1A
100
AcDbEntity
  8
BLACK
  6
CONTINUOUS
100
AcDbLine
 10
2.6403507874015748
 20
2.1320089370078739
 30
0
 11
2.6401452755905512
 21
2.1325050787401576
 31
0
  0
LINE
  5
124E
330
1A
100
AcDbEntity
  8
BLACK
  6
CONTINUOUS
100
AcDbLine
 10
2.6401452755905512
 20
2.1325050787401576
 30
0
 11
2.639977598425197
 21
2.1326727559055119
 31
0
  0
LINE
  5
124F
330
1A
100
AcDbEntity
  8
BLACK
  6
CONTINUOUS
100
AcDbLine
 10
2.639977598425197
 20
2.1326727559055119
 30
0
 11
2.639861377952756
 21
2.1328795275590551
 31
0
  0
LINE
  5
1250
330
1A
100
AcDbEntity
  8
BLACK
  6
CONTINUOUS
100
AcDbLine
 10
2.639861377952756
 20
2.1328795275590551
 30
0
 11
2.6394388188976379
 21
2.133211535433071
 31
0
  0
LINE
  5
1251
330
1A
100
AcDbEntity
  8
BLACK
  6
CONTINUOUS
100
AcDbLine
 10
2.6394388188976379
 20
2.133211535433071
 30
0
 11
2.6390590551181101
 21
2.1335912992125983
 31
0
  0
LINE
  5
1252
330
1A
100
AcDbEntity
  8
BLACK
  6
CONTINUOUS
100
AcDbLine
 10
2.6390590551181101
 20
2.1335912992125983
 30
0
 11
2.6388399212598426
 21
2.133682086614173
 31
0
  0
LINE
  5
1253
330
1A
100
AcDbEntity
  8
BLACK
  6
CONTINUOUS
100
AcDbLine
 10
2.6388399212598426
 20
2.133682086614173
 30
0
 11
2.6386534645669291
 21
2.1338285826771655
 31
0
  0
LINE
  5
1254
330
1A
100
AcDbEntity
  8
BLACK
  6
CONTINUOUS
100
AcDbLine
 10
2.6386534645669291
 20
2.1338285826771655
 30
0
 11
2.6381362598425198
 21
2.1339735433070866
 31
0
  0
LINE
  5
1255
330
1A
100
AcDbEntity
  8
BLACK
  6
CONTINUOUS
100
AcDbLine
 10
2.6381362598425198
 20
2.1339735433070866
 30
0
 11
2.6376398425196852
 21
2.1341791732283464
 31
0
  0
LINE
  5
1256
330
1A
100
AcDbEntity
  8
BLACK
  6
CONTINUOUS
100
AcDbLine
 10
2.6376398425196852
 20
2.1341791732283464
 30
0
 11
2.6372740944881889
 21
2.1342151968503935
 31
0
  0
LINE
  5
1257
330
1A
100
AcDbEntity
  8
BLACK
  6
CONTINUOUS
100
AcDbLine
 10
2.6372740944881889
 20
2.1342151968503935
 30
0
 11
2.6371743307086613
 21
2.134243149606299
 31
0
  0
LINE
  5
1258
330
1A
100
AcDbEntity
  8
BLACK
  6
CONTINUOUS
100
AcDbLine
 10
2.6371743307086613
 20
2.134243149606299
 30
0
 11
2.6370912598425198
 21
2.1342331889763777
 31
0
  0
LINE
  5
1259
330
1A
100
AcDbEntity
  8
BLACK
  6
CONTINUOUS
100
AcDbLine
 10
2.6370912598425198
 20
2.1342331889763777
 30
0
 11
2.636871771653543
 21
2.1342548031496062
 31
0
  0
LINE
  5
125A
330
1A
100
AcDbEntity
  8
BLACK
  6
CONTINUOUS
100
AcDbLine
 10
2.636871771653543
 20
2.1342548031496062
 30
0
 11
2.6059381102362202
 21
2.1342548031496062
 31
0
  0
LINE
  5
125B
330
1A
100
AcDbEntity
  8
BLACK
  6
CONTINUOUS
100
AcDbLine
 10
2.6059381102362202
 20
2.1342548031496062
 30
0
 11
2.6051700393700785
 21
2.1341791732283464
 31
0
  0
LINE
  5
125C
330
1A
100
AcDbEntity
  8
BLACK
  6
CONTINUOUS
100
AcDbLine
 10
2.5312227952755904
 20
2.1000890157480314
 30
0
 11
2.5306349212598422
 21
2.0998455118110235
 31
0
  0
LINE
  5
125D
330
1A
100
AcDbEntity
  8
BLACK
  6
CONTINUOUS
100
AcDbLine
 10
2.5306349212598422
 20
2.0998455118110235
 30
0
 11
2.5300383464566929
 21
2.0993558661417322
 31
0
  0
LINE
  5
125E
330
1A
100
AcDbEntity
  8
BLACK
  6
CONTINUOUS
100
AcDbLine
 10
2.5300383464566929
 20
2.0993558661417322
 30
0
 11
2.5272262204724409
 21
2.0965437007874015
 31
0
  0
LINE
  5
125F
330
1A
100
AcDbEntity
  8
BLACK
  6
CONTINUOUS
100
AcDbLine
 10
2.5272262204724409
 20
2.0965437007874015
 30
0
 11
2.5267365748031496
 21
2.0959471259842517
 31
0
  0
LINE
  5
1260
330
1A
100
AcDbEntity
  8
BLACK
  6
CONTINUOUS
100
AcDbLine
 10
2.5267365748031496
 20
2.0959471259842517
 30
0
 11
2.5266772834645668
 21
2.095803937007874
 31
0
  0
LINE
  5
1261
330
1A
100
AcDbEntity
  8
BLACK
  6
CONTINUOUS
100
AcDbLine
 10
2.5266772834645668
 20
2.095803937007874
 30
0
 11
2.5261487401574803
 21
2.0945279133858268
 31
0
  0
LINE
  5
1262
330
1A
100
AcDbEntity
  8
BLACK
  6
CONTINUOUS
100
AcDbLine
 10
2.5261487401574803
 20
2.0945279133858268
 30
0
 11
2.5261487401574803
 21
2.0929917716535433
 31
0
  0
LINE
  5
1263
330
1A
100
AcDbEntity
  8
BLACK
  6
CONTINUOUS
100
AcDbLine
 10
2.5261487401574803
 20
2.0929917716535433
 30
0
 11
2.5262837401574805
 21
2.0926659055118111
 31
0
  0
LINE
  5
1264
330
1A
100
AcDbEntity
  8
BLACK
  6
CONTINUOUS
100
AcDbLine
 10
2.5262837401574805
 20
2.0926659055118111
 30
0
 11
2.5267366141732284
 21
2.0915725196850392
 31
0
  0
LINE
  5
1265
330
1A
100
AcDbEntity
  8
BLACK
  6
CONTINUOUS
100
AcDbLine
 10
2.5267366141732284
 20
2.0915725196850392
 30
0
 11
2.5267367716535434
 21
2.0915723622047242
 31
0
  0
LINE
  5
1266
330
1A
100
AcDbEntity
  8
BLACK
  6
CONTINUOUS
100
AcDbLine
 10
2.5267367716535434
 20
2.0915723622047242
 30
0
 11
2.5271333464566927
 21
2.0910891338582678
 31
0
  0
LINE
  5
1267
330
1A
100
AcDbEntity
  8
BLACK
  6
CONTINUOUS
100
AcDbLine
 10
2.5271333464566927
 20
2.0910891338582678
 30
0
 11
2.527177992125984
 21
2.0910347244094489
 31
0
  0
LINE
  5
1268
330
1A
100
AcDbEntity
  8
BLACK
  6
CONTINUOUS
100
AcDbLine
 10
2.527177992125984
 20
2.0910347244094489
 30
0
 11
2.5272262204724409
 21
2.0909759448818899
 31
0
  0
LINE
  5
1269
330
1A
100
AcDbEntity
  8
BLACK
  6
CONTINUOUS
100
AcDbLine
 10
2.5272262204724409
 20
2.0909759448818899
 30
0
 11
2.5300383464566929
 21
2.0881638582677167
 31
0
  0
LINE
  5
126A
330
1A
100
AcDbEntity
  8
BLACK
  6
CONTINUOUS
100
AcDbLine
 10
2.5300383464566929
 20
2.0881638582677167
 30
0
 11
2.5306349212598422
 21
2.0876742125984253
 31
0
  0
LINE
  5
126B
330
1A
100
AcDbEntity
  8
BLACK
  6
CONTINUOUS
100
AcDbLine
 10
2.5306349212598422
 20
2.0876742125984253
 30
0
 11
2.530989212598425
 21
2.0875274803149604
 31
0
  0
LINE
  5
126C
330
1A
100
AcDbEntity
  8
BLACK
  6
CONTINUOUS
100
AcDbLine
 10
2.530989212598425
 20
2.0875274803149604
 30
0
 11
2.53098937007874
 21
2.0875274015748033
 31
0
  0
LINE
  5
126D
330
1A
100
AcDbEntity
  8
BLACK
  6
CONTINUOUS
100
AcDbLine
 10
2.53098937007874
 20
2.0875274015748033
 30
0
 11
2.5320541732283464
 21
2.0870863385826772
 31
0
  0
LINE
  5
126E
330
1A
100
AcDbEntity
  8
BLACK
  6
CONTINUOUS
100
AcDbLine
 10
2.5320541732283464
 20
2.0870863385826772
 30
0
 11
2.5335902362204723
 21
2.0870863385826772
 31
0
  0
LINE
  5
126F
330
1A
100
AcDbEntity
  8
BLACK
  6
CONTINUOUS
100
AcDbLine
 10
2.5335902362204723
 20
2.0870863385826772
 30
0
 11
2.5335902755905511
 21
2.0870863385826772
 31
0
  0
LINE
  5
1270
330
1A
100
AcDbEntity
  8
BLACK
  6
CONTINUOUS
100
AcDbLine
 10
2.5335902755905511
 20
2.0870863385826772
 30
0
 11
2.5335903149606298
 21
2.0870863385826772
 31
0
  0
LINE
  5
1271
330
1A
100
AcDbEntity
  8
BLACK
  6
CONTINUOUS
100
AcDbLine
 10
2.5335903149606298
 20
2.0870863385826772
 30
0
 11
2.5340051181102363
 21
2.0872582283464567
 31
0
  0
LINE
  5
1272
330
1A
100
AcDbEntity
  8
BLACK
  6
CONTINUOUS
100
AcDbLine
 10
2.5340051181102363
 20
2.0872582283464567
 30
0
 11
2.5340051968503938
 21
2.0872582677165354
 31
0
  0
LINE
  5
1273
330
1A
100
AcDbEntity
  8
BLACK
  6
CONTINUOUS
100
AcDbLine
 10
2.5340051968503938
 20
2.0872582677165354
 30
0
 11
2.5340059055118109
 21
2.0872585433070867
 31
0
  0
LINE
  5
1274
330
1A
100
AcDbEntity
  8
BLACK
  6
CONTINUOUS
100
AcDbLine
 10
2.5340059055118109
 20
2.0872585433070867
 30
0
 11
2.5340059448818897
 21
2.0872585433070867
 31
0
  0
LINE
  5
1275
330
1A
100
AcDbEntity
  8
BLACK
  6
CONTINUOUS
100
AcDbLine
 10
2.5340059448818897
 20
2.0872585433070867
 30
0
 11
2.5350095275590552
 21
2.0876741732283466
 31
0
  0
LINE
  5
1276
330
1A
100
AcDbEntity
  8
BLACK
  6
CONTINUOUS
100
AcDbLine
 10
2.5350095275590552
 20
2.0876741732283466
 30
0
 11
2.5356061023622045
 21
2.0881638188976379
 31
0
  0
LINE
  5
1277
330
1A
100
AcDbEntity
  8
BLACK
  6
CONTINUOUS
100
AcDbLine
 10
2.5356061023622045
 20
2.0881638188976379
 30
0
 11
2.5384182677165352
 21
2.0909759448818899
 31
0
  0
LINE
  5
1278
330
1A
100
AcDbEntity
  8
BLACK
  6
CONTINUOUS
100
AcDbLine
 10
2.5384182677165352
 20
2.0909759448818899
 30
0
 11
2.5389079133858266
 21
2.0915725196850392
 31
0
  0
LINE
  5
1279
330
1A
100
AcDbEntity
  8
BLACK
  6
CONTINUOUS
100
AcDbLine
 10
2.5389079133858266
 20
2.0915725196850392
 30
0
 11
2.5393607874015749
 21
2.0926659055118111
 31
0
  0
LINE
  5
127A
330
1A
100
AcDbEntity
  8
BLACK
  6
CONTINUOUS
100
AcDbLine
 10
2.5393607874015749
 20
2.0926659055118111
 30
0
 11
2.5394957874015747
 21
2.0929917716535433
 31
0
  0
LINE
  5
127B
330
1A
100
AcDbEntity
  8
BLACK
  6
CONTINUOUS
100
AcDbLine
 10
2.5394957874015747
 20
2.0929917716535433
 30
0
 11
2.5394957874015747
 21
2.0945279133858268
 31
0
  0
LINE
  5
127C
330
1A
100
AcDbEntity
  8
BLACK
  6
CONTINUOUS
100
AcDbLine
 10
2.5394957874015747
 20
2.0945279133858268
 30
0
 11
2.539438622047244
 21
2.0946659055118109
 31
0
  0
LINE
  5
127D
330
1A
100
AcDbEntity
  8
BLACK
  6
CONTINUOUS
100
AcDbLine
 10
2.539438622047244
 20
2.0946659055118109
 30
0
 11
2.5389672440944882
 21
2.095803937007874
 31
0
  0
LINE
  5
127E
330
1A
100
AcDbEntity
  8
BLACK
  6
CONTINUOUS
100
AcDbLine
 10
2.5389672440944882
 20
2.095803937007874
 30
0
 11
2.5389079527559053
 21
2.0959471259842517
 31
0
  0
LINE
  5
127F
330
1A
100
AcDbEntity
  8
BLACK
  6
CONTINUOUS
100
AcDbLine
 10
2.5389079527559053
 20
2.0959471259842517
 30
0
 11
2.5389077165354332
 21
2.0959473622047242
 31
0
  0
LINE
  5
1280
330
1A
100
AcDbEntity
  8
BLACK
  6
CONTINUOUS
100
AcDbLine
 10
2.5389077165354332
 20
2.0959473622047242
 30
0
 11
2.538418307086614
 21
2.0965437401574802
 31
0
  0
LINE
  5
1281
330
1A
100
AcDbEntity
  8
BLACK
  6
CONTINUOUS
100
AcDbLine
 10
2.538418307086614
 20
2.0965437401574802
 30
0
 11
2.5356061417322833
 21
2.0993559055118109
 31
0
  0
LINE
  5
1282
330
1A
100
AcDbEntity
  8
BLACK
  6
CONTINUOUS
100
AcDbLine
 10
2.5356061417322833
 20
2.0993559055118109
 30
0
 11
2.5355725984251967
 21
2.0993834251968502
 31
0
  0
LINE
  5
1283
330
1A
100
AcDbEntity
  8
BLACK
  6
CONTINUOUS
100
AcDbLine
 10
2.5355725984251967
 20
2.0993834251968502
 30
0
 11
2.5355473622047242
 21
2.0994041338582679
 31
0
  0
LINE
  5
1284
330
1A
100
AcDbEntity
  8
BLACK
  6
CONTINUOUS
100
AcDbLine
 10
2.5355473622047242
 20
2.0994041338582679
 30
0
 11
2.5354929527559054
 21
2.0994487795275592
 31
0
  0
LINE
  5
1285
330
1A
100
AcDbEntity
  8
BLACK
  6
CONTINUOUS
100
AcDbLine
 10
2.5354929527559054
 20
2.0994487795275592
 30
0
 11
2.5350097244094489
 21
2.0998453543307085
 31
0
  0
LINE
  5
1286
330
1A
100
AcDbEntity
  8
BLACK
  6
CONTINUOUS
100
AcDbLine
 10
2.5350097244094489
 20
2.0998453543307085
 30
0
 11
2.5350095275590552
 21
2.0998455511811023
 31
0
  0
LINE
  5
1287
330
1A
100
AcDbEntity
  8
BLACK
  6
CONTINUOUS
100
AcDbLine
 10
2.5350095275590552
 20
2.0998455511811023
 30
0
 11
2.5340059448818897
 21
2.1002612204724409
 31
0
  0
LINE
  5
1288
330
1A
100
AcDbEntity
  8
BLACK
  6
CONTINUOUS
100
AcDbLine
 10
2.5340059448818897
 20
2.1002612204724409
 30
0
 11
2.5335903149606298
 21
2.1004333858267716
 31
0
  0
LINE
  5
1289
330
1A
100
AcDbEntity
  8
BLACK
  6
CONTINUOUS
100
AcDbLine
 10
2.5335903149606298
 20
2.1004333858267716
 30
0
 11
2.5320541732283464
 21
2.1004333858267716
 31
0
  0
LINE
  5
128A
330
1A
100
AcDbEntity
  8
BLACK
  6
CONTINUOUS
100
AcDbLine
 10
2.5320541732283464
 20
2.1004333858267716
 30
0
 11
2.5312227952755904
 21
2.1000890157480314
 31
0
  0
LINE
  5
128B
330
1A
100
AcDbEntity
  8
BLACK
  6
CONTINUOUS
100
AcDbLine
 10
2.2851535433070866
 20
0.9117194488188977
 30
0
 11
2.2864927952755907
 21
0.9032637007874016
 31
0
  0
LINE
  5
128C
330
1A
100
AcDbEntity
  8
BLACK
  6
CONTINUOUS
100
AcDbLine
 10
2.2864927952755907
 20
0.9032637007874016
 30
0
 11
2.289138346456693
 21
0.8951215748031496
 31
0
  0
LINE
  5
128D
330
1A
100
AcDbEntity
  8
BLACK
  6
CONTINUOUS
100
AcDbLine
 10
2.289138346456693
 20
0.8951215748031496
 30
0
 11
2.292763503937008
 21
0.8880067716535432
 31
0
  0
LINE
  5
128E
330
1A
100
AcDbEntity
  8
BLACK
  6
CONTINUOUS
100
AcDbLine
 10
2.292763503937008
 20
0.8880067716535432
 30
0
 11
2.2930250787401576
 21
0.8874934251968504
 31
0
  0
LINE
  5
128F
330
1A
100
AcDbEntity
  8
BLACK
  6
CONTINUOUS
100
AcDbLine
 10
2.2930250787401576
 20
0.8874934251968504
 30
0
 11
2.2980571653543307
 21
0.8805673622047244
 31
0
  0
LINE
  5
1290
330
1A
100
AcDbEntity
  8
BLACK
  6
CONTINUOUS
100
AcDbLine
 10
2.2980571653543307
 20
0.8805673622047244
 30
0
 11
2.3041106299212597
 21
0.8745138976377953
 31
0
  0
LINE
  5
1291
330
1A
100
AcDbEntity
  8
BLACK
  6
CONTINUOUS
100
AcDbLine
 10
2.3041106299212597
 20
0.8745138976377953
 30
0
 11
2.3077627559055118
 21
0.8718604724409449
 31
0
  0
LINE
  5
1292
330
1A
100
AcDbEntity
  8
BLACK
  6
CONTINUOUS
100
AcDbLine
 10
2.3077627559055118
 20
0.8718604724409449
 30
0
 11
2.3110368503937009
 21
0.8694816929133858
 31
0
  0
LINE
  5
1293
330
1A
100
AcDbEntity
  8
BLACK
  6
CONTINUOUS
100
AcDbLine
 10
2.3110368503937009
 20
0.8694816929133858
 30
0
 11
2.3186648818897639
 21
0.8655950393700788
 31
0
  0
LINE
  5
1294
330
1A
100
AcDbEntity
  8
BLACK
  6
CONTINUOUS
100
AcDbLine
 10
2.3186648818897639
 20
0.8655950393700788
 30
0
 11
2.3268070078740157
 21
0.8629494881889763
 31
0
  0
LINE
  5
1295
330
1A
100
AcDbEntity
  8
BLACK
  6
CONTINUOUS
100
AcDbLine
 10
2.3268070078740157
 20
0.8629494881889763
 30
0
 11
2.3352627559055117
 21
0.8616102362204724
 31
0
  0
LINE
  5
1296
330
1A
100
AcDbEntity
  8
BLACK
  6
CONTINUOUS
100
AcDbLine
 10
2.3352627559055117
 20
0.8616102362204724
 30
0
 11
2.3352628740157479
 21
0.8616102362204724
 31
0
  0
LINE
  5
1297
330
1A
100
AcDbEntity
  8
BLACK
  6
CONTINUOUS
100
AcDbLine
 10
2.3352628740157479
 20
0.8616102362204724
 30
0
 11
2.3438237401574802
 21
0.8616102362204724
 31
0
  0
LINE
  5
1298
330
1A
100
AcDbEntity
  8
BLACK
  6
CONTINUOUS
100
AcDbLine
 10
2.3438237401574802
 20
0.8616102362204724
 30
0
 11
2.3438238582677164
 21
0.8616102362204724
 31
0
  0
LINE
  5
1299
330
1A
100
AcDbEntity
  8
BLACK
  6
CONTINUOUS
100
AcDbLine
 10
2.3438238582677164
 20
0.8616102362204724
 30
0
 11
2.3448845275590551
 21
0.8617782283464567
 31
0
  0
LINE
  5
129A
330
1A
100
AcDbEntity
  8
BLACK
  6
CONTINUOUS
100
AcDbLine
 10
2.3448845275590551
 20
0.8617782283464567
 30
0
 11
2.3522796062992124
 21
0.8629494881889763
 31
0
  0
LINE
  5
129B
330
1A
100
AcDbEntity
  8
BLACK
  6
CONTINUOUS
100
AcDbLine
 10
2.3522796062992124
 20
0.8629494881889763
 30
0
 11
2.3604217322834646
 21
0.8655950393700788
 31
0
  0
LINE
  5
129C
330
1A
100
AcDbEntity
  8
BLACK
  6
CONTINUOUS
100
AcDbLine
 10
2.3604217322834646
 20
0.8655950393700788
 30
0
 11
2.3680497637795277
 21
0.8694816929133858
 31
0
  0
LINE
  5
129D
330
1A
100
AcDbEntity
  8
BLACK
  6
CONTINUOUS
100
AcDbLine
 10
2.3680497637795277
 20
0.8694816929133858
 30
0
 11
2.3749758661417322
 21
0.8745138188976378
 31
0
  0
LINE
  5
129E
330
1A
100
AcDbEntity
  8
BLACK
  6
CONTINUOUS
100
AcDbLine
 10
2.3749758661417322
 20
0.8745138188976378
 30
0
 11
2.3810294881889762
 21
0.8805674409448818
 31
0
  0
LINE
  5
129F
330
1A
100
AcDbEntity
  8
BLACK
  6
CONTINUOUS
100
AcDbLine
 10
2.3810294881889762
 20
0.8805674409448818
 30
0
 11
2.3860616141732285
 21
0.8874935433070866
 31
0
  0
LINE
  5
12A0
330
1A
100
AcDbEntity
  8
BLACK
  6
CONTINUOUS
100
AcDbLine
 10
2.3860616141732285
 20
0.8874935433070866
 30
0
 11
2.3887204724409448
 21
0.8927118503937007
 31
0
  0
LINE
  5
12A1
330
1A
100
AcDbEntity
  8
BLACK
  6
CONTINUOUS
100
AcDbLine
 10
2.3887204724409448
 20
0.8927118503937007
 30
0
 11
2.3899482677165356
 21
0.8951215748031496
 31
0
  0
LINE
  5
12A2
330
1A
100
AcDbEntity
  8
BLACK
  6
CONTINUOUS
100
AcDbLine
 10
2.3899482677165356
 20
0.8951215748031496
 30
0
 11
2.3925938188976379
 21
0.9032637007874016
 31
0
  0
LINE
  5
12A3
330
1A
100
AcDbEntity
  8
BLACK
  6
CONTINUOUS
100
AcDbLine
 10
2.3925938188976379
 20
0.9032637007874016
 30
0
 11
2.3939330708661415
 21
0.9117194488188977
 31
0
  0
LINE
  5
12A4
330
1A
100
AcDbEntity
  8
BLACK
  6
CONTINUOUS
100
AcDbLine
 10
2.3939330708661415
 20
0.9117194488188977
 30
0
 11
2.3939330708661415
 21
0.9202805511811023
 31
0
  0
LINE
  5
12A5
330
1A
100
AcDbEntity
  8
BLACK
  6
CONTINUOUS
100
AcDbLine
 10
2.3939330708661415
 20
0.9202805511811023
 30
0
 11
2.3938455118110236
 21
0.9208333464566929
 31
0
  0
LINE
  5
12A6
330
1A
100
AcDbEntity
  8
BLACK
  6
CONTINUOUS
100
AcDbLine
 10
2.3938455118110236
 20
0.9208333464566929
 30
0
 11
2.3925938188976379
 21
0.9287362992125984
 31
0
  0
LINE
  5
12A7
330
1A
100
AcDbEntity
  8
BLACK
  6
CONTINUOUS
100
AcDbLine
 10
2.3925938188976379
 20
0.9287362992125984
 30
0
 11
2.3899482677165356
 21
0.9368784251968504
 31
0
  0
LINE
  5
12A8
330
1A
100
AcDbEntity
  8
BLACK
  6
CONTINUOUS
100
AcDbLine
 10
2.3899482677165356
 20
0.9368784251968504
 30
0
 11
2.3860616141732285
 21
0.9445064566929133
 31
0
  0
LINE
  5
12A9
330
1A
100
AcDbEntity
  8
BLACK
  6
CONTINUOUS
100
AcDbLine
 10
2.3860616141732285
 20
0.9445064566929133
 30
0
 11
2.3810294881889762
 21
0.9514325590551181
 31
0
  0
LINE
  5
12AA
330
1A
100
AcDbEntity
  8
BLACK
  6
CONTINUOUS
100
AcDbLine
 10
2.3810294881889762
 20
0.9514325590551181
 30
0
 11
2.3810294094488187
 21
0.9514326771653543
 31
0
  0
LINE
  5
12AB
330
1A
100
AcDbEntity
  8
BLACK
  6
CONTINUOUS
100
AcDbLine
 10
2.3810294094488187
 20
0.9514326771653543
 30
0
 11
2.3749759448818897
 21
0.9574861417322834
 31
0
  0
LINE
  5
12AC
330
1A
100
AcDbEntity
  8
BLACK
  6
CONTINUOUS
100
AcDbLine
 10
2.3749759448818897
 20
0.9574861417322834
 30
0
 11
2.3680498818897635
 21
0.9625182283464566
 31
0
  0
LINE
  5
12AD
330
1A
100
AcDbEntity
  8
BLACK
  6
CONTINUOUS
100
AcDbLine
 10
2.3680498818897635
 20
0.9625182283464566
 30
0
 11
2.3680498425196852
 21
0.9625182677165354
 31
0
  0
LINE
  5
12AE
330
1A
100
AcDbEntity
  8
BLACK
  6
CONTINUOUS
100
AcDbLine
 10
2.3680498425196852
 20
0.9625182677165354
 30
0
 11
2.3680497637795277
 21
0.9625183070866141
 31
0
  0
LINE
  5
12AF
330
1A
100
AcDbEntity
  8
BLACK
  6
CONTINUOUS
100
AcDbLine
 10
2.3680497637795277
 20
0.9625183070866141
 30
0
 11
2.3604217322834646
 21
0.9664049606299212
 31
0
  0
LINE
  5
12B0
330
1A
100
AcDbEntity
  8
BLACK
  6
CONTINUOUS
100
AcDbLine
 10
2.3604217322834646
 20
0.9664049606299212
 30
0
 11
2.3522796062992124
 21
0.9690505118110236
 31
0
  0
LINE
  5
12B1
330
1A
100
AcDbEntity
  8
BLACK
  6
CONTINUOUS
100
AcDbLine
 10
2.3522796062992124
 20
0.9690505118110236
 30
0
 11
2.3438238582677164
 21
0.9703897637795276
 31
0
  0
LINE
  5
12B2
330
1A
100
AcDbEntity
  8
BLACK
  6
CONTINUOUS
100
AcDbLine
 10
2.3438238582677164
 20
0.9703897637795276
 30
0
 11
2.3352627559055117
 21
0.9703897637795276
 31
0
  0
LINE
  5
12B3
330
1A
100
AcDbEntity
  8
BLACK
  6
CONTINUOUS
100
AcDbLine
 10
2.3352627559055117
 20
0.9703897637795276
 30
0
 11
2.3268070078740157
 21
0.9690505118110236
 31
0
  0
LINE
  5
12B4
330
1A
100
AcDbEntity
  8
BLACK
  6
CONTINUOUS
100
AcDbLine
 10
2.3268070078740157
 20
0.9690505118110236
 30
0
 11
2.3268068897637795
 21
0.9690505118110236
 31
0
  0
LINE
  5
12B5
330
1A
100
AcDbEntity
  8
BLACK
  6
CONTINUOUS
100
AcDbLine
 10
2.3268068897637795
 20
0.9690505118110236
 30
0
 11
2.3268068503937007
 21
0.9690504724409449
 31
0
  0
LINE
  5
12B6
330
1A
100
AcDbEntity
  8
BLACK
  6
CONTINUOUS
100
AcDbLine
 10
2.3268068503937007
 20
0.9690504724409449
 30
0
 11
2.3186648818897639
 21
0.9664049606299212
 31
0
  0
LINE
  5
12B7
330
1A
100
AcDbEntity
  8
BLACK
  6
CONTINUOUS
100
AcDbLine
 10
2.3186648818897639
 20
0.9664049606299212
 30
0
 11
2.3186648031496064
 21
0.9664049212598425
 31
0
  0
LINE
  5
12B8
330
1A
100
AcDbEntity
  8
BLACK
  6
CONTINUOUS
100
AcDbLine
 10
2.3186648031496064
 20
0.9664049212598425
 30
0
 11
2.3110366929133859
 21
0.9625182283464566
 31
0
  0
LINE
  5
12B9
330
1A
100
AcDbEntity
  8
BLACK
  6
CONTINUOUS
100
AcDbLine
 10
2.3110366929133859
 20
0.9625182283464566
 30
0
 11
2.3041106299212597
 21
0.9574861417322834
 31
0
  0
LINE
  5
12BA
330
1A
100
AcDbEntity
  8
BLACK
  6
CONTINUOUS
100
AcDbLine
 10
2.3041106299212597
 20
0.9574861417322834
 30
0
 11
2.2980571653543307
 21
0.9514326771653543
 31
0
  0
LINE
  5
12BB
330
1A
100
AcDbEntity
  8
BLACK
  6
CONTINUOUS
100
AcDbLine
 10
2.2980571653543307
 20
0.9514326771653543
 30
0
 11
2.2930250787401576
 21
0.9445066141732283
 31
0
  0
LINE
  5
12BC
330
1A
100
AcDbEntity
  8
BLACK
  6
CONTINUOUS
100
AcDbLine
 10
2.2930250787401576
 20
0.9445066141732283
 30
0
 11
2.2891383858267718
 21
0.9368785039370079
 31
0
  0
LINE
  5
12BD
330
1A
100
AcDbEntity
  8
BLACK
  6
CONTINUOUS
100
AcDbLine
 10
2.2891383858267718
 20
0.9368785039370079
 30
0
 11
2.289138346456693
 21
0.9368784251968504
 31
0
  0
LINE
  5
12BE
330
1A
100
AcDbEntity
  8
BLACK
  6
CONTINUOUS
100
AcDbLine
 10
2.289138346456693
 20
0.9368784251968504
 30
0
 11
2.2864986220472439
 21
0.9287541732283464
 31
0
  0
LINE
  5
12BF
330
1A
100
AcDbEntity
  8
BLACK
  6
CONTINUOUS
100
AcDbLine
 10
2.2864986220472439
 20
0.9287541732283464
 30
0
 11
2.2864927952755907
 21
0.9287362992125984
 31
0
  0
LINE
  5
12C0
330
1A
100
AcDbEntity
  8
BLACK
  6
CONTINUOUS
100
AcDbLine
 10
2.2864927952755907
 20
0.9287362992125984
 30
0
 11
2.2851535433070866
 21
0.9202805511811023
 31
0
  0
LINE
  5
12C1
330
1A
100
AcDbEntity
  8
BLACK
  6
CONTINUOUS
100
AcDbLine
 10
2.2851535433070866
 20
0.9202805511811023
 30
0
 11
2.2851535433070866
 21
0.9117194488188977
 31
0
  0
LINE
  5
12C2
330
1A
100
AcDbEntity
  8
BLACK
  6
CONTINUOUS
100
AcDbLine
 10
2.2851535433070866
 20
1.108569842519685
 30
0
 11
2.2864927952755907
 21
1.1001140944881889
 31
0
  0
LINE
  5
12C3
330
1A
100
AcDbEntity
  8
BLACK
  6
CONTINUOUS
100
AcDbLine
 10
2.2864927952755907
 20
1.1001140944881889
 30
0
 11
2.289138346456693
 21
1.0919719685039371
 31
0
  0
LINE
  5
12C4
330
1A
100
AcDbEntity
  8
BLACK
  6
CONTINUOUS
100
AcDbLine
 10
2.289138346456693
 20
1.0919719685039371
 30
0
 11
2.292942598425197
 21
1.0845056692913386
 31
0
  0
LINE
  5
12C5
330
1A
100
AcDbEntity
  8
BLACK
  6
CONTINUOUS
100
AcDbLine
 10
2.292942598425197
 20
1.0845056692913386
 30
0
 11
2.2930250787401576
 21
1.0843438188976378
 31
0
  0
LINE
  5
12C6
330
1A
100
AcDbEntity
  8
BLACK
  6
CONTINUOUS
100
AcDbLine
 10
2.2930250787401576
 20
1.0843438188976378
 30
0
 11
2.2980571653543307
 21
1.0774177559055118
 31
0
  0
LINE
  5
12C7
330
1A
100
AcDbEntity
  8
BLACK
  6
CONTINUOUS
100
AcDbLine
 10
2.2980571653543307
 20
1.0774177559055118
 30
0
 11
2.3041106299212597
 21
1.0713642913385826
 31
0
  0
LINE
  5
12C8
330
1A
100
AcDbEntity
  8
BLACK
  6
CONTINUOUS
100
AcDbLine
 10
2.3041106299212597
 20
1.0713642913385826
 30
0
 11
2.304110748031496
 21
1.0713642125984251
 31
0
  0
LINE
  5
12C9
330
1A
100
AcDbEntity
  8
BLACK
  6
CONTINUOUS
100
AcDbLine
 10
2.304110748031496
 20
1.0713642125984251
 30
0
 11
2.3110368503937009
 21
1.0663320866141732
 31
0
  0
LINE
  5
12CA
330
1A
100
AcDbEntity
  8
BLACK
  6
CONTINUOUS
100
AcDbLine
 10
2.3110368503937009
 20
1.0663320866141732
 30
0
 11
2.3186648818897639
 21
1.0624454330708661
 31
0
  0
LINE
  5
12CB
330
1A
100
AcDbEntity
  8
BLACK
  6
CONTINUOUS
100
AcDbLine
 10
2.3186648818897639
 20
1.0624454330708661
 30
0
 11
2.3268070078740157
 21
1.0597998818897638
 31
0
  0
LINE
  5
12CC
330
1A
100
AcDbEntity
  8
BLACK
  6
CONTINUOUS
100
AcDbLine
 10
2.3268070078740157
 20
1.0597998818897638
 30
0
 11
2.3352627559055117
 21
1.0584606299212598
 31
0
  0
LINE
  5
12CD
330
1A
100
AcDbEntity
  8
BLACK
  6
CONTINUOUS
100
AcDbLine
 10
2.3352627559055117
 20
1.0584606299212598
 30
0
 11
2.3352628740157479
 21
1.0584606299212598
 31
0
  0
LINE
  5
12CE
330
1A
100
AcDbEntity
  8
BLACK
  6
CONTINUOUS
100
AcDbLine
 10
2.3352628740157479
 20
1.0584606299212598
 30
0
 11
2.3438237401574802
 21
1.0584606299212598
 31
0
  0
LINE
  5
12CF
330
1A
100
AcDbEntity
  8
BLACK
  6
CONTINUOUS
100
AcDbLine
 10
2.3438237401574802
 20
1.0584606299212598
 30
0
 11
2.3438238582677164
 21
1.0584606299212598
 31
0
  0
LINE
  5
12D0
330
1A
100
AcDbEntity
  8
BLACK
  6
CONTINUOUS
100
AcDbLine
 10
2.3438238582677164
 20
1.0584606299212598
 30
0
 11
2.3522796062992124
 21
1.0597998818897638
 31
0
  0
LINE
  5
12D1
330
1A
100
AcDbEntity
  8
BLACK
  6
CONTINUOUS
100
AcDbLine
 10
2.3522796062992124
 20
1.0597998818897638
 30
0
 11
2.3604217322834646
 21
1.0624454330708661
 31
0
  0
LINE
  5
12D2
330
1A
100
AcDbEntity
  8
BLACK
  6
CONTINUOUS
100
AcDbLine
 10
2.3604217322834646
 20
1.0624454330708661
 30
0
 11
2.3680497637795277
 21
1.0663320866141732
 31
0
  0
LINE
  5
12D3
330
1A
100
AcDbEntity
  8
BLACK
  6
CONTINUOUS
100
AcDbLine
 10
2.3680497637795277
 20
1.0663320866141732
 30
0
 11
2.3749758661417322
 21
1.0713642125984251
 31
0
  0
LINE
  5
12D4
330
1A
100
AcDbEntity
  8
BLACK
  6
CONTINUOUS
100
AcDbLine
 10
2.3749758661417322
 20
1.0713642125984251
 30
0
 11
2.3810294881889762
 21
1.0774178346456693
 31
0
  0
LINE
  5
12D5
330
1A
100
AcDbEntity
  8
BLACK
  6
CONTINUOUS
100
AcDbLine
 10
2.3810294881889762
 20
1.0774178346456693
 30
0
 11
2.3860616141732285
 21
1.084343937007874
 31
0
  0
LINE
  5
12D6
330
1A
100
AcDbEntity
  8
BLACK
  6
CONTINUOUS
100
AcDbLine
 10
2.3860616141732285
 20
1.084343937007874
 30
0
 11
2.3899482677165356
 21
1.0919719685039371
 31
0
  0
LINE
  5
12D7
330
1A
100
AcDbEntity
  8
BLACK
  6
CONTINUOUS
100
AcDbLine
 10
2.3899482677165356
 20
1.0919719685039371
 30
0
 11
2.3925938188976379
 21
1.1001140944881889
 31
0
  0
LINE
  5
12D8
330
1A
100
AcDbEntity
  8
BLACK
  6
CONTINUOUS
100
AcDbLine
 10
2.3925938188976379
 20
1.1001140944881889
 30
0
 11
2.3939330708661415
 21
1.108569842519685
 31
0
  0
LINE
  5
12D9
330
1A
100
AcDbEntity
  8
BLACK
  6
CONTINUOUS
100
AcDbLine
 10
2.3939330708661415
 20
1.108569842519685
 30
0
 11
2.3939330708661415
 21
1.1171309448818898
 31
0
  0
LINE
  5
12DA
330
1A
100
AcDbEntity
  8
BLACK
  6
CONTINUOUS
100
AcDbLine
 10
2.3939330708661415
 20
1.1171309448818898
 30
0
 11
2.3925938188976379
 21
1.1255866929133858
 31
0
  0
LINE
  5
12DB
330
1A
100
AcDbEntity
  8
BLACK
  6
CONTINUOUS
100
AcDbLine
 10
2.3925938188976379
 20
1.1255866929133858
 30
0
 11
2.3899482677165356
 21
1.1337288188976378
 31
0
  0
LINE
  5
12DC
330
1A
100
AcDbEntity
  8
BLACK
  6
CONTINUOUS
100
AcDbLine
 10
2.3899482677165356
 20
1.1337288188976378
 30
0
 11
2.3860616141732285
 21
1.1413568503937008
 31
0
  0
LINE
  5
12DD
330
1A
100
AcDbEntity
  8
BLACK
  6
CONTINUOUS
100
AcDbLine
 10
2.3860616141732285
 20
1.1413568503937008
 30
0
 11
2.3843350393700788
 21
1.1437332677165355
 31
0
  0
LINE
  5
12DE
330
1A
100
AcDbEntity
  8
BLACK
  6
CONTINUOUS
100
AcDbLine
 10
2.3843350393700788
 20
1.1437332677165355
 30
0
 11
2.3810294094488187
 21
1.1482830708661418
 31
0
  0
LINE
  5
12DF
330
1A
100
AcDbEntity
  8
BLACK
  6
CONTINUOUS
100
AcDbLine
 10
2.3810294094488187
 20
1.1482830708661418
 30
0
 11
2.3749759448818897
 21
1.1543365354330708
 31
0
  0
LINE
  5
12E0
330
1A
100
AcDbEntity
  8
BLACK
  6
CONTINUOUS
100
AcDbLine
 10
2.3749759448818897
 20
1.1543365354330708
 30
0
 11
2.3680498818897635
 21
1.1593686220472441
 31
0
  0
LINE
  5
12E1
330
1A
100
AcDbEntity
  8
BLACK
  6
CONTINUOUS
100
AcDbLine
 10
2.3680498818897635
 20
1.1593686220472441
 30
0
 11
2.3680498425196852
 21
1.1593686614173229
 31
0
  0
LINE
  5
12E2
330
1A
100
AcDbEntity
  8
BLACK
  6
CONTINUOUS
100
AcDbLine
 10
2.3680498425196852
 20
1.1593686614173229
 30
0
 11
2.3680497637795277
 21
1.1593687007874016
 31
0
  0
LINE
  5
12E3
330
1A
100
AcDbEntity
  8
BLACK
  6
CONTINUOUS
100
AcDbLine
 10
2.3680497637795277
 20
1.1593687007874016
 30
0
 11
2.3604217322834646
 21
1.1632553543307087
 31
0
  0
LINE
  5
12E4
330
1A
100
AcDbEntity
  8
BLACK
  6
CONTINUOUS
100
AcDbLine
 10
2.3604217322834646
 20
1.1632553543307087
 30
0
 11
2.3522796062992124
 21
1.165900905511811
 31
0
  0
LINE
  5
12E5
330
1A
100
AcDbEntity
  8
BLACK
  6
CONTINUOUS
100
AcDbLine
 10
2.3522796062992124
 20
1.165900905511811
 30
0
 11
2.3438238582677164
 21
1.1672401574803148
 31
0
  0
LINE
  5
12E6
330
1A
100
AcDbEntity
  8
BLACK
  6
CONTINUOUS
100
AcDbLine
 10
2.3438238582677164
 20
1.1672401574803148
 30
0
 11
2.3352627559055117
 21
1.1672401574803148
 31
0
  0
LINE
  5
12E7
330
1A
100
AcDbEntity
  8
BLACK
  6
CONTINUOUS
100
AcDbLine
 10
2.3352627559055117
 20
1.1672401574803148
 30
0
 11
2.3268070078740157
 21
1.165900905511811
 31
0
  0
LINE
  5
12E8
330
1A
100
AcDbEntity
  8
BLACK
  6
CONTINUOUS
100
AcDbLine
 10
2.3268070078740157
 20
1.165900905511811
 30
0
 11
2.3268068897637795
 21
1.165900905511811
 31
0
  0
LINE
  5
12E9
330
1A
100
AcDbEntity
  8
BLACK
  6
CONTINUOUS
100
AcDbLine
 10
2.3268068897637795
 20
1.165900905511811
 30
0
 11
2.3268068503937007
 21
1.1659008661417323
 31
0
  0
LINE
  5
12EA
330
1A
100
AcDbEntity
  8
BLACK
  6
CONTINUOUS
100
AcDbLine
 10
2.3268068503937007
 20
1.1659008661417323
 30
0
 11
2.3186648818897639
 21
1.1632553543307087
 31
0
  0
LINE
  5
12EB
330
1A
100
AcDbEntity
  8
BLACK
  6
CONTINUOUS
100
AcDbLine
 10
2.3186648818897639
 20
1.1632553543307087
 30
0
 11
2.3186648031496064
 21
1.1632553149606299
 31
0
  0
LINE
  5
12EC
330
1A
100
AcDbEntity
  8
BLACK
  6
CONTINUOUS
100
AcDbLine
 10
2.3186648031496064
 20
1.1632553149606299
 30
0
 11
2.3110366929133859
 21
1.1593686220472441
 31
0
  0
LINE
  5
12ED
330
1A
100
AcDbEntity
  8
BLACK
  6
CONTINUOUS
100
AcDbLine
 10
2.3110366929133859
 20
1.1593686220472441
 30
0
 11
2.3041106299212597
 21
1.1543365354330708
 31
0
  0
LINE
  5
12EE
330
1A
100
AcDbEntity
  8
BLACK
  6
CONTINUOUS
100
AcDbLine
 10
2.3041106299212597
 20
1.1543365354330708
 30
0
 11
2.2980571653543307
 21
1.1482830708661418
 31
0
  0
LINE
  5
12EF
330
1A
100
AcDbEntity
  8
BLACK
  6
CONTINUOUS
100
AcDbLine
 10
2.2980571653543307
 20
1.1482830708661418
 30
0
 11
2.2930250787401576
 21
1.1413570078740156
 31
0
  0
LINE
  5
12F0
330
1A
100
AcDbEntity
  8
BLACK
  6
CONTINUOUS
100
AcDbLine
 10
2.2930250787401576
 20
1.1413570078740156
 30
0
 11
2.2930250000000001
 21
1.1413568503937008
 31
0
  0
LINE
  5
12F1
330
1A
100
AcDbEntity
  8
BLACK
  6
CONTINUOUS
100
AcDbLine
 10
2.2930250000000001
 20
1.1413568503937008
 30
0
 11
2.289138346456693
 21
1.1337288188976378
 31
0
  0
LINE
  5
12F2
330
1A
100
AcDbEntity
  8
BLACK
  6
CONTINUOUS
100
AcDbLine
 10
2.289138346456693
 20
1.1337288188976378
 30
0
 11
2.2864927952755907
 21
1.1255866929133858
 31
0
  0
LINE
  5
12F3
330
1A
100
AcDbEntity
  8
BLACK
  6
CONTINUOUS
100
AcDbLine
 10
2.2864927952755907
 20
1.1255866929133858
 30
0
 11
2.2851535433070866
 21
1.1171309448818898
 31
0
  0
LINE
  5
12F4
330
1A
100
AcDbEntity
  8
BLACK
  6
CONTINUOUS
100
AcDbLine
 10
2.2851535433070866
 20
1.1171309448818898
 30
0
 11
2.2851535433070866
 21
1.108569842519685
 31
0
  0
CIRCLE
  5
12F5
330
1A
100
AcDbEntity
  8
BLACK
100
AcDbCircle
 10
0.4
 20
2.
 30
0
 40
0.0068897637795276
  0
CIRCLE
  5
12F6
330
1A
100
AcDbEntity
  8
BLACK
100
AcDbCircle
 10
2.7999999999999998
 20
2.
 30
0
 40
0.0068897637795276
  0
CIRCLE
  5
12F7
330
1A
100
AcDbEntity
  8
BLACK
100
AcDbCircle
 10
0.4
 20
0.4
 30
0
 40
0.0068897637795276
  0
CIRCLE
  5
12F8
330
1A
100
AcDbEntity
  8
BLACK
100
AcDbCircle
 10
2.7999999999999998
 20
0.4
 30
0
 40
0.0068897637795276
  0
CIRCLE
  5
12F9
330
1A
100
AcDbEntity
  8
BLACK
100
AcDbCircle
 10
2.3395433070866143
 20
0.9159999999999999
 30
0
 40
0.0068897637795276
  0
CIRCLE
  5
12FA
330
1A
100
AcDbEntity
  8
BLACK
100
AcDbCircle
 10
2.3395433070866143
 20
1.1128503937007874
 30
0
 40
0.0068897637795276
  0
CIRCLE
  5
12FB
330
1A
100
AcDbEntity
  8
BLACK
100
AcDbCircle
 10
0.9
 20
2.1000000000000001
 30
0
 40
0.0068897637795276
  0
CIRCLE
  5
12FC
330
1A
100
AcDbEntity
  8
BLACK
100
AcDbCircle
 10
0.9
 20
2.
 30
0
 40
0.0068897637795276
  0
CIRCLE
  5
12FD
330
1A
100
AcDbEntity
  8
BLACK
100
AcDbCircle
 10
1.
 20
2.1000000000000001
 30
0
 40
0.0068897637795276
  0
CIRCLE
  5
12FE
330
1A
100
AcDbEntity
  8
BLACK
100
AcDbCircle
 10
1.
 20
2.
 30
0
 40
0.0068897637795276
  0
CIRCLE
  5
12FF
330
1A
100
AcDbEntity
  8
BLACK
100
AcDbCircle
 10
1.0999999999999999
 20
2.1000000000000001
 30
0
 40
0.0068897637795276
  0
CIRCLE
  5
1300
330
1A
100
AcDbEntity
  8
BLACK
100
AcDbCircle
 10
1.0999999999999999
 20
2.
 30
0
 40
0.0068897637795276
  0
CIRCLE
  5
1301
330
1A
100
AcDbEntity
  8
BLACK
100
AcDbCircle
 10
1.2
 20
2.1000000000000001
 30
0
 40
0.0068897637795276
  0
CIRCLE
  5
1302
330
1A
100
AcDbEntity
  8
BLACK
100
AcDbCircle
 10
1.2
 20
2.
 30
0
 40
0.0068897637795276
  0
CIRCLE
  5
1303
330
1A
100
AcDbEntity
  8
BLACK
100
AcDbCircle
 10
1.3
 20
2.1000000000000001
 30
0
 40
0.0068897637795276
  0
CIRCLE
  5
1304
330
1A
100
AcDbEntity
  8
BLACK
100
AcDbCircle
 10
1.3
 20
2.
 30
0
 40
0.0068897637795276
  0
CIRCLE
  5
1305
330
1A
100
AcDbEntity
  8
BLACK
100
AcDbCircle
 10
1.3999999999999999
 20
2.1000000000000001
 30
0
 40
0.0068897637795276
  0
CIRCLE
  5
1306
330
1A
100
AcDbEntity
  8
BLACK
100
AcDbCircle
 10
1.3999999999999999
 20
2.
 30
0
 40
0.0068897637795276
  0
CIRCLE
  5
1307
330
1A
100
AcDbEntity
  8
BLACK
100
AcDbCircle
 10
1.5
 20
2.1000000000000001
 30
0
 40
0.0068897637795276
  0
CIRCLE
  5
1308
330
1A
100
AcDbEntity
  8
BLACK
100
AcDbCircle
 10
1.5
 20
2.
 30
0
 40
0.0068897637795276
  0
CIRCLE
  5
1309
330
1A
100
AcDbEntity
  8
BLACK
100
AcDbCircle
 10
1.5999999999999999
 20
2.1000000000000001
 30
0
 40
0.0068897637795276
  0
CIRCLE
  5
130A
330
1A
100
AcDbEntity
  8
BLACK
100
AcDbCircle
 10
1.5999999999999999
 20
2.
 30
0
 40
0.0068897637795276
  0
CIRCLE
  5
130B
330
1A
100
AcDbEntity
  8
BLACK
100
AcDbCircle
 10
1.7
 20
2.1000000000000001
 30
0
 40
0.0068897637795276
  0
CIRCLE
  5
130C
330
1A
100
AcDbEntity
  8
BLACK
100
AcDbCircle
 10
1.7
 20
2.
 30
0
 40
0.0068897637795276
  0
CIRCLE
  5
130D
330
1A
100
AcDbEntity
  8
BLACK
100
AcDbCircle
 10
1.8
 20
2.1000000000000001
 30
0
 40
0.0068897637795276
  0
CIRCLE
  5
130E
330
1A
100
AcDbEntity
  8
BLACK
100
AcDbCircle
 10
1.8
 20
2.
 30
0
 40
0.0068897637795276
  0
CIRCLE
  5
130F
330
1A
100
AcDbEntity
  8
BLACK
100
AcDbCircle
 10
1.8999999999999999
 20
2.1000000000000001
 30
0
 40
0.0068897637795276
  0
CIRCLE
  5
1310
330
1A
100
AcDbEntity
  8
BLACK
100
AcDbCircle
 10
1.8999999999999999
 20
2.
 30
0
 40
0.0068897637795276
  0
CIRCLE
  5
1311
330
1A
100
AcDbEntity
  8
BLACK
100
AcDbCircle
 10
2.
 20
2.1000000000000001
 30
0
 40
0.0068897637795276
  0
CIRCLE
  5
1312
330
1A
100
AcDbEntity
  8
BLACK
100
AcDbCircle
 10
2.
 20
2.
 30
0
 40
0.0068897637795276
  0
CIRCLE
  5
1313
330
1A
100
AcDbEntity
  8
BLACK
100
AcDbCircle
 10
2.1000000000000001
 20
2.1000000000000001
 30
0
 40
0.0068897637795276
  0
CIRCLE
  5
1314
330
1A
100
AcDbEntity
  8
BLACK
100
AcDbCircle
 10
2.1000000000000001
 20
2.
 30
0
 40
0.0068897637795276
  0
CIRCLE
  5
1315
330
1A
100
AcDbEntity
  8
BLACK
100
AcDbCircle
 10
2.1999999999999997
 20
2.1000000000000001
 30
0
 40
0.0068897637795276
  0
CIRCLE
  5
1316
330
1A
100
AcDbEntity
  8
BLACK
100
AcDbCircle
 10
2.1999999999999997
 20
2.
 30
0
 40
0.0068897637795276
  0
CIRCLE
  5
1317
330
1A
100
AcDbEntity
  8
BLACK
100
AcDbCircle
 10
2.2999999999999998
 20
2.1000000000000001
 30
0
 40
0.0068897637795276
  0
CIRCLE
  5
1318
330
1A
100
AcDbEntity
  8
BLACK
100
AcDbCircle
 10
2.2999999999999998
 20
2.
 30
0
 40
0.0068897637795276
  0
CIRCLE
  5
1319
330
1A
100
AcDbEntity
  8
BLACK
100
AcDbCircle
 10
0.6775433070866141
 20
1.3718582677165354
 30
0
 40
0.0078740157480315
  0
CIRCLE
  5
131A
330
1A
100
AcDbEntity
  8
BLACK
100
AcDbCircle
 10
0.5165433070866141
 20
0.8658582677165354
 30
0
 40
0.0078740157480315
  0
CIRCLE
  5
131B
330
1A
100
AcDbEntity
  8
BLACK
100
AcDbCircle
 10
0.4475433070866142
 20
1.2918582677165353
 30
0
 40
0.0078740157480315
  0
CIRCLE
  5
131C
330
1A
100
AcDbEntity
  8
BLACK
100
AcDbCircle
 10
0.4945433070866141
 20
1.4358582677165355
 30
0
 40
0.0078740157480315
  0
CIRCLE
  5
131D
330
1A
100
AcDbEntity
  8
BLACK
100
AcDbCircle
 10
2.696543307086614
 20
1.4838582677165355
 30
0
 40
0.0078740157480315
  0
CIRCLE
  5
131E
330
1A
100
AcDbEntity
  8
BLACK
100
AcDbCircle
 10
2.7349999999999999
 20
1.054
 30
0
 40
0.0078740157480315
  0
CIRCLE
  5
131F
330
1A
100
AcDbEntity
  8
BLACK
100
AcDbCircle
 10
0.7385433070866142
 20
1.2184566929133858
 30
0
 40
0.0078740157480315
  0
CIRCLE
  5
1320
330
1A
100
AcDbEntity
  8
BLACK
100
AcDbCircle
 10
1.540343622047244
 20
1.7155442913385825
 30
0
 40
0.0078740157480315
  0
CIRCLE
  5
1321
330
1A
100
AcDbEntity
  8
BLACK
100
AcDbCircle
 10
1.0369902362204724
 20
0.9614113385826771
 30
0
 40
0.0078740157480315
  0
CIRCLE
  5
1322
330
1A
100
AcDbEntity
  8
BLACK
100
AcDbCircle
 10
0.8362204724409449
 20
1.2343061023622046
 30
0
 40
0.0078740157480315
  0
CIRCLE
  5
1323
330
1A
100
AcDbEntity
  8
BLACK
100
AcDbCircle
 10
0.543
 20
0.772
 30
0
 40
0.0078740157480315
  0
CIRCLE
  5
1324
330
1A
100
AcDbEntity
  8
BLACK
100
AcDbCircle
 10
1.3875433070866141
 20
1.9178582677165354
 30
0
 40
0.0078740157480315
  0
CIRCLE
  5
1325
330
1A
100
AcDbEntity
  8
BLACK
100
AcDbCircle
 10
0.6845433070866142
 20
1.5898582677165354
 30
0
 40
0.0078740157480315
  0
CIRCLE
  5
1326
330
1A
100
AcDbEntity
  8
BLACK
100
AcDbCircle
 10
1.7061889763779527
 20
1.908503937007874
 30
0
 40
0.0078740157480315
  0
CIRCLE
  5
1327
330
1A
100
AcDbEntity
  8
BLACK
100
AcDbCircle
 10
0.406
 20
1.0529999999999999
 30
0
 40
0.0078740157480315
  0
CIRCLE
  5
1328
330
1A
100
AcDbEntity
  8
BLACK
100
AcDbCircle
 10
1.1775433070866141
 20
1.8978582677165354
 30
0
 40
0.0078740157480315
  0
CIRCLE
  5
1329
330
1A
100
AcDbEntity
  8
BLACK
100
AcDbCircle
 10
0.6281318897637795
 20
1.0649304330708662
 30
0
 40
0.0078740157480315
  0
CIRCLE
  5
132A
330
1A
100
AcDbEntity
  8
BLACK
100
AcDbCircle
 10
0.528
 20
0.605
 30
0
 40
0.0078740157480315
  0
CIRCLE
  5
132B
330
1A
100
AcDbEntity
  8
BLACK
100
AcDbCircle
 10
0.6895433070866142
 20
1.5278582677165353
 30
0
 40
0.0078740157480315
  0
CIRCLE
  5
132C
330
1A
100
AcDbEntity
  8
BLACK
100
AcDbCircle
 10
0.531
 20
1.046
 30
0
 40
0.0078740157480315
  0
CIRCLE
  5
132D
330
1A
100
AcDbEntity
  8
BLACK
100
AcDbCircle
 10
0.612
 20
0.8179999999999999
 30
0
 40
0.0078740157480315
  0
CIRCLE
  5
132E
330
1A
100
AcDbEntity
  8
BLACK
100
AcDbCircle
 10
0.7785433070866141
 20
1.3068582677165355
 30
0
 40
0.0078740157480315
  0
CIRCLE
  5
132F
330
1A
100
AcDbEntity
  8
BLACK
100
AcDbCircle
 10
1.9749999999999999
 20
1.2010000000000001
 30
0
 40
0.0078740157480315
  0
CIRCLE
  5
1330
330
1A
100
AcDbEntity
  8
BLACK
100
AcDbCircle
 10
2.0243425196850393
 20
1.0166574803149606
 30
0
 40
0.0078740157480315
  0
CIRCLE
  5
1331
330
1A
100
AcDbEntity
  8
BLACK
100
AcDbCircle
 10
1.877
 20
0.982
 30
0
 40
0.0078740157480315
  0
CIRCLE
  5
1332
330
1A
100
AcDbEntity
  8
BLACK
100
AcDbCircle
 10
1.0165433070866141
 20
1.4058582677165354
 30
0
 40
0.0078740157480315
  0
CIRCLE
  5
1333
330
1A
100
AcDbEntity
  8
BLACK
100
AcDbCircle
 10
2.1349999999999998
 20
0.906
 30
0
 40
0.0078740157480315
  0
CIRCLE
  5
1334
330
1A
100
AcDbEntity
  8
BLACK
100
AcDbCircle
 10
1.4884488188976377
 20
0.9968582677165354
 30
0
 40
0.0078740157480315
  0
CIRCLE
  5
1335
330
1A
100
AcDbEntity
  8
BLACK
100
AcDbCircle
 10
1.5309999999999999
 20
0.75
 30
0
 40
0.0078740157480315
  0
CIRCLE
  5
1336
330
1A
100
AcDbEntity
  8
BLACK
100
AcDbCircle
 10
0.9815433070866142
 20
0.9318582677165355
 30
0
 40
0.0078740157480315
  0
CIRCLE
  5
1337
330
1A
100
AcDbEntity
  8
BLACK
100
AcDbCircle
 10
1.0375433070866142
 20
1.1158581889763779
 30
0
 40
0.0078740157480315
  0
CIRCLE
  5
1338
330
1A
100
AcDbEntity
  8
BLACK
100
AcDbCircle
 10
1.393
 20
0.7969999999999999
 30
0
 40
0.0078740157480315
  0
CIRCLE
  5
1339
330
1A
100
AcDbEntity
  8
BLACK
100
AcDbCircle
 10
1.0335433070866142
 20
0.7018503937007874
 30
0
 40
0.0078740157480315
  0
CIRCLE
  5
133A
330
1A
100
AcDbEntity
  8
BLACK
100
AcDbCircle
 10
1.5258503937007875
 20
1.0658582677165354
 30
0
 40
0.0078740157480315
  0
CIRCLE
  5
133B
330
1A
100
AcDbEntity
  8
BLACK
100
AcDbCircle
 10
1.3029999999999999
 20
1.01
 30
0
 40
0.0078740157480315
  0
CIRCLE
  5
133C
330
1A
100
AcDbEntity
  8
BLACK
100
AcDbCircle
 10
2.073
 20
1.6739999999999999
 30
0
 40
0.0078740157480315
  0
CIRCLE
  5
133D
330
1A
100
AcDbEntity
  8
BLACK
100
AcDbCircle
 10
2.3155433070866143
 20
1.6748582677165353
 30
0
 40
0.0078740157480315
  0
CIRCLE
  5
133E
330
1A
100
AcDbEntity
  8
BLACK
100
AcDbCircle
 10
1.5765433070866142
 20
1.7518582677165353
 30
0
 40
0.0078740157480315
  0
CIRCLE
  5
133F
330
1A
100
AcDbEntity
  8
BLACK
100
AcDbCircle
 10
2.2005433070866141
 20
1.7458582677165353
 30
0
 40
0.0078740157480315
  0
CIRCLE
  5
1340
330
1A
100
AcDbEntity
  8
BLACK
100
AcDbCircle
 10
2.7373425196850394
 20
1.7176574803149607
 30
0
 40
0.0078740157480315
  0
CIRCLE
  5
1341
330
1A
100
AcDbEntity
  8
BLACK
100
AcDbCircle
 10
2.8000002362204723
 20
1.1699999999999999
 30
0
 40
0.0078740157480315
  0
CIRCLE
  5
1342
330
1A
100
AcDbEntity
  8
BLACK
100
AcDbCircle
 10
1.0375433070866142
 20
0.8081496062992126
 30
0
 40
0.0078740157480315
  0
CIRCLE
  5
1343
330
1A
100
AcDbEntity
  8
BLACK
100
AcDbCircle
 10
0.3425433070866142
 20
0.7468582677165354
 30
0
 40
0.0078740157480315
  0
CIRCLE
  5
1344
330
1A
100
AcDbEntity
  8
BLACK
100
AcDbCircle
 10
0.4305432283464567
 20
1.8008582677165355
 30
0
 40
0.0078740157480315
  0
CIRCLE
  5
1345
330
1A
100
AcDbEntity
  8
BLACK
100
AcDbCircle
 10
0.6535433070866141
 20
1.0098582677165353
 30
0
 40
0.0078740157480315
  0
CIRCLE
  5
1346
330
1A
100
AcDbEntity
  8
BLACK
100
AcDbCircle
 10
0.8144857874015747
 20
1.0298007480314961
 30
0
 40
0.0078740157480315
  0
CIRCLE
  5
1347
330
1A
100
AcDbEntity
  8
BLACK
100
AcDbCircle
 10
0.4954722047244094
 20
0.6799043700787402
 30
0
 40
0.0078740157480315
  0
CIRCLE
  5
1348
330
1A
100
AcDbEntity
  8
BLACK
100
AcDbCircle
 10
0.58
 20
1.151
 30
0
 40
0.0078740157480315
  0
CIRCLE
  5
1349
330
1A
100
AcDbEntity
  8
BLACK
100
AcDbCircle
 10
0.4135984251968504
 20
0.7308582677165354
 30
0
 40
0.0078740157480315
  0
CIRCLE
  5
134A
330
1A
100
AcDbEntity
  8
BLACK
100
AcDbCircle
 10
0.5589128346456693
 20
0.9038468110236221
 30
0
 40
0.0078740157480315
  0
CIRCLE
  5
134B
330
1A
100
AcDbEntity
  8
BLACK
100
AcDbCircle
 10
0.6075433070866142
 20
1.6358582677165354
 30
0
 40
0.0078740157480315
  0
CIRCLE
  5
134C
330
1A
100
AcDbEntity
  8
BLACK
100
AcDbCircle
 10
0.8175348818897638
 20
1.8448498425196851
 30
0
 40
0.0078740157480315
  0
CIRCLE
  5
134D
330
1A
100
AcDbEntity
  8
BLACK
100
AcDbCircle
 10
1.6031416141732282
 20
1.888578031496063
 30
0
 40
0.0078740157480315
  0
CIRCLE
  5
134E
330
1A
100
AcDbEntity
  8
BLACK
100
AcDbCircle
 10
0.622
 20
1.278
 30
0
 40
0.0078740157480315
  0
CIRCLE
  5
134F
330
1A
100
AcDbEntity
  8
BLACK
100
AcDbCircle
 10
1.3680436614173228
 20
1.764397559055118
 30
0
 40
0.0078740157480315
  0
CIRCLE
  5
1350
330
1A
100
AcDbEntity
  8
BLACK
100
AcDbCircle
 10
0.677405748031496
 20
1.9246834645669291
 30
0
 40
0.0078740157480315
  0
CIRCLE
  5
1351
330
1A
100
AcDbEntity
  8
WHITE
100
AcDbCircle
 10
0.6775433070866141
 20
1.3718582677165354
 30
0
 40
0.0068897637795276
  0
CIRCLE
  5
1352
330
1A
100
AcDbEntity
  8
WHITE
100
AcDbCircle
 10
0.5165433070866141
 20
0.8658582677165354
 30
0
 40
0.0068897637795276
  0
CIRCLE
  5
1353
330
1A
100
AcDbEntity
  8
WHITE
100
AcDbCircle
 10
0.4475433070866142
 20
1.2918582677165353
 30
0
 40
0.0068897637795276
  0
CIRCLE
  5
1354
330
1A
100
AcDbEntity
  8
WHITE
100
AcDbCircle
 10
0.4945433070866141
 20
1.4358582677165355
 30
0
 40
0.0068897637795276
  0
CIRCLE
  5
1355
330
1A
100
AcDbEntity
  8
WHITE
100
AcDbCircle
 10
2.696543307086614
 20
1.4838582677165355
 30
0
 40
0.0068897637795276
  0
CIRCLE
  5
1356
330
1A
100
AcDbEntity
  8
WHITE
100
AcDbCircle
 10
2.7349999999999999
 20
1.054
 30
0
 40
0.0068897637795276
  0
CIRCLE
  5
1357
330
1A
100
AcDbEntity
  8
WHITE
100
AcDbCircle
 10
0.7385433070866142
 20
1.2184566929133858
 30
0
 40
0.0068897637795276
  0
CIRCLE
  5
1358
330
1A
100
AcDbEntity
  8
WHITE
100
AcDbCircle
 10
1.540343622047244
 20
1.7155442913385825
 30
0
 40
0.0068897637795276
  0
CIRCLE
  5
1359
330
1A
100
AcDbEntity
  8
WHITE
100
AcDbCircle
 10
1.0369902362204724
 20
0.9614113385826771
 30
0
 40
0.0068897637795276
  0
CIRCLE
  5
135A
330
1A
100
AcDbEntity
  8
WHITE
100
AcDbCircle
 10
0.8362204724409449
 20
1.2343061023622046
 30
0
 40
0.0068897637795276
  0
CIRCLE
  5
135B
330
1A
100
AcDbEntity
  8
WHITE
100
AcDbCircle
 10
0.543
 20
0.772
 30
0
 40
0.0068897637795276
  0
CIRCLE
  5
135C
330
1A
100
AcDbEntity
  8
WHITE
100
AcDbCircle
 10
1.3875433070866141
 20
1.9178582677165354
 30
0
 40
0.0068897637795276
  0
CIRCLE
  5
135D
330
1A
100
AcDbEntity
  8
WHITE
100
AcDbCircle
 10
0.6845433070866142
 20
1.5898582677165354
 30
0
 40
0.0068897637795276
  0
CIRCLE
  5
135E
330
1A
100
AcDbEntity
  8
WHITE
100
AcDbCircle
 10
1.7061889763779527
 20
1.908503937007874
 30
0
 40
0.0068897637795276
  0
CIRCLE
  5
135F
330
1A
100
AcDbEntity
  8
WHITE
100
AcDbCircle
 10
0.406
 20
1.0529999999999999
 30
0
 40
0.0068897637795276
  0
CIRCLE
  5
1360
330
1A
100
AcDbEntity
  8
WHITE
100
AcDbCircle
 10
1.1775433070866141
 20
1.8978582677165354
 30
0
 40
0.0068897637795276
  0
CIRCLE
  5
1361
330
1A
100
AcDbEntity
  8
WHITE
100
AcDbCircle
 10
0.6281318897637795
 20
1.0649304330708662
 30
0
 40
0.0068897637795276
  0
CIRCLE
  5
1362
330
1A
100
AcDbEntity
  8
WHITE
100
AcDbCircle
 10
0.528
 20
0.605
 30
0
 40
0.0068897637795276
  0
CIRCLE
  5
1363
330
1A
100
AcDbEntity
  8
WHITE
100
AcDbCircle
 10
0.6895433070866142
 20
1.5278582677165353
 30
0
 40
0.0068897637795276
  0
CIRCLE
  5
1364
330
1A
100
AcDbEntity
  8
WHITE
100
AcDbCircle
 10
0.531
 20
1.046
 30
0
 40
0.0068897637795276
  0
CIRCLE
  5
1365
330
1A
100
AcDbEntity
  8
WHITE
100
AcDbCircle
 10
0.612
 20
0.8179999999999999
 30
0
 40
0.0068897637795276
  0
CIRCLE
  5
1366
330
1A
100
AcDbEntity
  8
WHITE
100
AcDbCircle
 10
0.7785433070866141
 20
1.3068582677165355
 30
0
 40
0.0068897637795276
  0
CIRCLE
  5
1367
330
1A
100
AcDbEntity
  8
WHITE
100
AcDbCircle
 10
1.9749999999999999
 20
1.2010000000000001
 30
0
 40
0.0068897637795276
  0
CIRCLE
  5
1368
330
1A
100
AcDbEntity
  8
WHITE
100
AcDbCircle
 10
2.0243425196850393
 20
1.0166574803149606
 30
0
 40
0.0068897637795276
  0
CIRCLE
  5
1369
330
1A
100
AcDbEntity
  8
WHITE
100
AcDbCircle
 10
1.877
 20
0.982
 30
0
 40
0.0068897637795276
  0
CIRCLE
  5
136A
330
1A
100
AcDbEntity
  8
WHITE
100
AcDbCircle
 10
1.0165433070866141
 20
1.4058582677165354
 30
0
 40
0.0068897637795276
  0
CIRCLE
  5
136B
330
1A
100
AcDbEntity
  8
WHITE
100
AcDbCircle
 10
2.1349999999999998
 20
0.906
 30
0
 40
0.0068897637795276
  0
CIRCLE
  5
136C
330
1A
100
AcDbEntity
  8
WHITE
100
AcDbCircle
 10
1.4884488188976377
 20
0.9968582677165354
 30
0
 40
0.0068897637795276
  0
CIRCLE
  5
136D
330
1A
100
AcDbEntity
  8
WHITE
100
AcDbCircle
 10
1.5309999999999999
 20
0.75
 30
0
 40
0.0068897637795276
  0
CIRCLE
  5
136E
330
1A
100
AcDbEntity
  8
WHITE
100
AcDbCircle
 10
0.9815433070866142
 20
0.9318582677165355
 30
0
 40
0.0068897637795276
  0
CIRCLE
  5
136F
330
1A
100
AcDbEntity
  8
WHITE
100
AcDbCircle
 10
1.0375433070866142
 20
1.1158581889763779
 30
0
 40
0.0068897637795276
  0
CIRCLE
  5
1370
330
1A
100
AcDbEntity
  8
WHITE
100
AcDbCircle
 10
1.393
 20
0.7969999999999999
 30
0
 40
0.0068897637795276
  0
CIRCLE
  5
1371
330
1A
100
AcDbEntity
  8
WHITE
100
AcDbCircle
 10
1.0335433070866142
 20
0.7018503937007874
 30
0
 40
0.0068897637795276
  0
CIRCLE
  5
1372
330
1A
100
AcDbEntity
  8
WHITE
100
AcDbCircle
 10
1.5258503937007875
 20
1.0658582677165354
 30
0
 40
0.0068897637795276
  0
CIRCLE
  5
1373
330
1A
100
AcDbEntity
  8
WHITE
100
AcDbCircle
 10
1.3029999999999999
 20
1.01
 30
0
 40
0.0068897637795276
  0
CIRCLE
  5
1374
330
1A
100
AcDbEntity
  8
WHITE
100
AcDbCircle
 10
2.073
 20
1.6739999999999999
 30
0
 40
0.0068897637795276
  0
CIRCLE
  5
1375
330
1A
100
AcDbEntity
  8
WHITE
100
AcDbCircle
 10
2.3155433070866143
 20
1.6748582677165353
 30
0
 40
0.0068897637795276
  0
CIRCLE
  5
1376
330
1A
100
AcDbEntity
  8
WHITE
100
AcDbCircle
 10
1.5765433070866142
 20
1.7518582677165353
 30
0
 40
0.0068897637795276
  0
CIRCLE
  5
1377
330
1A
100
AcDbEntity
  8
WHITE
100
AcDbCircle
 10
2.2005433070866141
 20
1.7458582677165353
 30
0
 40
0.0068897637795276
  0
CIRCLE
  5
1378
330
1A
100
AcDbEntity
  8
WHITE
100
AcDbCircle
 10
2.7373425196850394
 20
1.7176574803149607
 30
0
 40
0.0068897637795276
  0
CIRCLE
  5
1379
330
1A
100
AcDbEntity
  8
WHITE
100
AcDbCircle
 10
2.8000002362204723
 20
1.1699999999999999
 30
0
 40
0.0068897637795276
  0
CIRCLE
  5
137A
330
1A
100
AcDbEntity
  8
WHITE
100
AcDbCircle
 10
1.0375433070866142
 20
0.8081496062992126
 30
0
 40
0.0068897637795276
  0
CIRCLE
  5
137B
330
1A
100
AcDbEntity
  8
WHITE
100
AcDbCircle
 10
0.3425433070866142
 20
0.7468582677165354
 30
0
 40
0.0068897637795276
  0
CIRCLE
  5
137C
330
1A
100
AcDbEntity
  8
WHITE
100
AcDbCircle
 10
0.4305432283464567
 20
1.8008582677165355
 30
0
 40
0.0068897637795276
  0
CIRCLE
  5
137D
330
1A
100
AcDbEntity
  8
WHITE
100
AcDbCircle
 10
0.6535433070866141
 20
1.0098582677165353
 30
0
 40
0.0068897637795276
  0
CIRCLE
  5
137E
330
1A
100
AcDbEntity
  8
WHITE
100
AcDbCircle
 10
0.8144857874015747
 20
1.0298007480314961
 30
0
 40
0.0068897637795276
  0
CIRCLE
  5
137F
330
1A
100
AcDbEntity
  8
WHITE
100
AcDbCircle
 10
0.4954722047244094
 20
0.6799043700787402
 30
0
 40
0.0068897637795276
  0
CIRCLE
  5
1380
330
1A
100
AcDbEntity
  8
WHITE
100
AcDbCircle
 10
0.58
 20
1.151
 30
0
 40
0.0068897637795276
  0
CIRCLE
  5
1381
330
1A
100
AcDbEntity
  8
WHITE
100
AcDbCircle
 10
0.4135984251968504
 20
0.7308582677165354
 30
0
 40
0.0068897637795276
  0
CIRCLE
  5
1382
330
1A
100
AcDbEntity
  8
WHITE
100
AcDbCircle
 10
0.5589128346456693
 20
0.9038468110236221
 30
0
 40
0.0068897637795276
  0
CIRCLE
  5
1383
330
1A
100
AcDbEntity
  8
WHITE
100
AcDbCircle
 10
0.6075433070866142
 20
1.6358582677165354
 30
0
 40
0.0068897637795276
  0
CIRCLE
  5
1384
330
1A
100
AcDbEntity
  8
WHITE
100
AcDbCircle
 10
0.8175348818897638
 20
1.8448498425196851
 30
0
 40
0.0068897637795276
  0
CIRCLE
  5
1385
330
1A
100
AcDbEntity
  8
WHITE
100
AcDbCircle
 10
1.6031416141732282
 20
1.888578031496063
 30
0
 40
0.0068897637795276
  0
CIRCLE
  5
1386
330
1A
100
AcDbEntity
  8
WHITE
100
AcDbCircle
 10
0.622
 20
1.278
 30
0
 40
0.0068897637795276
  0
CIRCLE
  5
1387
330
1A
100
AcDbEntity
  8
WHITE
100
AcDbCircle
 10
1.3680436614173228
 20
1.764397559055118
 30
0
 40
0.0068897637795276
  0
CIRCLE
  5
1388
330
1A
100
AcDbEntity
  8
WHITE
100
AcDbCircle
 10
0.677405748031496
 20
1.9246834645669291
 30
0
 40
0.0068897637795276
  0
CIRCLE
  5
1389
330
1A
100
AcDbEntity
  8
WHITE
100
AcDbCircle
 10
0.4
 20
2.
 30
0
 40
0.0068897637795276
  0
CIRCLE
  5
138A
330
1A
100
AcDbEntity
  8
WHITE
100
AcDbCircle
 10
2.7999999999999998
 20
2.
 30
0
 40
0.0068897637795276
  0
CIRCLE
  5
138B
330
1A
100
AcDbEntity
  8
WHITE
100
AcDbCircle
 10
0.4
 20
0.4
 30
0
 40
0.0068897637795276
  0
CIRCLE
  5
138C
330
1A
100
AcDbEntity
  8
WHITE
100
AcDbCircle
 10
2.7999999999999998
 20
0.4
 30
0
 40
0.0068897637795276
  0
CIRCLE
  5
138D
330
1A
100
AcDbEntity
  8
WHITE
100
AcDbCircle
 10
2.3395433070866143
 20
0.9159999999999999
 30
0
 40
0.0068897637795276
  0
CIRCLE
  5
138E
330
1A
100
AcDbEntity
  8
WHITE
100
AcDbCircle
 10
2.3395433070866143
 20
1.1128503937007874
 30
0
 40
0.0068897637795276
  0
CIRCLE
  5
138F
330
1A
100
AcDbEntity
  8
WHITE
100
AcDbCircle
 10
0.9
 20
2.1000000000000001
 30
0
 40
0.0068897637795276
  0
CIRCLE
  5
1390
330
1A
100
AcDbEntity
  8
WHITE
100
AcDbCircle
 10
0.9
 20
2.
 30
0
 40
0.0068897637795276
  0
CIRCLE
  5
1391
330
1A
100
AcDbEntity
  8
WHITE
100
AcDbCircle
 10
1.
 20
2.1000000000000001
 30
0
 40
0.0068897637795276
  0
CIRCLE
  5
1392
330
1A
100
AcDbEntity
  8
WHITE
100
AcDbCircle
 10
1.
 20
2.
 30
0
 40
0.0068897637795276
  0
CIRCLE
  5
1393
330
1A
100
AcDbEntity
  8
WHITE
100
AcDbCircle
 10
1.0999999999999999
 20
2.1000000000000001
 30
0
 40
0.0068897637795276
  0
CIRCLE
  5
1394
330
1A
100
AcDbEntity
  8
WHITE
100
AcDbCircle
 10
1.0999999999999999
 20
2.
 30
0
 40
0.0068897637795276
  0
CIRCLE
  5
1395
330
1A
100
AcDbEntity
  8
WHITE
100
AcDbCircle
 10
1.2
 20
2.1000000000000001
 30
0
 40
0.0068897637795276
  0
CIRCLE
  5
1396
330
1A
100
AcDbEntity
  8
WHITE
100
AcDbCircle
 10
1.2
 20
2.
 30
0
 40
0.0068897637795276
  0
CIRCLE
  5
1397
330
1A
100
AcDbEntity
  8
WHITE
100
AcDbCircle
 10
1.3
 20
2.1000000000000001
 30
0
 40
0.0068897637795276
  0
CIRCLE
  5
1398
330
1A
100
AcDbEntity
  8
WHITE
100
AcDbCircle
 10
1.3
 20
2.
 30
0
 40
0.0068897637795276
  0
CIRCLE
  5
1399
330
1A
100
AcDbEntity
  8
WHITE
100
AcDbCircle
 10
1.3999999999999999
 20
2.1000000000000001
 30
0
 40
0.0068897637795276
  0
CIRCLE
  5
139A
330
1A
100
AcDbEntity
  8
WHITE
100
AcDbCircle
 10
1.3999999999999999
 20
2.
 30
0
 40
0.0068897637795276
  0
CIRCLE
  5
139B
330
1A
100
AcDbEntity
  8
WHITE
100
AcDbCircle
 10
1.5
 20
2.1000000000000001
 30
0
 40
0.0068897637795276
  0
CIRCLE
  5
139C
330
1A
100
AcDbEntity
  8
WHITE
100
AcDbCircle
 10
1.5
 20
2.
 30
0
 40
0.0068897637795276
  0
CIRCLE
  5
139D
330
1A
100
AcDbEntity
  8
WHITE
100
AcDbCircle
 10
1.5999999999999999
 20
2.1000000000000001
 30
0
 40
0.0068897637795276
  0
CIRCLE
  5
139E
330
1A
100
AcDbEntity
  8
WHITE
100
AcDbCircle
 10
1.5999999999999999
 20
2.
 30
0
 40
0.0068897637795276
  0
CIRCLE
  5
139F
330
1A
100
AcDbEntity
  8
WHITE
100
AcDbCircle
 10
1.7
 20
2.1000000000000001
 30
0
 40
0.0068897637795276
  0
CIRCLE
  5
13A0
330
1A
100
AcDbEntity
  8
WHITE
100
AcDbCircle
 10
1.7
 20
2.
 30
0
 40
0.0068897637795276
  0
CIRCLE
  5
13A1
330
1A
100
AcDbEntity
  8
WHITE
100
AcDbCircle
 10
1.8
 20
2.1000000000000001
 30
0
 40
0.0068897637795276
  0
CIRCLE
  5
13A2
330
1A
100
AcDbEntity
  8
WHITE
100
AcDbCircle
 10
1.8
 20
2.
 30
0
 40
0.0068897637795276
  0
CIRCLE
  5
13A3
330
1A
100
AcDbEntity
  8
WHITE
100
AcDbCircle
 10
1.8999999999999999
 20
2.1000000000000001
 30
0
 40
0.0068897637795276
  0
CIRCLE
  5
13A4
330
1A
100
AcDbEntity
  8
WHITE
100
AcDbCircle
 10
1.8999999999999999
 20
2.
 30
0
 40
0.0068897637795276
  0
CIRCLE
  5
13A5
330
1A
100
AcDbEntity
  8
WHITE
100
AcDbCircle
 10
2.
 20
2.1000000000000001
 30
0
 40
0.0068897637795276
  0
CIRCLE
  5
13A6
330
1A
100
AcDbEntity
  8
WHITE
100
AcDbCircle
 10
2.
 20
2.
 30
0
 40
0.0068897637795276
  0
CIRCLE
  5
13A7
330
1A
100
AcDbEntity
  8
WHITE
100
AcDbCircle
 10
2.1000000000000001
 20
2.1000000000000001
 30
0
 40
0.0068897637795276
  0
CIRCLE
  5
13A8
330
1A
100
AcDbEntity
  8
WHITE
100
AcDbCircle
 10
2.1000000000000001
 20
2.
 30
0
 40
0.0068897637795276
  0
CIRCLE
  5
13A9
330
1A
100
AcDbEntity
  8
WHITE
100
AcDbCircle
 10
2.1999999999999997
 20
2.1000000000000001
 30
0
 40
0.0068897637795276
  0
CIRCLE
  5
13AA
330
1A
100
AcDbEntity
  8
WHITE
100
AcDbCircle
 10
2.1999999999999997
 20
2.
 30
0
 40
0.0068897637795276
  0
CIRCLE
  5
13AB
330
1A
100
AcDbEntity
  8
WHITE
100
AcDbCircle
 10
2.2999999999999998
 20
2.1000000000000001
 30
0
 40
0.0068897637795276
  0
CIRCLE
  5
13AC
330
1A
100
AcDbEntity
  8
WHITE
100
AcDbCircle
 10
2.2999999999999998
 20
2.
 30
0
 40
0.0068897637795276
  0
ENDSEC
  0
SECTION
  2
OBJECTS
  0
DICTIONARY
  5
20
330
0
100
AcDbDictionary
281
1
  3
ACAD_GROUP
350
13AD
  3
ACAD_LAYOUT
350
21
  3
ACAD_PLOTSTYLENAME
350
11
  0
DICTIONARY
  5
13AD
330
20
100
AcDbDictionary
281
1
  0
ACDBDICTIONARYWDFLT
  5
11
330
20
100
AcDbDictionary
281
1
  3
Normal
350
10
100
AcDbDictionaryWithDefault
340
10
  0
ACDBPLACEHOLDER
  5
10
330
11
  0
DICTIONARY
  5
21
330
20
100
AcDbDictionary
281
1
  3
Model
350
1D
  3
Layout1
350
1E
  3
Layout2
350
1F
  0
LAYOUT
  5
1D
330
21
100
AcDbPlotSettings
  1

  2
none_device
  4
A3
  6

 40
0.0
 41
0.0
 42
0.0
 43
0.0
 44
420.0
 45
297.0
 46
0.0
 47
0.0
 48
0.0
 49
0.0
140
0.0
141
0.0
142
1.0
143
1.0
 70
1024
 72
1
 73
0
 74
5
  7

 75
16
 76
0
 77
2
 78
300
147
1.0
148
0.0
149
0.0
100
AcDbLayout
  1
Model
 70
1
 71
0
 10
0.0
 20
0.0
 11
420.0
 21
297.0
 12
0.0
 22
0.0
 32
0.0
 14
1e+20
 24
1e+20
 34
1e+20
 15
-1e+20
 25
-1e+20
 35
-1e+20
146
0.0
 13
0.0
 23
0.0
 33
0.0
 16
1.0
 26
0.0
 36
0.0
 17
0.0
 27
1.0
 37
0.0
 76
0
330
1A
  0
LAYOUT
  5
1E
330
21
100
AcDbPlotSettings
  1

  2
none_device
  4
A3
  6

 40
0.0
 41
0.0
 42
0.0
 43
0.0
 44
420.0
 45
297.0
 46
0.0
 47
0.0
 48
0.0
 49
0.0
140
0.0
141
0.0
142
1.0
143
1.0
 70
0
 72
1
 73
0
 74
5
  7

 75
16
 76
0
 77
2
 78
300
147
1.0
148
0.0
149
0.0
100
AcDbLayout
  1
Layout1
 70
1
 71
1
 10
0.0
 20
0.0
 11
420.0
 21
297.0
 12
0.0
 22
0.0
 32
0.0
 14
1e+20
 24
1e+20
 34
1e+20
 15
-1e+20
 25
-1e+20
 35
-1e+20
146
0.0
 13
0.0
 23
0.0
 33
0.0
 16
1.0
 26
0.0
 36
0.0
 17
0.0
 27
1.0
 37
0.0
 76
0
330
1B
  0
LAYOUT
  5
1F
330
21
100
AcDbPlotSettings
  1

  2
none_device
  4
A3
  6

 40
0.0
 41
0.0
 42
0.0
 43
0.0
 44
420.0
 45
297.0
 46
0.0
 47
0.0
 48
0.0
 49
0.0
140
0.0
141
0.0
142
1.0
143
1.0
 70
0
 72
1
 73
0
 74
5
  7

 75
16
 76
0
 77
2
 78
300
147
1.0
148
0.0
149
0.0
100
AcDbLayout
  1
Layout2
 70
1
 71
2
 10
0.0
 20
0.0
 11
420.0
 21
297.0
 12
0.0
 22
0.0
 32
0.0
 14
1e+20
 24
1e+20
 34
1e+20
 15
-1e+20
 25
-1e+20
 35
-1e+20
146
0.0
 13
0.0
 23
0.0
 33
0.0
 16
1.0
 26
0.0
 36
0.0
 17
0.0
 27
1.0
 37
0.0
 76
0
330
1C
  0
ENDSEC
  0
EOF
