  0
SECTION
  2
HEADER
  9
$ACADVER
  1
AC1018
  9
$HANDSEED
  5
FFFFFFFF
  9
$ANGBASE
  50
0.0
  9
$ANGDIR
  70
1
  9
$MEASUREMENT
  70
0
  9
$INSUNITS
  70
1
  0
ENDSEC
  0
SECTION
  2
TABLES
  0
TABLE
  2
APPID
  5
1
330
0
100
AcDbSymbolTable
 70
1
  0
APPID
  5
2
330
1
100
AcDbSymbolTableRecord
100
AcDbRegAppTableRecord
  2
ACAD
 70
0
  0
ENDTAB
  0
TABLE
  2
LTYPE
  5
3
330
0
100
AcDbSymbolTable
 70
6
  0
LTYPE
  5
4
330
3
100
AcDbSymbolTableRecord
100
AcDbLinetypeTableRecord
  2
ByBlock
 70
0
  3

 72
65
 73
0
 40
0
  0
LTYPE
  5
5
330
3
100
AcDbSymbolTableRecord
100
AcDbLinetypeTableRecord
  2
ByLayer
 70
0
  3

 72
65
 73
0
 40
0
  0
LTYPE
  5
6
330
3
100
AcDbSymbolTableRecord
100
AcDbLinetypeTableRecord
  2
CONTINUOUS
 70
0
  3
Solid line
 72
65
 73
0
 40
0
  0
LTYPE
  5
7
330
3
100
AcDbSymbolTableRecord
100
AcDbLinetypeTableRecord
  2
DASHDOT
 70
0
  3
Dash Dot ____ _ ____ _
 72
65
 73
4
 40
2
 49
1.25
 74
0
 49
-0.25
 74
0
 49
0.25
 74
0
 49
-0.25
 74
0
  0
LTYPE
  5
8
330
3
100
AcDbSymbolTableRecord
100
AcDbLinetypeTableRecord
  2
DASHED
 70
0
  3
Dashed __ __ __ __ __
 72
65
 73
2
 40
0.75
 49
0.5
 74
0
 49
-0.25
 74
0
  0
LTYPE
  5
9
330
3
100
AcDbSymbolTableRecord
100
AcDbLinetypeTableRecord
  2
DOTTED
 70
0
  3
Dotted .  .  .  .
 72
65
 73
2
 40
0.2
 49
0.0
 74
0
 49
-0.2
 74
0
  0
ENDTAB
  0
TABLE
  2
STYLE
  5
A
330
0
100
AcDbSymbolTable
 70
4
  0
STYLE
  5
B
330
A
100
AcDbSymbolTableRecord
100
AcDbTextStyleTableRecord
  2
KICAD
 70
0
 40
0
 41
1
 42
1
 50
0
 71
0
  3
isocp.shx
  0
STYLE
  5
C
330
A
100
AcDbSymbolTableRecord
100
AcDbTextStyleTableRecord
  2
KICADB
 70
0
 40
0
 41
1
 42
1
 50
0
 71
0
  3
isocp.shx
  0
STYLE
  5
D
330
A
100
AcDbSymbolTableRecord
100
AcDbTextStyleTableRecord
  2
KICADI
 70
0
 40
0
 41
1
 42
1
 50
15
 71
0
  3
isocp.shx
  0
STYLE
  5
E
330
A
100
AcDbSymbolTableRecord
100
AcDbTextStyleTableRecord
  2
KICADBI
 70
0
 40
0
 41
1
 42
1
 50
15
 71
0
  3
isocp.shx
  0
ENDTAB
  0
TABLE
  2
LAYER
  5
F
330
0
100
AcDbSymbolTable
 70
2
  0
LAYER
  5
12
330
F
100
AcDbSymbolTableRecord
100
AcDbLayerTableRecord
  2
0
 70
0
 62
7
  6
CONTINUOUS
390
10
  0
LAYER
  5
13
330
F
100
AcDbSymbolTableRecord
100
AcDbLayerTableRecord
  2
BLACK
 70
0
 62
250
  6
CONTINUOUS
390
10
  0
ENDTAB
  0
TABLE
  2
VPORT
  5
14
330
0
100
AcDbSymbolTable
 70
0
  0
ENDTAB
  0
TABLE
  2
VIEW
  5
15
330
0
100
AcDbSymbolTable
 70
0
  0
ENDTAB
  0
TABLE
  2
UCS
  5
16
330
0
100
AcDbSymbolTable
 70
0
  0
ENDTAB
  0
TABLE
  2
DIMSTYLE
  5
17
330
0
100
AcDbSymbolTable
 70
1
100
AcDbDimStyleTable
 71
0
  0
DIMSTYLE
105
18
330
17
100
AcDbSymbolTableRecord
100
AcDbDimStyleTableRecord
  2
Standard
 70
0
  0
ENDTAB
  0
TABLE
  2
BLOCK_RECORD
  5
19
330
0
100
AcDbSymbolTable
 70
3
  0
BLOCK_RECORD
  5
1A
330
19
100
AcDbSymbolTableRecord
100
AcDbBlockTableRecord
  2
*Model_Space
340
1D
 70
0
280
1
281
0
  0
BLOCK_RECORD
  5
1B
330
19
100
AcDbSymbolTableRecord
100
AcDbBlockTableRecord
  2
*Paper_Space
340
1E
 70
0
280
1
281
0
  0
BLOCK_RECORD
  5
1C
330
19
100
AcDbSymbolTableRecord
100
AcDbBlockTableRecord
  2
*Paper_Space0
340
1F
 70
0
280
1
281
0
  0
ENDTAB
  0
ENDSEC
  0
SECTION
  2
BLOCKS
  0
BLOCK
  5
23
330
1A
100
AcDbEntity
  8
0
100
AcDbBlockBegin
  2
*Model_Space
 70
0
 10
0.0
 20
0.0
 30
0.0
  3
*Model_Space
  1

  0
ENDBLK
  5
22
330
1A
100
AcDbEntity
  8
0
100
AcDbBlockEnd
  0
BLOCK
  5
25
330
1B
100
AcDbEntity
 67
1
  8
0
100
AcDbBlockBegin
  2
*Paper_Space
 70
0
 10
0.0
 20
0.0
 30
0.0
  3
*Paper_Space
  1

  0
ENDBLK
  5
24
330
1B
100
AcDbEntity
 67
1
  8
0
100
AcDbBlockEnd
  0
BLOCK
  5
27
330
1C
100
AcDbEntity
 67
1
  8
0
100
AcDbBlockBegin
  2
*Paper_Space0
 70
0
 10
0.0
 20
0.0
 30
0.0
  3
*Paper_Space0
  1

  0
ENDBLK
  5
26
330
1C
100
AcDbEntity
 67
1
  8
0
100
AcDbBlockEnd
  0
ENDSEC
  0
SECTION
  2
ENTITIES
  0
LINE
  5
28
330
1A
100
AcDbEntity
  8
BLACK
  6
CONTINUOUS
100
AcDbLine
 10
0.8480314960629921
 20
0.4376535433070866
 30
0
 11
0.8480314960629921
 21
0.3982834645669291
 31
0
  0
LINE
  5
29
330
1A
100
AcDbEntity
  8
BLACK
  6
CONTINUOUS
100
AcDbLine
 10
0.8480314960629921
 20
0.3982834645669291
 30
0
 11
0.75748031496063
 21
0.3982834645669291
 31
0
  0
LINE
  5
2A
330
1A
100
AcDbEntity
  8
BLACK
  6
CONTINUOUS
100
AcDbLine
 10
0.75748031496063
 20
0.3982834645669291
 30
0
 11
0.7181102362204724
 21
0.3982834645669291
 31
0
  0
LINE
  5
2B
330
1A
100
AcDbEntity
  8
BLACK
  6
CONTINUOUS
100
AcDbLine
 10
0.7181102362204724
 20
0.3982834645669291
 30
0
 11
0.7181102362204724
 21
0.4376535433070866
 31
0
  0
LINE
  5
2C
330
1A
100
AcDbEntity
  8
BLACK
  6
CONTINUOUS
100
AcDbLine
 10
0.7181102362204724
 20
0.4376535433070866
 30
0
 11
0.7181102362204724
 21
0.4986771653543307
 31
0
  0
LINE
  5
2D
330
1A
100
AcDbEntity
  8
BLACK
  6
CONTINUOUS
100
AcDbLine
 10
0.7181102362204724
 20
0.4986771653543307
 30
0
 11
0.75748031496063
 21
0.4986771653543307
 31
0
  0
LINE
  5
2E
330
1A
100
AcDbEntity
  8
BLACK
  6
CONTINUOUS
100
AcDbLine
 10
0.75748031496063
 20
0.4986771653543307
 30
0
 11
0.75748031496063
 21
0.4376535433070866
 31
0
  0
LINE
  5
2F
330
1A
100
AcDbEntity
  8
BLACK
  6
CONTINUOUS
100
AcDbLine
 10
0.75748031496063
 20
0.4376535433070866
 30
0
 11
0.8480314960629921
 21
0.4376535433070866
 31
0
  0
LINE
  5
30
330
1A
100
AcDbEntity
  8
BLACK
  6
CONTINUOUS
100
AcDbLine
 10
1.0842519685039369
 20
0.3982834645669291
 30
0
 11
0.9346456692913385
 21
0.3982834645669291
 31
0
  0
LINE
  5
31
330
1A
100
AcDbEntity
  8
BLACK
  6
CONTINUOUS
100
AcDbLine
 10
0.9346456692913385
 20
0.3982834645669291
 30
0
 11
0.9346456692913385
 21
0.4376535433070866
 31
0
  0
LINE
  5
32
330
1A
100
AcDbEntity
  8
BLACK
  6
CONTINUOUS
100
AcDbLine
 10
0.9346456692913385
 20
0.4376535433070866
 30
0
 11
1.0842519685039369
 21
0.4376535433070866
 31
0
  0
LINE
  5
33
330
1A
100
AcDbEntity
  8
BLACK
  6
CONTINUOUS
100
AcDbLine
 10
1.0842519685039369
 20
0.4376535433070866
 30
0
 11
1.0842519685039369
 21
0.3982834645669291
 31
0
  0
LINE
  5
34
330
1A
100
AcDbEntity
  8
BLACK
  6
CONTINUOUS
100
AcDbLine
 10
1.3204724409448818
 20
0.3982834645669291
 30
0
 11
1.1708661417322834
 21
0.3982834645669291
 31
0
  0
LINE
  5
35
330
1A
100
AcDbEntity
  8
BLACK
  6
CONTINUOUS
100
AcDbLine
 10
1.1708661417322834
 20
0.3982834645669291
 30
0
 11
1.1708661417322834
 21
0.4376535433070866
 31
0
  0
LINE
  5
36
330
1A
100
AcDbEntity
  8
BLACK
  6
CONTINUOUS
100
AcDbLine
 10
1.1708661417322834
 20
0.4376535433070866
 30
0
 11
1.3204724409448818
 21
0.4376535433070866
 31
0
  0
LINE
  5
37
330
1A
100
AcDbEntity
  8
BLACK
  6
CONTINUOUS
100
AcDbLine
 10
1.3204724409448818
 20
0.4376535433070866
 30
0
 11
1.3204724409448818
 21
0.3982834645669291
 31
0
  0
LINE
  5
38
330
1A
100
AcDbEntity
  8
BLACK
  6
CONTINUOUS
100
AcDbLine
 10
1.5566929133858267
 20
0.3982834645669291
 30
0
 11
1.4070866141732283
 21
0.3982834645669291
 31
0
  0
LINE
  5
39
330
1A
100
AcDbEntity
  8
BLACK
  6
CONTINUOUS
100
AcDbLine
 10
1.4070866141732283
 20
0.3982834645669291
 30
0
 11
1.4070866141732283
 21
0.4376535433070866
 31
0
  0
LINE
  5
3A
330
1A
100
AcDbEntity
  8
BLACK
  6
CONTINUOUS
100
AcDbLine
 10
1.4070866141732283
 20
0.4376535433070866
 30
0
 11
1.5566929133858267
 21
0.4376535433070866
 31
0
  0
LINE
  5
3B
330
1A
100
AcDbEntity
  8
BLACK
  6
CONTINUOUS
100
AcDbLine
 10
1.5566929133858267
 20
0.4376535433070866
 30
0
 11
1.5566929133858267
 21
0.3982834645669291
 31
0
  0
LINE
  5
3C
330
1A
100
AcDbEntity
  8
BLACK
  6
CONTINUOUS
100
AcDbLine
 10
1.7929133858267716
 20
0.3982834645669291
 30
0
 11
1.6433070866141732
 21
0.3982834645669291
 31
0
  0
LINE
  5
3D
330
1A
100
AcDbEntity
  8
BLACK
  6
CONTINUOUS
100
AcDbLine
 10
1.6433070866141732
 20
0.3982834645669291
 30
0
 11
1.6433070866141732
 21
0.4376535433070866
 31
0
  0
LINE
  5
3E
330
1A
100
AcDbEntity
  8
BLACK
  6
CONTINUOUS
100
AcDbLine
 10
1.6433070866141732
 20
0.4376535433070866
 30
0
 11
1.7929133858267716
 21
0.4376535433070866
 31
0
  0
LINE
  5
3F
330
1A
100
AcDbEntity
  8
BLACK
  6
CONTINUOUS
100
AcDbLine
 10
1.7929133858267716
 20
0.4376535433070866
 30
0
 11
1.7929133858267716
 21
0.3982834645669291
 31
0
  0
LINE
  5
40
330
1A
100
AcDbEntity
  8
BLACK
  6
CONTINUOUS
100
AcDbLine
 10
2.0291338582677163
 20
0.3982834645669291
 30
0
 11
1.8795275590551181
 21
0.3982834645669291
 31
0
  0
LINE
  5
41
330
1A
100
AcDbEntity
  8
BLACK
  6
CONTINUOUS
100
AcDbLine
 10
1.8795275590551181
 20
0.3982834645669291
 30
0
 11
1.8795275590551181
 21
0.4376535433070866
 31
0
  0
LINE
  5
42
330
1A
100
AcDbEntity
  8
BLACK
  6
CONTINUOUS
100
AcDbLine
 10
1.8795275590551181
 20
0.4376535433070866
 30
0
 11
2.0291338582677163
 21
0.4376535433070866
 31
0
  0
LINE
  5
43
330
1A
100
AcDbEntity
  8
BLACK
  6
CONTINUOUS
100
AcDbLine
 10
2.0291338582677163
 20
0.4376535433070866
 30
0
 11
2.0291338582677163
 21
0.3982834645669291
 31
0
  0
LINE
  5
44
330
1A
100
AcDbEntity
  8
BLACK
  6
CONTINUOUS
100
AcDbLine
 10
2.2653543307086612
 20
0.3982834645669291
 30
0
 11
2.1157480314960631
 21
0.3982834645669291
 31
0
  0
LINE
  5
45
330
1A
100
AcDbEntity
  8
BLACK
  6
CONTINUOUS
100
AcDbLine
 10
2.1157480314960631
 20
0.3982834645669291
 30
0
 11
2.1157480314960631
 21
0.4376535433070866
 31
0
  0
LINE
  5
46
330
1A
100
AcDbEntity
  8
BLACK
  6
CONTINUOUS
100
AcDbLine
 10
2.1157480314960631
 20
0.4376535433070866
 30
0
 11
2.2653543307086612
 21
0.4376535433070866
 31
0
  0
LINE
  5
47
330
1A
100
AcDbEntity
  8
BLACK
  6
CONTINUOUS
100
AcDbLine
 10
2.2653543307086612
 20
0.4376535433070866
 30
0
 11
2.2653543307086612
 21
0.3982834645669291
 31
0
  0
LINE
  5
48
330
1A
100
AcDbEntity
  8
BLACK
  6
CONTINUOUS
100
AcDbLine
 10
2.44251968503937
 20
0.4376535433070866
 30
0
 11
2.44251968503937
 21
0.4986771653543307
 31
0
  0
LINE
  5
49
330
1A
100
AcDbEntity
  8
BLACK
  6
CONTINUOUS
100
AcDbLine
 10
2.44251968503937
 20
0.4986771653543307
 30
0
 11
2.4818897637795274
 21
0.4986771653543307
 31
0
  0
LINE
  5
4A
330
1A
100
AcDbEntity
  8
BLACK
  6
CONTINUOUS
100
AcDbLine
 10
2.4818897637795274
 20
0.4986771653543307
 30
0
 11
2.4818897637795274
 21
0.4376535433070866
 31
0
  0
LINE
  5
4B
330
1A
100
AcDbEntity
  8
BLACK
  6
CONTINUOUS
100
AcDbLine
 10
2.4818897637795274
 20
0.4376535433070866
 30
0
 11
2.4818897637795274
 21
0.3982834645669291
 31
0
  0
LINE
  5
4C
330
1A
100
AcDbEntity
  8
BLACK
  6
CONTINUOUS
100
AcDbLine
 10
2.4818897637795274
 20
0.3982834645669291
 30
0
 11
2.44251968503937
 21
0.3982834645669291
 31
0
  0
LINE
  5
4D
330
1A
100
AcDbEntity
  8
BLACK
  6
CONTINUOUS
100
AcDbLine
 10
2.44251968503937
 20
0.3982834645669291
 30
0
 11
2.351968503937008
 21
0.3982834645669291
 31
0
  0
LINE
  5
4E
330
1A
100
AcDbEntity
  8
BLACK
  6
CONTINUOUS
100
AcDbLine
 10
2.351968503937008
 20
0.3982834645669291
 30
0
 11
2.351968503937008
 21
0.4376535433070866
 31
0
  0
LINE
  5
4F
330
1A
100
AcDbEntity
  8
BLACK
  6
CONTINUOUS
100
AcDbLine
 10
2.351968503937008
 20
0.4376535433070866
 30
0
 11
2.44251968503937
 21
0.4376535433070866
 31
0
  0
LINE
  5
50
330
1A
100
AcDbEntity
  8
BLACK
  6
CONTINUOUS
100
AcDbLine
 10
2.025333503937008
 20
0.5347940944881889
 30
0
 11
2.0285266535433069
 21
0.5326605118110236
 31
0
  0
LINE
  5
51
330
1A
100
AcDbEntity
  8
BLACK
  6
CONTINUOUS
100
AcDbLine
 10
2.0285266535433069
 20
0.5326605118110236
 30
0
 11
2.0306602362204722
 21
0.5294673622047243
 31
0
  0
LINE
  5
52
330
1A
100
AcDbEntity
  8
BLACK
  6
CONTINUOUS
100
AcDbLine
 10
2.0306602362204722
 20
0.5294673622047243
 30
0
 11
2.0314094488188976
 21
0.5257007874015748
 31
0
  0
LINE
  5
53
330
1A
100
AcDbEntity
  8
BLACK
  6
CONTINUOUS
100
AcDbLine
 10
2.0314094488188976
 20
0.5257007874015748
 30
0
 11
2.0314094488188976
 21
0.4902677165354331
 31
0
  0
LINE
  5
54
330
1A
100
AcDbEntity
  8
BLACK
  6
CONTINUOUS
100
AcDbLine
 10
2.0314094488188976
 20
0.4902677165354331
 30
0
 11
2.0306602362204722
 21
0.4865011417322834
 31
0
  0
LINE
  5
55
330
1A
100
AcDbEntity
  8
BLACK
  6
CONTINUOUS
100
AcDbLine
 10
2.0306602362204722
 20
0.4865011417322834
 30
0
 11
2.0285266535433069
 21
0.4833079921259842
 31
0
  0
LINE
  5
56
330
1A
100
AcDbEntity
  8
BLACK
  6
CONTINUOUS
100
AcDbLine
 10
2.0285266535433069
 20
0.4833079921259842
 30
0
 11
2.025333503937008
 21
0.4811744094488189
 31
0
  0
LINE
  5
57
330
1A
100
AcDbEntity
  8
BLACK
  6
CONTINUOUS
100
AcDbLine
 10
2.025333503937008
 20
0.4811744094488189
 30
0
 11
2.0215669291338583
 21
0.4804251968503937
 31
0
  0
LINE
  5
58
330
1A
100
AcDbEntity
  8
BLACK
  6
CONTINUOUS
100
AcDbLine
 10
2.0215669291338583
 20
0.4804251968503937
 30
0
 11
2.0008976377952754
 21
0.4804251968503937
 31
0
  0
LINE
  5
59
330
1A
100
AcDbEntity
  8
BLACK
  6
CONTINUOUS
100
AcDbLine
 10
2.0008976377952754
 20
0.4804251968503937
 30
0
 11
1.9971310629921259
 21
0.4811744094488189
 31
0
  0
LINE
  5
5A
330
1A
100
AcDbEntity
  8
BLACK
  6
CONTINUOUS
100
AcDbLine
 10
1.9971310629921259
 20
0.4811744094488189
 30
0
 11
1.9939379133858268
 21
0.4833079921259842
 31
0
  0
LINE
  5
5B
330
1A
100
AcDbEntity
  8
BLACK
  6
CONTINUOUS
100
AcDbLine
 10
1.9939379133858268
 20
0.4833079921259842
 30
0
 11
1.9918043307086615
 21
0.4865011417322834
 31
0
  0
LINE
  5
5C
330
1A
100
AcDbEntity
  8
BLACK
  6
CONTINUOUS
100
AcDbLine
 10
1.9918043307086615
 20
0.4865011417322834
 30
0
 11
1.9910551181102363
 21
0.4902677165354331
 31
0
  0
LINE
  5
5D
330
1A
100
AcDbEntity
  8
BLACK
  6
CONTINUOUS
100
AcDbLine
 10
1.9910551181102363
 20
0.4902677165354331
 30
0
 11
1.9910551181102363
 21
0.5257007874015748
 31
0
  0
LINE
  5
5E
330
1A
100
AcDbEntity
  8
BLACK
  6
CONTINUOUS
100
AcDbLine
 10
1.9910551181102363
 20
0.5257007874015748
 30
0
 11
1.9918043307086615
 21
0.5294673622047243
 31
0
  0
LINE
  5
5F
330
1A
100
AcDbEntity
  8
BLACK
  6
CONTINUOUS
100
AcDbLine
 10
1.9918043307086615
 20
0.5294673622047243
 30
0
 11
1.9939379133858268
 21
0.5326605118110236
 31
0
  0
LINE
  5
60
330
1A
100
AcDbEntity
  8
BLACK
  6
CONTINUOUS
100
AcDbLine
 10
1.9939379133858268
 20
0.5326605118110236
 30
0
 11
1.9971310629921259
 21
0.5347940944881889
 31
0
  0
LINE
  5
61
330
1A
100
AcDbEntity
  8
BLACK
  6
CONTINUOUS
100
AcDbLine
 10
1.9971310629921259
 20
0.5347940944881889
 30
0
 11
2.0008976377952754
 21
0.5355433070866141
 31
0
  0
LINE
  5
62
330
1A
100
AcDbEntity
  8
BLACK
  6
CONTINUOUS
100
AcDbLine
 10
2.0008976377952754
 20
0.5355433070866141
 30
0
 11
2.0215669291338583
 21
0.5355433070866141
 31
0
  0
LINE
  5
63
330
1A
100
AcDbEntity
  8
BLACK
  6
CONTINUOUS
100
AcDbLine
 10
2.0215669291338583
 20
0.5355433070866141
 30
0
 11
2.025333503937008
 21
0.5347940944881889
 31
0
  0
LINE
  5
64
330
1A
100
AcDbEntity
  8
BLACK
  6
CONTINUOUS
100
AcDbLine
 10
2.0971838976377954
 20
0.5347940944881889
 30
0
 11
2.1003770472440944
 21
0.5326605118110236
 31
0
  0
LINE
  5
65
330
1A
100
AcDbEntity
  8
BLACK
  6
CONTINUOUS
100
AcDbLine
 10
2.1003770472440944
 20
0.5326605118110236
 30
0
 11
2.1025106299212597
 21
0.5294673622047243
 31
0
  0
LINE
  5
66
330
1A
100
AcDbEntity
  8
BLACK
  6
CONTINUOUS
100
AcDbLine
 10
2.1025106299212597
 20
0.5294673622047243
 30
0
 11
2.1032598425196851
 21
0.5257007874015748
 31
0
  0
LINE
  5
67
330
1A
100
AcDbEntity
  8
BLACK
  6
CONTINUOUS
100
AcDbLine
 10
2.1032598425196851
 20
0.5257007874015748
 30
0
 11
2.1032598425196851
 21
0.4902677165354331
 31
0
  0
LINE
  5
68
330
1A
100
AcDbEntity
  8
BLACK
  6
CONTINUOUS
100
AcDbLine
 10
2.1032598425196851
 20
0.4902677165354331
 30
0
 11
2.1025106299212597
 21
0.4865011417322834
 31
0
  0
LINE
  5
69
330
1A
100
AcDbEntity
  8
BLACK
  6
CONTINUOUS
100
AcDbLine
 10
2.1025106299212597
 20
0.4865011417322834
 30
0
 11
2.1003770472440944
 21
0.4833079921259842
 31
0
  0
LINE
  5
6A
330
1A
100
AcDbEntity
  8
BLACK
  6
CONTINUOUS
100
AcDbLine
 10
2.1003770472440944
 20
0.4833079921259842
 30
0
 11
2.0971838976377954
 21
0.4811744094488189
 31
0
  0
LINE
  5
6B
330
1A
100
AcDbEntity
  8
BLACK
  6
CONTINUOUS
100
AcDbLine
 10
2.0971838976377954
 20
0.4811744094488189
 30
0
 11
2.0934173228346458
 21
0.4804251968503937
 31
0
  0
LINE
  5
6C
330
1A
100
AcDbEntity
  8
BLACK
  6
CONTINUOUS
100
AcDbLine
 10
2.0934173228346458
 20
0.4804251968503937
 30
0
 11
2.0727480314960629
 21
0.4804251968503937
 31
0
  0
LINE
  5
6D
330
1A
100
AcDbEntity
  8
BLACK
  6
CONTINUOUS
100
AcDbLine
 10
2.0727480314960629
 20
0.4804251968503937
 30
0
 11
2.0689814566929132
 21
0.4811744094488189
 31
0
  0
LINE
  5
6E
330
1A
100
AcDbEntity
  8
BLACK
  6
CONTINUOUS
100
AcDbLine
 10
2.0689814566929132
 20
0.4811744094488189
 30
0
 11
2.0657883070866143
 21
0.4833079921259842
 31
0
  0
LINE
  5
6F
330
1A
100
AcDbEntity
  8
BLACK
  6
CONTINUOUS
100
AcDbLine
 10
2.0657883070866143
 20
0.4833079921259842
 30
0
 11
2.063654724409449
 21
0.4865011417322834
 31
0
  0
LINE
  5
70
330
1A
100
AcDbEntity
  8
BLACK
  6
CONTINUOUS
100
AcDbLine
 10
2.063654724409449
 20
0.4865011417322834
 30
0
 11
2.0629055118110236
 21
0.4902677165354331
 31
0
  0
LINE
  5
71
330
1A
100
AcDbEntity
  8
BLACK
  6
CONTINUOUS
100
AcDbLine
 10
2.0629055118110236
 20
0.4902677165354331
 30
0
 11
2.0629055118110236
 21
0.5257007874015748
 31
0
  0
LINE
  5
72
330
1A
100
AcDbEntity
  8
BLACK
  6
CONTINUOUS
100
AcDbLine
 10
2.0629055118110236
 20
0.5257007874015748
 30
0
 11
2.063654724409449
 21
0.5294673622047243
 31
0
  0
LINE
  5
73
330
1A
100
AcDbEntity
  8
BLACK
  6
CONTINUOUS
100
AcDbLine
 10
2.063654724409449
 20
0.5294673622047243
 30
0
 11
2.0657883070866143
 21
0.5326605118110236
 31
0
  0
LINE
  5
74
330
1A
100
AcDbEntity
  8
BLACK
  6
CONTINUOUS
100
AcDbLine
 10
2.0657883070866143
 20
0.5326605118110236
 30
0
 11
2.0689814566929132
 21
0.5347940944881889
 31
0
  0
LINE
  5
75
330
1A
100
AcDbEntity
  8
BLACK
  6
CONTINUOUS
100
AcDbLine
 10
2.0689814566929132
 20
0.5347940944881889
 30
0
 11
2.0727480314960629
 21
0.5355433070866141
 31
0
  0
LINE
  5
76
330
1A
100
AcDbEntity
  8
BLACK
  6
CONTINUOUS
100
AcDbLine
 10
2.0727480314960629
 20
0.5355433070866141
 30
0
 11
2.0934173228346458
 21
0.5355433070866141
 31
0
  0
LINE
  5
77
330
1A
100
AcDbEntity
  8
BLACK
  6
CONTINUOUS
100
AcDbLine
 10
2.0934173228346458
 20
0.5355433070866141
 30
0
 11
2.0971838976377954
 21
0.5347940944881889
 31
0
  0
LINE
  5
78
330
1A
100
AcDbEntity
  8
BLACK
  6
CONTINUOUS
100
AcDbLine
 10
2.1876563385826771
 20
0.5366444881889764
 30
0
 11
2.1908494881889764
 21
0.534510905511811
 31
0
  0
LINE
  5
79
330
1A
100
AcDbEntity
  8
BLACK
  6
CONTINUOUS
100
AcDbLine
 10
2.1908494881889764
 20
0.534510905511811
 30
0
 11
2.1929830708661417
 21
0.5313177559055118
 31
0
  0
LINE
  5
7A
330
1A
100
AcDbEntity
  8
BLACK
  6
CONTINUOUS
100
AcDbLine
 10
2.1929830708661417
 20
0.5313177559055118
 30
0
 11
2.1937322834645667
 21
0.5275511811023622
 31
0
  0
LINE
  5
7B
330
1A
100
AcDbEntity
  8
BLACK
  6
CONTINUOUS
100
AcDbLine
 10
2.1937322834645667
 20
0.5275511811023622
 30
0
 11
2.1937322834645667
 21
0.4921181102362205
 31
0
  0
LINE
  5
7C
330
1A
100
AcDbEntity
  8
BLACK
  6
CONTINUOUS
100
AcDbLine
 10
2.1937322834645667
 20
0.4921181102362205
 30
0
 11
2.1929830708661417
 21
0.4883515354330709
 31
0
  0
LINE
  5
7D
330
1A
100
AcDbEntity
  8
BLACK
  6
CONTINUOUS
100
AcDbLine
 10
2.1929830708661417
 20
0.4883515354330709
 30
0
 11
2.1908494881889764
 21
0.4851583858267716
 31
0
  0
LINE
  5
7E
330
1A
100
AcDbEntity
  8
BLACK
  6
CONTINUOUS
100
AcDbLine
 10
2.1908494881889764
 20
0.4851583858267716
 30
0
 11
2.1876563385826771
 21
0.4830248031496063
 31
0
  0
LINE
  5
7F
330
1A
100
AcDbEntity
  8
BLACK
  6
CONTINUOUS
100
AcDbLine
 10
2.1876563385826771
 20
0.4830248031496063
 30
0
 11
2.1838897637795274
 21
0.4822755905511811
 31
0
  0
LINE
  5
80
330
1A
100
AcDbEntity
  8
BLACK
  6
CONTINUOUS
100
AcDbLine
 10
2.1838897637795274
 20
0.4822755905511811
 30
0
 11
2.1504251968503936
 21
0.4822755905511811
 31
0
  0
LINE
  5
81
330
1A
100
AcDbEntity
  8
BLACK
  6
CONTINUOUS
100
AcDbLine
 10
2.1504251968503936
 20
0.4822755905511811
 30
0
 11
2.1466586220472439
 21
0.4830248031496063
 31
0
  0
LINE
  5
82
330
1A
100
AcDbEntity
  8
BLACK
  6
CONTINUOUS
100
AcDbLine
 10
2.1466586220472439
 20
0.4830248031496063
 30
0
 11
2.143465472440945
 21
0.4851583858267716
 31
0
  0
LINE
  5
83
330
1A
100
AcDbEntity
  8
BLACK
  6
CONTINUOUS
100
AcDbLine
 10
2.143465472440945
 20
0.4851583858267716
 30
0
 11
2.1413318897637796
 21
0.4883515354330709
 31
0
  0
LINE
  5
84
330
1A
100
AcDbEntity
  8
BLACK
  6
CONTINUOUS
100
AcDbLine
 10
2.1413318897637796
 20
0.4883515354330709
 30
0
 11
2.1405826771653542
 21
0.4921181102362205
 31
0
  0
LINE
  5
85
330
1A
100
AcDbEntity
  8
BLACK
  6
CONTINUOUS
100
AcDbLine
 10
2.1405826771653542
 20
0.4921181102362205
 30
0
 11
2.1405826771653542
 21
0.5275511811023622
 31
0
  0
LINE
  5
86
330
1A
100
AcDbEntity
  8
BLACK
  6
CONTINUOUS
100
AcDbLine
 10
2.1405826771653542
 20
0.5275511811023622
 30
0
 11
2.1413318897637796
 21
0.5313177559055118
 31
0
  0
LINE
  5
87
330
1A
100
AcDbEntity
  8
BLACK
  6
CONTINUOUS
100
AcDbLine
 10
2.1413318897637796
 20
0.5313177559055118
 30
0
 11
2.143465472440945
 21
0.534510905511811
 31
0
  0
LINE
  5
88
330
1A
100
AcDbEntity
  8
BLACK
  6
CONTINUOUS
100
AcDbLine
 10
2.143465472440945
 20
0.534510905511811
 30
0
 11
2.1466586220472439
 21
0.5366444881889764
 31
0
  0
LINE
  5
89
330
1A
100
AcDbEntity
  8
BLACK
  6
CONTINUOUS
100
AcDbLine
 10
2.1466586220472439
 20
0.5366444881889764
 30
0
 11
2.1504251968503936
 21
0.5373937007874016
 31
0
  0
LINE
  5
8A
330
1A
100
AcDbEntity
  8
BLACK
  6
CONTINUOUS
100
AcDbLine
 10
2.1504251968503936
 20
0.5373937007874016
 30
0
 11
2.1838897637795274
 21
0.5373937007874016
 31
0
  0
LINE
  5
8B
330
1A
100
AcDbEntity
  8
BLACK
  6
CONTINUOUS
100
AcDbLine
 10
2.1838897637795274
 20
0.5373937007874016
 30
0
 11
2.1876563385826771
 21
0.5366444881889764
 31
0
  0
LINE
  5
8C
330
1A
100
AcDbEntity
  8
BLACK
  6
CONTINUOUS
100
AcDbLine
 10
1.9513413779527558
 20
0.5376444881889764
 30
0
 11
1.9545345275590551
 21
0.535510905511811
 31
0
  0
LINE
  5
8D
330
1A
100
AcDbEntity
  8
BLACK
  6
CONTINUOUS
100
AcDbLine
 10
1.9545345275590551
 20
0.535510905511811
 30
0
 11
1.9566681102362204
 21
0.5323177559055118
 31
0
  0
LINE
  5
8E
330
1A
100
AcDbEntity
  8
BLACK
  6
CONTINUOUS
100
AcDbLine
 10
1.9566681102362204
 20
0.5323177559055118
 30
0
 11
1.9574173228346456
 21
0.5285511811023622
 31
0
  0
LINE
  5
8F
330
1A
100
AcDbEntity
  8
BLACK
  6
CONTINUOUS
100
AcDbLine
 10
1.9574173228346456
 20
0.5285511811023622
 30
0
 11
1.9574173228346456
 21
0.4931181102362205
 31
0
  0
LINE
  5
90
330
1A
100
AcDbEntity
  8
BLACK
  6
CONTINUOUS
100
AcDbLine
 10
1.9574173228346456
 20
0.4931181102362205
 30
0
 11
1.9566681102362204
 21
0.4893515354330709
 31
0
  0
LINE
  5
91
330
1A
100
AcDbEntity
  8
BLACK
  6
CONTINUOUS
100
AcDbLine
 10
1.9566681102362204
 20
0.4893515354330709
 30
0
 11
1.9545345275590551
 21
0.4861583858267716
 31
0
  0
LINE
  5
92
330
1A
100
AcDbEntity
  8
BLACK
  6
CONTINUOUS
100
AcDbLine
 10
1.9545345275590551
 20
0.4861583858267716
 30
0
 11
1.9513413779527558
 21
0.4840248031496063
 31
0
  0
LINE
  5
93
330
1A
100
AcDbEntity
  8
BLACK
  6
CONTINUOUS
100
AcDbLine
 10
1.9513413779527558
 20
0.4840248031496063
 30
0
 11
1.9475748031496063
 21
0.4832755905511811
 31
0
  0
LINE
  5
94
330
1A
100
AcDbEntity
  8
BLACK
  6
CONTINUOUS
100
AcDbLine
 10
1.9475748031496063
 20
0.4832755905511811
 30
0
 11
1.9141102362204725
 21
0.4832755905511811
 31
0
  0
LINE
  5
95
330
1A
100
AcDbEntity
  8
BLACK
  6
CONTINUOUS
100
AcDbLine
 10
1.9141102362204725
 20
0.4832755905511811
 30
0
 11
1.9103436614173228
 21
0.4840248031496063
 31
0
  0
LINE
  5
96
330
1A
100
AcDbEntity
  8
BLACK
  6
CONTINUOUS
100
AcDbLine
 10
1.9103436614173228
 20
0.4840248031496063
 30
0
 11
1.9071505118110237
 21
0.4861583858267716
 31
0
  0
LINE
  5
97
330
1A
100
AcDbEntity
  8
BLACK
  6
CONTINUOUS
100
AcDbLine
 10
1.9071505118110237
 20
0.4861583858267716
 30
0
 11
1.9050169291338581
 21
0.4893515354330709
 31
0
  0
LINE
  5
98
330
1A
100
AcDbEntity
  8
BLACK
  6
CONTINUOUS
100
AcDbLine
 10
1.9050169291338581
 20
0.4893515354330709
 30
0
 11
1.9042677165354329
 21
0.4931181102362205
 31
0
  0
LINE
  5
99
330
1A
100
AcDbEntity
  8
BLACK
  6
CONTINUOUS
100
AcDbLine
 10
1.9042677165354329
 20
0.4931181102362205
 30
0
 11
1.9042677165354329
 21
0.5285511811023622
 31
0
  0
LINE
  5
9A
330
1A
100
AcDbEntity
  8
BLACK
  6
CONTINUOUS
100
AcDbLine
 10
1.9042677165354329
 20
0.5285511811023622
 30
0
 11
1.9050169291338581
 21
0.5323177559055118
 31
0
  0
LINE
  5
9B
330
1A
100
AcDbEntity
  8
BLACK
  6
CONTINUOUS
100
AcDbLine
 10
1.9050169291338581
 20
0.5323177559055118
 30
0
 11
1.9071505118110237
 21
0.535510905511811
 31
0
  0
LINE
  5
9C
330
1A
100
AcDbEntity
  8
BLACK
  6
CONTINUOUS
100
AcDbLine
 10
1.9071505118110237
 20
0.535510905511811
 30
0
 11
1.9103436614173228
 21
0.5376444881889764
 31
0
  0
LINE
  5
9D
330
1A
100
AcDbEntity
  8
BLACK
  6
CONTINUOUS
100
AcDbLine
 10
1.9103436614173228
 20
0.5376444881889764
 30
0
 11
1.9141102362204725
 21
0.5383937007874016
 31
0
  0
LINE
  5
9E
330
1A
100
AcDbEntity
  8
BLACK
  6
CONTINUOUS
100
AcDbLine
 10
1.9141102362204725
 20
0.5383937007874016
 30
0
 11
1.9475748031496063
 21
0.5383937007874016
 31
0
  0
LINE
  5
9F
330
1A
100
AcDbEntity
  8
BLACK
  6
CONTINUOUS
100
AcDbLine
 10
1.9475748031496063
 20
0.5383937007874016
 30
0
 11
1.9513413779527558
 21
0.5376444881889764
 31
0
  0
LINE
  5
A0
330
1A
100
AcDbEntity
  8
BLACK
  6
CONTINUOUS
100
AcDbLine
 10
1.7900185433070865
 20
0.5397940944881889
 30
0
 11
1.7932116929133859
 21
0.5376605118110236
 31
0
  0
LINE
  5
A1
330
1A
100
AcDbEntity
  8
BLACK
  6
CONTINUOUS
100
AcDbLine
 10
1.7932116929133859
 20
0.5376605118110236
 30
0
 11
1.7953452755905512
 21
0.5344673622047243
 31
0
  0
LINE
  5
A2
330
1A
100
AcDbEntity
  8
BLACK
  6
CONTINUOUS
100
AcDbLine
 10
1.7953452755905512
 20
0.5344673622047243
 30
0
 11
1.7960944881889764
 21
0.5307007874015748
 31
0
  0
LINE
  5
A3
330
1A
100
AcDbEntity
  8
BLACK
  6
CONTINUOUS
100
AcDbLine
 10
1.7960944881889764
 20
0.5307007874015748
 30
0
 11
1.7960944881889764
 21
0.4952677165354331
 31
0
  0
LINE
  5
A4
330
1A
100
AcDbEntity
  8
BLACK
  6
CONTINUOUS
100
AcDbLine
 10
1.7960944881889764
 20
0.4952677165354331
 30
0
 11
1.7953452755905512
 21
0.4915011417322834
 31
0
  0
LINE
  5
A5
330
1A
100
AcDbEntity
  8
BLACK
  6
CONTINUOUS
100
AcDbLine
 10
1.7953452755905512
 20
0.4915011417322834
 30
0
 11
1.7932116929133859
 21
0.4883079921259842
 31
0
  0
LINE
  5
A6
330
1A
100
AcDbEntity
  8
BLACK
  6
CONTINUOUS
100
AcDbLine
 10
1.7932116929133859
 20
0.4883079921259842
 30
0
 11
1.7900185433070865
 21
0.4861744094488189
 31
0
  0
LINE
  5
A7
330
1A
100
AcDbEntity
  8
BLACK
  6
CONTINUOUS
100
AcDbLine
 10
1.7900185433070865
 20
0.4861744094488189
 30
0
 11
1.7862519685039369
 21
0.4854251968503937
 31
0
  0
LINE
  5
A8
330
1A
100
AcDbEntity
  8
BLACK
  6
CONTINUOUS
100
AcDbLine
 10
1.7862519685039369
 20
0.4854251968503937
 30
0
 11
1.7655826771653542
 21
0.4854251968503937
 31
0
  0
LINE
  5
A9
330
1A
100
AcDbEntity
  8
BLACK
  6
CONTINUOUS
100
AcDbLine
 10
1.7655826771653542
 20
0.4854251968503937
 30
0
 11
1.7618161023622048
 21
0.4861744094488189
 31
0
  0
LINE
  5
AA
330
1A
100
AcDbEntity
  8
BLACK
  6
CONTINUOUS
100
AcDbLine
 10
1.7618161023622048
 20
0.4861744094488189
 30
0
 11
1.7586229527559054
 21
0.4883079921259842
 31
0
  0
LINE
  5
AB
330
1A
100
AcDbEntity
  8
BLACK
  6
CONTINUOUS
100
AcDbLine
 10
1.7586229527559054
 20
0.4883079921259842
 30
0
 11
1.7564893700787401
 21
0.4915011417322834
 31
0
  0
LINE
  5
AC
330
1A
100
AcDbEntity
  8
BLACK
  6
CONTINUOUS
100
AcDbLine
 10
1.7564893700787401
 20
0.4915011417322834
 30
0
 11
1.7557401574803149
 21
0.4952677165354331
 31
0
  0
LINE
  5
AD
330
1A
100
AcDbEntity
  8
BLACK
  6
CONTINUOUS
100
AcDbLine
 10
1.7557401574803149
 20
0.4952677165354331
 30
0
 11
1.7557401574803149
 21
0.5307007874015748
 31
0
  0
LINE
  5
AE
330
1A
100
AcDbEntity
  8
BLACK
  6
CONTINUOUS
100
AcDbLine
 10
1.7557401574803149
 20
0.5307007874015748
 30
0
 11
1.7564893700787401
 21
0.5344673622047243
 31
0
  0
LINE
  5
AF
330
1A
100
AcDbEntity
  8
BLACK
  6
CONTINUOUS
100
AcDbLine
 10
1.7564893700787401
 20
0.5344673622047243
 30
0
 11
1.7586229527559054
 21
0.5376605118110236
 31
0
  0
LINE
  5
B0
330
1A
100
AcDbEntity
  8
BLACK
  6
CONTINUOUS
100
AcDbLine
 10
1.7586229527559054
 20
0.5376605118110236
 30
0
 11
1.7618161023622048
 21
0.5397940944881889
 31
0
  0
LINE
  5
B1
330
1A
100
AcDbEntity
  8
BLACK
  6
CONTINUOUS
100
AcDbLine
 10
1.7618161023622048
 20
0.5397940944881889
 30
0
 11
1.7655826771653542
 21
0.5405433070866141
 31
0
  0
LINE
  5
B2
330
1A
100
AcDbEntity
  8
BLACK
  6
CONTINUOUS
100
AcDbLine
 10
1.7655826771653542
 20
0.5405433070866141
 30
0
 11
1.7862519685039369
 21
0.5405433070866141
 31
0
  0
LINE
  5
B3
330
1A
100
AcDbEntity
  8
BLACK
  6
CONTINUOUS
100
AcDbLine
 10
1.7862519685039369
 20
0.5405433070866141
 30
0
 11
1.7900185433070865
 21
0.5397940944881889
 31
0
  0
LINE
  5
B4
330
1A
100
AcDbEntity
  8
BLACK
  6
CONTINUOUS
100
AcDbLine
 10
1.861868937007874
 20
0.5397940944881889
 30
0
 11
1.8650620866141732
 21
0.5376605118110236
 31
0
  0
LINE
  5
B5
330
1A
100
AcDbEntity
  8
BLACK
  6
CONTINUOUS
100
AcDbLine
 10
1.8650620866141732
 20
0.5376605118110236
 30
0
 11
1.8671956692913385
 21
0.5344673622047243
 31
0
  0
LINE
  5
B6
330
1A
100
AcDbEntity
  8
BLACK
  6
CONTINUOUS
100
AcDbLine
 10
1.8671956692913385
 20
0.5344673622047243
 30
0
 11
1.8679448818897637
 21
0.5307007874015748
 31
0
  0
LINE
  5
B7
330
1A
100
AcDbEntity
  8
BLACK
  6
CONTINUOUS
100
AcDbLine
 10
1.8679448818897637
 20
0.5307007874015748
 30
0
 11
1.8679448818897637
 21
0.4952677165354331
 31
0
  0
LINE
  5
B8
330
1A
100
AcDbEntity
  8
BLACK
  6
CONTINUOUS
100
AcDbLine
 10
1.8679448818897637
 20
0.4952677165354331
 30
0
 11
1.8671956692913385
 21
0.4915011417322834
 31
0
  0
LINE
  5
B9
330
1A
100
AcDbEntity
  8
BLACK
  6
CONTINUOUS
100
AcDbLine
 10
1.8671956692913385
 20
0.4915011417322834
 30
0
 11
1.8650620866141732
 21
0.4883079921259842
 31
0
  0
LINE
  5
BA
330
1A
100
AcDbEntity
  8
BLACK
  6
CONTINUOUS
100
AcDbLine
 10
1.8650620866141732
 20
0.4883079921259842
 30
0
 11
1.861868937007874
 21
0.4861744094488189
 31
0
  0
LINE
  5
BB
330
1A
100
AcDbEntity
  8
BLACK
  6
CONTINUOUS
100
AcDbLine
 10
1.861868937007874
 20
0.4861744094488189
 30
0
 11
1.8581023622047244
 21
0.4854251968503937
 31
0
  0
LINE
  5
BC
330
1A
100
AcDbEntity
  8
BLACK
  6
CONTINUOUS
100
AcDbLine
 10
1.8581023622047244
 20
0.4854251968503937
 30
0
 11
1.8374330708661417
 21
0.4854251968503937
 31
0
  0
LINE
  5
BD
330
1A
100
AcDbEntity
  8
BLACK
  6
CONTINUOUS
100
AcDbLine
 10
1.8374330708661417
 20
0.4854251968503937
 30
0
 11
1.833666496062992
 21
0.4861744094488189
 31
0
  0
LINE
  5
BE
330
1A
100
AcDbEntity
  8
BLACK
  6
CONTINUOUS
100
AcDbLine
 10
1.833666496062992
 20
0.4861744094488189
 30
0
 11
1.8304733464566929
 21
0.4883079921259842
 31
0
  0
LINE
  5
BF
330
1A
100
AcDbEntity
  8
BLACK
  6
CONTINUOUS
100
AcDbLine
 10
1.8304733464566929
 20
0.4883079921259842
 30
0
 11
1.8283397637795276
 21
0.4915011417322834
 31
0
  0
LINE
  5
C0
330
1A
100
AcDbEntity
  8
BLACK
  6
CONTINUOUS
100
AcDbLine
 10
1.8283397637795276
 20
0.4915011417322834
 30
0
 11
1.8275905511811024
 21
0.4952677165354331
 31
0
  0
LINE
  5
C1
330
1A
100
AcDbEntity
  8
BLACK
  6
CONTINUOUS
100
AcDbLine
 10
1.8275905511811024
 20
0.4952677165354331
 30
0
 11
1.8275905511811024
 21
0.5307007874015748
 31
0
  0
LINE
  5
C2
330
1A
100
AcDbEntity
  8
BLACK
  6
CONTINUOUS
100
AcDbLine
 10
1.8275905511811024
 20
0.5307007874015748
 30
0
 11
1.8283397637795276
 21
0.5344673622047243
 31
0
  0
LINE
  5
C3
330
1A
100
AcDbEntity
  8
BLACK
  6
CONTINUOUS
100
AcDbLine
 10
1.8283397637795276
 20
0.5344673622047243
 30
0
 11
1.8304733464566929
 21
0.5376605118110236
 31
0
  0
LINE
  5
C4
330
1A
100
AcDbEntity
  8
BLACK
  6
CONTINUOUS
100
AcDbLine
 10
1.8304733464566929
 20
0.5376605118110236
 30
0
 11
1.833666496062992
 21
0.5397940944881889
 31
0
  0
LINE
  5
C5
330
1A
100
AcDbEntity
  8
BLACK
  6
CONTINUOUS
100
AcDbLine
 10
1.833666496062992
 20
0.5397940944881889
 30
0
 11
1.8374330708661417
 21
0.5405433070866141
 31
0
  0
LINE
  5
C6
330
1A
100
AcDbEntity
  8
BLACK
  6
CONTINUOUS
100
AcDbLine
 10
1.8374330708661417
 20
0.5405433070866141
 30
0
 11
1.8581023622047244
 21
0.5405433070866141
 31
0
  0
LINE
  5
C7
330
1A
100
AcDbEntity
  8
BLACK
  6
CONTINUOUS
100
AcDbLine
 10
1.8581023622047244
 20
0.5405433070866141
 30
0
 11
1.861868937007874
 21
0.5397940944881889
 31
0
  0
LINE
  5
C8
330
1A
100
AcDbEntity
  8
BLACK
  6
CONTINUOUS
100
AcDbLine
 10
2.2846248425196851
 20
0.5245185039370078
 30
0
 11
2.287817992125984
 21
0.5223849212598425
 31
0
  0
LINE
  5
C9
330
1A
100
AcDbEntity
  8
BLACK
  6
CONTINUOUS
100
AcDbLine
 10
2.287817992125984
 20
0.5223849212598425
 30
0
 11
2.2899515748031494
 21
0.5191917716535432
 31
0
  0
LINE
  5
CA
330
1A
100
AcDbEntity
  8
BLACK
  6
CONTINUOUS
100
AcDbLine
 10
2.2899515748031494
 20
0.5191917716535432
 30
0
 11
2.2907007874015748
 21
0.5154251968503937
 31
0
  0
LINE
  5
CB
330
1A
100
AcDbEntity
  8
BLACK
  6
CONTINUOUS
100
AcDbLine
 10
2.2907007874015748
 20
0.5154251968503937
 30
0
 11
2.2907007874015748
 21
0.495740157480315
 31
0
  0
LINE
  5
CC
330
1A
100
AcDbEntity
  8
BLACK
  6
CONTINUOUS
100
AcDbLine
 10
2.2907007874015748
 20
0.495740157480315
 30
0
 11
2.2899515748031494
 21
0.4919735826771653
 31
0
  0
LINE
  5
CD
330
1A
100
AcDbEntity
  8
BLACK
  6
CONTINUOUS
100
AcDbLine
 10
2.2899515748031494
 20
0.4919735826771653
 30
0
 11
2.287817992125984
 21
0.4887804330708661
 31
0
  0
LINE
  5
CE
330
1A
100
AcDbEntity
  8
BLACK
  6
CONTINUOUS
100
AcDbLine
 10
2.287817992125984
 20
0.4887804330708661
 30
0
 11
2.2846248425196851
 21
0.4866468503937008
 31
0
  0
LINE
  5
CF
330
1A
100
AcDbEntity
  8
BLACK
  6
CONTINUOUS
100
AcDbLine
 10
2.2846248425196851
 20
0.4866468503937008
 30
0
 11
2.2808582677165354
 21
0.4858976377952756
 31
0
  0
LINE
  5
D0
330
1A
100
AcDbEntity
  8
BLACK
  6
CONTINUOUS
100
AcDbLine
 10
2.2808582677165354
 20
0.4858976377952756
 30
0
 11
2.2434566929133859
 21
0.4858976377952756
 31
0
  0
LINE
  5
D1
330
1A
100
AcDbEntity
  8
BLACK
  6
CONTINUOUS
100
AcDbLine
 10
2.2434566929133859
 20
0.4858976377952756
 30
0
 11
2.2396901181102362
 21
0.4866468503937008
 31
0
  0
LINE
  5
D2
330
1A
100
AcDbEntity
  8
BLACK
  6
CONTINUOUS
100
AcDbLine
 10
2.2396901181102362
 20
0.4866468503937008
 30
0
 11
2.2364969685039369
 21
0.4887804330708661
 31
0
  0
LINE
  5
D3
330
1A
100
AcDbEntity
  8
BLACK
  6
CONTINUOUS
100
AcDbLine
 10
2.2364969685039369
 20
0.4887804330708661
 30
0
 11
2.2343633858267715
 21
0.4919735826771653
 31
0
  0
LINE
  5
D4
330
1A
100
AcDbEntity
  8
BLACK
  6
CONTINUOUS
100
AcDbLine
 10
2.2343633858267715
 20
0.4919735826771653
 30
0
 11
2.2336141732283465
 21
0.495740157480315
 31
0
  0
LINE
  5
D5
330
1A
100
AcDbEntity
  8
BLACK
  6
CONTINUOUS
100
AcDbLine
 10
2.2336141732283465
 20
0.495740157480315
 30
0
 11
2.2336141732283465
 21
0.5154251968503937
 31
0
  0
LINE
  5
D6
330
1A
100
AcDbEntity
  8
BLACK
  6
CONTINUOUS
100
AcDbLine
 10
2.2336141732283465
 20
0.5154251968503937
 30
0
 11
2.2343633858267715
 21
0.5191917716535432
 31
0
  0
LINE
  5
D7
330
1A
100
AcDbEntity
  8
BLACK
  6
CONTINUOUS
100
AcDbLine
 10
2.2343633858267715
 20
0.5191917716535432
 30
0
 11
2.2364969685039369
 21
0.5223849212598425
 31
0
  0
LINE
  5
D8
330
1A
100
AcDbEntity
  8
BLACK
  6
CONTINUOUS
100
AcDbLine
 10
2.2364969685039369
 20
0.5223849212598425
 30
0
 11
2.2396901181102362
 21
0.5245185039370078
 31
0
  0
LINE
  5
D9
330
1A
100
AcDbEntity
  8
BLACK
  6
CONTINUOUS
100
AcDbLine
 10
2.2396901181102362
 20
0.5245185039370078
 30
0
 11
2.2434566929133859
 21
0.525267716535433
 31
0
  0
LINE
  5
DA
330
1A
100
AcDbEntity
  8
BLACK
  6
CONTINUOUS
100
AcDbLine
 10
2.2434566929133859
 20
0.525267716535433
 30
0
 11
2.2808582677165354
 21
0.525267716535433
 31
0
  0
LINE
  5
DB
330
1A
100
AcDbEntity
  8
BLACK
  6
CONTINUOUS
100
AcDbLine
 10
2.2808582677165354
 20
0.525267716535433
 30
0
 11
2.2846248425196851
 21
0.5245185039370078
 31
0
  0
LINE
  5
DC
330
1A
100
AcDbEntity
  8
BLACK
  6
CONTINUOUS
100
AcDbLine
 10
2.3736405905511813
 20
0.5264870078740157
 30
0
 11
2.3768337401574802
 21
0.5243534251968504
 31
0
  0
LINE
  5
DD
330
1A
100
AcDbEntity
  8
BLACK
  6
CONTINUOUS
100
AcDbLine
 10
2.3768337401574802
 20
0.5243534251968504
 30
0
 11
2.3789673228346455
 21
0.5211602755905511
 31
0
  0
LINE
  5
DE
330
1A
100
AcDbEntity
  8
BLACK
  6
CONTINUOUS
100
AcDbLine
 10
2.3789673228346455
 20
0.5211602755905511
 30
0
 11
2.3797165354330709
 21
0.5173937007874015
 31
0
  0
LINE
  5
DF
330
1A
100
AcDbEntity
  8
BLACK
  6
CONTINUOUS
100
AcDbLine
 10
2.3797165354330709
 20
0.5173937007874015
 30
0
 11
2.3797165354330709
 21
0.4967244094488189
 31
0
  0
LINE
  5
E0
330
1A
100
AcDbEntity
  8
BLACK
  6
CONTINUOUS
100
AcDbLine
 10
2.3797165354330709
 20
0.4967244094488189
 30
0
 11
2.3789673228346455
 21
0.4929578346456693
 31
0
  0
LINE
  5
E1
330
1A
100
AcDbEntity
  8
BLACK
  6
CONTINUOUS
100
AcDbLine
 10
2.3789673228346455
 20
0.4929578346456693
 30
0
 11
2.3768337401574802
 21
0.48976468503937
 31
0
  0
LINE
  5
E2
330
1A
100
AcDbEntity
  8
BLACK
  6
CONTINUOUS
100
AcDbLine
 10
2.3768337401574802
 20
0.48976468503937
 30
0
 11
2.3736405905511813
 21
0.4876311023622047
 31
0
  0
LINE
  5
E3
330
1A
100
AcDbEntity
  8
BLACK
  6
CONTINUOUS
100
AcDbLine
 10
2.3736405905511813
 20
0.4876311023622047
 30
0
 11
2.3698740157480316
 21
0.4868818897637795
 31
0
  0
LINE
  5
E4
330
1A
100
AcDbEntity
  8
BLACK
  6
CONTINUOUS
100
AcDbLine
 10
2.3698740157480316
 20
0.4868818897637795
 30
0
 11
2.3344409448818899
 21
0.4868818897637795
 31
0
  0
LINE
  5
E5
330
1A
100
AcDbEntity
  8
BLACK
  6
CONTINUOUS
100
AcDbLine
 10
2.3344409448818899
 20
0.4868818897637795
 30
0
 11
2.3306743700787402
 21
0.4876311023622047
 31
0
  0
LINE
  5
E6
330
1A
100
AcDbEntity
  8
BLACK
  6
CONTINUOUS
100
AcDbLine
 10
2.3306743700787402
 20
0.4876311023622047
 30
0
 11
2.3274812204724409
 21
0.48976468503937
 31
0
  0
LINE
  5
E7
330
1A
100
AcDbEntity
  8
BLACK
  6
CONTINUOUS
100
AcDbLine
 10
2.3274812204724409
 20
0.48976468503937
 30
0
 11
2.3253476377952755
 21
0.4929578346456693
 31
0
  0
LINE
  5
E8
330
1A
100
AcDbEntity
  8
BLACK
  6
CONTINUOUS
100
AcDbLine
 10
2.3253476377952755
 20
0.4929578346456693
 30
0
 11
2.3245984251968506
 21
0.4967244094488189
 31
0
  0
LINE
  5
E9
330
1A
100
AcDbEntity
  8
BLACK
  6
CONTINUOUS
100
AcDbLine
 10
2.3245984251968506
 20
0.4967244094488189
 30
0
 11
2.3245984251968506
 21
0.5173937007874015
 31
0
  0
LINE
  5
EA
330
1A
100
AcDbEntity
  8
BLACK
  6
CONTINUOUS
100
AcDbLine
 10
2.3245984251968506
 20
0.5173937007874015
 30
0
 11
2.3253476377952755
 21
0.5211602755905511
 31
0
  0
LINE
  5
EB
330
1A
100
AcDbEntity
  8
BLACK
  6
CONTINUOUS
100
AcDbLine
 10
2.3253476377952755
 20
0.5211602755905511
 30
0
 11
2.3274812204724409
 21
0.5243534251968504
 31
0
  0
LINE
  5
EC
330
1A
100
AcDbEntity
  8
BLACK
  6
CONTINUOUS
100
AcDbLine
 10
2.3274812204724409
 20
0.5243534251968504
 30
0
 11
2.3306743700787402
 21
0.5264870078740157
 31
0
  0
LINE
  5
ED
330
1A
100
AcDbEntity
  8
BLACK
  6
CONTINUOUS
100
AcDbLine
 10
2.3306743700787402
 20
0.5264870078740157
 30
0
 11
2.3344409448818899
 21
0.5272362204724409
 31
0
  0
LINE
  5
EE
330
1A
100
AcDbEntity
  8
BLACK
  6
CONTINUOUS
100
AcDbLine
 10
2.3344409448818899
 20
0.5272362204724409
 30
0
 11
2.3698740157480316
 21
0.5272362204724409
 31
0
  0
LINE
  5
EF
330
1A
100
AcDbEntity
  8
BLACK
  6
CONTINUOUS
100
AcDbLine
 10
2.3698740157480316
 20
0.5272362204724409
 30
0
 11
2.3736405905511813
 21
0.5264870078740157
 31
0
  0
LINE
  5
F0
330
1A
100
AcDbEntity
  8
BLACK
  6
CONTINUOUS
100
AcDbLine
 10
1.7076248425196849
 20
0.5295185039370078
 30
0
 11
1.7108179921259843
 21
0.5273849212598425
 31
0
  0
LINE
  5
F1
330
1A
100
AcDbEntity
  8
BLACK
  6
CONTINUOUS
100
AcDbLine
 10
1.7108179921259843
 20
0.5273849212598425
 30
0
 11
1.7129515748031496
 21
0.5241917716535432
 31
0
  0
LINE
  5
F2
330
1A
100
AcDbEntity
  8
BLACK
  6
CONTINUOUS
100
AcDbLine
 10
1.7129515748031496
 20
0.5241917716535432
 30
0
 11
1.7137007874015748
 21
0.5204251968503937
 31
0
  0
LINE
  5
F3
330
1A
100
AcDbEntity
  8
BLACK
  6
CONTINUOUS
100
AcDbLine
 10
1.7137007874015748
 20
0.5204251968503937
 30
0
 11
1.7137007874015748
 21
0.500740157480315
 31
0
  0
LINE
  5
F4
330
1A
100
AcDbEntity
  8
BLACK
  6
CONTINUOUS
100
AcDbLine
 10
1.7137007874015748
 20
0.500740157480315
 30
0
 11
1.7129515748031496
 21
0.4969735826771653
 31
0
  0
LINE
  5
F5
330
1A
100
AcDbEntity
  8
BLACK
  6
CONTINUOUS
100
AcDbLine
 10
1.7129515748031496
 20
0.4969735826771653
 30
0
 11
1.7108179921259843
 21
0.4937804330708661
 31
0
  0
LINE
  5
F6
330
1A
100
AcDbEntity
  8
BLACK
  6
CONTINUOUS
100
AcDbLine
 10
1.7108179921259843
 20
0.4937804330708661
 30
0
 11
1.7076248425196849
 21
0.4916468503937008
 31
0
  0
LINE
  5
F7
330
1A
100
AcDbEntity
  8
BLACK
  6
CONTINUOUS
100
AcDbLine
 10
1.7076248425196849
 20
0.4916468503937008
 30
0
 11
1.7038582677165355
 21
0.4908976377952756
 31
0
  0
LINE
  5
F8
330
1A
100
AcDbEntity
  8
BLACK
  6
CONTINUOUS
100
AcDbLine
 10
1.7038582677165355
 20
0.4908976377952756
 30
0
 11
1.6664566929133857
 21
0.4908976377952756
 31
0
  0
LINE
  5
F9
330
1A
100
AcDbEntity
  8
BLACK
  6
CONTINUOUS
100
AcDbLine
 10
1.6664566929133857
 20
0.4908976377952756
 30
0
 11
1.6626901181102363
 21
0.4916468503937008
 31
0
  0
LINE
  5
FA
330
1A
100
AcDbEntity
  8
BLACK
  6
CONTINUOUS
100
AcDbLine
 10
1.6626901181102363
 20
0.4916468503937008
 30
0
 11
1.6594969685039369
 21
0.4937804330708661
 31
0
  0
LINE
  5
FB
330
1A
100
AcDbEntity
  8
BLACK
  6
CONTINUOUS
100
AcDbLine
 10
1.6594969685039369
 20
0.4937804330708661
 30
0
 11
1.6573633858267716
 21
0.4969735826771653
 31
0
  0
LINE
  5
FC
330
1A
100
AcDbEntity
  8
BLACK
  6
CONTINUOUS
100
AcDbLine
 10
1.6573633858267716
 20
0.4969735826771653
 30
0
 11
1.6566141732283464
 21
0.500740157480315
 31
0
  0
LINE
  5
FD
330
1A
100
AcDbEntity
  8
BLACK
  6
CONTINUOUS
100
AcDbLine
 10
1.6566141732283464
 20
0.500740157480315
 30
0
 11
1.6566141732283464
 21
0.5204251968503937
 31
0
  0
LINE
  5
FE
330
1A
100
AcDbEntity
  8
BLACK
  6
CONTINUOUS
100
AcDbLine
 10
1.6566141732283464
 20
0.5204251968503937
 30
0
 11
1.6573633858267716
 21
0.5241917716535432
 31
0
  0
LINE
  5
FF
330
1A
100
AcDbEntity
  8
BLACK
  6
CONTINUOUS
100
AcDbLine
 10
1.6573633858267716
 20
0.5241917716535432
 30
0
 11
1.6594969685039369
 21
0.5273849212598425
 31
0
  0
LINE
  5
100
330
1A
100
AcDbEntity
  8
BLACK
  6
CONTINUOUS
100
AcDbLine
 10
1.6594969685039369
 20
0.5273849212598425
 30
0
 11
1.6626901181102363
 21
0.5295185039370078
 31
0
  0
LINE
  5
101
330
1A
100
AcDbEntity
  8
BLACK
  6
CONTINUOUS
100
AcDbLine
 10
1.6626901181102363
 20
0.5295185039370078
 30
0
 11
1.6664566929133857
 21
0.530267716535433
 31
0
  0
LINE
  5
102
330
1A
100
AcDbEntity
  8
BLACK
  6
CONTINUOUS
100
AcDbLine
 10
1.6664566929133857
 20
0.530267716535433
 30
0
 11
1.7038582677165355
 21
0.530267716535433
 31
0
  0
LINE
  5
103
330
1A
100
AcDbEntity
  8
BLACK
  6
CONTINUOUS
100
AcDbLine
 10
1.7038582677165355
 20
0.530267716535433
 30
0
 11
1.7076248425196849
 21
0.5295185039370078
 31
0
  0
LINE
  5
104
330
1A
100
AcDbEntity
  8
BLACK
  6
CONTINUOUS
100
AcDbLine
 10
1.0321760236220472
 20
0.546809842519685
 30
0
 11
1.0353691732283465
 21
0.5446762598425197
 31
0
  0
LINE
  5
105
330
1A
100
AcDbEntity
  8
BLACK
  6
CONTINUOUS
100
AcDbLine
 10
1.0353691732283465
 20
0.5446762598425197
 30
0
 11
1.0375027559055119
 21
0.5414831102362204
 31
0
  0
LINE
  5
106
330
1A
100
AcDbEntity
  8
BLACK
  6
CONTINUOUS
100
AcDbLine
 10
1.0375027559055119
 20
0.5414831102362204
 30
0
 11
1.0382519685039371
 21
0.5377165354330709
 31
0
  0
LINE
  5
107
330
1A
100
AcDbEntity
  8
BLACK
  6
CONTINUOUS
100
AcDbLine
 10
1.0382519685039371
 20
0.5377165354330709
 30
0
 11
1.0382519685039371
 21
0.5022834645669291
 31
0
  0
LINE
  5
108
330
1A
100
AcDbEntity
  8
BLACK
  6
CONTINUOUS
100
AcDbLine
 10
1.0382519685039371
 20
0.5022834645669291
 30
0
 11
1.0375027559055119
 21
0.4985168897637795
 31
0
  0
LINE
  5
109
330
1A
100
AcDbEntity
  8
BLACK
  6
CONTINUOUS
100
AcDbLine
 10
1.0375027559055119
 20
0.4985168897637795
 30
0
 11
1.0353691732283465
 21
0.4953237401574803
 31
0
  0
LINE
  5
10A
330
1A
100
AcDbEntity
  8
BLACK
  6
CONTINUOUS
100
AcDbLine
 10
1.0353691732283465
 20
0.4953237401574803
 30
0
 11
1.0321760236220472
 21
0.493190157480315
 31
0
  0
LINE
  5
10B
330
1A
100
AcDbEntity
  8
BLACK
  6
CONTINUOUS
100
AcDbLine
 10
1.0321760236220472
 20
0.493190157480315
 30
0
 11
1.0284094488188975
 21
0.4924409448818898
 31
0
  0
LINE
  5
10C
330
1A
100
AcDbEntity
  8
BLACK
  6
CONTINUOUS
100
AcDbLine
 10
1.0284094488188975
 20
0.4924409448818898
 30
0
 11
1.0077401574803149
 21
0.4924409448818898
 31
0
  0
LINE
  5
10D
330
1A
100
AcDbEntity
  8
BLACK
  6
CONTINUOUS
100
AcDbLine
 10
1.0077401574803149
 20
0.4924409448818898
 30
0
 11
1.0039735826771654
 21
0.493190157480315
 31
0
  0
LINE
  5
10E
330
1A
100
AcDbEntity
  8
BLACK
  6
CONTINUOUS
100
AcDbLine
 10
1.0039735826771654
 20
0.493190157480315
 30
0
 11
1.0007804330708661
 21
0.4953237401574803
 31
0
  0
LINE
  5
10F
330
1A
100
AcDbEntity
  8
BLACK
  6
CONTINUOUS
100
AcDbLine
 10
1.0007804330708661
 20
0.4953237401574803
 30
0
 11
0.9986468503937007
 21
0.4985168897637795
 31
0
  0
LINE
  5
110
330
1A
100
AcDbEntity
  8
BLACK
  6
CONTINUOUS
100
AcDbLine
 10
0.9986468503937007
 20
0.4985168897637795
 30
0
 11
0.9978976377952755
 21
0.5022834645669291
 31
0
  0
LINE
  5
111
330
1A
100
AcDbEntity
  8
BLACK
  6
CONTINUOUS
100
AcDbLine
 10
0.9978976377952755
 20
0.5022834645669291
 30
0
 11
0.9978976377952755
 21
0.5377165354330709
 31
0
  0
LINE
  5
112
330
1A
100
AcDbEntity
  8
BLACK
  6
CONTINUOUS
100
AcDbLine
 10
0.9978976377952755
 20
0.5377165354330709
 30
0
 11
0.9986468503937007
 21
0.5414831102362204
 31
0
  0
LINE
  5
113
330
1A
100
AcDbEntity
  8
BLACK
  6
CONTINUOUS
100
AcDbLine
 10
0.9986468503937007
 20
0.5414831102362204
 30
0
 11
1.0007804330708661
 21
0.5446762598425197
 31
0
  0
LINE
  5
114
330
1A
100
AcDbEntity
  8
BLACK
  6
CONTINUOUS
100
AcDbLine
 10
1.0007804330708661
 20
0.5446762598425197
 30
0
 11
1.0039735826771654
 21
0.546809842519685
 31
0
  0
LINE
  5
115
330
1A
100
AcDbEntity
  8
BLACK
  6
CONTINUOUS
100
AcDbLine
 10
1.0039735826771654
 20
0.546809842519685
 30
0
 11
1.0077401574803149
 21
0.5475590551181102
 31
0
  0
LINE
  5
116
330
1A
100
AcDbEntity
  8
BLACK
  6
CONTINUOUS
100
AcDbLine
 10
1.0077401574803149
 20
0.5475590551181102
 30
0
 11
1.0284094488188975
 21
0.5475590551181102
 31
0
  0
LINE
  5
117
330
1A
100
AcDbEntity
  8
BLACK
  6
CONTINUOUS
100
AcDbLine
 10
1.0284094488188975
 20
0.5475590551181102
 30
0
 11
1.0321760236220472
 21
0.546809842519685
 31
0
  0
LINE
  5
118
330
1A
100
AcDbEntity
  8
BLACK
  6
CONTINUOUS
100
AcDbLine
 10
1.1040264173228347
 20
0.546809842519685
 30
0
 11
1.1072195669291338
 21
0.5446762598425197
 31
0
  0
LINE
  5
119
330
1A
100
AcDbEntity
  8
BLACK
  6
CONTINUOUS
100
AcDbLine
 10
1.1072195669291338
 20
0.5446762598425197
 30
0
 11
1.1093531496062992
 21
0.5414831102362204
 31
0
  0
LINE
  5
11A
330
1A
100
AcDbEntity
  8
BLACK
  6
CONTINUOUS
100
AcDbLine
 10
1.1093531496062992
 20
0.5414831102362204
 30
0
 11
1.1101023622047244
 21
0.5377165354330709
 31
0
  0
LINE
  5
11B
330
1A
100
AcDbEntity
  8
BLACK
  6
CONTINUOUS
100
AcDbLine
 10
1.1101023622047244
 20
0.5377165354330709
 30
0
 11
1.1101023622047244
 21
0.5022834645669291
 31
0
  0
LINE
  5
11C
330
1A
100
AcDbEntity
  8
BLACK
  6
CONTINUOUS
100
AcDbLine
 10
1.1101023622047244
 20
0.5022834645669291
 30
0
 11
1.1093531496062992
 21
0.4985168897637795
 31
0
  0
LINE
  5
11D
330
1A
100
AcDbEntity
  8
BLACK
  6
CONTINUOUS
100
AcDbLine
 10
1.1093531496062992
 20
0.4985168897637795
 30
0
 11
1.1072195669291338
 21
0.4953237401574803
 31
0
  0
LINE
  5
11E
330
1A
100
AcDbEntity
  8
BLACK
  6
CONTINUOUS
100
AcDbLine
 10
1.1072195669291338
 20
0.4953237401574803
 30
0
 11
1.1040264173228347
 21
0.493190157480315
 31
0
  0
LINE
  5
11F
330
1A
100
AcDbEntity
  8
BLACK
  6
CONTINUOUS
100
AcDbLine
 10
1.1040264173228347
 20
0.493190157480315
 30
0
 11
1.100259842519685
 21
0.4924409448818898
 31
0
  0
LINE
  5
120
330
1A
100
AcDbEntity
  8
BLACK
  6
CONTINUOUS
100
AcDbLine
 10
1.100259842519685
 20
0.4924409448818898
 30
0
 11
1.0795905511811024
 21
0.4924409448818898
 31
0
  0
LINE
  5
121
330
1A
100
AcDbEntity
  8
BLACK
  6
CONTINUOUS
100
AcDbLine
 10
1.0795905511811024
 20
0.4924409448818898
 30
0
 11
1.0758239763779527
 21
0.493190157480315
 31
0
  0
LINE
  5
122
330
1A
100
AcDbEntity
  8
BLACK
  6
CONTINUOUS
100
AcDbLine
 10
1.0758239763779527
 20
0.493190157480315
 30
0
 11
1.0726308267716536
 21
0.4953237401574803
 31
0
  0
LINE
  5
123
330
1A
100
AcDbEntity
  8
BLACK
  6
CONTINUOUS
100
AcDbLine
 10
1.0726308267716536
 20
0.4953237401574803
 30
0
 11
1.0704972440944882
 21
0.4985168897637795
 31
0
  0
LINE
  5
124
330
1A
100
AcDbEntity
  8
BLACK
  6
CONTINUOUS
100
AcDbLine
 10
1.0704972440944882
 20
0.4985168897637795
 30
0
 11
1.069748031496063
 21
0.5022834645669291
 31
0
  0
LINE
  5
125
330
1A
100
AcDbEntity
  8
BLACK
  6
CONTINUOUS
100
AcDbLine
 10
1.069748031496063
 20
0.5022834645669291
 30
0
 11
1.069748031496063
 21
0.5377165354330709
 31
0
  0
LINE
  5
126
330
1A
100
AcDbEntity
  8
BLACK
  6
CONTINUOUS
100
AcDbLine
 10
1.069748031496063
 20
0.5377165354330709
 30
0
 11
1.0704972440944882
 21
0.5414831102362204
 31
0
  0
LINE
  5
127
330
1A
100
AcDbEntity
  8
BLACK
  6
CONTINUOUS
100
AcDbLine
 10
1.0704972440944882
 20
0.5414831102362204
 30
0
 11
1.0726308267716536
 21
0.5446762598425197
 31
0
  0
LINE
  5
128
330
1A
100
AcDbEntity
  8
BLACK
  6
CONTINUOUS
100
AcDbLine
 10
1.0726308267716536
 20
0.5446762598425197
 30
0
 11
1.0758239763779527
 21
0.546809842519685
 31
0
  0
LINE
  5
129
330
1A
100
AcDbEntity
  8
BLACK
  6
CONTINUOUS
100
AcDbLine
 10
1.0758239763779527
 20
0.546809842519685
 30
0
 11
1.0795905511811024
 21
0.5475590551181102
 31
0
  0
LINE
  5
12A
330
1A
100
AcDbEntity
  8
BLACK
  6
CONTINUOUS
100
AcDbLine
 10
1.0795905511811024
 20
0.5475590551181102
 30
0
 11
1.100259842519685
 21
0.5475590551181102
 31
0
  0
LINE
  5
12B
330
1A
100
AcDbEntity
  8
BLACK
  6
CONTINUOUS
100
AcDbLine
 10
1.100259842519685
 20
0.5475590551181102
 30
0
 11
1.1040264173228347
 21
0.546809842519685
 31
0
  0
LINE
  5
12C
330
1A
100
AcDbEntity
  8
BLACK
  6
CONTINUOUS
100
AcDbLine
 10
0.8473335039370079
 20
0.5468255905511811
 30
0
 11
0.850526653543307
 21
0.5446920078740157
 31
0
  0
LINE
  5
12D
330
1A
100
AcDbEntity
  8
BLACK
  6
CONTINUOUS
100
AcDbLine
 10
0.850526653543307
 20
0.5446920078740157
 30
0
 11
0.8526602362204724
 21
0.5414988582677165
 31
0
  0
LINE
  5
12E
330
1A
100
AcDbEntity
  8
BLACK
  6
CONTINUOUS
100
AcDbLine
 10
0.8526602362204724
 20
0.5414988582677165
 30
0
 11
0.8534094488188976
 21
0.5377322834645669
 31
0
  0
LINE
  5
12F
330
1A
100
AcDbEntity
  8
BLACK
  6
CONTINUOUS
100
AcDbLine
 10
0.8534094488188976
 20
0.5377322834645669
 30
0
 11
0.8534094488188976
 21
0.504267716535433
 31
0
  0
LINE
  5
130
330
1A
100
AcDbEntity
  8
BLACK
  6
CONTINUOUS
100
AcDbLine
 10
0.8534094488188976
 20
0.504267716535433
 30
0
 11
0.8526602362204724
 21
0.5005011417322834
 31
0
  0
LINE
  5
131
330
1A
100
AcDbEntity
  8
BLACK
  6
CONTINUOUS
100
AcDbLine
 10
0.8526602362204724
 20
0.5005011417322834
 30
0
 11
0.850526653543307
 21
0.4973079921259843
 31
0
  0
LINE
  5
132
330
1A
100
AcDbEntity
  8
BLACK
  6
CONTINUOUS
100
AcDbLine
 10
0.850526653543307
 20
0.4973079921259843
 30
0
 11
0.8473335039370079
 21
0.4951744094488189
 31
0
  0
LINE
  5
133
330
1A
100
AcDbEntity
  8
BLACK
  6
CONTINUOUS
100
AcDbLine
 10
0.8473335039370079
 20
0.4951744094488189
 30
0
 11
0.8435669291338582
 21
0.4944251968503937
 31
0
  0
LINE
  5
134
330
1A
100
AcDbEntity
  8
BLACK
  6
CONTINUOUS
100
AcDbLine
 10
0.8435669291338582
 20
0.4944251968503937
 30
0
 11
0.8081338582677166
 21
0.4944251968503937
 31
0
  0
LINE
  5
135
330
1A
100
AcDbEntity
  8
BLACK
  6
CONTINUOUS
100
AcDbLine
 10
0.8081338582677166
 20
0.4944251968503937
 30
0
 11
0.8043672834645669
 21
0.4951744094488189
 31
0
  0
LINE
  5
136
330
1A
100
AcDbEntity
  8
BLACK
  6
CONTINUOUS
100
AcDbLine
 10
0.8043672834645669
 20
0.4951744094488189
 30
0
 11
0.8011741338582677
 21
0.4973079921259843
 31
0
  0
LINE
  5
137
330
1A
100
AcDbEntity
  8
BLACK
  6
CONTINUOUS
100
AcDbLine
 10
0.8011741338582677
 20
0.4973079921259843
 30
0
 11
0.7990405511811024
 21
0.5005011417322834
 31
0
  0
LINE
  5
138
330
1A
100
AcDbEntity
  8
BLACK
  6
CONTINUOUS
100
AcDbLine
 10
0.7990405511811024
 20
0.5005011417322834
 30
0
 11
0.7982913385826772
 21
0.504267716535433
 31
0
  0
LINE
  5
139
330
1A
100
AcDbEntity
  8
BLACK
  6
CONTINUOUS
100
AcDbLine
 10
0.7982913385826772
 20
0.504267716535433
 30
0
 11
0.7982913385826772
 21
0.5377322834645669
 31
0
  0
LINE
  5
13A
330
1A
100
AcDbEntity
  8
BLACK
  6
CONTINUOUS
100
AcDbLine
 10
0.7982913385826772
 20
0.5377322834645669
 30
0
 11
0.7990405511811024
 21
0.5414988582677165
 31
0
  0
LINE
  5
13B
330
1A
100
AcDbEntity
  8
BLACK
  6
CONTINUOUS
100
AcDbLine
 10
0.7990405511811024
 20
0.5414988582677165
 30
0
 11
0.8011741338582677
 21
0.5446920078740157
 31
0
  0
LINE
  5
13C
330
1A
100
AcDbEntity
  8
BLACK
  6
CONTINUOUS
100
AcDbLine
 10
0.8011741338582677
 20
0.5446920078740157
 30
0
 11
0.8043672834645669
 21
0.5468255905511811
 31
0
  0
LINE
  5
13D
330
1A
100
AcDbEntity
  8
BLACK
  6
CONTINUOUS
100
AcDbLine
 10
0.8043672834645669
 20
0.5468255905511811
 30
0
 11
0.8081338582677166
 21
0.5475748031496063
 31
0
  0
LINE
  5
13E
330
1A
100
AcDbEntity
  8
BLACK
  6
CONTINUOUS
100
AcDbLine
 10
0.8081338582677166
 20
0.5475748031496063
 30
0
 11
0.8435669291338582
 21
0.5475748031496063
 31
0
  0
LINE
  5
13F
330
1A
100
AcDbEntity
  8
BLACK
  6
CONTINUOUS
100
AcDbLine
 10
0.8435669291338582
 20
0.5475748031496063
 30
0
 11
0.8473335039370079
 21
0.5468255905511811
 31
0
  0
LINE
  5
140
330
1A
100
AcDbEntity
  8
BLACK
  6
CONTINUOUS
100
AcDbLine
 10
0.953632716535433
 20
0.5468255905511811
 30
0
 11
0.9568258661417323
 21
0.5446920078740157
 31
0
  0
LINE
  5
141
330
1A
100
AcDbEntity
  8
BLACK
  6
CONTINUOUS
100
AcDbLine
 10
0.9568258661417323
 20
0.5446920078740157
 30
0
 11
0.9589594488188976
 21
0.5414988582677165
 31
0
  0
LINE
  5
142
330
1A
100
AcDbEntity
  8
BLACK
  6
CONTINUOUS
100
AcDbLine
 10
0.9589594488188976
 20
0.5414988582677165
 30
0
 11
0.9597086614173228
 21
0.5377322834645669
 31
0
  0
LINE
  5
143
330
1A
100
AcDbEntity
  8
BLACK
  6
CONTINUOUS
100
AcDbLine
 10
0.9597086614173228
 20
0.5377322834645669
 30
0
 11
0.9597086614173228
 21
0.504267716535433
 31
0
  0
LINE
  5
144
330
1A
100
AcDbEntity
  8
BLACK
  6
CONTINUOUS
100
AcDbLine
 10
0.9597086614173228
 20
0.504267716535433
 30
0
 11
0.9589594488188976
 21
0.5005011417322834
 31
0
  0
LINE
  5
145
330
1A
100
AcDbEntity
  8
BLACK
  6
CONTINUOUS
100
AcDbLine
 10
0.9589594488188976
 20
0.5005011417322834
 30
0
 11
0.9568258661417323
 21
0.4973079921259843
 31
0
  0
LINE
  5
146
330
1A
100
AcDbEntity
  8
BLACK
  6
CONTINUOUS
100
AcDbLine
 10
0.9568258661417323
 20
0.4973079921259843
 30
0
 11
0.953632716535433
 21
0.4951744094488189
 31
0
  0
LINE
  5
147
330
1A
100
AcDbEntity
  8
BLACK
  6
CONTINUOUS
100
AcDbLine
 10
0.953632716535433
 20
0.4951744094488189
 30
0
 11
0.9498661417322835
 21
0.4944251968503937
 31
0
  0
LINE
  5
148
330
1A
100
AcDbEntity
  8
BLACK
  6
CONTINUOUS
100
AcDbLine
 10
0.9498661417322835
 20
0.4944251968503937
 30
0
 11
0.9144330708661417
 21
0.4944251968503937
 31
0
  0
LINE
  5
149
330
1A
100
AcDbEntity
  8
BLACK
  6
CONTINUOUS
100
AcDbLine
 10
0.9144330708661417
 20
0.4944251968503937
 30
0
 11
0.9106664960629921
 21
0.4951744094488189
 31
0
  0
LINE
  5
14A
330
1A
100
AcDbEntity
  8
BLACK
  6
CONTINUOUS
100
AcDbLine
 10
0.9106664960629921
 20
0.4951744094488189
 30
0
 11
0.9074733464566929
 21
0.4973079921259843
 31
0
  0
LINE
  5
14B
330
1A
100
AcDbEntity
  8
BLACK
  6
CONTINUOUS
100
AcDbLine
 10
0.9074733464566929
 20
0.4973079921259843
 30
0
 11
0.9053397637795275
 21
0.5005011417322834
 31
0
  0
LINE
  5
14C
330
1A
100
AcDbEntity
  8
BLACK
  6
CONTINUOUS
100
AcDbLine
 10
0.9053397637795275
 20
0.5005011417322834
 30
0
 11
0.9045905511811023
 21
0.504267716535433
 31
0
  0
LINE
  5
14D
330
1A
100
AcDbEntity
  8
BLACK
  6
CONTINUOUS
100
AcDbLine
 10
0.9045905511811023
 20
0.504267716535433
 30
0
 11
0.9045905511811023
 21
0.5377322834645669
 31
0
  0
LINE
  5
14E
330
1A
100
AcDbEntity
  8
BLACK
  6
CONTINUOUS
100
AcDbLine
 10
0.9045905511811023
 20
0.5377322834645669
 30
0
 11
0.9053397637795275
 21
0.5414988582677165
 31
0
  0
LINE
  5
14F
330
1A
100
AcDbEntity
  8
BLACK
  6
CONTINUOUS
100
AcDbLine
 10
0.9053397637795275
 20
0.5414988582677165
 30
0
 11
0.9074733464566929
 21
0.5446920078740157
 31
0
  0
LINE
  5
150
330
1A
100
AcDbEntity
  8
BLACK
  6
CONTINUOUS
100
AcDbLine
 10
0.9074733464566929
 20
0.5446920078740157
 30
0
 11
0.9106664960629921
 21
0.5468255905511811
 31
0
  0
LINE
  5
151
330
1A
100
AcDbEntity
  8
BLACK
  6
CONTINUOUS
100
AcDbLine
 10
0.9106664960629921
 20
0.5468255905511811
 30
0
 11
0.9144330708661417
 21
0.5475748031496063
 31
0
  0
LINE
  5
152
330
1A
100
AcDbEntity
  8
BLACK
  6
CONTINUOUS
100
AcDbLine
 10
0.9144330708661417
 20
0.5475748031496063
 30
0
 11
0.9498661417322835
 21
0.5475748031496063
 31
0
  0
LINE
  5
153
330
1A
100
AcDbEntity
  8
BLACK
  6
CONTINUOUS
100
AcDbLine
 10
0.9498661417322835
 20
0.5475748031496063
 30
0
 11
0.953632716535433
 21
0.5468255905511811
 31
0
  0
LINE
  5
154
330
1A
100
AcDbEntity
  8
BLACK
  6
CONTINUOUS
100
AcDbLine
 10
1.5514831102362205
 20
0.5925027559055118
 30
0
 11
1.5546762598425197
 21
0.5903691732283465
 31
0
  0
LINE
  5
155
330
1A
100
AcDbEntity
  8
BLACK
  6
CONTINUOUS
100
AcDbLine
 10
1.5546762598425197
 20
0.5903691732283465
 30
0
 11
1.556809842519685
 21
0.5871760236220472
 31
0
  0
LINE
  5
156
330
1A
100
AcDbEntity
  8
BLACK
  6
CONTINUOUS
100
AcDbLine
 10
1.556809842519685
 20
0.5871760236220472
 30
0
 11
1.5575590551181102
 21
0.5834094488188977
 31
0
  0
LINE
  5
157
330
1A
100
AcDbEntity
  8
BLACK
  6
CONTINUOUS
100
AcDbLine
 10
1.5575590551181102
 20
0.5834094488188977
 30
0
 11
1.5575590551181102
 21
0.5627401574803149
 31
0
  0
LINE
  5
158
330
1A
100
AcDbEntity
  8
BLACK
  6
CONTINUOUS
100
AcDbLine
 10
1.5575590551181102
 20
0.5627401574803149
 30
0
 11
1.556809842519685
 21
0.5589735826771653
 31
0
  0
LINE
  5
159
330
1A
100
AcDbEntity
  8
BLACK
  6
CONTINUOUS
100
AcDbLine
 10
1.556809842519685
 20
0.5589735826771653
 30
0
 11
1.5546762598425197
 21
0.5557804330708661
 31
0
  0
LINE
  5
15A
330
1A
100
AcDbEntity
  8
BLACK
  6
CONTINUOUS
100
AcDbLine
 10
1.5546762598425197
 20
0.5557804330708661
 30
0
 11
1.5514831102362205
 21
0.5536468503937008
 31
0
  0
LINE
  5
15B
330
1A
100
AcDbEntity
  8
BLACK
  6
CONTINUOUS
100
AcDbLine
 10
1.5514831102362205
 20
0.5536468503937008
 30
0
 11
1.5477165354330709
 21
0.5528976377952756
 31
0
  0
LINE
  5
15C
330
1A
100
AcDbEntity
  8
BLACK
  6
CONTINUOUS
100
AcDbLine
 10
1.5477165354330709
 20
0.5528976377952756
 30
0
 11
1.5122834645669292
 21
0.5528976377952756
 31
0
  0
LINE
  5
15D
330
1A
100
AcDbEntity
  8
BLACK
  6
CONTINUOUS
100
AcDbLine
 10
1.5122834645669292
 20
0.5528976377952756
 30
0
 11
1.5085168897637795
 21
0.5536468503937008
 31
0
  0
LINE
  5
15E
330
1A
100
AcDbEntity
  8
BLACK
  6
CONTINUOUS
100
AcDbLine
 10
1.5085168897637795
 20
0.5536468503937008
 30
0
 11
1.5053237401574804
 21
0.5557804330708661
 31
0
  0
LINE
  5
15F
330
1A
100
AcDbEntity
  8
BLACK
  6
CONTINUOUS
100
AcDbLine
 10
1.5053237401574804
 20
0.5557804330708661
 30
0
 11
1.503190157480315
 21
0.5589735826771653
 31
0
  0
LINE
  5
160
330
1A
100
AcDbEntity
  8
BLACK
  6
CONTINUOUS
100
AcDbLine
 10
1.503190157480315
 20
0.5589735826771653
 30
0
 11
1.5024409448818898
 21
0.5627401574803149
 31
0
  0
LINE
  5
161
330
1A
100
AcDbEntity
  8
BLACK
  6
CONTINUOUS
100
AcDbLine
 10
1.5024409448818898
 20
0.5627401574803149
 30
0
 11
1.5024409448818898
 21
0.5834094488188977
 31
0
  0
LINE
  5
162
330
1A
100
AcDbEntity
  8
BLACK
  6
CONTINUOUS
100
AcDbLine
 10
1.5024409448818898
 20
0.5834094488188977
 30
0
 11
1.503190157480315
 21
0.5871760236220472
 31
0
  0
LINE
  5
163
330
1A
100
AcDbEntity
  8
BLACK
  6
CONTINUOUS
100
AcDbLine
 10
1.503190157480315
 20
0.5871760236220472
 30
0
 11
1.5053237401574804
 21
0.5903691732283465
 31
0
  0
LINE
  5
164
330
1A
100
AcDbEntity
  8
BLACK
  6
CONTINUOUS
100
AcDbLine
 10
1.5053237401574804
 20
0.5903691732283465
 30
0
 11
1.5085168897637795
 21
0.5925027559055118
 31
0
  0
LINE
  5
165
330
1A
100
AcDbEntity
  8
BLACK
  6
CONTINUOUS
100
AcDbLine
 10
1.5085168897637795
 20
0.5925027559055118
 30
0
 11
1.5122834645669292
 21
0.593251968503937
 31
0
  0
LINE
  5
166
330
1A
100
AcDbEntity
  8
BLACK
  6
CONTINUOUS
100
AcDbLine
 10
1.5122834645669292
 20
0.593251968503937
 30
0
 11
1.5477165354330709
 21
0.593251968503937
 31
0
  0
LINE
  5
167
330
1A
100
AcDbEntity
  8
BLACK
  6
CONTINUOUS
100
AcDbLine
 10
1.5477165354330709
 20
0.593251968503937
 30
0
 11
1.5514831102362205
 21
0.5925027559055118
 31
0
  0
LINE
  5
168
330
1A
100
AcDbEntity
  8
BLACK
  6
CONTINUOUS
100
AcDbLine
 10
2.3736405905511813
 20
0.5983374015748031
 30
0
 11
2.3768337401574802
 21
0.5962038188976377
 31
0
  0
LINE
  5
169
330
1A
100
AcDbEntity
  8
BLACK
  6
CONTINUOUS
100
AcDbLine
 10
2.3768337401574802
 20
0.5962038188976377
 30
0
 11
2.3789673228346455
 21
0.5930106692913386
 31
0
  0
LINE
  5
16A
330
1A
100
AcDbEntity
  8
BLACK
  6
CONTINUOUS
100
AcDbLine
 10
2.3789673228346455
 20
0.5930106692913386
 30
0
 11
2.3797165354330709
 21
0.5892440944881889
 31
0
  0
LINE
  5
16B
330
1A
100
AcDbEntity
  8
BLACK
  6
CONTINUOUS
100
AcDbLine
 10
2.3797165354330709
 20
0.5892440944881889
 30
0
 11
2.3797165354330709
 21
0.5685748031496063
 31
0
  0
LINE
  5
16C
330
1A
100
AcDbEntity
  8
BLACK
  6
CONTINUOUS
100
AcDbLine
 10
2.3797165354330709
 20
0.5685748031496063
 30
0
 11
2.3789673228346455
 21
0.5648082283464567
 31
0
  0
LINE
  5
16D
330
1A
100
AcDbEntity
  8
BLACK
  6
CONTINUOUS
100
AcDbLine
 10
2.3789673228346455
 20
0.5648082283464567
 30
0
 11
2.3768337401574802
 21
0.5616150787401575
 31
0
  0
LINE
  5
16E
330
1A
100
AcDbEntity
  8
BLACK
  6
CONTINUOUS
100
AcDbLine
 10
2.3768337401574802
 20
0.5616150787401575
 30
0
 11
2.3736405905511813
 21
0.5594814960629921
 31
0
  0
LINE
  5
16F
330
1A
100
AcDbEntity
  8
BLACK
  6
CONTINUOUS
100
AcDbLine
 10
2.3736405905511813
 20
0.5594814960629921
 30
0
 11
2.3698740157480316
 21
0.5587322834645669
 31
0
  0
LINE
  5
170
330
1A
100
AcDbEntity
  8
BLACK
  6
CONTINUOUS
100
AcDbLine
 10
2.3698740157480316
 20
0.5587322834645669
 30
0
 11
2.3344409448818899
 21
0.5587322834645669
 31
0
  0
LINE
  5
171
330
1A
100
AcDbEntity
  8
BLACK
  6
CONTINUOUS
100
AcDbLine
 10
2.3344409448818899
 20
0.5587322834645669
 30
0
 11
2.3306743700787402
 21
0.5594814960629921
 31
0
  0
LINE
  5
172
330
1A
100
AcDbEntity
  8
BLACK
  6
CONTINUOUS
100
AcDbLine
 10
2.3306743700787402
 20
0.5594814960629921
 30
0
 11
2.3274812204724409
 21
0.5616150787401575
 31
0
  0
LINE
  5
173
330
1A
100
AcDbEntity
  8
BLACK
  6
CONTINUOUS
100
AcDbLine
 10
2.3274812204724409
 20
0.5616150787401575
 30
0
 11
2.3253476377952755
 21
0.5648082283464567
 31
0
  0
LINE
  5
174
330
1A
100
AcDbEntity
  8
BLACK
  6
CONTINUOUS
100
AcDbLine
 10
2.3253476377952755
 20
0.5648082283464567
 30
0
 11
2.3245984251968506
 21
0.5685748031496063
 31
0
  0
LINE
  5
175
330
1A
100
AcDbEntity
  8
BLACK
  6
CONTINUOUS
100
AcDbLine
 10
2.3245984251968506
 20
0.5685748031496063
 30
0
 11
2.3245984251968506
 21
0.5892440944881889
 31
0
  0
LINE
  5
176
330
1A
100
AcDbEntity
  8
BLACK
  6
CONTINUOUS
100
AcDbLine
 10
2.3245984251968506
 20
0.5892440944881889
 30
0
 11
2.3253476377952755
 21
0.5930106692913386
 31
0
  0
LINE
  5
177
330
1A
100
AcDbEntity
  8
BLACK
  6
CONTINUOUS
100
AcDbLine
 10
2.3253476377952755
 20
0.5930106692913386
 30
0
 11
2.3274812204724409
 21
0.5962038188976377
 31
0
  0
LINE
  5
178
330
1A
100
AcDbEntity
  8
BLACK
  6
CONTINUOUS
100
AcDbLine
 10
2.3274812204724409
 20
0.5962038188976377
 30
0
 11
2.3306743700787402
 21
0.5983374015748031
 31
0
  0
LINE
  5
179
330
1A
100
AcDbEntity
  8
BLACK
  6
CONTINUOUS
100
AcDbLine
 10
2.3306743700787402
 20
0.5983374015748031
 30
0
 11
2.3344409448818899
 21
0.5990866141732283
 31
0
  0
LINE
  5
17A
330
1A
100
AcDbEntity
  8
BLACK
  6
CONTINUOUS
100
AcDbLine
 10
2.3344409448818899
 20
0.5990866141732283
 30
0
 11
2.3698740157480316
 21
0.5990866141732283
 31
0
  0
LINE
  5
17B
330
1A
100
AcDbEntity
  8
BLACK
  6
CONTINUOUS
100
AcDbLine
 10
2.3698740157480316
 20
0.5990866141732283
 30
0
 11
2.3736405905511813
 21
0.5983374015748031
 31
0
  0
LINE
  5
17C
330
1A
100
AcDbEntity
  8
BLACK
  6
CONTINUOUS
100
AcDbLine
 10
2.2846248425196851
 20
0.599321653543307
 30
0
 11
2.287817992125984
 21
0.5971880708661417
 31
0
  0
LINE
  5
17D
330
1A
100
AcDbEntity
  8
BLACK
  6
CONTINUOUS
100
AcDbLine
 10
2.287817992125984
 20
0.5971880708661417
 30
0
 11
2.2899515748031494
 21
0.5939949212598425
 31
0
  0
LINE
  5
17E
330
1A
100
AcDbEntity
  8
BLACK
  6
CONTINUOUS
100
AcDbLine
 10
2.2899515748031494
 20
0.5939949212598425
 30
0
 11
2.2907007874015748
 21
0.5902283464566929
 31
0
  0
LINE
  5
17F
330
1A
100
AcDbEntity
  8
BLACK
  6
CONTINUOUS
100
AcDbLine
 10
2.2907007874015748
 20
0.5902283464566929
 30
0
 11
2.2907007874015748
 21
0.5705433070866142
 31
0
  0
LINE
  5
180
330
1A
100
AcDbEntity
  8
BLACK
  6
CONTINUOUS
100
AcDbLine
 10
2.2907007874015748
 20
0.5705433070866142
 30
0
 11
2.2899515748031494
 21
0.5667767322834646
 31
0
  0
LINE
  5
181
330
1A
100
AcDbEntity
  8
BLACK
  6
CONTINUOUS
100
AcDbLine
 10
2.2899515748031494
 20
0.5667767322834646
 30
0
 11
2.287817992125984
 21
0.5635835826771654
 31
0
  0
LINE
  5
182
330
1A
100
AcDbEntity
  8
BLACK
  6
CONTINUOUS
100
AcDbLine
 10
2.287817992125984
 20
0.5635835826771654
 30
0
 11
2.2846248425196851
 21
0.56145
 31
0
  0
LINE
  5
183
330
1A
100
AcDbEntity
  8
BLACK
  6
CONTINUOUS
100
AcDbLine
 10
2.2846248425196851
 20
0.56145
 30
0
 11
2.2808582677165354
 21
0.5607007874015748
 31
0
  0
LINE
  5
184
330
1A
100
AcDbEntity
  8
BLACK
  6
CONTINUOUS
100
AcDbLine
 10
2.2808582677165354
 20
0.5607007874015748
 30
0
 11
2.2434566929133859
 21
0.5607007874015748
 31
0
  0
LINE
  5
185
330
1A
100
AcDbEntity
  8
BLACK
  6
CONTINUOUS
100
AcDbLine
 10
2.2434566929133859
 20
0.5607007874015748
 30
0
 11
2.2396901181102362
 21
0.56145
 31
0
  0
LINE
  5
186
330
1A
100
AcDbEntity
  8
BLACK
  6
CONTINUOUS
100
AcDbLine
 10
2.2396901181102362
 20
0.56145
 30
0
 11
2.2364969685039369
 21
0.5635835826771654
 31
0
  0
LINE
  5
187
330
1A
100
AcDbEntity
  8
BLACK
  6
CONTINUOUS
100
AcDbLine
 10
2.2364969685039369
 20
0.5635835826771654
 30
0
 11
2.2343633858267715
 21
0.5667767322834646
 31
0
  0
LINE
  5
188
330
1A
100
AcDbEntity
  8
BLACK
  6
CONTINUOUS
100
AcDbLine
 10
2.2343633858267715
 20
0.5667767322834646
 30
0
 11
2.2336141732283465
 21
0.5705433070866142
 31
0
  0
LINE
  5
189
330
1A
100
AcDbEntity
  8
BLACK
  6
CONTINUOUS
100
AcDbLine
 10
2.2336141732283465
 20
0.5705433070866142
 30
0
 11
2.2336141732283465
 21
0.5902283464566929
 31
0
  0
LINE
  5
18A
330
1A
100
AcDbEntity
  8
BLACK
  6
CONTINUOUS
100
AcDbLine
 10
2.2336141732283465
 20
0.5902283464566929
 30
0
 11
2.2343633858267715
 21
0.5939949212598425
 31
0
  0
LINE
  5
18B
330
1A
100
AcDbEntity
  8
BLACK
  6
CONTINUOUS
100
AcDbLine
 10
2.2343633858267715
 20
0.5939949212598425
 30
0
 11
2.2364969685039369
 21
0.5971880708661417
 31
0
  0
LINE
  5
18C
330
1A
100
AcDbEntity
  8
BLACK
  6
CONTINUOUS
100
AcDbLine
 10
2.2364969685039369
 20
0.5971880708661417
 30
0
 11
2.2396901181102362
 21
0.599321653543307
 31
0
  0
LINE
  5
18D
330
1A
100
AcDbEntity
  8
BLACK
  6
CONTINUOUS
100
AcDbLine
 10
2.2396901181102362
 20
0.599321653543307
 30
0
 11
2.2434566929133859
 21
0.6000708661417322
 31
0
  0
LINE
  5
18E
330
1A
100
AcDbEntity
  8
BLACK
  6
CONTINUOUS
100
AcDbLine
 10
2.2434566929133859
 20
0.6000708661417322
 30
0
 11
2.2808582677165354
 21
0.6000708661417322
 31
0
  0
LINE
  5
18F
330
1A
100
AcDbEntity
  8
BLACK
  6
CONTINUOUS
100
AcDbLine
 10
2.2808582677165354
 20
0.6000708661417322
 30
0
 11
2.2846248425196851
 21
0.599321653543307
 31
0
  0
LINE
  5
190
330
1A
100
AcDbEntity
  8
BLACK
  6
CONTINUOUS
100
AcDbLine
 10
1.7076248425196849
 20
0.604321653543307
 30
0
 11
1.7108179921259843
 21
0.6021880708661417
 31
0
  0
LINE
  5
191
330
1A
100
AcDbEntity
  8
BLACK
  6
CONTINUOUS
100
AcDbLine
 10
1.7108179921259843
 20
0.6021880708661417
 30
0
 11
1.7129515748031496
 21
0.5989949212598425
 31
0
  0
LINE
  5
192
330
1A
100
AcDbEntity
  8
BLACK
  6
CONTINUOUS
100
AcDbLine
 10
1.7129515748031496
 20
0.5989949212598425
 30
0
 11
1.7137007874015748
 21
0.5952283464566929
 31
0
  0
LINE
  5
193
330
1A
100
AcDbEntity
  8
BLACK
  6
CONTINUOUS
100
AcDbLine
 10
1.7137007874015748
 20
0.5952283464566929
 30
0
 11
1.7137007874015748
 21
0.5755433070866142
 31
0
  0
LINE
  5
194
330
1A
100
AcDbEntity
  8
BLACK
  6
CONTINUOUS
100
AcDbLine
 10
1.7137007874015748
 20
0.5755433070866142
 30
0
 11
1.7129515748031496
 21
0.5717767322834646
 31
0
  0
LINE
  5
195
330
1A
100
AcDbEntity
  8
BLACK
  6
CONTINUOUS
100
AcDbLine
 10
1.7129515748031496
 20
0.5717767322834646
 30
0
 11
1.7108179921259843
 21
0.5685835826771654
 31
0
  0
LINE
  5
196
330
1A
100
AcDbEntity
  8
BLACK
  6
CONTINUOUS
100
AcDbLine
 10
1.7108179921259843
 20
0.5685835826771654
 30
0
 11
1.7076248425196849
 21
0.56645
 31
0
  0
LINE
  5
197
330
1A
100
AcDbEntity
  8
BLACK
  6
CONTINUOUS
100
AcDbLine
 10
1.7076248425196849
 20
0.56645
 30
0
 11
1.7038582677165355
 21
0.5657007874015748
 31
0
  0
LINE
  5
198
330
1A
100
AcDbEntity
  8
BLACK
  6
CONTINUOUS
100
AcDbLine
 10
1.7038582677165355
 20
0.5657007874015748
 30
0
 11
1.6664566929133857
 21
0.5657007874015748
 31
0
  0
LINE
  5
199
330
1A
100
AcDbEntity
  8
BLACK
  6
CONTINUOUS
100
AcDbLine
 10
1.6664566929133857
 20
0.5657007874015748
 30
0
 11
1.6626901181102363
 21
0.56645
 31
0
  0
LINE
  5
19A
330
1A
100
AcDbEntity
  8
BLACK
  6
CONTINUOUS
100
AcDbLine
 10
1.6626901181102363
 20
0.56645
 30
0
 11
1.6594969685039369
 21
0.5685835826771654
 31
0
  0
LINE
  5
19B
330
1A
100
AcDbEntity
  8
BLACK
  6
CONTINUOUS
100
AcDbLine
 10
1.6594969685039369
 20
0.5685835826771654
 30
0
 11
1.6573633858267716
 21
0.5717767322834646
 31
0
  0
LINE
  5
19C
330
1A
100
AcDbEntity
  8
BLACK
  6
CONTINUOUS
100
AcDbLine
 10
1.6573633858267716
 20
0.5717767322834646
 30
0
 11
1.6566141732283464
 21
0.5755433070866142
 31
0
  0
LINE
  5
19D
330
1A
100
AcDbEntity
  8
BLACK
  6
CONTINUOUS
100
AcDbLine
 10
1.6566141732283464
 20
0.5755433070866142
 30
0
 11
1.6566141732283464
 21
0.5952283464566929
 31
0
  0
LINE
  5
19E
330
1A
100
AcDbEntity
  8
BLACK
  6
CONTINUOUS
100
AcDbLine
 10
1.6566141732283464
 20
0.5952283464566929
 30
0
 11
1.6573633858267716
 21
0.5989949212598425
 31
0
  0
LINE
  5
19F
330
1A
100
AcDbEntity
  8
BLACK
  6
CONTINUOUS
100
AcDbLine
 10
1.6573633858267716
 20
0.5989949212598425
 30
0
 11
1.6594969685039369
 21
0.6021880708661417
 31
0
  0
LINE
  5
1A0
330
1A
100
AcDbEntity
  8
BLACK
  6
CONTINUOUS
100
AcDbLine
 10
1.6594969685039369
 20
0.6021880708661417
 30
0
 11
1.6626901181102363
 21
0.604321653543307
 31
0
  0
LINE
  5
1A1
330
1A
100
AcDbEntity
  8
BLACK
  6
CONTINUOUS
100
AcDbLine
 10
1.6626901181102363
 20
0.604321653543307
 30
0
 11
1.6664566929133857
 21
0.6050708661417322
 31
0
  0
LINE
  5
1A2
330
1A
100
AcDbEntity
  8
BLACK
  6
CONTINUOUS
100
AcDbLine
 10
1.6664566929133857
 20
0.6050708661417322
 30
0
 11
1.7038582677165355
 21
0.6050708661417322
 31
0
  0
LINE
  5
1A3
330
1A
100
AcDbEntity
  8
BLACK
  6
CONTINUOUS
100
AcDbLine
 10
1.7038582677165355
 20
0.6050708661417322
 30
0
 11
1.7076248425196849
 21
0.604321653543307
 31
0
  0
LINE
  5
1A4
330
1A
100
AcDbEntity
  8
BLACK
  6
CONTINUOUS
100
AcDbLine
 10
2.0714831102362203
 20
0.6155027559055118
 30
0
 11
2.0746762598425197
 21
0.6133691732283465
 31
0
  0
LINE
  5
1A5
330
1A
100
AcDbEntity
  8
BLACK
  6
CONTINUOUS
100
AcDbLine
 10
2.0746762598425197
 20
0.6133691732283465
 30
0
 11
2.076809842519685
 21
0.6101760236220473
 31
0
  0
LINE
  5
1A6
330
1A
100
AcDbEntity
  8
BLACK
  6
CONTINUOUS
100
AcDbLine
 10
2.076809842519685
 20
0.6101760236220473
 30
0
 11
2.07755905511811
 21
0.6064094488188976
 31
0
  0
LINE
  5
1A7
330
1A
100
AcDbEntity
  8
BLACK
  6
CONTINUOUS
100
AcDbLine
 10
2.07755905511811
 20
0.6064094488188976
 30
0
 11
2.07755905511811
 21
0.5857401574803149
 31
0
  0
LINE
  5
1A8
330
1A
100
AcDbEntity
  8
BLACK
  6
CONTINUOUS
100
AcDbLine
 10
2.07755905511811
 20
0.5857401574803149
 30
0
 11
2.076809842519685
 21
0.5819735826771654
 31
0
  0
LINE
  5
1A9
330
1A
100
AcDbEntity
  8
BLACK
  6
CONTINUOUS
100
AcDbLine
 10
2.076809842519685
 20
0.5819735826771654
 30
0
 11
2.0746762598425197
 21
0.5787804330708661
 31
0
  0
LINE
  5
1AA
330
1A
100
AcDbEntity
  8
BLACK
  6
CONTINUOUS
100
AcDbLine
 10
2.0746762598425197
 20
0.5787804330708661
 30
0
 11
2.0714831102362203
 21
0.5766468503937008
 31
0
  0
LINE
  5
1AB
330
1A
100
AcDbEntity
  8
BLACK
  6
CONTINUOUS
100
AcDbLine
 10
2.0714831102362203
 20
0.5766468503937008
 30
0
 11
2.0677165354330707
 21
0.5758976377952756
 31
0
  0
LINE
  5
1AC
330
1A
100
AcDbEntity
  8
BLACK
  6
CONTINUOUS
100
AcDbLine
 10
2.0677165354330707
 20
0.5758976377952756
 30
0
 11
2.032283464566929
 21
0.5758976377952756
 31
0
  0
LINE
  5
1AD
330
1A
100
AcDbEntity
  8
BLACK
  6
CONTINUOUS
100
AcDbLine
 10
2.032283464566929
 20
0.5758976377952756
 30
0
 11
2.0285168897637793
 21
0.5766468503937008
 31
0
  0
LINE
  5
1AE
330
1A
100
AcDbEntity
  8
BLACK
  6
CONTINUOUS
100
AcDbLine
 10
2.0285168897637793
 20
0.5766468503937008
 30
0
 11
2.0253237401574804
 21
0.5787804330708661
 31
0
  0
LINE
  5
1AF
330
1A
100
AcDbEntity
  8
BLACK
  6
CONTINUOUS
100
AcDbLine
 10
2.0253237401574804
 20
0.5787804330708661
 30
0
 11
2.0231901574803151
 21
0.5819735826771654
 31
0
  0
LINE
  5
1B0
330
1A
100
AcDbEntity
  8
BLACK
  6
CONTINUOUS
100
AcDbLine
 10
2.0231901574803151
 20
0.5819735826771654
 30
0
 11
2.0224409448818896
 21
0.5857401574803149
 31
0
  0
LINE
  5
1B1
330
1A
100
AcDbEntity
  8
BLACK
  6
CONTINUOUS
100
AcDbLine
 10
2.0224409448818896
 20
0.5857401574803149
 30
0
 11
2.0224409448818896
 21
0.6064094488188976
 31
0
  0
LINE
  5
1B2
330
1A
100
AcDbEntity
  8
BLACK
  6
CONTINUOUS
100
AcDbLine
 10
2.0224409448818896
 20
0.6064094488188976
 30
0
 11
2.0231901574803151
 21
0.6101760236220473
 31
0
  0
LINE
  5
1B3
330
1A
100
AcDbEntity
  8
BLACK
  6
CONTINUOUS
100
AcDbLine
 10
2.0231901574803151
 20
0.6101760236220473
 30
0
 11
2.0253237401574804
 21
0.6133691732283465
 31
0
  0
LINE
  5
1B4
330
1A
100
AcDbEntity
  8
BLACK
  6
CONTINUOUS
100
AcDbLine
 10
2.0253237401574804
 20
0.6133691732283465
 30
0
 11
2.0285168897637793
 21
0.6155027559055118
 31
0
  0
LINE
  5
1B5
330
1A
100
AcDbEntity
  8
BLACK
  6
CONTINUOUS
100
AcDbLine
 10
2.0285168897637793
 20
0.6155027559055118
 30
0
 11
2.032283464566929
 21
0.616251968503937
 31
0
  0
LINE
  5
1B6
330
1A
100
AcDbEntity
  8
BLACK
  6
CONTINUOUS
100
AcDbLine
 10
2.032283464566929
 20
0.616251968503937
 30
0
 11
2.0677165354330707
 21
0.616251968503937
 31
0
  0
LINE
  5
1B7
330
1A
100
AcDbEntity
  8
BLACK
  6
CONTINUOUS
100
AcDbLine
 10
2.0677165354330707
 20
0.616251968503937
 30
0
 11
2.0714831102362203
 21
0.6155027559055118
 31
0
  0
LINE
  5
1B8
330
1A
100
AcDbEntity
  8
BLACK
  6
CONTINUOUS
100
AcDbLine
 10
0.8782075196850393
 20
0.6337940944881889
 30
0
 11
0.8814006692913385
 21
0.6316605118110236
 31
0
  0
LINE
  5
1B9
330
1A
100
AcDbEntity
  8
BLACK
  6
CONTINUOUS
100
AcDbLine
 10
0.8814006692913385
 20
0.6316605118110236
 30
0
 11
0.8835342519685039
 21
0.6284673622047244
 31
0
  0
LINE
  5
1BA
330
1A
100
AcDbEntity
  8
BLACK
  6
CONTINUOUS
100
AcDbLine
 10
0.8835342519685039
 20
0.6284673622047244
 30
0
 11
0.8842834645669291
 21
0.6247007874015748
 31
0
  0
LINE
  5
1BB
330
1A
100
AcDbEntity
  8
BLACK
  6
CONTINUOUS
100
AcDbLine
 10
0.8842834645669291
 20
0.6247007874015748
 30
0
 11
0.8842834645669291
 21
0.5872992125984252
 31
0
  0
LINE
  5
1BC
330
1A
100
AcDbEntity
  8
BLACK
  6
CONTINUOUS
100
AcDbLine
 10
0.8842834645669291
 20
0.5872992125984252
 30
0
 11
0.8835342519685039
 21
0.5835326377952755
 31
0
  0
LINE
  5
1BD
330
1A
100
AcDbEntity
  8
BLACK
  6
CONTINUOUS
100
AcDbLine
 10
0.8835342519685039
 20
0.5835326377952755
 30
0
 11
0.8814006692913385
 21
0.5803394881889764
 31
0
  0
LINE
  5
1BE
330
1A
100
AcDbEntity
  8
BLACK
  6
CONTINUOUS
100
AcDbLine
 10
0.8814006692913385
 20
0.5803394881889764
 30
0
 11
0.8782075196850393
 21
0.5782059055118111
 31
0
  0
LINE
  5
1BF
330
1A
100
AcDbEntity
  8
BLACK
  6
CONTINUOUS
100
AcDbLine
 10
0.8782075196850393
 20
0.5782059055118111
 30
0
 11
0.8744409448818897
 21
0.5774566929133859
 31
0
  0
LINE
  5
1C0
330
1A
100
AcDbEntity
  8
BLACK
  6
CONTINUOUS
100
AcDbLine
 10
0.8744409448818897
 20
0.5774566929133859
 30
0
 11
0.854755905511811
 21
0.5774566929133859
 31
0
  0
LINE
  5
1C1
330
1A
100
AcDbEntity
  8
BLACK
  6
CONTINUOUS
100
AcDbLine
 10
0.854755905511811
 20
0.5774566929133859
 30
0
 11
0.8509893307086615
 21
0.5782059055118111
 31
0
  0
LINE
  5
1C2
330
1A
100
AcDbEntity
  8
BLACK
  6
CONTINUOUS
100
AcDbLine
 10
0.8509893307086615
 20
0.5782059055118111
 30
0
 11
0.8477961811023622
 21
0.5803394881889764
 31
0
  0
LINE
  5
1C3
330
1A
100
AcDbEntity
  8
BLACK
  6
CONTINUOUS
100
AcDbLine
 10
0.8477961811023622
 20
0.5803394881889764
 30
0
 11
0.8456625984251969
 21
0.5835326377952755
 31
0
  0
LINE
  5
1C4
330
1A
100
AcDbEntity
  8
BLACK
  6
CONTINUOUS
100
AcDbLine
 10
0.8456625984251969
 20
0.5835326377952755
 30
0
 11
0.8449133858267717
 21
0.5872992125984252
 31
0
  0
LINE
  5
1C5
330
1A
100
AcDbEntity
  8
BLACK
  6
CONTINUOUS
100
AcDbLine
 10
0.8449133858267717
 20
0.5872992125984252
 30
0
 11
0.8449133858267717
 21
0.6247007874015748
 31
0
  0
LINE
  5
1C6
330
1A
100
AcDbEntity
  8
BLACK
  6
CONTINUOUS
100
AcDbLine
 10
0.8449133858267717
 20
0.6247007874015748
 30
0
 11
0.8456625984251969
 21
0.6284673622047244
 31
0
  0
LINE
  5
1C7
330
1A
100
AcDbEntity
  8
BLACK
  6
CONTINUOUS
100
AcDbLine
 10
0.8456625984251969
 20
0.6284673622047244
 30
0
 11
0.8477961811023622
 21
0.6316605118110236
 31
0
  0
LINE
  5
1C8
330
1A
100
AcDbEntity
  8
BLACK
  6
CONTINUOUS
100
AcDbLine
 10
0.8477961811023622
 20
0.6316605118110236
 30
0
 11
0.8509893307086615
 21
0.6337940944881889
 31
0
  0
LINE
  5
1C9
330
1A
100
AcDbEntity
  8
BLACK
  6
CONTINUOUS
100
AcDbLine
 10
0.8509893307086615
 20
0.6337940944881889
 30
0
 11
0.854755905511811
 21
0.6345433070866141
 31
0
  0
LINE
  5
1CA
330
1A
100
AcDbEntity
  8
BLACK
  6
CONTINUOUS
100
AcDbLine
 10
0.854755905511811
 20
0.6345433070866141
 30
0
 11
0.8744409448818897
 21
0.6345433070866141
 31
0
  0
LINE
  5
1CB
330
1A
100
AcDbEntity
  8
BLACK
  6
CONTINUOUS
100
AcDbLine
 10
0.8744409448818897
 20
0.6345433070866141
 30
0
 11
0.8782075196850393
 21
0.6337940944881889
 31
0
  0
LINE
  5
1CC
330
1A
100
AcDbEntity
  8
BLACK
  6
CONTINUOUS
100
AcDbLine
 10
0.9530106692913386
 20
0.6337940944881889
 30
0
 11
0.9562038188976377
 21
0.6316605118110236
 31
0
  0
LINE
  5
1CD
330
1A
100
AcDbEntity
  8
BLACK
  6
CONTINUOUS
100
AcDbLine
 10
0.9562038188976377
 20
0.6316605118110236
 30
0
 11
0.9583374015748032
 21
0.6284673622047244
 31
0
  0
LINE
  5
1CE
330
1A
100
AcDbEntity
  8
BLACK
  6
CONTINUOUS
100
AcDbLine
 10
0.9583374015748032
 20
0.6284673622047244
 30
0
 11
0.9590866141732284
 21
0.6247007874015748
 31
0
  0
LINE
  5
1CF
330
1A
100
AcDbEntity
  8
BLACK
  6
CONTINUOUS
100
AcDbLine
 10
0.9590866141732284
 20
0.6247007874015748
 30
0
 11
0.9590866141732284
 21
0.5872992125984252
 31
0
  0
LINE
  5
1D0
330
1A
100
AcDbEntity
  8
BLACK
  6
CONTINUOUS
100
AcDbLine
 10
0.9590866141732284
 20
0.5872992125984252
 30
0
 11
0.9583374015748032
 21
0.5835326377952755
 31
0
  0
LINE
  5
1D1
330
1A
100
AcDbEntity
  8
BLACK
  6
CONTINUOUS
100
AcDbLine
 10
0.9583374015748032
 20
0.5835326377952755
 30
0
 11
0.9562038188976377
 21
0.5803394881889764
 31
0
  0
LINE
  5
1D2
330
1A
100
AcDbEntity
  8
BLACK
  6
CONTINUOUS
100
AcDbLine
 10
0.9562038188976377
 20
0.5803394881889764
 30
0
 11
0.9530106692913386
 21
0.5782059055118111
 31
0
  0
LINE
  5
1D3
330
1A
100
AcDbEntity
  8
BLACK
  6
CONTINUOUS
100
AcDbLine
 10
0.9530106692913386
 20
0.5782059055118111
 30
0
 11
0.9492440944881889
 21
0.5774566929133859
 31
0
  0
LINE
  5
1D4
330
1A
100
AcDbEntity
  8
BLACK
  6
CONTINUOUS
100
AcDbLine
 10
0.9492440944881889
 20
0.5774566929133859
 30
0
 11
0.9295590551181102
 21
0.5774566929133859
 31
0
  0
LINE
  5
1D5
330
1A
100
AcDbEntity
  8
BLACK
  6
CONTINUOUS
100
AcDbLine
 10
0.9295590551181102
 20
0.5774566929133859
 30
0
 11
0.9257924803149606
 21
0.5782059055118111
 31
0
  0
LINE
  5
1D6
330
1A
100
AcDbEntity
  8
BLACK
  6
CONTINUOUS
100
AcDbLine
 10
0.9257924803149606
 20
0.5782059055118111
 30
0
 11
0.9225993307086614
 21
0.5803394881889764
 31
0
  0
LINE
  5
1D7
330
1A
100
AcDbEntity
  8
BLACK
  6
CONTINUOUS
100
AcDbLine
 10
0.9225993307086614
 20
0.5803394881889764
 30
0
 11
0.9204657480314961
 21
0.5835326377952755
 31
0
  0
LINE
  5
1D8
330
1A
100
AcDbEntity
  8
BLACK
  6
CONTINUOUS
100
AcDbLine
 10
0.9204657480314961
 20
0.5835326377952755
 30
0
 11
0.9197165354330709
 21
0.5872992125984252
 31
0
  0
LINE
  5
1D9
330
1A
100
AcDbEntity
  8
BLACK
  6
CONTINUOUS
100
AcDbLine
 10
0.9197165354330709
 20
0.5872992125984252
 30
0
 11
0.9197165354330709
 21
0.6247007874015748
 31
0
  0
LINE
  5
1DA
330
1A
100
AcDbEntity
  8
BLACK
  6
CONTINUOUS
100
AcDbLine
 10
0.9197165354330709
 20
0.6247007874015748
 30
0
 11
0.9204657480314961
 21
0.6284673622047244
 31
0
  0
LINE
  5
1DB
330
1A
100
AcDbEntity
  8
BLACK
  6
CONTINUOUS
100
AcDbLine
 10
0.9204657480314961
 20
0.6284673622047244
 30
0
 11
0.9225993307086614
 21
0.6316605118110236
 31
0
  0
LINE
  5
1DC
330
1A
100
AcDbEntity
  8
BLACK
  6
CONTINUOUS
100
AcDbLine
 10
0.9225993307086614
 20
0.6316605118110236
 30
0
 11
0.9257924803149606
 21
0.6337940944881889
 31
0
  0
LINE
  5
1DD
330
1A
100
AcDbEntity
  8
BLACK
  6
CONTINUOUS
100
AcDbLine
 10
0.9257924803149606
 20
0.6337940944881889
 30
0
 11
0.9295590551181102
 21
0.6345433070866141
 31
0
  0
LINE
  5
1DE
330
1A
100
AcDbEntity
  8
BLACK
  6
CONTINUOUS
100
AcDbLine
 10
0.9295590551181102
 20
0.6345433070866141
 30
0
 11
0.9492440944881889
 21
0.6345433070866141
 31
0
  0
LINE
  5
1DF
330
1A
100
AcDbEntity
  8
BLACK
  6
CONTINUOUS
100
AcDbLine
 10
0.9492440944881889
 20
0.6345433070866141
 30
0
 11
0.9530106692913386
 21
0.6337940944881889
 31
0
  0
LINE
  5
1E0
330
1A
100
AcDbEntity
  8
BLACK
  6
CONTINUOUS
100
AcDbLine
 10
0.75748031496063
 20
0.5852913385826771
 30
0
 11
0.7181102362204724
 21
0.5852913385826771
 31
0
  0
LINE
  5
1E1
330
1A
100
AcDbEntity
  8
BLACK
  6
CONTINUOUS
100
AcDbLine
 10
0.7181102362204724
 20
0.5852913385826771
 30
0
 11
0.7181102362204724
 21
0.7348976377952756
 31
0
  0
LINE
  5
1E2
330
1A
100
AcDbEntity
  8
BLACK
  6
CONTINUOUS
100
AcDbLine
 10
0.7181102362204724
 20
0.7348976377952756
 30
0
 11
0.75748031496063
 21
0.7348976377952756
 31
0
  0
LINE
  5
1E3
330
1A
100
AcDbEntity
  8
BLACK
  6
CONTINUOUS
100
AcDbLine
 10
0.75748031496063
 20
0.7348976377952756
 30
0
 11
0.75748031496063
 21
0.5852913385826771
 31
0
  0
LINE
  5
1E4
330
1A
100
AcDbEntity
  8
BLACK
  6
CONTINUOUS
100
AcDbLine
 10
2.4818897637795274
 20
0.5852913385826771
 30
0
 11
2.44251968503937
 21
0.5852913385826771
 31
0
  0
LINE
  5
1E5
330
1A
100
AcDbEntity
  8
BLACK
  6
CONTINUOUS
100
AcDbLine
 10
2.44251968503937
 20
0.5852913385826771
 30
0
 11
2.44251968503937
 21
0.7348976377952756
 31
0
  0
LINE
  5
1E6
330
1A
100
AcDbEntity
  8
BLACK
  6
CONTINUOUS
100
AcDbLine
 10
2.44251968503937
 20
0.7348976377952756
 30
0
 11
2.4818897637795274
 21
0.7348976377952756
 31
0
  0
LINE
  5
1E7
330
1A
100
AcDbEntity
  8
BLACK
  6
CONTINUOUS
100
AcDbLine
 10
2.4818897637795274
 20
0.7348976377952756
 30
0
 11
2.4818897637795274
 21
0.5852913385826771
 31
0
  0
LINE
  5
1E8
330
1A
100
AcDbEntity
  8
BLACK
  6
CONTINUOUS
100
AcDbLine
 10
2.1876563385826771
 20
0.6429437007874016
 30
0
 11
2.1908494881889764
 21
0.6408101181102362
 31
0
  0
LINE
  5
1E9
330
1A
100
AcDbEntity
  8
BLACK
  6
CONTINUOUS
100
AcDbLine
 10
2.1908494881889764
 20
0.6408101181102362
 30
0
 11
2.1929830708661417
 21
0.637616968503937
 31
0
  0
LINE
  5
1EA
330
1A
100
AcDbEntity
  8
BLACK
  6
CONTINUOUS
100
AcDbLine
 10
2.1929830708661417
 20
0.637616968503937
 30
0
 11
2.1937322834645667
 21
0.6338503937007874
 31
0
  0
LINE
  5
1EB
330
1A
100
AcDbEntity
  8
BLACK
  6
CONTINUOUS
100
AcDbLine
 10
2.1937322834645667
 20
0.6338503937007874
 30
0
 11
2.1937322834645667
 21
0.5984173228346457
 31
0
  0
LINE
  5
1EC
330
1A
100
AcDbEntity
  8
BLACK
  6
CONTINUOUS
100
AcDbLine
 10
2.1937322834645667
 20
0.5984173228346457
 30
0
 11
2.1929830708661417
 21
0.5946507480314961
 31
0
  0
LINE
  5
1ED
330
1A
100
AcDbEntity
  8
BLACK
  6
CONTINUOUS
100
AcDbLine
 10
2.1929830708661417
 20
0.5946507480314961
 30
0
 11
2.1908494881889764
 21
0.5914575984251969
 31
0
  0
LINE
  5
1EE
330
1A
100
AcDbEntity
  8
BLACK
  6
CONTINUOUS
100
AcDbLine
 10
2.1908494881889764
 20
0.5914575984251969
 30
0
 11
2.1876563385826771
 21
0.5893240157480315
 31
0
  0
LINE
  5
1EF
330
1A
100
AcDbEntity
  8
BLACK
  6
CONTINUOUS
100
AcDbLine
 10
2.1876563385826771
 20
0.5893240157480315
 30
0
 11
2.1838897637795274
 21
0.5885748031496063
 31
0
  0
LINE
  5
1F0
330
1A
100
AcDbEntity
  8
BLACK
  6
CONTINUOUS
100
AcDbLine
 10
2.1838897637795274
 20
0.5885748031496063
 30
0
 11
2.1504251968503936
 21
0.5885748031496063
 31
0
  0
LINE
  5
1F1
330
1A
100
AcDbEntity
  8
BLACK
  6
CONTINUOUS
100
AcDbLine
 10
2.1504251968503936
 20
0.5885748031496063
 30
0
 11
2.1466586220472439
 21
0.5893240157480315
 31
0
  0
LINE
  5
1F2
330
1A
100
AcDbEntity
  8
BLACK
  6
CONTINUOUS
100
AcDbLine
 10
2.1466586220472439
 20
0.5893240157480315
 30
0
 11
2.143465472440945
 21
0.5914575984251969
 31
0
  0
LINE
  5
1F3
330
1A
100
AcDbEntity
  8
BLACK
  6
CONTINUOUS
100
AcDbLine
 10
2.143465472440945
 20
0.5914575984251969
 30
0
 11
2.1413318897637796
 21
0.5946507480314961
 31
0
  0
LINE
  5
1F4
330
1A
100
AcDbEntity
  8
BLACK
  6
CONTINUOUS
100
AcDbLine
 10
2.1413318897637796
 20
0.5946507480314961
 30
0
 11
2.1405826771653542
 21
0.5984173228346457
 31
0
  0
LINE
  5
1F5
330
1A
100
AcDbEntity
  8
BLACK
  6
CONTINUOUS
100
AcDbLine
 10
2.1405826771653542
 20
0.5984173228346457
 30
0
 11
2.1405826771653542
 21
0.6338503937007874
 31
0
  0
LINE
  5
1F6
330
1A
100
AcDbEntity
  8
BLACK
  6
CONTINUOUS
100
AcDbLine
 10
2.1405826771653542
 20
0.6338503937007874
 30
0
 11
2.1413318897637796
 21
0.637616968503937
 31
0
  0
LINE
  5
1F7
330
1A
100
AcDbEntity
  8
BLACK
  6
CONTINUOUS
100
AcDbLine
 10
2.1413318897637796
 20
0.637616968503937
 30
0
 11
2.143465472440945
 21
0.6408101181102362
 31
0
  0
LINE
  5
1F8
330
1A
100
AcDbEntity
  8
BLACK
  6
CONTINUOUS
100
AcDbLine
 10
2.143465472440945
 20
0.6408101181102362
 30
0
 11
2.1466586220472439
 21
0.6429437007874016
 31
0
  0
LINE
  5
1F9
330
1A
100
AcDbEntity
  8
BLACK
  6
CONTINUOUS
100
AcDbLine
 10
2.1466586220472439
 20
0.6429437007874016
 30
0
 11
2.1504251968503936
 21
0.6436929133858268
 31
0
  0
LINE
  5
1FA
330
1A
100
AcDbEntity
  8
BLACK
  6
CONTINUOUS
100
AcDbLine
 10
2.1504251968503936
 20
0.6436929133858268
 30
0
 11
2.1838897637795274
 21
0.6436929133858268
 31
0
  0
LINE
  5
1FB
330
1A
100
AcDbEntity
  8
BLACK
  6
CONTINUOUS
100
AcDbLine
 10
2.1838897637795274
 20
0.6436929133858268
 30
0
 11
2.1876563385826771
 21
0.6429437007874016
 31
0
  0
LINE
  5
1FC
330
1A
100
AcDbEntity
  8
BLACK
  6
CONTINUOUS
100
AcDbLine
 10
1.9513413779527558
 20
0.6439437007874016
 30
0
 11
1.9545345275590551
 21
0.6418101181102362
 31
0
  0
LINE
  5
1FD
330
1A
100
AcDbEntity
  8
BLACK
  6
CONTINUOUS
100
AcDbLine
 10
1.9545345275590551
 20
0.6418101181102362
 30
0
 11
1.9566681102362204
 21
0.638616968503937
 31
0
  0
LINE
  5
1FE
330
1A
100
AcDbEntity
  8
BLACK
  6
CONTINUOUS
100
AcDbLine
 10
1.9566681102362204
 20
0.638616968503937
 30
0
 11
1.9574173228346456
 21
0.6348503937007874
 31
0
  0
LINE
  5
1FF
330
1A
100
AcDbEntity
  8
BLACK
  6
CONTINUOUS
100
AcDbLine
 10
1.9574173228346456
 20
0.6348503937007874
 30
0
 11
1.9574173228346456
 21
0.5994173228346457
 31
0
  0
LINE
  5
200
330
1A
100
AcDbEntity
  8
BLACK
  6
CONTINUOUS
100
AcDbLine
 10
1.9574173228346456
 20
0.5994173228346457
 30
0
 11
1.9566681102362204
 21
0.5956507480314961
 31
0
  0
LINE
  5
201
330
1A
100
AcDbEntity
  8
BLACK
  6
CONTINUOUS
100
AcDbLine
 10
1.9566681102362204
 20
0.5956507480314961
 30
0
 11
1.9545345275590551
 21
0.5924575984251969
 31
0
  0
LINE
  5
202
330
1A
100
AcDbEntity
  8
BLACK
  6
CONTINUOUS
100
AcDbLine
 10
1.9545345275590551
 20
0.5924575984251969
 30
0
 11
1.9513413779527558
 21
0.5903240157480315
 31
0
  0
LINE
  5
203
330
1A
100
AcDbEntity
  8
BLACK
  6
CONTINUOUS
100
AcDbLine
 10
1.9513413779527558
 20
0.5903240157480315
 30
0
 11
1.9475748031496063
 21
0.5895748031496063
 31
0
  0
LINE
  5
204
330
1A
100
AcDbEntity
  8
BLACK
  6
CONTINUOUS
100
AcDbLine
 10
1.9475748031496063
 20
0.5895748031496063
 30
0
 11
1.9141102362204725
 21
0.5895748031496063
 31
0
  0
LINE
  5
205
330
1A
100
AcDbEntity
  8
BLACK
  6
CONTINUOUS
100
AcDbLine
 10
1.9141102362204725
 20
0.5895748031496063
 30
0
 11
1.9103436614173228
 21
0.5903240157480315
 31
0
  0
LINE
  5
206
330
1A
100
AcDbEntity
  8
BLACK
  6
CONTINUOUS
100
AcDbLine
 10
1.9103436614173228
 20
0.5903240157480315
 30
0
 11
1.9071505118110237
 21
0.5924575984251969
 31
0
  0
LINE
  5
207
330
1A
100
AcDbEntity
  8
BLACK
  6
CONTINUOUS
100
AcDbLine
 10
1.9071505118110237
 20
0.5924575984251969
 30
0
 11
1.9050169291338581
 21
0.5956507480314961
 31
0
  0
LINE
  5
208
330
1A
100
AcDbEntity
  8
BLACK
  6
CONTINUOUS
100
AcDbLine
 10
1.9050169291338581
 20
0.5956507480314961
 30
0
 11
1.9042677165354329
 21
0.5994173228346457
 31
0
  0
LINE
  5
209
330
1A
100
AcDbEntity
  8
BLACK
  6
CONTINUOUS
100
AcDbLine
 10
1.9042677165354329
 20
0.5994173228346457
 30
0
 11
1.9042677165354329
 21
0.6348503937007874
 31
0
  0
LINE
  5
20A
330
1A
100
AcDbEntity
  8
BLACK
  6
CONTINUOUS
100
AcDbLine
 10
1.9042677165354329
 20
0.6348503937007874
 30
0
 11
1.9050169291338581
 21
0.638616968503937
 31
0
  0
LINE
  5
20B
330
1A
100
AcDbEntity
  8
BLACK
  6
CONTINUOUS
100
AcDbLine
 10
1.9050169291338581
 20
0.638616968503937
 30
0
 11
1.9071505118110237
 21
0.6418101181102362
 31
0
  0
LINE
  5
20C
330
1A
100
AcDbEntity
  8
BLACK
  6
CONTINUOUS
100
AcDbLine
 10
1.9071505118110237
 20
0.6418101181102362
 30
0
 11
1.9103436614173228
 21
0.6439437007874016
 31
0
  0
LINE
  5
20D
330
1A
100
AcDbEntity
  8
BLACK
  6
CONTINUOUS
100
AcDbLine
 10
1.9103436614173228
 20
0.6439437007874016
 30
0
 11
1.9141102362204725
 21
0.6446929133858268
 31
0
  0
LINE
  5
20E
330
1A
100
AcDbEntity
  8
BLACK
  6
CONTINUOUS
100
AcDbLine
 10
1.9141102362204725
 20
0.6446929133858268
 30
0
 11
1.9475748031496063
 21
0.6446929133858268
 31
0
  0
LINE
  5
20F
330
1A
100
AcDbEntity
  8
BLACK
  6
CONTINUOUS
100
AcDbLine
 10
1.9475748031496063
 20
0.6446929133858268
 30
0
 11
1.9513413779527558
 21
0.6439437007874016
 31
0
  0
LINE
  5
210
330
1A
100
AcDbEntity
  8
BLACK
  6
CONTINUOUS
100
AcDbLine
 10
1.8674673622047244
 20
0.6325342519685039
 30
0
 11
1.8706605118110236
 21
0.6304006692913385
 31
0
  0
LINE
  5
211
330
1A
100
AcDbEntity
  8
BLACK
  6
CONTINUOUS
100
AcDbLine
 10
1.8706605118110236
 20
0.6304006692913385
 30
0
 11
1.8727940944881889
 21
0.6272075196850394
 31
0
  0
LINE
  5
212
330
1A
100
AcDbEntity
  8
BLACK
  6
CONTINUOUS
100
AcDbLine
 10
1.8727940944881889
 20
0.6272075196850394
 30
0
 11
1.8735433070866141
 21
0.6234409448818897
 31
0
  0
LINE
  5
213
330
1A
100
AcDbEntity
  8
BLACK
  6
CONTINUOUS
100
AcDbLine
 10
1.8735433070866141
 20
0.6234409448818897
 30
0
 11
1.8735433070866141
 21
0.603755905511811
 31
0
  0
LINE
  5
214
330
1A
100
AcDbEntity
  8
BLACK
  6
CONTINUOUS
100
AcDbLine
 10
1.8735433070866141
 20
0.603755905511811
 30
0
 11
1.8727940944881889
 21
0.5999893307086615
 31
0
  0
LINE
  5
215
330
1A
100
AcDbEntity
  8
BLACK
  6
CONTINUOUS
100
AcDbLine
 10
1.8727940944881889
 20
0.5999893307086615
 30
0
 11
1.8706605118110236
 21
0.5967961811023622
 31
0
  0
LINE
  5
216
330
1A
100
AcDbEntity
  8
BLACK
  6
CONTINUOUS
100
AcDbLine
 10
1.8706605118110236
 20
0.5967961811023622
 30
0
 11
1.8674673622047244
 21
0.5946625984251969
 31
0
  0
LINE
  5
217
330
1A
100
AcDbEntity
  8
BLACK
  6
CONTINUOUS
100
AcDbLine
 10
1.8674673622047244
 20
0.5946625984251969
 30
0
 11
1.8637007874015747
 21
0.5939133858267717
 31
0
  0
LINE
  5
218
330
1A
100
AcDbEntity
  8
BLACK
  6
CONTINUOUS
100
AcDbLine
 10
1.8637007874015747
 20
0.5939133858267717
 30
0
 11
1.8262992125984252
 21
0.5939133858267717
 31
0
  0
LINE
  5
219
330
1A
100
AcDbEntity
  8
BLACK
  6
CONTINUOUS
100
AcDbLine
 10
1.8262992125984252
 20
0.5939133858267717
 30
0
 11
1.8225326377952755
 21
0.5946625984251969
 31
0
  0
LINE
  5
21A
330
1A
100
AcDbEntity
  8
BLACK
  6
CONTINUOUS
100
AcDbLine
 10
1.8225326377952755
 20
0.5946625984251969
 30
0
 11
1.8193394881889764
 21
0.5967961811023622
 31
0
  0
LINE
  5
21B
330
1A
100
AcDbEntity
  8
BLACK
  6
CONTINUOUS
100
AcDbLine
 10
1.8193394881889764
 20
0.5967961811023622
 30
0
 11
1.817205905511811
 21
0.5999893307086615
 31
0
  0
LINE
  5
21C
330
1A
100
AcDbEntity
  8
BLACK
  6
CONTINUOUS
100
AcDbLine
 10
1.817205905511811
 20
0.5999893307086615
 30
0
 11
1.8164566929133859
 21
0.603755905511811
 31
0
  0
LINE
  5
21D
330
1A
100
AcDbEntity
  8
BLACK
  6
CONTINUOUS
100
AcDbLine
 10
1.8164566929133859
 20
0.603755905511811
 30
0
 11
1.8164566929133859
 21
0.6234409448818897
 31
0
  0
LINE
  5
21E
330
1A
100
AcDbEntity
  8
BLACK
  6
CONTINUOUS
100
AcDbLine
 10
1.8164566929133859
 20
0.6234409448818897
 30
0
 11
1.817205905511811
 21
0.6272075196850394
 31
0
  0
LINE
  5
21F
330
1A
100
AcDbEntity
  8
BLACK
  6
CONTINUOUS
100
AcDbLine
 10
1.817205905511811
 20
0.6272075196850394
 30
0
 11
1.8193394881889764
 21
0.6304006692913385
 31
0
  0
LINE
  5
220
330
1A
100
AcDbEntity
  8
BLACK
  6
CONTINUOUS
100
AcDbLine
 10
1.8193394881889764
 20
0.6304006692913385
 30
0
 11
1.8225326377952755
 21
0.6325342519685039
 31
0
  0
LINE
  5
221
330
1A
100
AcDbEntity
  8
BLACK
  6
CONTINUOUS
100
AcDbLine
 10
1.8225326377952755
 20
0.6325342519685039
 30
0
 11
1.8262992125984252
 21
0.6332834645669291
 31
0
  0
LINE
  5
222
330
1A
100
AcDbEntity
  8
BLACK
  6
CONTINUOUS
100
AcDbLine
 10
1.8262992125984252
 20
0.6332834645669291
 30
0
 11
1.8637007874015747
 21
0.6332834645669291
 31
0
  0
LINE
  5
223
330
1A
100
AcDbEntity
  8
BLACK
  6
CONTINUOUS
100
AcDbLine
 10
1.8637007874015747
 20
0.6332834645669291
 30
0
 11
1.8674673622047244
 21
0.6325342519685039
 31
0
  0
LINE
  5
224
330
1A
100
AcDbEntity
  8
BLACK
  6
CONTINUOUS
100
AcDbLine
 10
1.3573335039370078
 20
0.6748255905511811
 30
0
 11
1.3605266535433072
 21
0.6726920078740157
 31
0
  0
LINE
  5
225
330
1A
100
AcDbEntity
  8
BLACK
  6
CONTINUOUS
100
AcDbLine
 10
1.3605266535433072
 20
0.6726920078740157
 30
0
 11
1.3626602362204725
 21
0.6694988582677165
 31
0
  0
LINE
  5
226
330
1A
100
AcDbEntity
  8
BLACK
  6
CONTINUOUS
100
AcDbLine
 10
1.3626602362204725
 20
0.6694988582677165
 30
0
 11
1.3634094488188977
 21
0.6657322834645669
 31
0
  0
LINE
  5
227
330
1A
100
AcDbEntity
  8
BLACK
  6
CONTINUOUS
100
AcDbLine
 10
1.3634094488188977
 20
0.6657322834645669
 30
0
 11
1.3634094488188977
 21
0.632267716535433
 31
0
  0
LINE
  5
228
330
1A
100
AcDbEntity
  8
BLACK
  6
CONTINUOUS
100
AcDbLine
 10
1.3634094488188977
 20
0.632267716535433
 30
0
 11
1.3626602362204725
 21
0.6285011417322834
 31
0
  0
LINE
  5
229
330
1A
100
AcDbEntity
  8
BLACK
  6
CONTINUOUS
100
AcDbLine
 10
1.3626602362204725
 20
0.6285011417322834
 30
0
 11
1.3605266535433072
 21
0.6253079921259842
 31
0
  0
LINE
  5
22A
330
1A
100
AcDbEntity
  8
BLACK
  6
CONTINUOUS
100
AcDbLine
 10
1.3605266535433072
 20
0.6253079921259842
 30
0
 11
1.3573335039370078
 21
0.6231744094488189
 31
0
  0
LINE
  5
22B
330
1A
100
AcDbEntity
  8
BLACK
  6
CONTINUOUS
100
AcDbLine
 10
1.3573335039370078
 20
0.6231744094488189
 30
0
 11
1.3535669291338583
 21
0.6224251968503937
 31
0
  0
LINE
  5
22C
330
1A
100
AcDbEntity
  8
BLACK
  6
CONTINUOUS
100
AcDbLine
 10
1.3535669291338583
 20
0.6224251968503937
 30
0
 11
1.3181338582677165
 21
0.6224251968503937
 31
0
  0
LINE
  5
22D
330
1A
100
AcDbEntity
  8
BLACK
  6
CONTINUOUS
100
AcDbLine
 10
1.3181338582677165
 20
0.6224251968503937
 30
0
 11
1.314367283464567
 21
0.6231744094488189
 31
0
  0
LINE
  5
22E
330
1A
100
AcDbEntity
  8
BLACK
  6
CONTINUOUS
100
AcDbLine
 10
1.314367283464567
 20
0.6231744094488189
 30
0
 11
1.3111741338582676
 21
0.6253079921259842
 31
0
  0
LINE
  5
22F
330
1A
100
AcDbEntity
  8
BLACK
  6
CONTINUOUS
100
AcDbLine
 10
1.3111741338582676
 20
0.6253079921259842
 30
0
 11
1.3090405511811023
 21
0.6285011417322834
 31
0
  0
LINE
  5
230
330
1A
100
AcDbEntity
  8
BLACK
  6
CONTINUOUS
100
AcDbLine
 10
1.3090405511811023
 20
0.6285011417322834
 30
0
 11
1.3082913385826771
 21
0.632267716535433
 31
0
  0
LINE
  5
231
330
1A
100
AcDbEntity
  8
BLACK
  6
CONTINUOUS
100
AcDbLine
 10
1.3082913385826771
 20
0.632267716535433
 30
0
 11
1.3082913385826771
 21
0.6657322834645669
 31
0
  0
LINE
  5
232
330
1A
100
AcDbEntity
  8
BLACK
  6
CONTINUOUS
100
AcDbLine
 10
1.3082913385826771
 20
0.6657322834645669
 30
0
 11
1.3090405511811023
 21
0.6694988582677165
 31
0
  0
LINE
  5
233
330
1A
100
AcDbEntity
  8
BLACK
  6
CONTINUOUS
100
AcDbLine
 10
1.3090405511811023
 20
0.6694988582677165
 30
0
 11
1.3111741338582676
 21
0.6726920078740157
 31
0
  0
LINE
  5
234
330
1A
100
AcDbEntity
  8
BLACK
  6
CONTINUOUS
100
AcDbLine
 10
1.3111741338582676
 20
0.6726920078740157
 30
0
 11
1.314367283464567
 21
0.6748255905511811
 31
0
  0
LINE
  5
235
330
1A
100
AcDbEntity
  8
BLACK
  6
CONTINUOUS
100
AcDbLine
 10
1.314367283464567
 20
0.6748255905511811
 30
0
 11
1.3181338582677165
 21
0.6755748031496063
 31
0
  0
LINE
  5
236
330
1A
100
AcDbEntity
  8
BLACK
  6
CONTINUOUS
100
AcDbLine
 10
1.3181338582677165
 20
0.6755748031496063
 30
0
 11
1.3535669291338583
 21
0.6755748031496063
 31
0
  0
LINE
  5
237
330
1A
100
AcDbEntity
  8
BLACK
  6
CONTINUOUS
100
AcDbLine
 10
1.3535669291338583
 20
0.6755748031496063
 30
0
 11
1.3573335039370078
 21
0.6748255905511811
 31
0
  0
LINE
  5
238
330
1A
100
AcDbEntity
  8
BLACK
  6
CONTINUOUS
100
AcDbLine
 10
1.463632716535433
 20
0.6748255905511811
 30
0
 11
1.4668258661417322
 21
0.6726920078740157
 31
0
  0
LINE
  5
239
330
1A
100
AcDbEntity
  8
BLACK
  6
CONTINUOUS
100
AcDbLine
 10
1.4668258661417322
 20
0.6726920078740157
 30
0
 11
1.4689594488188975
 21
0.6694988582677165
 31
0
  0
LINE
  5
23A
330
1A
100
AcDbEntity
  8
BLACK
  6
CONTINUOUS
100
AcDbLine
 10
1.4689594488188975
 20
0.6694988582677165
 30
0
 11
1.4697086614173227
 21
0.6657322834645669
 31
0
  0
LINE
  5
23B
330
1A
100
AcDbEntity
  8
BLACK
  6
CONTINUOUS
100
AcDbLine
 10
1.4697086614173227
 20
0.6657322834645669
 30
0
 11
1.4697086614173227
 21
0.632267716535433
 31
0
  0
LINE
  5
23C
330
1A
100
AcDbEntity
  8
BLACK
  6
CONTINUOUS
100
AcDbLine
 10
1.4697086614173227
 20
0.632267716535433
 30
0
 11
1.4689594488188975
 21
0.6285011417322834
 31
0
  0
LINE
  5
23D
330
1A
100
AcDbEntity
  8
BLACK
  6
CONTINUOUS
100
AcDbLine
 10
1.4689594488188975
 20
0.6285011417322834
 30
0
 11
1.4668258661417322
 21
0.6253079921259842
 31
0
  0
LINE
  5
23E
330
1A
100
AcDbEntity
  8
BLACK
  6
CONTINUOUS
100
AcDbLine
 10
1.4668258661417322
 20
0.6253079921259842
 30
0
 11
1.463632716535433
 21
0.6231744094488189
 31
0
  0
LINE
  5
23F
330
1A
100
AcDbEntity
  8
BLACK
  6
CONTINUOUS
100
AcDbLine
 10
1.463632716535433
 20
0.6231744094488189
 30
0
 11
1.4598661417322834
 21
0.6224251968503937
 31
0
  0
LINE
  5
240
330
1A
100
AcDbEntity
  8
BLACK
  6
CONTINUOUS
100
AcDbLine
 10
1.4598661417322834
 20
0.6224251968503937
 30
0
 11
1.4244330708661417
 21
0.6224251968503937
 31
0
  0
LINE
  5
241
330
1A
100
AcDbEntity
  8
BLACK
  6
CONTINUOUS
100
AcDbLine
 10
1.4244330708661417
 20
0.6224251968503937
 30
0
 11
1.420666496062992
 21
0.6231744094488189
 31
0
  0
LINE
  5
242
330
1A
100
AcDbEntity
  8
BLACK
  6
CONTINUOUS
100
AcDbLine
 10
1.420666496062992
 20
0.6231744094488189
 30
0
 11
1.4174733464566929
 21
0.6253079921259842
 31
0
  0
LINE
  5
243
330
1A
100
AcDbEntity
  8
BLACK
  6
CONTINUOUS
100
AcDbLine
 10
1.4174733464566929
 20
0.6253079921259842
 30
0
 11
1.4153397637795275
 21
0.6285011417322834
 31
0
  0
LINE
  5
244
330
1A
100
AcDbEntity
  8
BLACK
  6
CONTINUOUS
100
AcDbLine
 10
1.4153397637795275
 20
0.6285011417322834
 30
0
 11
1.4145905511811023
 21
0.632267716535433
 31
0
  0
LINE
  5
245
330
1A
100
AcDbEntity
  8
BLACK
  6
CONTINUOUS
100
AcDbLine
 10
1.4145905511811023
 20
0.632267716535433
 30
0
 11
1.4145905511811023
 21
0.6657322834645669
 31
0
  0
LINE
  5
246
330
1A
100
AcDbEntity
  8
BLACK
  6
CONTINUOUS
100
AcDbLine
 10
1.4145905511811023
 20
0.6657322834645669
 30
0
 11
1.4153397637795275
 21
0.6694988582677165
 31
0
  0
LINE
  5
247
330
1A
100
AcDbEntity
  8
BLACK
  6
CONTINUOUS
100
AcDbLine
 10
1.4153397637795275
 20
0.6694988582677165
 30
0
 11
1.4174733464566929
 21
0.6726920078740157
 31
0
  0
LINE
  5
248
330
1A
100
AcDbEntity
  8
BLACK
  6
CONTINUOUS
100
AcDbLine
 10
1.4174733464566929
 20
0.6726920078740157
 30
0
 11
1.420666496062992
 21
0.6748255905511811
 31
0
  0
LINE
  5
249
330
1A
100
AcDbEntity
  8
BLACK
  6
CONTINUOUS
100
AcDbLine
 10
1.420666496062992
 20
0.6748255905511811
 30
0
 11
1.4244330708661417
 21
0.6755748031496063
 31
0
  0
LINE
  5
24A
330
1A
100
AcDbEntity
  8
BLACK
  6
CONTINUOUS
100
AcDbLine
 10
1.4244330708661417
 20
0.6755748031496063
 30
0
 11
1.4598661417322834
 21
0.6755748031496063
 31
0
  0
LINE
  5
24B
330
1A
100
AcDbEntity
  8
BLACK
  6
CONTINUOUS
100
AcDbLine
 10
1.4598661417322834
 20
0.6755748031496063
 30
0
 11
1.463632716535433
 21
0.6748255905511811
 31
0
  0
LINE
  5
24C
330
1A
100
AcDbEntity
  8
BLACK
  6
CONTINUOUS
100
AcDbLine
 10
1.5514831102362205
 20
0.6643531496062992
 30
0
 11
1.5546762598425197
 21
0.6622195669291339
 31
0
  0
LINE
  5
24D
330
1A
100
AcDbEntity
  8
BLACK
  6
CONTINUOUS
100
AcDbLine
 10
1.5546762598425197
 20
0.6622195669291339
 30
0
 11
1.556809842519685
 21
0.6590264173228346
 31
0
  0
LINE
  5
24E
330
1A
100
AcDbEntity
  8
BLACK
  6
CONTINUOUS
100
AcDbLine
 10
1.556809842519685
 20
0.6590264173228346
 30
0
 11
1.5575590551181102
 21
0.6552598425196851
 31
0
  0
LINE
  5
24F
330
1A
100
AcDbEntity
  8
BLACK
  6
CONTINUOUS
100
AcDbLine
 10
1.5575590551181102
 20
0.6552598425196851
 30
0
 11
1.5575590551181102
 21
0.6345905511811023
 31
0
  0
LINE
  5
250
330
1A
100
AcDbEntity
  8
BLACK
  6
CONTINUOUS
100
AcDbLine
 10
1.5575590551181102
 20
0.6345905511811023
 30
0
 11
1.556809842519685
 21
0.6308239763779527
 31
0
  0
LINE
  5
251
330
1A
100
AcDbEntity
  8
BLACK
  6
CONTINUOUS
100
AcDbLine
 10
1.556809842519685
 20
0.6308239763779527
 30
0
 11
1.5546762598425197
 21
0.6276308267716535
 31
0
  0
LINE
  5
252
330
1A
100
AcDbEntity
  8
BLACK
  6
CONTINUOUS
100
AcDbLine
 10
1.5546762598425197
 20
0.6276308267716535
 30
0
 11
1.5514831102362205
 21
0.6254972440944881
 31
0
  0
LINE
  5
253
330
1A
100
AcDbEntity
  8
BLACK
  6
CONTINUOUS
100
AcDbLine
 10
1.5514831102362205
 20
0.6254972440944881
 30
0
 11
1.5477165354330709
 21
0.6247480314960629
 31
0
  0
LINE
  5
254
330
1A
100
AcDbEntity
  8
BLACK
  6
CONTINUOUS
100
AcDbLine
 10
1.5477165354330709
 20
0.6247480314960629
 30
0
 11
1.5122834645669292
 21
0.6247480314960629
 31
0
  0
LINE
  5
255
330
1A
100
AcDbEntity
  8
BLACK
  6
CONTINUOUS
100
AcDbLine
 10
1.5122834645669292
 20
0.6247480314960629
 30
0
 11
1.5085168897637795
 21
0.6254972440944881
 31
0
  0
LINE
  5
256
330
1A
100
AcDbEntity
  8
BLACK
  6
CONTINUOUS
100
AcDbLine
 10
1.5085168897637795
 20
0.6254972440944881
 30
0
 11
1.5053237401574804
 21
0.6276308267716535
 31
0
  0
LINE
  5
257
330
1A
100
AcDbEntity
  8
BLACK
  6
CONTINUOUS
100
AcDbLine
 10
1.5053237401574804
 20
0.6276308267716535
 30
0
 11
1.503190157480315
 21
0.6308239763779527
 31
0
  0
LINE
  5
258
330
1A
100
AcDbEntity
  8
BLACK
  6
CONTINUOUS
100
AcDbLine
 10
1.503190157480315
 20
0.6308239763779527
 30
0
 11
1.5024409448818898
 21
0.6345905511811023
 31
0
  0
LINE
  5
259
330
1A
100
AcDbEntity
  8
BLACK
  6
CONTINUOUS
100
AcDbLine
 10
1.5024409448818898
 20
0.6345905511811023
 30
0
 11
1.5024409448818898
 21
0.6552598425196851
 31
0
  0
LINE
  5
25A
330
1A
100
AcDbEntity
  8
BLACK
  6
CONTINUOUS
100
AcDbLine
 10
1.5024409448818898
 20
0.6552598425196851
 30
0
 11
1.503190157480315
 21
0.6590264173228346
 31
0
  0
LINE
  5
25B
330
1A
100
AcDbEntity
  8
BLACK
  6
CONTINUOUS
100
AcDbLine
 10
1.503190157480315
 20
0.6590264173228346
 30
0
 11
1.5053237401574804
 21
0.6622195669291339
 31
0
  0
LINE
  5
25C
330
1A
100
AcDbEntity
  8
BLACK
  6
CONTINUOUS
100
AcDbLine
 10
1.5053237401574804
 20
0.6622195669291339
 30
0
 11
1.5085168897637795
 21
0.6643531496062992
 31
0
  0
LINE
  5
25D
330
1A
100
AcDbEntity
  8
BLACK
  6
CONTINUOUS
100
AcDbLine
 10
1.5085168897637795
 20
0.6643531496062992
 30
0
 11
1.5122834645669292
 21
0.6651023622047244
 31
0
  0
LINE
  5
25E
330
1A
100
AcDbEntity
  8
BLACK
  6
CONTINUOUS
100
AcDbLine
 10
1.5122834645669292
 20
0.6651023622047244
 30
0
 11
1.5477165354330709
 21
0.6651023622047244
 31
0
  0
LINE
  5
25F
330
1A
100
AcDbEntity
  8
BLACK
  6
CONTINUOUS
100
AcDbLine
 10
1.5477165354330709
 20
0.6651023622047244
 30
0
 11
1.5514831102362205
 21
0.6643531496062992
 31
0
  0
LINE
  5
260
330
1A
100
AcDbEntity
  8
BLACK
  6
CONTINUOUS
100
AcDbLine
 10
2.3101760236220472
 20
0.689809842519685
 30
0
 11
2.3133691732283466
 21
0.6876762598425197
 31
0
  0
LINE
  5
261
330
1A
100
AcDbEntity
  8
BLACK
  6
CONTINUOUS
100
AcDbLine
 10
2.3133691732283466
 20
0.6876762598425197
 30
0
 11
2.3155027559055119
 21
0.6844831102362204
 31
0
  0
LINE
  5
262
330
1A
100
AcDbEntity
  8
BLACK
  6
CONTINUOUS
100
AcDbLine
 10
2.3155027559055119
 20
0.6844831102362204
 30
0
 11
2.3162519685039369
 21
0.6807165354330709
 31
0
  0
LINE
  5
263
330
1A
100
AcDbEntity
  8
BLACK
  6
CONTINUOUS
100
AcDbLine
 10
2.3162519685039369
 20
0.6807165354330709
 30
0
 11
2.3162519685039369
 21
0.6452834645669291
 31
0
  0
LINE
  5
264
330
1A
100
AcDbEntity
  8
BLACK
  6
CONTINUOUS
100
AcDbLine
 10
2.3162519685039369
 20
0.6452834645669291
 30
0
 11
2.3155027559055119
 21
0.6415168897637795
 31
0
  0
LINE
  5
265
330
1A
100
AcDbEntity
  8
BLACK
  6
CONTINUOUS
100
AcDbLine
 10
2.3155027559055119
 20
0.6415168897637795
 30
0
 11
2.3133691732283466
 21
0.6383237401574803
 31
0
  0
LINE
  5
266
330
1A
100
AcDbEntity
  8
BLACK
  6
CONTINUOUS
100
AcDbLine
 10
2.3133691732283466
 20
0.6383237401574803
 30
0
 11
2.3101760236220472
 21
0.6361901574803149
 31
0
  0
LINE
  5
267
330
1A
100
AcDbEntity
  8
BLACK
  6
CONTINUOUS
100
AcDbLine
 10
2.3101760236220472
 20
0.6361901574803149
 30
0
 11
2.3064094488188975
 21
0.6354409448818897
 31
0
  0
LINE
  5
268
330
1A
100
AcDbEntity
  8
BLACK
  6
CONTINUOUS
100
AcDbLine
 10
2.3064094488188975
 20
0.6354409448818897
 30
0
 11
2.2857401574803151
 21
0.6354409448818897
 31
0
  0
LINE
  5
269
330
1A
100
AcDbEntity
  8
BLACK
  6
CONTINUOUS
100
AcDbLine
 10
2.2857401574803151
 20
0.6354409448818897
 30
0
 11
2.2819735826771654
 21
0.6361901574803149
 31
0
  0
LINE
  5
26A
330
1A
100
AcDbEntity
  8
BLACK
  6
CONTINUOUS
100
AcDbLine
 10
2.2819735826771654
 20
0.6361901574803149
 30
0
 11
2.2787804330708661
 21
0.6383237401574803
 31
0
  0
LINE
  5
26B
330
1A
100
AcDbEntity
  8
BLACK
  6
CONTINUOUS
100
AcDbLine
 10
2.2787804330708661
 20
0.6383237401574803
 30
0
 11
2.2766468503937007
 21
0.6415168897637795
 31
0
  0
LINE
  5
26C
330
1A
100
AcDbEntity
  8
BLACK
  6
CONTINUOUS
100
AcDbLine
 10
2.2766468503937007
 20
0.6415168897637795
 30
0
 11
2.2758976377952753
 21
0.6452834645669291
 31
0
  0
LINE
  5
26D
330
1A
100
AcDbEntity
  8
BLACK
  6
CONTINUOUS
100
AcDbLine
 10
2.2758976377952753
 20
0.6452834645669291
 30
0
 11
2.2758976377952753
 21
0.6807165354330709
 31
0
  0
LINE
  5
26E
330
1A
100
AcDbEntity
  8
BLACK
  6
CONTINUOUS
100
AcDbLine
 10
2.2758976377952753
 20
0.6807165354330709
 30
0
 11
2.2766468503937007
 21
0.6844831102362204
 31
0
  0
LINE
  5
26F
330
1A
100
AcDbEntity
  8
BLACK
  6
CONTINUOUS
100
AcDbLine
 10
2.2766468503937007
 20
0.6844831102362204
 30
0
 11
2.2787804330708661
 21
0.6876762598425197
 31
0
  0
LINE
  5
270
330
1A
100
AcDbEntity
  8
BLACK
  6
CONTINUOUS
100
AcDbLine
 10
2.2787804330708661
 20
0.6876762598425197
 30
0
 11
2.2819735826771654
 21
0.689809842519685
 31
0
  0
LINE
  5
271
330
1A
100
AcDbEntity
  8
BLACK
  6
CONTINUOUS
100
AcDbLine
 10
2.2819735826771654
 20
0.689809842519685
 30
0
 11
2.2857401574803151
 21
0.6905590551181102
 31
0
  0
LINE
  5
272
330
1A
100
AcDbEntity
  8
BLACK
  6
CONTINUOUS
100
AcDbLine
 10
2.2857401574803151
 20
0.6905590551181102
 30
0
 11
2.3064094488188975
 21
0.6905590551181102
 31
0
  0
LINE
  5
273
330
1A
100
AcDbEntity
  8
BLACK
  6
CONTINUOUS
100
AcDbLine
 10
2.3064094488188975
 20
0.6905590551181102
 30
0
 11
2.3101760236220472
 21
0.689809842519685
 31
0
  0
LINE
  5
274
330
1A
100
AcDbEntity
  8
BLACK
  6
CONTINUOUS
100
AcDbLine
 10
2.3820264173228347
 20
0.689809842519685
 30
0
 11
2.3852195669291336
 21
0.6876762598425197
 31
0
  0
LINE
  5
275
330
1A
100
AcDbEntity
  8
BLACK
  6
CONTINUOUS
100
AcDbLine
 10
2.3852195669291336
 20
0.6876762598425197
 30
0
 11
2.387353149606299
 21
0.6844831102362204
 31
0
  0
LINE
  5
276
330
1A
100
AcDbEntity
  8
BLACK
  6
CONTINUOUS
100
AcDbLine
 10
2.387353149606299
 20
0.6844831102362204
 30
0
 11
2.3881023622047244
 21
0.6807165354330709
 31
0
  0
LINE
  5
277
330
1A
100
AcDbEntity
  8
BLACK
  6
CONTINUOUS
100
AcDbLine
 10
2.3881023622047244
 20
0.6807165354330709
 30
0
 11
2.3881023622047244
 21
0.6452834645669291
 31
0
  0
LINE
  5
278
330
1A
100
AcDbEntity
  8
BLACK
  6
CONTINUOUS
100
AcDbLine
 10
2.3881023622047244
 20
0.6452834645669291
 30
0
 11
2.387353149606299
 21
0.6415168897637795
 31
0
  0
LINE
  5
279
330
1A
100
AcDbEntity
  8
BLACK
  6
CONTINUOUS
100
AcDbLine
 10
2.387353149606299
 20
0.6415168897637795
 30
0
 11
2.3852195669291336
 21
0.6383237401574803
 31
0
  0
LINE
  5
27A
330
1A
100
AcDbEntity
  8
BLACK
  6
CONTINUOUS
100
AcDbLine
 10
2.3852195669291336
 20
0.6383237401574803
 30
0
 11
2.3820264173228347
 21
0.6361901574803149
 31
0
  0
LINE
  5
27B
330
1A
100
AcDbEntity
  8
BLACK
  6
CONTINUOUS
100
AcDbLine
 10
2.3820264173228347
 20
0.6361901574803149
 30
0
 11
2.378259842519685
 21
0.6354409448818897
 31
0
  0
LINE
  5
27C
330
1A
100
AcDbEntity
  8
BLACK
  6
CONTINUOUS
100
AcDbLine
 10
2.378259842519685
 20
0.6354409448818897
 30
0
 11
2.3575905511811022
 21
0.6354409448818897
 31
0
  0
LINE
  5
27D
330
1A
100
AcDbEntity
  8
BLACK
  6
CONTINUOUS
100
AcDbLine
 10
2.3575905511811022
 20
0.6354409448818897
 30
0
 11
2.3538239763779525
 21
0.6361901574803149
 31
0
  0
LINE
  5
27E
330
1A
100
AcDbEntity
  8
BLACK
  6
CONTINUOUS
100
AcDbLine
 10
2.3538239763779525
 20
0.6361901574803149
 30
0
 11
2.3506308267716536
 21
0.6383237401574803
 31
0
  0
LINE
  5
27F
330
1A
100
AcDbEntity
  8
BLACK
  6
CONTINUOUS
100
AcDbLine
 10
2.3506308267716536
 20
0.6383237401574803
 30
0
 11
2.3484972440944882
 21
0.6415168897637795
 31
0
  0
LINE
  5
280
330
1A
100
AcDbEntity
  8
BLACK
  6
CONTINUOUS
100
AcDbLine
 10
2.3484972440944882
 20
0.6415168897637795
 30
0
 11
2.3477480314960628
 21
0.6452834645669291
 31
0
  0
LINE
  5
281
330
1A
100
AcDbEntity
  8
BLACK
  6
CONTINUOUS
100
AcDbLine
 10
2.3477480314960628
 20
0.6452834645669291
 30
0
 11
2.3477480314960628
 21
0.6807165354330709
 31
0
  0
LINE
  5
282
330
1A
100
AcDbEntity
  8
BLACK
  6
CONTINUOUS
100
AcDbLine
 10
2.3477480314960628
 20
0.6807165354330709
 30
0
 11
2.3484972440944882
 21
0.6844831102362204
 31
0
  0
LINE
  5
283
330
1A
100
AcDbEntity
  8
BLACK
  6
CONTINUOUS
100
AcDbLine
 10
2.3484972440944882
 20
0.6844831102362204
 30
0
 11
2.3506308267716536
 21
0.6876762598425197
 31
0
  0
LINE
  5
284
330
1A
100
AcDbEntity
  8
BLACK
  6
CONTINUOUS
100
AcDbLine
 10
2.3506308267716536
 20
0.6876762598425197
 30
0
 11
2.3538239763779525
 21
0.689809842519685
 31
0
  0
LINE
  5
285
330
1A
100
AcDbEntity
  8
BLACK
  6
CONTINUOUS
100
AcDbLine
 10
2.3538239763779525
 20
0.689809842519685
 30
0
 11
2.3575905511811022
 21
0.6905590551181102
 31
0
  0
LINE
  5
286
330
1A
100
AcDbEntity
  8
BLACK
  6
CONTINUOUS
100
AcDbLine
 10
2.3575905511811022
 20
0.6905590551181102
 30
0
 11
2.378259842519685
 21
0.6905590551181102
 31
0
  0
LINE
  5
287
330
1A
100
AcDbEntity
  8
BLACK
  6
CONTINUOUS
100
AcDbLine
 10
2.378259842519685
 20
0.6905590551181102
 30
0
 11
2.3820264173228347
 21
0.689809842519685
 31
0
  0
LINE
  5
288
330
1A
100
AcDbEntity
  8
BLACK
  6
CONTINUOUS
100
AcDbLine
 10
0.4247244094488189
 20
0.6355669291338583
 30
0
 11
0.3932283464566929
 21
0.6355669291338583
 31
0
  0
LINE
  5
289
330
1A
100
AcDbEntity
  8
BLACK
  6
CONTINUOUS
100
AcDbLine
 10
0.3932283464566929
 20
0.6355669291338583
 30
0
 11
0.3932283464566929
 21
0.6473779527559055
 31
0
  0
LINE
  5
28A
330
1A
100
AcDbEntity
  8
BLACK
  6
CONTINUOUS
100
AcDbLine
 10
0.3932283464566929
 20
0.6473779527559055
 30
0
 11
0.4247244094488189
 21
0.6473779527559055
 31
0
  0
LINE
  5
28B
330
1A
100
AcDbEntity
  8
BLACK
  6
CONTINUOUS
100
AcDbLine
 10
0.4247244094488189
 20
0.6473779527559055
 30
0
 11
0.4247244094488189
 21
0.6355669291338583
 31
0
  0
LINE
  5
28C
330
1A
100
AcDbEntity
  8
BLACK
  6
CONTINUOUS
100
AcDbLine
 10
0.546771653543307
 20
0.6355669291338583
 30
0
 11
0.5152755905511811
 21
0.6355669291338583
 31
0
  0
LINE
  5
28D
330
1A
100
AcDbEntity
  8
BLACK
  6
CONTINUOUS
100
AcDbLine
 10
0.5152755905511811
 20
0.6355669291338583
 30
0
 11
0.5152755905511811
 21
0.6473779527559055
 31
0
  0
LINE
  5
28E
330
1A
100
AcDbEntity
  8
BLACK
  6
CONTINUOUS
100
AcDbLine
 10
0.5152755905511811
 20
0.6473779527559055
 30
0
 11
0.546771653543307
 21
0.6473779527559055
 31
0
  0
LINE
  5
28F
330
1A
100
AcDbEntity
  8
BLACK
  6
CONTINUOUS
100
AcDbLine
 10
0.546771653543307
 20
0.6473779527559055
 30
0
 11
0.546771653543307
 21
0.6355669291338583
 31
0
  0
LINE
  5
290
330
1A
100
AcDbEntity
  8
BLACK
  6
CONTINUOUS
100
AcDbLine
 10
2.0714831102362203
 20
0.6873531496062992
 30
0
 11
2.0746762598425197
 21
0.6852195669291339
 31
0
  0
LINE
  5
291
330
1A
100
AcDbEntity
  8
BLACK
  6
CONTINUOUS
100
AcDbLine
 10
2.0746762598425197
 20
0.6852195669291339
 30
0
 11
2.076809842519685
 21
0.6820264173228346
 31
0
  0
LINE
  5
292
330
1A
100
AcDbEntity
  8
BLACK
  6
CONTINUOUS
100
AcDbLine
 10
2.076809842519685
 20
0.6820264173228346
 30
0
 11
2.07755905511811
 21
0.6782598425196851
 31
0
  0
LINE
  5
293
330
1A
100
AcDbEntity
  8
BLACK
  6
CONTINUOUS
100
AcDbLine
 10
2.07755905511811
 20
0.6782598425196851
 30
0
 11
2.07755905511811
 21
0.6575905511811023
 31
0
  0
LINE
  5
294
330
1A
100
AcDbEntity
  8
BLACK
  6
CONTINUOUS
100
AcDbLine
 10
2.07755905511811
 20
0.6575905511811023
 30
0
 11
2.076809842519685
 21
0.6538239763779528
 31
0
  0
LINE
  5
295
330
1A
100
AcDbEntity
  8
BLACK
  6
CONTINUOUS
100
AcDbLine
 10
2.076809842519685
 20
0.6538239763779528
 30
0
 11
2.0746762598425197
 21
0.6506308267716535
 31
0
  0
LINE
  5
296
330
1A
100
AcDbEntity
  8
BLACK
  6
CONTINUOUS
100
AcDbLine
 10
2.0746762598425197
 20
0.6506308267716535
 30
0
 11
2.0714831102362203
 21
0.6484972440944882
 31
0
  0
LINE
  5
297
330
1A
100
AcDbEntity
  8
BLACK
  6
CONTINUOUS
100
AcDbLine
 10
2.0714831102362203
 20
0.6484972440944882
 30
0
 11
2.0677165354330707
 21
0.647748031496063
 31
0
  0
LINE
  5
298
330
1A
100
AcDbEntity
  8
BLACK
  6
CONTINUOUS
100
AcDbLine
 10
2.0677165354330707
 20
0.647748031496063
 30
0
 11
2.032283464566929
 21
0.647748031496063
 31
0
  0
LINE
  5
299
330
1A
100
AcDbEntity
  8
BLACK
  6
CONTINUOUS
100
AcDbLine
 10
2.032283464566929
 20
0.647748031496063
 30
0
 11
2.0285168897637793
 21
0.6484972440944882
 31
0
  0
LINE
  5
29A
330
1A
100
AcDbEntity
  8
BLACK
  6
CONTINUOUS
100
AcDbLine
 10
2.0285168897637793
 20
0.6484972440944882
 30
0
 11
2.0253237401574804
 21
0.6506308267716535
 31
0
  0
LINE
  5
29B
330
1A
100
AcDbEntity
  8
BLACK
  6
CONTINUOUS
100
AcDbLine
 10
2.0253237401574804
 20
0.6506308267716535
 30
0
 11
2.0231901574803151
 21
0.6538239763779528
 31
0
  0
LINE
  5
29C
330
1A
100
AcDbEntity
  8
BLACK
  6
CONTINUOUS
100
AcDbLine
 10
2.0231901574803151
 20
0.6538239763779528
 30
0
 11
2.0224409448818896
 21
0.6575905511811023
 31
0
  0
LINE
  5
29D
330
1A
100
AcDbEntity
  8
BLACK
  6
CONTINUOUS
100
AcDbLine
 10
2.0224409448818896
 20
0.6575905511811023
 30
0
 11
2.0224409448818896
 21
0.6782598425196851
 31
0
  0
LINE
  5
29E
330
1A
100
AcDbEntity
  8
BLACK
  6
CONTINUOUS
100
AcDbLine
 10
2.0224409448818896
 20
0.6782598425196851
 30
0
 11
2.0231901574803151
 21
0.6820264173228346
 31
0
  0
LINE
  5
29F
330
1A
100
AcDbEntity
  8
BLACK
  6
CONTINUOUS
100
AcDbLine
 10
2.0231901574803151
 20
0.6820264173228346
 30
0
 11
2.0253237401574804
 21
0.6852195669291339
 31
0
  0
LINE
  5
2A0
330
1A
100
AcDbEntity
  8
BLACK
  6
CONTINUOUS
100
AcDbLine
 10
2.0253237401574804
 20
0.6852195669291339
 30
0
 11
2.0285168897637793
 21
0.6873531496062992
 31
0
  0
LINE
  5
2A1
330
1A
100
AcDbEntity
  8
BLACK
  6
CONTINUOUS
100
AcDbLine
 10
2.0285168897637793
 20
0.6873531496062992
 30
0
 11
2.032283464566929
 21
0.6881023622047244
 31
0
  0
LINE
  5
2A2
330
1A
100
AcDbEntity
  8
BLACK
  6
CONTINUOUS
100
AcDbLine
 10
2.032283464566929
 20
0.6881023622047244
 30
0
 11
2.0677165354330707
 21
0.6881023622047244
 31
0
  0
LINE
  5
2A3
330
1A
100
AcDbEntity
  8
BLACK
  6
CONTINUOUS
100
AcDbLine
 10
2.0677165354330707
 20
0.6881023622047244
 30
0
 11
2.0714831102362203
 21
0.6873531496062992
 31
0
  0
LINE
  5
2A4
330
1A
100
AcDbEntity
  8
BLACK
  6
CONTINUOUS
100
AcDbLine
 10
1.7122508267716534
 20
0.706809842519685
 30
0
 11
1.7154439763779528
 21
0.7046762598425197
 31
0
  0
LINE
  5
2A5
330
1A
100
AcDbEntity
  8
BLACK
  6
CONTINUOUS
100
AcDbLine
 10
1.7154439763779528
 20
0.7046762598425197
 30
0
 11
1.7175775590551181
 21
0.7014831102362205
 31
0
  0
LINE
  5
2A6
330
1A
100
AcDbEntity
  8
BLACK
  6
CONTINUOUS
100
AcDbLine
 10
1.7175775590551181
 20
0.7014831102362205
 30
0
 11
1.7183267716535433
 21
0.6977165354330709
 31
0
  0
LINE
  5
2A7
330
1A
100
AcDbEntity
  8
BLACK
  6
CONTINUOUS
100
AcDbLine
 10
1.7183267716535433
 20
0.6977165354330709
 30
0
 11
1.7183267716535433
 21
0.6622834645669291
 31
0
  0
LINE
  5
2A8
330
1A
100
AcDbEntity
  8
BLACK
  6
CONTINUOUS
100
AcDbLine
 10
1.7183267716535433
 20
0.6622834645669291
 30
0
 11
1.7175775590551181
 21
0.6585168897637795
 31
0
  0
LINE
  5
2A9
330
1A
100
AcDbEntity
  8
BLACK
  6
CONTINUOUS
100
AcDbLine
 10
1.7175775590551181
 20
0.6585168897637795
 30
0
 11
1.7154439763779528
 21
0.6553237401574803
 31
0
  0
LINE
  5
2AA
330
1A
100
AcDbEntity
  8
BLACK
  6
CONTINUOUS
100
AcDbLine
 10
1.7154439763779528
 20
0.6553237401574803
 30
0
 11
1.7122508267716534
 21
0.6531901574803149
 31
0
  0
LINE
  5
2AB
330
1A
100
AcDbEntity
  8
BLACK
  6
CONTINUOUS
100
AcDbLine
 10
1.7122508267716534
 20
0.6531901574803149
 30
0
 11
1.708484251968504
 21
0.6524409448818898
 31
0
  0
LINE
  5
2AC
330
1A
100
AcDbEntity
  8
BLACK
  6
CONTINUOUS
100
AcDbLine
 10
1.708484251968504
 20
0.6524409448818898
 30
0
 11
1.6878149606299213
 21
0.6524409448818898
 31
0
  0
LINE
  5
2AD
330
1A
100
AcDbEntity
  8
BLACK
  6
CONTINUOUS
100
AcDbLine
 10
1.6878149606299213
 20
0.6524409448818898
 30
0
 11
1.6840483858267716
 21
0.6531901574803149
 31
0
  0
LINE
  5
2AE
330
1A
100
AcDbEntity
  8
BLACK
  6
CONTINUOUS
100
AcDbLine
 10
1.6840483858267716
 20
0.6531901574803149
 30
0
 11
1.6808552362204725
 21
0.6553237401574803
 31
0
  0
LINE
  5
2AF
330
1A
100
AcDbEntity
  8
BLACK
  6
CONTINUOUS
100
AcDbLine
 10
1.6808552362204725
 20
0.6553237401574803
 30
0
 11
1.6787216535433072
 21
0.6585168897637795
 31
0
  0
LINE
  5
2B0
330
1A
100
AcDbEntity
  8
BLACK
  6
CONTINUOUS
100
AcDbLine
 10
1.6787216535433072
 20
0.6585168897637795
 30
0
 11
1.677972440944882
 21
0.6622834645669291
 31
0
  0
LINE
  5
2B1
330
1A
100
AcDbEntity
  8
BLACK
  6
CONTINUOUS
100
AcDbLine
 10
1.677972440944882
 20
0.6622834645669291
 30
0
 11
1.677972440944882
 21
0.6977165354330709
 31
0
  0
LINE
  5
2B2
330
1A
100
AcDbEntity
  8
BLACK
  6
CONTINUOUS
100
AcDbLine
 10
1.677972440944882
 20
0.6977165354330709
 30
0
 11
1.6787216535433072
 21
0.7014831102362205
 31
0
  0
LINE
  5
2B3
330
1A
100
AcDbEntity
  8
BLACK
  6
CONTINUOUS
100
AcDbLine
 10
1.6787216535433072
 20
0.7014831102362205
 30
0
 11
1.6808552362204725
 21
0.7046762598425197
 31
0
  0
LINE
  5
2B4
330
1A
100
AcDbEntity
  8
BLACK
  6
CONTINUOUS
100
AcDbLine
 10
1.6808552362204725
 20
0.7046762598425197
 30
0
 11
1.6840483858267716
 21
0.706809842519685
 31
0
  0
LINE
  5
2B5
330
1A
100
AcDbEntity
  8
BLACK
  6
CONTINUOUS
100
AcDbLine
 10
1.6840483858267716
 20
0.706809842519685
 30
0
 11
1.6878149606299213
 21
0.7075590551181102
 31
0
  0
LINE
  5
2B6
330
1A
100
AcDbEntity
  8
BLACK
  6
CONTINUOUS
100
AcDbLine
 10
1.6878149606299213
 20
0.7075590551181102
 30
0
 11
1.708484251968504
 21
0.7075590551181102
 31
0
  0
LINE
  5
2B7
330
1A
100
AcDbEntity
  8
BLACK
  6
CONTINUOUS
100
AcDbLine
 10
1.708484251968504
 20
0.7075590551181102
 30
0
 11
1.7122508267716534
 21
0.706809842519685
 31
0
  0
LINE
  5
2B8
330
1A
100
AcDbEntity
  8
BLACK
  6
CONTINUOUS
100
AcDbLine
 10
1.7841012204724409
 20
0.706809842519685
 30
0
 11
1.78729437007874
 21
0.7046762598425197
 31
0
  0
LINE
  5
2B9
330
1A
100
AcDbEntity
  8
BLACK
  6
CONTINUOUS
100
AcDbLine
 10
1.78729437007874
 20
0.7046762598425197
 30
0
 11
1.7894279527559054
 21
0.7014831102362205
 31
0
  0
LINE
  5
2BA
330
1A
100
AcDbEntity
  8
BLACK
  6
CONTINUOUS
100
AcDbLine
 10
1.7894279527559054
 20
0.7014831102362205
 30
0
 11
1.7901771653543306
 21
0.6977165354330709
 31
0
  0
LINE
  5
2BB
330
1A
100
AcDbEntity
  8
BLACK
  6
CONTINUOUS
100
AcDbLine
 10
1.7901771653543306
 20
0.6977165354330709
 30
0
 11
1.7901771653543306
 21
0.6622834645669291
 31
0
  0
LINE
  5
2BC
330
1A
100
AcDbEntity
  8
BLACK
  6
CONTINUOUS
100
AcDbLine
 10
1.7901771653543306
 20
0.6622834645669291
 30
0
 11
1.7894279527559054
 21
0.6585168897637795
 31
0
  0
LINE
  5
2BD
330
1A
100
AcDbEntity
  8
BLACK
  6
CONTINUOUS
100
AcDbLine
 10
1.7894279527559054
 20
0.6585168897637795
 30
0
 11
1.78729437007874
 21
0.6553237401574803
 31
0
  0
LINE
  5
2BE
330
1A
100
AcDbEntity
  8
BLACK
  6
CONTINUOUS
100
AcDbLine
 10
1.78729437007874
 20
0.6553237401574803
 30
0
 11
1.7841012204724409
 21
0.6531901574803149
 31
0
  0
LINE
  5
2BF
330
1A
100
AcDbEntity
  8
BLACK
  6
CONTINUOUS
100
AcDbLine
 10
1.7841012204724409
 20
0.6531901574803149
 30
0
 11
1.7803346456692912
 21
0.6524409448818898
 31
0
  0
LINE
  5
2C0
330
1A
100
AcDbEntity
  8
BLACK
  6
CONTINUOUS
100
AcDbLine
 10
1.7803346456692912
 20
0.6524409448818898
 30
0
 11
1.7596653543307086
 21
0.6524409448818898
 31
0
  0
LINE
  5
2C1
330
1A
100
AcDbEntity
  8
BLACK
  6
CONTINUOUS
100
AcDbLine
 10
1.7596653543307086
 20
0.6524409448818898
 30
0
 11
1.7558987795275589
 21
0.6531901574803149
 31
0
  0
LINE
  5
2C2
330
1A
100
AcDbEntity
  8
BLACK
  6
CONTINUOUS
100
AcDbLine
 10
1.7558987795275589
 20
0.6531901574803149
 30
0
 11
1.7527056299212598
 21
0.6553237401574803
 31
0
  0
LINE
  5
2C3
330
1A
100
AcDbEntity
  8
BLACK
  6
CONTINUOUS
100
AcDbLine
 10
1.7527056299212598
 20
0.6553237401574803
 30
0
 11
1.7505720472440944
 21
0.6585168897637795
 31
0
  0
LINE
  5
2C4
330
1A
100
AcDbEntity
  8
BLACK
  6
CONTINUOUS
100
AcDbLine
 10
1.7505720472440944
 20
0.6585168897637795
 30
0
 11
1.7498228346456692
 21
0.6622834645669291
 31
0
  0
LINE
  5
2C5
330
1A
100
AcDbEntity
  8
BLACK
  6
CONTINUOUS
100
AcDbLine
 10
1.7498228346456692
 20
0.6622834645669291
 30
0
 11
1.7498228346456692
 21
0.6977165354330709
 31
0
  0
LINE
  5
2C6
330
1A
100
AcDbEntity
  8
BLACK
  6
CONTINUOUS
100
AcDbLine
 10
1.7498228346456692
 20
0.6977165354330709
 30
0
 11
1.7505720472440944
 21
0.7014831102362205
 31
0
  0
LINE
  5
2C7
330
1A
100
AcDbEntity
  8
BLACK
  6
CONTINUOUS
100
AcDbLine
 10
1.7505720472440944
 20
0.7014831102362205
 30
0
 11
1.7527056299212598
 21
0.7046762598425197
 31
0
  0
LINE
  5
2C8
330
1A
100
AcDbEntity
  8
BLACK
  6
CONTINUOUS
100
AcDbLine
 10
1.7527056299212598
 20
0.7046762598425197
 30
0
 11
1.7558987795275589
 21
0.706809842519685
 31
0
  0
LINE
  5
2C9
330
1A
100
AcDbEntity
  8
BLACK
  6
CONTINUOUS
100
AcDbLine
 10
1.7558987795275589
 20
0.706809842519685
 30
0
 11
1.7596653543307086
 21
0.7075590551181102
 31
0
  0
LINE
  5
2CA
330
1A
100
AcDbEntity
  8
BLACK
  6
CONTINUOUS
100
AcDbLine
 10
1.7596653543307086
 20
0.7075590551181102
 30
0
 11
1.7803346456692912
 21
0.7075590551181102
 31
0
  0
LINE
  5
2CB
330
1A
100
AcDbEntity
  8
BLACK
  6
CONTINUOUS
100
AcDbLine
 10
1.7803346456692912
 20
0.7075590551181102
 30
0
 11
1.7841012204724409
 21
0.706809842519685
 31
0
  0
LINE
  5
2CC
330
1A
100
AcDbEntity
  8
BLACK
  6
CONTINUOUS
100
AcDbLine
 10
0.4247244094488189
 20
0.655251968503937
 30
0
 11
0.3932283464566929
 21
0.655251968503937
 31
0
  0
LINE
  5
2CD
330
1A
100
AcDbEntity
  8
BLACK
  6
CONTINUOUS
100
AcDbLine
 10
0.3932283464566929
 20
0.655251968503937
 30
0
 11
0.3932283464566929
 21
0.6670629921259842
 31
0
  0
LINE
  5
2CE
330
1A
100
AcDbEntity
  8
BLACK
  6
CONTINUOUS
100
AcDbLine
 10
0.3932283464566929
 20
0.6670629921259842
 30
0
 11
0.4247244094488189
 21
0.6670629921259842
 31
0
  0
LINE
  5
2CF
330
1A
100
AcDbEntity
  8
BLACK
  6
CONTINUOUS
100
AcDbLine
 10
0.4247244094488189
 20
0.6670629921259842
 30
0
 11
0.4247244094488189
 21
0.655251968503937
 31
0
  0
LINE
  5
2D0
330
1A
100
AcDbEntity
  8
BLACK
  6
CONTINUOUS
100
AcDbLine
 10
0.546771653543307
 20
0.655251968503937
 30
0
 11
0.5152755905511811
 21
0.655251968503937
 31
0
  0
LINE
  5
2D1
330
1A
100
AcDbEntity
  8
BLACK
  6
CONTINUOUS
100
AcDbLine
 10
0.5152755905511811
 20
0.655251968503937
 30
0
 11
0.5152755905511811
 21
0.6670629921259842
 31
0
  0
LINE
  5
2D2
330
1A
100
AcDbEntity
  8
BLACK
  6
CONTINUOUS
100
AcDbLine
 10
0.5152755905511811
 20
0.6670629921259842
 30
0
 11
0.546771653543307
 21
0.6670629921259842
 31
0
  0
LINE
  5
2D3
330
1A
100
AcDbEntity
  8
BLACK
  6
CONTINUOUS
100
AcDbLine
 10
0.546771653543307
 20
0.6670629921259842
 30
0
 11
0.546771653543307
 21
0.655251968503937
 31
0
  0
LINE
  5
2D4
330
1A
100
AcDbEntity
  8
BLACK
  6
CONTINUOUS
100
AcDbLine
 10
1.8674673622047244
 20
0.7073374015748032
 30
0
 11
1.8706605118110236
 21
0.7052038188976377
 31
0
  0
LINE
  5
2D5
330
1A
100
AcDbEntity
  8
BLACK
  6
CONTINUOUS
100
AcDbLine
 10
1.8706605118110236
 20
0.7052038188976377
 30
0
 11
1.8727940944881889
 21
0.7020106692913386
 31
0
  0
LINE
  5
2D6
330
1A
100
AcDbEntity
  8
BLACK
  6
CONTINUOUS
100
AcDbLine
 10
1.8727940944881889
 20
0.7020106692913386
 30
0
 11
1.8735433070866141
 21
0.6982440944881889
 31
0
  0
LINE
  5
2D7
330
1A
100
AcDbEntity
  8
BLACK
  6
CONTINUOUS
100
AcDbLine
 10
1.8735433070866141
 20
0.6982440944881889
 30
0
 11
1.8735433070866141
 21
0.6785590551181102
 31
0
  0
LINE
  5
2D8
330
1A
100
AcDbEntity
  8
BLACK
  6
CONTINUOUS
100
AcDbLine
 10
1.8735433070866141
 20
0.6785590551181102
 30
0
 11
1.8727940944881889
 21
0.6747924803149606
 31
0
  0
LINE
  5
2D9
330
1A
100
AcDbEntity
  8
BLACK
  6
CONTINUOUS
100
AcDbLine
 10
1.8727940944881889
 20
0.6747924803149606
 30
0
 11
1.8706605118110236
 21
0.6715993307086614
 31
0
  0
LINE
  5
2DA
330
1A
100
AcDbEntity
  8
BLACK
  6
CONTINUOUS
100
AcDbLine
 10
1.8706605118110236
 20
0.6715993307086614
 30
0
 11
1.8674673622047244
 21
0.6694657480314961
 31
0
  0
LINE
  5
2DB
330
1A
100
AcDbEntity
  8
BLACK
  6
CONTINUOUS
100
AcDbLine
 10
1.8674673622047244
 20
0.6694657480314961
 30
0
 11
1.8637007874015747
 21
0.6687165354330709
 31
0
  0
LINE
  5
2DC
330
1A
100
AcDbEntity
  8
BLACK
  6
CONTINUOUS
100
AcDbLine
 10
1.8637007874015747
 20
0.6687165354330709
 30
0
 11
1.8262992125984252
 21
0.6687165354330709
 31
0
  0
LINE
  5
2DD
330
1A
100
AcDbEntity
  8
BLACK
  6
CONTINUOUS
100
AcDbLine
 10
1.8262992125984252
 20
0.6687165354330709
 30
0
 11
1.8225326377952755
 21
0.6694657480314961
 31
0
  0
LINE
  5
2DE
330
1A
100
AcDbEntity
  8
BLACK
  6
CONTINUOUS
100
AcDbLine
 10
1.8225326377952755
 20
0.6694657480314961
 30
0
 11
1.8193394881889764
 21
0.6715993307086614
 31
0
  0
LINE
  5
2DF
330
1A
100
AcDbEntity
  8
BLACK
  6
CONTINUOUS
100
AcDbLine
 10
1.8193394881889764
 20
0.6715993307086614
 30
0
 11
1.817205905511811
 21
0.6747924803149606
 31
0
  0
LINE
  5
2E0
330
1A
100
AcDbEntity
  8
BLACK
  6
CONTINUOUS
100
AcDbLine
 10
1.817205905511811
 20
0.6747924803149606
 30
0
 11
1.8164566929133859
 21
0.6785590551181102
 31
0
  0
LINE
  5
2E1
330
1A
100
AcDbEntity
  8
BLACK
  6
CONTINUOUS
100
AcDbLine
 10
1.8164566929133859
 20
0.6785590551181102
 30
0
 11
1.8164566929133859
 21
0.6982440944881889
 31
0
  0
LINE
  5
2E2
330
1A
100
AcDbEntity
  8
BLACK
  6
CONTINUOUS
100
AcDbLine
 10
1.8164566929133859
 20
0.6982440944881889
 30
0
 11
1.817205905511811
 21
0.7020106692913386
 31
0
  0
LINE
  5
2E3
330
1A
100
AcDbEntity
  8
BLACK
  6
CONTINUOUS
100
AcDbLine
 10
1.817205905511811
 20
0.7020106692913386
 30
0
 11
1.8193394881889764
 21
0.7052038188976377
 31
0
  0
LINE
  5
2E4
330
1A
100
AcDbEntity
  8
BLACK
  6
CONTINUOUS
100
AcDbLine
 10
1.8193394881889764
 20
0.7052038188976377
 30
0
 11
1.8225326377952755
 21
0.7073374015748032
 31
0
  0
LINE
  5
2E5
330
1A
100
AcDbEntity
  8
BLACK
  6
CONTINUOUS
100
AcDbLine
 10
1.8225326377952755
 20
0.7073374015748032
 30
0
 11
1.8262992125984252
 21
0.7080866141732284
 31
0
  0
LINE
  5
2E6
330
1A
100
AcDbEntity
  8
BLACK
  6
CONTINUOUS
100
AcDbLine
 10
1.8262992125984252
 20
0.7080866141732284
 30
0
 11
1.8637007874015747
 21
0.7080866141732284
 31
0
  0
LINE
  5
2E7
330
1A
100
AcDbEntity
  8
BLACK
  6
CONTINUOUS
100
AcDbLine
 10
1.8637007874015747
 20
0.7080866141732284
 30
0
 11
1.8674673622047244
 21
0.7073374015748032
 31
0
  0
LINE
  5
2E8
330
1A
100
AcDbEntity
  8
BLACK
  6
CONTINUOUS
100
AcDbLine
 10
0.4247244094488189
 20
0.6749370078740158
 30
0
 11
0.3932283464566929
 21
0.6749370078740158
 31
0
  0
LINE
  5
2E9
330
1A
100
AcDbEntity
  8
BLACK
  6
CONTINUOUS
100
AcDbLine
 10
0.3932283464566929
 20
0.6749370078740158
 30
0
 11
0.3932283464566929
 21
0.686748031496063
 31
0
  0
LINE
  5
2EA
330
1A
100
AcDbEntity
  8
BLACK
  6
CONTINUOUS
100
AcDbLine
 10
0.3932283464566929
 20
0.686748031496063
 30
0
 11
0.4247244094488189
 21
0.686748031496063
 31
0
  0
LINE
  5
2EB
330
1A
100
AcDbEntity
  8
BLACK
  6
CONTINUOUS
100
AcDbLine
 10
0.4247244094488189
 20
0.686748031496063
 30
0
 11
0.4247244094488189
 21
0.6749370078740158
 31
0
  0
LINE
  5
2EC
330
1A
100
AcDbEntity
  8
BLACK
  6
CONTINUOUS
100
AcDbLine
 10
0.546771653543307
 20
0.6749370078740158
 30
0
 11
0.5152755905511811
 21
0.6749370078740158
 31
0
  0
LINE
  5
2ED
330
1A
100
AcDbEntity
  8
BLACK
  6
CONTINUOUS
100
AcDbLine
 10
0.5152755905511811
 20
0.6749370078740158
 30
0
 11
0.5152755905511811
 21
0.686748031496063
 31
0
  0
LINE
  5
2EE
330
1A
100
AcDbEntity
  8
BLACK
  6
CONTINUOUS
100
AcDbLine
 10
0.5152755905511811
 20
0.686748031496063
 30
0
 11
0.546771653543307
 21
0.686748031496063
 31
0
  0
LINE
  5
2EF
330
1A
100
AcDbEntity
  8
BLACK
  6
CONTINUOUS
100
AcDbLine
 10
0.546771653543307
 20
0.686748031496063
 30
0
 11
0.546771653543307
 21
0.6749370078740158
 31
0
  0
LINE
  5
2F0
330
1A
100
AcDbEntity
  8
BLACK
  6
CONTINUOUS
100
AcDbLine
 10
0.9387638976377952
 20
0.7358496850393701
 30
0
 11
0.9406797637795276
 21
0.7345695275590551
 31
0
  0
LINE
  5
2F1
330
1A
100
AcDbEntity
  8
BLACK
  6
CONTINUOUS
100
AcDbLine
 10
0.9406797637795276
 20
0.7345695275590551
 30
0
 11
0.9419599212598425
 21
0.7326536614173228
 31
0
  0
LINE
  5
2F2
330
1A
100
AcDbEntity
  8
BLACK
  6
CONTINUOUS
100
AcDbLine
 10
0.9419599212598425
 20
0.7326536614173228
 30
0
 11
0.9424094488188977
 21
0.7303937007874015
 31
0
  0
LINE
  5
2F3
330
1A
100
AcDbEntity
  8
BLACK
  6
CONTINUOUS
100
AcDbLine
 10
0.9424094488188977
 20
0.7303937007874015
 30
0
 11
0.9424094488188977
 21
0.6900393700787402
 31
0
  0
LINE
  5
2F4
330
1A
100
AcDbEntity
  8
BLACK
  6
CONTINUOUS
100
AcDbLine
 10
0.9424094488188977
 20
0.6900393700787402
 30
0
 11
0.9419599212598425
 21
0.6877794094488189
 31
0
  0
LINE
  5
2F5
330
1A
100
AcDbEntity
  8
BLACK
  6
CONTINUOUS
100
AcDbLine
 10
0.9419599212598425
 20
0.6877794094488189
 30
0
 11
0.9406797637795276
 21
0.6858635433070867
 31
0
  0
LINE
  5
2F6
330
1A
100
AcDbEntity
  8
BLACK
  6
CONTINUOUS
100
AcDbLine
 10
0.9406797637795276
 20
0.6858635433070867
 30
0
 11
0.9387638976377952
 21
0.6845833858267716
 31
0
  0
LINE
  5
2F7
330
1A
100
AcDbEntity
  8
BLACK
  6
CONTINUOUS
100
AcDbLine
 10
0.9387638976377952
 20
0.6845833858267716
 30
0
 11
0.936503937007874
 21
0.6841338582677166
 31
0
  0
LINE
  5
2F8
330
1A
100
AcDbEntity
  8
BLACK
  6
CONTINUOUS
100
AcDbLine
 10
0.936503937007874
 20
0.6841338582677166
 30
0
 11
0.9246929133858267
 21
0.6841338582677166
 31
0
  0
LINE
  5
2F9
330
1A
100
AcDbEntity
  8
BLACK
  6
CONTINUOUS
100
AcDbLine
 10
0.9246929133858267
 20
0.6841338582677166
 30
0
 11
0.9224329527559055
 21
0.6845833858267716
 31
0
  0
LINE
  5
2FA
330
1A
100
AcDbEntity
  8
BLACK
  6
CONTINUOUS
100
AcDbLine
 10
0.9224329527559055
 20
0.6845833858267716
 30
0
 11
0.9205170866141732
 21
0.6858635433070867
 31
0
  0
LINE
  5
2FB
330
1A
100
AcDbEntity
  8
BLACK
  6
CONTINUOUS
100
AcDbLine
 10
0.9205170866141732
 20
0.6858635433070867
 30
0
 11
0.9192369291338582
 21
0.6877794094488189
 31
0
  0
LINE
  5
2FC
330
1A
100
AcDbEntity
  8
BLACK
  6
CONTINUOUS
100
AcDbLine
 10
0.9192369291338582
 20
0.6877794094488189
 30
0
 11
0.9187874015748031
 21
0.6900393700787402
 31
0
  0
LINE
  5
2FD
330
1A
100
AcDbEntity
  8
BLACK
  6
CONTINUOUS
100
AcDbLine
 10
0.9187874015748031
 20
0.6900393700787402
 30
0
 11
0.9187874015748031
 21
0.7303937007874015
 31
0
  0
LINE
  5
2FE
330
1A
100
AcDbEntity
  8
BLACK
  6
CONTINUOUS
100
AcDbLine
 10
0.9187874015748031
 20
0.7303937007874015
 30
0
 11
0.9192369291338582
 21
0.7326536614173228
 31
0
  0
LINE
  5
2FF
330
1A
100
AcDbEntity
  8
BLACK
  6
CONTINUOUS
100
AcDbLine
 10
0.9192369291338582
 20
0.7326536614173228
 30
0
 11
0.9205170866141732
 21
0.7345695275590551
 31
0
  0
LINE
  5
300
330
1A
100
AcDbEntity
  8
BLACK
  6
CONTINUOUS
100
AcDbLine
 10
0.9205170866141732
 20
0.7345695275590551
 30
0
 11
0.9224329527559055
 21
0.7358496850393701
 31
0
  0
LINE
  5
301
330
1A
100
AcDbEntity
  8
BLACK
  6
CONTINUOUS
100
AcDbLine
 10
0.9224329527559055
 20
0.7358496850393701
 30
0
 11
0.9246929133858267
 21
0.7362992125984252
 31
0
  0
LINE
  5
302
330
1A
100
AcDbEntity
  8
BLACK
  6
CONTINUOUS
100
AcDbLine
 10
0.9246929133858267
 20
0.7362992125984252
 30
0
 11
0.936503937007874
 21
0.7362992125984252
 31
0
  0
LINE
  5
303
330
1A
100
AcDbEntity
  8
BLACK
  6
CONTINUOUS
100
AcDbLine
 10
0.936503937007874
 20
0.7362992125984252
 30
0
 11
0.9387638976377952
 21
0.7358496850393701
 31
0
  0
LINE
  5
304
330
1A
100
AcDbEntity
  8
BLACK
  6
CONTINUOUS
100
AcDbLine
 10
1.0135670472440945
 20
0.7358496850393701
 30
0
 11
1.0154829133858267
 21
0.7345695275590551
 31
0
  0
LINE
  5
305
330
1A
100
AcDbEntity
  8
BLACK
  6
CONTINUOUS
100
AcDbLine
 10
1.0154829133858267
 20
0.7345695275590551
 30
0
 11
1.0167630708661417
 21
0.7326536614173228
 31
0
  0
LINE
  5
306
330
1A
100
AcDbEntity
  8
BLACK
  6
CONTINUOUS
100
AcDbLine
 10
1.0167630708661417
 20
0.7326536614173228
 30
0
 11
1.0172125984251967
 21
0.7303937007874015
 31
0
  0
LINE
  5
307
330
1A
100
AcDbEntity
  8
BLACK
  6
CONTINUOUS
100
AcDbLine
 10
1.0172125984251967
 20
0.7303937007874015
 30
0
 11
1.0172125984251967
 21
0.6900393700787402
 31
0
  0
LINE
  5
308
330
1A
100
AcDbEntity
  8
BLACK
  6
CONTINUOUS
100
AcDbLine
 10
1.0172125984251967
 20
0.6900393700787402
 30
0
 11
1.0167630708661417
 21
0.6877794094488189
 31
0
  0
LINE
  5
309
330
1A
100
AcDbEntity
  8
BLACK
  6
CONTINUOUS
100
AcDbLine
 10
1.0167630708661417
 20
0.6877794094488189
 30
0
 11
1.0154829133858267
 21
0.6858635433070867
 31
0
  0
LINE
  5
30A
330
1A
100
AcDbEntity
  8
BLACK
  6
CONTINUOUS
100
AcDbLine
 10
1.0154829133858267
 20
0.6858635433070867
 30
0
 11
1.0135670472440945
 21
0.6845833858267716
 31
0
  0
LINE
  5
30B
330
1A
100
AcDbEntity
  8
BLACK
  6
CONTINUOUS
100
AcDbLine
 10
1.0135670472440945
 20
0.6845833858267716
 30
0
 11
1.0113070866141731
 21
0.6841338582677166
 31
0
  0
LINE
  5
30C
330
1A
100
AcDbEntity
  8
BLACK
  6
CONTINUOUS
100
AcDbLine
 10
1.0113070866141731
 20
0.6841338582677166
 30
0
 11
0.999496062992126
 21
0.6841338582677166
 31
0
  0
LINE
  5
30D
330
1A
100
AcDbEntity
  8
BLACK
  6
CONTINUOUS
100
AcDbLine
 10
0.999496062992126
 20
0.6841338582677166
 30
0
 11
0.9972361023622047
 21
0.6845833858267716
 31
0
  0
LINE
  5
30E
330
1A
100
AcDbEntity
  8
BLACK
  6
CONTINUOUS
100
AcDbLine
 10
0.9972361023622047
 20
0.6845833858267716
 30
0
 11
0.9953202362204724
 21
0.6858635433070867
 31
0
  0
LINE
  5
30F
330
1A
100
AcDbEntity
  8
BLACK
  6
CONTINUOUS
100
AcDbLine
 10
0.9953202362204724
 20
0.6858635433070867
 30
0
 11
0.9940400787401574
 21
0.6877794094488189
 31
0
  0
LINE
  5
310
330
1A
100
AcDbEntity
  8
BLACK
  6
CONTINUOUS
100
AcDbLine
 10
0.9940400787401574
 20
0.6877794094488189
 30
0
 11
0.9935905511811023
 21
0.6900393700787402
 31
0
  0
LINE
  5
311
330
1A
100
AcDbEntity
  8
BLACK
  6
CONTINUOUS
100
AcDbLine
 10
0.9935905511811023
 20
0.6900393700787402
 30
0
 11
0.9935905511811023
 21
0.7303937007874015
 31
0
  0
LINE
  5
312
330
1A
100
AcDbEntity
  8
BLACK
  6
CONTINUOUS
100
AcDbLine
 10
0.9935905511811023
 20
0.7303937007874015
 30
0
 11
0.9940400787401574
 21
0.7326536614173228
 31
0
  0
LINE
  5
313
330
1A
100
AcDbEntity
  8
BLACK
  6
CONTINUOUS
100
AcDbLine
 10
0.9940400787401574
 20
0.7326536614173228
 30
0
 11
0.9953202362204724
 21
0.7345695275590551
 31
0
  0
LINE
  5
314
330
1A
100
AcDbEntity
  8
BLACK
  6
CONTINUOUS
100
AcDbLine
 10
0.9953202362204724
 20
0.7345695275590551
 30
0
 11
0.9972361023622047
 21
0.7358496850393701
 31
0
  0
LINE
  5
315
330
1A
100
AcDbEntity
  8
BLACK
  6
CONTINUOUS
100
AcDbLine
 10
0.9972361023622047
 20
0.7358496850393701
 30
0
 11
0.999496062992126
 21
0.7362992125984252
 31
0
  0
LINE
  5
316
330
1A
100
AcDbEntity
  8
BLACK
  6
CONTINUOUS
100
AcDbLine
 10
0.999496062992126
 20
0.7362992125984252
 30
0
 11
1.0113070866141731
 21
0.7362992125984252
 31
0
  0
LINE
  5
317
330
1A
100
AcDbEntity
  8
BLACK
  6
CONTINUOUS
100
AcDbLine
 10
1.0113070866141731
 20
0.7362992125984252
 30
0
 11
1.0135670472440945
 21
0.7358496850393701
 31
0
  0
LINE
  5
318
330
1A
100
AcDbEntity
  8
BLACK
  6
CONTINUOUS
100
AcDbLine
 10
0.4247244094488189
 20
0.6946220472440945
 30
0
 11
0.3932283464566929
 21
0.6946220472440945
 31
0
  0
LINE
  5
319
330
1A
100
AcDbEntity
  8
BLACK
  6
CONTINUOUS
100
AcDbLine
 10
0.3932283464566929
 20
0.6946220472440945
 30
0
 11
0.3932283464566929
 21
0.7064330708661417
 31
0
  0
LINE
  5
31A
330
1A
100
AcDbEntity
  8
BLACK
  6
CONTINUOUS
100
AcDbLine
 10
0.3932283464566929
 20
0.7064330708661417
 30
0
 11
0.4247244094488189
 21
0.7064330708661417
 31
0
  0
LINE
  5
31B
330
1A
100
AcDbEntity
  8
BLACK
  6
CONTINUOUS
100
AcDbLine
 10
0.4247244094488189
 20
0.7064330708661417
 30
0
 11
0.4247244094488189
 21
0.6946220472440945
 31
0
  0
LINE
  5
31C
330
1A
100
AcDbEntity
  8
BLACK
  6
CONTINUOUS
100
AcDbLine
 10
0.546771653543307
 20
0.6946220472440945
 30
0
 11
0.5152755905511811
 21
0.6946220472440945
 31
0
  0
LINE
  5
31D
330
1A
100
AcDbEntity
  8
BLACK
  6
CONTINUOUS
100
AcDbLine
 10
0.5152755905511811
 20
0.6946220472440945
 30
0
 11
0.5152755905511811
 21
0.7064330708661417
 31
0
  0
LINE
  5
31E
330
1A
100
AcDbEntity
  8
BLACK
  6
CONTINUOUS
100
AcDbLine
 10
0.5152755905511811
 20
0.7064330708661417
 30
0
 11
0.546771653543307
 21
0.7064330708661417
 31
0
  0
LINE
  5
31F
330
1A
100
AcDbEntity
  8
BLACK
  6
CONTINUOUS
100
AcDbLine
 10
0.546771653543307
 20
0.7064330708661417
 30
0
 11
0.546771653543307
 21
0.6946220472440945
 31
0
  0
LINE
  5
320
330
1A
100
AcDbEntity
  8
BLACK
  6
CONTINUOUS
100
AcDbLine
 10
1.3892075196850393
 20
0.7697940944881889
 30
0
 11
1.3924006692913387
 21
0.7676605118110236
 31
0
  0
LINE
  5
321
330
1A
100
AcDbEntity
  8
BLACK
  6
CONTINUOUS
100
AcDbLine
 10
1.3924006692913387
 20
0.7676605118110236
 30
0
 11
1.394534251968504
 21
0.7644673622047244
 31
0
  0
LINE
  5
322
330
1A
100
AcDbEntity
  8
BLACK
  6
CONTINUOUS
100
AcDbLine
 10
1.394534251968504
 20
0.7644673622047244
 30
0
 11
1.3952834645669292
 21
0.7607007874015748
 31
0
  0
LINE
  5
323
330
1A
100
AcDbEntity
  8
BLACK
  6
CONTINUOUS
100
AcDbLine
 10
1.3952834645669292
 20
0.7607007874015748
 30
0
 11
1.3952834645669292
 21
0.7232992125984252
 31
0
  0
LINE
  5
324
330
1A
100
AcDbEntity
  8
BLACK
  6
CONTINUOUS
100
AcDbLine
 10
1.3952834645669292
 20
0.7232992125984252
 30
0
 11
1.394534251968504
 21
0.7195326377952755
 31
0
  0
LINE
  5
325
330
1A
100
AcDbEntity
  8
BLACK
  6
CONTINUOUS
100
AcDbLine
 10
1.394534251968504
 20
0.7195326377952755
 30
0
 11
1.3924006692913387
 21
0.7163394881889764
 31
0
  0
LINE
  5
326
330
1A
100
AcDbEntity
  8
BLACK
  6
CONTINUOUS
100
AcDbLine
 10
1.3924006692913387
 20
0.7163394881889764
 30
0
 11
1.3892075196850393
 21
0.714205905511811
 31
0
  0
LINE
  5
327
330
1A
100
AcDbEntity
  8
BLACK
  6
CONTINUOUS
100
AcDbLine
 10
1.3892075196850393
 20
0.714205905511811
 30
0
 11
1.3854409448818896
 21
0.7134566929133858
 31
0
  0
LINE
  5
328
330
1A
100
AcDbEntity
  8
BLACK
  6
CONTINUOUS
100
AcDbLine
 10
1.3854409448818896
 20
0.7134566929133858
 30
0
 11
1.3657559055118109
 21
0.7134566929133858
 31
0
  0
LINE
  5
329
330
1A
100
AcDbEntity
  8
BLACK
  6
CONTINUOUS
100
AcDbLine
 10
1.3657559055118109
 20
0.7134566929133858
 30
0
 11
1.3619893307086615
 21
0.714205905511811
 31
0
  0
LINE
  5
32A
330
1A
100
AcDbEntity
  8
BLACK
  6
CONTINUOUS
100
AcDbLine
 10
1.3619893307086615
 20
0.714205905511811
 30
0
 11
1.3587961811023621
 21
0.7163394881889764
 31
0
  0
LINE
  5
32B
330
1A
100
AcDbEntity
  8
BLACK
  6
CONTINUOUS
100
AcDbLine
 10
1.3587961811023621
 20
0.7163394881889764
 30
0
 11
1.3566625984251968
 21
0.7195326377952755
 31
0
  0
LINE
  5
32C
330
1A
100
AcDbEntity
  8
BLACK
  6
CONTINUOUS
100
AcDbLine
 10
1.3566625984251968
 20
0.7195326377952755
 30
0
 11
1.3559133858267716
 21
0.7232992125984252
 31
0
  0
LINE
  5
32D
330
1A
100
AcDbEntity
  8
BLACK
  6
CONTINUOUS
100
AcDbLine
 10
1.3559133858267716
 20
0.7232992125984252
 30
0
 11
1.3559133858267716
 21
0.7607007874015748
 31
0
  0
LINE
  5
32E
330
1A
100
AcDbEntity
  8
BLACK
  6
CONTINUOUS
100
AcDbLine
 10
1.3559133858267716
 20
0.7607007874015748
 30
0
 11
1.3566625984251968
 21
0.7644673622047244
 31
0
  0
LINE
  5
32F
330
1A
100
AcDbEntity
  8
BLACK
  6
CONTINUOUS
100
AcDbLine
 10
1.3566625984251968
 20
0.7644673622047244
 30
0
 11
1.3587961811023621
 21
0.7676605118110236
 31
0
  0
LINE
  5
330
330
1A
100
AcDbEntity
  8
BLACK
  6
CONTINUOUS
100
AcDbLine
 10
1.3587961811023621
 20
0.7676605118110236
 30
0
 11
1.3619893307086615
 21
0.7697940944881889
 31
0
  0
LINE
  5
331
330
1A
100
AcDbEntity
  8
BLACK
  6
CONTINUOUS
100
AcDbLine
 10
1.3619893307086615
 20
0.7697940944881889
 30
0
 11
1.3657559055118109
 21
0.7705433070866141
 31
0
  0
LINE
  5
332
330
1A
100
AcDbEntity
  8
BLACK
  6
CONTINUOUS
100
AcDbLine
 10
1.3657559055118109
 20
0.7705433070866141
 30
0
 11
1.3854409448818896
 21
0.7705433070866141
 31
0
  0
LINE
  5
333
330
1A
100
AcDbEntity
  8
BLACK
  6
CONTINUOUS
100
AcDbLine
 10
1.3854409448818896
 20
0.7705433070866141
 30
0
 11
1.3892075196850393
 21
0.7697940944881889
 31
0
  0
LINE
  5
334
330
1A
100
AcDbEntity
  8
BLACK
  6
CONTINUOUS
100
AcDbLine
 10
1.4640106692913386
 20
0.7697940944881889
 30
0
 11
1.4672038188976377
 21
0.7676605118110236
 31
0
  0
LINE
  5
335
330
1A
100
AcDbEntity
  8
BLACK
  6
CONTINUOUS
100
AcDbLine
 10
1.4672038188976377
 20
0.7676605118110236
 30
0
 11
1.4693374015748031
 21
0.7644673622047244
 31
0
  0
LINE
  5
336
330
1A
100
AcDbEntity
  8
BLACK
  6
CONTINUOUS
100
AcDbLine
 10
1.4693374015748031
 20
0.7644673622047244
 30
0
 11
1.4700866141732283
 21
0.7607007874015748
 31
0
  0
LINE
  5
337
330
1A
100
AcDbEntity
  8
BLACK
  6
CONTINUOUS
100
AcDbLine
 10
1.4700866141732283
 20
0.7607007874015748
 30
0
 11
1.4700866141732283
 21
0.7232992125984252
 31
0
  0
LINE
  5
338
330
1A
100
AcDbEntity
  8
BLACK
  6
CONTINUOUS
100
AcDbLine
 10
1.4700866141732283
 20
0.7232992125984252
 30
0
 11
1.4693374015748031
 21
0.7195326377952755
 31
0
  0
LINE
  5
339
330
1A
100
AcDbEntity
  8
BLACK
  6
CONTINUOUS
100
AcDbLine
 10
1.4693374015748031
 20
0.7195326377952755
 30
0
 11
1.4672038188976377
 21
0.7163394881889764
 31
0
  0
LINE
  5
33A
330
1A
100
AcDbEntity
  8
BLACK
  6
CONTINUOUS
100
AcDbLine
 10
1.4672038188976377
 20
0.7163394881889764
 30
0
 11
1.4640106692913386
 21
0.714205905511811
 31
0
  0
LINE
  5
33B
330
1A
100
AcDbEntity
  8
BLACK
  6
CONTINUOUS
100
AcDbLine
 10
1.4640106692913386
 20
0.714205905511811
 30
0
 11
1.4602440944881889
 21
0.7134566929133858
 31
0
  0
LINE
  5
33C
330
1A
100
AcDbEntity
  8
BLACK
  6
CONTINUOUS
100
AcDbLine
 10
1.4602440944881889
 20
0.7134566929133858
 30
0
 11
1.4405590551181102
 21
0.7134566929133858
 31
0
  0
LINE
  5
33D
330
1A
100
AcDbEntity
  8
BLACK
  6
CONTINUOUS
100
AcDbLine
 10
1.4405590551181102
 20
0.7134566929133858
 30
0
 11
1.4367924803149605
 21
0.714205905511811
 31
0
  0
LINE
  5
33E
330
1A
100
AcDbEntity
  8
BLACK
  6
CONTINUOUS
100
AcDbLine
 10
1.4367924803149605
 20
0.714205905511811
 30
0
 11
1.4335993307086614
 21
0.7163394881889764
 31
0
  0
LINE
  5
33F
330
1A
100
AcDbEntity
  8
BLACK
  6
CONTINUOUS
100
AcDbLine
 10
1.4335993307086614
 20
0.7163394881889764
 30
0
 11
1.4314657480314961
 21
0.7195326377952755
 31
0
  0
LINE
  5
340
330
1A
100
AcDbEntity
  8
BLACK
  6
CONTINUOUS
100
AcDbLine
 10
1.4314657480314961
 20
0.7195326377952755
 30
0
 11
1.4307165354330709
 21
0.7232992125984252
 31
0
  0
LINE
  5
341
330
1A
100
AcDbEntity
  8
BLACK
  6
CONTINUOUS
100
AcDbLine
 10
1.4307165354330709
 20
0.7232992125984252
 30
0
 11
1.4307165354330709
 21
0.7607007874015748
 31
0
  0
LINE
  5
342
330
1A
100
AcDbEntity
  8
BLACK
  6
CONTINUOUS
100
AcDbLine
 10
1.4307165354330709
 20
0.7607007874015748
 30
0
 11
1.4314657480314961
 21
0.7644673622047244
 31
0
  0
LINE
  5
343
330
1A
100
AcDbEntity
  8
BLACK
  6
CONTINUOUS
100
AcDbLine
 10
1.4314657480314961
 20
0.7644673622047244
 30
0
 11
1.4335993307086614
 21
0.7676605118110236
 31
0
  0
LINE
  5
344
330
1A
100
AcDbEntity
  8
BLACK
  6
CONTINUOUS
100
AcDbLine
 10
1.4335993307086614
 20
0.7676605118110236
 30
0
 11
1.4367924803149605
 21
0.7697940944881889
 31
0
  0
LINE
  5
345
330
1A
100
AcDbEntity
  8
BLACK
  6
CONTINUOUS
100
AcDbLine
 10
1.4367924803149605
 20
0.7697940944881889
 30
0
 11
1.4405590551181102
 21
0.7705433070866141
 31
0
  0
LINE
  5
346
330
1A
100
AcDbEntity
  8
BLACK
  6
CONTINUOUS
100
AcDbLine
 10
1.4405590551181102
 20
0.7705433070866141
 30
0
 11
1.4602440944881889
 21
0.7705433070866141
 31
0
  0
LINE
  5
347
330
1A
100
AcDbEntity
  8
BLACK
  6
CONTINUOUS
100
AcDbLine
 10
1.4602440944881889
 20
0.7705433070866141
 30
0
 11
1.4640106692913386
 21
0.7697940944881889
 31
0
  0
LINE
  5
348
330
1A
100
AcDbEntity
  8
BLACK
  6
CONTINUOUS
100
AcDbLine
 10
2.2754909842519684
 20
0.8274003937007873
 30
0
 11
2.2786841338582677
 21
0.825266811023622
 31
0
  0
LINE
  5
349
330
1A
100
AcDbEntity
  8
BLACK
  6
CONTINUOUS
100
AcDbLine
 10
2.2786841338582677
 20
0.825266811023622
 30
0
 11
2.2808177165354331
 21
0.8220736614173229
 31
0
  0
LINE
  5
34A
330
1A
100
AcDbEntity
  8
BLACK
  6
CONTINUOUS
100
AcDbLine
 10
2.2808177165354331
 20
0.8220736614173229
 30
0
 11
2.2815669291338581
 21
0.8183070866141732
 31
0
  0
LINE
  5
34B
330
1A
100
AcDbEntity
  8
BLACK
  6
CONTINUOUS
100
AcDbLine
 10
2.2815669291338581
 20
0.8183070866141732
 30
0
 11
2.2815669291338581
 21
0.7316929133858268
 31
0
  0
LINE
  5
34C
330
1A
100
AcDbEntity
  8
BLACK
  6
CONTINUOUS
100
AcDbLine
 10
2.2815669291338581
 20
0.7316929133858268
 30
0
 11
2.2808177165354331
 21
0.7279263385826772
 31
0
  0
LINE
  5
34D
330
1A
100
AcDbEntity
  8
BLACK
  6
CONTINUOUS
100
AcDbLine
 10
2.2808177165354331
 20
0.7279263385826772
 30
0
 11
2.2786841338582677
 21
0.724733188976378
 31
0
  0
LINE
  5
34E
330
1A
100
AcDbEntity
  8
BLACK
  6
CONTINUOUS
100
AcDbLine
 10
2.2786841338582677
 20
0.724733188976378
 30
0
 11
2.2754909842519684
 21
0.7225996062992126
 31
0
  0
LINE
  5
34F
330
1A
100
AcDbEntity
  8
BLACK
  6
CONTINUOUS
100
AcDbLine
 10
2.2754909842519684
 20
0.7225996062992126
 30
0
 11
2.2717244094488187
 21
0.7218503937007874
 31
0
  0
LINE
  5
350
330
1A
100
AcDbEntity
  8
BLACK
  6
CONTINUOUS
100
AcDbLine
 10
2.2717244094488187
 20
0.7218503937007874
 30
0
 11
2.2461338582677164
 21
0.7218503937007874
 31
0
  0
LINE
  5
351
330
1A
100
AcDbEntity
  8
BLACK
  6
CONTINUOUS
100
AcDbLine
 10
2.2461338582677164
 20
0.7218503937007874
 30
0
 11
2.2423672834645667
 21
0.7225996062992126
 31
0
  0
LINE
  5
352
330
1A
100
AcDbEntity
  8
BLACK
  6
CONTINUOUS
100
AcDbLine
 10
2.2423672834645667
 20
0.7225996062992126
 30
0
 11
2.2391741338582678
 21
0.724733188976378
 31
0
  0
LINE
  5
353
330
1A
100
AcDbEntity
  8
BLACK
  6
CONTINUOUS
100
AcDbLine
 10
2.2391741338582678
 20
0.724733188976378
 30
0
 11
2.2370405511811025
 21
0.7279263385826772
 31
0
  0
LINE
  5
354
330
1A
100
AcDbEntity
  8
BLACK
  6
CONTINUOUS
100
AcDbLine
 10
2.2370405511811025
 20
0.7279263385826772
 30
0
 11
2.236291338582677
 21
0.7316929133858268
 31
0
  0
LINE
  5
355
330
1A
100
AcDbEntity
  8
BLACK
  6
CONTINUOUS
100
AcDbLine
 10
2.236291338582677
 20
0.7316929133858268
 30
0
 11
2.236291338582677
 21
0.8183070866141732
 31
0
  0
LINE
  5
356
330
1A
100
AcDbEntity
  8
BLACK
  6
CONTINUOUS
100
AcDbLine
 10
2.236291338582677
 20
0.8183070866141732
 30
0
 11
2.2370405511811025
 21
0.8220736614173229
 31
0
  0
LINE
  5
357
330
1A
100
AcDbEntity
  8
BLACK
  6
CONTINUOUS
100
AcDbLine
 10
2.2370405511811025
 20
0.8220736614173229
 30
0
 11
2.2391741338582678
 21
0.825266811023622
 31
0
  0
LINE
  5
358
330
1A
100
AcDbEntity
  8
BLACK
  6
CONTINUOUS
100
AcDbLine
 10
2.2391741338582678
 20
0.825266811023622
 30
0
 11
2.2423672834645667
 21
0.8274003937007873
 31
0
  0
LINE
  5
359
330
1A
100
AcDbEntity
  8
BLACK
  6
CONTINUOUS
100
AcDbLine
 10
2.2423672834645667
 20
0.8274003937007873
 30
0
 11
2.2461338582677164
 21
0.8281496062992125
 31
0
  0
LINE
  5
35A
330
1A
100
AcDbEntity
  8
BLACK
  6
CONTINUOUS
100
AcDbLine
 10
2.2461338582677164
 20
0.8281496062992125
 30
0
 11
2.2717244094488187
 21
0.8281496062992125
 31
0
  0
LINE
  5
35B
330
1A
100
AcDbEntity
  8
BLACK
  6
CONTINUOUS
100
AcDbLine
 10
2.2717244094488187
 20
0.8281496062992125
 30
0
 11
2.2754909842519684
 21
0.8274003937007873
 31
0
  0
LINE
  5
35C
330
1A
100
AcDbEntity
  8
BLACK
  6
CONTINUOUS
100
AcDbLine
 10
2.3916327165354332
 20
0.8274003937007873
 30
0
 11
2.3948258661417321
 21
0.825266811023622
 31
0
  0
LINE
  5
35D
330
1A
100
AcDbEntity
  8
BLACK
  6
CONTINUOUS
100
AcDbLine
 10
2.3948258661417321
 20
0.825266811023622
 30
0
 11
2.3969594488188974
 21
0.8220736614173229
 31
0
  0
LINE
  5
35E
330
1A
100
AcDbEntity
  8
BLACK
  6
CONTINUOUS
100
AcDbLine
 10
2.3969594488188974
 20
0.8220736614173229
 30
0
 11
2.3977086614173229
 21
0.8183070866141732
 31
0
  0
LINE
  5
35F
330
1A
100
AcDbEntity
  8
BLACK
  6
CONTINUOUS
100
AcDbLine
 10
2.3977086614173229
 20
0.8183070866141732
 30
0
 11
2.3977086614173229
 21
0.7316929133858268
 31
0
  0
LINE
  5
360
330
1A
100
AcDbEntity
  8
BLACK
  6
CONTINUOUS
100
AcDbLine
 10
2.3977086614173229
 20
0.7316929133858268
 30
0
 11
2.3969594488188974
 21
0.7279263385826772
 31
0
  0
LINE
  5
361
330
1A
100
AcDbEntity
  8
BLACK
  6
CONTINUOUS
100
AcDbLine
 10
2.3969594488188974
 20
0.7279263385826772
 30
0
 11
2.3948258661417321
 21
0.724733188976378
 31
0
  0
LINE
  5
362
330
1A
100
AcDbEntity
  8
BLACK
  6
CONTINUOUS
100
AcDbLine
 10
2.3948258661417321
 20
0.724733188976378
 30
0
 11
2.3916327165354332
 21
0.7225996062992126
 31
0
  0
LINE
  5
363
330
1A
100
AcDbEntity
  8
BLACK
  6
CONTINUOUS
100
AcDbLine
 10
2.3916327165354332
 20
0.7225996062992126
 30
0
 11
2.3878661417322835
 21
0.7218503937007874
 31
0
  0
LINE
  5
364
330
1A
100
AcDbEntity
  8
BLACK
  6
CONTINUOUS
100
AcDbLine
 10
2.3878661417322835
 20
0.7218503937007874
 30
0
 11
2.3622755905511812
 21
0.7218503937007874
 31
0
  0
LINE
  5
365
330
1A
100
AcDbEntity
  8
BLACK
  6
CONTINUOUS
100
AcDbLine
 10
2.3622755905511812
 20
0.7218503937007874
 30
0
 11
2.3585090157480315
 21
0.7225996062992126
 31
0
  0
LINE
  5
366
330
1A
100
AcDbEntity
  8
BLACK
  6
CONTINUOUS
100
AcDbLine
 10
2.3585090157480315
 20
0.7225996062992126
 30
0
 11
2.3553158661417322
 21
0.724733188976378
 31
0
  0
LINE
  5
367
330
1A
100
AcDbEntity
  8
BLACK
  6
CONTINUOUS
100
AcDbLine
 10
2.3553158661417322
 20
0.724733188976378
 30
0
 11
2.3531822834645668
 21
0.7279263385826772
 31
0
  0
LINE
  5
368
330
1A
100
AcDbEntity
  8
BLACK
  6
CONTINUOUS
100
AcDbLine
 10
2.3531822834645668
 20
0.7279263385826772
 30
0
 11
2.3524330708661418
 21
0.7316929133858268
 31
0
  0
LINE
  5
369
330
1A
100
AcDbEntity
  8
BLACK
  6
CONTINUOUS
100
AcDbLine
 10
2.3524330708661418
 20
0.7316929133858268
 30
0
 11
2.3524330708661418
 21
0.8183070866141732
 31
0
  0
LINE
  5
36A
330
1A
100
AcDbEntity
  8
BLACK
  6
CONTINUOUS
100
AcDbLine
 10
2.3524330708661418
 20
0.8183070866141732
 30
0
 11
2.3531822834645668
 21
0.8220736614173229
 31
0
  0
LINE
  5
36B
330
1A
100
AcDbEntity
  8
BLACK
  6
CONTINUOUS
100
AcDbLine
 10
2.3531822834645668
 20
0.8220736614173229
 30
0
 11
2.3553158661417322
 21
0.825266811023622
 31
0
  0
LINE
  5
36C
330
1A
100
AcDbEntity
  8
BLACK
  6
CONTINUOUS
100
AcDbLine
 10
2.3553158661417322
 20
0.825266811023622
 30
0
 11
2.3585090157480315
 21
0.8274003937007873
 31
0
  0
LINE
  5
36D
330
1A
100
AcDbEntity
  8
BLACK
  6
CONTINUOUS
100
AcDbLine
 10
2.3585090157480315
 20
0.8274003937007873
 30
0
 11
2.3622755905511812
 21
0.8281496062992125
 31
0
  0
LINE
  5
36E
330
1A
100
AcDbEntity
  8
BLACK
  6
CONTINUOUS
100
AcDbLine
 10
2.3622755905511812
 20
0.8281496062992125
 30
0
 11
2.3878661417322835
 21
0.8281496062992125
 31
0
  0
LINE
  5
36F
330
1A
100
AcDbEntity
  8
BLACK
  6
CONTINUOUS
100
AcDbLine
 10
2.3878661417322835
 20
0.8281496062992125
 30
0
 11
2.3916327165354332
 21
0.8274003937007873
 31
0
  0
LINE
  5
370
330
1A
100
AcDbEntity
  8
BLACK
  6
CONTINUOUS
100
AcDbLine
 10
2.0074909842519686
 20
0.8314003937007873
 30
0
 11
2.0106841338582675
 21
0.829266811023622
 31
0
  0
LINE
  5
371
330
1A
100
AcDbEntity
  8
BLACK
  6
CONTINUOUS
100
AcDbLine
 10
2.0106841338582675
 20
0.829266811023622
 30
0
 11
2.0128177165354328
 21
0.8260736614173229
 31
0
  0
LINE
  5
372
330
1A
100
AcDbEntity
  8
BLACK
  6
CONTINUOUS
100
AcDbLine
 10
2.0128177165354328
 20
0.8260736614173229
 30
0
 11
2.0135669291338583
 21
0.8223070866141732
 31
0
  0
LINE
  5
373
330
1A
100
AcDbEntity
  8
BLACK
  6
CONTINUOUS
100
AcDbLine
 10
2.0135669291338583
 20
0.8223070866141732
 30
0
 11
2.0135669291338583
 21
0.7356929133858268
 31
0
  0
LINE
  5
374
330
1A
100
AcDbEntity
  8
BLACK
  6
CONTINUOUS
100
AcDbLine
 10
2.0135669291338583
 20
0.7356929133858268
 30
0
 11
2.0128177165354328
 21
0.7319263385826772
 31
0
  0
LINE
  5
375
330
1A
100
AcDbEntity
  8
BLACK
  6
CONTINUOUS
100
AcDbLine
 10
2.0128177165354328
 20
0.7319263385826772
 30
0
 11
2.0106841338582675
 21
0.728733188976378
 31
0
  0
LINE
  5
376
330
1A
100
AcDbEntity
  8
BLACK
  6
CONTINUOUS
100
AcDbLine
 10
2.0106841338582675
 20
0.728733188976378
 30
0
 11
2.0074909842519686
 21
0.7265996062992126
 31
0
  0
LINE
  5
377
330
1A
100
AcDbEntity
  8
BLACK
  6
CONTINUOUS
100
AcDbLine
 10
2.0074909842519686
 20
0.7265996062992126
 30
0
 11
2.0037244094488189
 21
0.7258503937007874
 31
0
  0
LINE
  5
378
330
1A
100
AcDbEntity
  8
BLACK
  6
CONTINUOUS
100
AcDbLine
 10
2.0037244094488189
 20
0.7258503937007874
 30
0
 11
1.9781338582677166
 21
0.7258503937007874
 31
0
  0
LINE
  5
379
330
1A
100
AcDbEntity
  8
BLACK
  6
CONTINUOUS
100
AcDbLine
 10
1.9781338582677166
 20
0.7258503937007874
 30
0
 11
1.9743672834645669
 21
0.7265996062992126
 31
0
  0
LINE
  5
37A
330
1A
100
AcDbEntity
  8
BLACK
  6
CONTINUOUS
100
AcDbLine
 10
1.9743672834645669
 20
0.7265996062992126
 30
0
 11
1.9711741338582676
 21
0.728733188976378
 31
0
  0
LINE
  5
37B
330
1A
100
AcDbEntity
  8
BLACK
  6
CONTINUOUS
100
AcDbLine
 10
1.9711741338582676
 20
0.728733188976378
 30
0
 11
1.9690405511811022
 21
0.7319263385826772
 31
0
  0
LINE
  5
37C
330
1A
100
AcDbEntity
  8
BLACK
  6
CONTINUOUS
100
AcDbLine
 10
1.9690405511811022
 20
0.7319263385826772
 30
0
 11
1.968291338582677
 21
0.7356929133858268
 31
0
  0
LINE
  5
37D
330
1A
100
AcDbEntity
  8
BLACK
  6
CONTINUOUS
100
AcDbLine
 10
1.968291338582677
 20
0.7356929133858268
 30
0
 11
1.968291338582677
 21
0.8223070866141732
 31
0
  0
LINE
  5
37E
330
1A
100
AcDbEntity
  8
BLACK
  6
CONTINUOUS
100
AcDbLine
 10
1.968291338582677
 20
0.8223070866141732
 30
0
 11
1.9690405511811022
 21
0.8260736614173229
 31
0
  0
LINE
  5
37F
330
1A
100
AcDbEntity
  8
BLACK
  6
CONTINUOUS
100
AcDbLine
 10
1.9690405511811022
 20
0.8260736614173229
 30
0
 11
1.9711741338582676
 21
0.829266811023622
 31
0
  0
LINE
  5
380
330
1A
100
AcDbEntity
  8
BLACK
  6
CONTINUOUS
100
AcDbLine
 10
1.9711741338582676
 20
0.829266811023622
 30
0
 11
1.9743672834645669
 21
0.8314003937007873
 31
0
  0
LINE
  5
381
330
1A
100
AcDbEntity
  8
BLACK
  6
CONTINUOUS
100
AcDbLine
 10
1.9743672834645669
 20
0.8314003937007873
 30
0
 11
1.9781338582677166
 21
0.8321496062992125
 31
0
  0
LINE
  5
382
330
1A
100
AcDbEntity
  8
BLACK
  6
CONTINUOUS
100
AcDbLine
 10
1.9781338582677166
 20
0.8321496062992125
 30
0
 11
2.0037244094488189
 21
0.8321496062992125
 31
0
  0
LINE
  5
383
330
1A
100
AcDbEntity
  8
BLACK
  6
CONTINUOUS
100
AcDbLine
 10
2.0037244094488189
 20
0.8321496062992125
 30
0
 11
2.0074909842519686
 21
0.8314003937007873
 31
0
  0
LINE
  5
384
330
1A
100
AcDbEntity
  8
BLACK
  6
CONTINUOUS
100
AcDbLine
 10
2.123632716535433
 20
0.8314003937007873
 30
0
 11
2.1268258661417323
 21
0.829266811023622
 31
0
  0
LINE
  5
385
330
1A
100
AcDbEntity
  8
BLACK
  6
CONTINUOUS
100
AcDbLine
 10
2.1268258661417323
 20
0.829266811023622
 30
0
 11
2.1289594488188976
 21
0.8260736614173229
 31
0
  0
LINE
  5
386
330
1A
100
AcDbEntity
  8
BLACK
  6
CONTINUOUS
100
AcDbLine
 10
2.1289594488188976
 20
0.8260736614173229
 30
0
 11
2.1297086614173226
 21
0.8223070866141732
 31
0
  0
LINE
  5
387
330
1A
100
AcDbEntity
  8
BLACK
  6
CONTINUOUS
100
AcDbLine
 10
2.1297086614173226
 20
0.8223070866141732
 30
0
 11
2.1297086614173226
 21
0.7356929133858268
 31
0
  0
LINE
  5
388
330
1A
100
AcDbEntity
  8
BLACK
  6
CONTINUOUS
100
AcDbLine
 10
2.1297086614173226
 20
0.7356929133858268
 30
0
 11
2.1289594488188976
 21
0.7319263385826772
 31
0
  0
LINE
  5
389
330
1A
100
AcDbEntity
  8
BLACK
  6
CONTINUOUS
100
AcDbLine
 10
2.1289594488188976
 20
0.7319263385826772
 30
0
 11
2.1268258661417323
 21
0.728733188976378
 31
0
  0
LINE
  5
38A
330
1A
100
AcDbEntity
  8
BLACK
  6
CONTINUOUS
100
AcDbLine
 10
2.1268258661417323
 20
0.728733188976378
 30
0
 11
2.123632716535433
 21
0.7265996062992126
 31
0
  0
LINE
  5
38B
330
1A
100
AcDbEntity
  8
BLACK
  6
CONTINUOUS
100
AcDbLine
 10
2.123632716535433
 20
0.7265996062992126
 30
0
 11
2.1198661417322833
 21
0.7258503937007874
 31
0
  0
LINE
  5
38C
330
1A
100
AcDbEntity
  8
BLACK
  6
CONTINUOUS
100
AcDbLine
 10
2.1198661417322833
 20
0.7258503937007874
 30
0
 11
2.094275590551181
 21
0.7258503937007874
 31
0
  0
LINE
  5
38D
330
1A
100
AcDbEntity
  8
BLACK
  6
CONTINUOUS
100
AcDbLine
 10
2.094275590551181
 20
0.7258503937007874
 30
0
 11
2.0905090157480313
 21
0.7265996062992126
 31
0
  0
LINE
  5
38E
330
1A
100
AcDbEntity
  8
BLACK
  6
CONTINUOUS
100
AcDbLine
 10
2.0905090157480313
 20
0.7265996062992126
 30
0
 11
2.0873158661417324
 21
0.728733188976378
 31
0
  0
LINE
  5
38F
330
1A
100
AcDbEntity
  8
BLACK
  6
CONTINUOUS
100
AcDbLine
 10
2.0873158661417324
 20
0.728733188976378
 30
0
 11
2.085182283464567
 21
0.7319263385826772
 31
0
  0
LINE
  5
390
330
1A
100
AcDbEntity
  8
BLACK
  6
CONTINUOUS
100
AcDbLine
 10
2.085182283464567
 20
0.7319263385826772
 30
0
 11
2.0844330708661416
 21
0.7356929133858268
 31
0
  0
LINE
  5
391
330
1A
100
AcDbEntity
  8
BLACK
  6
CONTINUOUS
100
AcDbLine
 10
2.0844330708661416
 20
0.7356929133858268
 30
0
 11
2.0844330708661416
 21
0.8223070866141732
 31
0
  0
LINE
  5
392
330
1A
100
AcDbEntity
  8
BLACK
  6
CONTINUOUS
100
AcDbLine
 10
2.0844330708661416
 20
0.8223070866141732
 30
0
 11
2.085182283464567
 21
0.8260736614173229
 31
0
  0
LINE
  5
393
330
1A
100
AcDbEntity
  8
BLACK
  6
CONTINUOUS
100
AcDbLine
 10
2.085182283464567
 20
0.8260736614173229
 30
0
 11
2.0873158661417324
 21
0.829266811023622
 31
0
  0
LINE
  5
394
330
1A
100
AcDbEntity
  8
BLACK
  6
CONTINUOUS
100
AcDbLine
 10
2.0873158661417324
 20
0.829266811023622
 30
0
 11
2.0905090157480313
 21
0.8314003937007873
 31
0
  0
LINE
  5
395
330
1A
100
AcDbEntity
  8
BLACK
  6
CONTINUOUS
100
AcDbLine
 10
2.0905090157480313
 20
0.8314003937007873
 30
0
 11
2.094275590551181
 21
0.8321496062992125
 31
0
  0
LINE
  5
396
330
1A
100
AcDbEntity
  8
BLACK
  6
CONTINUOUS
100
AcDbLine
 10
2.094275590551181
 20
0.8321496062992125
 30
0
 11
2.1198661417322833
 21
0.8321496062992125
 31
0
  0
LINE
  5
397
330
1A
100
AcDbEntity
  8
BLACK
  6
CONTINUOUS
100
AcDbLine
 10
2.1198661417322833
 20
0.8321496062992125
 30
0
 11
2.123632716535433
 21
0.8314003937007873
 31
0
  0
LINE
  5
398
330
1A
100
AcDbEntity
  8
BLACK
  6
CONTINUOUS
100
AcDbLine
 10
1.771480433070866
 20
0.7619599212598425
 30
0
 11
1.7733962992125984
 21
0.7606797637795275
 31
0
  0
LINE
  5
399
330
1A
100
AcDbEntity
  8
BLACK
  6
CONTINUOUS
100
AcDbLine
 10
1.7733962992125984
 20
0.7606797637795275
 30
0
 11
1.7746764566929134
 21
0.7587638976377953
 31
0
  0
LINE
  5
39A
330
1A
100
AcDbEntity
  8
BLACK
  6
CONTINUOUS
100
AcDbLine
 10
1.7746764566929134
 20
0.7587638976377953
 30
0
 11
1.7751259842519684
 21
0.756503937007874
 31
0
  0
LINE
  5
39B
330
1A
100
AcDbEntity
  8
BLACK
  6
CONTINUOUS
100
AcDbLine
 10
1.7751259842519684
 20
0.756503937007874
 30
0
 11
1.7751259842519684
 21
0.7446929133858268
 31
0
  0
LINE
  5
39C
330
1A
100
AcDbEntity
  8
BLACK
  6
CONTINUOUS
100
AcDbLine
 10
1.7751259842519684
 20
0.7446929133858268
 30
0
 11
1.7746764566929134
 21
0.7424329527559055
 31
0
  0
LINE
  5
39D
330
1A
100
AcDbEntity
  8
BLACK
  6
CONTINUOUS
100
AcDbLine
 10
1.7746764566929134
 20
0.7424329527559055
 30
0
 11
1.7733962992125984
 21
0.7405170866141733
 31
0
  0
LINE
  5
39E
330
1A
100
AcDbEntity
  8
BLACK
  6
CONTINUOUS
100
AcDbLine
 10
1.7733962992125984
 20
0.7405170866141733
 30
0
 11
1.771480433070866
 21
0.7392369291338583
 31
0
  0
LINE
  5
39F
330
1A
100
AcDbEntity
  8
BLACK
  6
CONTINUOUS
100
AcDbLine
 10
1.771480433070866
 20
0.7392369291338583
 30
0
 11
1.7692204724409448
 21
0.7387874015748032
 31
0
  0
LINE
  5
3A0
330
1A
100
AcDbEntity
  8
BLACK
  6
CONTINUOUS
100
AcDbLine
 10
1.7692204724409448
 20
0.7387874015748032
 30
0
 11
1.7229606299212599
 21
0.7387874015748032
 31
0
  0
LINE
  5
3A1
330
1A
100
AcDbEntity
  8
BLACK
  6
CONTINUOUS
100
AcDbLine
 10
1.7229606299212599
 20
0.7387874015748032
 30
0
 11
1.7207006692913385
 21
0.7392369291338583
 31
0
  0
LINE
  5
3A2
330
1A
100
AcDbEntity
  8
BLACK
  6
CONTINUOUS
100
AcDbLine
 10
1.7207006692913385
 20
0.7392369291338583
 30
0
 11
1.7187848031496062
 21
0.7405170866141733
 31
0
  0
LINE
  5
3A3
330
1A
100
AcDbEntity
  8
BLACK
  6
CONTINUOUS
100
AcDbLine
 10
1.7187848031496062
 20
0.7405170866141733
 30
0
 11
1.7175046456692913
 21
0.7424329527559055
 31
0
  0
LINE
  5
3A4
330
1A
100
AcDbEntity
  8
BLACK
  6
CONTINUOUS
100
AcDbLine
 10
1.7175046456692913
 20
0.7424329527559055
 30
0
 11
1.7170551181102363
 21
0.7446929133858268
 31
0
  0
LINE
  5
3A5
330
1A
100
AcDbEntity
  8
BLACK
  6
CONTINUOUS
100
AcDbLine
 10
1.7170551181102363
 20
0.7446929133858268
 30
0
 11
1.7170551181102363
 21
0.756503937007874
 31
0
  0
LINE
  5
3A6
330
1A
100
AcDbEntity
  8
BLACK
  6
CONTINUOUS
100
AcDbLine
 10
1.7170551181102363
 20
0.756503937007874
 30
0
 11
1.7175046456692913
 21
0.7587638976377953
 31
0
  0
LINE
  5
3A7
330
1A
100
AcDbEntity
  8
BLACK
  6
CONTINUOUS
100
AcDbLine
 10
1.7175046456692913
 20
0.7587638976377953
 30
0
 11
1.7187848031496062
 21
0.7606797637795275
 31
0
  0
LINE
  5
3A8
330
1A
100
AcDbEntity
  8
BLACK
  6
CONTINUOUS
100
AcDbLine
 10
1.7187848031496062
 20
0.7606797637795275
 30
0
 11
1.7207006692913385
 21
0.7619599212598425
 31
0
  0
LINE
  5
3A9
330
1A
100
AcDbEntity
  8
BLACK
  6
CONTINUOUS
100
AcDbLine
 10
1.7207006692913385
 20
0.7619599212598425
 30
0
 11
1.7229606299212599
 21
0.7624094488188976
 31
0
  0
LINE
  5
3AA
330
1A
100
AcDbEntity
  8
BLACK
  6
CONTINUOUS
100
AcDbLine
 10
1.7229606299212599
 20
0.7624094488188976
 30
0
 11
1.7692204724409448
 21
0.7624094488188976
 31
0
  0
LINE
  5
3AB
330
1A
100
AcDbEntity
  8
BLACK
  6
CONTINUOUS
100
AcDbLine
 10
1.7692204724409448
 20
0.7624094488188976
 30
0
 11
1.771480433070866
 21
0.7619599212598425
 31
0
  0
LINE
  5
3AC
330
1A
100
AcDbEntity
  8
BLACK
  6
CONTINUOUS
100
AcDbLine
 10
0.4272075196850393
 20
0.7977940944881889
 30
0
 11
0.4304006692913386
 21
0.7956605118110236
 31
0
  0
LINE
  5
3AD
330
1A
100
AcDbEntity
  8
BLACK
  6
CONTINUOUS
100
AcDbLine
 10
0.4304006692913386
 20
0.7956605118110236
 30
0
 11
0.4325342519685039
 21
0.7924673622047244
 31
0
  0
LINE
  5
3AE
330
1A
100
AcDbEntity
  8
BLACK
  6
CONTINUOUS
100
AcDbLine
 10
0.4325342519685039
 20
0.7924673622047244
 30
0
 11
0.4332834645669291
 21
0.7887007874015748
 31
0
  0
LINE
  5
3AF
330
1A
100
AcDbEntity
  8
BLACK
  6
CONTINUOUS
100
AcDbLine
 10
0.4332834645669291
 20
0.7887007874015748
 30
0
 11
0.4332834645669291
 21
0.7512992125984251
 31
0
  0
LINE
  5
3B0
330
1A
100
AcDbEntity
  8
BLACK
  6
CONTINUOUS
100
AcDbLine
 10
0.4332834645669291
 20
0.7512992125984251
 30
0
 11
0.4325342519685039
 21
0.7475326377952756
 31
0
  0
LINE
  5
3B1
330
1A
100
AcDbEntity
  8
BLACK
  6
CONTINUOUS
100
AcDbLine
 10
0.4325342519685039
 20
0.7475326377952756
 30
0
 11
0.4304006692913386
 21
0.7443394881889763
 31
0
  0
LINE
  5
3B2
330
1A
100
AcDbEntity
  8
BLACK
  6
CONTINUOUS
100
AcDbLine
 10
0.4304006692913386
 20
0.7443394881889763
 30
0
 11
0.4272075196850393
 21
0.742205905511811
 31
0
  0
LINE
  5
3B3
330
1A
100
AcDbEntity
  8
BLACK
  6
CONTINUOUS
100
AcDbLine
 10
0.4272075196850393
 20
0.742205905511811
 30
0
 11
0.4234409448818898
 21
0.7414566929133858
 31
0
  0
LINE
  5
3B4
330
1A
100
AcDbEntity
  8
BLACK
  6
CONTINUOUS
100
AcDbLine
 10
0.4234409448818898
 20
0.7414566929133858
 30
0
 11
0.403755905511811
 21
0.7414566929133858
 31
0
  0
LINE
  5
3B5
330
1A
100
AcDbEntity
  8
BLACK
  6
CONTINUOUS
100
AcDbLine
 10
0.403755905511811
 20
0.7414566929133858
 30
0
 11
0.3999893307086614
 21
0.742205905511811
 31
0
  0
LINE
  5
3B6
330
1A
100
AcDbEntity
  8
BLACK
  6
CONTINUOUS
100
AcDbLine
 10
0.3999893307086614
 20
0.742205905511811
 30
0
 11
0.3967961811023622
 21
0.7443394881889763
 31
0
  0
LINE
  5
3B7
330
1A
100
AcDbEntity
  8
BLACK
  6
CONTINUOUS
100
AcDbLine
 10
0.3967961811023622
 20
0.7443394881889763
 30
0
 11
0.3946625984251969
 21
0.7475326377952756
 31
0
  0
LINE
  5
3B8
330
1A
100
AcDbEntity
  8
BLACK
  6
CONTINUOUS
100
AcDbLine
 10
0.3946625984251969
 20
0.7475326377952756
 30
0
 11
0.3939133858267717
 21
0.7512992125984251
 31
0
  0
LINE
  5
3B9
330
1A
100
AcDbEntity
  8
BLACK
  6
CONTINUOUS
100
AcDbLine
 10
0.3939133858267717
 20
0.7512992125984251
 30
0
 11
0.3939133858267717
 21
0.7887007874015748
 31
0
  0
LINE
  5
3BA
330
1A
100
AcDbEntity
  8
BLACK
  6
CONTINUOUS
100
AcDbLine
 10
0.3939133858267717
 20
0.7887007874015748
 30
0
 11
0.3946625984251969
 21
0.7924673622047244
 31
0
  0
LINE
  5
3BB
330
1A
100
AcDbEntity
  8
BLACK
  6
CONTINUOUS
100
AcDbLine
 10
0.3946625984251969
 20
0.7924673622047244
 30
0
 11
0.3967961811023622
 21
0.7956605118110236
 31
0
  0
LINE
  5
3BC
330
1A
100
AcDbEntity
  8
BLACK
  6
CONTINUOUS
100
AcDbLine
 10
0.3967961811023622
 20
0.7956605118110236
 30
0
 11
0.3999893307086614
 21
0.7977940944881889
 31
0
  0
LINE
  5
3BD
330
1A
100
AcDbEntity
  8
BLACK
  6
CONTINUOUS
100
AcDbLine
 10
0.3999893307086614
 20
0.7977940944881889
 30
0
 11
0.403755905511811
 21
0.7985433070866141
 31
0
  0
LINE
  5
3BE
330
1A
100
AcDbEntity
  8
BLACK
  6
CONTINUOUS
100
AcDbLine
 10
0.403755905511811
 20
0.7985433070866141
 30
0
 11
0.4234409448818898
 21
0.7985433070866141
 31
0
  0
LINE
  5
3BF
330
1A
100
AcDbEntity
  8
BLACK
  6
CONTINUOUS
100
AcDbLine
 10
0.4234409448818898
 20
0.7985433070866141
 30
0
 11
0.4272075196850393
 21
0.7977940944881889
 31
0
  0
LINE
  5
3C0
330
1A
100
AcDbEntity
  8
BLACK
  6
CONTINUOUS
100
AcDbLine
 10
0.5020106692913385
 20
0.7977940944881889
 30
0
 11
0.5052038188976378
 21
0.7956605118110236
 31
0
  0
LINE
  5
3C1
330
1A
100
AcDbEntity
  8
BLACK
  6
CONTINUOUS
100
AcDbLine
 10
0.5052038188976378
 20
0.7956605118110236
 30
0
 11
0.5073374015748031
 21
0.7924673622047244
 31
0
  0
LINE
  5
3C2
330
1A
100
AcDbEntity
  8
BLACK
  6
CONTINUOUS
100
AcDbLine
 10
0.5073374015748031
 20
0.7924673622047244
 30
0
 11
0.5080866141732283
 21
0.7887007874015748
 31
0
  0
LINE
  5
3C3
330
1A
100
AcDbEntity
  8
BLACK
  6
CONTINUOUS
100
AcDbLine
 10
0.5080866141732283
 20
0.7887007874015748
 30
0
 11
0.5080866141732283
 21
0.7512992125984251
 31
0
  0
LINE
  5
3C4
330
1A
100
AcDbEntity
  8
BLACK
  6
CONTINUOUS
100
AcDbLine
 10
0.5080866141732283
 20
0.7512992125984251
 30
0
 11
0.5073374015748031
 21
0.7475326377952756
 31
0
  0
LINE
  5
3C5
330
1A
100
AcDbEntity
  8
BLACK
  6
CONTINUOUS
100
AcDbLine
 10
0.5073374015748031
 20
0.7475326377952756
 30
0
 11
0.5052038188976378
 21
0.7443394881889763
 31
0
  0
LINE
  5
3C6
330
1A
100
AcDbEntity
  8
BLACK
  6
CONTINUOUS
100
AcDbLine
 10
0.5052038188976378
 20
0.7443394881889763
 30
0
 11
0.5020106692913385
 21
0.742205905511811
 31
0
  0
LINE
  5
3C7
330
1A
100
AcDbEntity
  8
BLACK
  6
CONTINUOUS
100
AcDbLine
 10
0.5020106692913385
 20
0.742205905511811
 30
0
 11
0.498244094488189
 21
0.7414566929133858
 31
0
  0
LINE
  5
3C8
330
1A
100
AcDbEntity
  8
BLACK
  6
CONTINUOUS
100
AcDbLine
 10
0.498244094488189
 20
0.7414566929133858
 30
0
 11
0.4785590551181102
 21
0.7414566929133858
 31
0
  0
LINE
  5
3C9
330
1A
100
AcDbEntity
  8
BLACK
  6
CONTINUOUS
100
AcDbLine
 10
0.4785590551181102
 20
0.7414566929133858
 30
0
 11
0.4747924803149606
 21
0.742205905511811
 31
0
  0
LINE
  5
3CA
330
1A
100
AcDbEntity
  8
BLACK
  6
CONTINUOUS
100
AcDbLine
 10
0.4747924803149606
 20
0.742205905511811
 30
0
 11
0.4715993307086614
 21
0.7443394881889763
 31
0
  0
LINE
  5
3CB
330
1A
100
AcDbEntity
  8
BLACK
  6
CONTINUOUS
100
AcDbLine
 10
0.4715993307086614
 20
0.7443394881889763
 30
0
 11
0.469465748031496
 21
0.7475326377952756
 31
0
  0
LINE
  5
3CC
330
1A
100
AcDbEntity
  8
BLACK
  6
CONTINUOUS
100
AcDbLine
 10
0.469465748031496
 20
0.7475326377952756
 30
0
 11
0.4687165354330708
 21
0.7512992125984251
 31
0
  0
LINE
  5
3CD
330
1A
100
AcDbEntity
  8
BLACK
  6
CONTINUOUS
100
AcDbLine
 10
0.4687165354330708
 20
0.7512992125984251
 30
0
 11
0.4687165354330708
 21
0.7887007874015748
 31
0
  0
LINE
  5
3CE
330
1A
100
AcDbEntity
  8
BLACK
  6
CONTINUOUS
100
AcDbLine
 10
0.4687165354330708
 20
0.7887007874015748
 30
0
 11
0.469465748031496
 21
0.7924673622047244
 31
0
  0
LINE
  5
3CF
330
1A
100
AcDbEntity
  8
BLACK
  6
CONTINUOUS
100
AcDbLine
 10
0.469465748031496
 20
0.7924673622047244
 30
0
 11
0.4715993307086614
 21
0.7956605118110236
 31
0
  0
LINE
  5
3D0
330
1A
100
AcDbEntity
  8
BLACK
  6
CONTINUOUS
100
AcDbLine
 10
0.4715993307086614
 20
0.7956605118110236
 30
0
 11
0.4747924803149606
 21
0.7977940944881889
 31
0
  0
LINE
  5
3D1
330
1A
100
AcDbEntity
  8
BLACK
  6
CONTINUOUS
100
AcDbLine
 10
0.4747924803149606
 20
0.7977940944881889
 30
0
 11
0.4785590551181102
 21
0.7985433070866141
 31
0
  0
LINE
  5
3D2
330
1A
100
AcDbEntity
  8
BLACK
  6
CONTINUOUS
100
AcDbLine
 10
0.4785590551181102
 20
0.7985433070866141
 30
0
 11
0.498244094488189
 21
0.7985433070866141
 31
0
  0
LINE
  5
3D3
330
1A
100
AcDbEntity
  8
BLACK
  6
CONTINUOUS
100
AcDbLine
 10
0.498244094488189
 20
0.7985433070866141
 30
0
 11
0.5020106692913385
 21
0.7977940944881889
 31
0
  0
LINE
  5
3D4
330
1A
100
AcDbEntity
  8
BLACK
  6
CONTINUOUS
100
AcDbLine
 10
0.9387638976377952
 20
0.8254166141732283
 30
0
 11
0.9406797637795276
 21
0.8241364566929134
 31
0
  0
LINE
  5
3D5
330
1A
100
AcDbEntity
  8
BLACK
  6
CONTINUOUS
100
AcDbLine
 10
0.9406797637795276
 20
0.8241364566929134
 30
0
 11
0.9419599212598425
 21
0.8222205905511811
 31
0
  0
LINE
  5
3D6
330
1A
100
AcDbEntity
  8
BLACK
  6
CONTINUOUS
100
AcDbLine
 10
0.9419599212598425
 20
0.8222205905511811
 30
0
 11
0.9424094488188977
 21
0.8199606299212598
 31
0
  0
LINE
  5
3D7
330
1A
100
AcDbEntity
  8
BLACK
  6
CONTINUOUS
100
AcDbLine
 10
0.9424094488188977
 20
0.8199606299212598
 30
0
 11
0.9424094488188977
 21
0.7796062992125984
 31
0
  0
LINE
  5
3D8
330
1A
100
AcDbEntity
  8
BLACK
  6
CONTINUOUS
100
AcDbLine
 10
0.9424094488188977
 20
0.7796062992125984
 30
0
 11
0.9419599212598425
 21
0.7773463385826771
 31
0
  0
LINE
  5
3D9
330
1A
100
AcDbEntity
  8
BLACK
  6
CONTINUOUS
100
AcDbLine
 10
0.9419599212598425
 20
0.7773463385826771
 30
0
 11
0.9406797637795276
 21
0.7754304724409449
 31
0
  0
LINE
  5
3DA
330
1A
100
AcDbEntity
  8
BLACK
  6
CONTINUOUS
100
AcDbLine
 10
0.9406797637795276
 20
0.7754304724409449
 30
0
 11
0.9387638976377952
 21
0.7741503149606299
 31
0
  0
LINE
  5
3DB
330
1A
100
AcDbEntity
  8
BLACK
  6
CONTINUOUS
100
AcDbLine
 10
0.9387638976377952
 20
0.7741503149606299
 30
0
 11
0.936503937007874
 21
0.7737007874015748
 31
0
  0
LINE
  5
3DC
330
1A
100
AcDbEntity
  8
BLACK
  6
CONTINUOUS
100
AcDbLine
 10
0.936503937007874
 20
0.7737007874015748
 30
0
 11
0.9246929133858267
 21
0.7737007874015748
 31
0
  0
LINE
  5
3DD
330
1A
100
AcDbEntity
  8
BLACK
  6
CONTINUOUS
100
AcDbLine
 10
0.9246929133858267
 20
0.7737007874015748
 30
0
 11
0.9224329527559055
 21
0.7741503149606299
 31
0
  0
LINE
  5
3DE
330
1A
100
AcDbEntity
  8
BLACK
  6
CONTINUOUS
100
AcDbLine
 10
0.9224329527559055
 20
0.7741503149606299
 30
0
 11
0.9205170866141732
 21
0.7754304724409449
 31
0
  0
LINE
  5
3DF
330
1A
100
AcDbEntity
  8
BLACK
  6
CONTINUOUS
100
AcDbLine
 10
0.9205170866141732
 20
0.7754304724409449
 30
0
 11
0.9192369291338582
 21
0.7773463385826771
 31
0
  0
LINE
  5
3E0
330
1A
100
AcDbEntity
  8
BLACK
  6
CONTINUOUS
100
AcDbLine
 10
0.9192369291338582
 20
0.7773463385826771
 30
0
 11
0.9187874015748031
 21
0.7796062992125984
 31
0
  0
LINE
  5
3E1
330
1A
100
AcDbEntity
  8
BLACK
  6
CONTINUOUS
100
AcDbLine
 10
0.9187874015748031
 20
0.7796062992125984
 30
0
 11
0.9187874015748031
 21
0.8199606299212598
 31
0
  0
LINE
  5
3E2
330
1A
100
AcDbEntity
  8
BLACK
  6
CONTINUOUS
100
AcDbLine
 10
0.9187874015748031
 20
0.8199606299212598
 30
0
 11
0.9192369291338582
 21
0.8222205905511811
 31
0
  0
LINE
  5
3E3
330
1A
100
AcDbEntity
  8
BLACK
  6
CONTINUOUS
100
AcDbLine
 10
0.9192369291338582
 20
0.8222205905511811
 30
0
 11
0.9205170866141732
 21
0.8241364566929134
 31
0
  0
LINE
  5
3E4
330
1A
100
AcDbEntity
  8
BLACK
  6
CONTINUOUS
100
AcDbLine
 10
0.9205170866141732
 20
0.8241364566929134
 30
0
 11
0.9224329527559055
 21
0.8254166141732283
 31
0
  0
LINE
  5
3E5
330
1A
100
AcDbEntity
  8
BLACK
  6
CONTINUOUS
100
AcDbLine
 10
0.9224329527559055
 20
0.8254166141732283
 30
0
 11
0.9246929133858267
 21
0.8258661417322835
 31
0
  0
LINE
  5
3E6
330
1A
100
AcDbEntity
  8
BLACK
  6
CONTINUOUS
100
AcDbLine
 10
0.9246929133858267
 20
0.8258661417322835
 30
0
 11
0.936503937007874
 21
0.8258661417322835
 31
0
  0
LINE
  5
3E7
330
1A
100
AcDbEntity
  8
BLACK
  6
CONTINUOUS
100
AcDbLine
 10
0.936503937007874
 20
0.8258661417322835
 30
0
 11
0.9387638976377952
 21
0.8254166141732283
 31
0
  0
LINE
  5
3E8
330
1A
100
AcDbEntity
  8
BLACK
  6
CONTINUOUS
100
AcDbLine
 10
0.9761654724409449
 20
0.8254166141732283
 30
0
 11
0.9780813385826771
 21
0.8241364566929134
 31
0
  0
LINE
  5
3E9
330
1A
100
AcDbEntity
  8
BLACK
  6
CONTINUOUS
100
AcDbLine
 10
0.9780813385826771
 20
0.8241364566929134
 30
0
 11
0.9793614960629921
 21
0.8222205905511811
 31
0
  0
LINE
  5
3EA
330
1A
100
AcDbEntity
  8
BLACK
  6
CONTINUOUS
100
AcDbLine
 10
0.9793614960629921
 20
0.8222205905511811
 30
0
 11
0.9798110236220472
 21
0.8199606299212598
 31
0
  0
LINE
  5
3EB
330
1A
100
AcDbEntity
  8
BLACK
  6
CONTINUOUS
100
AcDbLine
 10
0.9798110236220472
 20
0.8199606299212598
 30
0
 11
0.9798110236220472
 21
0.7796062992125984
 31
0
  0
LINE
  5
3EC
330
1A
100
AcDbEntity
  8
BLACK
  6
CONTINUOUS
100
AcDbLine
 10
0.9798110236220472
 20
0.7796062992125984
 30
0
 11
0.9793614960629921
 21
0.7773463385826771
 31
0
  0
LINE
  5
3ED
330
1A
100
AcDbEntity
  8
BLACK
  6
CONTINUOUS
100
AcDbLine
 10
0.9793614960629921
 20
0.7773463385826771
 30
0
 11
0.9780813385826771
 21
0.7754304724409449
 31
0
  0
LINE
  5
3EE
330
1A
100
AcDbEntity
  8
BLACK
  6
CONTINUOUS
100
AcDbLine
 10
0.9780813385826771
 20
0.7754304724409449
 30
0
 11
0.9761654724409449
 21
0.7741503149606299
 31
0
  0
LINE
  5
3EF
330
1A
100
AcDbEntity
  8
BLACK
  6
CONTINUOUS
100
AcDbLine
 10
0.9761654724409449
 20
0.7741503149606299
 30
0
 11
0.9739055118110236
 21
0.7737007874015748
 31
0
  0
LINE
  5
3F0
330
1A
100
AcDbEntity
  8
BLACK
  6
CONTINUOUS
100
AcDbLine
 10
0.9739055118110236
 20
0.7737007874015748
 30
0
 11
0.9620944881889764
 21
0.7737007874015748
 31
0
  0
LINE
  5
3F1
330
1A
100
AcDbEntity
  8
BLACK
  6
CONTINUOUS
100
AcDbLine
 10
0.9620944881889764
 20
0.7737007874015748
 30
0
 11
0.9598345275590551
 21
0.7741503149606299
 31
0
  0
LINE
  5
3F2
330
1A
100
AcDbEntity
  8
BLACK
  6
CONTINUOUS
100
AcDbLine
 10
0.9598345275590551
 20
0.7741503149606299
 30
0
 11
0.9579186614173228
 21
0.7754304724409449
 31
0
  0
LINE
  5
3F3
330
1A
100
AcDbEntity
  8
BLACK
  6
CONTINUOUS
100
AcDbLine
 10
0.9579186614173228
 20
0.7754304724409449
 30
0
 11
0.9566385039370079
 21
0.7773463385826771
 31
0
  0
LINE
  5
3F4
330
1A
100
AcDbEntity
  8
BLACK
  6
CONTINUOUS
100
AcDbLine
 10
0.9566385039370079
 20
0.7773463385826771
 30
0
 11
0.9561889763779527
 21
0.7796062992125984
 31
0
  0
LINE
  5
3F5
330
1A
100
AcDbEntity
  8
BLACK
  6
CONTINUOUS
100
AcDbLine
 10
0.9561889763779527
 20
0.7796062992125984
 30
0
 11
0.9561889763779527
 21
0.8199606299212598
 31
0
  0
LINE
  5
3F6
330
1A
100
AcDbEntity
  8
BLACK
  6
CONTINUOUS
100
AcDbLine
 10
0.9561889763779527
 20
0.8199606299212598
 30
0
 11
0.9566385039370079
 21
0.8222205905511811
 31
0
  0
LINE
  5
3F7
330
1A
100
AcDbEntity
  8
BLACK
  6
CONTINUOUS
100
AcDbLine
 10
0.9566385039370079
 20
0.8222205905511811
 30
0
 11
0.9579186614173228
 21
0.8241364566929134
 31
0
  0
LINE
  5
3F8
330
1A
100
AcDbEntity
  8
BLACK
  6
CONTINUOUS
100
AcDbLine
 10
0.9579186614173228
 20
0.8241364566929134
 30
0
 11
0.9598345275590551
 21
0.8254166141732283
 31
0
  0
LINE
  5
3F9
330
1A
100
AcDbEntity
  8
BLACK
  6
CONTINUOUS
100
AcDbLine
 10
0.9598345275590551
 20
0.8254166141732283
 30
0
 11
0.9620944881889764
 21
0.8258661417322835
 31
0
  0
LINE
  5
3FA
330
1A
100
AcDbEntity
  8
BLACK
  6
CONTINUOUS
100
AcDbLine
 10
0.9620944881889764
 20
0.8258661417322835
 30
0
 11
0.9739055118110236
 21
0.8258661417322835
 31
0
  0
LINE
  5
3FB
330
1A
100
AcDbEntity
  8
BLACK
  6
CONTINUOUS
100
AcDbLine
 10
0.9739055118110236
 20
0.8258661417322835
 30
0
 11
0.9761654724409449
 21
0.8254166141732283
 31
0
  0
LINE
  5
3FC
330
1A
100
AcDbEntity
  8
BLACK
  6
CONTINUOUS
100
AcDbLine
 10
1.0135670472440945
 20
0.8254166141732283
 30
0
 11
1.0154829133858267
 21
0.8241364566929134
 31
0
  0
LINE
  5
3FD
330
1A
100
AcDbEntity
  8
BLACK
  6
CONTINUOUS
100
AcDbLine
 10
1.0154829133858267
 20
0.8241364566929134
 30
0
 11
1.0167630708661417
 21
0.8222205905511811
 31
0
  0
LINE
  5
3FE
330
1A
100
AcDbEntity
  8
BLACK
  6
CONTINUOUS
100
AcDbLine
 10
1.0167630708661417
 20
0.8222205905511811
 30
0
 11
1.0172125984251967
 21
0.8199606299212598
 31
0
  0
LINE
  5
3FF
330
1A
100
AcDbEntity
  8
BLACK
  6
CONTINUOUS
100
AcDbLine
 10
1.0172125984251967
 20
0.8199606299212598
 30
0
 11
1.0172125984251967
 21
0.7796062992125984
 31
0
  0
LINE
  5
400
330
1A
100
AcDbEntity
  8
BLACK
  6
CONTINUOUS
100
AcDbLine
 10
1.0172125984251967
 20
0.7796062992125984
 30
0
 11
1.0167630708661417
 21
0.7773463385826771
 31
0
  0
LINE
  5
401
330
1A
100
AcDbEntity
  8
BLACK
  6
CONTINUOUS
100
AcDbLine
 10
1.0167630708661417
 20
0.7773463385826771
 30
0
 11
1.0154829133858267
 21
0.7754304724409449
 31
0
  0
LINE
  5
402
330
1A
100
AcDbEntity
  8
BLACK
  6
CONTINUOUS
100
AcDbLine
 10
1.0154829133858267
 20
0.7754304724409449
 30
0
 11
1.0135670472440945
 21
0.7741503149606299
 31
0
  0
LINE
  5
403
330
1A
100
AcDbEntity
  8
BLACK
  6
CONTINUOUS
100
AcDbLine
 10
1.0135670472440945
 20
0.7741503149606299
 30
0
 11
1.0113070866141731
 21
0.7737007874015748
 31
0
  0
LINE
  5
404
330
1A
100
AcDbEntity
  8
BLACK
  6
CONTINUOUS
100
AcDbLine
 10
1.0113070866141731
 20
0.7737007874015748
 30
0
 11
0.999496062992126
 21
0.7737007874015748
 31
0
  0
LINE
  5
405
330
1A
100
AcDbEntity
  8
BLACK
  6
CONTINUOUS
100
AcDbLine
 10
0.999496062992126
 20
0.7737007874015748
 30
0
 11
0.9972361023622047
 21
0.7741503149606299
 31
0
  0
LINE
  5
406
330
1A
100
AcDbEntity
  8
BLACK
  6
CONTINUOUS
100
AcDbLine
 10
0.9972361023622047
 20
0.7741503149606299
 30
0
 11
0.9953202362204724
 21
0.7754304724409449
 31
0
  0
LINE
  5
407
330
1A
100
AcDbEntity
  8
BLACK
  6
CONTINUOUS
100
AcDbLine
 10
0.9953202362204724
 20
0.7754304724409449
 30
0
 11
0.9940400787401574
 21
0.7773463385826771
 31
0
  0
LINE
  5
408
330
1A
100
AcDbEntity
  8
BLACK
  6
CONTINUOUS
100
AcDbLine
 10
0.9940400787401574
 20
0.7773463385826771
 30
0
 11
0.9935905511811023
 21
0.7796062992125984
 31
0
  0
LINE
  5
409
330
1A
100
AcDbEntity
  8
BLACK
  6
CONTINUOUS
100
AcDbLine
 10
0.9935905511811023
 20
0.7796062992125984
 30
0
 11
0.9935905511811023
 21
0.8199606299212598
 31
0
  0
LINE
  5
40A
330
1A
100
AcDbEntity
  8
BLACK
  6
CONTINUOUS
100
AcDbLine
 10
0.9935905511811023
 20
0.8199606299212598
 30
0
 11
0.9940400787401574
 21
0.8222205905511811
 31
0
  0
LINE
  5
40B
330
1A
100
AcDbEntity
  8
BLACK
  6
CONTINUOUS
100
AcDbLine
 10
0.9940400787401574
 20
0.8222205905511811
 30
0
 11
0.9953202362204724
 21
0.8241364566929134
 31
0
  0
LINE
  5
40C
330
1A
100
AcDbEntity
  8
BLACK
  6
CONTINUOUS
100
AcDbLine
 10
0.9953202362204724
 20
0.8241364566929134
 30
0
 11
0.9972361023622047
 21
0.8254166141732283
 31
0
  0
LINE
  5
40D
330
1A
100
AcDbEntity
  8
BLACK
  6
CONTINUOUS
100
AcDbLine
 10
0.9972361023622047
 20
0.8254166141732283
 30
0
 11
0.999496062992126
 21
0.8258661417322835
 31
0
  0
LINE
  5
40E
330
1A
100
AcDbEntity
  8
BLACK
  6
CONTINUOUS
100
AcDbLine
 10
0.999496062992126
 20
0.8258661417322835
 30
0
 11
1.0113070866141731
 21
0.8258661417322835
 31
0
  0
LINE
  5
40F
330
1A
100
AcDbEntity
  8
BLACK
  6
CONTINUOUS
100
AcDbLine
 10
1.0113070866141731
 20
0.8258661417322835
 30
0
 11
1.0135670472440945
 21
0.8254166141732283
 31
0
  0
LINE
  5
410
330
1A
100
AcDbEntity
  8
BLACK
  6
CONTINUOUS
100
AcDbLine
 10
1.8452993307086614
 20
0.7993614960629921
 30
0
 11
1.8472151968503936
 21
0.7980813385826772
 31
0
  0
LINE
  5
411
330
1A
100
AcDbEntity
  8
BLACK
  6
CONTINUOUS
100
AcDbLine
 10
1.8472151968503936
 20
0.7980813385826772
 30
0
 11
1.8484953543307086
 21
0.7961654724409448
 31
0
  0
LINE
  5
412
330
1A
100
AcDbEntity
  8
BLACK
  6
CONTINUOUS
100
AcDbLine
 10
1.8484953543307086
 20
0.7961654724409448
 30
0
 11
1.8489448818897638
 21
0.7939055118110236
 31
0
  0
LINE
  5
413
330
1A
100
AcDbEntity
  8
BLACK
  6
CONTINUOUS
100
AcDbLine
 10
1.8489448818897638
 20
0.7939055118110236
 30
0
 11
1.8489448818897638
 21
0.7820944881889763
 31
0
  0
LINE
  5
414
330
1A
100
AcDbEntity
  8
BLACK
  6
CONTINUOUS
100
AcDbLine
 10
1.8489448818897638
 20
0.7820944881889763
 30
0
 11
1.8484953543307086
 21
0.7798345275590551
 31
0
  0
LINE
  5
415
330
1A
100
AcDbEntity
  8
BLACK
  6
CONTINUOUS
100
AcDbLine
 10
1.8484953543307086
 20
0.7798345275590551
 30
0
 11
1.8472151968503936
 21
0.7779186614173228
 31
0
  0
LINE
  5
416
330
1A
100
AcDbEntity
  8
BLACK
  6
CONTINUOUS
100
AcDbLine
 10
1.8472151968503936
 20
0.7779186614173228
 30
0
 11
1.8452993307086614
 21
0.7766385039370078
 31
0
  0
LINE
  5
417
330
1A
100
AcDbEntity
  8
BLACK
  6
CONTINUOUS
100
AcDbLine
 10
1.8452993307086614
 20
0.7766385039370078
 30
0
 11
1.8430393700787402
 21
0.7761889763779527
 31
0
  0
LINE
  5
418
330
1A
100
AcDbEntity
  8
BLACK
  6
CONTINUOUS
100
AcDbLine
 10
1.8430393700787402
 20
0.7761889763779527
 30
0
 11
1.796779527559055
 21
0.7761889763779527
 31
0
  0
LINE
  5
419
330
1A
100
AcDbEntity
  8
BLACK
  6
CONTINUOUS
100
AcDbLine
 10
1.796779527559055
 20
0.7761889763779527
 30
0
 11
1.7945195669291338
 21
0.7766385039370078
 31
0
  0
LINE
  5
41A
330
1A
100
AcDbEntity
  8
BLACK
  6
CONTINUOUS
100
AcDbLine
 10
1.7945195669291338
 20
0.7766385039370078
 30
0
 11
1.7926037007874016
 21
0.7779186614173228
 31
0
  0
LINE
  5
41B
330
1A
100
AcDbEntity
  8
BLACK
  6
CONTINUOUS
100
AcDbLine
 10
1.7926037007874016
 20
0.7779186614173228
 30
0
 11
1.7913235433070867
 21
0.7798345275590551
 31
0
  0
LINE
  5
41C
330
1A
100
AcDbEntity
  8
BLACK
  6
CONTINUOUS
100
AcDbLine
 10
1.7913235433070867
 20
0.7798345275590551
 30
0
 11
1.7908740157480314
 21
0.7820944881889763
 31
0
  0
LINE
  5
41D
330
1A
100
AcDbEntity
  8
BLACK
  6
CONTINUOUS
100
AcDbLine
 10
1.7908740157480314
 20
0.7820944881889763
 30
0
 11
1.7908740157480314
 21
0.7939055118110236
 31
0
  0
LINE
  5
41E
330
1A
100
AcDbEntity
  8
BLACK
  6
CONTINUOUS
100
AcDbLine
 10
1.7908740157480314
 20
0.7939055118110236
 30
0
 11
1.7913235433070867
 21
0.7961654724409448
 31
0
  0
LINE
  5
41F
330
1A
100
AcDbEntity
  8
BLACK
  6
CONTINUOUS
100
AcDbLine
 10
1.7913235433070867
 20
0.7961654724409448
 30
0
 11
1.7926037007874016
 21
0.7980813385826772
 31
0
  0
LINE
  5
420
330
1A
100
AcDbEntity
  8
BLACK
  6
CONTINUOUS
100
AcDbLine
 10
1.7926037007874016
 20
0.7980813385826772
 30
0
 11
1.7945195669291338
 21
0.7993614960629921
 31
0
  0
LINE
  5
421
330
1A
100
AcDbEntity
  8
BLACK
  6
CONTINUOUS
100
AcDbLine
 10
1.7945195669291338
 20
0.7993614960629921
 30
0
 11
1.796779527559055
 21
0.7998110236220473
 31
0
  0
LINE
  5
422
330
1A
100
AcDbEntity
  8
BLACK
  6
CONTINUOUS
100
AcDbLine
 10
1.796779527559055
 20
0.7998110236220473
 30
0
 11
1.8430393700787402
 21
0.7998110236220473
 31
0
  0
LINE
  5
423
330
1A
100
AcDbEntity
  8
BLACK
  6
CONTINUOUS
100
AcDbLine
 10
1.8430393700787402
 20
0.7998110236220473
 30
0
 11
1.8452993307086614
 21
0.7993614960629921
 31
0
  0
LINE
  5
424
330
1A
100
AcDbEntity
  8
BLACK
  6
CONTINUOUS
100
AcDbLine
 10
1.771480433070866
 20
0.8367630708661418
 30
0
 11
1.7733962992125984
 21
0.8354829133858267
 31
0
  0
LINE
  5
425
330
1A
100
AcDbEntity
  8
BLACK
  6
CONTINUOUS
100
AcDbLine
 10
1.7733962992125984
 20
0.8354829133858267
 30
0
 11
1.7746764566929134
 21
0.8335670472440945
 31
0
  0
LINE
  5
426
330
1A
100
AcDbEntity
  8
BLACK
  6
CONTINUOUS
100
AcDbLine
 10
1.7746764566929134
 20
0.8335670472440945
 30
0
 11
1.7751259842519684
 21
0.8313070866141732
 31
0
  0
LINE
  5
427
330
1A
100
AcDbEntity
  8
BLACK
  6
CONTINUOUS
100
AcDbLine
 10
1.7751259842519684
 20
0.8313070866141732
 30
0
 11
1.7751259842519684
 21
0.819496062992126
 31
0
  0
LINE
  5
428
330
1A
100
AcDbEntity
  8
BLACK
  6
CONTINUOUS
100
AcDbLine
 10
1.7751259842519684
 20
0.819496062992126
 30
0
 11
1.7746764566929134
 21
0.8172361023622047
 31
0
  0
LINE
  5
429
330
1A
100
AcDbEntity
  8
BLACK
  6
CONTINUOUS
100
AcDbLine
 10
1.7746764566929134
 20
0.8172361023622047
 30
0
 11
1.7733962992125984
 21
0.8153202362204724
 31
0
  0
LINE
  5
42A
330
1A
100
AcDbEntity
  8
BLACK
  6
CONTINUOUS
100
AcDbLine
 10
1.7733962992125984
 20
0.8153202362204724
 30
0
 11
1.771480433070866
 21
0.8140400787401575
 31
0
  0
LINE
  5
42B
330
1A
100
AcDbEntity
  8
BLACK
  6
CONTINUOUS
100
AcDbLine
 10
1.771480433070866
 20
0.8140400787401575
 30
0
 11
1.7692204724409448
 21
0.8135905511811024
 31
0
  0
LINE
  5
42C
330
1A
100
AcDbEntity
  8
BLACK
  6
CONTINUOUS
100
AcDbLine
 10
1.7692204724409448
 20
0.8135905511811024
 30
0
 11
1.7229606299212599
 21
0.8135905511811024
 31
0
  0
LINE
  5
42D
330
1A
100
AcDbEntity
  8
BLACK
  6
CONTINUOUS
100
AcDbLine
 10
1.7229606299212599
 20
0.8135905511811024
 30
0
 11
1.7207006692913385
 21
0.8140400787401575
 31
0
  0
LINE
  5
42E
330
1A
100
AcDbEntity
  8
BLACK
  6
CONTINUOUS
100
AcDbLine
 10
1.7207006692913385
 20
0.8140400787401575
 30
0
 11
1.7187848031496062
 21
0.8153202362204724
 31
0
  0
LINE
  5
42F
330
1A
100
AcDbEntity
  8
BLACK
  6
CONTINUOUS
100
AcDbLine
 10
1.7187848031496062
 20
0.8153202362204724
 30
0
 11
1.7175046456692913
 21
0.8172361023622047
 31
0
  0
LINE
  5
430
330
1A
100
AcDbEntity
  8
BLACK
  6
CONTINUOUS
100
AcDbLine
 10
1.7175046456692913
 20
0.8172361023622047
 30
0
 11
1.7170551181102363
 21
0.819496062992126
 31
0
  0
LINE
  5
431
330
1A
100
AcDbEntity
  8
BLACK
  6
CONTINUOUS
100
AcDbLine
 10
1.7170551181102363
 20
0.819496062992126
 30
0
 11
1.7170551181102363
 21
0.8313070866141732
 31
0
  0
LINE
  5
432
330
1A
100
AcDbEntity
  8
BLACK
  6
CONTINUOUS
100
AcDbLine
 10
1.7170551181102363
 20
0.8313070866141732
 30
0
 11
1.7175046456692913
 21
0.8335670472440945
 31
0
  0
LINE
  5
433
330
1A
100
AcDbEntity
  8
BLACK
  6
CONTINUOUS
100
AcDbLine
 10
1.7175046456692913
 20
0.8335670472440945
 30
0
 11
1.7187848031496062
 21
0.8354829133858267
 31
0
  0
LINE
  5
434
330
1A
100
AcDbEntity
  8
BLACK
  6
CONTINUOUS
100
AcDbLine
 10
1.7187848031496062
 20
0.8354829133858267
 30
0
 11
1.7207006692913385
 21
0.8367630708661418
 31
0
  0
LINE
  5
435
330
1A
100
AcDbEntity
  8
BLACK
  6
CONTINUOUS
100
AcDbLine
 10
1.7207006692913385
 20
0.8367630708661418
 30
0
 11
1.7229606299212599
 21
0.8372125984251968
 31
0
  0
LINE
  5
436
330
1A
100
AcDbEntity
  8
BLACK
  6
CONTINUOUS
100
AcDbLine
 10
1.7229606299212599
 20
0.8372125984251968
 30
0
 11
1.7692204724409448
 21
0.8372125984251968
 31
0
  0
LINE
  5
437
330
1A
100
AcDbEntity
  8
BLACK
  6
CONTINUOUS
100
AcDbLine
 10
1.7692204724409448
 20
0.8372125984251968
 30
0
 11
1.771480433070866
 21
0.8367630708661418
 31
0
  0
LINE
  5
438
330
1A
100
AcDbEntity
  8
BLACK
  6
CONTINUOUS
100
AcDbLine
 10
0.75748031496063
 20
0.821511811023622
 30
0
 11
0.7181102362204724
 21
0.821511811023622
 31
0
  0
LINE
  5
439
330
1A
100
AcDbEntity
  8
BLACK
  6
CONTINUOUS
100
AcDbLine
 10
0.7181102362204724
 20
0.821511811023622
 30
0
 11
0.7181102362204724
 21
0.9711181102362204
 31
0
  0
LINE
  5
43A
330
1A
100
AcDbEntity
  8
BLACK
  6
CONTINUOUS
100
AcDbLine
 10
0.7181102362204724
 20
0.9711181102362204
 30
0
 11
0.75748031496063
 21
0.9711181102362204
 31
0
  0
LINE
  5
43B
330
1A
100
AcDbEntity
  8
BLACK
  6
CONTINUOUS
100
AcDbLine
 10
0.75748031496063
 20
0.9711181102362204
 30
0
 11
0.75748031496063
 21
0.821511811023622
 31
0
  0
LINE
  5
43C
330
1A
100
AcDbEntity
  8
BLACK
  6
CONTINUOUS
100
AcDbLine
 10
2.4818897637795274
 20
0.821511811023622
 30
0
 11
2.44251968503937
 21
0.821511811023622
 31
0
  0
LINE
  5
43D
330
1A
100
AcDbEntity
  8
BLACK
  6
CONTINUOUS
100
AcDbLine
 10
2.44251968503937
 20
0.821511811023622
 30
0
 11
2.44251968503937
 21
0.9711181102362204
 31
0
  0
LINE
  5
43E
330
1A
100
AcDbEntity
  8
BLACK
  6
CONTINUOUS
100
AcDbLine
 10
2.44251968503937
 20
0.9711181102362204
 30
0
 11
2.4818897637795274
 21
0.9711181102362204
 31
0
  0
LINE
  5
43F
330
1A
100
AcDbEntity
  8
BLACK
  6
CONTINUOUS
100
AcDbLine
 10
2.4818897637795274
 20
0.9711181102362204
 30
0
 11
2.4818897637795274
 21
0.821511811023622
 31
0
  0
LINE
  5
440
330
1A
100
AcDbEntity
  8
BLACK
  6
CONTINUOUS
100
AcDbLine
 10
1.3974673622047245
 20
0.8755342519685039
 30
0
 11
1.4006605118110236
 21
0.8734006692913385
 31
0
  0
LINE
  5
441
330
1A
100
AcDbEntity
  8
BLACK
  6
CONTINUOUS
100
AcDbLine
 10
1.4006605118110236
 20
0.8734006692913385
 30
0
 11
1.4027940944881889
 21
0.8702075196850394
 31
0
  0
LINE
  5
442
330
1A
100
AcDbEntity
  8
BLACK
  6
CONTINUOUS
100
AcDbLine
 10
1.4027940944881889
 20
0.8702075196850394
 30
0
 11
1.4035433070866141
 21
0.8664409448818897
 31
0
  0
LINE
  5
443
330
1A
100
AcDbEntity
  8
BLACK
  6
CONTINUOUS
100
AcDbLine
 10
1.4035433070866141
 20
0.8664409448818897
 30
0
 11
1.4035433070866141
 21
0.846755905511811
 31
0
  0
LINE
  5
444
330
1A
100
AcDbEntity
  8
BLACK
  6
CONTINUOUS
100
AcDbLine
 10
1.4035433070866141
 20
0.846755905511811
 30
0
 11
1.4027940944881889
 21
0.8429893307086614
 31
0
  0
LINE
  5
445
330
1A
100
AcDbEntity
  8
BLACK
  6
CONTINUOUS
100
AcDbLine
 10
1.4027940944881889
 20
0.8429893307086614
 30
0
 11
1.4006605118110236
 21
0.8397961811023622
 31
0
  0
LINE
  5
446
330
1A
100
AcDbEntity
  8
BLACK
  6
CONTINUOUS
100
AcDbLine
 10
1.4006605118110236
 20
0.8397961811023622
 30
0
 11
1.3974673622047245
 21
0.8376625984251969
 31
0
  0
LINE
  5
447
330
1A
100
AcDbEntity
  8
BLACK
  6
CONTINUOUS
100
AcDbLine
 10
1.3974673622047245
 20
0.8376625984251969
 30
0
 11
1.3937007874015748
 21
0.8369133858267717
 31
0
  0
LINE
  5
448
330
1A
100
AcDbEntity
  8
BLACK
  6
CONTINUOUS
100
AcDbLine
 10
1.3937007874015748
 20
0.8369133858267717
 30
0
 11
1.3562992125984252
 21
0.8369133858267717
 31
0
  0
LINE
  5
449
330
1A
100
AcDbEntity
  8
BLACK
  6
CONTINUOUS
100
AcDbLine
 10
1.3562992125984252
 20
0.8369133858267717
 30
0
 11
1.3525326377952755
 21
0.8376625984251969
 31
0
  0
LINE
  5
44A
330
1A
100
AcDbEntity
  8
BLACK
  6
CONTINUOUS
100
AcDbLine
 10
1.3525326377952755
 20
0.8376625984251969
 30
0
 11
1.3493394881889764
 21
0.8397961811023622
 31
0
  0
LINE
  5
44B
330
1A
100
AcDbEntity
  8
BLACK
  6
CONTINUOUS
100
AcDbLine
 10
1.3493394881889764
 20
0.8397961811023622
 30
0
 11
1.3472059055118111
 21
0.8429893307086614
 31
0
  0
LINE
  5
44C
330
1A
100
AcDbEntity
  8
BLACK
  6
CONTINUOUS
100
AcDbLine
 10
1.3472059055118111
 20
0.8429893307086614
 30
0
 11
1.3464566929133859
 21
0.846755905511811
 31
0
  0
LINE
  5
44D
330
1A
100
AcDbEntity
  8
BLACK
  6
CONTINUOUS
100
AcDbLine
 10
1.3464566929133859
 20
0.846755905511811
 30
0
 11
1.3464566929133859
 21
0.8664409448818897
 31
0
  0
LINE
  5
44E
330
1A
100
AcDbEntity
  8
BLACK
  6
CONTINUOUS
100
AcDbLine
 10
1.3464566929133859
 20
0.8664409448818897
 30
0
 11
1.3472059055118111
 21
0.8702075196850394
 31
0
  0
LINE
  5
44F
330
1A
100
AcDbEntity
  8
BLACK
  6
CONTINUOUS
100
AcDbLine
 10
1.3472059055118111
 20
0.8702075196850394
 30
0
 11
1.3493394881889764
 21
0.8734006692913385
 31
0
  0
LINE
  5
450
330
1A
100
AcDbEntity
  8
BLACK
  6
CONTINUOUS
100
AcDbLine
 10
1.3493394881889764
 20
0.8734006692913385
 30
0
 11
1.3525326377952755
 21
0.8755342519685039
 31
0
  0
LINE
  5
451
330
1A
100
AcDbEntity
  8
BLACK
  6
CONTINUOUS
100
AcDbLine
 10
1.3525326377952755
 20
0.8755342519685039
 30
0
 11
1.3562992125984252
 21
0.8762834645669291
 31
0
  0
LINE
  5
452
330
1A
100
AcDbEntity
  8
BLACK
  6
CONTINUOUS
100
AcDbLine
 10
1.3562992125984252
 20
0.8762834645669291
 30
0
 11
1.3937007874015748
 21
0.8762834645669291
 31
0
  0
LINE
  5
453
330
1A
100
AcDbEntity
  8
BLACK
  6
CONTINUOUS
100
AcDbLine
 10
1.3937007874015748
 20
0.8762834645669291
 30
0
 11
1.3974673622047245
 21
0.8755342519685039
 31
0
  0
LINE
  5
454
330
1A
100
AcDbEntity
  8
BLACK
  6
CONTINUOUS
100
AcDbLine
 10
1.3169319291338581
 20
0.8780933464566929
 30
0
 11
1.3201250787401575
 21
0.8759597637795276
 31
0
  0
LINE
  5
455
330
1A
100
AcDbEntity
  8
BLACK
  6
CONTINUOUS
100
AcDbLine
 10
1.3201250787401575
 20
0.8759597637795276
 30
0
 11
1.3222586614173228
 21
0.8727666141732283
 31
0
  0
LINE
  5
456
330
1A
100
AcDbEntity
  8
BLACK
  6
CONTINUOUS
100
AcDbLine
 10
1.3222586614173228
 20
0.8727666141732283
 30
0
 11
1.323007874015748
 21
0.8690000393700787
 31
0
  0
LINE
  5
457
330
1A
100
AcDbEntity
  8
BLACK
  6
CONTINUOUS
100
AcDbLine
 10
1.323007874015748
 20
0.8690000393700787
 30
0
 11
1.323007874015748
 21
0.848330748031496
 31
0
  0
LINE
  5
458
330
1A
100
AcDbEntity
  8
BLACK
  6
CONTINUOUS
100
AcDbLine
 10
1.323007874015748
 20
0.848330748031496
 30
0
 11
1.3222586614173228
 21
0.8445641732283464
 31
0
  0
LINE
  5
459
330
1A
100
AcDbEntity
  8
BLACK
  6
CONTINUOUS
100
AcDbLine
 10
1.3222586614173228
 20
0.8445641732283464
 30
0
 11
1.3201250787401575
 21
0.8413710236220472
 31
0
  0
LINE
  5
45A
330
1A
100
AcDbEntity
  8
BLACK
  6
CONTINUOUS
100
AcDbLine
 10
1.3201250787401575
 20
0.8413710236220472
 30
0
 11
1.3169319291338581
 21
0.8392374409448818
 31
0
  0
LINE
  5
45B
330
1A
100
AcDbEntity
  8
BLACK
  6
CONTINUOUS
100
AcDbLine
 10
1.3169319291338581
 20
0.8392374409448818
 30
0
 11
1.3131653543307087
 21
0.8384882283464566
 31
0
  0
LINE
  5
45C
330
1A
100
AcDbEntity
  8
BLACK
  6
CONTINUOUS
100
AcDbLine
 10
1.3131653543307087
 20
0.8384882283464566
 30
0
 11
1.2777322834645668
 21
0.8384882283464566
 31
0
  0
LINE
  5
45D
330
1A
100
AcDbEntity
  8
BLACK
  6
CONTINUOUS
100
AcDbLine
 10
1.2777322834645668
 20
0.8384882283464566
 30
0
 11
1.2739657086614173
 21
0.8392374409448818
 31
0
  0
LINE
  5
45E
330
1A
100
AcDbEntity
  8
BLACK
  6
CONTINUOUS
100
AcDbLine
 10
1.2739657086614173
 20
0.8392374409448818
 30
0
 11
1.270772559055118
 21
0.8413710236220472
 31
0
  0
LINE
  5
45F
330
1A
100
AcDbEntity
  8
BLACK
  6
CONTINUOUS
100
AcDbLine
 10
1.270772559055118
 20
0.8413710236220472
 30
0
 11
1.2686389763779526
 21
0.8445641732283464
 31
0
  0
LINE
  5
460
330
1A
100
AcDbEntity
  8
BLACK
  6
CONTINUOUS
100
AcDbLine
 10
1.2686389763779526
 20
0.8445641732283464
 30
0
 11
1.2678897637795274
 21
0.848330748031496
 31
0
  0
LINE
  5
461
330
1A
100
AcDbEntity
  8
BLACK
  6
CONTINUOUS
100
AcDbLine
 10
1.2678897637795274
 20
0.848330748031496
 30
0
 11
1.2678897637795274
 21
0.8690000393700787
 31
0
  0
LINE
  5
462
330
1A
100
AcDbEntity
  8
BLACK
  6
CONTINUOUS
100
AcDbLine
 10
1.2678897637795274
 20
0.8690000393700787
 30
0
 11
1.2686389763779526
 21
0.8727666141732283
 31
0
  0
LINE
  5
463
330
1A
100
AcDbEntity
  8
BLACK
  6
CONTINUOUS
100
AcDbLine
 10
1.2686389763779526
 20
0.8727666141732283
 30
0
 11
1.270772559055118
 21
0.8759597637795276
 31
0
  0
LINE
  5
464
330
1A
100
AcDbEntity
  8
BLACK
  6
CONTINUOUS
100
AcDbLine
 10
1.270772559055118
 20
0.8759597637795276
 30
0
 11
1.2739657086614173
 21
0.8780933464566929
 31
0
  0
LINE
  5
465
330
1A
100
AcDbEntity
  8
BLACK
  6
CONTINUOUS
100
AcDbLine
 10
1.2739657086614173
 20
0.8780933464566929
 30
0
 11
1.2777322834645668
 21
0.8788425590551181
 31
0
  0
LINE
  5
466
330
1A
100
AcDbEntity
  8
BLACK
  6
CONTINUOUS
100
AcDbLine
 10
1.2777322834645668
 20
0.8788425590551181
 30
0
 11
1.3131653543307087
 21
0.8788425590551181
 31
0
  0
LINE
  5
467
330
1A
100
AcDbEntity
  8
BLACK
  6
CONTINUOUS
100
AcDbLine
 10
1.3131653543307087
 20
0.8788425590551181
 30
0
 11
1.3169319291338581
 21
0.8780933464566929
 31
0
  0
LINE
  5
468
330
1A
100
AcDbEntity
  8
BLACK
  6
CONTINUOUS
100
AcDbLine
 10
1.4592127165354329
 20
0.8938654724409448
 30
0
 11
1.4611285826771654
 21
0.8925853149606299
 31
0
  0
LINE
  5
469
330
1A
100
AcDbEntity
  8
BLACK
  6
CONTINUOUS
100
AcDbLine
 10
1.4611285826771654
 20
0.8925853149606299
 30
0
 11
1.4624087401574803
 21
0.8906694488188976
 31
0
  0
LINE
  5
46A
330
1A
100
AcDbEntity
  8
BLACK
  6
CONTINUOUS
100
AcDbLine
 10
1.4624087401574803
 20
0.8906694488188976
 30
0
 11
1.4628582677165354
 21
0.8884094881889764
 31
0
  0
LINE
  5
46B
330
1A
100
AcDbEntity
  8
BLACK
  6
CONTINUOUS
100
AcDbLine
 10
1.4628582677165354
 20
0.8884094881889764
 30
0
 11
1.4628582677165354
 21
0.8480551574803149
 31
0
  0
LINE
  5
46C
330
1A
100
AcDbEntity
  8
BLACK
  6
CONTINUOUS
100
AcDbLine
 10
1.4628582677165354
 20
0.8480551574803149
 30
0
 11
1.4624087401574803
 21
0.8457951968503937
 31
0
  0
LINE
  5
46D
330
1A
100
AcDbEntity
  8
BLACK
  6
CONTINUOUS
100
AcDbLine
 10
1.4624087401574803
 20
0.8457951968503937
 30
0
 11
1.4611285826771654
 21
0.8438793307086614
 31
0
  0
LINE
  5
46E
330
1A
100
AcDbEntity
  8
BLACK
  6
CONTINUOUS
100
AcDbLine
 10
1.4611285826771654
 20
0.8438793307086614
 30
0
 11
1.4592127165354329
 21
0.8425991732283464
 31
0
  0
LINE
  5
46F
330
1A
100
AcDbEntity
  8
BLACK
  6
CONTINUOUS
100
AcDbLine
 10
1.4592127165354329
 20
0.8425991732283464
 30
0
 11
1.4569527559055118
 21
0.8421496456692913
 31
0
  0
LINE
  5
470
330
1A
100
AcDbEntity
  8
BLACK
  6
CONTINUOUS
100
AcDbLine
 10
1.4569527559055118
 20
0.8421496456692913
 30
0
 11
1.4451417322834645
 21
0.8421496456692913
 31
0
  0
LINE
  5
471
330
1A
100
AcDbEntity
  8
BLACK
  6
CONTINUOUS
100
AcDbLine
 10
1.4451417322834645
 20
0.8421496456692913
 30
0
 11
1.4428817716535434
 21
0.8425991732283464
 31
0
  0
LINE
  5
472
330
1A
100
AcDbEntity
  8
BLACK
  6
CONTINUOUS
100
AcDbLine
 10
1.4428817716535434
 20
0.8425991732283464
 30
0
 11
1.4409659055118109
 21
0.8438793307086614
 31
0
  0
LINE
  5
473
330
1A
100
AcDbEntity
  8
BLACK
  6
CONTINUOUS
100
AcDbLine
 10
1.4409659055118109
 20
0.8438793307086614
 30
0
 11
1.439685748031496
 21
0.8457951968503937
 31
0
  0
LINE
  5
474
330
1A
100
AcDbEntity
  8
BLACK
  6
CONTINUOUS
100
AcDbLine
 10
1.439685748031496
 20
0.8457951968503937
 30
0
 11
1.4392362204724409
 21
0.8480551574803149
 31
0
  0
LINE
  5
475
330
1A
100
AcDbEntity
  8
BLACK
  6
CONTINUOUS
100
AcDbLine
 10
1.4392362204724409
 20
0.8480551574803149
 30
0
 11
1.4392362204724409
 21
0.8884094881889764
 31
0
  0
LINE
  5
476
330
1A
100
AcDbEntity
  8
BLACK
  6
CONTINUOUS
100
AcDbLine
 10
1.4392362204724409
 20
0.8884094881889764
 30
0
 11
1.439685748031496
 21
0.8906694488188976
 31
0
  0
LINE
  5
477
330
1A
100
AcDbEntity
  8
BLACK
  6
CONTINUOUS
100
AcDbLine
 10
1.439685748031496
 20
0.8906694488188976
 30
0
 11
1.4409659055118109
 21
0.8925853149606299
 31
0
  0
LINE
  5
478
330
1A
100
AcDbEntity
  8
BLACK
  6
CONTINUOUS
100
AcDbLine
 10
1.4409659055118109
 20
0.8925853149606299
 30
0
 11
1.4428817716535434
 21
0.8938654724409448
 31
0
  0
LINE
  5
479
330
1A
100
AcDbEntity
  8
BLACK
  6
CONTINUOUS
100
AcDbLine
 10
1.4428817716535434
 20
0.8938654724409448
 30
0
 11
1.4451417322834645
 21
0.894315
 31
0
  0
LINE
  5
47A
330
1A
100
AcDbEntity
  8
BLACK
  6
CONTINUOUS
100
AcDbLine
 10
1.4451417322834645
 20
0.894315
 30
0
 11
1.4569527559055118
 21
0.894315
 31
0
  0
LINE
  5
47B
330
1A
100
AcDbEntity
  8
BLACK
  6
CONTINUOUS
100
AcDbLine
 10
1.4569527559055118
 20
0.894315
 30
0
 11
1.4592127165354329
 21
0.8938654724409448
 31
0
  0
LINE
  5
47C
330
1A
100
AcDbEntity
  8
BLACK
  6
CONTINUOUS
100
AcDbLine
 10
1.5340158661417322
 20
0.8938654724409448
 30
0
 11
1.5359317322834645
 21
0.8925853149606299
 31
0
  0
LINE
  5
47D
330
1A
100
AcDbEntity
  8
BLACK
  6
CONTINUOUS
100
AcDbLine
 10
1.5359317322834645
 20
0.8925853149606299
 30
0
 11
1.5372118897637794
 21
0.8906694488188976
 31
0
  0
LINE
  5
47E
330
1A
100
AcDbEntity
  8
BLACK
  6
CONTINUOUS
100
AcDbLine
 10
1.5372118897637794
 20
0.8906694488188976
 30
0
 11
1.5376614173228347
 21
0.8884094881889764
 31
0
  0
LINE
  5
47F
330
1A
100
AcDbEntity
  8
BLACK
  6
CONTINUOUS
100
AcDbLine
 10
1.5376614173228347
 20
0.8884094881889764
 30
0
 11
1.5376614173228347
 21
0.8480551574803149
 31
0
  0
LINE
  5
480
330
1A
100
AcDbEntity
  8
BLACK
  6
CONTINUOUS
100
AcDbLine
 10
1.5376614173228347
 20
0.8480551574803149
 30
0
 11
1.5372118897637794
 21
0.8457951968503937
 31
0
  0
LINE
  5
481
330
1A
100
AcDbEntity
  8
BLACK
  6
CONTINUOUS
100
AcDbLine
 10
1.5372118897637794
 20
0.8457951968503937
 30
0
 11
1.5359317322834645
 21
0.8438793307086614
 31
0
  0
LINE
  5
482
330
1A
100
AcDbEntity
  8
BLACK
  6
CONTINUOUS
100
AcDbLine
 10
1.5359317322834645
 20
0.8438793307086614
 30
0
 11
1.5340158661417322
 21
0.8425991732283464
 31
0
  0
LINE
  5
483
330
1A
100
AcDbEntity
  8
BLACK
  6
CONTINUOUS
100
AcDbLine
 10
1.5340158661417322
 20
0.8425991732283464
 30
0
 11
1.5317559055118111
 21
0.8421496456692913
 31
0
  0
LINE
  5
484
330
1A
100
AcDbEntity
  8
BLACK
  6
CONTINUOUS
100
AcDbLine
 10
1.5317559055118111
 20
0.8421496456692913
 30
0
 11
1.5199448818897638
 21
0.8421496456692913
 31
0
  0
LINE
  5
485
330
1A
100
AcDbEntity
  8
BLACK
  6
CONTINUOUS
100
AcDbLine
 10
1.5199448818897638
 20
0.8421496456692913
 30
0
 11
1.5176849212598424
 21
0.8425991732283464
 31
0
  0
LINE
  5
486
330
1A
100
AcDbEntity
  8
BLACK
  6
CONTINUOUS
100
AcDbLine
 10
1.5176849212598424
 20
0.8425991732283464
 30
0
 11
1.5157690551181102
 21
0.8438793307086614
 31
0
  0
LINE
  5
487
330
1A
100
AcDbEntity
  8
BLACK
  6
CONTINUOUS
100
AcDbLine
 10
1.5157690551181102
 20
0.8438793307086614
 30
0
 11
1.5144888976377953
 21
0.8457951968503937
 31
0
  0
LINE
  5
488
330
1A
100
AcDbEntity
  8
BLACK
  6
CONTINUOUS
100
AcDbLine
 10
1.5144888976377953
 20
0.8457951968503937
 30
0
 11
1.5140393700787402
 21
0.8480551574803149
 31
0
  0
LINE
  5
489
330
1A
100
AcDbEntity
  8
BLACK
  6
CONTINUOUS
100
AcDbLine
 10
1.5140393700787402
 20
0.8480551574803149
 30
0
 11
1.5140393700787402
 21
0.8884094881889764
 31
0
  0
LINE
  5
48A
330
1A
100
AcDbEntity
  8
BLACK
  6
CONTINUOUS
100
AcDbLine
 10
1.5140393700787402
 20
0.8884094881889764
 30
0
 11
1.5144888976377953
 21
0.8906694488188976
 31
0
  0
LINE
  5
48B
330
1A
100
AcDbEntity
  8
BLACK
  6
CONTINUOUS
100
AcDbLine
 10
1.5144888976377953
 20
0.8906694488188976
 30
0
 11
1.5157690551181102
 21
0.8925853149606299
 31
0
  0
LINE
  5
48C
330
1A
100
AcDbEntity
  8
BLACK
  6
CONTINUOUS
100
AcDbLine
 10
1.5157690551181102
 20
0.8925853149606299
 30
0
 11
1.5176849212598424
 21
0.8938654724409448
 31
0
  0
LINE
  5
48D
330
1A
100
AcDbEntity
  8
BLACK
  6
CONTINUOUS
100
AcDbLine
 10
1.5176849212598424
 20
0.8938654724409448
 30
0
 11
1.5199448818897638
 21
0.894315
 31
0
  0
LINE
  5
48E
330
1A
100
AcDbEntity
  8
BLACK
  6
CONTINUOUS
100
AcDbLine
 10
1.5199448818897638
 20
0.894315
 30
0
 11
1.5317559055118111
 21
0.894315
 31
0
  0
LINE
  5
48F
330
1A
100
AcDbEntity
  8
BLACK
  6
CONTINUOUS
100
AcDbLine
 10
1.5317559055118111
 20
0.894315
 30
0
 11
1.5340158661417322
 21
0.8938654724409448
 31
0
  0
LINE
  5
490
330
1A
100
AcDbEntity
  8
BLACK
  6
CONTINUOUS
100
AcDbLine
 10
0.6334673622047244
 20
0.8885342519685039
 30
0
 11
0.6366605118110236
 21
0.8864006692913385
 31
0
  0
LINE
  5
491
330
1A
100
AcDbEntity
  8
BLACK
  6
CONTINUOUS
100
AcDbLine
 10
0.6366605118110236
 20
0.8864006692913385
 30
0
 11
0.6387940944881889
 21
0.8832075196850393
 31
0
  0
LINE
  5
492
330
1A
100
AcDbEntity
  8
BLACK
  6
CONTINUOUS
100
AcDbLine
 10
0.6387940944881889
 20
0.8832075196850393
 30
0
 11
0.6395433070866141
 21
0.8794409448818897
 31
0
  0
LINE
  5
493
330
1A
100
AcDbEntity
  8
BLACK
  6
CONTINUOUS
100
AcDbLine
 10
0.6395433070866141
 20
0.8794409448818897
 30
0
 11
0.6395433070866141
 21
0.859755905511811
 31
0
  0
LINE
  5
494
330
1A
100
AcDbEntity
  8
BLACK
  6
CONTINUOUS
100
AcDbLine
 10
0.6395433070866141
 20
0.859755905511811
 30
0
 11
0.6387940944881889
 21
0.8559893307086613
 31
0
  0
LINE
  5
495
330
1A
100
AcDbEntity
  8
BLACK
  6
CONTINUOUS
100
AcDbLine
 10
0.6387940944881889
 20
0.8559893307086613
 30
0
 11
0.6366605118110236
 21
0.8527961811023622
 31
0
  0
LINE
  5
496
330
1A
100
AcDbEntity
  8
BLACK
  6
CONTINUOUS
100
AcDbLine
 10
0.6366605118110236
 20
0.8527961811023622
 30
0
 11
0.6334673622047244
 21
0.8506625984251969
 31
0
  0
LINE
  5
497
330
1A
100
AcDbEntity
  8
BLACK
  6
CONTINUOUS
100
AcDbLine
 10
0.6334673622047244
 20
0.8506625984251969
 30
0
 11
0.6297007874015748
 21
0.8499133858267717
 31
0
  0
LINE
  5
498
330
1A
100
AcDbEntity
  8
BLACK
  6
CONTINUOUS
100
AcDbLine
 10
0.6297007874015748
 20
0.8499133858267717
 30
0
 11
0.5922992125984252
 21
0.8499133858267717
 31
0
  0
LINE
  5
499
330
1A
100
AcDbEntity
  8
BLACK
  6
CONTINUOUS
100
AcDbLine
 10
0.5922992125984252
 20
0.8499133858267717
 30
0
 11
0.5885326377952755
 21
0.8506625984251969
 31
0
  0
LINE
  5
49A
330
1A
100
AcDbEntity
  8
BLACK
  6
CONTINUOUS
100
AcDbLine
 10
0.5885326377952755
 20
0.8506625984251969
 30
0
 11
0.5853394881889764
 21
0.8527961811023622
 31
0
  0
LINE
  5
49B
330
1A
100
AcDbEntity
  8
BLACK
  6
CONTINUOUS
100
AcDbLine
 10
0.5853394881889764
 20
0.8527961811023622
 30
0
 11
0.5832059055118111
 21
0.8559893307086613
 31
0
  0
LINE
  5
49C
330
1A
100
AcDbEntity
  8
BLACK
  6
CONTINUOUS
100
AcDbLine
 10
0.5832059055118111
 20
0.8559893307086613
 30
0
 11
0.5824566929133859
 21
0.859755905511811
 31
0
  0
LINE
  5
49D
330
1A
100
AcDbEntity
  8
BLACK
  6
CONTINUOUS
100
AcDbLine
 10
0.5824566929133859
 20
0.859755905511811
 30
0
 11
0.5824566929133859
 21
0.8794409448818897
 31
0
  0
LINE
  5
49E
330
1A
100
AcDbEntity
  8
BLACK
  6
CONTINUOUS
100
AcDbLine
 10
0.5824566929133859
 20
0.8794409448818897
 30
0
 11
0.5832059055118111
 21
0.8832075196850393
 31
0
  0
LINE
  5
49F
330
1A
100
AcDbEntity
  8
BLACK
  6
CONTINUOUS
100
AcDbLine
 10
0.5832059055118111
 20
0.8832075196850393
 30
0
 11
0.5853394881889764
 21
0.8864006692913385
 31
0
  0
LINE
  5
4A0
330
1A
100
AcDbEntity
  8
BLACK
  6
CONTINUOUS
100
AcDbLine
 10
0.5853394881889764
 20
0.8864006692913385
 30
0
 11
0.5885326377952755
 21
0.8885342519685039
 31
0
  0
LINE
  5
4A1
330
1A
100
AcDbEntity
  8
BLACK
  6
CONTINUOUS
100
AcDbLine
 10
0.5885326377952755
 20
0.8885342519685039
 30
0
 11
0.5922992125984252
 21
0.8892834645669291
 31
0
  0
LINE
  5
4A2
330
1A
100
AcDbEntity
  8
BLACK
  6
CONTINUOUS
100
AcDbLine
 10
0.5922992125984252
 20
0.8892834645669291
 30
0
 11
0.6297007874015748
 21
0.8892834645669291
 31
0
  0
LINE
  5
4A3
330
1A
100
AcDbEntity
  8
BLACK
  6
CONTINUOUS
100
AcDbLine
 10
0.6297007874015748
 20
0.8892834645669291
 30
0
 11
0.6334673622047244
 21
0.8885342519685039
 31
0
  0
LINE
  5
4A4
330
1A
100
AcDbEntity
  8
BLACK
  6
CONTINUOUS
100
AcDbLine
 10
0.4282075196850393
 20
0.9127940944881889
 30
0
 11
0.4314006692913386
 21
0.9106605118110236
 31
0
  0
LINE
  5
4A5
330
1A
100
AcDbEntity
  8
BLACK
  6
CONTINUOUS
100
AcDbLine
 10
0.4314006692913386
 20
0.9106605118110236
 30
0
 11
0.4335342519685039
 21
0.9074673622047243
 31
0
  0
LINE
  5
4A6
330
1A
100
AcDbEntity
  8
BLACK
  6
CONTINUOUS
100
AcDbLine
 10
0.4335342519685039
 20
0.9074673622047243
 30
0
 11
0.4342834645669291
 21
0.9037007874015748
 31
0
  0
LINE
  5
4A7
330
1A
100
AcDbEntity
  8
BLACK
  6
CONTINUOUS
100
AcDbLine
 10
0.4342834645669291
 20
0.9037007874015748
 30
0
 11
0.4342834645669291
 21
0.8662992125984251
 31
0
  0
LINE
  5
4A8
330
1A
100
AcDbEntity
  8
BLACK
  6
CONTINUOUS
100
AcDbLine
 10
0.4342834645669291
 20
0.8662992125984251
 30
0
 11
0.4335342519685039
 21
0.8625326377952756
 31
0
  0
LINE
  5
4A9
330
1A
100
AcDbEntity
  8
BLACK
  6
CONTINUOUS
100
AcDbLine
 10
0.4335342519685039
 20
0.8625326377952756
 30
0
 11
0.4314006692913386
 21
0.8593394881889763
 31
0
  0
LINE
  5
4AA
330
1A
100
AcDbEntity
  8
BLACK
  6
CONTINUOUS
100
AcDbLine
 10
0.4314006692913386
 20
0.8593394881889763
 30
0
 11
0.4282075196850393
 21
0.857205905511811
 31
0
  0
LINE
  5
4AB
330
1A
100
AcDbEntity
  8
BLACK
  6
CONTINUOUS
100
AcDbLine
 10
0.4282075196850393
 20
0.857205905511811
 30
0
 11
0.4244409448818898
 21
0.8564566929133858
 31
0
  0
LINE
  5
4AC
330
1A
100
AcDbEntity
  8
BLACK
  6
CONTINUOUS
100
AcDbLine
 10
0.4244409448818898
 20
0.8564566929133858
 30
0
 11
0.404755905511811
 21
0.8564566929133858
 31
0
  0
LINE
  5
4AD
330
1A
100
AcDbEntity
  8
BLACK
  6
CONTINUOUS
100
AcDbLine
 10
0.404755905511811
 20
0.8564566929133858
 30
0
 11
0.4009893307086614
 21
0.857205905511811
 31
0
  0
LINE
  5
4AE
330
1A
100
AcDbEntity
  8
BLACK
  6
CONTINUOUS
100
AcDbLine
 10
0.4009893307086614
 20
0.857205905511811
 30
0
 11
0.3977961811023622
 21
0.8593394881889763
 31
0
  0
LINE
  5
4AF
330
1A
100
AcDbEntity
  8
BLACK
  6
CONTINUOUS
100
AcDbLine
 10
0.3977961811023622
 20
0.8593394881889763
 30
0
 11
0.3956625984251969
 21
0.8625326377952756
 31
0
  0
LINE
  5
4B0
330
1A
100
AcDbEntity
  8
BLACK
  6
CONTINUOUS
100
AcDbLine
 10
0.3956625984251969
 20
0.8625326377952756
 30
0
 11
0.3949133858267717
 21
0.8662992125984251
 31
0
  0
LINE
  5
4B1
330
1A
100
AcDbEntity
  8
BLACK
  6
CONTINUOUS
100
AcDbLine
 10
0.3949133858267717
 20
0.8662992125984251
 30
0
 11
0.3949133858267717
 21
0.9037007874015748
 31
0
  0
LINE
  5
4B2
330
1A
100
AcDbEntity
  8
BLACK
  6
CONTINUOUS
100
AcDbLine
 10
0.3949133858267717
 20
0.9037007874015748
 30
0
 11
0.3956625984251969
 21
0.9074673622047243
 31
0
  0
LINE
  5
4B3
330
1A
100
AcDbEntity
  8
BLACK
  6
CONTINUOUS
100
AcDbLine
 10
0.3956625984251969
 20
0.9074673622047243
 30
0
 11
0.3977961811023622
 21
0.9106605118110236
 31
0
  0
LINE
  5
4B4
330
1A
100
AcDbEntity
  8
BLACK
  6
CONTINUOUS
100
AcDbLine
 10
0.3977961811023622
 20
0.9106605118110236
 30
0
 11
0.4009893307086614
 21
0.9127940944881889
 31
0
  0
LINE
  5
4B5
330
1A
100
AcDbEntity
  8
BLACK
  6
CONTINUOUS
100
AcDbLine
 10
0.4009893307086614
 20
0.9127940944881889
 30
0
 11
0.404755905511811
 21
0.9135433070866141
 31
0
  0
LINE
  5
4B6
330
1A
100
AcDbEntity
  8
BLACK
  6
CONTINUOUS
100
AcDbLine
 10
0.404755905511811
 20
0.9135433070866141
 30
0
 11
0.4244409448818898
 21
0.9135433070866141
 31
0
  0
LINE
  5
4B7
330
1A
100
AcDbEntity
  8
BLACK
  6
CONTINUOUS
100
AcDbLine
 10
0.4244409448818898
 20
0.9135433070866141
 30
0
 11
0.4282075196850393
 21
0.9127940944881889
 31
0
  0
LINE
  5
4B8
330
1A
100
AcDbEntity
  8
BLACK
  6
CONTINUOUS
100
AcDbLine
 10
0.5030106692913385
 20
0.9127940944881889
 30
0
 11
0.5062038188976378
 21
0.9106605118110236
 31
0
  0
LINE
  5
4B9
330
1A
100
AcDbEntity
  8
BLACK
  6
CONTINUOUS
100
AcDbLine
 10
0.5062038188976378
 20
0.9106605118110236
 30
0
 11
0.5083374015748031
 21
0.9074673622047243
 31
0
  0
LINE
  5
4BA
330
1A
100
AcDbEntity
  8
BLACK
  6
CONTINUOUS
100
AcDbLine
 10
0.5083374015748031
 20
0.9074673622047243
 30
0
 11
0.5090866141732283
 21
0.9037007874015748
 31
0
  0
LINE
  5
4BB
330
1A
100
AcDbEntity
  8
BLACK
  6
CONTINUOUS
100
AcDbLine
 10
0.5090866141732283
 20
0.9037007874015748
 30
0
 11
0.5090866141732283
 21
0.8662992125984251
 31
0
  0
LINE
  5
4BC
330
1A
100
AcDbEntity
  8
BLACK
  6
CONTINUOUS
100
AcDbLine
 10
0.5090866141732283
 20
0.8662992125984251
 30
0
 11
0.5083374015748031
 21
0.8625326377952756
 31
0
  0
LINE
  5
4BD
330
1A
100
AcDbEntity
  8
BLACK
  6
CONTINUOUS
100
AcDbLine
 10
0.5083374015748031
 20
0.8625326377952756
 30
0
 11
0.5062038188976378
 21
0.8593394881889763
 31
0
  0
LINE
  5
4BE
330
1A
100
AcDbEntity
  8
BLACK
  6
CONTINUOUS
100
AcDbLine
 10
0.5062038188976378
 20
0.8593394881889763
 30
0
 11
0.5030106692913385
 21
0.857205905511811
 31
0
  0
LINE
  5
4BF
330
1A
100
AcDbEntity
  8
BLACK
  6
CONTINUOUS
100
AcDbLine
 10
0.5030106692913385
 20
0.857205905511811
 30
0
 11
0.499244094488189
 21
0.8564566929133858
 31
0
  0
LINE
  5
4C0
330
1A
100
AcDbEntity
  8
BLACK
  6
CONTINUOUS
100
AcDbLine
 10
0.499244094488189
 20
0.8564566929133858
 30
0
 11
0.4795590551181102
 21
0.8564566929133858
 31
0
  0
LINE
  5
4C1
330
1A
100
AcDbEntity
  8
BLACK
  6
CONTINUOUS
100
AcDbLine
 10
0.4795590551181102
 20
0.8564566929133858
 30
0
 11
0.4757924803149606
 21
0.857205905511811
 31
0
  0
LINE
  5
4C2
330
1A
100
AcDbEntity
  8
BLACK
  6
CONTINUOUS
100
AcDbLine
 10
0.4757924803149606
 20
0.857205905511811
 30
0
 11
0.4725993307086614
 21
0.8593394881889763
 31
0
  0
LINE
  5
4C3
330
1A
100
AcDbEntity
  8
BLACK
  6
CONTINUOUS
100
AcDbLine
 10
0.4725993307086614
 20
0.8593394881889763
 30
0
 11
0.470465748031496
 21
0.8625326377952756
 31
0
  0
LINE
  5
4C4
330
1A
100
AcDbEntity
  8
BLACK
  6
CONTINUOUS
100
AcDbLine
 10
0.470465748031496
 20
0.8625326377952756
 30
0
 11
0.4697165354330708
 21
0.8662992125984251
 31
0
  0
LINE
  5
4C5
330
1A
100
AcDbEntity
  8
BLACK
  6
CONTINUOUS
100
AcDbLine
 10
0.4697165354330708
 20
0.8662992125984251
 30
0
 11
0.4697165354330708
 21
0.9037007874015748
 31
0
  0
LINE
  5
4C6
330
1A
100
AcDbEntity
  8
BLACK
  6
CONTINUOUS
100
AcDbLine
 10
0.4697165354330708
 20
0.9037007874015748
 30
0
 11
0.470465748031496
 21
0.9074673622047243
 31
0
  0
LINE
  5
4C7
330
1A
100
AcDbEntity
  8
BLACK
  6
CONTINUOUS
100
AcDbLine
 10
0.470465748031496
 20
0.9074673622047243
 30
0
 11
0.4725993307086614
 21
0.9106605118110236
 31
0
  0
LINE
  5
4C8
330
1A
100
AcDbEntity
  8
BLACK
  6
CONTINUOUS
100
AcDbLine
 10
0.4725993307086614
 20
0.9106605118110236
 30
0
 11
0.4757924803149606
 21
0.9127940944881889
 31
0
  0
LINE
  5
4C9
330
1A
100
AcDbEntity
  8
BLACK
  6
CONTINUOUS
100
AcDbLine
 10
0.4757924803149606
 20
0.9127940944881889
 30
0
 11
0.4795590551181102
 21
0.9135433070866141
 31
0
  0
LINE
  5
4CA
330
1A
100
AcDbEntity
  8
BLACK
  6
CONTINUOUS
100
AcDbLine
 10
0.4795590551181102
 20
0.9135433070866141
 30
0
 11
0.499244094488189
 21
0.9135433070866141
 31
0
  0
LINE
  5
4CB
330
1A
100
AcDbEntity
  8
BLACK
  6
CONTINUOUS
100
AcDbLine
 10
0.499244094488189
 20
0.9135433070866141
 30
0
 11
0.5030106692913385
 21
0.9127940944881889
 31
0
  0
LINE
  5
4CC
330
1A
100
AcDbEntity
  8
BLACK
  6
CONTINUOUS
100
AcDbLine
 10
1.8713335039370078
 20
0.9258255905511811
 30
0
 11
1.8745266535433069
 21
0.9236920078740157
 31
0
  0
LINE
  5
4CD
330
1A
100
AcDbEntity
  8
BLACK
  6
CONTINUOUS
100
AcDbLine
 10
1.8745266535433069
 20
0.9236920078740157
 30
0
 11
1.8766602362204723
 21
0.9204988582677165
 31
0
  0
LINE
  5
4CE
330
1A
100
AcDbEntity
  8
BLACK
  6
CONTINUOUS
100
AcDbLine
 10
1.8766602362204723
 20
0.9204988582677165
 30
0
 11
1.8774094488188975
 21
0.9167322834645669
 31
0
  0
LINE
  5
4CF
330
1A
100
AcDbEntity
  8
BLACK
  6
CONTINUOUS
100
AcDbLine
 10
1.8774094488188975
 20
0.9167322834645669
 30
0
 11
1.8774094488188975
 21
0.883267716535433
 31
0
  0
LINE
  5
4D0
330
1A
100
AcDbEntity
  8
BLACK
  6
CONTINUOUS
100
AcDbLine
 10
1.8774094488188975
 20
0.883267716535433
 30
0
 11
1.8766602362204723
 21
0.8795011417322834
 31
0
  0
LINE
  5
4D1
330
1A
100
AcDbEntity
  8
BLACK
  6
CONTINUOUS
100
AcDbLine
 10
1.8766602362204723
 20
0.8795011417322834
 30
0
 11
1.8745266535433069
 21
0.8763079921259842
 31
0
  0
LINE
  5
4D2
330
1A
100
AcDbEntity
  8
BLACK
  6
CONTINUOUS
100
AcDbLine
 10
1.8745266535433069
 20
0.8763079921259842
 30
0
 11
1.8713335039370078
 21
0.8741744094488189
 31
0
  0
LINE
  5
4D3
330
1A
100
AcDbEntity
  8
BLACK
  6
CONTINUOUS
100
AcDbLine
 10
1.8713335039370078
 20
0.8741744094488189
 30
0
 11
1.8675669291338581
 21
0.8734251968503937
 31
0
  0
LINE
  5
4D4
330
1A
100
AcDbEntity
  8
BLACK
  6
CONTINUOUS
100
AcDbLine
 10
1.8675669291338581
 20
0.8734251968503937
 30
0
 11
1.8321338582677165
 21
0.8734251968503937
 31
0
  0
LINE
  5
4D5
330
1A
100
AcDbEntity
  8
BLACK
  6
CONTINUOUS
100
AcDbLine
 10
1.8321338582677165
 20
0.8734251968503937
 30
0
 11
1.8283672834645668
 21
0.8741744094488189
 31
0
  0
LINE
  5
4D6
330
1A
100
AcDbEntity
  8
BLACK
  6
CONTINUOUS
100
AcDbLine
 10
1.8283672834645668
 20
0.8741744094488189
 30
0
 11
1.8251741338582677
 21
0.8763079921259842
 31
0
  0
LINE
  5
4D7
330
1A
100
AcDbEntity
  8
BLACK
  6
CONTINUOUS
100
AcDbLine
 10
1.8251741338582677
 20
0.8763079921259842
 30
0
 11
1.8230405511811023
 21
0.8795011417322834
 31
0
  0
LINE
  5
4D8
330
1A
100
AcDbEntity
  8
BLACK
  6
CONTINUOUS
100
AcDbLine
 10
1.8230405511811023
 20
0.8795011417322834
 30
0
 11
1.8222913385826771
 21
0.883267716535433
 31
0
  0
LINE
  5
4D9
330
1A
100
AcDbEntity
  8
BLACK
  6
CONTINUOUS
100
AcDbLine
 10
1.8222913385826771
 20
0.883267716535433
 30
0
 11
1.8222913385826771
 21
0.9167322834645669
 31
0
  0
LINE
  5
4DA
330
1A
100
AcDbEntity
  8
BLACK
  6
CONTINUOUS
100
AcDbLine
 10
1.8222913385826771
 20
0.9167322834645669
 30
0
 11
1.8230405511811023
 21
0.9204988582677165
 31
0
  0
LINE
  5
4DB
330
1A
100
AcDbEntity
  8
BLACK
  6
CONTINUOUS
100
AcDbLine
 10
1.8230405511811023
 20
0.9204988582677165
 30
0
 11
1.8251741338582677
 21
0.9236920078740157
 31
0
  0
LINE
  5
4DC
330
1A
100
AcDbEntity
  8
BLACK
  6
CONTINUOUS
100
AcDbLine
 10
1.8251741338582677
 20
0.9236920078740157
 30
0
 11
1.8283672834645668
 21
0.9258255905511811
 31
0
  0
LINE
  5
4DD
330
1A
100
AcDbEntity
  8
BLACK
  6
CONTINUOUS
100
AcDbLine
 10
1.8283672834645668
 20
0.9258255905511811
 30
0
 11
1.8321338582677165
 21
0.9265748031496063
 31
0
  0
LINE
  5
4DE
330
1A
100
AcDbEntity
  8
BLACK
  6
CONTINUOUS
100
AcDbLine
 10
1.8321338582677165
 20
0.9265748031496063
 30
0
 11
1.8675669291338581
 21
0.9265748031496063
 31
0
  0
LINE
  5
4DF
330
1A
100
AcDbEntity
  8
BLACK
  6
CONTINUOUS
100
AcDbLine
 10
1.8675669291338581
 20
0.9265748031496063
 30
0
 11
1.8713335039370078
 21
0.9258255905511811
 31
0
  0
LINE
  5
4E0
330
1A
100
AcDbEntity
  8
BLACK
  6
CONTINUOUS
100
AcDbLine
 10
1.977632716535433
 20
0.9258255905511811
 30
0
 11
1.9808258661417322
 21
0.9236920078740157
 31
0
  0
LINE
  5
4E1
330
1A
100
AcDbEntity
  8
BLACK
  6
CONTINUOUS
100
AcDbLine
 10
1.9808258661417322
 20
0.9236920078740157
 30
0
 11
1.9829594488188975
 21
0.9204988582677165
 31
0
  0
LINE
  5
4E2
330
1A
100
AcDbEntity
  8
BLACK
  6
CONTINUOUS
100
AcDbLine
 10
1.9829594488188975
 20
0.9204988582677165
 30
0
 11
1.9837086614173227
 21
0.9167322834645669
 31
0
  0
LINE
  5
4E3
330
1A
100
AcDbEntity
  8
BLACK
  6
CONTINUOUS
100
AcDbLine
 10
1.9837086614173227
 20
0.9167322834645669
 30
0
 11
1.9837086614173227
 21
0.883267716535433
 31
0
  0
LINE
  5
4E4
330
1A
100
AcDbEntity
  8
BLACK
  6
CONTINUOUS
100
AcDbLine
 10
1.9837086614173227
 20
0.883267716535433
 30
0
 11
1.9829594488188975
 21
0.8795011417322834
 31
0
  0
LINE
  5
4E5
330
1A
100
AcDbEntity
  8
BLACK
  6
CONTINUOUS
100
AcDbLine
 10
1.9829594488188975
 20
0.8795011417322834
 30
0
 11
1.9808258661417322
 21
0.8763079921259842
 31
0
  0
LINE
  5
4E6
330
1A
100
AcDbEntity
  8
BLACK
  6
CONTINUOUS
100
AcDbLine
 10
1.9808258661417322
 20
0.8763079921259842
 30
0
 11
1.977632716535433
 21
0.8741744094488189
 31
0
  0
LINE
  5
4E7
330
1A
100
AcDbEntity
  8
BLACK
  6
CONTINUOUS
100
AcDbLine
 10
1.977632716535433
 20
0.8741744094488189
 30
0
 11
1.9738661417322834
 21
0.8734251968503937
 31
0
  0
LINE
  5
4E8
330
1A
100
AcDbEntity
  8
BLACK
  6
CONTINUOUS
100
AcDbLine
 10
1.9738661417322834
 20
0.8734251968503937
 30
0
 11
1.9384330708661417
 21
0.8734251968503937
 31
0
  0
LINE
  5
4E9
330
1A
100
AcDbEntity
  8
BLACK
  6
CONTINUOUS
100
AcDbLine
 10
1.9384330708661417
 20
0.8734251968503937
 30
0
 11
1.934666496062992
 21
0.8741744094488189
 31
0
  0
LINE
  5
4EA
330
1A
100
AcDbEntity
  8
BLACK
  6
CONTINUOUS
100
AcDbLine
 10
1.934666496062992
 20
0.8741744094488189
 30
0
 11
1.9314733464566929
 21
0.8763079921259842
 31
0
  0
LINE
  5
4EB
330
1A
100
AcDbEntity
  8
BLACK
  6
CONTINUOUS
100
AcDbLine
 10
1.9314733464566929
 20
0.8763079921259842
 30
0
 11
1.9293397637795275
 21
0.8795011417322834
 31
0
  0
LINE
  5
4EC
330
1A
100
AcDbEntity
  8
BLACK
  6
CONTINUOUS
100
AcDbLine
 10
1.9293397637795275
 20
0.8795011417322834
 30
0
 11
1.9285905511811023
 21
0.883267716535433
 31
0
  0
LINE
  5
4ED
330
1A
100
AcDbEntity
  8
BLACK
  6
CONTINUOUS
100
AcDbLine
 10
1.9285905511811023
 20
0.883267716535433
 30
0
 11
1.9285905511811023
 21
0.9167322834645669
 31
0
  0
LINE
  5
4EE
330
1A
100
AcDbEntity
  8
BLACK
  6
CONTINUOUS
100
AcDbLine
 10
1.9285905511811023
 20
0.9167322834645669
 30
0
 11
1.9293397637795275
 21
0.9204988582677165
 31
0
  0
LINE
  5
4EF
330
1A
100
AcDbEntity
  8
BLACK
  6
CONTINUOUS
100
AcDbLine
 10
1.9293397637795275
 20
0.9204988582677165
 30
0
 11
1.9314733464566929
 21
0.9236920078740157
 31
0
  0
LINE
  5
4F0
330
1A
100
AcDbEntity
  8
BLACK
  6
CONTINUOUS
100
AcDbLine
 10
1.9314733464566929
 20
0.9236920078740157
 30
0
 11
1.934666496062992
 21
0.9258255905511811
 31
0
  0
LINE
  5
4F1
330
1A
100
AcDbEntity
  8
BLACK
  6
CONTINUOUS
100
AcDbLine
 10
1.934666496062992
 20
0.9258255905511811
 30
0
 11
1.9384330708661417
 21
0.9265748031496063
 31
0
  0
LINE
  5
4F2
330
1A
100
AcDbEntity
  8
BLACK
  6
CONTINUOUS
100
AcDbLine
 10
1.9384330708661417
 20
0.9265748031496063
 30
0
 11
1.9738661417322834
 21
0.9265748031496063
 31
0
  0
LINE
  5
4F3
330
1A
100
AcDbEntity
  8
BLACK
  6
CONTINUOUS
100
AcDbLine
 10
1.9738661417322834
 20
0.9265748031496063
 30
0
 11
1.977632716535433
 21
0.9258255905511811
 31
0
  0
LINE
  5
4F4
330
1A
100
AcDbEntity
  8
BLACK
  6
CONTINUOUS
100
AcDbLine
 10
2.0447980708661415
 20
0.9344948818897637
 30
0
 11
2.0479912204724409
 21
0.9323612992125984
 31
0
  0
LINE
  5
4F5
330
1A
100
AcDbEntity
  8
BLACK
  6
CONTINUOUS
100
AcDbLine
 10
2.0479912204724409
 20
0.9323612992125984
 30
0
 11
2.0501248031496062
 21
0.9291681496062992
 31
0
  0
LINE
  5
4F6
330
1A
100
AcDbEntity
  8
BLACK
  6
CONTINUOUS
100
AcDbLine
 10
2.0501248031496062
 20
0.9291681496062992
 30
0
 11
2.0508740157480316
 21
0.9254015748031496
 31
0
  0
LINE
  5
4F7
330
1A
100
AcDbEntity
  8
BLACK
  6
CONTINUOUS
100
AcDbLine
 10
2.0508740157480316
 20
0.9254015748031496
 30
0
 11
2.0508740157480316
 21
0.888
 31
0
  0
LINE
  5
4F8
330
1A
100
AcDbEntity
  8
BLACK
  6
CONTINUOUS
100
AcDbLine
 10
2.0508740157480316
 20
0.888
 30
0
 11
2.0501248031496062
 21
0.8842334251968503
 31
0
  0
LINE
  5
4F9
330
1A
100
AcDbEntity
  8
BLACK
  6
CONTINUOUS
100
AcDbLine
 10
2.0501248031496062
 20
0.8842334251968503
 30
0
 11
2.0479912204724409
 21
0.8810402755905512
 31
0
  0
LINE
  5
4FA
330
1A
100
AcDbEntity
  8
BLACK
  6
CONTINUOUS
100
AcDbLine
 10
2.0479912204724409
 20
0.8810402755905512
 30
0
 11
2.0447980708661415
 21
0.8789066929133859
 31
0
  0
LINE
  5
4FB
330
1A
100
AcDbEntity
  8
BLACK
  6
CONTINUOUS
100
AcDbLine
 10
2.0447980708661415
 20
0.8789066929133859
 30
0
 11
2.0410314960629923
 21
0.8781574803149607
 31
0
  0
LINE
  5
4FC
330
1A
100
AcDbEntity
  8
BLACK
  6
CONTINUOUS
100
AcDbLine
 10
2.0410314960629923
 20
0.8781574803149607
 30
0
 11
2.0213464566929131
 21
0.8781574803149607
 31
0
  0
LINE
  5
4FD
330
1A
100
AcDbEntity
  8
BLACK
  6
CONTINUOUS
100
AcDbLine
 10
2.0213464566929131
 20
0.8781574803149607
 30
0
 11
2.0175798818897639
 21
0.8789066929133859
 31
0
  0
LINE
  5
4FE
330
1A
100
AcDbEntity
  8
BLACK
  6
CONTINUOUS
100
AcDbLine
 10
2.0175798818897639
 20
0.8789066929133859
 30
0
 11
2.0143867322834645
 21
0.8810402755905512
 31
0
  0
LINE
  5
4FF
330
1A
100
AcDbEntity
  8
BLACK
  6
CONTINUOUS
100
AcDbLine
 10
2.0143867322834645
 20
0.8810402755905512
 30
0
 11
2.0122531496062992
 21
0.8842334251968503
 31
0
  0
LINE
  5
500
330
1A
100
AcDbEntity
  8
BLACK
  6
CONTINUOUS
100
AcDbLine
 10
2.0122531496062992
 20
0.8842334251968503
 30
0
 11
2.0115039370078738
 21
0.888
 31
0
  0
LINE
  5
501
330
1A
100
AcDbEntity
  8
BLACK
  6
CONTINUOUS
100
AcDbLine
 10
2.0115039370078738
 20
0.888
 30
0
 11
2.0115039370078738
 21
0.9254015748031496
 31
0
  0
LINE
  5
502
330
1A
100
AcDbEntity
  8
BLACK
  6
CONTINUOUS
100
AcDbLine
 10
2.0115039370078738
 20
0.9254015748031496
 30
0
 11
2.0122531496062992
 21
0.9291681496062992
 31
0
  0
LINE
  5
503
330
1A
100
AcDbEntity
  8
BLACK
  6
CONTINUOUS
100
AcDbLine
 10
2.0122531496062992
 20
0.9291681496062992
 30
0
 11
2.0143867322834645
 21
0.9323612992125984
 31
0
  0
LINE
  5
504
330
1A
100
AcDbEntity
  8
BLACK
  6
CONTINUOUS
100
AcDbLine
 10
2.0143867322834645
 20
0.9323612992125984
 30
0
 11
2.0175798818897639
 21
0.9344948818897637
 31
0
  0
LINE
  5
505
330
1A
100
AcDbEntity
  8
BLACK
  6
CONTINUOUS
100
AcDbLine
 10
2.0175798818897639
 20
0.9344948818897637
 30
0
 11
2.0213464566929131
 21
0.9352440944881889
 31
0
  0
LINE
  5
506
330
1A
100
AcDbEntity
  8
BLACK
  6
CONTINUOUS
100
AcDbLine
 10
2.0213464566929131
 20
0.9352440944881889
 30
0
 11
2.0410314960629923
 21
0.9352440944881889
 31
0
  0
LINE
  5
507
330
1A
100
AcDbEntity
  8
BLACK
  6
CONTINUOUS
100
AcDbLine
 10
2.0410314960629923
 20
0.9352440944881889
 30
0
 11
2.0447980708661415
 21
0.9344948818897637
 31
0
  0
LINE
  5
508
330
1A
100
AcDbEntity
  8
BLACK
  6
CONTINUOUS
100
AcDbLine
 10
2.119601220472441
 20
0.9344948818897637
 30
0
 11
2.1227943700787399
 21
0.9323612992125984
 31
0
  0
LINE
  5
509
330
1A
100
AcDbEntity
  8
BLACK
  6
CONTINUOUS
100
AcDbLine
 10
2.1227943700787399
 20
0.9323612992125984
 30
0
 11
2.1249279527559053
 21
0.9291681496062992
 31
0
  0
LINE
  5
50A
330
1A
100
AcDbEntity
  8
BLACK
  6
CONTINUOUS
100
AcDbLine
 10
2.1249279527559053
 20
0.9291681496062992
 30
0
 11
2.1256771653543307
 21
0.9254015748031496
 31
0
  0
LINE
  5
50B
330
1A
100
AcDbEntity
  8
BLACK
  6
CONTINUOUS
100
AcDbLine
 10
2.1256771653543307
 20
0.9254015748031496
 30
0
 11
2.1256771653543307
 21
0.888
 31
0
  0
LINE
  5
50C
330
1A
100
AcDbEntity
  8
BLACK
  6
CONTINUOUS
100
AcDbLine
 10
2.1256771653543307
 20
0.888
 30
0
 11
2.1249279527559053
 21
0.8842334251968503
 31
0
  0
LINE
  5
50D
330
1A
100
AcDbEntity
  8
BLACK
  6
CONTINUOUS
100
AcDbLine
 10
2.1249279527559053
 20
0.8842334251968503
 30
0
 11
2.1227943700787399
 21
0.8810402755905512
 31
0
  0
LINE
  5
50E
330
1A
100
AcDbEntity
  8
BLACK
  6
CONTINUOUS
100
AcDbLine
 10
2.1227943700787399
 20
0.8810402755905512
 30
0
 11
2.119601220472441
 21
0.8789066929133859
 31
0
  0
LINE
  5
50F
330
1A
100
AcDbEntity
  8
BLACK
  6
CONTINUOUS
100
AcDbLine
 10
2.119601220472441
 20
0.8789066929133859
 30
0
 11
2.1158346456692914
 21
0.8781574803149607
 31
0
  0
LINE
  5
510
330
1A
100
AcDbEntity
  8
BLACK
  6
CONTINUOUS
100
AcDbLine
 10
2.1158346456692914
 20
0.8781574803149607
 30
0
 11
2.0961496062992127
 21
0.8781574803149607
 31
0
  0
LINE
  5
511
330
1A
100
AcDbEntity
  8
BLACK
  6
CONTINUOUS
100
AcDbLine
 10
2.0961496062992127
 20
0.8781574803149607
 30
0
 11
2.092383031496063
 21
0.8789066929133859
 31
0
  0
LINE
  5
512
330
1A
100
AcDbEntity
  8
BLACK
  6
CONTINUOUS
100
AcDbLine
 10
2.092383031496063
 20
0.8789066929133859
 30
0
 11
2.0891898818897636
 21
0.8810402755905512
 31
0
  0
LINE
  5
513
330
1A
100
AcDbEntity
  8
BLACK
  6
CONTINUOUS
100
AcDbLine
 10
2.0891898818897636
 20
0.8810402755905512
 30
0
 11
2.0870562992125983
 21
0.8842334251968503
 31
0
  0
LINE
  5
514
330
1A
100
AcDbEntity
  8
BLACK
  6
CONTINUOUS
100
AcDbLine
 10
2.0870562992125983
 20
0.8842334251968503
 30
0
 11
2.0863070866141733
 21
0.888
 31
0
  0
LINE
  5
515
330
1A
100
AcDbEntity
  8
BLACK
  6
CONTINUOUS
100
AcDbLine
 10
2.0863070866141733
 20
0.888
 30
0
 11
2.0863070866141733
 21
0.9254015748031496
 31
0
  0
LINE
  5
516
330
1A
100
AcDbEntity
  8
BLACK
  6
CONTINUOUS
100
AcDbLine
 10
2.0863070866141733
 20
0.9254015748031496
 30
0
 11
2.0870562992125983
 21
0.9291681496062992
 31
0
  0
LINE
  5
517
330
1A
100
AcDbEntity
  8
BLACK
  6
CONTINUOUS
100
AcDbLine
 10
2.0870562992125983
 20
0.9291681496062992
 30
0
 11
2.0891898818897636
 21
0.9323612992125984
 31
0
  0
LINE
  5
518
330
1A
100
AcDbEntity
  8
BLACK
  6
CONTINUOUS
100
AcDbLine
 10
2.0891898818897636
 20
0.9323612992125984
 30
0
 11
2.092383031496063
 21
0.9344948818897637
 31
0
  0
LINE
  5
519
330
1A
100
AcDbEntity
  8
BLACK
  6
CONTINUOUS
100
AcDbLine
 10
2.092383031496063
 20
0.9344948818897637
 30
0
 11
2.0961496062992127
 21
0.9352440944881889
 31
0
  0
LINE
  5
51A
330
1A
100
AcDbEntity
  8
BLACK
  6
CONTINUOUS
100
AcDbLine
 10
2.0961496062992127
 20
0.9352440944881889
 30
0
 11
2.1158346456692914
 21
0.9352440944881889
 31
0
  0
LINE
  5
51B
330
1A
100
AcDbEntity
  8
BLACK
  6
CONTINUOUS
100
AcDbLine
 10
2.1158346456692914
 20
0.9352440944881889
 30
0
 11
2.119601220472441
 21
0.9344948818897637
 31
0
  0
LINE
  5
51C
330
1A
100
AcDbEntity
  8
BLACK
  6
CONTINUOUS
100
AcDbLine
 10
2.1861760236220471
 20
0.932809842519685
 30
0
 11
2.1893691732283465
 21
0.9306762598425197
 31
0
  0
LINE
  5
51D
330
1A
100
AcDbEntity
  8
BLACK
  6
CONTINUOUS
100
AcDbLine
 10
2.1893691732283465
 20
0.9306762598425197
 30
0
 11
2.1915027559055118
 21
0.9274831102362204
 31
0
  0
LINE
  5
51E
330
1A
100
AcDbEntity
  8
BLACK
  6
CONTINUOUS
100
AcDbLine
 10
2.1915027559055118
 20
0.9274831102362204
 30
0
 11
2.1922519685039368
 21
0.9237165354330709
 31
0
  0
LINE
  5
51F
330
1A
100
AcDbEntity
  8
BLACK
  6
CONTINUOUS
100
AcDbLine
 10
2.1922519685039368
 20
0.9237165354330709
 30
0
 11
2.1922519685039368
 21
0.8882834645669291
 31
0
  0
LINE
  5
520
330
1A
100
AcDbEntity
  8
BLACK
  6
CONTINUOUS
100
AcDbLine
 10
2.1922519685039368
 20
0.8882834645669291
 30
0
 11
2.1915027559055118
 21
0.8845168897637795
 31
0
  0
LINE
  5
521
330
1A
100
AcDbEntity
  8
BLACK
  6
CONTINUOUS
100
AcDbLine
 10
2.1915027559055118
 20
0.8845168897637795
 30
0
 11
2.1893691732283465
 21
0.8813237401574803
 31
0
  0
LINE
  5
522
330
1A
100
AcDbEntity
  8
BLACK
  6
CONTINUOUS
100
AcDbLine
 10
2.1893691732283465
 20
0.8813237401574803
 30
0
 11
2.1861760236220471
 21
0.8791901574803149
 31
0
  0
LINE
  5
523
330
1A
100
AcDbEntity
  8
BLACK
  6
CONTINUOUS
100
AcDbLine
 10
2.1861760236220471
 20
0.8791901574803149
 30
0
 11
2.1824094488188974
 21
0.8784409448818897
 31
0
  0
LINE
  5
524
330
1A
100
AcDbEntity
  8
BLACK
  6
CONTINUOUS
100
AcDbLine
 10
2.1824094488188974
 20
0.8784409448818897
 30
0
 11
2.161740157480315
 21
0.8784409448818897
 31
0
  0
LINE
  5
525
330
1A
100
AcDbEntity
  8
BLACK
  6
CONTINUOUS
100
AcDbLine
 10
2.161740157480315
 20
0.8784409448818897
 30
0
 11
2.1579735826771653
 21
0.8791901574803149
 31
0
  0
LINE
  5
526
330
1A
100
AcDbEntity
  8
BLACK
  6
CONTINUOUS
100
AcDbLine
 10
2.1579735826771653
 20
0.8791901574803149
 30
0
 11
2.154780433070866
 21
0.8813237401574803
 31
0
  0
LINE
  5
527
330
1A
100
AcDbEntity
  8
BLACK
  6
CONTINUOUS
100
AcDbLine
 10
2.154780433070866
 20
0.8813237401574803
 30
0
 11
2.1526468503937006
 21
0.8845168897637795
 31
0
  0
LINE
  5
528
330
1A
100
AcDbEntity
  8
BLACK
  6
CONTINUOUS
100
AcDbLine
 10
2.1526468503937006
 20
0.8845168897637795
 30
0
 11
2.1518976377952757
 21
0.8882834645669291
 31
0
  0
LINE
  5
529
330
1A
100
AcDbEntity
  8
BLACK
  6
CONTINUOUS
100
AcDbLine
 10
2.1518976377952757
 20
0.8882834645669291
 30
0
 11
2.1518976377952757
 21
0.9237165354330709
 31
0
  0
LINE
  5
52A
330
1A
100
AcDbEntity
  8
BLACK
  6
CONTINUOUS
100
AcDbLine
 10
2.1518976377952757
 20
0.9237165354330709
 30
0
 11
2.1526468503937006
 21
0.9274831102362204
 31
0
  0
LINE
  5
52B
330
1A
100
AcDbEntity
  8
BLACK
  6
CONTINUOUS
100
AcDbLine
 10
2.1526468503937006
 20
0.9274831102362204
 30
0
 11
2.154780433070866
 21
0.9306762598425197
 31
0
  0
LINE
  5
52C
330
1A
100
AcDbEntity
  8
BLACK
  6
CONTINUOUS
100
AcDbLine
 10
2.154780433070866
 20
0.9306762598425197
 30
0
 11
2.1579735826771653
 21
0.932809842519685
 31
0
  0
LINE
  5
52D
330
1A
100
AcDbEntity
  8
BLACK
  6
CONTINUOUS
100
AcDbLine
 10
2.1579735826771653
 20
0.932809842519685
 30
0
 11
2.161740157480315
 21
0.9335590551181102
 31
0
  0
LINE
  5
52E
330
1A
100
AcDbEntity
  8
BLACK
  6
CONTINUOUS
100
AcDbLine
 10
2.161740157480315
 20
0.9335590551181102
 30
0
 11
2.1824094488188974
 21
0.9335590551181102
 31
0
  0
LINE
  5
52F
330
1A
100
AcDbEntity
  8
BLACK
  6
CONTINUOUS
100
AcDbLine
 10
2.1824094488188974
 20
0.9335590551181102
 30
0
 11
2.1861760236220471
 21
0.932809842519685
 31
0
  0
LINE
  5
530
330
1A
100
AcDbEntity
  8
BLACK
  6
CONTINUOUS
100
AcDbLine
 10
2.2580264173228346
 20
0.932809842519685
 30
0
 11
2.261219566929134
 21
0.9306762598425197
 31
0
  0
LINE
  5
531
330
1A
100
AcDbEntity
  8
BLACK
  6
CONTINUOUS
100
AcDbLine
 10
2.261219566929134
 20
0.9306762598425197
 30
0
 11
2.2633531496062993
 21
0.9274831102362204
 31
0
  0
LINE
  5
532
330
1A
100
AcDbEntity
  8
BLACK
  6
CONTINUOUS
100
AcDbLine
 10
2.2633531496062993
 20
0.9274831102362204
 30
0
 11
2.2641023622047243
 21
0.9237165354330709
 31
0
  0
LINE
  5
533
330
1A
100
AcDbEntity
  8
BLACK
  6
CONTINUOUS
100
AcDbLine
 10
2.2641023622047243
 20
0.9237165354330709
 30
0
 11
2.2641023622047243
 21
0.8882834645669291
 31
0
  0
LINE
  5
534
330
1A
100
AcDbEntity
  8
BLACK
  6
CONTINUOUS
100
AcDbLine
 10
2.2641023622047243
 20
0.8882834645669291
 30
0
 11
2.2633531496062993
 21
0.8845168897637795
 31
0
  0
LINE
  5
535
330
1A
100
AcDbEntity
  8
BLACK
  6
CONTINUOUS
100
AcDbLine
 10
2.2633531496062993
 20
0.8845168897637795
 30
0
 11
2.261219566929134
 21
0.8813237401574803
 31
0
  0
LINE
  5
536
330
1A
100
AcDbEntity
  8
BLACK
  6
CONTINUOUS
100
AcDbLine
 10
2.261219566929134
 20
0.8813237401574803
 30
0
 11
2.2580264173228346
 21
0.8791901574803149
 31
0
  0
LINE
  5
537
330
1A
100
AcDbEntity
  8
BLACK
  6
CONTINUOUS
100
AcDbLine
 10
2.2580264173228346
 20
0.8791901574803149
 30
0
 11
2.2542598425196849
 21
0.8784409448818897
 31
0
  0
LINE
  5
538
330
1A
100
AcDbEntity
  8
BLACK
  6
CONTINUOUS
100
AcDbLine
 10
2.2542598425196849
 20
0.8784409448818897
 30
0
 11
2.2335905511811025
 21
0.8784409448818897
 31
0
  0
LINE
  5
539
330
1A
100
AcDbEntity
  8
BLACK
  6
CONTINUOUS
100
AcDbLine
 10
2.2335905511811025
 20
0.8784409448818897
 30
0
 11
2.2298239763779528
 21
0.8791901574803149
 31
0
  0
LINE
  5
53A
330
1A
100
AcDbEntity
  8
BLACK
  6
CONTINUOUS
100
AcDbLine
 10
2.2298239763779528
 20
0.8791901574803149
 30
0
 11
2.2266308267716535
 21
0.8813237401574803
 31
0
  0
LINE
  5
53B
330
1A
100
AcDbEntity
  8
BLACK
  6
CONTINUOUS
100
AcDbLine
 10
2.2266308267716535
 20
0.8813237401574803
 30
0
 11
2.2244972440944881
 21
0.8845168897637795
 31
0
  0
LINE
  5
53C
330
1A
100
AcDbEntity
  8
BLACK
  6
CONTINUOUS
100
AcDbLine
 10
2.2244972440944881
 20
0.8845168897637795
 30
0
 11
2.2237480314960631
 21
0.8882834645669291
 31
0
  0
LINE
  5
53D
330
1A
100
AcDbEntity
  8
BLACK
  6
CONTINUOUS
100
AcDbLine
 10
2.2237480314960631
 20
0.8882834645669291
 30
0
 11
2.2237480314960631
 21
0.9237165354330709
 31
0
  0
LINE
  5
53E
330
1A
100
AcDbEntity
  8
BLACK
  6
CONTINUOUS
100
AcDbLine
 10
2.2237480314960631
 20
0.9237165354330709
 30
0
 11
2.2244972440944881
 21
0.9274831102362204
 31
0
  0
LINE
  5
53F
330
1A
100
AcDbEntity
  8
BLACK
  6
CONTINUOUS
100
AcDbLine
 10
2.2244972440944881
 20
0.9274831102362204
 30
0
 11
2.2266308267716535
 21
0.9306762598425197
 31
0
  0
LINE
  5
540
330
1A
100
AcDbEntity
  8
BLACK
  6
CONTINUOUS
100
AcDbLine
 10
2.2266308267716535
 20
0.9306762598425197
 30
0
 11
2.2298239763779528
 21
0.932809842519685
 31
0
  0
LINE
  5
541
330
1A
100
AcDbEntity
  8
BLACK
  6
CONTINUOUS
100
AcDbLine
 10
2.2298239763779528
 20
0.932809842519685
 30
0
 11
2.2335905511811025
 21
0.9335590551181102
 31
0
  0
LINE
  5
542
330
1A
100
AcDbEntity
  8
BLACK
  6
CONTINUOUS
100
AcDbLine
 10
2.2335905511811025
 20
0.9335590551181102
 30
0
 11
2.2542598425196849
 21
0.9335590551181102
 31
0
  0
LINE
  5
543
330
1A
100
AcDbEntity
  8
BLACK
  6
CONTINUOUS
100
AcDbLine
 10
2.2542598425196849
 20
0.9335590551181102
 30
0
 11
2.2580264173228346
 21
0.932809842519685
 31
0
  0
LINE
  5
544
330
1A
100
AcDbEntity
  8
BLACK
  6
CONTINUOUS
100
AcDbLine
 10
1.6314831102362204
 20
0.9365027559055118
 30
0
 11
1.6346762598425197
 21
0.9343691732283465
 31
0
  0
LINE
  5
545
330
1A
100
AcDbEntity
  8
BLACK
  6
CONTINUOUS
100
AcDbLine
 10
1.6346762598425197
 20
0.9343691732283465
 30
0
 11
1.6368098425196851
 21
0.9311760236220472
 31
0
  0
LINE
  5
546
330
1A
100
AcDbEntity
  8
BLACK
  6
CONTINUOUS
100
AcDbLine
 10
1.6368098425196851
 20
0.9311760236220472
 30
0
 11
1.6375590551181103
 21
0.9274094488188976
 31
0
  0
LINE
  5
547
330
1A
100
AcDbEntity
  8
BLACK
  6
CONTINUOUS
100
AcDbLine
 10
1.6375590551181103
 20
0.9274094488188976
 30
0
 11
1.6375590551181103
 21
0.9067401574803149
 31
0
  0
LINE
  5
548
330
1A
100
AcDbEntity
  8
BLACK
  6
CONTINUOUS
100
AcDbLine
 10
1.6375590551181103
 20
0.9067401574803149
 30
0
 11
1.6368098425196851
 21
0.9029735826771653
 31
0
  0
LINE
  5
549
330
1A
100
AcDbEntity
  8
BLACK
  6
CONTINUOUS
100
AcDbLine
 10
1.6368098425196851
 20
0.9029735826771653
 30
0
 11
1.6346762598425197
 21
0.8997804330708661
 31
0
  0
LINE
  5
54A
330
1A
100
AcDbEntity
  8
BLACK
  6
CONTINUOUS
100
AcDbLine
 10
1.6346762598425197
 20
0.8997804330708661
 30
0
 11
1.6314831102362204
 21
0.8976468503937007
 31
0
  0
LINE
  5
54B
330
1A
100
AcDbEntity
  8
BLACK
  6
CONTINUOUS
100
AcDbLine
 10
1.6314831102362204
 20
0.8976468503937007
 30
0
 11
1.6277165354330709
 21
0.8968976377952755
 31
0
  0
LINE
  5
54C
330
1A
100
AcDbEntity
  8
BLACK
  6
CONTINUOUS
100
AcDbLine
 10
1.6277165354330709
 20
0.8968976377952755
 30
0
 11
1.592283464566929
 21
0.8968976377952755
 31
0
  0
LINE
  5
54D
330
1A
100
AcDbEntity
  8
BLACK
  6
CONTINUOUS
100
AcDbLine
 10
1.592283464566929
 20
0.8968976377952755
 30
0
 11
1.5885168897637796
 21
0.8976468503937007
 31
0
  0
LINE
  5
54E
330
1A
100
AcDbEntity
  8
BLACK
  6
CONTINUOUS
100
AcDbLine
 10
1.5885168897637796
 20
0.8976468503937007
 30
0
 11
1.5853237401574802
 21
0.8997804330708661
 31
0
  0
LINE
  5
54F
330
1A
100
AcDbEntity
  8
BLACK
  6
CONTINUOUS
100
AcDbLine
 10
1.5853237401574802
 20
0.8997804330708661
 30
0
 11
1.5831901574803149
 21
0.9029735826771653
 31
0
  0
LINE
  5
550
330
1A
100
AcDbEntity
  8
BLACK
  6
CONTINUOUS
100
AcDbLine
 10
1.5831901574803149
 20
0.9029735826771653
 30
0
 11
1.5824409448818897
 21
0.9067401574803149
 31
0
  0
LINE
  5
551
330
1A
100
AcDbEntity
  8
BLACK
  6
CONTINUOUS
100
AcDbLine
 10
1.5824409448818897
 20
0.9067401574803149
 30
0
 11
1.5824409448818897
 21
0.9274094488188976
 31
0
  0
LINE
  5
552
330
1A
100
AcDbEntity
  8
BLACK
  6
CONTINUOUS
100
AcDbLine
 10
1.5824409448818897
 20
0.9274094488188976
 30
0
 11
1.5831901574803149
 21
0.9311760236220472
 31
0
  0
LINE
  5
553
330
1A
100
AcDbEntity
  8
BLACK
  6
CONTINUOUS
100
AcDbLine
 10
1.5831901574803149
 20
0.9311760236220472
 30
0
 11
1.5853237401574802
 21
0.9343691732283465
 31
0
  0
LINE
  5
554
330
1A
100
AcDbEntity
  8
BLACK
  6
CONTINUOUS
100
AcDbLine
 10
1.5853237401574802
 20
0.9343691732283465
 30
0
 11
1.5885168897637796
 21
0.9365027559055118
 31
0
  0
LINE
  5
555
330
1A
100
AcDbEntity
  8
BLACK
  6
CONTINUOUS
100
AcDbLine
 10
1.5885168897637796
 20
0.9365027559055118
 30
0
 11
1.592283464566929
 21
0.937251968503937
 31
0
  0
LINE
  5
556
330
1A
100
AcDbEntity
  8
BLACK
  6
CONTINUOUS
100
AcDbLine
 10
1.592283464566929
 20
0.937251968503937
 30
0
 11
1.6277165354330709
 21
0.937251968503937
 31
0
  0
LINE
  5
557
330
1A
100
AcDbEntity
  8
BLACK
  6
CONTINUOUS
100
AcDbLine
 10
1.6277165354330709
 20
0.937251968503937
 30
0
 11
1.6314831102362204
 21
0.9365027559055118
 31
0
  0
LINE
  5
558
330
1A
100
AcDbEntity
  8
BLACK
  6
CONTINUOUS
100
AcDbLine
 10
1.1984673622047244
 20
0.9375342519685039
 30
0
 11
1.2016605118110235
 21
0.9354006692913386
 31
0
  0
LINE
  5
559
330
1A
100
AcDbEntity
  8
BLACK
  6
CONTINUOUS
100
AcDbLine
 10
1.2016605118110235
 20
0.9354006692913386
 30
0
 11
1.2037940944881889
 21
0.9322075196850393
 31
0
  0
LINE
  5
55A
330
1A
100
AcDbEntity
  8
BLACK
  6
CONTINUOUS
100
AcDbLine
 10
1.2037940944881889
 20
0.9322075196850393
 30
0
 11
1.2045433070866141
 21
0.9284409448818898
 31
0
  0
LINE
  5
55B
330
1A
100
AcDbEntity
  8
BLACK
  6
CONTINUOUS
100
AcDbLine
 10
1.2045433070866141
 20
0.9284409448818898
 30
0
 11
1.2045433070866141
 21
0.908755905511811
 31
0
  0
LINE
  5
55C
330
1A
100
AcDbEntity
  8
BLACK
  6
CONTINUOUS
100
AcDbLine
 10
1.2045433070866141
 20
0.908755905511811
 30
0
 11
1.2037940944881889
 21
0.9049893307086614
 31
0
  0
LINE
  5
55D
330
1A
100
AcDbEntity
  8
BLACK
  6
CONTINUOUS
100
AcDbLine
 10
1.2037940944881889
 20
0.9049893307086614
 30
0
 11
1.2016605118110235
 21
0.9017961811023621
 31
0
  0
LINE
  5
55E
330
1A
100
AcDbEntity
  8
BLACK
  6
CONTINUOUS
100
AcDbLine
 10
1.2016605118110235
 20
0.9017961811023621
 30
0
 11
1.1984673622047244
 21
0.8996625984251968
 31
0
  0
LINE
  5
55F
330
1A
100
AcDbEntity
  8
BLACK
  6
CONTINUOUS
100
AcDbLine
 10
1.1984673622047244
 20
0.8996625984251968
 30
0
 11
1.1947007874015747
 21
0.8989133858267716
 31
0
  0
LINE
  5
560
330
1A
100
AcDbEntity
  8
BLACK
  6
CONTINUOUS
100
AcDbLine
 10
1.1947007874015747
 20
0.8989133858267716
 30
0
 11
1.1572992125984252
 21
0.8989133858267716
 31
0
  0
LINE
  5
561
330
1A
100
AcDbEntity
  8
BLACK
  6
CONTINUOUS
100
AcDbLine
 10
1.1572992125984252
 20
0.8989133858267716
 30
0
 11
1.1535326377952755
 21
0.8996625984251968
 31
0
  0
LINE
  5
562
330
1A
100
AcDbEntity
  8
BLACK
  6
CONTINUOUS
100
AcDbLine
 10
1.1535326377952755
 20
0.8996625984251968
 30
0
 11
1.1503394881889764
 21
0.9017961811023621
 31
0
  0
LINE
  5
563
330
1A
100
AcDbEntity
  8
BLACK
  6
CONTINUOUS
100
AcDbLine
 10
1.1503394881889764
 20
0.9017961811023621
 30
0
 11
1.148205905511811
 21
0.9049893307086614
 31
0
  0
LINE
  5
564
330
1A
100
AcDbEntity
  8
BLACK
  6
CONTINUOUS
100
AcDbLine
 10
1.148205905511811
 20
0.9049893307086614
 30
0
 11
1.1474566929133858
 21
0.908755905511811
 31
0
  0
LINE
  5
565
330
1A
100
AcDbEntity
  8
BLACK
  6
CONTINUOUS
100
AcDbLine
 10
1.1474566929133858
 20
0.908755905511811
 30
0
 11
1.1474566929133858
 21
0.9284409448818898
 31
0
  0
LINE
  5
566
330
1A
100
AcDbEntity
  8
BLACK
  6
CONTINUOUS
100
AcDbLine
 10
1.1474566929133858
 20
0.9284409448818898
 30
0
 11
1.148205905511811
 21
0.9322075196850393
 31
0
  0
LINE
  5
567
330
1A
100
AcDbEntity
  8
BLACK
  6
CONTINUOUS
100
AcDbLine
 10
1.148205905511811
 20
0.9322075196850393
 30
0
 11
1.1503394881889764
 21
0.9354006692913386
 31
0
  0
LINE
  5
568
330
1A
100
AcDbEntity
  8
BLACK
  6
CONTINUOUS
100
AcDbLine
 10
1.1503394881889764
 20
0.9354006692913386
 30
0
 11
1.1535326377952755
 21
0.9375342519685039
 31
0
  0
LINE
  5
569
330
1A
100
AcDbEntity
  8
BLACK
  6
CONTINUOUS
100
AcDbLine
 10
1.1535326377952755
 20
0.9375342519685039
 30
0
 11
1.1572992125984252
 21
0.9382834645669291
 31
0
  0
LINE
  5
56A
330
1A
100
AcDbEntity
  8
BLACK
  6
CONTINUOUS
100
AcDbLine
 10
1.1572992125984252
 20
0.9382834645669291
 30
0
 11
1.1947007874015747
 21
0.9382834645669291
 31
0
  0
LINE
  5
56B
330
1A
100
AcDbEntity
  8
BLACK
  6
CONTINUOUS
100
AcDbLine
 10
1.1947007874015747
 20
0.9382834645669291
 30
0
 11
1.1984673622047244
 21
0.9375342519685039
 31
0
  0
LINE
  5
56C
330
1A
100
AcDbEntity
  8
BLACK
  6
CONTINUOUS
100
AcDbLine
 10
1.3169319291338581
 20
0.9499437401574803
 30
0
 11
1.3201250787401575
 21
0.9478101574803149
 31
0
  0
LINE
  5
56D
330
1A
100
AcDbEntity
  8
BLACK
  6
CONTINUOUS
100
AcDbLine
 10
1.3201250787401575
 20
0.9478101574803149
 30
0
 11
1.3222586614173228
 21
0.9446170078740157
 31
0
  0
LINE
  5
56E
330
1A
100
AcDbEntity
  8
BLACK
  6
CONTINUOUS
100
AcDbLine
 10
1.3222586614173228
 20
0.9446170078740157
 30
0
 11
1.323007874015748
 21
0.9408504330708661
 31
0
  0
LINE
  5
56F
330
1A
100
AcDbEntity
  8
BLACK
  6
CONTINUOUS
100
AcDbLine
 10
1.323007874015748
 20
0.9408504330708661
 30
0
 11
1.323007874015748
 21
0.9201811417322835
 31
0
  0
LINE
  5
570
330
1A
100
AcDbEntity
  8
BLACK
  6
CONTINUOUS
100
AcDbLine
 10
1.323007874015748
 20
0.9201811417322835
 30
0
 11
1.3222586614173228
 21
0.9164145669291338
 31
0
  0
LINE
  5
571
330
1A
100
AcDbEntity
  8
BLACK
  6
CONTINUOUS
100
AcDbLine
 10
1.3222586614173228
 20
0.9164145669291338
 30
0
 11
1.3201250787401575
 21
0.9132214173228346
 31
0
  0
LINE
  5
572
330
1A
100
AcDbEntity
  8
BLACK
  6
CONTINUOUS
100
AcDbLine
 10
1.3201250787401575
 20
0.9132214173228346
 30
0
 11
1.3169319291338581
 21
0.9110878346456692
 31
0
  0
LINE
  5
573
330
1A
100
AcDbEntity
  8
BLACK
  6
CONTINUOUS
100
AcDbLine
 10
1.3169319291338581
 20
0.9110878346456692
 30
0
 11
1.3131653543307087
 21
0.910338622047244
 31
0
  0
LINE
  5
574
330
1A
100
AcDbEntity
  8
BLACK
  6
CONTINUOUS
100
AcDbLine
 10
1.3131653543307087
 20
0.910338622047244
 30
0
 11
1.2777322834645668
 21
0.910338622047244
 31
0
  0
LINE
  5
575
330
1A
100
AcDbEntity
  8
BLACK
  6
CONTINUOUS
100
AcDbLine
 10
1.2777322834645668
 20
0.910338622047244
 30
0
 11
1.2739657086614173
 21
0.9110878346456692
 31
0
  0
LINE
  5
576
330
1A
100
AcDbEntity
  8
BLACK
  6
CONTINUOUS
100
AcDbLine
 10
1.2739657086614173
 20
0.9110878346456692
 30
0
 11
1.270772559055118
 21
0.9132214173228346
 31
0
  0
LINE
  5
577
330
1A
100
AcDbEntity
  8
BLACK
  6
CONTINUOUS
100
AcDbLine
 10
1.270772559055118
 20
0.9132214173228346
 30
0
 11
1.2686389763779526
 21
0.9164145669291338
 31
0
  0
LINE
  5
578
330
1A
100
AcDbEntity
  8
BLACK
  6
CONTINUOUS
100
AcDbLine
 10
1.2686389763779526
 20
0.9164145669291338
 30
0
 11
1.2678897637795274
 21
0.9201811417322835
 31
0
  0
LINE
  5
579
330
1A
100
AcDbEntity
  8
BLACK
  6
CONTINUOUS
100
AcDbLine
 10
1.2678897637795274
 20
0.9201811417322835
 30
0
 11
1.2678897637795274
 21
0.9408504330708661
 31
0
  0
LINE
  5
57A
330
1A
100
AcDbEntity
  8
BLACK
  6
CONTINUOUS
100
AcDbLine
 10
1.2678897637795274
 20
0.9408504330708661
 30
0
 11
1.2686389763779526
 21
0.9446170078740157
 31
0
  0
LINE
  5
57B
330
1A
100
AcDbEntity
  8
BLACK
  6
CONTINUOUS
100
AcDbLine
 10
1.2686389763779526
 20
0.9446170078740157
 30
0
 11
1.270772559055118
 21
0.9478101574803149
 31
0
  0
LINE
  5
57C
330
1A
100
AcDbEntity
  8
BLACK
  6
CONTINUOUS
100
AcDbLine
 10
1.270772559055118
 20
0.9478101574803149
 30
0
 11
1.2739657086614173
 21
0.9499437401574803
 31
0
  0
LINE
  5
57D
330
1A
100
AcDbEntity
  8
BLACK
  6
CONTINUOUS
100
AcDbLine
 10
1.2739657086614173
 20
0.9499437401574803
 30
0
 11
1.2777322834645668
 21
0.9506929527559055
 31
0
  0
LINE
  5
57E
330
1A
100
AcDbEntity
  8
BLACK
  6
CONTINUOUS
100
AcDbLine
 10
1.2777322834645668
 20
0.9506929527559055
 30
0
 11
1.3131653543307087
 21
0.9506929527559055
 31
0
  0
LINE
  5
57F
330
1A
100
AcDbEntity
  8
BLACK
  6
CONTINUOUS
100
AcDbLine
 10
1.3131653543307087
 20
0.9506929527559055
 30
0
 11
1.3169319291338581
 21
0.9499437401574803
 31
0
  0
LINE
  5
580
330
1A
100
AcDbEntity
  8
BLACK
  6
CONTINUOUS
100
AcDbLine
 10
1.3974673622047245
 20
0.9503374015748032
 30
0
 11
1.4006605118110236
 21
0.9482038188976378
 31
0
  0
LINE
  5
581
330
1A
100
AcDbEntity
  8
BLACK
  6
CONTINUOUS
100
AcDbLine
 10
1.4006605118110236
 20
0.9482038188976378
 30
0
 11
1.4027940944881889
 21
0.9450106692913386
 31
0
  0
LINE
  5
582
330
1A
100
AcDbEntity
  8
BLACK
  6
CONTINUOUS
100
AcDbLine
 10
1.4027940944881889
 20
0.9450106692913386
 30
0
 11
1.4035433070866141
 21
0.9412440944881889
 31
0
  0
LINE
  5
583
330
1A
100
AcDbEntity
  8
BLACK
  6
CONTINUOUS
100
AcDbLine
 10
1.4035433070866141
 20
0.9412440944881889
 30
0
 11
1.4035433070866141
 21
0.9215590551181102
 31
0
  0
LINE
  5
584
330
1A
100
AcDbEntity
  8
BLACK
  6
CONTINUOUS
100
AcDbLine
 10
1.4035433070866141
 20
0.9215590551181102
 30
0
 11
1.4027940944881889
 21
0.9177924803149606
 31
0
  0
LINE
  5
585
330
1A
100
AcDbEntity
  8
BLACK
  6
CONTINUOUS
100
AcDbLine
 10
1.4027940944881889
 20
0.9177924803149606
 30
0
 11
1.4006605118110236
 21
0.9145993307086614
 31
0
  0
LINE
  5
586
330
1A
100
AcDbEntity
  8
BLACK
  6
CONTINUOUS
100
AcDbLine
 10
1.4006605118110236
 20
0.9145993307086614
 30
0
 11
1.3974673622047245
 21
0.912465748031496
 31
0
  0
LINE
  5
587
330
1A
100
AcDbEntity
  8
BLACK
  6
CONTINUOUS
100
AcDbLine
 10
1.3974673622047245
 20
0.912465748031496
 30
0
 11
1.3937007874015748
 21
0.9117165354330709
 31
0
  0
LINE
  5
588
330
1A
100
AcDbEntity
  8
BLACK
  6
CONTINUOUS
100
AcDbLine
 10
1.3937007874015748
 20
0.9117165354330709
 30
0
 11
1.3562992125984252
 21
0.9117165354330709
 31
0
  0
LINE
  5
589
330
1A
100
AcDbEntity
  8
BLACK
  6
CONTINUOUS
100
AcDbLine
 10
1.3562992125984252
 20
0.9117165354330709
 30
0
 11
1.3525326377952755
 21
0.912465748031496
 31
0
  0
LINE
  5
58A
330
1A
100
AcDbEntity
  8
BLACK
  6
CONTINUOUS
100
AcDbLine
 10
1.3525326377952755
 20
0.912465748031496
 30
0
 11
1.3493394881889764
 21
0.9145993307086614
 31
0
  0
LINE
  5
58B
330
1A
100
AcDbEntity
  8
BLACK
  6
CONTINUOUS
100
AcDbLine
 10
1.3493394881889764
 20
0.9145993307086614
 30
0
 11
1.3472059055118111
 21
0.9177924803149606
 31
0
  0
LINE
  5
58C
330
1A
100
AcDbEntity
  8
BLACK
  6
CONTINUOUS
100
AcDbLine
 10
1.3472059055118111
 20
0.9177924803149606
 30
0
 11
1.3464566929133859
 21
0.9215590551181102
 31
0
  0
LINE
  5
58D
330
1A
100
AcDbEntity
  8
BLACK
  6
CONTINUOUS
100
AcDbLine
 10
1.3464566929133859
 20
0.9215590551181102
 30
0
 11
1.3464566929133859
 21
0.9412440944881889
 31
0
  0
LINE
  5
58E
330
1A
100
AcDbEntity
  8
BLACK
  6
CONTINUOUS
100
AcDbLine
 10
1.3464566929133859
 20
0.9412440944881889
 30
0
 11
1.3472059055118111
 21
0.9450106692913386
 31
0
  0
LINE
  5
58F
330
1A
100
AcDbEntity
  8
BLACK
  6
CONTINUOUS
100
AcDbLine
 10
1.3472059055118111
 20
0.9450106692913386
 30
0
 11
1.3493394881889764
 21
0.9482038188976378
 31
0
  0
LINE
  5
590
330
1A
100
AcDbEntity
  8
BLACK
  6
CONTINUOUS
100
AcDbLine
 10
1.3493394881889764
 20
0.9482038188976378
 30
0
 11
1.3525326377952755
 21
0.9503374015748032
 31
0
  0
LINE
  5
591
330
1A
100
AcDbEntity
  8
BLACK
  6
CONTINUOUS
100
AcDbLine
 10
1.3525326377952755
 20
0.9503374015748032
 30
0
 11
1.3562992125984252
 21
0.9510866141732284
 31
0
  0
LINE
  5
592
330
1A
100
AcDbEntity
  8
BLACK
  6
CONTINUOUS
100
AcDbLine
 10
1.3562992125984252
 20
0.9510866141732284
 30
0
 11
1.3937007874015748
 21
0.9510866141732284
 31
0
  0
LINE
  5
593
330
1A
100
AcDbEntity
  8
BLACK
  6
CONTINUOUS
100
AcDbLine
 10
1.3937007874015748
 20
0.9510866141732284
 30
0
 11
1.3974673622047245
 21
0.9503374015748032
 31
0
  0
LINE
  5
594
330
1A
100
AcDbEntity
  8
BLACK
  6
CONTINUOUS
100
AcDbLine
 10
0.6334673622047244
 20
0.9633374015748031
 30
0
 11
0.6366605118110236
 21
0.9612038188976377
 31
0
  0
LINE
  5
595
330
1A
100
AcDbEntity
  8
BLACK
  6
CONTINUOUS
100
AcDbLine
 10
0.6366605118110236
 20
0.9612038188976377
 30
0
 11
0.6387940944881889
 21
0.9580106692913386
 31
0
  0
LINE
  5
596
330
1A
100
AcDbEntity
  8
BLACK
  6
CONTINUOUS
100
AcDbLine
 10
0.6387940944881889
 20
0.9580106692913386
 30
0
 11
0.6395433070866141
 21
0.9542440944881889
 31
0
  0
LINE
  5
597
330
1A
100
AcDbEntity
  8
BLACK
  6
CONTINUOUS
100
AcDbLine
 10
0.6395433070866141
 20
0.9542440944881889
 30
0
 11
0.6395433070866141
 21
0.9345590551181102
 31
0
  0
LINE
  5
598
330
1A
100
AcDbEntity
  8
BLACK
  6
CONTINUOUS
100
AcDbLine
 10
0.6395433070866141
 20
0.9345590551181102
 30
0
 11
0.6387940944881889
 21
0.9307924803149606
 31
0
  0
LINE
  5
599
330
1A
100
AcDbEntity
  8
BLACK
  6
CONTINUOUS
100
AcDbLine
 10
0.6387940944881889
 20
0.9307924803149606
 30
0
 11
0.6366605118110236
 21
0.9275993307086614
 31
0
  0
LINE
  5
59A
330
1A
100
AcDbEntity
  8
BLACK
  6
CONTINUOUS
100
AcDbLine
 10
0.6366605118110236
 20
0.9275993307086614
 30
0
 11
0.6334673622047244
 21
0.9254657480314961
 31
0
  0
LINE
  5
59B
330
1A
100
AcDbEntity
  8
BLACK
  6
CONTINUOUS
100
AcDbLine
 10
0.6334673622047244
 20
0.9254657480314961
 30
0
 11
0.6297007874015748
 21
0.9247165354330709
 31
0
  0
LINE
  5
59C
330
1A
100
AcDbEntity
  8
BLACK
  6
CONTINUOUS
100
AcDbLine
 10
0.6297007874015748
 20
0.9247165354330709
 30
0
 11
0.5922992125984252
 21
0.9247165354330709
 31
0
  0
LINE
  5
59D
330
1A
100
AcDbEntity
  8
BLACK
  6
CONTINUOUS
100
AcDbLine
 10
0.5922992125984252
 20
0.9247165354330709
 30
0
 11
0.5885326377952755
 21
0.9254657480314961
 31
0
  0
LINE
  5
59E
330
1A
100
AcDbEntity
  8
BLACK
  6
CONTINUOUS
100
AcDbLine
 10
0.5885326377952755
 20
0.9254657480314961
 30
0
 11
0.5853394881889764
 21
0.9275993307086614
 31
0
  0
LINE
  5
59F
330
1A
100
AcDbEntity
  8
BLACK
  6
CONTINUOUS
100
AcDbLine
 10
0.5853394881889764
 20
0.9275993307086614
 30
0
 11
0.5832059055118111
 21
0.9307924803149606
 31
0
  0
LINE
  5
5A0
330
1A
100
AcDbEntity
  8
BLACK
  6
CONTINUOUS
100
AcDbLine
 10
0.5832059055118111
 20
0.9307924803149606
 30
0
 11
0.5824566929133859
 21
0.9345590551181102
 31
0
  0
LINE
  5
5A1
330
1A
100
AcDbEntity
  8
BLACK
  6
CONTINUOUS
100
AcDbLine
 10
0.5824566929133859
 20
0.9345590551181102
 30
0
 11
0.5824566929133859
 21
0.9542440944881889
 31
0
  0
LINE
  5
5A2
330
1A
100
AcDbEntity
  8
BLACK
  6
CONTINUOUS
100
AcDbLine
 10
0.5824566929133859
 20
0.9542440944881889
 30
0
 11
0.5832059055118111
 21
0.9580106692913386
 31
0
  0
LINE
  5
5A3
330
1A
100
AcDbEntity
  8
BLACK
  6
CONTINUOUS
100
AcDbLine
 10
0.5832059055118111
 20
0.9580106692913386
 30
0
 11
0.5853394881889764
 21
0.9612038188976377
 31
0
  0
LINE
  5
5A4
330
1A
100
AcDbEntity
  8
BLACK
  6
CONTINUOUS
100
AcDbLine
 10
0.5853394881889764
 20
0.9612038188976377
 30
0
 11
0.5885326377952755
 21
0.9633374015748031
 31
0
  0
LINE
  5
5A5
330
1A
100
AcDbEntity
  8
BLACK
  6
CONTINUOUS
100
AcDbLine
 10
0.5885326377952755
 20
0.9633374015748031
 30
0
 11
0.5922992125984252
 21
0.9640866141732283
 31
0
  0
LINE
  5
5A6
330
1A
100
AcDbEntity
  8
BLACK
  6
CONTINUOUS
100
AcDbLine
 10
0.5922992125984252
 20
0.9640866141732283
 30
0
 11
0.6297007874015748
 21
0.9640866141732283
 31
0
  0
LINE
  5
5A7
330
1A
100
AcDbEntity
  8
BLACK
  6
CONTINUOUS
100
AcDbLine
 10
0.6297007874015748
 20
0.9640866141732283
 30
0
 11
0.6334673622047244
 21
0.9633374015748031
 31
0
  0
LINE
  5
5A8
330
1A
100
AcDbEntity
  8
BLACK
  6
CONTINUOUS
100
AcDbLine
 10
1.4592127165354329
 20
0.9834324015748032
 30
0
 11
1.4611285826771654
 21
0.9821522440944882
 31
0
  0
LINE
  5
5A9
330
1A
100
AcDbEntity
  8
BLACK
  6
CONTINUOUS
100
AcDbLine
 10
1.4611285826771654
 20
0.9821522440944882
 30
0
 11
1.4624087401574803
 21
0.9802363779527559
 31
0
  0
LINE
  5
5AA
330
1A
100
AcDbEntity
  8
BLACK
  6
CONTINUOUS
100
AcDbLine
 10
1.4624087401574803
 20
0.9802363779527559
 30
0
 11
1.4628582677165354
 21
0.9779764173228346
 31
0
  0
LINE
  5
5AB
330
1A
100
AcDbEntity
  8
BLACK
  6
CONTINUOUS
100
AcDbLine
 10
1.4628582677165354
 20
0.9779764173228346
 30
0
 11
1.4628582677165354
 21
0.9376220866141732
 31
0
  0
LINE
  5
5AC
330
1A
100
AcDbEntity
  8
BLACK
  6
CONTINUOUS
100
AcDbLine
 10
1.4628582677165354
 20
0.9376220866141732
 30
0
 11
1.4624087401574803
 21
0.9353621259842519
 31
0
  0
LINE
  5
5AD
330
1A
100
AcDbEntity
  8
BLACK
  6
CONTINUOUS
100
AcDbLine
 10
1.4624087401574803
 20
0.9353621259842519
 30
0
 11
1.4611285826771654
 21
0.9334462598425196
 31
0
  0
LINE
  5
5AE
330
1A
100
AcDbEntity
  8
BLACK
  6
CONTINUOUS
100
AcDbLine
 10
1.4611285826771654
 20
0.9334462598425196
 30
0
 11
1.4592127165354329
 21
0.9321661023622047
 31
0
  0
LINE
  5
5AF
330
1A
100
AcDbEntity
  8
BLACK
  6
CONTINUOUS
100
AcDbLine
 10
1.4592127165354329
 20
0.9321661023622047
 30
0
 11
1.4569527559055118
 21
0.9317165748031496
 31
0
  0
LINE
  5
5B0
330
1A
100
AcDbEntity
  8
BLACK
  6
CONTINUOUS
100
AcDbLine
 10
1.4569527559055118
 20
0.9317165748031496
 30
0
 11
1.4451417322834645
 21
0.9317165748031496
 31
0
  0
LINE
  5
5B1
330
1A
100
AcDbEntity
  8
BLACK
  6
CONTINUOUS
100
AcDbLine
 10
1.4451417322834645
 20
0.9317165748031496
 30
0
 11
1.4428817716535434
 21
0.9321661023622047
 31
0
  0
LINE
  5
5B2
330
1A
100
AcDbEntity
  8
BLACK
  6
CONTINUOUS
100
AcDbLine
 10
1.4428817716535434
 20
0.9321661023622047
 30
0
 11
1.4409659055118109
 21
0.9334462598425196
 31
0
  0
LINE
  5
5B3
330
1A
100
AcDbEntity
  8
BLACK
  6
CONTINUOUS
100
AcDbLine
 10
1.4409659055118109
 20
0.9334462598425196
 30
0
 11
1.439685748031496
 21
0.9353621259842519
 31
0
  0
LINE
  5
5B4
330
1A
100
AcDbEntity
  8
BLACK
  6
CONTINUOUS
100
AcDbLine
 10
1.439685748031496
 20
0.9353621259842519
 30
0
 11
1.4392362204724409
 21
0.9376220866141732
 31
0
  0
LINE
  5
5B5
330
1A
100
AcDbEntity
  8
BLACK
  6
CONTINUOUS
100
AcDbLine
 10
1.4392362204724409
 20
0.9376220866141732
 30
0
 11
1.4392362204724409
 21
0.9779764173228346
 31
0
  0
LINE
  5
5B6
330
1A
100
AcDbEntity
  8
BLACK
  6
CONTINUOUS
100
AcDbLine
 10
1.4392362204724409
 20
0.9779764173228346
 30
0
 11
1.439685748031496
 21
0.9802363779527559
 31
0
  0
LINE
  5
5B7
330
1A
100
AcDbEntity
  8
BLACK
  6
CONTINUOUS
100
AcDbLine
 10
1.439685748031496
 20
0.9802363779527559
 30
0
 11
1.4409659055118109
 21
0.9821522440944882
 31
0
  0
LINE
  5
5B8
330
1A
100
AcDbEntity
  8
BLACK
  6
CONTINUOUS
100
AcDbLine
 10
1.4409659055118109
 20
0.9821522440944882
 30
0
 11
1.4428817716535434
 21
0.9834324015748032
 31
0
  0
LINE
  5
5B9
330
1A
100
AcDbEntity
  8
BLACK
  6
CONTINUOUS
100
AcDbLine
 10
1.4428817716535434
 20
0.9834324015748032
 30
0
 11
1.4451417322834645
 21
0.9838819291338582
 31
0
  0
LINE
  5
5BA
330
1A
100
AcDbEntity
  8
BLACK
  6
CONTINUOUS
100
AcDbLine
 10
1.4451417322834645
 20
0.9838819291338582
 30
0
 11
1.4569527559055118
 21
0.9838819291338582
 31
0
  0
LINE
  5
5BB
330
1A
100
AcDbEntity
  8
BLACK
  6
CONTINUOUS
100
AcDbLine
 10
1.4569527559055118
 20
0.9838819291338582
 30
0
 11
1.4592127165354329
 21
0.9834324015748032
 31
0
  0
LINE
  5
5BC
330
1A
100
AcDbEntity
  8
BLACK
  6
CONTINUOUS
100
AcDbLine
 10
1.4966142913385827
 20
0.9834324015748032
 30
0
 11
1.4985301574803149
 21
0.9821522440944882
 31
0
  0
LINE
  5
5BD
330
1A
100
AcDbEntity
  8
BLACK
  6
CONTINUOUS
100
AcDbLine
 10
1.4985301574803149
 20
0.9821522440944882
 30
0
 11
1.4998103149606299
 21
0.9802363779527559
 31
0
  0
LINE
  5
5BE
330
1A
100
AcDbEntity
  8
BLACK
  6
CONTINUOUS
100
AcDbLine
 10
1.4998103149606299
 20
0.9802363779527559
 30
0
 11
1.5002598425196849
 21
0.9779764173228346
 31
0
  0
LINE
  5
5BF
330
1A
100
AcDbEntity
  8
BLACK
  6
CONTINUOUS
100
AcDbLine
 10
1.5002598425196849
 20
0.9779764173228346
 30
0
 11
1.5002598425196849
 21
0.9376220866141732
 31
0
  0
LINE
  5
5C0
330
1A
100
AcDbEntity
  8
BLACK
  6
CONTINUOUS
100
AcDbLine
 10
1.5002598425196849
 20
0.9376220866141732
 30
0
 11
1.4998103149606299
 21
0.9353621259842519
 31
0
  0
LINE
  5
5C1
330
1A
100
AcDbEntity
  8
BLACK
  6
CONTINUOUS
100
AcDbLine
 10
1.4998103149606299
 20
0.9353621259842519
 30
0
 11
1.4985301574803149
 21
0.9334462598425196
 31
0
  0
LINE
  5
5C2
330
1A
100
AcDbEntity
  8
BLACK
  6
CONTINUOUS
100
AcDbLine
 10
1.4985301574803149
 20
0.9334462598425196
 30
0
 11
1.4966142913385827
 21
0.9321661023622047
 31
0
  0
LINE
  5
5C3
330
1A
100
AcDbEntity
  8
BLACK
  6
CONTINUOUS
100
AcDbLine
 10
1.4966142913385827
 20
0.9321661023622047
 30
0
 11
1.4943543307086613
 21
0.9317165748031496
 31
0
  0
LINE
  5
5C4
330
1A
100
AcDbEntity
  8
BLACK
  6
CONTINUOUS
100
AcDbLine
 10
1.4943543307086613
 20
0.9317165748031496
 30
0
 11
1.4825433070866141
 21
0.9317165748031496
 31
0
  0
LINE
  5
5C5
330
1A
100
AcDbEntity
  8
BLACK
  6
CONTINUOUS
100
AcDbLine
 10
1.4825433070866141
 20
0.9317165748031496
 30
0
 11
1.4802833464566929
 21
0.9321661023622047
 31
0
  0
LINE
  5
5C6
330
1A
100
AcDbEntity
  8
BLACK
  6
CONTINUOUS
100
AcDbLine
 10
1.4802833464566929
 20
0.9321661023622047
 30
0
 11
1.4783674803149607
 21
0.9334462598425196
 31
0
  0
LINE
  5
5C7
330
1A
100
AcDbEntity
  8
BLACK
  6
CONTINUOUS
100
AcDbLine
 10
1.4783674803149607
 20
0.9334462598425196
 30
0
 11
1.4770873228346457
 21
0.9353621259842519
 31
0
  0
LINE
  5
5C8
330
1A
100
AcDbEntity
  8
BLACK
  6
CONTINUOUS
100
AcDbLine
 10
1.4770873228346457
 20
0.9353621259842519
 30
0
 11
1.4766377952755905
 21
0.9376220866141732
 31
0
  0
LINE
  5
5C9
330
1A
100
AcDbEntity
  8
BLACK
  6
CONTINUOUS
100
AcDbLine
 10
1.4766377952755905
 20
0.9376220866141732
 30
0
 11
1.4766377952755905
 21
0.9779764173228346
 31
0
  0
LINE
  5
5CA
330
1A
100
AcDbEntity
  8
BLACK
  6
CONTINUOUS
100
AcDbLine
 10
1.4766377952755905
 20
0.9779764173228346
 30
0
 11
1.4770873228346457
 21
0.9802363779527559
 31
0
  0
LINE
  5
5CB
330
1A
100
AcDbEntity
  8
BLACK
  6
CONTINUOUS
100
AcDbLine
 10
1.4770873228346457
 20
0.9802363779527559
 30
0
 11
1.4783674803149607
 21
0.9821522440944882
 31
0
  0
LINE
  5
5CC
330
1A
100
AcDbEntity
  8
BLACK
  6
CONTINUOUS
100
AcDbLine
 10
1.4783674803149607
 20
0.9821522440944882
 30
0
 11
1.4802833464566929
 21
0.9834324015748032
 31
0
  0
LINE
  5
5CD
330
1A
100
AcDbEntity
  8
BLACK
  6
CONTINUOUS
100
AcDbLine
 10
1.4802833464566929
 20
0.9834324015748032
 30
0
 11
1.4825433070866141
 21
0.9838819291338582
 31
0
  0
LINE
  5
5CE
330
1A
100
AcDbEntity
  8
BLACK
  6
CONTINUOUS
100
AcDbLine
 10
1.4825433070866141
 20
0.9838819291338582
 30
0
 11
1.4943543307086613
 21
0.9838819291338582
 31
0
  0
LINE
  5
5CF
330
1A
100
AcDbEntity
  8
BLACK
  6
CONTINUOUS
100
AcDbLine
 10
1.4943543307086613
 20
0.9838819291338582
 30
0
 11
1.4966142913385827
 21
0.9834324015748032
 31
0
  0
LINE
  5
5D0
330
1A
100
AcDbEntity
  8
BLACK
  6
CONTINUOUS
100
AcDbLine
 10
1.5340158661417322
 20
0.9834324015748032
 30
0
 11
1.5359317322834645
 21
0.9821522440944882
 31
0
  0
LINE
  5
5D1
330
1A
100
AcDbEntity
  8
BLACK
  6
CONTINUOUS
100
AcDbLine
 10
1.5359317322834645
 20
0.9821522440944882
 30
0
 11
1.5372118897637794
 21
0.9802363779527559
 31
0
  0
LINE
  5
5D2
330
1A
100
AcDbEntity
  8
BLACK
  6
CONTINUOUS
100
AcDbLine
 10
1.5372118897637794
 20
0.9802363779527559
 30
0
 11
1.5376614173228347
 21
0.9779764173228346
 31
0
  0
LINE
  5
5D3
330
1A
100
AcDbEntity
  8
BLACK
  6
CONTINUOUS
100
AcDbLine
 10
1.5376614173228347
 20
0.9779764173228346
 30
0
 11
1.5376614173228347
 21
0.9376220866141732
 31
0
  0
LINE
  5
5D4
330
1A
100
AcDbEntity
  8
BLACK
  6
CONTINUOUS
100
AcDbLine
 10
1.5376614173228347
 20
0.9376220866141732
 30
0
 11
1.5372118897637794
 21
0.9353621259842519
 31
0
  0
LINE
  5
5D5
330
1A
100
AcDbEntity
  8
BLACK
  6
CONTINUOUS
100
AcDbLine
 10
1.5372118897637794
 20
0.9353621259842519
 30
0
 11
1.5359317322834645
 21
0.9334462598425196
 31
0
  0
LINE
  5
5D6
330
1A
100
AcDbEntity
  8
BLACK
  6
CONTINUOUS
100
AcDbLine
 10
1.5359317322834645
 20
0.9334462598425196
 30
0
 11
1.5340158661417322
 21
0.9321661023622047
 31
0
  0
LINE
  5
5D7
330
1A
100
AcDbEntity
  8
BLACK
  6
CONTINUOUS
100
AcDbLine
 10
1.5340158661417322
 20
0.9321661023622047
 30
0
 11
1.5317559055118111
 21
0.9317165748031496
 31
0
  0
LINE
  5
5D8
330
1A
100
AcDbEntity
  8
BLACK
  6
CONTINUOUS
100
AcDbLine
 10
1.5317559055118111
 20
0.9317165748031496
 30
0
 11
1.5199448818897638
 21
0.9317165748031496
 31
0
  0
LINE
  5
5D9
330
1A
100
AcDbEntity
  8
BLACK
  6
CONTINUOUS
100
AcDbLine
 10
1.5199448818897638
 20
0.9317165748031496
 30
0
 11
1.5176849212598424
 21
0.9321661023622047
 31
0
  0
LINE
  5
5DA
330
1A
100
AcDbEntity
  8
BLACK
  6
CONTINUOUS
100
AcDbLine
 10
1.5176849212598424
 20
0.9321661023622047
 30
0
 11
1.5157690551181102
 21
0.9334462598425196
 31
0
  0
LINE
  5
5DB
330
1A
100
AcDbEntity
  8
BLACK
  6
CONTINUOUS
100
AcDbLine
 10
1.5157690551181102
 20
0.9334462598425196
 30
0
 11
1.5144888976377953
 21
0.9353621259842519
 31
0
  0
LINE
  5
5DC
330
1A
100
AcDbEntity
  8
BLACK
  6
CONTINUOUS
100
AcDbLine
 10
1.5144888976377953
 20
0.9353621259842519
 30
0
 11
1.5140393700787402
 21
0.9376220866141732
 31
0
  0
LINE
  5
5DD
330
1A
100
AcDbEntity
  8
BLACK
  6
CONTINUOUS
100
AcDbLine
 10
1.5140393700787402
 20
0.9376220866141732
 30
0
 11
1.5140393700787402
 21
0.9779764173228346
 31
0
  0
LINE
  5
5DE
330
1A
100
AcDbEntity
  8
BLACK
  6
CONTINUOUS
100
AcDbLine
 10
1.5140393700787402
 20
0.9779764173228346
 30
0
 11
1.5144888976377953
 21
0.9802363779527559
 31
0
  0
LINE
  5
5DF
330
1A
100
AcDbEntity
  8
BLACK
  6
CONTINUOUS
100
AcDbLine
 10
1.5144888976377953
 20
0.9802363779527559
 30
0
 11
1.5157690551181102
 21
0.9821522440944882
 31
0
  0
LINE
  5
5E0
330
1A
100
AcDbEntity
  8
BLACK
  6
CONTINUOUS
100
AcDbLine
 10
1.5157690551181102
 20
0.9821522440944882
 30
0
 11
1.5176849212598424
 21
0.9834324015748032
 31
0
  0
LINE
  5
5E1
330
1A
100
AcDbEntity
  8
BLACK
  6
CONTINUOUS
100
AcDbLine
 10
1.5176849212598424
 20
0.9834324015748032
 30
0
 11
1.5199448818897638
 21
0.9838819291338582
 31
0
  0
LINE
  5
5E2
330
1A
100
AcDbEntity
  8
BLACK
  6
CONTINUOUS
100
AcDbLine
 10
1.5199448818897638
 20
0.9838819291338582
 30
0
 11
1.5317559055118111
 21
0.9838819291338582
 31
0
  0
LINE
  5
5E3
330
1A
100
AcDbEntity
  8
BLACK
  6
CONTINUOUS
100
AcDbLine
 10
1.5317559055118111
 20
0.9838819291338582
 30
0
 11
1.5340158661417322
 21
0.9834324015748032
 31
0
  0
LINE
  5
5E4
330
1A
100
AcDbEntity
  8
BLACK
  6
CONTINUOUS
100
AcDbLine
 10
2.6072075196850393
 20
0.991794094488189
 30
0
 11
2.6104006692913386
 21
0.9896605118110235
 31
0
  0
LINE
  5
5E5
330
1A
100
AcDbEntity
  8
BLACK
  6
CONTINUOUS
100
AcDbLine
 10
2.6104006692913386
 20
0.9896605118110235
 30
0
 11
2.612534251968504
 21
0.9864673622047244
 31
0
  0
LINE
  5
5E6
330
1A
100
AcDbEntity
  8
BLACK
  6
CONTINUOUS
100
AcDbLine
 10
2.612534251968504
 20
0.9864673622047244
 30
0
 11
2.6132834645669289
 21
0.9827007874015747
 31
0
  0
LINE
  5
5E7
330
1A
100
AcDbEntity
  8
BLACK
  6
CONTINUOUS
100
AcDbLine
 10
2.6132834645669289
 20
0.9827007874015747
 30
0
 11
2.6132834645669289
 21
0.9452992125984252
 31
0
  0
LINE
  5
5E8
330
1A
100
AcDbEntity
  8
BLACK
  6
CONTINUOUS
100
AcDbLine
 10
2.6132834645669289
 20
0.9452992125984252
 30
0
 11
2.612534251968504
 21
0.9415326377952755
 31
0
  0
LINE
  5
5E9
330
1A
100
AcDbEntity
  8
BLACK
  6
CONTINUOUS
100
AcDbLine
 10
2.612534251968504
 20
0.9415326377952755
 30
0
 11
2.6104006692913386
 21
0.9383394881889764
 31
0
  0
LINE
  5
5EA
330
1A
100
AcDbEntity
  8
BLACK
  6
CONTINUOUS
100
AcDbLine
 10
2.6104006692913386
 20
0.9383394881889764
 30
0
 11
2.6072075196850393
 21
0.936205905511811
 31
0
  0
LINE
  5
5EB
330
1A
100
AcDbEntity
  8
BLACK
  6
CONTINUOUS
100
AcDbLine
 10
2.6072075196850393
 20
0.936205905511811
 30
0
 11
2.6034409448818896
 21
0.9354566929133858
 31
0
  0
LINE
  5
5EC
330
1A
100
AcDbEntity
  8
BLACK
  6
CONTINUOUS
100
AcDbLine
 10
2.6034409448818896
 20
0.9354566929133858
 30
0
 11
2.5837559055118109
 21
0.9354566929133858
 31
0
  0
LINE
  5
5ED
330
1A
100
AcDbEntity
  8
BLACK
  6
CONTINUOUS
100
AcDbLine
 10
2.5837559055118109
 20
0.9354566929133858
 30
0
 11
2.5799893307086612
 21
0.936205905511811
 31
0
  0
LINE
  5
5EE
330
1A
100
AcDbEntity
  8
BLACK
  6
CONTINUOUS
100
AcDbLine
 10
2.5799893307086612
 20
0.936205905511811
 30
0
 11
2.5767961811023623
 21
0.9383394881889764
 31
0
  0
LINE
  5
5EF
330
1A
100
AcDbEntity
  8
BLACK
  6
CONTINUOUS
100
AcDbLine
 10
2.5767961811023623
 20
0.9383394881889764
 30
0
 11
2.574662598425197
 21
0.9415326377952755
 31
0
  0
LINE
  5
5F0
330
1A
100
AcDbEntity
  8
BLACK
  6
CONTINUOUS
100
AcDbLine
 10
2.574662598425197
 20
0.9415326377952755
 30
0
 11
2.5739133858267715
 21
0.9452992125984252
 31
0
  0
LINE
  5
5F1
330
1A
100
AcDbEntity
  8
BLACK
  6
CONTINUOUS
100
AcDbLine
 10
2.5739133858267715
 20
0.9452992125984252
 30
0
 11
2.5739133858267715
 21
0.9827007874015747
 31
0
  0
LINE
  5
5F2
330
1A
100
AcDbEntity
  8
BLACK
  6
CONTINUOUS
100
AcDbLine
 10
2.5739133858267715
 20
0.9827007874015747
 30
0
 11
2.574662598425197
 21
0.9864673622047244
 31
0
  0
LINE
  5
5F3
330
1A
100
AcDbEntity
  8
BLACK
  6
CONTINUOUS
100
AcDbLine
 10
2.574662598425197
 20
0.9864673622047244
 30
0
 11
2.5767961811023623
 21
0.9896605118110235
 31
0
  0
LINE
  5
5F4
330
1A
100
AcDbEntity
  8
BLACK
  6
CONTINUOUS
100
AcDbLine
 10
2.5767961811023623
 20
0.9896605118110235
 30
0
 11
2.5799893307086612
 21
0.991794094488189
 31
0
  0
LINE
  5
5F5
330
1A
100
AcDbEntity
  8
BLACK
  6
CONTINUOUS
100
AcDbLine
 10
2.5799893307086612
 20
0.991794094488189
 30
0
 11
2.5837559055118109
 21
0.9925433070866142
 31
0
  0
LINE
  5
5F6
330
1A
100
AcDbEntity
  8
BLACK
  6
CONTINUOUS
100
AcDbLine
 10
2.5837559055118109
 20
0.9925433070866142
 30
0
 11
2.6034409448818896
 21
0.9925433070866142
 31
0
  0
LINE
  5
5F7
330
1A
100
AcDbEntity
  8
BLACK
  6
CONTINUOUS
100
AcDbLine
 10
2.6034409448818896
 20
0.9925433070866142
 30
0
 11
2.6072075196850393
 21
0.991794094488189
 31
0
  0
LINE
  5
5F8
330
1A
100
AcDbEntity
  8
BLACK
  6
CONTINUOUS
100
AcDbLine
 10
2.6820106692913384
 20
0.991794094488189
 30
0
 11
2.6852038188976377
 21
0.9896605118110235
 31
0
  0
LINE
  5
5F9
330
1A
100
AcDbEntity
  8
BLACK
  6
CONTINUOUS
100
AcDbLine
 10
2.6852038188976377
 20
0.9896605118110235
 30
0
 11
2.6873374015748031
 21
0.9864673622047244
 31
0
  0
LINE
  5
5FA
330
1A
100
AcDbEntity
  8
BLACK
  6
CONTINUOUS
100
AcDbLine
 10
2.6873374015748031
 20
0.9864673622047244
 30
0
 11
2.6880866141732285
 21
0.9827007874015747
 31
0
  0
LINE
  5
5FB
330
1A
100
AcDbEntity
  8
BLACK
  6
CONTINUOUS
100
AcDbLine
 10
2.6880866141732285
 20
0.9827007874015747
 30
0
 11
2.6880866141732285
 21
0.9452992125984252
 31
0
  0
LINE
  5
5FC
330
1A
100
AcDbEntity
  8
BLACK
  6
CONTINUOUS
100
AcDbLine
 10
2.6880866141732285
 20
0.9452992125984252
 30
0
 11
2.6873374015748031
 21
0.9415326377952755
 31
0
  0
LINE
  5
5FD
330
1A
100
AcDbEntity
  8
BLACK
  6
CONTINUOUS
100
AcDbLine
 10
2.6873374015748031
 20
0.9415326377952755
 30
0
 11
2.6852038188976377
 21
0.9383394881889764
 31
0
  0
LINE
  5
5FE
330
1A
100
AcDbEntity
  8
BLACK
  6
CONTINUOUS
100
AcDbLine
 10
2.6852038188976377
 20
0.9383394881889764
 30
0
 11
2.6820106692913384
 21
0.936205905511811
 31
0
  0
LINE
  5
5FF
330
1A
100
AcDbEntity
  8
BLACK
  6
CONTINUOUS
100
AcDbLine
 10
2.6820106692913384
 20
0.936205905511811
 30
0
 11
2.6782440944881891
 21
0.9354566929133858
 31
0
  0
LINE
  5
600
330
1A
100
AcDbEntity
  8
BLACK
  6
CONTINUOUS
100
AcDbLine
 10
2.6782440944881891
 20
0.9354566929133858
 30
0
 11
2.65855905511811
 21
0.9354566929133858
 31
0
  0
LINE
  5
601
330
1A
100
AcDbEntity
  8
BLACK
  6
CONTINUOUS
100
AcDbLine
 10
2.65855905511811
 20
0.9354566929133858
 30
0
 11
2.6547924803149607
 21
0.936205905511811
 31
0
  0
LINE
  5
602
330
1A
100
AcDbEntity
  8
BLACK
  6
CONTINUOUS
100
AcDbLine
 10
2.6547924803149607
 20
0.936205905511811
 30
0
 11
2.6515993307086614
 21
0.9383394881889764
 31
0
  0
LINE
  5
603
330
1A
100
AcDbEntity
  8
BLACK
  6
CONTINUOUS
100
AcDbLine
 10
2.6515993307086614
 20
0.9383394881889764
 30
0
 11
2.649465748031496
 21
0.9415326377952755
 31
0
  0
LINE
  5
604
330
1A
100
AcDbEntity
  8
BLACK
  6
CONTINUOUS
100
AcDbLine
 10
2.649465748031496
 20
0.9415326377952755
 30
0
 11
2.6487165354330706
 21
0.9452992125984252
 31
0
  0
LINE
  5
605
330
1A
100
AcDbEntity
  8
BLACK
  6
CONTINUOUS
100
AcDbLine
 10
2.6487165354330706
 20
0.9452992125984252
 30
0
 11
2.6487165354330706
 21
0.9827007874015747
 31
0
  0
LINE
  5
606
330
1A
100
AcDbEntity
  8
BLACK
  6
CONTINUOUS
100
AcDbLine
 10
2.6487165354330706
 20
0.9827007874015747
 30
0
 11
2.649465748031496
 21
0.9864673622047244
 31
0
  0
LINE
  5
607
330
1A
100
AcDbEntity
  8
BLACK
  6
CONTINUOUS
100
AcDbLine
 10
2.649465748031496
 20
0.9864673622047244
 30
0
 11
2.6515993307086614
 21
0.9896605118110235
 31
0
  0
LINE
  5
608
330
1A
100
AcDbEntity
  8
BLACK
  6
CONTINUOUS
100
AcDbLine
 10
2.6515993307086614
 20
0.9896605118110235
 30
0
 11
2.6547924803149607
 21
0.991794094488189
 31
0
  0
LINE
  5
609
330
1A
100
AcDbEntity
  8
BLACK
  6
CONTINUOUS
100
AcDbLine
 10
2.6547924803149607
 20
0.991794094488189
 30
0
 11
2.65855905511811
 21
0.9925433070866142
 31
0
  0
LINE
  5
60A
330
1A
100
AcDbEntity
  8
BLACK
  6
CONTINUOUS
100
AcDbLine
 10
2.65855905511811
 20
0.9925433070866142
 30
0
 11
2.6782440944881891
 21
0.9925433070866142
 31
0
  0
LINE
  5
60B
330
1A
100
AcDbEntity
  8
BLACK
  6
CONTINUOUS
100
AcDbLine
 10
2.6782440944881891
 20
0.9925433070866142
 30
0
 11
2.6820106692913384
 21
0.991794094488189
 31
0
  0
LINE
  5
60C
330
1A
100
AcDbEntity
  8
BLACK
  6
CONTINUOUS
100
AcDbLine
 10
0.4287244094488189
 20
0.9495669291338582
 30
0
 11
0.3972283464566929
 21
0.9495669291338582
 31
0
  0
LINE
  5
60D
330
1A
100
AcDbEntity
  8
BLACK
  6
CONTINUOUS
100
AcDbLine
 10
0.3972283464566929
 20
0.9495669291338582
 30
0
 11
0.3972283464566929
 21
0.9613779527559055
 31
0
  0
LINE
  5
60E
330
1A
100
AcDbEntity
  8
BLACK
  6
CONTINUOUS
100
AcDbLine
 10
0.3972283464566929
 20
0.9613779527559055
 30
0
 11
0.4287244094488189
 21
0.9613779527559055
 31
0
  0
LINE
  5
60F
330
1A
100
AcDbEntity
  8
BLACK
  6
CONTINUOUS
100
AcDbLine
 10
0.4287244094488189
 20
0.9613779527559055
 30
0
 11
0.4287244094488189
 21
0.9495669291338582
 31
0
  0
LINE
  5
610
330
1A
100
AcDbEntity
  8
BLACK
  6
CONTINUOUS
100
AcDbLine
 10
0.550771653543307
 20
0.9495669291338582
 30
0
 11
0.5192755905511811
 21
0.9495669291338582
 31
0
  0
LINE
  5
611
330
1A
100
AcDbEntity
  8
BLACK
  6
CONTINUOUS
100
AcDbLine
 10
0.5192755905511811
 20
0.9495669291338582
 30
0
 11
0.5192755905511811
 21
0.9613779527559055
 31
0
  0
LINE
  5
612
330
1A
100
AcDbEntity
  8
BLACK
  6
CONTINUOUS
100
AcDbLine
 10
0.5192755905511811
 20
0.9613779527559055
 30
0
 11
0.550771653543307
 21
0.9613779527559055
 31
0
  0
LINE
  5
613
330
1A
100
AcDbEntity
  8
BLACK
  6
CONTINUOUS
100
AcDbLine
 10
0.550771653543307
 20
0.9613779527559055
 30
0
 11
0.550771653543307
 21
0.9495669291338582
 31
0
  0
LINE
  5
614
330
1A
100
AcDbEntity
  8
BLACK
  6
CONTINUOUS
100
AcDbLine
 10
1.8614909842519685
 20
1.0614003937007874
 30
0
 11
1.8646841338582676
 21
1.0592668110236221
 31
0
  0
LINE
  5
615
330
1A
100
AcDbEntity
  8
BLACK
  6
CONTINUOUS
100
AcDbLine
 10
1.8646841338582676
 20
1.0592668110236221
 30
0
 11
1.8668177165354329
 21
1.0560736614173227
 31
0
  0
LINE
  5
616
330
1A
100
AcDbEntity
  8
BLACK
  6
CONTINUOUS
100
AcDbLine
 10
1.8668177165354329
 20
1.0560736614173227
 30
0
 11
1.8675669291338581
 21
1.0523070866141733
 31
0
  0
LINE
  5
617
330
1A
100
AcDbEntity
  8
BLACK
  6
CONTINUOUS
100
AcDbLine
 10
1.8675669291338581
 20
1.0523070866141733
 30
0
 11
1.8675669291338581
 21
0.9656929133858267
 31
0
  0
LINE
  5
618
330
1A
100
AcDbEntity
  8
BLACK
  6
CONTINUOUS
100
AcDbLine
 10
1.8675669291338581
 20
0.9656929133858267
 30
0
 11
1.8668177165354329
 21
0.9619263385826772
 31
0
  0
LINE
  5
619
330
1A
100
AcDbEntity
  8
BLACK
  6
CONTINUOUS
100
AcDbLine
 10
1.8668177165354329
 20
0.9619263385826772
 30
0
 11
1.8646841338582676
 21
0.9587331889763779
 31
0
  0
LINE
  5
61A
330
1A
100
AcDbEntity
  8
BLACK
  6
CONTINUOUS
100
AcDbLine
 10
1.8646841338582676
 20
0.9587331889763779
 30
0
 11
1.8614909842519685
 21
0.9565996062992126
 31
0
  0
LINE
  5
61B
330
1A
100
AcDbEntity
  8
BLACK
  6
CONTINUOUS
100
AcDbLine
 10
1.8614909842519685
 20
0.9565996062992126
 30
0
 11
1.8577244094488188
 21
0.9558503937007874
 31
0
  0
LINE
  5
61C
330
1A
100
AcDbEntity
  8
BLACK
  6
CONTINUOUS
100
AcDbLine
 10
1.8577244094488188
 20
0.9558503937007874
 30
0
 11
1.8321338582677165
 21
0.9558503937007874
 31
0
  0
LINE
  5
61D
330
1A
100
AcDbEntity
  8
BLACK
  6
CONTINUOUS
100
AcDbLine
 10
1.8321338582677165
 20
0.9558503937007874
 30
0
 11
1.8283672834645668
 21
0.9565996062992126
 31
0
  0
LINE
  5
61E
330
1A
100
AcDbEntity
  8
BLACK
  6
CONTINUOUS
100
AcDbLine
 10
1.8283672834645668
 20
0.9565996062992126
 30
0
 11
1.8251741338582677
 21
0.9587331889763779
 31
0
  0
LINE
  5
61F
330
1A
100
AcDbEntity
  8
BLACK
  6
CONTINUOUS
100
AcDbLine
 10
1.8251741338582677
 20
0.9587331889763779
 30
0
 11
1.8230405511811023
 21
0.9619263385826772
 31
0
  0
LINE
  5
620
330
1A
100
AcDbEntity
  8
BLACK
  6
CONTINUOUS
100
AcDbLine
 10
1.8230405511811023
 20
0.9619263385826772
 30
0
 11
1.8222913385826771
 21
0.9656929133858267
 31
0
  0
LINE
  5
621
330
1A
100
AcDbEntity
  8
BLACK
  6
CONTINUOUS
100
AcDbLine
 10
1.8222913385826771
 20
0.9656929133858267
 30
0
 11
1.8222913385826771
 21
1.0523070866141733
 31
0
  0
LINE
  5
622
330
1A
100
AcDbEntity
  8
BLACK
  6
CONTINUOUS
100
AcDbLine
 10
1.8222913385826771
 20
1.0523070866141733
 30
0
 11
1.8230405511811023
 21
1.0560736614173227
 31
0
  0
LINE
  5
623
330
1A
100
AcDbEntity
  8
BLACK
  6
CONTINUOUS
100
AcDbLine
 10
1.8230405511811023
 20
1.0560736614173227
 30
0
 11
1.8251741338582677
 21
1.0592668110236221
 31
0
  0
LINE
  5
624
330
1A
100
AcDbEntity
  8
BLACK
  6
CONTINUOUS
100
AcDbLine
 10
1.8251741338582677
 20
1.0592668110236221
 30
0
 11
1.8283672834645668
 21
1.0614003937007874
 31
0
  0
LINE
  5
625
330
1A
100
AcDbEntity
  8
BLACK
  6
CONTINUOUS
100
AcDbLine
 10
1.8283672834645668
 20
1.0614003937007874
 30
0
 11
1.8321338582677165
 21
1.0621496062992126
 31
0
  0
LINE
  5
626
330
1A
100
AcDbEntity
  8
BLACK
  6
CONTINUOUS
100
AcDbLine
 10
1.8321338582677165
 20
1.0621496062992126
 30
0
 11
1.8577244094488188
 21
1.0621496062992126
 31
0
  0
LINE
  5
627
330
1A
100
AcDbEntity
  8
BLACK
  6
CONTINUOUS
100
AcDbLine
 10
1.8577244094488188
 20
1.0621496062992126
 30
0
 11
1.8614909842519685
 21
1.0614003937007874
 31
0
  0
LINE
  5
628
330
1A
100
AcDbEntity
  8
BLACK
  6
CONTINUOUS
100
AcDbLine
 10
1.977632716535433
 20
1.0614003937007874
 30
0
 11
1.9808258661417322
 21
1.0592668110236221
 31
0
  0
LINE
  5
629
330
1A
100
AcDbEntity
  8
BLACK
  6
CONTINUOUS
100
AcDbLine
 10
1.9808258661417322
 20
1.0592668110236221
 30
0
 11
1.9829594488188975
 21
1.0560736614173227
 31
0
  0
LINE
  5
62A
330
1A
100
AcDbEntity
  8
BLACK
  6
CONTINUOUS
100
AcDbLine
 10
1.9829594488188975
 20
1.0560736614173227
 30
0
 11
1.9837086614173227
 21
1.0523070866141733
 31
0
  0
LINE
  5
62B
330
1A
100
AcDbEntity
  8
BLACK
  6
CONTINUOUS
100
AcDbLine
 10
1.9837086614173227
 20
1.0523070866141733
 30
0
 11
1.9837086614173227
 21
0.9656929133858267
 31
0
  0
LINE
  5
62C
330
1A
100
AcDbEntity
  8
BLACK
  6
CONTINUOUS
100
AcDbLine
 10
1.9837086614173227
 20
0.9656929133858267
 30
0
 11
1.9829594488188975
 21
0.9619263385826772
 31
0
  0
LINE
  5
62D
330
1A
100
AcDbEntity
  8
BLACK
  6
CONTINUOUS
100
AcDbLine
 10
1.9829594488188975
 20
0.9619263385826772
 30
0
 11
1.9808258661417322
 21
0.9587331889763779
 31
0
  0
LINE
  5
62E
330
1A
100
AcDbEntity
  8
BLACK
  6
CONTINUOUS
100
AcDbLine
 10
1.9808258661417322
 20
0.9587331889763779
 30
0
 11
1.977632716535433
 21
0.9565996062992126
 31
0
  0
LINE
  5
62F
330
1A
100
AcDbEntity
  8
BLACK
  6
CONTINUOUS
100
AcDbLine
 10
1.977632716535433
 20
0.9565996062992126
 30
0
 11
1.9738661417322834
 21
0.9558503937007874
 31
0
  0
LINE
  5
630
330
1A
100
AcDbEntity
  8
BLACK
  6
CONTINUOUS
100
AcDbLine
 10
1.9738661417322834
 20
0.9558503937007874
 30
0
 11
1.948275590551181
 21
0.9558503937007874
 31
0
  0
LINE
  5
631
330
1A
100
AcDbEntity
  8
BLACK
  6
CONTINUOUS
100
AcDbLine
 10
1.948275590551181
 20
0.9558503937007874
 30
0
 11
1.9445090157480314
 21
0.9565996062992126
 31
0
  0
LINE
  5
632
330
1A
100
AcDbEntity
  8
BLACK
  6
CONTINUOUS
100
AcDbLine
 10
1.9445090157480314
 20
0.9565996062992126
 30
0
 11
1.9413158661417322
 21
0.9587331889763779
 31
0
  0
LINE
  5
633
330
1A
100
AcDbEntity
  8
BLACK
  6
CONTINUOUS
100
AcDbLine
 10
1.9413158661417322
 20
0.9587331889763779
 30
0
 11
1.9391822834645669
 21
0.9619263385826772
 31
0
  0
LINE
  5
634
330
1A
100
AcDbEntity
  8
BLACK
  6
CONTINUOUS
100
AcDbLine
 10
1.9391822834645669
 20
0.9619263385826772
 30
0
 11
1.9384330708661417
 21
0.9656929133858267
 31
0
  0
LINE
  5
635
330
1A
100
AcDbEntity
  8
BLACK
  6
CONTINUOUS
100
AcDbLine
 10
1.9384330708661417
 20
0.9656929133858267
 30
0
 11
1.9384330708661417
 21
1.0523070866141733
 31
0
  0
LINE
  5
636
330
1A
100
AcDbEntity
  8
BLACK
  6
CONTINUOUS
100
AcDbLine
 10
1.9384330708661417
 20
1.0523070866141733
 30
0
 11
1.9391822834645669
 21
1.0560736614173227
 31
0
  0
LINE
  5
637
330
1A
100
AcDbEntity
  8
BLACK
  6
CONTINUOUS
100
AcDbLine
 10
1.9391822834645669
 20
1.0560736614173227
 30
0
 11
1.9413158661417322
 21
1.0592668110236221
 31
0
  0
LINE
  5
638
330
1A
100
AcDbEntity
  8
BLACK
  6
CONTINUOUS
100
AcDbLine
 10
1.9413158661417322
 20
1.0592668110236221
 30
0
 11
1.9445090157480314
 21
1.0614003937007874
 31
0
  0
LINE
  5
639
330
1A
100
AcDbEntity
  8
BLACK
  6
CONTINUOUS
100
AcDbLine
 10
1.9445090157480314
 20
1.0614003937007874
 30
0
 11
1.948275590551181
 21
1.0621496062992126
 31
0
  0
LINE
  5
63A
330
1A
100
AcDbEntity
  8
BLACK
  6
CONTINUOUS
100
AcDbLine
 10
1.948275590551181
 20
1.0621496062992126
 30
0
 11
1.9738661417322834
 21
1.0621496062992126
 31
0
  0
LINE
  5
63B
330
1A
100
AcDbEntity
  8
BLACK
  6
CONTINUOUS
100
AcDbLine
 10
1.9738661417322834
 20
1.0621496062992126
 30
0
 11
1.977632716535433
 21
1.0614003937007874
 31
0
  0
LINE
  5
63C
330
1A
100
AcDbEntity
  8
BLACK
  6
CONTINUOUS
100
AcDbLine
 10
2.0666536614173228
 20
0.9899599212598424
 30
0
 11
2.0685695275590552
 21
0.9886797637795275
 31
0
  0
LINE
  5
63D
330
1A
100
AcDbEntity
  8
BLACK
  6
CONTINUOUS
100
AcDbLine
 10
2.0685695275590552
 20
0.9886797637795275
 30
0
 11
2.0698496850393702
 21
0.9867638976377953
 31
0
  0
LINE
  5
63E
330
1A
100
AcDbEntity
  8
BLACK
  6
CONTINUOUS
100
AcDbLine
 10
2.0698496850393702
 20
0.9867638976377953
 30
0
 11
2.070299212598425
 21
0.984503937007874
 31
0
  0
LINE
  5
63F
330
1A
100
AcDbEntity
  8
BLACK
  6
CONTINUOUS
100
AcDbLine
 10
2.070299212598425
 20
0.984503937007874
 30
0
 11
2.070299212598425
 21
0.9726929133858268
 31
0
  0
LINE
  5
640
330
1A
100
AcDbEntity
  8
BLACK
  6
CONTINUOUS
100
AcDbLine
 10
2.070299212598425
 20
0.9726929133858268
 30
0
 11
2.0698496850393702
 21
0.9704329527559055
 31
0
  0
LINE
  5
641
330
1A
100
AcDbEntity
  8
BLACK
  6
CONTINUOUS
100
AcDbLine
 10
2.0698496850393702
 20
0.9704329527559055
 30
0
 11
2.0685695275590552
 21
0.9685170866141732
 31
0
  0
LINE
  5
642
330
1A
100
AcDbEntity
  8
BLACK
  6
CONTINUOUS
100
AcDbLine
 10
2.0685695275590552
 20
0.9685170866141732
 30
0
 11
2.0666536614173228
 21
0.9672369291338583
 31
0
  0
LINE
  5
643
330
1A
100
AcDbEntity
  8
BLACK
  6
CONTINUOUS
100
AcDbLine
 10
2.0666536614173228
 20
0.9672369291338583
 30
0
 11
2.0643937007874014
 21
0.9667874015748031
 31
0
  0
LINE
  5
644
330
1A
100
AcDbEntity
  8
BLACK
  6
CONTINUOUS
100
AcDbLine
 10
2.0643937007874014
 20
0.9667874015748031
 30
0
 11
2.0240393700787402
 21
0.9667874015748031
 31
0
  0
LINE
  5
645
330
1A
100
AcDbEntity
  8
BLACK
  6
CONTINUOUS
100
AcDbLine
 10
2.0240393700787402
 20
0.9667874015748031
 30
0
 11
2.0217794094488188
 21
0.9672369291338583
 31
0
  0
LINE
  5
646
330
1A
100
AcDbEntity
  8
BLACK
  6
CONTINUOUS
100
AcDbLine
 10
2.0217794094488188
 20
0.9672369291338583
 30
0
 11
2.0198635433070864
 21
0.9685170866141732
 31
0
  0
LINE
  5
647
330
1A
100
AcDbEntity
  8
BLACK
  6
CONTINUOUS
100
AcDbLine
 10
2.0198635433070864
 20
0.9685170866141732
 30
0
 11
2.0185833858267714
 21
0.9704329527559055
 31
0
  0
LINE
  5
648
330
1A
100
AcDbEntity
  8
BLACK
  6
CONTINUOUS
100
AcDbLine
 10
2.0185833858267714
 20
0.9704329527559055
 30
0
 11
2.0181338582677166
 21
0.9726929133858268
 31
0
  0
LINE
  5
649
330
1A
100
AcDbEntity
  8
BLACK
  6
CONTINUOUS
100
AcDbLine
 10
2.0181338582677166
 20
0.9726929133858268
 30
0
 11
2.0181338582677166
 21
0.984503937007874
 31
0
  0
LINE
  5
64A
330
1A
100
AcDbEntity
  8
BLACK
  6
CONTINUOUS
100
AcDbLine
 10
2.0181338582677166
 20
0.984503937007874
 30
0
 11
2.0185833858267714
 21
0.9867638976377953
 31
0
  0
LINE
  5
64B
330
1A
100
AcDbEntity
  8
BLACK
  6
CONTINUOUS
100
AcDbLine
 10
2.0185833858267714
 20
0.9867638976377953
 30
0
 11
2.0198635433070864
 21
0.9886797637795275
 31
0
  0
LINE
  5
64C
330
1A
100
AcDbEntity
  8
BLACK
  6
CONTINUOUS
100
AcDbLine
 10
2.0198635433070864
 20
0.9886797637795275
 30
0
 11
2.0217794094488188
 21
0.9899599212598424
 31
0
  0
LINE
  5
64D
330
1A
100
AcDbEntity
  8
BLACK
  6
CONTINUOUS
100
AcDbLine
 10
2.0217794094488188
 20
0.9899599212598424
 30
0
 11
2.0240393700787402
 21
0.9904094488188976
 31
0
  0
LINE
  5
64E
330
1A
100
AcDbEntity
  8
BLACK
  6
CONTINUOUS
100
AcDbLine
 10
2.0240393700787402
 20
0.9904094488188976
 30
0
 11
2.0643937007874014
 21
0.9904094488188976
 31
0
  0
LINE
  5
64F
330
1A
100
AcDbEntity
  8
BLACK
  6
CONTINUOUS
100
AcDbLine
 10
2.0643937007874014
 20
0.9904094488188976
 30
0
 11
2.0666536614173228
 21
0.9899599212598424
 31
0
  0
LINE
  5
650
330
1A
100
AcDbEntity
  8
BLACK
  6
CONTINUOUS
100
AcDbLine
 10
2.1562205905511811
 20
0.9899599212598424
 30
0
 11
2.1581364566929135
 21
0.9886797637795275
 31
0
  0
LINE
  5
651
330
1A
100
AcDbEntity
  8
BLACK
  6
CONTINUOUS
100
AcDbLine
 10
2.1581364566929135
 20
0.9886797637795275
 30
0
 11
2.1594166141732285
 21
0.9867638976377953
 31
0
  0
LINE
  5
652
330
1A
100
AcDbEntity
  8
BLACK
  6
CONTINUOUS
100
AcDbLine
 10
2.1594166141732285
 20
0.9867638976377953
 30
0
 11
2.1598661417322833
 21
0.984503937007874
 31
0
  0
LINE
  5
653
330
1A
100
AcDbEntity
  8
BLACK
  6
CONTINUOUS
100
AcDbLine
 10
2.1598661417322833
 20
0.984503937007874
 30
0
 11
2.1598661417322833
 21
0.9726929133858268
 31
0
  0
LINE
  5
654
330
1A
100
AcDbEntity
  8
BLACK
  6
CONTINUOUS
100
AcDbLine
 10
2.1598661417322833
 20
0.9726929133858268
 30
0
 11
2.1594166141732285
 21
0.9704329527559055
 31
0
  0
LINE
  5
655
330
1A
100
AcDbEntity
  8
BLACK
  6
CONTINUOUS
100
AcDbLine
 10
2.1594166141732285
 20
0.9704329527559055
 30
0
 11
2.1581364566929135
 21
0.9685170866141732
 31
0
  0
LINE
  5
656
330
1A
100
AcDbEntity
  8
BLACK
  6
CONTINUOUS
100
AcDbLine
 10
2.1581364566929135
 20
0.9685170866141732
 30
0
 11
2.1562205905511811
 21
0.9672369291338583
 31
0
  0
LINE
  5
657
330
1A
100
AcDbEntity
  8
BLACK
  6
CONTINUOUS
100
AcDbLine
 10
2.1562205905511811
 20
0.9672369291338583
 30
0
 11
2.1539606299212597
 21
0.9667874015748031
 31
0
  0
LINE
  5
658
330
1A
100
AcDbEntity
  8
BLACK
  6
CONTINUOUS
100
AcDbLine
 10
2.1539606299212597
 20
0.9667874015748031
 30
0
 11
2.1136062992125986
 21
0.9667874015748031
 31
0
  0
LINE
  5
659
330
1A
100
AcDbEntity
  8
BLACK
  6
CONTINUOUS
100
AcDbLine
 10
2.1136062992125986
 20
0.9667874015748031
 30
0
 11
2.1113463385826772
 21
0.9672369291338583
 31
0
  0
LINE
  5
65A
330
1A
100
AcDbEntity
  8
BLACK
  6
CONTINUOUS
100
AcDbLine
 10
2.1113463385826772
 20
0.9672369291338583
 30
0
 11
2.1094304724409447
 21
0.9685170866141732
 31
0
  0
LINE
  5
65B
330
1A
100
AcDbEntity
  8
BLACK
  6
CONTINUOUS
100
AcDbLine
 10
2.1094304724409447
 20
0.9685170866141732
 30
0
 11
2.1081503149606298
 21
0.9704329527559055
 31
0
  0
LINE
  5
65C
330
1A
100
AcDbEntity
  8
BLACK
  6
CONTINUOUS
100
AcDbLine
 10
2.1081503149606298
 20
0.9704329527559055
 30
0
 11
2.107700787401575
 21
0.9726929133858268
 31
0
  0
LINE
  5
65D
330
1A
100
AcDbEntity
  8
BLACK
  6
CONTINUOUS
100
AcDbLine
 10
2.107700787401575
 20
0.9726929133858268
 30
0
 11
2.107700787401575
 21
0.984503937007874
 31
0
  0
LINE
  5
65E
330
1A
100
AcDbEntity
  8
BLACK
  6
CONTINUOUS
100
AcDbLine
 10
2.107700787401575
 20
0.984503937007874
 30
0
 11
2.1081503149606298
 21
0.9867638976377953
 31
0
  0
LINE
  5
65F
330
1A
100
AcDbEntity
  8
BLACK
  6
CONTINUOUS
100
AcDbLine
 10
2.1081503149606298
 20
0.9867638976377953
 30
0
 11
2.1094304724409447
 21
0.9886797637795275
 31
0
  0
LINE
  5
660
330
1A
100
AcDbEntity
  8
BLACK
  6
CONTINUOUS
100
AcDbLine
 10
2.1094304724409447
 20
0.9886797637795275
 30
0
 11
2.1113463385826772
 21
0.9899599212598424
 31
0
  0
LINE
  5
661
330
1A
100
AcDbEntity
  8
BLACK
  6
CONTINUOUS
100
AcDbLine
 10
2.1113463385826772
 20
0.9899599212598424
 30
0
 11
2.1136062992125986
 21
0.9904094488188976
 31
0
  0
LINE
  5
662
330
1A
100
AcDbEntity
  8
BLACK
  6
CONTINUOUS
100
AcDbLine
 10
2.1136062992125986
 20
0.9904094488188976
 30
0
 11
2.1539606299212597
 21
0.9904094488188976
 31
0
  0
LINE
  5
663
330
1A
100
AcDbEntity
  8
BLACK
  6
CONTINUOUS
100
AcDbLine
 10
2.1539606299212597
 20
0.9904094488188976
 30
0
 11
2.1562205905511811
 21
0.9899599212598424
 31
0
  0
LINE
  5
664
330
1A
100
AcDbEntity
  8
BLACK
  6
CONTINUOUS
100
AcDbLine
 10
2.2444804330708661
 20
0.9899599212598424
 30
0
 11
2.2463962992125985
 21
0.9886797637795275
 31
0
  0
LINE
  5
665
330
1A
100
AcDbEntity
  8
BLACK
  6
CONTINUOUS
100
AcDbLine
 10
2.2463962992125985
 20
0.9886797637795275
 30
0
 11
2.2476764566929135
 21
0.9867638976377953
 31
0
  0
LINE
  5
666
330
1A
100
AcDbEntity
  8
BLACK
  6
CONTINUOUS
100
AcDbLine
 10
2.2476764566929135
 20
0.9867638976377953
 30
0
 11
2.2481259842519683
 21
0.984503937007874
 31
0
  0
LINE
  5
667
330
1A
100
AcDbEntity
  8
BLACK
  6
CONTINUOUS
100
AcDbLine
 10
2.2481259842519683
 20
0.984503937007874
 30
0
 11
2.2481259842519683
 21
0.9726929133858268
 31
0
  0
LINE
  5
668
330
1A
100
AcDbEntity
  8
BLACK
  6
CONTINUOUS
100
AcDbLine
 10
2.2481259842519683
 20
0.9726929133858268
 30
0
 11
2.2476764566929135
 21
0.9704329527559055
 31
0
  0
LINE
  5
669
330
1A
100
AcDbEntity
  8
BLACK
  6
CONTINUOUS
100
AcDbLine
 10
2.2476764566929135
 20
0.9704329527559055
 30
0
 11
2.2463962992125985
 21
0.9685170866141732
 31
0
  0
LINE
  5
66A
330
1A
100
AcDbEntity
  8
BLACK
  6
CONTINUOUS
100
AcDbLine
 10
2.2463962992125985
 20
0.9685170866141732
 30
0
 11
2.2444804330708661
 21
0.9672369291338583
 31
0
  0
LINE
  5
66B
330
1A
100
AcDbEntity
  8
BLACK
  6
CONTINUOUS
100
AcDbLine
 10
2.2444804330708661
 20
0.9672369291338583
 30
0
 11
2.2422204724409447
 21
0.9667874015748031
 31
0
  0
LINE
  5
66C
330
1A
100
AcDbEntity
  8
BLACK
  6
CONTINUOUS
100
AcDbLine
 10
2.2422204724409447
 20
0.9667874015748031
 30
0
 11
2.19596062992126
 21
0.9667874015748031
 31
0
  0
LINE
  5
66D
330
1A
100
AcDbEntity
  8
BLACK
  6
CONTINUOUS
100
AcDbLine
 10
2.19596062992126
 20
0.9667874015748031
 30
0
 11
2.1937006692913386
 21
0.9672369291338583
 31
0
  0
LINE
  5
66E
330
1A
100
AcDbEntity
  8
BLACK
  6
CONTINUOUS
100
AcDbLine
 10
2.1937006692913386
 20
0.9672369291338583
 30
0
 11
2.1917848031496061
 21
0.9685170866141732
 31
0
  0
LINE
  5
66F
330
1A
100
AcDbEntity
  8
BLACK
  6
CONTINUOUS
100
AcDbLine
 10
2.1917848031496061
 20
0.9685170866141732
 30
0
 11
2.1905046456692912
 21
0.9704329527559055
 31
0
  0
LINE
  5
670
330
1A
100
AcDbEntity
  8
BLACK
  6
CONTINUOUS
100
AcDbLine
 10
2.1905046456692912
 20
0.9704329527559055
 30
0
 11
2.1900551181102363
 21
0.9726929133858268
 31
0
  0
LINE
  5
671
330
1A
100
AcDbEntity
  8
BLACK
  6
CONTINUOUS
100
AcDbLine
 10
2.1900551181102363
 20
0.9726929133858268
 30
0
 11
2.1900551181102363
 21
0.984503937007874
 31
0
  0
LINE
  5
672
330
1A
100
AcDbEntity
  8
BLACK
  6
CONTINUOUS
100
AcDbLine
 10
2.1900551181102363
 20
0.984503937007874
 30
0
 11
2.1905046456692912
 21
0.9867638976377953
 31
0
  0
LINE
  5
673
330
1A
100
AcDbEntity
  8
BLACK
  6
CONTINUOUS
100
AcDbLine
 10
2.1905046456692912
 20
0.9867638976377953
 30
0
 11
2.1917848031496061
 21
0.9886797637795275
 31
0
  0
LINE
  5
674
330
1A
100
AcDbEntity
  8
BLACK
  6
CONTINUOUS
100
AcDbLine
 10
2.1917848031496061
 20
0.9886797637795275
 30
0
 11
2.1937006692913386
 21
0.9899599212598424
 31
0
  0
LINE
  5
675
330
1A
100
AcDbEntity
  8
BLACK
  6
CONTINUOUS
100
AcDbLine
 10
2.1937006692913386
 20
0.9899599212598424
 30
0
 11
2.19596062992126
 21
0.9904094488188976
 31
0
  0
LINE
  5
676
330
1A
100
AcDbEntity
  8
BLACK
  6
CONTINUOUS
100
AcDbLine
 10
2.19596062992126
 20
0.9904094488188976
 30
0
 11
2.2422204724409447
 21
0.9904094488188976
 31
0
  0
LINE
  5
677
330
1A
100
AcDbEntity
  8
BLACK
  6
CONTINUOUS
100
AcDbLine
 10
2.2422204724409447
 20
0.9904094488188976
 30
0
 11
2.2444804330708661
 21
0.9899599212598424
 31
0
  0
LINE
  5
678
330
1A
100
AcDbEntity
  8
BLACK
  6
CONTINUOUS
100
AcDbLine
 10
1.6314831102362204
 20
1.0083531496062992
 30
0
 11
1.6346762598425197
 21
1.0062195669291338
 31
0
  0
LINE
  5
679
330
1A
100
AcDbEntity
  8
BLACK
  6
CONTINUOUS
100
AcDbLine
 10
1.6346762598425197
 20
1.0062195669291338
 30
0
 11
1.6368098425196851
 21
1.0030264173228347
 31
0
  0
LINE
  5
67A
330
1A
100
AcDbEntity
  8
BLACK
  6
CONTINUOUS
100
AcDbLine
 10
1.6368098425196851
 20
1.0030264173228347
 30
0
 11
1.6375590551181103
 21
0.999259842519685
 31
0
  0
LINE
  5
67B
330
1A
100
AcDbEntity
  8
BLACK
  6
CONTINUOUS
100
AcDbLine
 10
1.6375590551181103
 20
0.999259842519685
 30
0
 11
1.6375590551181103
 21
0.9785905511811024
 31
0
  0
LINE
  5
67C
330
1A
100
AcDbEntity
  8
BLACK
  6
CONTINUOUS
100
AcDbLine
 10
1.6375590551181103
 20
0.9785905511811024
 30
0
 11
1.6368098425196851
 21
0.9748239763779527
 31
0
  0
LINE
  5
67D
330
1A
100
AcDbEntity
  8
BLACK
  6
CONTINUOUS
100
AcDbLine
 10
1.6368098425196851
 20
0.9748239763779527
 30
0
 11
1.6346762598425197
 21
0.9716308267716535
 31
0
  0
LINE
  5
67E
330
1A
100
AcDbEntity
  8
BLACK
  6
CONTINUOUS
100
AcDbLine
 10
1.6346762598425197
 20
0.9716308267716535
 30
0
 11
1.6314831102362204
 21
0.9694972440944881
 31
0
  0
LINE
  5
67F
330
1A
100
AcDbEntity
  8
BLACK
  6
CONTINUOUS
100
AcDbLine
 10
1.6314831102362204
 20
0.9694972440944881
 30
0
 11
1.6277165354330709
 21
0.9687480314960629
 31
0
  0
LINE
  5
680
330
1A
100
AcDbEntity
  8
BLACK
  6
CONTINUOUS
100
AcDbLine
 10
1.6277165354330709
 20
0.9687480314960629
 30
0
 11
1.592283464566929
 21
0.9687480314960629
 31
0
  0
LINE
  5
681
330
1A
100
AcDbEntity
  8
BLACK
  6
CONTINUOUS
100
AcDbLine
 10
1.592283464566929
 20
0.9687480314960629
 30
0
 11
1.5885168897637796
 21
0.9694972440944881
 31
0
  0
LINE
  5
682
330
1A
100
AcDbEntity
  8
BLACK
  6
CONTINUOUS
100
AcDbLine
 10
1.5885168897637796
 20
0.9694972440944881
 30
0
 11
1.5853237401574802
 21
0.9716308267716535
 31
0
  0
LINE
  5
683
330
1A
100
AcDbEntity
  8
BLACK
  6
CONTINUOUS
100
AcDbLine
 10
1.5853237401574802
 20
0.9716308267716535
 30
0
 11
1.5831901574803149
 21
0.9748239763779527
 31
0
  0
LINE
  5
684
330
1A
100
AcDbEntity
  8
BLACK
  6
CONTINUOUS
100
AcDbLine
 10
1.5831901574803149
 20
0.9748239763779527
 30
0
 11
1.5824409448818897
 21
0.9785905511811024
 31
0
  0
LINE
  5
685
330
1A
100
AcDbEntity
  8
BLACK
  6
CONTINUOUS
100
AcDbLine
 10
1.5824409448818897
 20
0.9785905511811024
 30
0
 11
1.5824409448818897
 21
0.999259842519685
 31
0
  0
LINE
  5
686
330
1A
100
AcDbEntity
  8
BLACK
  6
CONTINUOUS
100
AcDbLine
 10
1.5824409448818897
 20
0.999259842519685
 30
0
 11
1.5831901574803149
 21
1.0030264173228347
 31
0
  0
LINE
  5
687
330
1A
100
AcDbEntity
  8
BLACK
  6
CONTINUOUS
100
AcDbLine
 10
1.5831901574803149
 20
1.0030264173228347
 30
0
 11
1.5853237401574802
 21
1.0062195669291338
 31
0
  0
LINE
  5
688
330
1A
100
AcDbEntity
  8
BLACK
  6
CONTINUOUS
100
AcDbLine
 10
1.5853237401574802
 20
1.0062195669291338
 30
0
 11
1.5885168897637796
 21
1.0083531496062992
 31
0
  0
LINE
  5
689
330
1A
100
AcDbEntity
  8
BLACK
  6
CONTINUOUS
100
AcDbLine
 10
1.5885168897637796
 20
1.0083531496062992
 30
0
 11
1.592283464566929
 21
1.0091023622047244
 31
0
  0
LINE
  5
68A
330
1A
100
AcDbEntity
  8
BLACK
  6
CONTINUOUS
100
AcDbLine
 10
1.592283464566929
 20
1.0091023622047244
 30
0
 11
1.6277165354330709
 21
1.0091023622047244
 31
0
  0
LINE
  5
68B
330
1A
100
AcDbEntity
  8
BLACK
  6
CONTINUOUS
100
AcDbLine
 10
1.6277165354330709
 20
1.0091023622047244
 30
0
 11
1.6314831102362204
 21
1.0083531496062992
 31
0
  0
LINE
  5
68C
330
1A
100
AcDbEntity
  8
BLACK
  6
CONTINUOUS
100
AcDbLine
 10
0.4287244094488189
 20
0.969251968503937
 30
0
 11
0.3972283464566929
 21
0.969251968503937
 31
0
  0
LINE
  5
68D
330
1A
100
AcDbEntity
  8
BLACK
  6
CONTINUOUS
100
AcDbLine
 10
0.3972283464566929
 20
0.969251968503937
 30
0
 11
0.3972283464566929
 21
0.9810629921259842
 31
0
  0
LINE
  5
68E
330
1A
100
AcDbEntity
  8
BLACK
  6
CONTINUOUS
100
AcDbLine
 10
0.3972283464566929
 20
0.9810629921259842
 30
0
 11
0.4287244094488189
 21
0.9810629921259842
 31
0
  0
LINE
  5
68F
330
1A
100
AcDbEntity
  8
BLACK
  6
CONTINUOUS
100
AcDbLine
 10
0.4287244094488189
 20
0.9810629921259842
 30
0
 11
0.4287244094488189
 21
0.969251968503937
 31
0
  0
LINE
  5
690
330
1A
100
AcDbEntity
  8
BLACK
  6
CONTINUOUS
100
AcDbLine
 10
0.550771653543307
 20
0.969251968503937
 30
0
 11
0.5192755905511811
 21
0.969251968503937
 31
0
  0
LINE
  5
691
330
1A
100
AcDbEntity
  8
BLACK
  6
CONTINUOUS
100
AcDbLine
 10
0.5192755905511811
 20
0.969251968503937
 30
0
 11
0.5192755905511811
 21
0.9810629921259842
 31
0
  0
LINE
  5
692
330
1A
100
AcDbEntity
  8
BLACK
  6
CONTINUOUS
100
AcDbLine
 10
0.5192755905511811
 20
0.9810629921259842
 30
0
 11
0.550771653543307
 21
0.9810629921259842
 31
0
  0
LINE
  5
693
330
1A
100
AcDbEntity
  8
BLACK
  6
CONTINUOUS
100
AcDbLine
 10
0.550771653543307
 20
0.9810629921259842
 30
0
 11
0.550771653543307
 21
0.969251968503937
 31
0
  0
LINE
  5
694
330
1A
100
AcDbEntity
  8
BLACK
  6
CONTINUOUS
100
AcDbLine
 10
1.1984673622047244
 20
1.0123374015748032
 30
0
 11
1.2016605118110235
 21
1.0102038188976377
 31
0
  0
LINE
  5
695
330
1A
100
AcDbEntity
  8
BLACK
  6
CONTINUOUS
100
AcDbLine
 10
1.2016605118110235
 20
1.0102038188976377
 30
0
 11
1.2037940944881889
 21
1.0070106692913385
 31
0
  0
LINE
  5
696
330
1A
100
AcDbEntity
  8
BLACK
  6
CONTINUOUS
100
AcDbLine
 10
1.2037940944881889
 20
1.0070106692913385
 30
0
 11
1.2045433070866141
 21
1.0032440944881889
 31
0
  0
LINE
  5
697
330
1A
100
AcDbEntity
  8
BLACK
  6
CONTINUOUS
100
AcDbLine
 10
1.2045433070866141
 20
1.0032440944881889
 30
0
 11
1.2045433070866141
 21
0.9835590551181103
 31
0
  0
LINE
  5
698
330
1A
100
AcDbEntity
  8
BLACK
  6
CONTINUOUS
100
AcDbLine
 10
1.2045433070866141
 20
0.9835590551181103
 30
0
 11
1.2037940944881889
 21
0.9797924803149606
 31
0
  0
LINE
  5
699
330
1A
100
AcDbEntity
  8
BLACK
  6
CONTINUOUS
100
AcDbLine
 10
1.2037940944881889
 20
0.9797924803149606
 30
0
 11
1.2016605118110235
 21
0.9765993307086615
 31
0
  0
LINE
  5
69A
330
1A
100
AcDbEntity
  8
BLACK
  6
CONTINUOUS
100
AcDbLine
 10
1.2016605118110235
 20
0.9765993307086615
 30
0
 11
1.1984673622047244
 21
0.974465748031496
 31
0
  0
LINE
  5
69B
330
1A
100
AcDbEntity
  8
BLACK
  6
CONTINUOUS
100
AcDbLine
 10
1.1984673622047244
 20
0.974465748031496
 30
0
 11
1.1947007874015747
 21
0.9737165354330708
 31
0
  0
LINE
  5
69C
330
1A
100
AcDbEntity
  8
BLACK
  6
CONTINUOUS
100
AcDbLine
 10
1.1947007874015747
 20
0.9737165354330708
 30
0
 11
1.1572992125984252
 21
0.9737165354330708
 31
0
  0
LINE
  5
69D
330
1A
100
AcDbEntity
  8
BLACK
  6
CONTINUOUS
100
AcDbLine
 10
1.1572992125984252
 20
0.9737165354330708
 30
0
 11
1.1535326377952755
 21
0.974465748031496
 31
0
  0
LINE
  5
69E
330
1A
100
AcDbEntity
  8
BLACK
  6
CONTINUOUS
100
AcDbLine
 10
1.1535326377952755
 20
0.974465748031496
 30
0
 11
1.1503394881889764
 21
0.9765993307086615
 31
0
  0
LINE
  5
69F
330
1A
100
AcDbEntity
  8
BLACK
  6
CONTINUOUS
100
AcDbLine
 10
1.1503394881889764
 20
0.9765993307086615
 30
0
 11
1.148205905511811
 21
0.9797924803149606
 31
0
  0
LINE
  5
6A0
330
1A
100
AcDbEntity
  8
BLACK
  6
CONTINUOUS
100
AcDbLine
 10
1.148205905511811
 20
0.9797924803149606
 30
0
 11
1.1474566929133858
 21
0.9835590551181103
 31
0
  0
LINE
  5
6A1
330
1A
100
AcDbEntity
  8
BLACK
  6
CONTINUOUS
100
AcDbLine
 10
1.1474566929133858
 20
0.9835590551181103
 30
0
 11
1.1474566929133858
 21
1.0032440944881889
 31
0
  0
LINE
  5
6A2
330
1A
100
AcDbEntity
  8
BLACK
  6
CONTINUOUS
100
AcDbLine
 10
1.1474566929133858
 20
1.0032440944881889
 30
0
 11
1.148205905511811
 21
1.0070106692913385
 31
0
  0
LINE
  5
6A3
330
1A
100
AcDbEntity
  8
BLACK
  6
CONTINUOUS
100
AcDbLine
 10
1.148205905511811
 20
1.0070106692913385
 30
0
 11
1.1503394881889764
 21
1.0102038188976377
 31
0
  0
LINE
  5
6A4
330
1A
100
AcDbEntity
  8
BLACK
  6
CONTINUOUS
100
AcDbLine
 10
1.1503394881889764
 20
1.0102038188976377
 30
0
 11
1.1535326377952755
 21
1.0123374015748032
 31
0
  0
LINE
  5
6A5
330
1A
100
AcDbEntity
  8
BLACK
  6
CONTINUOUS
100
AcDbLine
 10
1.1535326377952755
 20
1.0123374015748032
 30
0
 11
1.1572992125984252
 21
1.0130866141732284
 31
0
  0
LINE
  5
6A6
330
1A
100
AcDbEntity
  8
BLACK
  6
CONTINUOUS
100
AcDbLine
 10
1.1572992125984252
 20
1.0130866141732284
 30
0
 11
1.1947007874015747
 21
1.0130866141732284
 31
0
  0
LINE
  5
6A7
330
1A
100
AcDbEntity
  8
BLACK
  6
CONTINUOUS
100
AcDbLine
 10
1.1947007874015747
 20
1.0130866141732284
 30
0
 11
1.1984673622047244
 21
1.0123374015748032
 31
0
  0
LINE
  5
6A8
330
1A
100
AcDbEntity
  8
BLACK
  6
CONTINUOUS
100
AcDbLine
 10
0.9429448818897638
 20
0.9887244094488189
 30
0
 11
0.8878267716535433
 21
0.9887244094488189
 31
0
  0
LINE
  5
6A9
330
1A
100
AcDbEntity
  8
BLACK
  6
CONTINUOUS
100
AcDbLine
 10
0.8878267716535433
 20
0.9887244094488189
 30
0
 11
0.8878267716535433
 21
1.000535433070866
 31
0
  0
LINE
  5
6AA
330
1A
100
AcDbEntity
  8
BLACK
  6
CONTINUOUS
100
AcDbLine
 10
0.8878267716535433
 20
1.000535433070866
 30
0
 11
0.9429448818897638
 21
1.000535433070866
 31
0
  0
LINE
  5
6AB
330
1A
100
AcDbEntity
  8
BLACK
  6
CONTINUOUS
100
AcDbLine
 10
0.9429448818897638
 20
1.000535433070866
 30
0
 11
0.9429448818897638
 21
0.9887244094488189
 31
0
  0
LINE
  5
6AC
330
1A
100
AcDbEntity
  8
BLACK
  6
CONTINUOUS
100
AcDbLine
 10
1.1161732283464567
 20
0.9887244094488189
 30
0
 11
1.0610551181102361
 21
0.9887244094488189
 31
0
  0
LINE
  5
6AD
330
1A
100
AcDbEntity
  8
BLACK
  6
CONTINUOUS
100
AcDbLine
 10
1.0610551181102361
 20
0.9887244094488189
 30
0
 11
1.0610551181102361
 21
1.000535433070866
 31
0
  0
LINE
  5
6AE
330
1A
100
AcDbEntity
  8
BLACK
  6
CONTINUOUS
100
AcDbLine
 10
1.0610551181102361
 20
1.000535433070866
 30
0
 11
1.1161732283464567
 21
1.000535433070866
 31
0
  0
LINE
  5
6AF
330
1A
100
AcDbEntity
  8
BLACK
  6
CONTINUOUS
100
AcDbLine
 10
1.1161732283464567
 20
1.000535433070866
 30
0
 11
1.1161732283464567
 21
0.9887244094488189
 31
0
  0
LINE
  5
6B0
330
1A
100
AcDbEntity
  8
BLACK
  6
CONTINUOUS
100
AcDbLine
 10
0.4287244094488189
 20
0.9889370078740157
 30
0
 11
0.3972283464566929
 21
0.9889370078740157
 31
0
  0
LINE
  5
6B1
330
1A
100
AcDbEntity
  8
BLACK
  6
CONTINUOUS
100
AcDbLine
 10
0.3972283464566929
 20
0.9889370078740157
 30
0
 11
0.3972283464566929
 21
1.0007480314960631
 31
0
  0
LINE
  5
6B2
330
1A
100
AcDbEntity
  8
BLACK
  6
CONTINUOUS
100
AcDbLine
 10
0.3972283464566929
 20
1.0007480314960631
 30
0
 11
0.4287244094488189
 21
1.0007480314960631
 31
0
  0
LINE
  5
6B3
330
1A
100
AcDbEntity
  8
BLACK
  6
CONTINUOUS
100
AcDbLine
 10
0.4287244094488189
 20
1.0007480314960631
 30
0
 11
0.4287244094488189
 21
0.9889370078740157
 31
0
  0
LINE
  5
6B4
330
1A
100
AcDbEntity
  8
BLACK
  6
CONTINUOUS
100
AcDbLine
 10
0.550771653543307
 20
0.9889370078740157
 30
0
 11
0.5192755905511811
 21
0.9889370078740157
 31
0
  0
LINE
  5
6B5
330
1A
100
AcDbEntity
  8
BLACK
  6
CONTINUOUS
100
AcDbLine
 10
0.5192755905511811
 20
0.9889370078740157
 30
0
 11
0.5192755905511811
 21
1.0007480314960631
 31
0
  0
LINE
  5
6B6
330
1A
100
AcDbEntity
  8
BLACK
  6
CONTINUOUS
100
AcDbLine
 10
0.5192755905511811
 20
1.0007480314960631
 30
0
 11
0.550771653543307
 21
1.0007480314960631
 31
0
  0
LINE
  5
6B7
330
1A
100
AcDbEntity
  8
BLACK
  6
CONTINUOUS
100
AcDbLine
 10
0.550771653543307
 20
1.0007480314960631
 30
0
 11
0.550771653543307
 21
0.9889370078740157
 31
0
  0
LINE
  5
6B8
330
1A
100
AcDbEntity
  8
BLACK
  6
CONTINUOUS
100
AcDbLine
 10
2.0666536614173228
 20
1.0273614960629922
 30
0
 11
2.0685695275590552
 21
1.0260813385826772
 31
0
  0
LINE
  5
6B9
330
1A
100
AcDbEntity
  8
BLACK
  6
CONTINUOUS
100
AcDbLine
 10
2.0685695275590552
 20
1.0260813385826772
 30
0
 11
2.0698496850393702
 21
1.0241654724409448
 31
0
  0
LINE
  5
6BA
330
1A
100
AcDbEntity
  8
BLACK
  6
CONTINUOUS
100
AcDbLine
 10
2.0698496850393702
 20
1.0241654724409448
 30
0
 11
2.070299212598425
 21
1.0219055118110236
 31
0
  0
LINE
  5
6BB
330
1A
100
AcDbEntity
  8
BLACK
  6
CONTINUOUS
100
AcDbLine
 10
2.070299212598425
 20
1.0219055118110236
 30
0
 11
2.070299212598425
 21
1.0100944881889764
 31
0
  0
LINE
  5
6BC
330
1A
100
AcDbEntity
  8
BLACK
  6
CONTINUOUS
100
AcDbLine
 10
2.070299212598425
 20
1.0100944881889764
 30
0
 11
2.0698496850393702
 21
1.007834527559055
 31
0
  0
LINE
  5
6BD
330
1A
100
AcDbEntity
  8
BLACK
  6
CONTINUOUS
100
AcDbLine
 10
2.0698496850393702
 20
1.007834527559055
 30
0
 11
2.0685695275590552
 21
1.0059186614173228
 31
0
  0
LINE
  5
6BE
330
1A
100
AcDbEntity
  8
BLACK
  6
CONTINUOUS
100
AcDbLine
 10
2.0685695275590552
 20
1.0059186614173228
 30
0
 11
2.0666536614173228
 21
1.0046385039370078
 31
0
  0
LINE
  5
6BF
330
1A
100
AcDbEntity
  8
BLACK
  6
CONTINUOUS
100
AcDbLine
 10
2.0666536614173228
 20
1.0046385039370078
 30
0
 11
2.0643937007874014
 21
1.0041889763779528
 31
0
  0
LINE
  5
6C0
330
1A
100
AcDbEntity
  8
BLACK
  6
CONTINUOUS
100
AcDbLine
 10
2.0643937007874014
 20
1.0041889763779528
 30
0
 11
2.0240393700787402
 21
1.0041889763779528
 31
0
  0
LINE
  5
6C1
330
1A
100
AcDbEntity
  8
BLACK
  6
CONTINUOUS
100
AcDbLine
 10
2.0240393700787402
 20
1.0041889763779528
 30
0
 11
2.0217794094488188
 21
1.0046385039370078
 31
0
  0
LINE
  5
6C2
330
1A
100
AcDbEntity
  8
BLACK
  6
CONTINUOUS
100
AcDbLine
 10
2.0217794094488188
 20
1.0046385039370078
 30
0
 11
2.0198635433070864
 21
1.0059186614173228
 31
0
  0
LINE
  5
6C3
330
1A
100
AcDbEntity
  8
BLACK
  6
CONTINUOUS
100
AcDbLine
 10
2.0198635433070864
 20
1.0059186614173228
 30
0
 11
2.0185833858267714
 21
1.007834527559055
 31
0
  0
LINE
  5
6C4
330
1A
100
AcDbEntity
  8
BLACK
  6
CONTINUOUS
100
AcDbLine
 10
2.0185833858267714
 20
1.007834527559055
 30
0
 11
2.0181338582677166
 21
1.0100944881889764
 31
0
  0
LINE
  5
6C5
330
1A
100
AcDbEntity
  8
BLACK
  6
CONTINUOUS
100
AcDbLine
 10
2.0181338582677166
 20
1.0100944881889764
 30
0
 11
2.0181338582677166
 21
1.0219055118110236
 31
0
  0
LINE
  5
6C6
330
1A
100
AcDbEntity
  8
BLACK
  6
CONTINUOUS
100
AcDbLine
 10
2.0181338582677166
 20
1.0219055118110236
 30
0
 11
2.0185833858267714
 21
1.0241654724409448
 31
0
  0
LINE
  5
6C7
330
1A
100
AcDbEntity
  8
BLACK
  6
CONTINUOUS
100
AcDbLine
 10
2.0185833858267714
 20
1.0241654724409448
 30
0
 11
2.0198635433070864
 21
1.0260813385826772
 31
0
  0
LINE
  5
6C8
330
1A
100
AcDbEntity
  8
BLACK
  6
CONTINUOUS
100
AcDbLine
 10
2.0198635433070864
 20
1.0260813385826772
 30
0
 11
2.0217794094488188
 21
1.0273614960629922
 31
0
  0
LINE
  5
6C9
330
1A
100
AcDbEntity
  8
BLACK
  6
CONTINUOUS
100
AcDbLine
 10
2.0217794094488188
 20
1.0273614960629922
 30
0
 11
2.0240393700787402
 21
1.0278110236220472
 31
0
  0
LINE
  5
6CA
330
1A
100
AcDbEntity
  8
BLACK
  6
CONTINUOUS
100
AcDbLine
 10
2.0240393700787402
 20
1.0278110236220472
 30
0
 11
2.0643937007874014
 21
1.0278110236220472
 31
0
  0
LINE
  5
6CB
330
1A
100
AcDbEntity
  8
BLACK
  6
CONTINUOUS
100
AcDbLine
 10
2.0643937007874014
 20
1.0278110236220472
 30
0
 11
2.0666536614173228
 21
1.0273614960629922
 31
0
  0
LINE
  5
6CC
330
1A
100
AcDbEntity
  8
BLACK
  6
CONTINUOUS
100
AcDbLine
 10
2.3182993307086615
 20
1.0273614960629922
 30
0
 11
2.3202151968503935
 21
1.0260813385826772
 31
0
  0
LINE
  5
6CD
330
1A
100
AcDbEntity
  8
BLACK
  6
CONTINUOUS
100
AcDbLine
 10
2.3202151968503935
 20
1.0260813385826772
 30
0
 11
2.3214953543307084
 21
1.0241654724409448
 31
0
  0
LINE
  5
6CE
330
1A
100
AcDbEntity
  8
BLACK
  6
CONTINUOUS
100
AcDbLine
 10
2.3214953543307084
 20
1.0241654724409448
 30
0
 11
2.3219448818897637
 21
1.0219055118110236
 31
0
  0
LINE
  5
6CF
330
1A
100
AcDbEntity
  8
BLACK
  6
CONTINUOUS
100
AcDbLine
 10
2.3219448818897637
 20
1.0219055118110236
 30
0
 11
2.3219448818897637
 21
1.0100944881889764
 31
0
  0
LINE
  5
6D0
330
1A
100
AcDbEntity
  8
BLACK
  6
CONTINUOUS
100
AcDbLine
 10
2.3219448818897637
 20
1.0100944881889764
 30
0
 11
2.3214953543307084
 21
1.007834527559055
 31
0
  0
LINE
  5
6D1
330
1A
100
AcDbEntity
  8
BLACK
  6
CONTINUOUS
100
AcDbLine
 10
2.3214953543307084
 20
1.007834527559055
 30
0
 11
2.3202151968503935
 21
1.0059186614173228
 31
0
  0
LINE
  5
6D2
330
1A
100
AcDbEntity
  8
BLACK
  6
CONTINUOUS
100
AcDbLine
 10
2.3202151968503935
 20
1.0059186614173228
 30
0
 11
2.3182993307086615
 21
1.0046385039370078
 31
0
  0
LINE
  5
6D3
330
1A
100
AcDbEntity
  8
BLACK
  6
CONTINUOUS
100
AcDbLine
 10
2.3182993307086615
 20
1.0046385039370078
 30
0
 11
2.3160393700787401
 21
1.0041889763779528
 31
0
  0
LINE
  5
6D4
330
1A
100
AcDbEntity
  8
BLACK
  6
CONTINUOUS
100
AcDbLine
 10
2.3160393700787401
 20
1.0041889763779528
 30
0
 11
2.2697795275590549
 21
1.0041889763779528
 31
0
  0
LINE
  5
6D5
330
1A
100
AcDbEntity
  8
BLACK
  6
CONTINUOUS
100
AcDbLine
 10
2.2697795275590549
 20
1.0041889763779528
 30
0
 11
2.2675195669291339
 21
1.0046385039370078
 31
0
  0
LINE
  5
6D6
330
1A
100
AcDbEntity
  8
BLACK
  6
CONTINUOUS
100
AcDbLine
 10
2.2675195669291339
 20
1.0046385039370078
 30
0
 11
2.2656037007874015
 21
1.0059186614173228
 31
0
  0
LINE
  5
6D7
330
1A
100
AcDbEntity
  8
BLACK
  6
CONTINUOUS
100
AcDbLine
 10
2.2656037007874015
 20
1.0059186614173228
 30
0
 11
2.2643235433070865
 21
1.007834527559055
 31
0
  0
LINE
  5
6D8
330
1A
100
AcDbEntity
  8
BLACK
  6
CONTINUOUS
100
AcDbLine
 10
2.2643235433070865
 20
1.007834527559055
 30
0
 11
2.2638740157480313
 21
1.0100944881889764
 31
0
  0
LINE
  5
6D9
330
1A
100
AcDbEntity
  8
BLACK
  6
CONTINUOUS
100
AcDbLine
 10
2.2638740157480313
 20
1.0100944881889764
 30
0
 11
2.2638740157480313
 21
1.0219055118110236
 31
0
  0
LINE
  5
6DA
330
1A
100
AcDbEntity
  8
BLACK
  6
CONTINUOUS
100
AcDbLine
 10
2.2638740157480313
 20
1.0219055118110236
 30
0
 11
2.2643235433070865
 21
1.0241654724409448
 31
0
  0
LINE
  5
6DB
330
1A
100
AcDbEntity
  8
BLACK
  6
CONTINUOUS
100
AcDbLine
 10
2.2643235433070865
 20
1.0241654724409448
 30
0
 11
2.2656037007874015
 21
1.0260813385826772
 31
0
  0
LINE
  5
6DC
330
1A
100
AcDbEntity
  8
BLACK
  6
CONTINUOUS
100
AcDbLine
 10
2.2656037007874015
 20
1.0260813385826772
 30
0
 11
2.2675195669291339
 21
1.0273614960629922
 31
0
  0
LINE
  5
6DD
330
1A
100
AcDbEntity
  8
BLACK
  6
CONTINUOUS
100
AcDbLine
 10
2.2675195669291339
 20
1.0273614960629922
 30
0
 11
2.2697795275590549
 21
1.0278110236220472
 31
0
  0
LINE
  5
6DE
330
1A
100
AcDbEntity
  8
BLACK
  6
CONTINUOUS
100
AcDbLine
 10
2.2697795275590549
 20
1.0278110236220472
 30
0
 11
2.3160393700787401
 21
1.0278110236220472
 31
0
  0
LINE
  5
6DF
330
1A
100
AcDbEntity
  8
BLACK
  6
CONTINUOUS
100
AcDbLine
 10
2.3160393700787401
 20
1.0278110236220472
 30
0
 11
2.3182993307086615
 21
1.0273614960629922
 31
0
  0
LINE
  5
6E0
330
1A
100
AcDbEntity
  8
BLACK
  6
CONTINUOUS
100
AcDbLine
 10
0.9429448818897638
 20
1.0084094488188977
 30
0
 11
0.8878267716535433
 21
1.0084094488188977
 31
0
  0
LINE
  5
6E1
330
1A
100
AcDbEntity
  8
BLACK
  6
CONTINUOUS
100
AcDbLine
 10
0.8878267716535433
 20
1.0084094488188977
 30
0
 11
0.8878267716535433
 21
1.0202204724409449
 31
0
  0
LINE
  5
6E2
330
1A
100
AcDbEntity
  8
BLACK
  6
CONTINUOUS
100
AcDbLine
 10
0.8878267716535433
 20
1.0202204724409449
 30
0
 11
0.9429448818897638
 21
1.0202204724409449
 31
0
  0
LINE
  5
6E3
330
1A
100
AcDbEntity
  8
BLACK
  6
CONTINUOUS
100
AcDbLine
 10
0.9429448818897638
 20
1.0202204724409449
 30
0
 11
0.9429448818897638
 21
1.0084094488188977
 31
0
  0
LINE
  5
6E4
330
1A
100
AcDbEntity
  8
BLACK
  6
CONTINUOUS
100
AcDbLine
 10
1.1161732283464567
 20
1.0084094488188977
 30
0
 11
1.0610551181102361
 21
1.0084094488188977
 31
0
  0
LINE
  5
6E5
330
1A
100
AcDbEntity
  8
BLACK
  6
CONTINUOUS
100
AcDbLine
 10
1.0610551181102361
 20
1.0084094488188977
 30
0
 11
1.0610551181102361
 21
1.0202204724409449
 31
0
  0
LINE
  5
6E6
330
1A
100
AcDbEntity
  8
BLACK
  6
CONTINUOUS
100
AcDbLine
 10
1.0610551181102361
 20
1.0202204724409449
 30
0
 11
1.1161732283464567
 21
1.0202204724409449
 31
0
  0
LINE
  5
6E7
330
1A
100
AcDbEntity
  8
BLACK
  6
CONTINUOUS
100
AcDbLine
 10
1.1161732283464567
 20
1.0202204724409449
 30
0
 11
1.1161732283464567
 21
1.0084094488188977
 31
0
  0
LINE
  5
6E8
330
1A
100
AcDbEntity
  8
BLACK
  6
CONTINUOUS
100
AcDbLine
 10
0.4287244094488189
 20
1.0086220472440945
 30
0
 11
0.3972283464566929
 21
1.0086220472440945
 31
0
  0
LINE
  5
6E9
330
1A
100
AcDbEntity
  8
BLACK
  6
CONTINUOUS
100
AcDbLine
 10
0.3972283464566929
 20
1.0086220472440945
 30
0
 11
0.3972283464566929
 21
1.0204330708661418
 31
0
  0
LINE
  5
6EA
330
1A
100
AcDbEntity
  8
BLACK
  6
CONTINUOUS
100
AcDbLine
 10
0.3972283464566929
 20
1.0204330708661418
 30
0
 11
0.4287244094488189
 21
1.0204330708661418
 31
0
  0
LINE
  5
6EB
330
1A
100
AcDbEntity
  8
BLACK
  6
CONTINUOUS
100
AcDbLine
 10
0.4287244094488189
 20
1.0204330708661418
 30
0
 11
0.4287244094488189
 21
1.0086220472440945
 31
0
  0
LINE
  5
6EC
330
1A
100
AcDbEntity
  8
BLACK
  6
CONTINUOUS
100
AcDbLine
 10
0.550771653543307
 20
1.0086220472440945
 30
0
 11
0.5192755905511811
 21
1.0086220472440945
 31
0
  0
LINE
  5
6ED
330
1A
100
AcDbEntity
  8
BLACK
  6
CONTINUOUS
100
AcDbLine
 10
0.5192755905511811
 20
1.0086220472440945
 30
0
 11
0.5192755905511811
 21
1.0204330708661418
 31
0
  0
LINE
  5
6EE
330
1A
100
AcDbEntity
  8
BLACK
  6
CONTINUOUS
100
AcDbLine
 10
0.5192755905511811
 20
1.0204330708661418
 30
0
 11
0.550771653543307
 21
1.0204330708661418
 31
0
  0
LINE
  5
6EF
330
1A
100
AcDbEntity
  8
BLACK
  6
CONTINUOUS
100
AcDbLine
 10
0.550771653543307
 20
1.0204330708661418
 30
0
 11
0.550771653543307
 21
1.0086220472440945
 31
0
  0
LINE
  5
6F0
330
1A
100
AcDbEntity
  8
BLACK
  6
CONTINUOUS
100
AcDbLine
 10
2.6072075196850393
 20
1.083794094488189
 30
0
 11
2.6104006692913386
 21
1.0816605118110236
 31
0
  0
LINE
  5
6F1
330
1A
100
AcDbEntity
  8
BLACK
  6
CONTINUOUS
100
AcDbLine
 10
2.6104006692913386
 20
1.0816605118110236
 30
0
 11
2.612534251968504
 21
1.0784673622047243
 31
0
  0
LINE
  5
6F2
330
1A
100
AcDbEntity
  8
BLACK
  6
CONTINUOUS
100
AcDbLine
 10
2.612534251968504
 20
1.0784673622047243
 30
0
 11
2.6132834645669289
 21
1.0747007874015748
 31
0
  0
LINE
  5
6F3
330
1A
100
AcDbEntity
  8
BLACK
  6
CONTINUOUS
100
AcDbLine
 10
2.6132834645669289
 20
1.0747007874015748
 30
0
 11
2.6132834645669289
 21
1.0372992125984253
 31
0
  0
LINE
  5
6F4
330
1A
100
AcDbEntity
  8
BLACK
  6
CONTINUOUS
100
AcDbLine
 10
2.6132834645669289
 20
1.0372992125984253
 30
0
 11
2.612534251968504
 21
1.0335326377952756
 31
0
  0
LINE
  5
6F5
330
1A
100
AcDbEntity
  8
BLACK
  6
CONTINUOUS
100
AcDbLine
 10
2.612534251968504
 20
1.0335326377952756
 30
0
 11
2.6104006692913386
 21
1.0303394881889762
 31
0
  0
LINE
  5
6F6
330
1A
100
AcDbEntity
  8
BLACK
  6
CONTINUOUS
100
AcDbLine
 10
2.6104006692913386
 20
1.0303394881889762
 30
0
 11
2.6072075196850393
 21
1.0282059055118109
 31
0
  0
LINE
  5
6F7
330
1A
100
AcDbEntity
  8
BLACK
  6
CONTINUOUS
100
AcDbLine
 10
2.6072075196850393
 20
1.0282059055118109
 30
0
 11
2.6034409448818896
 21
1.0274566929133857
 31
0
  0
LINE
  5
6F8
330
1A
100
AcDbEntity
  8
BLACK
  6
CONTINUOUS
100
AcDbLine
 10
2.6034409448818896
 20
1.0274566929133857
 30
0
 11
2.5837559055118109
 21
1.0274566929133857
 31
0
  0
LINE
  5
6F9
330
1A
100
AcDbEntity
  8
BLACK
  6
CONTINUOUS
100
AcDbLine
 10
2.5837559055118109
 20
1.0274566929133857
 30
0
 11
2.5799893307086612
 21
1.0282059055118109
 31
0
  0
LINE
  5
6FA
330
1A
100
AcDbEntity
  8
BLACK
  6
CONTINUOUS
100
AcDbLine
 10
2.5799893307086612
 20
1.0282059055118109
 30
0
 11
2.5767961811023623
 21
1.0303394881889762
 31
0
  0
LINE
  5
6FB
330
1A
100
AcDbEntity
  8
BLACK
  6
CONTINUOUS
100
AcDbLine
 10
2.5767961811023623
 20
1.0303394881889762
 30
0
 11
2.574662598425197
 21
1.0335326377952756
 31
0
  0
LINE
  5
6FC
330
1A
100
AcDbEntity
  8
BLACK
  6
CONTINUOUS
100
AcDbLine
 10
2.574662598425197
 20
1.0335326377952756
 30
0
 11
2.5739133858267715
 21
1.0372992125984253
 31
0
  0
LINE
  5
6FD
330
1A
100
AcDbEntity
  8
BLACK
  6
CONTINUOUS
100
AcDbLine
 10
2.5739133858267715
 20
1.0372992125984253
 30
0
 11
2.5739133858267715
 21
1.0747007874015748
 31
0
  0
LINE
  5
6FE
330
1A
100
AcDbEntity
  8
BLACK
  6
CONTINUOUS
100
AcDbLine
 10
2.5739133858267715
 20
1.0747007874015748
 30
0
 11
2.574662598425197
 21
1.0784673622047243
 31
0
  0
LINE
  5
6FF
330
1A
100
AcDbEntity
  8
BLACK
  6
CONTINUOUS
100
AcDbLine
 10
2.574662598425197
 20
1.0784673622047243
 30
0
 11
2.5767961811023623
 21
1.0816605118110236
 31
0
  0
LINE
  5
700
330
1A
100
AcDbEntity
  8
BLACK
  6
CONTINUOUS
100
AcDbLine
 10
2.5767961811023623
 20
1.0816605118110236
 30
0
 11
2.5799893307086612
 21
1.083794094488189
 31
0
  0
LINE
  5
701
330
1A
100
AcDbEntity
  8
BLACK
  6
CONTINUOUS
100
AcDbLine
 10
2.5799893307086612
 20
1.083794094488189
 30
0
 11
2.5837559055118109
 21
1.0845433070866142
 31
0
  0
LINE
  5
702
330
1A
100
AcDbEntity
  8
BLACK
  6
CONTINUOUS
100
AcDbLine
 10
2.5837559055118109
 20
1.0845433070866142
 30
0
 11
2.6034409448818896
 21
1.0845433070866142
 31
0
  0
LINE
  5
703
330
1A
100
AcDbEntity
  8
BLACK
  6
CONTINUOUS
100
AcDbLine
 10
2.6034409448818896
 20
1.0845433070866142
 30
0
 11
2.6072075196850393
 21
1.083794094488189
 31
0
  0
LINE
  5
704
330
1A
100
AcDbEntity
  8
BLACK
  6
CONTINUOUS
100
AcDbLine
 10
2.6820106692913384
 20
1.083794094488189
 30
0
 11
2.6852038188976377
 21
1.0816605118110236
 31
0
  0
LINE
  5
705
330
1A
100
AcDbEntity
  8
BLACK
  6
CONTINUOUS
100
AcDbLine
 10
2.6852038188976377
 20
1.0816605118110236
 30
0
 11
2.6873374015748031
 21
1.0784673622047243
 31
0
  0
LINE
  5
706
330
1A
100
AcDbEntity
  8
BLACK
  6
CONTINUOUS
100
AcDbLine
 10
2.6873374015748031
 20
1.0784673622047243
 30
0
 11
2.6880866141732285
 21
1.0747007874015748
 31
0
  0
LINE
  5
707
330
1A
100
AcDbEntity
  8
BLACK
  6
CONTINUOUS
100
AcDbLine
 10
2.6880866141732285
 20
1.0747007874015748
 30
0
 11
2.6880866141732285
 21
1.0372992125984253
 31
0
  0
LINE
  5
708
330
1A
100
AcDbEntity
  8
BLACK
  6
CONTINUOUS
100
AcDbLine
 10
2.6880866141732285
 20
1.0372992125984253
 30
0
 11
2.6873374015748031
 21
1.0335326377952756
 31
0
  0
LINE
  5
709
330
1A
100
AcDbEntity
  8
BLACK
  6
CONTINUOUS
100
AcDbLine
 10
2.6873374015748031
 20
1.0335326377952756
 30
0
 11
2.6852038188976377
 21
1.0303394881889762
 31
0
  0
LINE
  5
70A
330
1A
100
AcDbEntity
  8
BLACK
  6
CONTINUOUS
100
AcDbLine
 10
2.6852038188976377
 20
1.0303394881889762
 30
0
 11
2.6820106692913384
 21
1.0282059055118109
 31
0
  0
LINE
  5
70B
330
1A
100
AcDbEntity
  8
BLACK
  6
CONTINUOUS
100
AcDbLine
 10
2.6820106692913384
 20
1.0282059055118109
 30
0
 11
2.6782440944881891
 21
1.0274566929133857
 31
0
  0
LINE
  5
70C
330
1A
100
AcDbEntity
  8
BLACK
  6
CONTINUOUS
100
AcDbLine
 10
2.6782440944881891
 20
1.0274566929133857
 30
0
 11
2.65855905511811
 21
1.0274566929133857
 31
0
  0
LINE
  5
70D
330
1A
100
AcDbEntity
  8
BLACK
  6
CONTINUOUS
100
AcDbLine
 10
2.65855905511811
 20
1.0274566929133857
 30
0
 11
2.6547924803149607
 21
1.0282059055118109
 31
0
  0
LINE
  5
70E
330
1A
100
AcDbEntity
  8
BLACK
  6
CONTINUOUS
100
AcDbLine
 10
2.6547924803149607
 20
1.0282059055118109
 30
0
 11
2.6515993307086614
 21
1.0303394881889762
 31
0
  0
LINE
  5
70F
330
1A
100
AcDbEntity
  8
BLACK
  6
CONTINUOUS
100
AcDbLine
 10
2.6515993307086614
 20
1.0303394881889762
 30
0
 11
2.649465748031496
 21
1.0335326377952756
 31
0
  0
LINE
  5
710
330
1A
100
AcDbEntity
  8
BLACK
  6
CONTINUOUS
100
AcDbLine
 10
2.649465748031496
 20
1.0335326377952756
 30
0
 11
2.6487165354330706
 21
1.0372992125984253
 31
0
  0
LINE
  5
711
330
1A
100
AcDbEntity
  8
BLACK
  6
CONTINUOUS
100
AcDbLine
 10
2.6487165354330706
 20
1.0372992125984253
 30
0
 11
2.6487165354330706
 21
1.0747007874015748
 31
0
  0
LINE
  5
712
330
1A
100
AcDbEntity
  8
BLACK
  6
CONTINUOUS
100
AcDbLine
 10
2.6487165354330706
 20
1.0747007874015748
 30
0
 11
2.649465748031496
 21
1.0784673622047243
 31
0
  0
LINE
  5
713
330
1A
100
AcDbEntity
  8
BLACK
  6
CONTINUOUS
100
AcDbLine
 10
2.649465748031496
 20
1.0784673622047243
 30
0
 11
2.6515993307086614
 21
1.0816605118110236
 31
0
  0
LINE
  5
714
330
1A
100
AcDbEntity
  8
BLACK
  6
CONTINUOUS
100
AcDbLine
 10
2.6515993307086614
 20
1.0816605118110236
 30
0
 11
2.6547924803149607
 21
1.083794094488189
 31
0
  0
LINE
  5
715
330
1A
100
AcDbEntity
  8
BLACK
  6
CONTINUOUS
100
AcDbLine
 10
2.6547924803149607
 20
1.083794094488189
 30
0
 11
2.65855905511811
 21
1.0845433070866142
 31
0
  0
LINE
  5
716
330
1A
100
AcDbEntity
  8
BLACK
  6
CONTINUOUS
100
AcDbLine
 10
2.65855905511811
 20
1.0845433070866142
 30
0
 11
2.6782440944881891
 21
1.0845433070866142
 31
0
  0
LINE
  5
717
330
1A
100
AcDbEntity
  8
BLACK
  6
CONTINUOUS
100
AcDbLine
 10
2.6782440944881891
 20
1.0845433070866142
 30
0
 11
2.6820106692913384
 21
1.083794094488189
 31
0
  0
LINE
  5
718
330
1A
100
AcDbEntity
  8
BLACK
  6
CONTINUOUS
100
AcDbLine
 10
0.9429448818897638
 20
1.0280944881889764
 30
0
 11
0.8878267716535433
 21
1.0280944881889764
 31
0
  0
LINE
  5
719
330
1A
100
AcDbEntity
  8
BLACK
  6
CONTINUOUS
100
AcDbLine
 10
0.8878267716535433
 20
1.0280944881889764
 30
0
 11
0.8878267716535433
 21
1.0399055118110236
 31
0
  0
LINE
  5
71A
330
1A
100
AcDbEntity
  8
BLACK
  6
CONTINUOUS
100
AcDbLine
 10
0.8878267716535433
 20
1.0399055118110236
 30
0
 11
0.9429448818897638
 21
1.0399055118110236
 31
0
  0
LINE
  5
71B
330
1A
100
AcDbEntity
  8
BLACK
  6
CONTINUOUS
100
AcDbLine
 10
0.9429448818897638
 20
1.0399055118110236
 30
0
 11
0.9429448818897638
 21
1.0280944881889764
 31
0
  0
LINE
  5
71C
330
1A
100
AcDbEntity
  8
BLACK
  6
CONTINUOUS
100
AcDbLine
 10
1.1161732283464567
 20
1.0280944881889764
 30
0
 11
1.0610551181102361
 21
1.0280944881889764
 31
0
  0
LINE
  5
71D
330
1A
100
AcDbEntity
  8
BLACK
  6
CONTINUOUS
100
AcDbLine
 10
1.0610551181102361
 20
1.0280944881889764
 30
0
 11
1.0610551181102361
 21
1.0399055118110236
 31
0
  0
LINE
  5
71E
330
1A
100
AcDbEntity
  8
BLACK
  6
CONTINUOUS
100
AcDbLine
 10
1.0610551181102361
 20
1.0399055118110236
 30
0
 11
1.1161732283464567
 21
1.0399055118110236
 31
0
  0
LINE
  5
71F
330
1A
100
AcDbEntity
  8
BLACK
  6
CONTINUOUS
100
AcDbLine
 10
1.1161732283464567
 20
1.0399055118110236
 30
0
 11
1.1161732283464567
 21
1.0280944881889764
 31
0
  0
LINE
  5
720
330
1A
100
AcDbEntity
  8
BLACK
  6
CONTINUOUS
100
AcDbLine
 10
2.0666536614173228
 20
1.0647630708661417
 30
0
 11
2.0685695275590552
 21
1.0634829133858268
 31
0
  0
LINE
  5
721
330
1A
100
AcDbEntity
  8
BLACK
  6
CONTINUOUS
100
AcDbLine
 10
2.0685695275590552
 20
1.0634829133858268
 30
0
 11
2.0698496850393702
 21
1.0615670472440946
 31
0
  0
LINE
  5
722
330
1A
100
AcDbEntity
  8
BLACK
  6
CONTINUOUS
100
AcDbLine
 10
2.0698496850393702
 20
1.0615670472440946
 30
0
 11
2.070299212598425
 21
1.0593070866141732
 31
0
  0
LINE
  5
723
330
1A
100
AcDbEntity
  8
BLACK
  6
CONTINUOUS
100
AcDbLine
 10
2.070299212598425
 20
1.0593070866141732
 30
0
 11
2.070299212598425
 21
1.0474960629921259
 31
0
  0
LINE
  5
724
330
1A
100
AcDbEntity
  8
BLACK
  6
CONTINUOUS
100
AcDbLine
 10
2.070299212598425
 20
1.0474960629921259
 30
0
 11
2.0698496850393702
 21
1.0452361023622048
 31
0
  0
LINE
  5
725
330
1A
100
AcDbEntity
  8
BLACK
  6
CONTINUOUS
100
AcDbLine
 10
2.0698496850393702
 20
1.0452361023622048
 30
0
 11
2.0685695275590552
 21
1.0433202362204723
 31
0
  0
LINE
  5
726
330
1A
100
AcDbEntity
  8
BLACK
  6
CONTINUOUS
100
AcDbLine
 10
2.0685695275590552
 20
1.0433202362204723
 30
0
 11
2.0666536614173228
 21
1.0420400787401574
 31
0
  0
LINE
  5
727
330
1A
100
AcDbEntity
  8
BLACK
  6
CONTINUOUS
100
AcDbLine
 10
2.0666536614173228
 20
1.0420400787401574
 30
0
 11
2.0643937007874014
 21
1.0415905511811023
 31
0
  0
LINE
  5
728
330
1A
100
AcDbEntity
  8
BLACK
  6
CONTINUOUS
100
AcDbLine
 10
2.0643937007874014
 20
1.0415905511811023
 30
0
 11
2.0240393700787402
 21
1.0415905511811023
 31
0
  0
LINE
  5
729
330
1A
100
AcDbEntity
  8
BLACK
  6
CONTINUOUS
100
AcDbLine
 10
2.0240393700787402
 20
1.0415905511811023
 30
0
 11
2.0217794094488188
 21
1.0420400787401574
 31
0
  0
LINE
  5
72A
330
1A
100
AcDbEntity
  8
BLACK
  6
CONTINUOUS
100
AcDbLine
 10
2.0217794094488188
 20
1.0420400787401574
 30
0
 11
2.0198635433070864
 21
1.0433202362204723
 31
0
  0
LINE
  5
72B
330
1A
100
AcDbEntity
  8
BLACK
  6
CONTINUOUS
100
AcDbLine
 10
2.0198635433070864
 20
1.0433202362204723
 30
0
 11
2.0185833858267714
 21
1.0452361023622048
 31
0
  0
LINE
  5
72C
330
1A
100
AcDbEntity
  8
BLACK
  6
CONTINUOUS
100
AcDbLine
 10
2.0185833858267714
 20
1.0452361023622048
 30
0
 11
2.0181338582677166
 21
1.0474960629921259
 31
0
  0
LINE
  5
72D
330
1A
100
AcDbEntity
  8
BLACK
  6
CONTINUOUS
100
AcDbLine
 10
2.0181338582677166
 20
1.0474960629921259
 30
0
 11
2.0181338582677166
 21
1.0593070866141732
 31
0
  0
LINE
  5
72E
330
1A
100
AcDbEntity
  8
BLACK
  6
CONTINUOUS
100
AcDbLine
 10
2.0181338582677166
 20
1.0593070866141732
 30
0
 11
2.0185833858267714
 21
1.0615670472440946
 31
0
  0
LINE
  5
72F
330
1A
100
AcDbEntity
  8
BLACK
  6
CONTINUOUS
100
AcDbLine
 10
2.0185833858267714
 20
1.0615670472440946
 30
0
 11
2.0198635433070864
 21
1.0634829133858268
 31
0
  0
LINE
  5
730
330
1A
100
AcDbEntity
  8
BLACK
  6
CONTINUOUS
100
AcDbLine
 10
2.0198635433070864
 20
1.0634829133858268
 30
0
 11
2.0217794094488188
 21
1.0647630708661417
 31
0
  0
LINE
  5
731
330
1A
100
AcDbEntity
  8
BLACK
  6
CONTINUOUS
100
AcDbLine
 10
2.0217794094488188
 20
1.0647630708661417
 30
0
 11
2.0240393700787402
 21
1.0652125984251968
 31
0
  0
LINE
  5
732
330
1A
100
AcDbEntity
  8
BLACK
  6
CONTINUOUS
100
AcDbLine
 10
2.0240393700787402
 20
1.0652125984251968
 30
0
 11
2.0643937007874014
 21
1.0652125984251968
 31
0
  0
LINE
  5
733
330
1A
100
AcDbEntity
  8
BLACK
  6
CONTINUOUS
100
AcDbLine
 10
2.0643937007874014
 20
1.0652125984251968
 30
0
 11
2.0666536614173228
 21
1.0647630708661417
 31
0
  0
LINE
  5
734
330
1A
100
AcDbEntity
  8
BLACK
  6
CONTINUOUS
100
AcDbLine
 10
2.1562205905511811
 20
1.0647630708661417
 30
0
 11
2.1581364566929135
 21
1.0634829133858268
 31
0
  0
LINE
  5
735
330
1A
100
AcDbEntity
  8
BLACK
  6
CONTINUOUS
100
AcDbLine
 10
2.1581364566929135
 20
1.0634829133858268
 30
0
 11
2.1594166141732285
 21
1.0615670472440946
 31
0
  0
LINE
  5
736
330
1A
100
AcDbEntity
  8
BLACK
  6
CONTINUOUS
100
AcDbLine
 10
2.1594166141732285
 20
1.0615670472440946
 30
0
 11
2.1598661417322833
 21
1.0593070866141732
 31
0
  0
LINE
  5
737
330
1A
100
AcDbEntity
  8
BLACK
  6
CONTINUOUS
100
AcDbLine
 10
2.1598661417322833
 20
1.0593070866141732
 30
0
 11
2.1598661417322833
 21
1.0474960629921259
 31
0
  0
LINE
  5
738
330
1A
100
AcDbEntity
  8
BLACK
  6
CONTINUOUS
100
AcDbLine
 10
2.1598661417322833
 20
1.0474960629921259
 30
0
 11
2.1594166141732285
 21
1.0452361023622048
 31
0
  0
LINE
  5
739
330
1A
100
AcDbEntity
  8
BLACK
  6
CONTINUOUS
100
AcDbLine
 10
2.1594166141732285
 20
1.0452361023622048
 30
0
 11
2.1581364566929135
 21
1.0433202362204723
 31
0
  0
LINE
  5
73A
330
1A
100
AcDbEntity
  8
BLACK
  6
CONTINUOUS
100
AcDbLine
 10
2.1581364566929135
 20
1.0433202362204723
 30
0
 11
2.1562205905511811
 21
1.0420400787401574
 31
0
  0
LINE
  5
73B
330
1A
100
AcDbEntity
  8
BLACK
  6
CONTINUOUS
100
AcDbLine
 10
2.1562205905511811
 20
1.0420400787401574
 30
0
 11
2.1539606299212597
 21
1.0415905511811023
 31
0
  0
LINE
  5
73C
330
1A
100
AcDbEntity
  8
BLACK
  6
CONTINUOUS
100
AcDbLine
 10
2.1539606299212597
 20
1.0415905511811023
 30
0
 11
2.1136062992125986
 21
1.0415905511811023
 31
0
  0
LINE
  5
73D
330
1A
100
AcDbEntity
  8
BLACK
  6
CONTINUOUS
100
AcDbLine
 10
2.1136062992125986
 20
1.0415905511811023
 30
0
 11
2.1113463385826772
 21
1.0420400787401574
 31
0
  0
LINE
  5
73E
330
1A
100
AcDbEntity
  8
BLACK
  6
CONTINUOUS
100
AcDbLine
 10
2.1113463385826772
 20
1.0420400787401574
 30
0
 11
2.1094304724409447
 21
1.0433202362204723
 31
0
  0
LINE
  5
73F
330
1A
100
AcDbEntity
  8
BLACK
  6
CONTINUOUS
100
AcDbLine
 10
2.1094304724409447
 20
1.0433202362204723
 30
0
 11
2.1081503149606298
 21
1.0452361023622048
 31
0
  0
LINE
  5
740
330
1A
100
AcDbEntity
  8
BLACK
  6
CONTINUOUS
100
AcDbLine
 10
2.1081503149606298
 20
1.0452361023622048
 30
0
 11
2.107700787401575
 21
1.0474960629921259
 31
0
  0
LINE
  5
741
330
1A
100
AcDbEntity
  8
BLACK
  6
CONTINUOUS
100
AcDbLine
 10
2.107700787401575
 20
1.0474960629921259
 30
0
 11
2.107700787401575
 21
1.0593070866141732
 31
0
  0
LINE
  5
742
330
1A
100
AcDbEntity
  8
BLACK
  6
CONTINUOUS
100
AcDbLine
 10
2.107700787401575
 20
1.0593070866141732
 30
0
 11
2.1081503149606298
 21
1.0615670472440946
 31
0
  0
LINE
  5
743
330
1A
100
AcDbEntity
  8
BLACK
  6
CONTINUOUS
100
AcDbLine
 10
2.1081503149606298
 20
1.0615670472440946
 30
0
 11
2.1094304724409447
 21
1.0634829133858268
 31
0
  0
LINE
  5
744
330
1A
100
AcDbEntity
  8
BLACK
  6
CONTINUOUS
100
AcDbLine
 10
2.1094304724409447
 20
1.0634829133858268
 30
0
 11
2.1113463385826772
 21
1.0647630708661417
 31
0
  0
LINE
  5
745
330
1A
100
AcDbEntity
  8
BLACK
  6
CONTINUOUS
100
AcDbLine
 10
2.1113463385826772
 20
1.0647630708661417
 30
0
 11
2.1136062992125986
 21
1.0652125984251968
 31
0
  0
LINE
  5
746
330
1A
100
AcDbEntity
  8
BLACK
  6
CONTINUOUS
100
AcDbLine
 10
2.1136062992125986
 20
1.0652125984251968
 30
0
 11
2.1539606299212597
 21
1.0652125984251968
 31
0
  0
LINE
  5
747
330
1A
100
AcDbEntity
  8
BLACK
  6
CONTINUOUS
100
AcDbLine
 10
2.1539606299212597
 20
1.0652125984251968
 30
0
 11
2.1562205905511811
 21
1.0647630708661417
 31
0
  0
LINE
  5
748
330
1A
100
AcDbEntity
  8
BLACK
  6
CONTINUOUS
100
AcDbLine
 10
2.2444804330708661
 20
1.0647630708661417
 30
0
 11
2.2463962992125985
 21
1.0634829133858268
 31
0
  0
LINE
  5
749
330
1A
100
AcDbEntity
  8
BLACK
  6
CONTINUOUS
100
AcDbLine
 10
2.2463962992125985
 20
1.0634829133858268
 30
0
 11
2.2476764566929135
 21
1.0615670472440946
 31
0
  0
LINE
  5
74A
330
1A
100
AcDbEntity
  8
BLACK
  6
CONTINUOUS
100
AcDbLine
 10
2.2476764566929135
 20
1.0615670472440946
 30
0
 11
2.2481259842519683
 21
1.0593070866141732
 31
0
  0
LINE
  5
74B
330
1A
100
AcDbEntity
  8
BLACK
  6
CONTINUOUS
100
AcDbLine
 10
2.2481259842519683
 20
1.0593070866141732
 30
0
 11
2.2481259842519683
 21
1.0474960629921259
 31
0
  0
LINE
  5
74C
330
1A
100
AcDbEntity
  8
BLACK
  6
CONTINUOUS
100
AcDbLine
 10
2.2481259842519683
 20
1.0474960629921259
 30
0
 11
2.2476764566929135
 21
1.0452361023622048
 31
0
  0
LINE
  5
74D
330
1A
100
AcDbEntity
  8
BLACK
  6
CONTINUOUS
100
AcDbLine
 10
2.2476764566929135
 20
1.0452361023622048
 30
0
 11
2.2463962992125985
 21
1.0433202362204723
 31
0
  0
LINE
  5
74E
330
1A
100
AcDbEntity
  8
BLACK
  6
CONTINUOUS
100
AcDbLine
 10
2.2463962992125985
 20
1.0433202362204723
 30
0
 11
2.2444804330708661
 21
1.0420400787401574
 31
0
  0
LINE
  5
74F
330
1A
100
AcDbEntity
  8
BLACK
  6
CONTINUOUS
100
AcDbLine
 10
2.2444804330708661
 20
1.0420400787401574
 30
0
 11
2.2422204724409447
 21
1.0415905511811023
 31
0
  0
LINE
  5
750
330
1A
100
AcDbEntity
  8
BLACK
  6
CONTINUOUS
100
AcDbLine
 10
2.2422204724409447
 20
1.0415905511811023
 30
0
 11
2.19596062992126
 21
1.0415905511811023
 31
0
  0
LINE
  5
751
330
1A
100
AcDbEntity
  8
BLACK
  6
CONTINUOUS
100
AcDbLine
 10
2.19596062992126
 20
1.0415905511811023
 30
0
 11
2.1937006692913386
 21
1.0420400787401574
 31
0
  0
LINE
  5
752
330
1A
100
AcDbEntity
  8
BLACK
  6
CONTINUOUS
100
AcDbLine
 10
2.1937006692913386
 20
1.0420400787401574
 30
0
 11
2.1917848031496061
 21
1.0433202362204723
 31
0
  0
LINE
  5
753
330
1A
100
AcDbEntity
  8
BLACK
  6
CONTINUOUS
100
AcDbLine
 10
2.1917848031496061
 20
1.0433202362204723
 30
0
 11
2.1905046456692912
 21
1.0452361023622048
 31
0
  0
LINE
  5
754
330
1A
100
AcDbEntity
  8
BLACK
  6
CONTINUOUS
100
AcDbLine
 10
2.1905046456692912
 20
1.0452361023622048
 30
0
 11
2.1900551181102363
 21
1.0474960629921259
 31
0
  0
LINE
  5
755
330
1A
100
AcDbEntity
  8
BLACK
  6
CONTINUOUS
100
AcDbLine
 10
2.1900551181102363
 20
1.0474960629921259
 30
0
 11
2.1900551181102363
 21
1.0593070866141732
 31
0
  0
LINE
  5
756
330
1A
100
AcDbEntity
  8
BLACK
  6
CONTINUOUS
100
AcDbLine
 10
2.1900551181102363
 20
1.0593070866141732
 30
0
 11
2.1905046456692912
 21
1.0615670472440946
 31
0
  0
LINE
  5
757
330
1A
100
AcDbEntity
  8
BLACK
  6
CONTINUOUS
100
AcDbLine
 10
2.1905046456692912
 20
1.0615670472440946
 30
0
 11
2.1917848031496061
 21
1.0634829133858268
 31
0
  0
LINE
  5
758
330
1A
100
AcDbEntity
  8
BLACK
  6
CONTINUOUS
100
AcDbLine
 10
2.1917848031496061
 20
1.0634829133858268
 30
0
 11
2.1937006692913386
 21
1.0647630708661417
 31
0
  0
LINE
  5
759
330
1A
100
AcDbEntity
  8
BLACK
  6
CONTINUOUS
100
AcDbLine
 10
2.1937006692913386
 20
1.0647630708661417
 30
0
 11
2.19596062992126
 21
1.0652125984251968
 31
0
  0
LINE
  5
75A
330
1A
100
AcDbEntity
  8
BLACK
  6
CONTINUOUS
100
AcDbLine
 10
2.19596062992126
 20
1.0652125984251968
 30
0
 11
2.2422204724409447
 21
1.0652125984251968
 31
0
  0
LINE
  5
75B
330
1A
100
AcDbEntity
  8
BLACK
  6
CONTINUOUS
100
AcDbLine
 10
2.2422204724409447
 20
1.0652125984251968
 30
0
 11
2.2444804330708661
 21
1.0647630708661417
 31
0
  0
LINE
  5
75C
330
1A
100
AcDbEntity
  8
BLACK
  6
CONTINUOUS
100
AcDbLine
 10
1.1831760236220472
 20
1.1018098425196849
 30
0
 11
1.1863691732283463
 21
1.0996762598425196
 31
0
  0
LINE
  5
75D
330
1A
100
AcDbEntity
  8
BLACK
  6
CONTINUOUS
100
AcDbLine
 10
1.1863691732283463
 20
1.0996762598425196
 30
0
 11
1.1885027559055117
 21
1.0964831102362205
 31
0
  0
LINE
  5
75E
330
1A
100
AcDbEntity
  8
BLACK
  6
CONTINUOUS
100
AcDbLine
 10
1.1885027559055117
 20
1.0964831102362205
 30
0
 11
1.1892519685039369
 21
1.0927165354330708
 31
0
  0
LINE
  5
75F
330
1A
100
AcDbEntity
  8
BLACK
  6
CONTINUOUS
100
AcDbLine
 10
1.1892519685039369
 20
1.0927165354330708
 30
0
 11
1.1892519685039369
 21
1.0572834645669291
 31
0
  0
LINE
  5
760
330
1A
100
AcDbEntity
  8
BLACK
  6
CONTINUOUS
100
AcDbLine
 10
1.1892519685039369
 20
1.0572834645669291
 30
0
 11
1.1885027559055117
 21
1.0535168897637794
 31
0
  0
LINE
  5
761
330
1A
100
AcDbEntity
  8
BLACK
  6
CONTINUOUS
100
AcDbLine
 10
1.1885027559055117
 20
1.0535168897637794
 30
0
 11
1.1863691732283463
 21
1.0503237401574803
 31
0
  0
LINE
  5
762
330
1A
100
AcDbEntity
  8
BLACK
  6
CONTINUOUS
100
AcDbLine
 10
1.1863691732283463
 20
1.0503237401574803
 30
0
 11
1.1831760236220472
 21
1.048190157480315
 31
0
  0
LINE
  5
763
330
1A
100
AcDbEntity
  8
BLACK
  6
CONTINUOUS
100
AcDbLine
 10
1.1831760236220472
 20
1.048190157480315
 30
0
 11
1.1794094488188975
 21
1.0474409448818898
 31
0
  0
LINE
  5
764
330
1A
100
AcDbEntity
  8
BLACK
  6
CONTINUOUS
100
AcDbLine
 10
1.1794094488188975
 20
1.0474409448818898
 30
0
 11
1.1587401574803149
 21
1.0474409448818898
 31
0
  0
LINE
  5
765
330
1A
100
AcDbEntity
  8
BLACK
  6
CONTINUOUS
100
AcDbLine
 10
1.1587401574803149
 20
1.0474409448818898
 30
0
 11
1.1549735826771654
 21
1.048190157480315
 31
0
  0
LINE
  5
766
330
1A
100
AcDbEntity
  8
BLACK
  6
CONTINUOUS
100
AcDbLine
 10
1.1549735826771654
 20
1.048190157480315
 30
0
 11
1.1517804330708661
 21
1.0503237401574803
 31
0
  0
LINE
  5
767
330
1A
100
AcDbEntity
  8
BLACK
  6
CONTINUOUS
100
AcDbLine
 10
1.1517804330708661
 20
1.0503237401574803
 30
0
 11
1.1496468503937007
 21
1.0535168897637794
 31
0
  0
LINE
  5
768
330
1A
100
AcDbEntity
  8
BLACK
  6
CONTINUOUS
100
AcDbLine
 10
1.1496468503937007
 20
1.0535168897637794
 30
0
 11
1.1488976377952755
 21
1.0572834645669291
 31
0
  0
LINE
  5
769
330
1A
100
AcDbEntity
  8
BLACK
  6
CONTINUOUS
100
AcDbLine
 10
1.1488976377952755
 20
1.0572834645669291
 30
0
 11
1.1488976377952755
 21
1.0927165354330708
 31
0
  0
LINE
  5
76A
330
1A
100
AcDbEntity
  8
BLACK
  6
CONTINUOUS
100
AcDbLine
 10
1.1488976377952755
 20
1.0927165354330708
 30
0
 11
1.1496468503937007
 21
1.0964831102362205
 31
0
  0
LINE
  5
76B
330
1A
100
AcDbEntity
  8
BLACK
  6
CONTINUOUS
100
AcDbLine
 10
1.1496468503937007
 20
1.0964831102362205
 30
0
 11
1.1517804330708661
 21
1.0996762598425196
 31
0
  0
LINE
  5
76C
330
1A
100
AcDbEntity
  8
BLACK
  6
CONTINUOUS
100
AcDbLine
 10
1.1517804330708661
 20
1.0996762598425196
 30
0
 11
1.1549735826771654
 21
1.1018098425196849
 31
0
  0
LINE
  5
76D
330
1A
100
AcDbEntity
  8
BLACK
  6
CONTINUOUS
100
AcDbLine
 10
1.1549735826771654
 20
1.1018098425196849
 30
0
 11
1.1587401574803149
 21
1.1025590551181101
 31
0
  0
LINE
  5
76E
330
1A
100
AcDbEntity
  8
BLACK
  6
CONTINUOUS
100
AcDbLine
 10
1.1587401574803149
 20
1.1025590551181101
 30
0
 11
1.1794094488188975
 21
1.1025590551181101
 31
0
  0
LINE
  5
76F
330
1A
100
AcDbEntity
  8
BLACK
  6
CONTINUOUS
100
AcDbLine
 10
1.1794094488188975
 20
1.1025590551181101
 30
0
 11
1.1831760236220472
 21
1.1018098425196849
 31
0
  0
LINE
  5
770
330
1A
100
AcDbEntity
  8
BLACK
  6
CONTINUOUS
100
AcDbLine
 10
1.2550264173228347
 20
1.1018098425196849
 30
0
 11
1.2582195669291338
 21
1.0996762598425196
 31
0
  0
LINE
  5
771
330
1A
100
AcDbEntity
  8
BLACK
  6
CONTINUOUS
100
AcDbLine
 10
1.2582195669291338
 20
1.0996762598425196
 30
0
 11
1.2603531496062992
 21
1.0964831102362205
 31
0
  0
LINE
  5
772
330
1A
100
AcDbEntity
  8
BLACK
  6
CONTINUOUS
100
AcDbLine
 10
1.2603531496062992
 20
1.0964831102362205
 30
0
 11
1.2611023622047244
 21
1.0927165354330708
 31
0
  0
LINE
  5
773
330
1A
100
AcDbEntity
  8
BLACK
  6
CONTINUOUS
100
AcDbLine
 10
1.2611023622047244
 20
1.0927165354330708
 30
0
 11
1.2611023622047244
 21
1.0572834645669291
 31
0
  0
LINE
  5
774
330
1A
100
AcDbEntity
  8
BLACK
  6
CONTINUOUS
100
AcDbLine
 10
1.2611023622047244
 20
1.0572834645669291
 30
0
 11
1.2603531496062992
 21
1.0535168897637794
 31
0
  0
LINE
  5
775
330
1A
100
AcDbEntity
  8
BLACK
  6
CONTINUOUS
100
AcDbLine
 10
1.2603531496062992
 20
1.0535168897637794
 30
0
 11
1.2582195669291338
 21
1.0503237401574803
 31
0
  0
LINE
  5
776
330
1A
100
AcDbEntity
  8
BLACK
  6
CONTINUOUS
100
AcDbLine
 10
1.2582195669291338
 20
1.0503237401574803
 30
0
 11
1.2550264173228347
 21
1.048190157480315
 31
0
  0
LINE
  5
777
330
1A
100
AcDbEntity
  8
BLACK
  6
CONTINUOUS
100
AcDbLine
 10
1.2550264173228347
 20
1.048190157480315
 30
0
 11
1.251259842519685
 21
1.0474409448818898
 31
0
  0
LINE
  5
778
330
1A
100
AcDbEntity
  8
BLACK
  6
CONTINUOUS
100
AcDbLine
 10
1.251259842519685
 20
1.0474409448818898
 30
0
 11
1.2305905511811024
 21
1.0474409448818898
 31
0
  0
LINE
  5
779
330
1A
100
AcDbEntity
  8
BLACK
  6
CONTINUOUS
100
AcDbLine
 10
1.2305905511811024
 20
1.0474409448818898
 30
0
 11
1.2268239763779527
 21
1.048190157480315
 31
0
  0
LINE
  5
77A
330
1A
100
AcDbEntity
  8
BLACK
  6
CONTINUOUS
100
AcDbLine
 10
1.2268239763779527
 20
1.048190157480315
 30
0
 11
1.2236308267716536
 21
1.0503237401574803
 31
0
  0
LINE
  5
77B
330
1A
100
AcDbEntity
  8
BLACK
  6
CONTINUOUS
100
AcDbLine
 10
1.2236308267716536
 20
1.0503237401574803
 30
0
 11
1.2214972440944882
 21
1.0535168897637794
 31
0
  0
LINE
  5
77C
330
1A
100
AcDbEntity
  8
BLACK
  6
CONTINUOUS
100
AcDbLine
 10
1.2214972440944882
 20
1.0535168897637794
 30
0
 11
1.220748031496063
 21
1.0572834645669291
 31
0
  0
LINE
  5
77D
330
1A
100
AcDbEntity
  8
BLACK
  6
CONTINUOUS
100
AcDbLine
 10
1.220748031496063
 20
1.0572834645669291
 30
0
 11
1.220748031496063
 21
1.0927165354330708
 31
0
  0
LINE
  5
77E
330
1A
100
AcDbEntity
  8
BLACK
  6
CONTINUOUS
100
AcDbLine
 10
1.220748031496063
 20
1.0927165354330708
 30
0
 11
1.2214972440944882
 21
1.0964831102362205
 31
0
  0
LINE
  5
77F
330
1A
100
AcDbEntity
  8
BLACK
  6
CONTINUOUS
100
AcDbLine
 10
1.2214972440944882
 20
1.0964831102362205
 30
0
 11
1.2236308267716536
 21
1.0996762598425196
 31
0
  0
LINE
  5
780
330
1A
100
AcDbEntity
  8
BLACK
  6
CONTINUOUS
100
AcDbLine
 10
1.2236308267716536
 20
1.0996762598425196
 30
0
 11
1.2268239763779527
 21
1.1018098425196849
 31
0
  0
LINE
  5
781
330
1A
100
AcDbEntity
  8
BLACK
  6
CONTINUOUS
100
AcDbLine
 10
1.2268239763779527
 20
1.1018098425196849
 30
0
 11
1.2305905511811024
 21
1.1025590551181101
 31
0
  0
LINE
  5
782
330
1A
100
AcDbEntity
  8
BLACK
  6
CONTINUOUS
100
AcDbLine
 10
1.2305905511811024
 20
1.1025590551181101
 30
0
 11
1.251259842519685
 21
1.1025590551181101
 31
0
  0
LINE
  5
783
330
1A
100
AcDbEntity
  8
BLACK
  6
CONTINUOUS
100
AcDbLine
 10
1.251259842519685
 20
1.1025590551181101
 30
0
 11
1.2550264173228347
 21
1.1018098425196849
 31
0
  0
LINE
  5
784
330
1A
100
AcDbEntity
  8
BLACK
  6
CONTINUOUS
100
AcDbLine
 10
0.9429448818897638
 20
1.0477795275590551
 30
0
 11
0.8878267716535433
 21
1.0477795275590551
 31
0
  0
LINE
  5
785
330
1A
100
AcDbEntity
  8
BLACK
  6
CONTINUOUS
100
AcDbLine
 10
0.8878267716535433
 20
1.0477795275590551
 30
0
 11
0.8878267716535433
 21
1.0595905511811023
 31
0
  0
LINE
  5
786
330
1A
100
AcDbEntity
  8
BLACK
  6
CONTINUOUS
100
AcDbLine
 10
0.8878267716535433
 20
1.0595905511811023
 30
0
 11
0.9429448818897638
 21
1.0595905511811023
 31
0
  0
LINE
  5
787
330
1A
100
AcDbEntity
  8
BLACK
  6
CONTINUOUS
100
AcDbLine
 10
0.9429448818897638
 20
1.0595905511811023
 30
0
 11
0.9429448818897638
 21
1.0477795275590551
 31
0
  0
LINE
  5
788
330
1A
100
AcDbEntity
  8
BLACK
  6
CONTINUOUS
100
AcDbLine
 10
1.1161732283464567
 20
1.0477795275590551
 30
0
 11
1.0610551181102361
 21
1.0477795275590551
 31
0
  0
LINE
  5
789
330
1A
100
AcDbEntity
  8
BLACK
  6
CONTINUOUS
100
AcDbLine
 10
1.0610551181102361
 20
1.0477795275590551
 30
0
 11
1.0610551181102361
 21
1.0595905511811023
 31
0
  0
LINE
  5
78A
330
1A
100
AcDbEntity
  8
BLACK
  6
CONTINUOUS
100
AcDbLine
 10
1.0610551181102361
 20
1.0595905511811023
 30
0
 11
1.1161732283464567
 21
1.0595905511811023
 31
0
  0
LINE
  5
78B
330
1A
100
AcDbEntity
  8
BLACK
  6
CONTINUOUS
100
AcDbLine
 10
1.1161732283464567
 20
1.0595905511811023
 30
0
 11
1.1161732283464567
 21
1.0477795275590551
 31
0
  0
LINE
  5
78C
330
1A
100
AcDbEntity
  8
BLACK
  6
CONTINUOUS
100
AcDbLine
 10
0.75748031496063
 20
1.0577322834645668
 30
0
 11
0.7181102362204724
 21
1.0577322834645668
 31
0
  0
LINE
  5
78D
330
1A
100
AcDbEntity
  8
BLACK
  6
CONTINUOUS
100
AcDbLine
 10
0.7181102362204724
 20
1.0577322834645668
 30
0
 11
0.7181102362204724
 21
1.2073385826771654
 31
0
  0
LINE
  5
78E
330
1A
100
AcDbEntity
  8
BLACK
  6
CONTINUOUS
100
AcDbLine
 10
0.7181102362204724
 20
1.2073385826771654
 30
0
 11
0.75748031496063
 21
1.2073385826771654
 31
0
  0
LINE
  5
78F
330
1A
100
AcDbEntity
  8
BLACK
  6
CONTINUOUS
100
AcDbLine
 10
0.75748031496063
 20
1.2073385826771654
 30
0
 11
0.75748031496063
 21
1.0577322834645668
 31
0
  0
LINE
  5
790
330
1A
100
AcDbEntity
  8
BLACK
  6
CONTINUOUS
100
AcDbLine
 10
2.4818897637795274
 20
1.0577322834645668
 30
0
 11
2.44251968503937
 21
1.0577322834645668
 31
0
  0
LINE
  5
791
330
1A
100
AcDbEntity
  8
BLACK
  6
CONTINUOUS
100
AcDbLine
 10
2.44251968503937
 20
1.0577322834645668
 30
0
 11
2.44251968503937
 21
1.2073385826771654
 31
0
  0
LINE
  5
792
330
1A
100
AcDbEntity
  8
BLACK
  6
CONTINUOUS
100
AcDbLine
 10
2.44251968503937
 20
1.2073385826771654
 30
0
 11
2.4818897637795274
 21
1.2073385826771654
 31
0
  0
LINE
  5
793
330
1A
100
AcDbEntity
  8
BLACK
  6
CONTINUOUS
100
AcDbLine
 10
2.4818897637795274
 20
1.2073385826771654
 30
0
 11
2.4818897637795274
 21
1.0577322834645668
 31
0
  0
LINE
  5
794
330
1A
100
AcDbEntity
  8
BLACK
  6
CONTINUOUS
100
AcDbLine
 10
0.9429448818897638
 20
1.0674645669291338
 30
0
 11
0.8878267716535433
 21
1.0674645669291338
 31
0
  0
LINE
  5
795
330
1A
100
AcDbEntity
  8
BLACK
  6
CONTINUOUS
100
AcDbLine
 10
0.8878267716535433
 20
1.0674645669291338
 30
0
 11
0.8878267716535433
 21
1.0792755905511811
 31
0
  0
LINE
  5
796
330
1A
100
AcDbEntity
  8
BLACK
  6
CONTINUOUS
100
AcDbLine
 10
0.8878267716535433
 20
1.0792755905511811
 30
0
 11
0.9429448818897638
 21
1.0792755905511811
 31
0
  0
LINE
  5
797
330
1A
100
AcDbEntity
  8
BLACK
  6
CONTINUOUS
100
AcDbLine
 10
0.9429448818897638
 20
1.0792755905511811
 30
0
 11
0.9429448818897638
 21
1.0674645669291338
 31
0
  0
LINE
  5
798
330
1A
100
AcDbEntity
  8
BLACK
  6
CONTINUOUS
100
AcDbLine
 10
1.1161732283464567
 20
1.0674645669291338
 30
0
 11
1.0610551181102361
 21
1.0674645669291338
 31
0
  0
LINE
  5
799
330
1A
100
AcDbEntity
  8
BLACK
  6
CONTINUOUS
100
AcDbLine
 10
1.0610551181102361
 20
1.0674645669291338
 30
0
 11
1.0610551181102361
 21
1.0792755905511811
 31
0
  0
LINE
  5
79A
330
1A
100
AcDbEntity
  8
BLACK
  6
CONTINUOUS
100
AcDbLine
 10
1.0610551181102361
 20
1.0792755905511811
 30
0
 11
1.1161732283464567
 21
1.0792755905511811
 31
0
  0
LINE
  5
79B
330
1A
100
AcDbEntity
  8
BLACK
  6
CONTINUOUS
100
AcDbLine
 10
1.1161732283464567
 20
1.0792755905511811
 30
0
 11
1.1161732283464567
 21
1.0674645669291338
 31
0
  0
LINE
  5
79C
330
1A
100
AcDbEntity
  8
BLACK
  6
CONTINUOUS
100
AcDbLine
 10
1.4610264173228347
 20
1.1143610236220471
 30
0
 11
1.4642195669291338
 21
1.1122274409448818
 31
0
  0
LINE
  5
79D
330
1A
100
AcDbEntity
  8
BLACK
  6
CONTINUOUS
100
AcDbLine
 10
1.4642195669291338
 20
1.1122274409448818
 30
0
 11
1.4663531496062991
 21
1.1090342913385827
 31
0
  0
LINE
  5
79E
330
1A
100
AcDbEntity
  8
BLACK
  6
CONTINUOUS
100
AcDbLine
 10
1.4663531496062991
 20
1.1090342913385827
 30
0
 11
1.4671023622047243
 21
1.105267716535433
 31
0
  0
LINE
  5
79F
330
1A
100
AcDbEntity
  8
BLACK
  6
CONTINUOUS
100
AcDbLine
 10
1.4671023622047243
 20
1.105267716535433
 30
0
 11
1.4671023622047243
 21
1.0845984251968503
 31
0
  0
LINE
  5
7A0
330
1A
100
AcDbEntity
  8
BLACK
  6
CONTINUOUS
100
AcDbLine
 10
1.4671023622047243
 20
1.0845984251968503
 30
0
 11
1.4663531496062991
 21
1.0808318503937007
 31
0
  0
LINE
  5
7A1
330
1A
100
AcDbEntity
  8
BLACK
  6
CONTINUOUS
100
AcDbLine
 10
1.4663531496062991
 20
1.0808318503937007
 30
0
 11
1.4642195669291338
 21
1.0776387007874015
 31
0
  0
LINE
  5
7A2
330
1A
100
AcDbEntity
  8
BLACK
  6
CONTINUOUS
100
AcDbLine
 10
1.4642195669291338
 20
1.0776387007874015
 30
0
 11
1.4610264173228347
 21
1.0755051181102362
 31
0
  0
LINE
  5
7A3
330
1A
100
AcDbEntity
  8
BLACK
  6
CONTINUOUS
100
AcDbLine
 10
1.4610264173228347
 20
1.0755051181102362
 30
0
 11
1.457259842519685
 21
1.074755905511811
 31
0
  0
LINE
  5
7A4
330
1A
100
AcDbEntity
  8
BLACK
  6
CONTINUOUS
100
AcDbLine
 10
1.457259842519685
 20
1.074755905511811
 30
0
 11
1.4218267716535433
 21
1.074755905511811
 31
0
  0
LINE
  5
7A5
330
1A
100
AcDbEntity
  8
BLACK
  6
CONTINUOUS
100
AcDbLine
 10
1.4218267716535433
 20
1.074755905511811
 30
0
 11
1.4180601968503936
 21
1.0755051181102362
 31
0
  0
LINE
  5
7A6
330
1A
100
AcDbEntity
  8
BLACK
  6
CONTINUOUS
100
AcDbLine
 10
1.4180601968503936
 20
1.0755051181102362
 30
0
 11
1.4148670472440945
 21
1.0776387007874015
 31
0
  0
LINE
  5
7A7
330
1A
100
AcDbEntity
  8
BLACK
  6
CONTINUOUS
100
AcDbLine
 10
1.4148670472440945
 20
1.0776387007874015
 30
0
 11
1.4127334645669292
 21
1.0808318503937007
 31
0
  0
LINE
  5
7A8
330
1A
100
AcDbEntity
  8
BLACK
  6
CONTINUOUS
100
AcDbLine
 10
1.4127334645669292
 20
1.0808318503937007
 30
0
 11
1.411984251968504
 21
1.0845984251968503
 31
0
  0
LINE
  5
7A9
330
1A
100
AcDbEntity
  8
BLACK
  6
CONTINUOUS
100
AcDbLine
 10
1.411984251968504
 20
1.0845984251968503
 30
0
 11
1.411984251968504
 21
1.105267716535433
 31
0
  0
LINE
  5
7AA
330
1A
100
AcDbEntity
  8
BLACK
  6
CONTINUOUS
100
AcDbLine
 10
1.411984251968504
 20
1.105267716535433
 30
0
 11
1.4127334645669292
 21
1.1090342913385827
 31
0
  0
LINE
  5
7AB
330
1A
100
AcDbEntity
  8
BLACK
  6
CONTINUOUS
100
AcDbLine
 10
1.4127334645669292
 20
1.1090342913385827
 30
0
 11
1.4148670472440945
 21
1.1122274409448818
 31
0
  0
LINE
  5
7AC
330
1A
100
AcDbEntity
  8
BLACK
  6
CONTINUOUS
100
AcDbLine
 10
1.4148670472440945
 20
1.1122274409448818
 30
0
 11
1.4180601968503936
 21
1.1143610236220471
 31
0
  0
LINE
  5
7AD
330
1A
100
AcDbEntity
  8
BLACK
  6
CONTINUOUS
100
AcDbLine
 10
1.4180601968503936
 20
1.1143610236220471
 30
0
 11
1.4218267716535433
 21
1.1151102362204723
 31
0
  0
LINE
  5
7AE
330
1A
100
AcDbEntity
  8
BLACK
  6
CONTINUOUS
100
AcDbLine
 10
1.4218267716535433
 20
1.1151102362204723
 30
0
 11
1.457259842519685
 21
1.1151102362204723
 31
0
  0
LINE
  5
7AF
330
1A
100
AcDbEntity
  8
BLACK
  6
CONTINUOUS
100
AcDbLine
 10
1.457259842519685
 20
1.1151102362204723
 30
0
 11
1.4610264173228347
 21
1.1143610236220471
 31
0
  0
LINE
  5
7B0
330
1A
100
AcDbEntity
  8
BLACK
  6
CONTINUOUS
100
AcDbLine
 10
0.6514673622047243
 20
1.116534251968504
 30
0
 11
0.6546605118110236
 21
1.1144006692913386
 31
0
  0
LINE
  5
7B1
330
1A
100
AcDbEntity
  8
BLACK
  6
CONTINUOUS
100
AcDbLine
 10
0.6546605118110236
 20
1.1144006692913386
 30
0
 11
0.6567940944881889
 21
1.1112075196850393
 31
0
  0
LINE
  5
7B2
330
1A
100
AcDbEntity
  8
BLACK
  6
CONTINUOUS
100
AcDbLine
 10
0.6567940944881889
 20
1.1112075196850393
 30
0
 11
0.6575433070866141
 21
1.1074409448818898
 31
0
  0
LINE
  5
7B3
330
1A
100
AcDbEntity
  8
BLACK
  6
CONTINUOUS
100
AcDbLine
 10
0.6575433070866141
 20
1.1074409448818898
 30
0
 11
0.6575433070866141
 21
1.0877559055118109
 31
0
  0
LINE
  5
7B4
330
1A
100
AcDbEntity
  8
BLACK
  6
CONTINUOUS
100
AcDbLine
 10
0.6575433070866141
 20
1.0877559055118109
 30
0
 11
0.6567940944881889
 21
1.0839893307086614
 31
0
  0
LINE
  5
7B5
330
1A
100
AcDbEntity
  8
BLACK
  6
CONTINUOUS
100
AcDbLine
 10
0.6567940944881889
 20
1.0839893307086614
 30
0
 11
0.6546605118110236
 21
1.0807961811023621
 31
0
  0
LINE
  5
7B6
330
1A
100
AcDbEntity
  8
BLACK
  6
CONTINUOUS
100
AcDbLine
 10
0.6546605118110236
 20
1.0807961811023621
 30
0
 11
0.6514673622047243
 21
1.0786625984251967
 31
0
  0
LINE
  5
7B7
330
1A
100
AcDbEntity
  8
BLACK
  6
CONTINUOUS
100
AcDbLine
 10
0.6514673622047243
 20
1.0786625984251967
 30
0
 11
0.6477007874015748
 21
1.0779133858267715
 31
0
  0
LINE
  5
7B8
330
1A
100
AcDbEntity
  8
BLACK
  6
CONTINUOUS
100
AcDbLine
 10
0.6477007874015748
 20
1.0779133858267715
 30
0
 11
0.6102992125984252
 21
1.0779133858267715
 31
0
  0
LINE
  5
7B9
330
1A
100
AcDbEntity
  8
BLACK
  6
CONTINUOUS
100
AcDbLine
 10
0.6102992125984252
 20
1.0779133858267715
 30
0
 11
0.6065326377952756
 21
1.0786625984251967
 31
0
  0
LINE
  5
7BA
330
1A
100
AcDbEntity
  8
BLACK
  6
CONTINUOUS
100
AcDbLine
 10
0.6065326377952756
 20
1.0786625984251967
 30
0
 11
0.6033394881889763
 21
1.0807961811023621
 31
0
  0
LINE
  5
7BB
330
1A
100
AcDbEntity
  8
BLACK
  6
CONTINUOUS
100
AcDbLine
 10
0.6033394881889763
 20
1.0807961811023621
 30
0
 11
0.601205905511811
 21
1.0839893307086614
 31
0
  0
LINE
  5
7BC
330
1A
100
AcDbEntity
  8
BLACK
  6
CONTINUOUS
100
AcDbLine
 10
0.601205905511811
 20
1.0839893307086614
 30
0
 11
0.6004566929133858
 21
1.0877559055118109
 31
0
  0
LINE
  5
7BD
330
1A
100
AcDbEntity
  8
BLACK
  6
CONTINUOUS
100
AcDbLine
 10
0.6004566929133858
 20
1.0877559055118109
 30
0
 11
0.6004566929133858
 21
1.1074409448818898
 31
0
  0
LINE
  5
7BE
330
1A
100
AcDbEntity
  8
BLACK
  6
CONTINUOUS
100
AcDbLine
 10
0.6004566929133858
 20
1.1074409448818898
 30
0
 11
0.601205905511811
 21
1.1112075196850393
 31
0
  0
LINE
  5
7BF
330
1A
100
AcDbEntity
  8
BLACK
  6
CONTINUOUS
100
AcDbLine
 10
0.601205905511811
 20
1.1112075196850393
 30
0
 11
0.6033394881889763
 21
1.1144006692913386
 31
0
  0
LINE
  5
7C0
330
1A
100
AcDbEntity
  8
BLACK
  6
CONTINUOUS
100
AcDbLine
 10
0.6033394881889763
 20
1.1144006692913386
 30
0
 11
0.6065326377952756
 21
1.116534251968504
 31
0
  0
LINE
  5
7C1
330
1A
100
AcDbEntity
  8
BLACK
  6
CONTINUOUS
100
AcDbLine
 10
0.6065326377952756
 20
1.116534251968504
 30
0
 11
0.6102992125984252
 21
1.1172834645669292
 31
0
  0
LINE
  5
7C2
330
1A
100
AcDbEntity
  8
BLACK
  6
CONTINUOUS
100
AcDbLine
 10
0.6102992125984252
 20
1.1172834645669292
 30
0
 11
0.6477007874015748
 21
1.1172834645669292
 31
0
  0
LINE
  5
7C3
330
1A
100
AcDbEntity
  8
BLACK
  6
CONTINUOUS
100
AcDbLine
 10
0.6477007874015748
 20
1.1172834645669292
 30
0
 11
0.6514673622047243
 21
1.116534251968504
 31
0
  0
LINE
  5
7C4
330
1A
100
AcDbEntity
  8
BLACK
  6
CONTINUOUS
100
AcDbLine
 10
0.4457508267716535
 20
1.1496523622047243
 30
0
 11
0.4489439763779527
 21
1.147518779527559
 31
0
  0
LINE
  5
7C5
330
1A
100
AcDbEntity
  8
BLACK
  6
CONTINUOUS
100
AcDbLine
 10
0.4489439763779527
 20
1.147518779527559
 30
0
 11
0.4510775590551181
 21
1.1443256299212599
 31
0
  0
LINE
  5
7C6
330
1A
100
AcDbEntity
  8
BLACK
  6
CONTINUOUS
100
AcDbLine
 10
0.4510775590551181
 20
1.1443256299212599
 30
0
 11
0.4518267716535433
 21
1.1405590551181102
 31
0
  0
LINE
  5
7C7
330
1A
100
AcDbEntity
  8
BLACK
  6
CONTINUOUS
100
AcDbLine
 10
0.4518267716535433
 20
1.1405590551181102
 30
0
 11
0.4518267716535433
 21
1.1031574803149606
 31
0
  0
LINE
  5
7C8
330
1A
100
AcDbEntity
  8
BLACK
  6
CONTINUOUS
100
AcDbLine
 10
0.4518267716535433
 20
1.1031574803149606
 30
0
 11
0.4510775590551181
 21
1.099390905511811
 31
0
  0
LINE
  5
7C9
330
1A
100
AcDbEntity
  8
BLACK
  6
CONTINUOUS
100
AcDbLine
 10
0.4510775590551181
 20
1.099390905511811
 30
0
 11
0.4489439763779527
 21
1.0961977559055118
 31
0
  0
LINE
  5
7CA
330
1A
100
AcDbEntity
  8
BLACK
  6
CONTINUOUS
100
AcDbLine
 10
0.4489439763779527
 20
1.0961977559055118
 30
0
 11
0.4457508267716535
 21
1.0940641732283465
 31
0
  0
LINE
  5
7CB
330
1A
100
AcDbEntity
  8
BLACK
  6
CONTINUOUS
100
AcDbLine
 10
0.4457508267716535
 20
1.0940641732283465
 30
0
 11
0.4419842519685039
 21
1.0933149606299213
 31
0
  0
LINE
  5
7CC
330
1A
100
AcDbEntity
  8
BLACK
  6
CONTINUOUS
100
AcDbLine
 10
0.4419842519685039
 20
1.0933149606299213
 30
0
 11
0.4222992125984252
 21
1.0933149606299213
 31
0
  0
LINE
  5
7CD
330
1A
100
AcDbEntity
  8
BLACK
  6
CONTINUOUS
100
AcDbLine
 10
0.4222992125984252
 20
1.0933149606299213
 30
0
 11
0.4185326377952756
 21
1.0940641732283465
 31
0
  0
LINE
  5
7CE
330
1A
100
AcDbEntity
  8
BLACK
  6
CONTINUOUS
100
AcDbLine
 10
0.4185326377952756
 20
1.0940641732283465
 30
0
 11
0.4153394881889764
 21
1.0961977559055118
 31
0
  0
LINE
  5
7CF
330
1A
100
AcDbEntity
  8
BLACK
  6
CONTINUOUS
100
AcDbLine
 10
0.4153394881889764
 20
1.0961977559055118
 30
0
 11
0.413205905511811
 21
1.099390905511811
 31
0
  0
LINE
  5
7D0
330
1A
100
AcDbEntity
  8
BLACK
  6
CONTINUOUS
100
AcDbLine
 10
0.413205905511811
 20
1.099390905511811
 30
0
 11
0.4124566929133858
 21
1.1031574803149606
 31
0
  0
LINE
  5
7D1
330
1A
100
AcDbEntity
  8
BLACK
  6
CONTINUOUS
100
AcDbLine
 10
0.4124566929133858
 20
1.1031574803149606
 30
0
 11
0.4124566929133858
 21
1.1405590551181102
 31
0
  0
LINE
  5
7D2
330
1A
100
AcDbEntity
  8
BLACK
  6
CONTINUOUS
100
AcDbLine
 10
0.4124566929133858
 20
1.1405590551181102
 30
0
 11
0.413205905511811
 21
1.1443256299212599
 31
0
  0
LINE
  5
7D3
330
1A
100
AcDbEntity
  8
BLACK
  6
CONTINUOUS
100
AcDbLine
 10
0.413205905511811
 20
1.1443256299212599
 30
0
 11
0.4153394881889764
 21
1.147518779527559
 31
0
  0
LINE
  5
7D4
330
1A
100
AcDbEntity
  8
BLACK
  6
CONTINUOUS
100
AcDbLine
 10
0.4153394881889764
 20
1.147518779527559
 30
0
 11
0.4185326377952756
 21
1.1496523622047243
 31
0
  0
LINE
  5
7D5
330
1A
100
AcDbEntity
  8
BLACK
  6
CONTINUOUS
100
AcDbLine
 10
0.4185326377952756
 20
1.1496523622047243
 30
0
 11
0.4222992125984252
 21
1.1504015748031495
 31
0
  0
LINE
  5
7D6
330
1A
100
AcDbEntity
  8
BLACK
  6
CONTINUOUS
100
AcDbLine
 10
0.4222992125984252
 20
1.1504015748031495
 30
0
 11
0.4419842519685039
 21
1.1504015748031495
 31
0
  0
LINE
  5
7D7
330
1A
100
AcDbEntity
  8
BLACK
  6
CONTINUOUS
100
AcDbLine
 10
0.4419842519685039
 20
1.1504015748031495
 30
0
 11
0.4457508267716535
 21
1.1496523622047243
 31
0
  0
LINE
  5
7D8
330
1A
100
AcDbEntity
  8
BLACK
  6
CONTINUOUS
100
AcDbLine
 10
0.5205539763779528
 20
1.1496523622047243
 30
0
 11
0.523747125984252
 21
1.147518779527559
 31
0
  0
LINE
  5
7D9
330
1A
100
AcDbEntity
  8
BLACK
  6
CONTINUOUS
100
AcDbLine
 10
0.523747125984252
 20
1.147518779527559
 30
0
 11
0.5258807086614173
 21
1.1443256299212599
 31
0
  0
LINE
  5
7DA
330
1A
100
AcDbEntity
  8
BLACK
  6
CONTINUOUS
100
AcDbLine
 10
0.5258807086614173
 20
1.1443256299212599
 30
0
 11
0.5266299212598425
 21
1.1405590551181102
 31
0
  0
LINE
  5
7DB
330
1A
100
AcDbEntity
  8
BLACK
  6
CONTINUOUS
100
AcDbLine
 10
0.5266299212598425
 20
1.1405590551181102
 30
0
 11
0.5266299212598425
 21
1.1031574803149606
 31
0
  0
LINE
  5
7DC
330
1A
100
AcDbEntity
  8
BLACK
  6
CONTINUOUS
100
AcDbLine
 10
0.5266299212598425
 20
1.1031574803149606
 30
0
 11
0.5258807086614173
 21
1.099390905511811
 31
0
  0
LINE
  5
7DD
330
1A
100
AcDbEntity
  8
BLACK
  6
CONTINUOUS
100
AcDbLine
 10
0.5258807086614173
 20
1.099390905511811
 30
0
 11
0.523747125984252
 21
1.0961977559055118
 31
0
  0
LINE
  5
7DE
330
1A
100
AcDbEntity
  8
BLACK
  6
CONTINUOUS
100
AcDbLine
 10
0.523747125984252
 20
1.0961977559055118
 30
0
 11
0.5205539763779528
 21
1.0940641732283465
 31
0
  0
LINE
  5
7DF
330
1A
100
AcDbEntity
  8
BLACK
  6
CONTINUOUS
100
AcDbLine
 10
0.5205539763779528
 20
1.0940641732283465
 30
0
 11
0.5167874015748032
 21
1.0933149606299213
 31
0
  0
LINE
  5
7E0
330
1A
100
AcDbEntity
  8
BLACK
  6
CONTINUOUS
100
AcDbLine
 10
0.5167874015748032
 20
1.0933149606299213
 30
0
 11
0.4971023622047244
 21
1.0933149606299213
 31
0
  0
LINE
  5
7E1
330
1A
100
AcDbEntity
  8
BLACK
  6
CONTINUOUS
100
AcDbLine
 10
0.4971023622047244
 20
1.0933149606299213
 30
0
 11
0.4933357874015748
 21
1.0940641732283465
 31
0
  0
LINE
  5
7E2
330
1A
100
AcDbEntity
  8
BLACK
  6
CONTINUOUS
100
AcDbLine
 10
0.4933357874015748
 20
1.0940641732283465
 30
0
 11
0.4901426377952756
 21
1.0961977559055118
 31
0
  0
LINE
  5
7E3
330
1A
100
AcDbEntity
  8
BLACK
  6
CONTINUOUS
100
AcDbLine
 10
0.4901426377952756
 20
1.0961977559055118
 30
0
 11
0.4880090551181102
 21
1.099390905511811
 31
0
  0
LINE
  5
7E4
330
1A
100
AcDbEntity
  8
BLACK
  6
CONTINUOUS
100
AcDbLine
 10
0.4880090551181102
 20
1.099390905511811
 30
0
 11
0.487259842519685
 21
1.1031574803149606
 31
0
  0
LINE
  5
7E5
330
1A
100
AcDbEntity
  8
BLACK
  6
CONTINUOUS
100
AcDbLine
 10
0.487259842519685
 20
1.1031574803149606
 30
0
 11
0.487259842519685
 21
1.1405590551181102
 31
0
  0
LINE
  5
7E6
330
1A
100
AcDbEntity
  8
BLACK
  6
CONTINUOUS
100
AcDbLine
 10
0.487259842519685
 20
1.1405590551181102
 30
0
 11
0.4880090551181102
 21
1.1443256299212599
 31
0
  0
LINE
  5
7E7
330
1A
100
AcDbEntity
  8
BLACK
  6
CONTINUOUS
100
AcDbLine
 10
0.4880090551181102
 20
1.1443256299212599
 30
0
 11
0.4901426377952756
 21
1.147518779527559
 31
0
  0
LINE
  5
7E8
330
1A
100
AcDbEntity
  8
BLACK
  6
CONTINUOUS
100
AcDbLine
 10
0.4901426377952756
 20
1.147518779527559
 30
0
 11
0.4933357874015748
 21
1.1496523622047243
 31
0
  0
LINE
  5
7E9
330
1A
100
AcDbEntity
  8
BLACK
  6
CONTINUOUS
100
AcDbLine
 10
0.4933357874015748
 20
1.1496523622047243
 30
0
 11
0.4971023622047244
 21
1.1504015748031495
 31
0
  0
LINE
  5
7EA
330
1A
100
AcDbEntity
  8
BLACK
  6
CONTINUOUS
100
AcDbLine
 10
0.4971023622047244
 20
1.1504015748031495
 30
0
 11
0.5167874015748032
 21
1.1504015748031495
 31
0
  0
LINE
  5
7EB
330
1A
100
AcDbEntity
  8
BLACK
  6
CONTINUOUS
100
AcDbLine
 10
0.5167874015748032
 20
1.1504015748031495
 30
0
 11
0.5205539763779528
 21
1.1496523622047243
 31
0
  0
LINE
  5
7EC
330
1A
100
AcDbEntity
  8
BLACK
  6
CONTINUOUS
100
AcDbLine
 10
2.0507980708661417
 20
1.1594948818897637
 30
0
 11
2.0520610629921259
 21
1.1586509842519686
 31
0
  0
LINE
  5
7ED
330
1A
100
AcDbEntity
  8
BLACK
  6
CONTINUOUS
100
AcDbLine
 10
2.0520610629921259
 20
1.1586509842519686
 30
0
 11
2.0527665748031496
 21
1.1585106299212597
 31
0
  0
LINE
  5
7EE
330
1A
100
AcDbEntity
  8
BLACK
  6
CONTINUOUS
100
AcDbLine
 10
2.0527665748031496
 20
1.1585106299212597
 30
0
 11
2.055959724409449
 21
1.1563770472440944
 31
0
  0
LINE
  5
7EF
330
1A
100
AcDbEntity
  8
BLACK
  6
CONTINUOUS
100
AcDbLine
 10
2.055959724409449
 20
1.1563770472440944
 30
0
 11
2.0580933070866143
 21
1.1531838976377953
 31
0
  0
LINE
  5
7F0
330
1A
100
AcDbEntity
  8
BLACK
  6
CONTINUOUS
100
AcDbLine
 10
2.0580933070866143
 20
1.1531838976377953
 30
0
 11
2.0588425196850393
 21
1.1494173228346456
 31
0
  0
LINE
  5
7F1
330
1A
100
AcDbEntity
  8
BLACK
  6
CONTINUOUS
100
AcDbLine
 10
2.0588425196850393
 20
1.1494173228346456
 30
0
 11
2.0588425196850393
 21
1.1139842519685039
 31
0
  0
LINE
  5
7F2
330
1A
100
AcDbEntity
  8
BLACK
  6
CONTINUOUS
100
AcDbLine
 10
2.0588425196850393
 20
1.1139842519685039
 30
0
 11
2.0580933070866143
 21
1.1102176771653542
 31
0
  0
LINE
  5
7F3
330
1A
100
AcDbEntity
  8
BLACK
  6
CONTINUOUS
100
AcDbLine
 10
2.0580933070866143
 20
1.1102176771653542
 30
0
 11
2.055959724409449
 21
1.1070245275590551
 31
0
  0
LINE
  5
7F4
330
1A
100
AcDbEntity
  8
BLACK
  6
CONTINUOUS
100
AcDbLine
 10
2.055959724409449
 20
1.1070245275590551
 30
0
 11
2.0527665748031496
 21
1.1048909448818898
 31
0
  0
LINE
  5
7F5
330
1A
100
AcDbEntity
  8
BLACK
  6
CONTINUOUS
100
AcDbLine
 10
2.0527665748031496
 20
1.1048909448818898
 30
0
 11
2.0520610629921259
 21
1.1047506299212597
 31
0
  0
LINE
  5
7F6
330
1A
100
AcDbEntity
  8
BLACK
  6
CONTINUOUS
100
AcDbLine
 10
2.0520610629921259
 20
1.1047506299212597
 30
0
 11
2.0507980708661417
 21
1.1039066929133858
 31
0
  0
LINE
  5
7F7
330
1A
100
AcDbEntity
  8
BLACK
  6
CONTINUOUS
100
AcDbLine
 10
2.0507980708661417
 20
1.1039066929133858
 30
0
 11
2.0470314960629921
 21
1.1031574803149606
 31
0
  0
LINE
  5
7F8
330
1A
100
AcDbEntity
  8
BLACK
  6
CONTINUOUS
100
AcDbLine
 10
2.0470314960629921
 20
1.1031574803149606
 30
0
 11
2.0273464566929134
 21
1.1031574803149606
 31
0
  0
LINE
  5
7F9
330
1A
100
AcDbEntity
  8
BLACK
  6
CONTINUOUS
100
AcDbLine
 10
2.0273464566929134
 20
1.1031574803149606
 30
0
 11
2.0235798818897637
 21
1.1039066929133858
 31
0
  0
LINE
  5
7FA
330
1A
100
AcDbEntity
  8
BLACK
  6
CONTINUOUS
100
AcDbLine
 10
2.0235798818897637
 20
1.1039066929133858
 30
0
 11
2.0203867322834643
 21
1.1060402755905512
 31
0
  0
LINE
  5
7FB
330
1A
100
AcDbEntity
  8
BLACK
  6
CONTINUOUS
100
AcDbLine
 10
2.0203867322834643
 20
1.1060402755905512
 30
0
 11
2.018253149606299
 21
1.1092334251968503
 31
0
  0
LINE
  5
7FC
330
1A
100
AcDbEntity
  8
BLACK
  6
CONTINUOUS
100
AcDbLine
 10
2.018253149606299
 20
1.1092334251968503
 30
0
 11
2.017503937007874
 21
1.113
 31
0
  0
LINE
  5
7FD
330
1A
100
AcDbEntity
  8
BLACK
  6
CONTINUOUS
100
AcDbLine
 10
2.017503937007874
 20
1.113
 30
0
 11
2.017503937007874
 21
1.1504015748031495
 31
0
  0
LINE
  5
7FE
330
1A
100
AcDbEntity
  8
BLACK
  6
CONTINUOUS
100
AcDbLine
 10
2.017503937007874
 20
1.1504015748031495
 30
0
 11
2.018253149606299
 21
1.1541681496062992
 31
0
  0
LINE
  5
7FF
330
1A
100
AcDbEntity
  8
BLACK
  6
CONTINUOUS
100
AcDbLine
 10
2.018253149606299
 20
1.1541681496062992
 30
0
 11
2.0203867322834643
 21
1.1573612992125983
 31
0
  0
LINE
  5
800
330
1A
100
AcDbEntity
  8
BLACK
  6
CONTINUOUS
100
AcDbLine
 10
2.0203867322834643
 20
1.1573612992125983
 30
0
 11
2.0235798818897637
 21
1.1594948818897637
 31
0
  0
LINE
  5
801
330
1A
100
AcDbEntity
  8
BLACK
  6
CONTINUOUS
100
AcDbLine
 10
2.0235798818897637
 20
1.1594948818897637
 30
0
 11
2.0273464566929134
 21
1.1602440944881889
 31
0
  0
LINE
  5
802
330
1A
100
AcDbEntity
  8
BLACK
  6
CONTINUOUS
100
AcDbLine
 10
2.0273464566929134
 20
1.1602440944881889
 30
0
 11
2.0470314960629921
 21
1.1602440944881889
 31
0
  0
LINE
  5
803
330
1A
100
AcDbEntity
  8
BLACK
  6
CONTINUOUS
100
AcDbLine
 10
2.0470314960629921
 20
1.1602440944881889
 30
0
 11
2.0507980708661417
 21
1.1594948818897637
 31
0
  0
LINE
  5
804
330
1A
100
AcDbEntity
  8
BLACK
  6
CONTINUOUS
100
AcDbLine
 10
2.1256012204724408
 20
1.1594948818897637
 30
0
 11
2.1287943700787402
 21
1.1573612992125983
 31
0
  0
LINE
  5
805
330
1A
100
AcDbEntity
  8
BLACK
  6
CONTINUOUS
100
AcDbLine
 10
2.1287943700787402
 20
1.1573612992125983
 30
0
 11
2.1309279527559055
 21
1.1541681496062992
 31
0
  0
LINE
  5
806
330
1A
100
AcDbEntity
  8
BLACK
  6
CONTINUOUS
100
AcDbLine
 10
2.1309279527559055
 20
1.1541681496062992
 30
0
 11
2.1316771653543305
 21
1.1504015748031495
 31
0
  0
LINE
  5
807
330
1A
100
AcDbEntity
  8
BLACK
  6
CONTINUOUS
100
AcDbLine
 10
2.1316771653543305
 20
1.1504015748031495
 30
0
 11
2.1316771653543305
 21
1.113
 31
0
  0
LINE
  5
808
330
1A
100
AcDbEntity
  8
BLACK
  6
CONTINUOUS
100
AcDbLine
 10
2.1316771653543305
 20
1.113
 30
0
 11
2.1309279527559055
 21
1.1092334251968503
 31
0
  0
LINE
  5
809
330
1A
100
AcDbEntity
  8
BLACK
  6
CONTINUOUS
100
AcDbLine
 10
2.1309279527559055
 20
1.1092334251968503
 30
0
 11
2.1287943700787402
 21
1.1060402755905512
 31
0
  0
LINE
  5
80A
330
1A
100
AcDbEntity
  8
BLACK
  6
CONTINUOUS
100
AcDbLine
 10
2.1287943700787402
 20
1.1060402755905512
 30
0
 11
2.1256012204724408
 21
1.1039066929133858
 31
0
  0
LINE
  5
80B
330
1A
100
AcDbEntity
  8
BLACK
  6
CONTINUOUS
100
AcDbLine
 10
2.1256012204724408
 20
1.1039066929133858
 30
0
 11
2.1218346456692911
 21
1.1031574803149606
 31
0
  0
LINE
  5
80C
330
1A
100
AcDbEntity
  8
BLACK
  6
CONTINUOUS
100
AcDbLine
 10
2.1218346456692911
 20
1.1031574803149606
 30
0
 11
2.1021496062992124
 21
1.1031574803149606
 31
0
  0
LINE
  5
80D
330
1A
100
AcDbEntity
  8
BLACK
  6
CONTINUOUS
100
AcDbLine
 10
2.1021496062992124
 20
1.1031574803149606
 30
0
 11
2.0983830314960628
 21
1.1039066929133858
 31
0
  0
LINE
  5
80E
330
1A
100
AcDbEntity
  8
BLACK
  6
CONTINUOUS
100
AcDbLine
 10
2.0983830314960628
 20
1.1039066929133858
 30
0
 11
2.0971199999999999
 21
1.1047506299212597
 31
0
  0
LINE
  5
80F
330
1A
100
AcDbEntity
  8
BLACK
  6
CONTINUOUS
100
AcDbLine
 10
2.0971199999999999
 20
1.1047506299212597
 30
0
 11
2.0964145275590549
 21
1.1048909448818898
 31
0
  0
LINE
  5
810
330
1A
100
AcDbEntity
  8
BLACK
  6
CONTINUOUS
100
AcDbLine
 10
2.0964145275590549
 20
1.1048909448818898
 30
0
 11
2.093221377952756
 21
1.1070245275590551
 31
0
  0
LINE
  5
811
330
1A
100
AcDbEntity
  8
BLACK
  6
CONTINUOUS
100
AcDbLine
 10
2.093221377952756
 20
1.1070245275590551
 30
0
 11
2.0910877952755906
 21
1.1102176771653542
 31
0
  0
LINE
  5
812
330
1A
100
AcDbEntity
  8
BLACK
  6
CONTINUOUS
100
AcDbLine
 10
2.0910877952755906
 20
1.1102176771653542
 30
0
 11
2.0903385826771652
 21
1.1139842519685039
 31
0
  0
LINE
  5
813
330
1A
100
AcDbEntity
  8
BLACK
  6
CONTINUOUS
100
AcDbLine
 10
2.0903385826771652
 20
1.1139842519685039
 30
0
 11
2.0903385826771652
 21
1.1494173228346456
 31
0
  0
LINE
  5
814
330
1A
100
AcDbEntity
  8
BLACK
  6
CONTINUOUS
100
AcDbLine
 10
2.0903385826771652
 20
1.1494173228346456
 30
0
 11
2.0910877952755906
 21
1.1531838976377953
 31
0
  0
LINE
  5
815
330
1A
100
AcDbEntity
  8
BLACK
  6
CONTINUOUS
100
AcDbLine
 10
2.0910877952755906
 20
1.1531838976377953
 30
0
 11
2.093221377952756
 21
1.1563770472440944
 31
0
  0
LINE
  5
816
330
1A
100
AcDbEntity
  8
BLACK
  6
CONTINUOUS
100
AcDbLine
 10
2.093221377952756
 20
1.1563770472440944
 30
0
 11
2.0964145275590549
 21
1.1585106299212597
 31
0
  0
LINE
  5
817
330
1A
100
AcDbEntity
  8
BLACK
  6
CONTINUOUS
100
AcDbLine
 10
2.0964145275590549
 20
1.1585106299212597
 30
0
 11
2.0971199999999999
 21
1.1586509842519686
 31
0
  0
LINE
  5
818
330
1A
100
AcDbEntity
  8
BLACK
  6
CONTINUOUS
100
AcDbLine
 10
2.0971199999999999
 20
1.1586509842519686
 30
0
 11
2.0983830314960628
 21
1.1594948818897637
 31
0
  0
LINE
  5
819
330
1A
100
AcDbEntity
  8
BLACK
  6
CONTINUOUS
100
AcDbLine
 10
2.0983830314960628
 20
1.1594948818897637
 30
0
 11
2.1021496062992124
 21
1.1602440944881889
 31
0
  0
LINE
  5
81A
330
1A
100
AcDbEntity
  8
BLACK
  6
CONTINUOUS
100
AcDbLine
 10
2.1021496062992124
 20
1.1602440944881889
 30
0
 11
2.1218346456692911
 21
1.1602440944881889
 31
0
  0
LINE
  5
81B
330
1A
100
AcDbEntity
  8
BLACK
  6
CONTINUOUS
100
AcDbLine
 10
2.1218346456692911
 20
1.1602440944881889
 30
0
 11
2.1256012204724408
 21
1.1594948818897637
 31
0
  0
LINE
  5
81C
330
1A
100
AcDbEntity
  8
BLACK
  6
CONTINUOUS
100
AcDbLine
 10
2.1877508267716537
 20
1.1596523622047243
 30
0
 11
2.1909439763779526
 21
1.157518779527559
 31
0
  0
LINE
  5
81D
330
1A
100
AcDbEntity
  8
BLACK
  6
CONTINUOUS
100
AcDbLine
 10
2.1909439763779526
 20
1.157518779527559
 30
0
 11
2.1930775590551179
 21
1.1543256299212599
 31
0
  0
LINE
  5
81E
330
1A
100
AcDbEntity
  8
BLACK
  6
CONTINUOUS
100
AcDbLine
 10
2.1930775590551179
 20
1.1543256299212599
 30
0
 11
2.1938267716535433
 21
1.1505590551181102
 31
0
  0
LINE
  5
81F
330
1A
100
AcDbEntity
  8
BLACK
  6
CONTINUOUS
100
AcDbLine
 10
2.1938267716535433
 20
1.1505590551181102
 30
0
 11
2.1938267716535433
 21
1.1131574803149606
 31
0
  0
LINE
  5
820
330
1A
100
AcDbEntity
  8
BLACK
  6
CONTINUOUS
100
AcDbLine
 10
2.1938267716535433
 20
1.1131574803149606
 30
0
 11
2.1930775590551179
 21
1.109390905511811
 31
0
  0
LINE
  5
821
330
1A
100
AcDbEntity
  8
BLACK
  6
CONTINUOUS
100
AcDbLine
 10
2.1930775590551179
 20
1.109390905511811
 30
0
 11
2.1909439763779526
 21
1.1061977559055118
 31
0
  0
LINE
  5
822
330
1A
100
AcDbEntity
  8
BLACK
  6
CONTINUOUS
100
AcDbLine
 10
2.1909439763779526
 20
1.1061977559055118
 30
0
 11
2.1877508267716537
 21
1.1040641732283465
 31
0
  0
LINE
  5
823
330
1A
100
AcDbEntity
  8
BLACK
  6
CONTINUOUS
100
AcDbLine
 10
2.1877508267716537
 20
1.1040641732283465
 30
0
 11
2.183984251968504
 21
1.1033149606299213
 31
0
  0
LINE
  5
824
330
1A
100
AcDbEntity
  8
BLACK
  6
CONTINUOUS
100
AcDbLine
 10
2.183984251968504
 20
1.1033149606299213
 30
0
 11
2.1642992125984253
 21
1.1033149606299213
 31
0
  0
LINE
  5
825
330
1A
100
AcDbEntity
  8
BLACK
  6
CONTINUOUS
100
AcDbLine
 10
2.1642992125984253
 20
1.1033149606299213
 30
0
 11
2.1605326377952756
 21
1.1040641732283465
 31
0
  0
LINE
  5
826
330
1A
100
AcDbEntity
  8
BLACK
  6
CONTINUOUS
100
AcDbLine
 10
2.1605326377952756
 20
1.1040641732283465
 30
0
 11
2.1573394881889763
 21
1.1061977559055118
 31
0
  0
LINE
  5
827
330
1A
100
AcDbEntity
  8
BLACK
  6
CONTINUOUS
100
AcDbLine
 10
2.1573394881889763
 20
1.1061977559055118
 30
0
 11
2.1552059055118109
 21
1.109390905511811
 31
0
  0
LINE
  5
828
330
1A
100
AcDbEntity
  8
BLACK
  6
CONTINUOUS
100
AcDbLine
 10
2.1552059055118109
 20
1.109390905511811
 30
0
 11
2.1544566929133859
 21
1.1131574803149606
 31
0
  0
LINE
  5
829
330
1A
100
AcDbEntity
  8
BLACK
  6
CONTINUOUS
100
AcDbLine
 10
2.1544566929133859
 20
1.1131574803149606
 30
0
 11
2.1544566929133859
 21
1.1505590551181102
 31
0
  0
LINE
  5
82A
330
1A
100
AcDbEntity
  8
BLACK
  6
CONTINUOUS
100
AcDbLine
 10
2.1544566929133859
 20
1.1505590551181102
 30
0
 11
2.1552059055118109
 21
1.1543256299212599
 31
0
  0
LINE
  5
82B
330
1A
100
AcDbEntity
  8
BLACK
  6
CONTINUOUS
100
AcDbLine
 10
2.1552059055118109
 20
1.1543256299212599
 30
0
 11
2.1573394881889763
 21
1.157518779527559
 31
0
  0
LINE
  5
82C
330
1A
100
AcDbEntity
  8
BLACK
  6
CONTINUOUS
100
AcDbLine
 10
2.1573394881889763
 20
1.157518779527559
 30
0
 11
2.1605326377952756
 21
1.1596523622047243
 31
0
  0
LINE
  5
82D
330
1A
100
AcDbEntity
  8
BLACK
  6
CONTINUOUS
100
AcDbLine
 10
2.1605326377952756
 20
1.1596523622047243
 30
0
 11
2.1642992125984253
 21
1.1604015748031495
 31
0
  0
LINE
  5
82E
330
1A
100
AcDbEntity
  8
BLACK
  6
CONTINUOUS
100
AcDbLine
 10
2.1642992125984253
 20
1.1604015748031495
 30
0
 11
2.183984251968504
 21
1.1604015748031495
 31
0
  0
LINE
  5
82F
330
1A
100
AcDbEntity
  8
BLACK
  6
CONTINUOUS
100
AcDbLine
 10
2.183984251968504
 20
1.1604015748031495
 30
0
 11
2.1877508267716537
 21
1.1596523622047243
 31
0
  0
LINE
  5
830
330
1A
100
AcDbEntity
  8
BLACK
  6
CONTINUOUS
100
AcDbLine
 10
2.2625539763779527
 20
1.1596523622047243
 30
0
 11
2.2657471259842521
 21
1.157518779527559
 31
0
  0
LINE
  5
831
330
1A
100
AcDbEntity
  8
BLACK
  6
CONTINUOUS
100
AcDbLine
 10
2.2657471259842521
 20
1.157518779527559
 30
0
 11
2.2678807086614174
 21
1.1543256299212599
 31
0
  0
LINE
  5
832
330
1A
100
AcDbEntity
  8
BLACK
  6
CONTINUOUS
100
AcDbLine
 10
2.2678807086614174
 20
1.1543256299212599
 30
0
 11
2.2686299212598424
 21
1.1505590551181102
 31
0
  0
LINE
  5
833
330
1A
100
AcDbEntity
  8
BLACK
  6
CONTINUOUS
100
AcDbLine
 10
2.2686299212598424
 20
1.1505590551181102
 30
0
 11
2.2686299212598424
 21
1.1131574803149606
 31
0
  0
LINE
  5
834
330
1A
100
AcDbEntity
  8
BLACK
  6
CONTINUOUS
100
AcDbLine
 10
2.2686299212598424
 20
1.1131574803149606
 30
0
 11
2.2678807086614174
 21
1.109390905511811
 31
0
  0
LINE
  5
835
330
1A
100
AcDbEntity
  8
BLACK
  6
CONTINUOUS
100
AcDbLine
 10
2.2678807086614174
 20
1.109390905511811
 30
0
 11
2.2657471259842521
 21
1.1061977559055118
 31
0
  0
LINE
  5
836
330
1A
100
AcDbEntity
  8
BLACK
  6
CONTINUOUS
100
AcDbLine
 10
2.2657471259842521
 20
1.1061977559055118
 30
0
 11
2.2625539763779527
 21
1.1040641732283465
 31
0
  0
LINE
  5
837
330
1A
100
AcDbEntity
  8
BLACK
  6
CONTINUOUS
100
AcDbLine
 10
2.2625539763779527
 20
1.1040641732283465
 30
0
 11
2.2587874015748031
 21
1.1033149606299213
 31
0
  0
LINE
  5
838
330
1A
100
AcDbEntity
  8
BLACK
  6
CONTINUOUS
100
AcDbLine
 10
2.2587874015748031
 20
1.1033149606299213
 30
0
 11
2.2391023622047244
 21
1.1033149606299213
 31
0
  0
LINE
  5
839
330
1A
100
AcDbEntity
  8
BLACK
  6
CONTINUOUS
100
AcDbLine
 10
2.2391023622047244
 20
1.1033149606299213
 30
0
 11
2.2353357874015747
 21
1.1040641732283465
 31
0
  0
LINE
  5
83A
330
1A
100
AcDbEntity
  8
BLACK
  6
CONTINUOUS
100
AcDbLine
 10
2.2353357874015747
 20
1.1040641732283465
 30
0
 11
2.2321426377952753
 21
1.1061977559055118
 31
0
  0
LINE
  5
83B
330
1A
100
AcDbEntity
  8
BLACK
  6
CONTINUOUS
100
AcDbLine
 10
2.2321426377952753
 20
1.1061977559055118
 30
0
 11
2.23000905511811
 21
1.109390905511811
 31
0
  0
LINE
  5
83C
330
1A
100
AcDbEntity
  8
BLACK
  6
CONTINUOUS
100
AcDbLine
 10
2.23000905511811
 20
1.109390905511811
 30
0
 11
2.229259842519685
 21
1.1131574803149606
 31
0
  0
LINE
  5
83D
330
1A
100
AcDbEntity
  8
BLACK
  6
CONTINUOUS
100
AcDbLine
 10
2.229259842519685
 20
1.1131574803149606
 30
0
 11
2.229259842519685
 21
1.1505590551181102
 31
0
  0
LINE
  5
83E
330
1A
100
AcDbEntity
  8
BLACK
  6
CONTINUOUS
100
AcDbLine
 10
2.229259842519685
 20
1.1505590551181102
 30
0
 11
2.23000905511811
 21
1.1543256299212599
 31
0
  0
LINE
  5
83F
330
1A
100
AcDbEntity
  8
BLACK
  6
CONTINUOUS
100
AcDbLine
 10
2.23000905511811
 20
1.1543256299212599
 30
0
 11
2.2321426377952753
 21
1.157518779527559
 31
0
  0
LINE
  5
840
330
1A
100
AcDbEntity
  8
BLACK
  6
CONTINUOUS
100
AcDbLine
 10
2.2321426377952753
 20
1.157518779527559
 30
0
 11
2.2353357874015747
 21
1.1596523622047243
 31
0
  0
LINE
  5
841
330
1A
100
AcDbEntity
  8
BLACK
  6
CONTINUOUS
100
AcDbLine
 10
2.2353357874015747
 20
1.1596523622047243
 30
0
 11
2.2391023622047244
 21
1.1604015748031495
 31
0
  0
LINE
  5
842
330
1A
100
AcDbEntity
  8
BLACK
  6
CONTINUOUS
100
AcDbLine
 10
2.2391023622047244
 20
1.1604015748031495
 30
0
 11
2.2587874015748031
 21
1.1604015748031495
 31
0
  0
LINE
  5
843
330
1A
100
AcDbEntity
  8
BLACK
  6
CONTINUOUS
100
AcDbLine
 10
2.2587874015748031
 20
1.1604015748031495
 30
0
 11
2.2625539763779527
 21
1.1596523622047243
 31
0
  0
LINE
  5
844
330
1A
100
AcDbEntity
  8
BLACK
  6
CONTINUOUS
100
AcDbLine
 10
1.9072075196850393
 20
1.159794094488189
 30
0
 11
1.9104006692913384
 21
1.1576605118110237
 31
0
  0
LINE
  5
845
330
1A
100
AcDbEntity
  8
BLACK
  6
CONTINUOUS
100
AcDbLine
 10
1.9104006692913384
 20
1.1576605118110237
 30
0
 11
1.9125342519685038
 21
1.1544673622047243
 31
0
  0
LINE
  5
846
330
1A
100
AcDbEntity
  8
BLACK
  6
CONTINUOUS
100
AcDbLine
 10
1.9125342519685038
 20
1.1544673622047243
 30
0
 11
1.913283464566929
 21
1.1507007874015749
 31
0
  0
LINE
  5
847
330
1A
100
AcDbEntity
  8
BLACK
  6
CONTINUOUS
100
AcDbLine
 10
1.913283464566929
 20
1.1507007874015749
 30
0
 11
1.913283464566929
 21
1.1132992125984251
 31
0
  0
LINE
  5
848
330
1A
100
AcDbEntity
  8
BLACK
  6
CONTINUOUS
100
AcDbLine
 10
1.913283464566929
 20
1.1132992125984251
 30
0
 11
1.9125342519685038
 21
1.1095326377952757
 31
0
  0
LINE
  5
849
330
1A
100
AcDbEntity
  8
BLACK
  6
CONTINUOUS
100
AcDbLine
 10
1.9125342519685038
 20
1.1095326377952757
 30
0
 11
1.9104006692913384
 21
1.1063394881889763
 31
0
  0
LINE
  5
84A
330
1A
100
AcDbEntity
  8
BLACK
  6
CONTINUOUS
100
AcDbLine
 10
1.9104006692913384
 20
1.1063394881889763
 30
0
 11
1.9072075196850393
 21
1.104205905511811
 31
0
  0
LINE
  5
84B
330
1A
100
AcDbEntity
  8
BLACK
  6
CONTINUOUS
100
AcDbLine
 10
1.9072075196850393
 20
1.104205905511811
 30
0
 11
1.9034409448818896
 21
1.1034566929133858
 31
0
  0
LINE
  5
84C
330
1A
100
AcDbEntity
  8
BLACK
  6
CONTINUOUS
100
AcDbLine
 10
1.9034409448818896
 20
1.1034566929133858
 30
0
 11
1.8837559055118109
 21
1.1034566929133858
 31
0
  0
LINE
  5
84D
330
1A
100
AcDbEntity
  8
BLACK
  6
CONTINUOUS
100
AcDbLine
 10
1.8837559055118109
 20
1.1034566929133858
 30
0
 11
1.8799893307086615
 21
1.104205905511811
 31
0
  0
LINE
  5
84E
330
1A
100
AcDbEntity
  8
BLACK
  6
CONTINUOUS
100
AcDbLine
 10
1.8799893307086615
 20
1.104205905511811
 30
0
 11
1.8767961811023621
 21
1.1063394881889763
 31
0
  0
LINE
  5
84F
330
1A
100
AcDbEntity
  8
BLACK
  6
CONTINUOUS
100
AcDbLine
 10
1.8767961811023621
 20
1.1063394881889763
 30
0
 11
1.8746625984251968
 21
1.1095326377952757
 31
0
  0
LINE
  5
850
330
1A
100
AcDbEntity
  8
BLACK
  6
CONTINUOUS
100
AcDbLine
 10
1.8746625984251968
 20
1.1095326377952757
 30
0
 11
1.8739133858267716
 21
1.1132992125984251
 31
0
  0
LINE
  5
851
330
1A
100
AcDbEntity
  8
BLACK
  6
CONTINUOUS
100
AcDbLine
 10
1.8739133858267716
 20
1.1132992125984251
 30
0
 11
1.8739133858267716
 21
1.1507007874015749
 31
0
  0
LINE
  5
852
330
1A
100
AcDbEntity
  8
BLACK
  6
CONTINUOUS
100
AcDbLine
 10
1.8739133858267716
 20
1.1507007874015749
 30
0
 11
1.8746625984251968
 21
1.1544673622047243
 31
0
  0
LINE
  5
853
330
1A
100
AcDbEntity
  8
BLACK
  6
CONTINUOUS
100
AcDbLine
 10
1.8746625984251968
 20
1.1544673622047243
 30
0
 11
1.8767961811023621
 21
1.1576605118110237
 31
0
  0
LINE
  5
854
330
1A
100
AcDbEntity
  8
BLACK
  6
CONTINUOUS
100
AcDbLine
 10
1.8767961811023621
 20
1.1576605118110237
 30
0
 11
1.8799893307086615
 21
1.159794094488189
 31
0
  0
LINE
  5
855
330
1A
100
AcDbEntity
  8
BLACK
  6
CONTINUOUS
100
AcDbLine
 10
1.8799893307086615
 20
1.159794094488189
 30
0
 11
1.8837559055118109
 21
1.1605433070866142
 31
0
  0
LINE
  5
856
330
1A
100
AcDbEntity
  8
BLACK
  6
CONTINUOUS
100
AcDbLine
 10
1.8837559055118109
 20
1.1605433070866142
 30
0
 11
1.9034409448818896
 21
1.1605433070866142
 31
0
  0
LINE
  5
857
330
1A
100
AcDbEntity
  8
BLACK
  6
CONTINUOUS
100
AcDbLine
 10
1.9034409448818896
 20
1.1605433070866142
 30
0
 11
1.9072075196850393
 21
1.159794094488189
 31
0
  0
LINE
  5
858
330
1A
100
AcDbEntity
  8
BLACK
  6
CONTINUOUS
100
AcDbLine
 10
1.9820106692913386
 20
1.159794094488189
 30
0
 11
1.9852038188976378
 21
1.1576605118110237
 31
0
  0
LINE
  5
859
330
1A
100
AcDbEntity
  8
BLACK
  6
CONTINUOUS
100
AcDbLine
 10
1.9852038188976378
 20
1.1576605118110237
 30
0
 11
1.9873374015748031
 21
1.1544673622047243
 31
0
  0
LINE
  5
85A
330
1A
100
AcDbEntity
  8
BLACK
  6
CONTINUOUS
100
AcDbLine
 10
1.9873374015748031
 20
1.1544673622047243
 30
0
 11
1.9880866141732283
 21
1.1507007874015749
 31
0
  0
LINE
  5
85B
330
1A
100
AcDbEntity
  8
BLACK
  6
CONTINUOUS
100
AcDbLine
 10
1.9880866141732283
 20
1.1507007874015749
 30
0
 11
1.9880866141732283
 21
1.1132992125984251
 31
0
  0
LINE
  5
85C
330
1A
100
AcDbEntity
  8
BLACK
  6
CONTINUOUS
100
AcDbLine
 10
1.9880866141732283
 20
1.1132992125984251
 30
0
 11
1.9873374015748031
 21
1.1095326377952757
 31
0
  0
LINE
  5
85D
330
1A
100
AcDbEntity
  8
BLACK
  6
CONTINUOUS
100
AcDbLine
 10
1.9873374015748031
 20
1.1095326377952757
 30
0
 11
1.9852038188976378
 21
1.1063394881889763
 31
0
  0
LINE
  5
85E
330
1A
100
AcDbEntity
  8
BLACK
  6
CONTINUOUS
100
AcDbLine
 10
1.9852038188976378
 20
1.1063394881889763
 30
0
 11
1.9820106692913386
 21
1.104205905511811
 31
0
  0
LINE
  5
85F
330
1A
100
AcDbEntity
  8
BLACK
  6
CONTINUOUS
100
AcDbLine
 10
1.9820106692913386
 20
1.104205905511811
 30
0
 11
1.9782440944881889
 21
1.1034566929133858
 31
0
  0
LINE
  5
860
330
1A
100
AcDbEntity
  8
BLACK
  6
CONTINUOUS
100
AcDbLine
 10
1.9782440944881889
 20
1.1034566929133858
 30
0
 11
1.9585590551181102
 21
1.1034566929133858
 31
0
  0
LINE
  5
861
330
1A
100
AcDbEntity
  8
BLACK
  6
CONTINUOUS
100
AcDbLine
 10
1.9585590551181102
 20
1.1034566929133858
 30
0
 11
1.9547924803149606
 21
1.104205905511811
 31
0
  0
LINE
  5
862
330
1A
100
AcDbEntity
  8
BLACK
  6
CONTINUOUS
100
AcDbLine
 10
1.9547924803149606
 20
1.104205905511811
 30
0
 11
1.9515993307086614
 21
1.1063394881889763
 31
0
  0
LINE
  5
863
330
1A
100
AcDbEntity
  8
BLACK
  6
CONTINUOUS
100
AcDbLine
 10
1.9515993307086614
 20
1.1063394881889763
 30
0
 11
1.9494657480314961
 21
1.1095326377952757
 31
0
  0
LINE
  5
864
330
1A
100
AcDbEntity
  8
BLACK
  6
CONTINUOUS
100
AcDbLine
 10
1.9494657480314961
 20
1.1095326377952757
 30
0
 11
1.9487165354330709
 21
1.1132992125984251
 31
0
  0
LINE
  5
865
330
1A
100
AcDbEntity
  8
BLACK
  6
CONTINUOUS
100
AcDbLine
 10
1.9487165354330709
 20
1.1132992125984251
 30
0
 11
1.9487165354330709
 21
1.1507007874015749
 31
0
  0
LINE
  5
866
330
1A
100
AcDbEntity
  8
BLACK
  6
CONTINUOUS
100
AcDbLine
 10
1.9487165354330709
 20
1.1507007874015749
 30
0
 11
1.9494657480314961
 21
1.1544673622047243
 31
0
  0
LINE
  5
867
330
1A
100
AcDbEntity
  8
BLACK
  6
CONTINUOUS
100
AcDbLine
 10
1.9494657480314961
 20
1.1544673622047243
 30
0
 11
1.9515993307086614
 21
1.1576605118110237
 31
0
  0
LINE
  5
868
330
1A
100
AcDbEntity
  8
BLACK
  6
CONTINUOUS
100
AcDbLine
 10
1.9515993307086614
 20
1.1576605118110237
 30
0
 11
1.9547924803149606
 21
1.159794094488189
 31
0
  0
LINE
  5
869
330
1A
100
AcDbEntity
  8
BLACK
  6
CONTINUOUS
100
AcDbLine
 10
1.9547924803149606
 20
1.159794094488189
 30
0
 11
1.9585590551181102
 21
1.1605433070866142
 31
0
  0
LINE
  5
86A
330
1A
100
AcDbEntity
  8
BLACK
  6
CONTINUOUS
100
AcDbLine
 10
1.9585590551181102
 20
1.1605433070866142
 30
0
 11
1.9782440944881889
 21
1.1605433070866142
 31
0
  0
LINE
  5
86B
330
1A
100
AcDbEntity
  8
BLACK
  6
CONTINUOUS
100
AcDbLine
 10
1.9782440944881889
 20
1.1605433070866142
 30
0
 11
1.9820106692913386
 21
1.159794094488189
 31
0
  0
LINE
  5
86C
330
1A
100
AcDbEntity
  8
BLACK
  6
CONTINUOUS
100
AcDbLine
 10
2.6041654724409447
 20
1.2040544094488188
 30
0
 11
2.6060813385826771
 21
1.2027742519685038
 31
0
  0
LINE
  5
86D
330
1A
100
AcDbEntity
  8
BLACK
  6
CONTINUOUS
100
AcDbLine
 10
2.6060813385826771
 20
1.2027742519685038
 30
0
 11
2.6073614960629921
 21
1.2008583858267716
 31
0
  0
LINE
  5
86E
330
1A
100
AcDbEntity
  8
BLACK
  6
CONTINUOUS
100
AcDbLine
 10
2.6073614960629921
 20
1.2008583858267716
 30
0
 11
2.6078110236220473
 21
1.1985984251968504
 31
0
  0
LINE
  5
86F
330
1A
100
AcDbEntity
  8
BLACK
  6
CONTINUOUS
100
AcDbLine
 10
2.6078110236220473
 20
1.1985984251968504
 30
0
 11
2.6078110236220473
 21
1.1336377952755905
 31
0
  0
LINE
  5
870
330
1A
100
AcDbEntity
  8
BLACK
  6
CONTINUOUS
100
AcDbLine
 10
2.6078110236220473
 20
1.1336377952755905
 30
0
 11
2.6073614960629921
 21
1.1313778346456693
 31
0
  0
LINE
  5
871
330
1A
100
AcDbEntity
  8
BLACK
  6
CONTINUOUS
100
AcDbLine
 10
2.6073614960629921
 20
1.1313778346456693
 30
0
 11
2.6060813385826771
 21
1.1294619685039369
 31
0
  0
LINE
  5
872
330
1A
100
AcDbEntity
  8
BLACK
  6
CONTINUOUS
100
AcDbLine
 10
2.6060813385826771
 20
1.1294619685039369
 30
0
 11
2.6041654724409447
 21
1.1281818110236219
 31
0
  0
LINE
  5
873
330
1A
100
AcDbEntity
  8
BLACK
  6
CONTINUOUS
100
AcDbLine
 10
2.6041654724409447
 20
1.1281818110236219
 30
0
 11
2.6019055118110237
 21
1.1277322834645669
 31
0
  0
LINE
  5
874
330
1A
100
AcDbEntity
  8
BLACK
  6
CONTINUOUS
100
AcDbLine
 10
2.6019055118110237
 20
1.1277322834645669
 30
0
 11
2.5900944881889765
 21
1.1277322834645669
 31
0
  0
LINE
  5
875
330
1A
100
AcDbEntity
  8
BLACK
  6
CONTINUOUS
100
AcDbLine
 10
2.5900944881889765
 20
1.1277322834645669
 30
0
 11
2.5878345275590551
 21
1.1281818110236219
 31
0
  0
LINE
  5
876
330
1A
100
AcDbEntity
  8
BLACK
  6
CONTINUOUS
100
AcDbLine
 10
2.5878345275590551
 20
1.1281818110236219
 30
0
 11
2.5859186614173226
 21
1.1294619685039369
 31
0
  0
LINE
  5
877
330
1A
100
AcDbEntity
  8
BLACK
  6
CONTINUOUS
100
AcDbLine
 10
2.5859186614173226
 20
1.1294619685039369
 30
0
 11
2.5846385039370077
 21
1.1313778346456693
 31
0
  0
LINE
  5
878
330
1A
100
AcDbEntity
  8
BLACK
  6
CONTINUOUS
100
AcDbLine
 10
2.5846385039370077
 20
1.1313778346456693
 30
0
 11
2.5841889763779529
 21
1.1336377952755905
 31
0
  0
LINE
  5
879
330
1A
100
AcDbEntity
  8
BLACK
  6
CONTINUOUS
100
AcDbLine
 10
2.5841889763779529
 20
1.1336377952755905
 30
0
 11
2.5841889763779529
 21
1.1985984251968504
 31
0
  0
LINE
  5
87A
330
1A
100
AcDbEntity
  8
BLACK
  6
CONTINUOUS
100
AcDbLine
 10
2.5841889763779529
 20
1.1985984251968504
 30
0
 11
2.5846385039370077
 21
1.2008583858267716
 31
0
  0
LINE
  5
87B
330
1A
100
AcDbEntity
  8
BLACK
  6
CONTINUOUS
100
AcDbLine
 10
2.5846385039370077
 20
1.2008583858267716
 30
0
 11
2.5859186614173226
 21
1.2027742519685038
 31
0
  0
LINE
  5
87C
330
1A
100
AcDbEntity
  8
BLACK
  6
CONTINUOUS
100
AcDbLine
 10
2.5859186614173226
 20
1.2027742519685038
 30
0
 11
2.5878345275590551
 21
1.2040544094488188
 31
0
  0
LINE
  5
87D
330
1A
100
AcDbEntity
  8
BLACK
  6
CONTINUOUS
100
AcDbLine
 10
2.5878345275590551
 20
1.2040544094488188
 30
0
 11
2.5900944881889765
 21
1.2045039370078741
 31
0
  0
LINE
  5
87E
330
1A
100
AcDbEntity
  8
BLACK
  6
CONTINUOUS
100
AcDbLine
 10
2.5900944881889765
 20
1.2045039370078741
 30
0
 11
2.6019055118110237
 21
1.2045039370078741
 31
0
  0
LINE
  5
87F
330
1A
100
AcDbEntity
  8
BLACK
  6
CONTINUOUS
100
AcDbLine
 10
2.6019055118110237
 20
1.2045039370078741
 30
0
 11
2.6041654724409447
 21
1.2040544094488188
 31
0
  0
LINE
  5
880
330
1A
100
AcDbEntity
  8
BLACK
  6
CONTINUOUS
100
AcDbLine
 10
2.6541654724409449
 20
1.2040544094488188
 30
0
 11
2.6560813385826769
 21
1.2027742519685038
 31
0
  0
LINE
  5
881
330
1A
100
AcDbEntity
  8
BLACK
  6
CONTINUOUS
100
AcDbLine
 10
2.6560813385826769
 20
1.2027742519685038
 30
0
 11
2.6573614960629919
 21
1.2008583858267716
 31
0
  0
LINE
  5
882
330
1A
100
AcDbEntity
  8
BLACK
  6
CONTINUOUS
100
AcDbLine
 10
2.6573614960629919
 20
1.2008583858267716
 30
0
 11
2.6578110236220471
 21
1.1985984251968504
 31
0
  0
LINE
  5
883
330
1A
100
AcDbEntity
  8
BLACK
  6
CONTINUOUS
100
AcDbLine
 10
2.6578110236220471
 20
1.1985984251968504
 30
0
 11
2.6578110236220471
 21
1.1336377952755905
 31
0
  0
LINE
  5
884
330
1A
100
AcDbEntity
  8
BLACK
  6
CONTINUOUS
100
AcDbLine
 10
2.6578110236220471
 20
1.1336377952755905
 30
0
 11
2.6573614960629919
 21
1.1313778346456693
 31
0
  0
LINE
  5
885
330
1A
100
AcDbEntity
  8
BLACK
  6
CONTINUOUS
100
AcDbLine
 10
2.6573614960629919
 20
1.1313778346456693
 30
0
 11
2.6560813385826769
 21
1.1294619685039369
 31
0
  0
LINE
  5
886
330
1A
100
AcDbEntity
  8
BLACK
  6
CONTINUOUS
100
AcDbLine
 10
2.6560813385826769
 20
1.1294619685039369
 30
0
 11
2.6541654724409449
 21
1.1281818110236219
 31
0
  0
LINE
  5
887
330
1A
100
AcDbEntity
  8
BLACK
  6
CONTINUOUS
100
AcDbLine
 10
2.6541654724409449
 20
1.1281818110236219
 30
0
 11
2.6519055118110235
 21
1.1277322834645669
 31
0
  0
LINE
  5
888
330
1A
100
AcDbEntity
  8
BLACK
  6
CONTINUOUS
100
AcDbLine
 10
2.6519055118110235
 20
1.1277322834645669
 30
0
 11
2.6400944881889763
 21
1.1277322834645669
 31
0
  0
LINE
  5
889
330
1A
100
AcDbEntity
  8
BLACK
  6
CONTINUOUS
100
AcDbLine
 10
2.6400944881889763
 20
1.1277322834645669
 30
0
 11
2.6378345275590549
 21
1.1281818110236219
 31
0
  0
LINE
  5
88A
330
1A
100
AcDbEntity
  8
BLACK
  6
CONTINUOUS
100
AcDbLine
 10
2.6378345275590549
 20
1.1281818110236219
 30
0
 11
2.6359186614173229
 21
1.1294619685039369
 31
0
  0
LINE
  5
88B
330
1A
100
AcDbEntity
  8
BLACK
  6
CONTINUOUS
100
AcDbLine
 10
2.6359186614173229
 20
1.1294619685039369
 30
0
 11
2.6346385039370079
 21
1.1313778346456693
 31
0
  0
LINE
  5
88C
330
1A
100
AcDbEntity
  8
BLACK
  6
CONTINUOUS
100
AcDbLine
 10
2.6346385039370079
 20
1.1313778346456693
 30
0
 11
2.6341889763779527
 21
1.1336377952755905
 31
0
  0
LINE
  5
88D
330
1A
100
AcDbEntity
  8
BLACK
  6
CONTINUOUS
100
AcDbLine
 10
2.6341889763779527
 20
1.1336377952755905
 30
0
 11
2.6341889763779527
 21
1.1985984251968504
 31
0
  0
LINE
  5
88E
330
1A
100
AcDbEntity
  8
BLACK
  6
CONTINUOUS
100
AcDbLine
 10
2.6341889763779527
 20
1.1985984251968504
 30
0
 11
2.6346385039370079
 21
1.2008583858267716
 31
0
  0
LINE
  5
88F
330
1A
100
AcDbEntity
  8
BLACK
  6
CONTINUOUS
100
AcDbLine
 10
2.6346385039370079
 20
1.2008583858267716
 30
0
 11
2.6359186614173229
 21
1.2027742519685038
 31
0
  0
LINE
  5
890
330
1A
100
AcDbEntity
  8
BLACK
  6
CONTINUOUS
100
AcDbLine
 10
2.6359186614173229
 20
1.2027742519685038
 30
0
 11
2.6378345275590549
 21
1.2040544094488188
 31
0
  0
LINE
  5
891
330
1A
100
AcDbEntity
  8
BLACK
  6
CONTINUOUS
100
AcDbLine
 10
2.6378345275590549
 20
1.2040544094488188
 30
0
 11
2.6400944881889763
 21
1.2045039370078741
 31
0
  0
LINE
  5
892
330
1A
100
AcDbEntity
  8
BLACK
  6
CONTINUOUS
100
AcDbLine
 10
2.6400944881889763
 20
1.2045039370078741
 30
0
 11
2.6519055118110235
 21
1.2045039370078741
 31
0
  0
LINE
  5
893
330
1A
100
AcDbEntity
  8
BLACK
  6
CONTINUOUS
100
AcDbLine
 10
2.6519055118110235
 20
1.2045039370078741
 30
0
 11
2.6541654724409449
 21
1.2040544094488188
 31
0
  0
LINE
  5
894
330
1A
100
AcDbEntity
  8
BLACK
  6
CONTINUOUS
100
AcDbLine
 10
2.7041654724409447
 20
1.2040544094488188
 30
0
 11
2.7060813385826772
 21
1.2027742519685038
 31
0
  0
LINE
  5
895
330
1A
100
AcDbEntity
  8
BLACK
  6
CONTINUOUS
100
AcDbLine
 10
2.7060813385826772
 20
1.2027742519685038
 30
0
 11
2.7073614960629921
 21
1.2008583858267716
 31
0
  0
LINE
  5
896
330
1A
100
AcDbEntity
  8
BLACK
  6
CONTINUOUS
100
AcDbLine
 10
2.7073614960629921
 20
1.2008583858267716
 30
0
 11
2.7078110236220474
 21
1.1985984251968504
 31
0
  0
LINE
  5
897
330
1A
100
AcDbEntity
  8
BLACK
  6
CONTINUOUS
100
AcDbLine
 10
2.7078110236220474
 20
1.1985984251968504
 30
0
 11
2.7078110236220474
 21
1.1336377952755905
 31
0
  0
LINE
  5
898
330
1A
100
AcDbEntity
  8
BLACK
  6
CONTINUOUS
100
AcDbLine
 10
2.7078110236220474
 20
1.1336377952755905
 30
0
 11
2.7073614960629921
 21
1.1313778346456693
 31
0
  0
LINE
  5
899
330
1A
100
AcDbEntity
  8
BLACK
  6
CONTINUOUS
100
AcDbLine
 10
2.7073614960629921
 20
1.1313778346456693
 30
0
 11
2.7060813385826772
 21
1.1294619685039369
 31
0
  0
LINE
  5
89A
330
1A
100
AcDbEntity
  8
BLACK
  6
CONTINUOUS
100
AcDbLine
 10
2.7060813385826772
 20
1.1294619685039369
 30
0
 11
2.7041654724409447
 21
1.1281818110236219
 31
0
  0
LINE
  5
89B
330
1A
100
AcDbEntity
  8
BLACK
  6
CONTINUOUS
100
AcDbLine
 10
2.7041654724409447
 20
1.1281818110236219
 30
0
 11
2.7019055118110233
 21
1.1277322834645669
 31
0
  0
LINE
  5
89C
330
1A
100
AcDbEntity
  8
BLACK
  6
CONTINUOUS
100
AcDbLine
 10
2.7019055118110233
 20
1.1277322834645669
 30
0
 11
2.6900944881889761
 21
1.1277322834645669
 31
0
  0
LINE
  5
89D
330
1A
100
AcDbEntity
  8
BLACK
  6
CONTINUOUS
100
AcDbLine
 10
2.6900944881889761
 20
1.1277322834645669
 30
0
 11
2.6878345275590552
 21
1.1281818110236219
 31
0
  0
LINE
  5
89E
330
1A
100
AcDbEntity
  8
BLACK
  6
CONTINUOUS
100
AcDbLine
 10
2.6878345275590552
 20
1.1281818110236219
 30
0
 11
2.6859186614173227
 21
1.1294619685039369
 31
0
  0
LINE
  5
89F
330
1A
100
AcDbEntity
  8
BLACK
  6
CONTINUOUS
100
AcDbLine
 10
2.6859186614173227
 20
1.1294619685039369
 30
0
 11
2.6846385039370078
 21
1.1313778346456693
 31
0
  0
LINE
  5
8A0
330
1A
100
AcDbEntity
  8
BLACK
  6
CONTINUOUS
100
AcDbLine
 10
2.6846385039370078
 20
1.1313778346456693
 30
0
 11
2.6841889763779525
 21
1.1336377952755905
 31
0
  0
LINE
  5
8A1
330
1A
100
AcDbEntity
  8
BLACK
  6
CONTINUOUS
100
AcDbLine
 10
2.6841889763779525
 20
1.1336377952755905
 30
0
 11
2.6841889763779525
 21
1.1985984251968504
 31
0
  0
LINE
  5
8A2
330
1A
100
AcDbEntity
  8
BLACK
  6
CONTINUOUS
100
AcDbLine
 10
2.6841889763779525
 20
1.1985984251968504
 30
0
 11
2.6846385039370078
 21
1.2008583858267716
 31
0
  0
LINE
  5
8A3
330
1A
100
AcDbEntity
  8
BLACK
  6
CONTINUOUS
100
AcDbLine
 10
2.6846385039370078
 20
1.2008583858267716
 30
0
 11
2.6859186614173227
 21
1.2027742519685038
 31
0
  0
LINE
  5
8A4
330
1A
100
AcDbEntity
  8
BLACK
  6
CONTINUOUS
100
AcDbLine
 10
2.6859186614173227
 20
1.2027742519685038
 30
0
 11
2.6878345275590552
 21
1.2040544094488188
 31
0
  0
LINE
  5
8A5
330
1A
100
AcDbEntity
  8
BLACK
  6
CONTINUOUS
100
AcDbLine
 10
2.6878345275590552
 20
1.2040544094488188
 30
0
 11
2.6900944881889761
 21
1.2045039370078741
 31
0
  0
LINE
  5
8A6
330
1A
100
AcDbEntity
  8
BLACK
  6
CONTINUOUS
100
AcDbLine
 10
2.6900944881889761
 20
1.2045039370078741
 30
0
 11
2.7019055118110233
 21
1.2045039370078741
 31
0
  0
LINE
  5
8A7
330
1A
100
AcDbEntity
  8
BLACK
  6
CONTINUOUS
100
AcDbLine
 10
2.7019055118110233
 20
1.2045039370078741
 30
0
 11
2.7041654724409447
 21
1.2040544094488188
 31
0
  0
LINE
  5
8A8
330
1A
100
AcDbEntity
  8
BLACK
  6
CONTINUOUS
100
AcDbLine
 10
2.754165472440945
 20
1.2040544094488188
 30
0
 11
2.756081338582677
 21
1.2027742519685038
 31
0
  0
LINE
  5
8A9
330
1A
100
AcDbEntity
  8
BLACK
  6
CONTINUOUS
100
AcDbLine
 10
2.756081338582677
 20
1.2027742519685038
 30
0
 11
2.757361496062992
 21
1.2008583858267716
 31
0
  0
LINE
  5
8AA
330
1A
100
AcDbEntity
  8
BLACK
  6
CONTINUOUS
100
AcDbLine
 10
2.757361496062992
 20
1.2008583858267716
 30
0
 11
2.7578110236220472
 21
1.1985984251968504
 31
0
  0
LINE
  5
8AB
330
1A
100
AcDbEntity
  8
BLACK
  6
CONTINUOUS
100
AcDbLine
 10
2.7578110236220472
 20
1.1985984251968504
 30
0
 11
2.7578110236220472
 21
1.1336377952755905
 31
0
  0
LINE
  5
8AC
330
1A
100
AcDbEntity
  8
BLACK
  6
CONTINUOUS
100
AcDbLine
 10
2.7578110236220472
 20
1.1336377952755905
 30
0
 11
2.757361496062992
 21
1.1313778346456693
 31
0
  0
LINE
  5
8AD
330
1A
100
AcDbEntity
  8
BLACK
  6
CONTINUOUS
100
AcDbLine
 10
2.757361496062992
 20
1.1313778346456693
 30
0
 11
2.756081338582677
 21
1.1294619685039369
 31
0
  0
LINE
  5
8AE
330
1A
100
AcDbEntity
  8
BLACK
  6
CONTINUOUS
100
AcDbLine
 10
2.756081338582677
 20
1.1294619685039369
 30
0
 11
2.754165472440945
 21
1.1281818110236219
 31
0
  0
LINE
  5
8AF
330
1A
100
AcDbEntity
  8
BLACK
  6
CONTINUOUS
100
AcDbLine
 10
2.754165472440945
 20
1.1281818110236219
 30
0
 11
2.7519055118110236
 21
1.1277322834645669
 31
0
  0
LINE
  5
8B0
330
1A
100
AcDbEntity
  8
BLACK
  6
CONTINUOUS
100
AcDbLine
 10
2.7519055118110236
 20
1.1277322834645669
 30
0
 11
2.7400944881889764
 21
1.1277322834645669
 31
0
  0
LINE
  5
8B1
330
1A
100
AcDbEntity
  8
BLACK
  6
CONTINUOUS
100
AcDbLine
 10
2.7400944881889764
 20
1.1277322834645669
 30
0
 11
2.737834527559055
 21
1.1281818110236219
 31
0
  0
LINE
  5
8B2
330
1A
100
AcDbEntity
  8
BLACK
  6
CONTINUOUS
100
AcDbLine
 10
2.737834527559055
 20
1.1281818110236219
 30
0
 11
2.735918661417323
 21
1.1294619685039369
 31
0
  0
LINE
  5
8B3
330
1A
100
AcDbEntity
  8
BLACK
  6
CONTINUOUS
100
AcDbLine
 10
2.735918661417323
 20
1.1294619685039369
 30
0
 11
2.734638503937008
 21
1.1313778346456693
 31
0
  0
LINE
  5
8B4
330
1A
100
AcDbEntity
  8
BLACK
  6
CONTINUOUS
100
AcDbLine
 10
2.734638503937008
 20
1.1313778346456693
 30
0
 11
2.7341889763779528
 21
1.1336377952755905
 31
0
  0
LINE
  5
8B5
330
1A
100
AcDbEntity
  8
BLACK
  6
CONTINUOUS
100
AcDbLine
 10
2.7341889763779528
 20
1.1336377952755905
 30
0
 11
2.7341889763779528
 21
1.1985984251968504
 31
0
  0
LINE
  5
8B6
330
1A
100
AcDbEntity
  8
BLACK
  6
CONTINUOUS
100
AcDbLine
 10
2.7341889763779528
 20
1.1985984251968504
 30
0
 11
2.734638503937008
 21
1.2008583858267716
 31
0
  0
LINE
  5
8B7
330
1A
100
AcDbEntity
  8
BLACK
  6
CONTINUOUS
100
AcDbLine
 10
2.734638503937008
 20
1.2008583858267716
 30
0
 11
2.735918661417323
 21
1.2027742519685038
 31
0
  0
LINE
  5
8B8
330
1A
100
AcDbEntity
  8
BLACK
  6
CONTINUOUS
100
AcDbLine
 10
2.735918661417323
 20
1.2027742519685038
 30
0
 11
2.737834527559055
 21
1.2040544094488188
 31
0
  0
LINE
  5
8B9
330
1A
100
AcDbEntity
  8
BLACK
  6
CONTINUOUS
100
AcDbLine
 10
2.737834527559055
 20
1.2040544094488188
 30
0
 11
2.7400944881889764
 21
1.2045039370078741
 31
0
  0
LINE
  5
8BA
330
1A
100
AcDbEntity
  8
BLACK
  6
CONTINUOUS
100
AcDbLine
 10
2.7400944881889764
 20
1.2045039370078741
 30
0
 11
2.7519055118110236
 21
1.2045039370078741
 31
0
  0
LINE
  5
8BB
330
1A
100
AcDbEntity
  8
BLACK
  6
CONTINUOUS
100
AcDbLine
 10
2.7519055118110236
 20
1.2045039370078741
 30
0
 11
2.754165472440945
 21
1.2040544094488188
 31
0
  0
LINE
  5
8BC
330
1A
100
AcDbEntity
  8
BLACK
  6
CONTINUOUS
100
AcDbLine
 10
1.1422075196850394
 20
1.1877940944881888
 30
0
 11
1.1454006692913385
 21
1.1856605118110235
 31
0
  0
LINE
  5
8BD
330
1A
100
AcDbEntity
  8
BLACK
  6
CONTINUOUS
100
AcDbLine
 10
1.1454006692913385
 20
1.1856605118110235
 30
0
 11
1.1475342519685039
 21
1.1824673622047244
 31
0
  0
LINE
  5
8BE
330
1A
100
AcDbEntity
  8
BLACK
  6
CONTINUOUS
100
AcDbLine
 10
1.1475342519685039
 20
1.1824673622047244
 30
0
 11
1.1482834645669291
 21
1.1787007874015747
 31
0
  0
LINE
  5
8BF
330
1A
100
AcDbEntity
  8
BLACK
  6
CONTINUOUS
100
AcDbLine
 10
1.1482834645669291
 20
1.1787007874015747
 30
0
 11
1.1482834645669291
 21
1.1412992125984252
 31
0
  0
LINE
  5
8C0
330
1A
100
AcDbEntity
  8
BLACK
  6
CONTINUOUS
100
AcDbLine
 10
1.1482834645669291
 20
1.1412992125984252
 30
0
 11
1.1475342519685039
 21
1.1375326377952755
 31
0
  0
LINE
  5
8C1
330
1A
100
AcDbEntity
  8
BLACK
  6
CONTINUOUS
100
AcDbLine
 10
1.1475342519685039
 20
1.1375326377952755
 30
0
 11
1.1454006692913385
 21
1.1343394881889763
 31
0
  0
LINE
  5
8C2
330
1A
100
AcDbEntity
  8
BLACK
  6
CONTINUOUS
100
AcDbLine
 10
1.1454006692913385
 20
1.1343394881889763
 30
0
 11
1.1422075196850394
 21
1.132205905511811
 31
0
  0
LINE
  5
8C3
330
1A
100
AcDbEntity
  8
BLACK
  6
CONTINUOUS
100
AcDbLine
 10
1.1422075196850394
 20
1.132205905511811
 30
0
 11
1.1384409448818897
 21
1.1314566929133858
 31
0
  0
LINE
  5
8C4
330
1A
100
AcDbEntity
  8
BLACK
  6
CONTINUOUS
100
AcDbLine
 10
1.1384409448818897
 20
1.1314566929133858
 30
0
 11
1.118755905511811
 21
1.1314566929133858
 31
0
  0
LINE
  5
8C5
330
1A
100
AcDbEntity
  8
BLACK
  6
CONTINUOUS
100
AcDbLine
 10
1.118755905511811
 20
1.1314566929133858
 30
0
 11
1.1149893307086614
 21
1.132205905511811
 31
0
  0
LINE
  5
8C6
330
1A
100
AcDbEntity
  8
BLACK
  6
CONTINUOUS
100
AcDbLine
 10
1.1149893307086614
 20
1.132205905511811
 30
0
 11
1.1117961811023622
 21
1.1343394881889763
 31
0
  0
LINE
  5
8C7
330
1A
100
AcDbEntity
  8
BLACK
  6
CONTINUOUS
100
AcDbLine
 10
1.1117961811023622
 20
1.1343394881889763
 30
0
 11
1.1096625984251969
 21
1.1375326377952755
 31
0
  0
LINE
  5
8C8
330
1A
100
AcDbEntity
  8
BLACK
  6
CONTINUOUS
100
AcDbLine
 10
1.1096625984251969
 20
1.1375326377952755
 30
0
 11
1.1089133858267717
 21
1.1412992125984252
 31
0
  0
LINE
  5
8C9
330
1A
100
AcDbEntity
  8
BLACK
  6
CONTINUOUS
100
AcDbLine
 10
1.1089133858267717
 20
1.1412992125984252
 30
0
 11
1.1089133858267717
 21
1.1787007874015747
 31
0
  0
LINE
  5
8CA
330
1A
100
AcDbEntity
  8
BLACK
  6
CONTINUOUS
100
AcDbLine
 10
1.1089133858267717
 20
1.1787007874015747
 30
0
 11
1.1096625984251969
 21
1.1824673622047244
 31
0
  0
LINE
  5
8CB
330
1A
100
AcDbEntity
  8
BLACK
  6
CONTINUOUS
100
AcDbLine
 10
1.1096625984251969
 20
1.1824673622047244
 30
0
 11
1.1117961811023622
 21
1.1856605118110235
 31
0
  0
LINE
  5
8CC
330
1A
100
AcDbEntity
  8
BLACK
  6
CONTINUOUS
100
AcDbLine
 10
1.1117961811023622
 20
1.1856605118110235
 30
0
 11
1.1149893307086614
 21
1.1877940944881888
 31
0
  0
LINE
  5
8CD
330
1A
100
AcDbEntity
  8
BLACK
  6
CONTINUOUS
100
AcDbLine
 10
1.1149893307086614
 20
1.1877940944881888
 30
0
 11
1.118755905511811
 21
1.188543307086614
 31
0
  0
LINE
  5
8CE
330
1A
100
AcDbEntity
  8
BLACK
  6
CONTINUOUS
100
AcDbLine
 10
1.118755905511811
 20
1.188543307086614
 30
0
 11
1.1384409448818897
 21
1.188543307086614
 31
0
  0
LINE
  5
8CF
330
1A
100
AcDbEntity
  8
BLACK
  6
CONTINUOUS
100
AcDbLine
 10
1.1384409448818897
 20
1.188543307086614
 30
0
 11
1.1422075196850394
 21
1.1877940944881888
 31
0
  0
LINE
  5
8D0
330
1A
100
AcDbEntity
  8
BLACK
  6
CONTINUOUS
100
AcDbLine
 10
1.2170106692913385
 20
1.1877940944881888
 30
0
 11
1.2202038188976378
 21
1.1856605118110235
 31
0
  0
LINE
  5
8D1
330
1A
100
AcDbEntity
  8
BLACK
  6
CONTINUOUS
100
AcDbLine
 10
1.2202038188976378
 20
1.1856605118110235
 30
0
 11
1.2223374015748032
 21
1.1824673622047244
 31
0
  0
LINE
  5
8D2
330
1A
100
AcDbEntity
  8
BLACK
  6
CONTINUOUS
100
AcDbLine
 10
1.2223374015748032
 20
1.1824673622047244
 30
0
 11
1.2230866141732284
 21
1.1787007874015747
 31
0
  0
LINE
  5
8D3
330
1A
100
AcDbEntity
  8
BLACK
  6
CONTINUOUS
100
AcDbLine
 10
1.2230866141732284
 20
1.1787007874015747
 30
0
 11
1.2230866141732284
 21
1.1412992125984252
 31
0
  0
LINE
  5
8D4
330
1A
100
AcDbEntity
  8
BLACK
  6
CONTINUOUS
100
AcDbLine
 10
1.2230866141732284
 20
1.1412992125984252
 30
0
 11
1.2223374015748032
 21
1.1375326377952755
 31
0
  0
LINE
  5
8D5
330
1A
100
AcDbEntity
  8
BLACK
  6
CONTINUOUS
100
AcDbLine
 10
1.2223374015748032
 20
1.1375326377952755
 30
0
 11
1.2202038188976378
 21
1.1343394881889763
 31
0
  0
LINE
  5
8D6
330
1A
100
AcDbEntity
  8
BLACK
  6
CONTINUOUS
100
AcDbLine
 10
1.2202038188976378
 20
1.1343394881889763
 30
0
 11
1.2170106692913385
 21
1.132205905511811
 31
0
  0
LINE
  5
8D7
330
1A
100
AcDbEntity
  8
BLACK
  6
CONTINUOUS
100
AcDbLine
 10
1.2170106692913385
 20
1.132205905511811
 30
0
 11
1.213244094488189
 21
1.1314566929133858
 31
0
  0
LINE
  5
8D8
330
1A
100
AcDbEntity
  8
BLACK
  6
CONTINUOUS
100
AcDbLine
 10
1.213244094488189
 20
1.1314566929133858
 30
0
 11
1.1935590551181101
 21
1.1314566929133858
 31
0
  0
LINE
  5
8D9
330
1A
100
AcDbEntity
  8
BLACK
  6
CONTINUOUS
100
AcDbLine
 10
1.1935590551181101
 20
1.1314566929133858
 30
0
 11
1.1897924803149607
 21
1.132205905511811
 31
0
  0
LINE
  5
8DA
330
1A
100
AcDbEntity
  8
BLACK
  6
CONTINUOUS
100
AcDbLine
 10
1.1897924803149607
 20
1.132205905511811
 30
0
 11
1.1865993307086613
 21
1.1343394881889763
 31
0
  0
LINE
  5
8DB
330
1A
100
AcDbEntity
  8
BLACK
  6
CONTINUOUS
100
AcDbLine
 10
1.1865993307086613
 20
1.1343394881889763
 30
0
 11
1.184465748031496
 21
1.1375326377952755
 31
0
  0
LINE
  5
8DC
330
1A
100
AcDbEntity
  8
BLACK
  6
CONTINUOUS
100
AcDbLine
 10
1.184465748031496
 20
1.1375326377952755
 30
0
 11
1.1837165354330708
 21
1.1412992125984252
 31
0
  0
LINE
  5
8DD
330
1A
100
AcDbEntity
  8
BLACK
  6
CONTINUOUS
100
AcDbLine
 10
1.1837165354330708
 20
1.1412992125984252
 30
0
 11
1.1837165354330708
 21
1.1787007874015747
 31
0
  0
LINE
  5
8DE
330
1A
100
AcDbEntity
  8
BLACK
  6
CONTINUOUS
100
AcDbLine
 10
1.1837165354330708
 20
1.1787007874015747
 30
0
 11
1.184465748031496
 21
1.1824673622047244
 31
0
  0
LINE
  5
8DF
330
1A
100
AcDbEntity
  8
BLACK
  6
CONTINUOUS
100
AcDbLine
 10
1.184465748031496
 20
1.1824673622047244
 30
0
 11
1.1865993307086613
 21
1.1856605118110235
 31
0
  0
LINE
  5
8E0
330
1A
100
AcDbEntity
  8
BLACK
  6
CONTINUOUS
100
AcDbLine
 10
1.1865993307086613
 20
1.1856605118110235
 30
0
 11
1.1897924803149607
 21
1.1877940944881888
 31
0
  0
LINE
  5
8E1
330
1A
100
AcDbEntity
  8
BLACK
  6
CONTINUOUS
100
AcDbLine
 10
1.1897924803149607
 20
1.1877940944881888
 30
0
 11
1.1935590551181101
 21
1.188543307086614
 31
0
  0
LINE
  5
8E2
330
1A
100
AcDbEntity
  8
BLACK
  6
CONTINUOUS
100
AcDbLine
 10
1.1935590551181101
 20
1.188543307086614
 30
0
 11
1.213244094488189
 21
1.188543307086614
 31
0
  0
LINE
  5
8E3
330
1A
100
AcDbEntity
  8
BLACK
  6
CONTINUOUS
100
AcDbLine
 10
1.213244094488189
 20
1.188543307086614
 30
0
 11
1.2170106692913385
 21
1.1877940944881888
 31
0
  0
LINE
  5
8E4
330
1A
100
AcDbEntity
  8
BLACK
  6
CONTINUOUS
100
AcDbLine
 10
1.0012075196850394
 20
1.188794094488189
 30
0
 11
1.0044006692913385
 21
1.1866605118110236
 31
0
  0
LINE
  5
8E5
330
1A
100
AcDbEntity
  8
BLACK
  6
CONTINUOUS
100
AcDbLine
 10
1.0044006692913385
 20
1.1866605118110236
 30
0
 11
1.0065342519685039
 21
1.1834673622047245
 31
0
  0
LINE
  5
8E6
330
1A
100
AcDbEntity
  8
BLACK
  6
CONTINUOUS
100
AcDbLine
 10
1.0065342519685039
 20
1.1834673622047245
 30
0
 11
1.0072834645669291
 21
1.1797007874015748
 31
0
  0
LINE
  5
8E7
330
1A
100
AcDbEntity
  8
BLACK
  6
CONTINUOUS
100
AcDbLine
 10
1.0072834645669291
 20
1.1797007874015748
 30
0
 11
1.0072834645669291
 21
1.1422992125984253
 31
0
  0
LINE
  5
8E8
330
1A
100
AcDbEntity
  8
BLACK
  6
CONTINUOUS
100
AcDbLine
 10
1.0072834645669291
 20
1.1422992125984253
 30
0
 11
1.0065342519685039
 21
1.1385326377952756
 31
0
  0
LINE
  5
8E9
330
1A
100
AcDbEntity
  8
BLACK
  6
CONTINUOUS
100
AcDbLine
 10
1.0065342519685039
 20
1.1385326377952756
 30
0
 11
1.0044006692913385
 21
1.1353394881889765
 31
0
  0
LINE
  5
8EA
330
1A
100
AcDbEntity
  8
BLACK
  6
CONTINUOUS
100
AcDbLine
 10
1.0044006692913385
 20
1.1353394881889765
 30
0
 11
1.0012075196850394
 21
1.1332059055118111
 31
0
  0
LINE
  5
8EB
330
1A
100
AcDbEntity
  8
BLACK
  6
CONTINUOUS
100
AcDbLine
 10
1.0012075196850394
 20
1.1332059055118111
 30
0
 11
0.9974409448818897
 21
1.1324566929133859
 31
0
  0
LINE
  5
8EC
330
1A
100
AcDbEntity
  8
BLACK
  6
CONTINUOUS
100
AcDbLine
 10
0.9974409448818897
 20
1.1324566929133859
 30
0
 11
0.977755905511811
 21
1.1324566929133859
 31
0
  0
LINE
  5
8ED
330
1A
100
AcDbEntity
  8
BLACK
  6
CONTINUOUS
100
AcDbLine
 10
0.977755905511811
 20
1.1324566929133859
 30
0
 11
0.9739893307086614
 21
1.1332059055118111
 31
0
  0
LINE
  5
8EE
330
1A
100
AcDbEntity
  8
BLACK
  6
CONTINUOUS
100
AcDbLine
 10
0.9739893307086614
 20
1.1332059055118111
 30
0
 11
0.9707961811023622
 21
1.1353394881889765
 31
0
  0
LINE
  5
8EF
330
1A
100
AcDbEntity
  8
BLACK
  6
CONTINUOUS
100
AcDbLine
 10
0.9707961811023622
 20
1.1353394881889765
 30
0
 11
0.9686625984251969
 21
1.1385326377952756
 31
0
  0
LINE
  5
8F0
330
1A
100
AcDbEntity
  8
BLACK
  6
CONTINUOUS
100
AcDbLine
 10
0.9686625984251969
 20
1.1385326377952756
 30
0
 11
0.9679133858267717
 21
1.1422992125984253
 31
0
  0
LINE
  5
8F1
330
1A
100
AcDbEntity
  8
BLACK
  6
CONTINUOUS
100
AcDbLine
 10
0.9679133858267717
 20
1.1422992125984253
 30
0
 11
0.9679133858267717
 21
1.1797007874015748
 31
0
  0
LINE
  5
8F2
330
1A
100
AcDbEntity
  8
BLACK
  6
CONTINUOUS
100
AcDbLine
 10
0.9679133858267717
 20
1.1797007874015748
 30
0
 11
0.9686625984251969
 21
1.1834673622047245
 31
0
  0
LINE
  5
8F3
330
1A
100
AcDbEntity
  8
BLACK
  6
CONTINUOUS
100
AcDbLine
 10
0.9686625984251969
 20
1.1834673622047245
 30
0
 11
0.9707961811023622
 21
1.1866605118110236
 31
0
  0
LINE
  5
8F4
330
1A
100
AcDbEntity
  8
BLACK
  6
CONTINUOUS
100
AcDbLine
 10
0.9707961811023622
 20
1.1866605118110236
 30
0
 11
0.9739893307086614
 21
1.188794094488189
 31
0
  0
LINE
  5
8F5
330
1A
100
AcDbEntity
  8
BLACK
  6
CONTINUOUS
100
AcDbLine
 10
0.9739893307086614
 20
1.188794094488189
 30
0
 11
0.977755905511811
 21
1.1895433070866142
 31
0
  0
LINE
  5
8F6
330
1A
100
AcDbEntity
  8
BLACK
  6
CONTINUOUS
100
AcDbLine
 10
0.977755905511811
 20
1.1895433070866142
 30
0
 11
0.9974409448818897
 21
1.1895433070866142
 31
0
  0
LINE
  5
8F7
330
1A
100
AcDbEntity
  8
BLACK
  6
CONTINUOUS
100
AcDbLine
 10
0.9974409448818897
 20
1.1895433070866142
 30
0
 11
1.0012075196850394
 21
1.188794094488189
 31
0
  0
LINE
  5
8F8
330
1A
100
AcDbEntity
  8
BLACK
  6
CONTINUOUS
100
AcDbLine
 10
1.0760106692913385
 20
1.188794094488189
 30
0
 11
1.0792038188976378
 21
1.1866605118110236
 31
0
  0
LINE
  5
8F9
330
1A
100
AcDbEntity
  8
BLACK
  6
CONTINUOUS
100
AcDbLine
 10
1.0792038188976378
 20
1.1866605118110236
 30
0
 11
1.0813374015748032
 21
1.1834673622047245
 31
0
  0
LINE
  5
8FA
330
1A
100
AcDbEntity
  8
BLACK
  6
CONTINUOUS
100
AcDbLine
 10
1.0813374015748032
 20
1.1834673622047245
 30
0
 11
1.0820866141732284
 21
1.1797007874015748
 31
0
  0
LINE
  5
8FB
330
1A
100
AcDbEntity
  8
BLACK
  6
CONTINUOUS
100
AcDbLine
 10
1.0820866141732284
 20
1.1797007874015748
 30
0
 11
1.0820866141732284
 21
1.1422992125984253
 31
0
  0
LINE
  5
8FC
330
1A
100
AcDbEntity
  8
BLACK
  6
CONTINUOUS
100
AcDbLine
 10
1.0820866141732284
 20
1.1422992125984253
 30
0
 11
1.0813374015748032
 21
1.1385326377952756
 31
0
  0
LINE
  5
8FD
330
1A
100
AcDbEntity
  8
BLACK
  6
CONTINUOUS
100
AcDbLine
 10
1.0813374015748032
 20
1.1385326377952756
 30
0
 11
1.0792038188976378
 21
1.1353394881889765
 31
0
  0
LINE
  5
8FE
330
1A
100
AcDbEntity
  8
BLACK
  6
CONTINUOUS
100
AcDbLine
 10
1.0792038188976378
 20
1.1353394881889765
 30
0
 11
1.0760106692913385
 21
1.1332059055118111
 31
0
  0
LINE
  5
8FF
330
1A
100
AcDbEntity
  8
BLACK
  6
CONTINUOUS
100
AcDbLine
 10
1.0760106692913385
 20
1.1332059055118111
 30
0
 11
1.072244094488189
 21
1.1324566929133859
 31
0
  0
LINE
  5
900
330
1A
100
AcDbEntity
  8
BLACK
  6
CONTINUOUS
100
AcDbLine
 10
1.072244094488189
 20
1.1324566929133859
 30
0
 11
1.0525590551181103
 21
1.1324566929133859
 31
0
  0
LINE
  5
901
330
1A
100
AcDbEntity
  8
BLACK
  6
CONTINUOUS
100
AcDbLine
 10
1.0525590551181103
 20
1.1324566929133859
 30
0
 11
1.0487924803149606
 21
1.1332059055118111
 31
0
  0
LINE
  5
902
330
1A
100
AcDbEntity
  8
BLACK
  6
CONTINUOUS
100
AcDbLine
 10
1.0487924803149606
 20
1.1332059055118111
 30
0
 11
1.0455993307086613
 21
1.1353394881889765
 31
0
  0
LINE
  5
903
330
1A
100
AcDbEntity
  8
BLACK
  6
CONTINUOUS
100
AcDbLine
 10
1.0455993307086613
 20
1.1353394881889765
 30
0
 11
1.0434657480314959
 21
1.1385326377952756
 31
0
  0
LINE
  5
904
330
1A
100
AcDbEntity
  8
BLACK
  6
CONTINUOUS
100
AcDbLine
 10
1.0434657480314959
 20
1.1385326377952756
 30
0
 11
1.0427165354330707
 21
1.1422992125984253
 31
0
  0
LINE
  5
905
330
1A
100
AcDbEntity
  8
BLACK
  6
CONTINUOUS
100
AcDbLine
 10
1.0427165354330707
 20
1.1422992125984253
 30
0
 11
1.0427165354330707
 21
1.1797007874015748
 31
0
  0
LINE
  5
906
330
1A
100
AcDbEntity
  8
BLACK
  6
CONTINUOUS
100
AcDbLine
 10
1.0427165354330707
 20
1.1797007874015748
 30
0
 11
1.0434657480314959
 21
1.1834673622047245
 31
0
  0
LINE
  5
907
330
1A
100
AcDbEntity
  8
BLACK
  6
CONTINUOUS
100
AcDbLine
 10
1.0434657480314959
 20
1.1834673622047245
 30
0
 11
1.0455993307086613
 21
1.1866605118110236
 31
0
  0
LINE
  5
908
330
1A
100
AcDbEntity
  8
BLACK
  6
CONTINUOUS
100
AcDbLine
 10
1.0455993307086613
 20
1.1866605118110236
 30
0
 11
1.0487924803149606
 21
1.188794094488189
 31
0
  0
LINE
  5
909
330
1A
100
AcDbEntity
  8
BLACK
  6
CONTINUOUS
100
AcDbLine
 10
1.0487924803149606
 20
1.188794094488189
 30
0
 11
1.0525590551181103
 21
1.1895433070866142
 31
0
  0
LINE
  5
90A
330
1A
100
AcDbEntity
  8
BLACK
  6
CONTINUOUS
100
AcDbLine
 10
1.0525590551181103
 20
1.1895433070866142
 30
0
 11
1.072244094488189
 21
1.1895433070866142
 31
0
  0
LINE
  5
90B
330
1A
100
AcDbEntity
  8
BLACK
  6
CONTINUOUS
100
AcDbLine
 10
1.072244094488189
 20
1.1895433070866142
 30
0
 11
1.0760106692913385
 21
1.188794094488189
 31
0
  0
LINE
  5
90C
330
1A
100
AcDbEntity
  8
BLACK
  6
CONTINUOUS
100
AcDbLine
 10
0.8612075196850394
 20
1.1897940944881888
 30
0
 11
0.8644006692913385
 21
1.1876605118110235
 31
0
  0
LINE
  5
90D
330
1A
100
AcDbEntity
  8
BLACK
  6
CONTINUOUS
100
AcDbLine
 10
0.8644006692913385
 20
1.1876605118110235
 30
0
 11
0.8665342519685039
 21
1.1844673622047244
 31
0
  0
LINE
  5
90E
330
1A
100
AcDbEntity
  8
BLACK
  6
CONTINUOUS
100
AcDbLine
 10
0.8665342519685039
 20
1.1844673622047244
 30
0
 11
0.8672834645669291
 21
1.1807007874015747
 31
0
  0
LINE
  5
90F
330
1A
100
AcDbEntity
  8
BLACK
  6
CONTINUOUS
100
AcDbLine
 10
0.8672834645669291
 20
1.1807007874015747
 30
0
 11
0.8672834645669291
 21
1.1432992125984252
 31
0
  0
LINE
  5
910
330
1A
100
AcDbEntity
  8
BLACK
  6
CONTINUOUS
100
AcDbLine
 10
0.8672834645669291
 20
1.1432992125984252
 30
0
 11
0.8665342519685039
 21
1.1395326377952755
 31
0
  0
LINE
  5
911
330
1A
100
AcDbEntity
  8
BLACK
  6
CONTINUOUS
100
AcDbLine
 10
0.8665342519685039
 20
1.1395326377952755
 30
0
 11
0.8644006692913385
 21
1.1363394881889763
 31
0
  0
LINE
  5
912
330
1A
100
AcDbEntity
  8
BLACK
  6
CONTINUOUS
100
AcDbLine
 10
0.8644006692913385
 20
1.1363394881889763
 30
0
 11
0.8612075196850394
 21
1.134205905511811
 31
0
  0
LINE
  5
913
330
1A
100
AcDbEntity
  8
BLACK
  6
CONTINUOUS
100
AcDbLine
 10
0.8612075196850394
 20
1.134205905511811
 30
0
 11
0.8574409448818897
 21
1.1334566929133858
 31
0
  0
LINE
  5
914
330
1A
100
AcDbEntity
  8
BLACK
  6
CONTINUOUS
100
AcDbLine
 10
0.8574409448818897
 20
1.1334566929133858
 30
0
 11
0.837755905511811
 21
1.1334566929133858
 31
0
  0
LINE
  5
915
330
1A
100
AcDbEntity
  8
BLACK
  6
CONTINUOUS
100
AcDbLine
 10
0.837755905511811
 20
1.1334566929133858
 30
0
 11
0.8339893307086614
 21
1.134205905511811
 31
0
  0
LINE
  5
916
330
1A
100
AcDbEntity
  8
BLACK
  6
CONTINUOUS
100
AcDbLine
 10
0.8339893307086614
 20
1.134205905511811
 30
0
 11
0.8307961811023622
 21
1.1363394881889763
 31
0
  0
LINE
  5
917
330
1A
100
AcDbEntity
  8
BLACK
  6
CONTINUOUS
100
AcDbLine
 10
0.8307961811023622
 20
1.1363394881889763
 30
0
 11
0.8286625984251969
 21
1.1395326377952755
 31
0
  0
LINE
  5
918
330
1A
100
AcDbEntity
  8
BLACK
  6
CONTINUOUS
100
AcDbLine
 10
0.8286625984251969
 20
1.1395326377952755
 30
0
 11
0.8279133858267717
 21
1.1432992125984252
 31
0
  0
LINE
  5
919
330
1A
100
AcDbEntity
  8
BLACK
  6
CONTINUOUS
100
AcDbLine
 10
0.8279133858267717
 20
1.1432992125984252
 30
0
 11
0.8279133858267717
 21
1.1807007874015747
 31
0
  0
LINE
  5
91A
330
1A
100
AcDbEntity
  8
BLACK
  6
CONTINUOUS
100
AcDbLine
 10
0.8279133858267717
 20
1.1807007874015747
 30
0
 11
0.8286625984251969
 21
1.1844673622047244
 31
0
  0
LINE
  5
91B
330
1A
100
AcDbEntity
  8
BLACK
  6
CONTINUOUS
100
AcDbLine
 10
0.8286625984251969
 20
1.1844673622047244
 30
0
 11
0.8307961811023622
 21
1.1876605118110235
 31
0
  0
LINE
  5
91C
330
1A
100
AcDbEntity
  8
BLACK
  6
CONTINUOUS
100
AcDbLine
 10
0.8307961811023622
 20
1.1876605118110235
 30
0
 11
0.8339893307086614
 21
1.1897940944881888
 31
0
  0
LINE
  5
91D
330
1A
100
AcDbEntity
  8
BLACK
  6
CONTINUOUS
100
AcDbLine
 10
0.8339893307086614
 20
1.1897940944881888
 30
0
 11
0.837755905511811
 21
1.190543307086614
 31
0
  0
LINE
  5
91E
330
1A
100
AcDbEntity
  8
BLACK
  6
CONTINUOUS
100
AcDbLine
 10
0.837755905511811
 20
1.190543307086614
 30
0
 11
0.8574409448818897
 21
1.190543307086614
 31
0
  0
LINE
  5
91F
330
1A
100
AcDbEntity
  8
BLACK
  6
CONTINUOUS
100
AcDbLine
 10
0.8574409448818897
 20
1.190543307086614
 30
0
 11
0.8612075196850394
 21
1.1897940944881888
 31
0
  0
LINE
  5
920
330
1A
100
AcDbEntity
  8
BLACK
  6
CONTINUOUS
100
AcDbLine
 10
0.9360106692913386
 20
1.1897940944881888
 30
0
 11
0.9392038188976378
 21
1.1876605118110235
 31
0
  0
LINE
  5
921
330
1A
100
AcDbEntity
  8
BLACK
  6
CONTINUOUS
100
AcDbLine
 10
0.9392038188976378
 20
1.1876605118110235
 30
0
 11
0.9413374015748032
 21
1.1844673622047244
 31
0
  0
LINE
  5
922
330
1A
100
AcDbEntity
  8
BLACK
  6
CONTINUOUS
100
AcDbLine
 10
0.9413374015748032
 20
1.1844673622047244
 30
0
 11
0.9420866141732284
 21
1.1807007874015747
 31
0
  0
LINE
  5
923
330
1A
100
AcDbEntity
  8
BLACK
  6
CONTINUOUS
100
AcDbLine
 10
0.9420866141732284
 20
1.1807007874015747
 30
0
 11
0.9420866141732284
 21
1.1432992125984252
 31
0
  0
LINE
  5
924
330
1A
100
AcDbEntity
  8
BLACK
  6
CONTINUOUS
100
AcDbLine
 10
0.9420866141732284
 20
1.1432992125984252
 30
0
 11
0.9413374015748032
 21
1.1395326377952755
 31
0
  0
LINE
  5
925
330
1A
100
AcDbEntity
  8
BLACK
  6
CONTINUOUS
100
AcDbLine
 10
0.9413374015748032
 20
1.1395326377952755
 30
0
 11
0.9392038188976378
 21
1.1363394881889763
 31
0
  0
LINE
  5
926
330
1A
100
AcDbEntity
  8
BLACK
  6
CONTINUOUS
100
AcDbLine
 10
0.9392038188976378
 20
1.1363394881889763
 30
0
 11
0.9360106692913386
 21
1.134205905511811
 31
0
  0
LINE
  5
927
330
1A
100
AcDbEntity
  8
BLACK
  6
CONTINUOUS
100
AcDbLine
 10
0.9360106692913386
 20
1.134205905511811
 30
0
 11
0.9322440944881889
 21
1.1334566929133858
 31
0
  0
LINE
  5
928
330
1A
100
AcDbEntity
  8
BLACK
  6
CONTINUOUS
100
AcDbLine
 10
0.9322440944881889
 20
1.1334566929133858
 30
0
 11
0.9125590551181102
 21
1.1334566929133858
 31
0
  0
LINE
  5
929
330
1A
100
AcDbEntity
  8
BLACK
  6
CONTINUOUS
100
AcDbLine
 10
0.9125590551181102
 20
1.1334566929133858
 30
0
 11
0.9087924803149606
 21
1.134205905511811
 31
0
  0
LINE
  5
92A
330
1A
100
AcDbEntity
  8
BLACK
  6
CONTINUOUS
100
AcDbLine
 10
0.9087924803149606
 20
1.134205905511811
 30
0
 11
0.9055993307086614
 21
1.1363394881889763
 31
0
  0
LINE
  5
92B
330
1A
100
AcDbEntity
  8
BLACK
  6
CONTINUOUS
100
AcDbLine
 10
0.9055993307086614
 20
1.1363394881889763
 30
0
 11
0.903465748031496
 21
1.1395326377952755
 31
0
  0
LINE
  5
92C
330
1A
100
AcDbEntity
  8
BLACK
  6
CONTINUOUS
100
AcDbLine
 10
0.903465748031496
 20
1.1395326377952755
 30
0
 11
0.9027165354330708
 21
1.1432992125984252
 31
0
  0
LINE
  5
92D
330
1A
100
AcDbEntity
  8
BLACK
  6
CONTINUOUS
100
AcDbLine
 10
0.9027165354330708
 20
1.1432992125984252
 30
0
 11
0.9027165354330708
 21
1.1807007874015747
 31
0
  0
LINE
  5
92E
330
1A
100
AcDbEntity
  8
BLACK
  6
CONTINUOUS
100
AcDbLine
 10
0.9027165354330708
 20
1.1807007874015747
 30
0
 11
0.903465748031496
 21
1.1844673622047244
 31
0
  0
LINE
  5
92F
330
1A
100
AcDbEntity
  8
BLACK
  6
CONTINUOUS
100
AcDbLine
 10
0.903465748031496
 20
1.1844673622047244
 30
0
 11
0.9055993307086614
 21
1.1876605118110235
 31
0
  0
LINE
  5
930
330
1A
100
AcDbEntity
  8
BLACK
  6
CONTINUOUS
100
AcDbLine
 10
0.9055993307086614
 20
1.1876605118110235
 30
0
 11
0.9087924803149606
 21
1.1897940944881888
 31
0
  0
LINE
  5
931
330
1A
100
AcDbEntity
  8
BLACK
  6
CONTINUOUS
100
AcDbLine
 10
0.9087924803149606
 20
1.1897940944881888
 30
0
 11
0.9125590551181102
 21
1.190543307086614
 31
0
  0
LINE
  5
932
330
1A
100
AcDbEntity
  8
BLACK
  6
CONTINUOUS
100
AcDbLine
 10
0.9125590551181102
 20
1.190543307086614
 30
0
 11
0.9322440944881889
 21
1.190543307086614
 31
0
  0
LINE
  5
933
330
1A
100
AcDbEntity
  8
BLACK
  6
CONTINUOUS
100
AcDbLine
 10
0.9322440944881889
 20
1.190543307086614
 30
0
 11
0.9360106692913386
 21
1.1897940944881888
 31
0
  0
LINE
  5
934
330
1A
100
AcDbEntity
  8
BLACK
  6
CONTINUOUS
100
AcDbLine
 10
1.4610264173228347
 20
1.1862114173228346
 30
0
 11
1.4642195669291338
 21
1.1840778346456693
 31
0
  0
LINE
  5
935
330
1A
100
AcDbEntity
  8
BLACK
  6
CONTINUOUS
100
AcDbLine
 10
1.4642195669291338
 20
1.1840778346456693
 30
0
 11
1.4663531496062991
 21
1.1808846850393699
 31
0
  0
LINE
  5
936
330
1A
100
AcDbEntity
  8
BLACK
  6
CONTINUOUS
100
AcDbLine
 10
1.4663531496062991
 20
1.1808846850393699
 30
0
 11
1.4671023622047243
 21
1.1771181102362205
 31
0
  0
LINE
  5
937
330
1A
100
AcDbEntity
  8
BLACK
  6
CONTINUOUS
100
AcDbLine
 10
1.4671023622047243
 20
1.1771181102362205
 30
0
 11
1.4671023622047243
 21
1.1564488188976378
 31
0
  0
LINE
  5
938
330
1A
100
AcDbEntity
  8
BLACK
  6
CONTINUOUS
100
AcDbLine
 10
1.4671023622047243
 20
1.1564488188976378
 30
0
 11
1.4663531496062991
 21
1.1526822440944882
 31
0
  0
LINE
  5
939
330
1A
100
AcDbEntity
  8
BLACK
  6
CONTINUOUS
100
AcDbLine
 10
1.4663531496062991
 20
1.1526822440944882
 30
0
 11
1.4642195669291338
 21
1.149489094488189
 31
0
  0
LINE
  5
93A
330
1A
100
AcDbEntity
  8
BLACK
  6
CONTINUOUS
100
AcDbLine
 10
1.4642195669291338
 20
1.149489094488189
 30
0
 11
1.4610264173228347
 21
1.1473555118110237
 31
0
  0
LINE
  5
93B
330
1A
100
AcDbEntity
  8
BLACK
  6
CONTINUOUS
100
AcDbLine
 10
1.4610264173228347
 20
1.1473555118110237
 30
0
 11
1.457259842519685
 21
1.1466062992125985
 31
0
  0
LINE
  5
93C
330
1A
100
AcDbEntity
  8
BLACK
  6
CONTINUOUS
100
AcDbLine
 10
1.457259842519685
 20
1.1466062992125985
 30
0
 11
1.4218267716535433
 21
1.1466062992125985
 31
0
  0
LINE
  5
93D
330
1A
100
AcDbEntity
  8
BLACK
  6
CONTINUOUS
100
AcDbLine
 10
1.4218267716535433
 20
1.1466062992125985
 30
0
 11
1.4180601968503936
 21
1.1473555118110237
 31
0
  0
LINE
  5
93E
330
1A
100
AcDbEntity
  8
BLACK
  6
CONTINUOUS
100
AcDbLine
 10
1.4180601968503936
 20
1.1473555118110237
 30
0
 11
1.4148670472440945
 21
1.149489094488189
 31
0
  0
LINE
  5
93F
330
1A
100
AcDbEntity
  8
BLACK
  6
CONTINUOUS
100
AcDbLine
 10
1.4148670472440945
 20
1.149489094488189
 30
0
 11
1.4127334645669292
 21
1.1526822440944882
 31
0
  0
LINE
  5
940
330
1A
100
AcDbEntity
  8
BLACK
  6
CONTINUOUS
100
AcDbLine
 10
1.4127334645669292
 20
1.1526822440944882
 30
0
 11
1.411984251968504
 21
1.1564488188976378
 31
0
  0
LINE
  5
941
330
1A
100
AcDbEntity
  8
BLACK
  6
CONTINUOUS
100
AcDbLine
 10
1.411984251968504
 20
1.1564488188976378
 30
0
 11
1.411984251968504
 21
1.1771181102362205
 31
0
  0
LINE
  5
942
330
1A
100
AcDbEntity
  8
BLACK
  6
CONTINUOUS
100
AcDbLine
 10
1.411984251968504
 20
1.1771181102362205
 30
0
 11
1.4127334645669292
 21
1.1808846850393699
 31
0
  0
LINE
  5
943
330
1A
100
AcDbEntity
  8
BLACK
  6
CONTINUOUS
100
AcDbLine
 10
1.4127334645669292
 20
1.1808846850393699
 30
0
 11
1.4148670472440945
 21
1.1840778346456693
 31
0
  0
LINE
  5
944
330
1A
100
AcDbEntity
  8
BLACK
  6
CONTINUOUS
100
AcDbLine
 10
1.4148670472440945
 20
1.1840778346456693
 30
0
 11
1.4180601968503936
 21
1.1862114173228346
 31
0
  0
LINE
  5
945
330
1A
100
AcDbEntity
  8
BLACK
  6
CONTINUOUS
100
AcDbLine
 10
1.4180601968503936
 20
1.1862114173228346
 30
0
 11
1.4218267716535433
 21
1.1869606299212598
 31
0
  0
LINE
  5
946
330
1A
100
AcDbEntity
  8
BLACK
  6
CONTINUOUS
100
AcDbLine
 10
1.4218267716535433
 20
1.1869606299212598
 30
0
 11
1.457259842519685
 21
1.1869606299212598
 31
0
  0
LINE
  5
947
330
1A
100
AcDbEntity
  8
BLACK
  6
CONTINUOUS
100
AcDbLine
 10
1.457259842519685
 20
1.1869606299212598
 30
0
 11
1.4610264173228347
 21
1.1862114173228346
 31
0
  0
LINE
  5
948
330
1A
100
AcDbEntity
  8
BLACK
  6
CONTINUOUS
100
AcDbLine
 10
0.6514673622047243
 20
1.1913374015748031
 30
0
 11
0.6546605118110236
 21
1.1892038188976377
 31
0
  0
LINE
  5
949
330
1A
100
AcDbEntity
  8
BLACK
  6
CONTINUOUS
100
AcDbLine
 10
0.6546605118110236
 20
1.1892038188976377
 30
0
 11
0.6567940944881889
 21
1.1860106692913386
 31
0
  0
LINE
  5
94A
330
1A
100
AcDbEntity
  8
BLACK
  6
CONTINUOUS
100
AcDbLine
 10
0.6567940944881889
 20
1.1860106692913386
 30
0
 11
0.6575433070866141
 21
1.1822440944881889
 31
0
  0
LINE
  5
94B
330
1A
100
AcDbEntity
  8
BLACK
  6
CONTINUOUS
100
AcDbLine
 10
0.6575433070866141
 20
1.1822440944881889
 30
0
 11
0.6575433070866141
 21
1.1625590551181102
 31
0
  0
LINE
  5
94C
330
1A
100
AcDbEntity
  8
BLACK
  6
CONTINUOUS
100
AcDbLine
 10
0.6575433070866141
 20
1.1625590551181102
 30
0
 11
0.6567940944881889
 21
1.1587924803149605
 31
0
  0
LINE
  5
94D
330
1A
100
AcDbEntity
  8
BLACK
  6
CONTINUOUS
100
AcDbLine
 10
0.6567940944881889
 20
1.1587924803149605
 30
0
 11
0.6546605118110236
 21
1.1555993307086614
 31
0
  0
LINE
  5
94E
330
1A
100
AcDbEntity
  8
BLACK
  6
CONTINUOUS
100
AcDbLine
 10
0.6546605118110236
 20
1.1555993307086614
 30
0
 11
0.6514673622047243
 21
1.153465748031496
 31
0
  0
LINE
  5
94F
330
1A
100
AcDbEntity
  8
BLACK
  6
CONTINUOUS
100
AcDbLine
 10
0.6514673622047243
 20
1.153465748031496
 30
0
 11
0.6477007874015748
 21
1.1527165354330708
 31
0
  0
LINE
  5
950
330
1A
100
AcDbEntity
  8
BLACK
  6
CONTINUOUS
100
AcDbLine
 10
0.6477007874015748
 20
1.1527165354330708
 30
0
 11
0.6102992125984252
 21
1.1527165354330708
 31
0
  0
LINE
  5
951
330
1A
100
AcDbEntity
  8
BLACK
  6
CONTINUOUS
100
AcDbLine
 10
0.6102992125984252
 20
1.1527165354330708
 30
0
 11
0.6065326377952756
 21
1.153465748031496
 31
0
  0
LINE
  5
952
330
1A
100
AcDbEntity
  8
BLACK
  6
CONTINUOUS
100
AcDbLine
 10
0.6065326377952756
 20
1.153465748031496
 30
0
 11
0.6033394881889763
 21
1.1555993307086614
 31
0
  0
LINE
  5
953
330
1A
100
AcDbEntity
  8
BLACK
  6
CONTINUOUS
100
AcDbLine
 10
0.6033394881889763
 20
1.1555993307086614
 30
0
 11
0.601205905511811
 21
1.1587924803149605
 31
0
  0
LINE
  5
954
330
1A
100
AcDbEntity
  8
BLACK
  6
CONTINUOUS
100
AcDbLine
 10
0.601205905511811
 20
1.1587924803149605
 30
0
 11
0.6004566929133858
 21
1.1625590551181102
 31
0
  0
LINE
  5
955
330
1A
100
AcDbEntity
  8
BLACK
  6
CONTINUOUS
100
AcDbLine
 10
0.6004566929133858
 20
1.1625590551181102
 30
0
 11
0.6004566929133858
 21
1.1822440944881889
 31
0
  0
LINE
  5
956
330
1A
100
AcDbEntity
  8
BLACK
  6
CONTINUOUS
100
AcDbLine
 10
0.6004566929133858
 20
1.1822440944881889
 30
0
 11
0.601205905511811
 21
1.1860106692913386
 31
0
  0
LINE
  5
957
330
1A
100
AcDbEntity
  8
BLACK
  6
CONTINUOUS
100
AcDbLine
 10
0.601205905511811
 20
1.1860106692913386
 30
0
 11
0.6033394881889763
 21
1.1892038188976377
 31
0
  0
LINE
  5
958
330
1A
100
AcDbEntity
  8
BLACK
  6
CONTINUOUS
100
AcDbLine
 10
0.6033394881889763
 20
1.1892038188976377
 30
0
 11
0.6065326377952756
 21
1.1913374015748031
 31
0
  0
LINE
  5
959
330
1A
100
AcDbEntity
  8
BLACK
  6
CONTINUOUS
100
AcDbLine
 10
0.6065326377952756
 20
1.1913374015748031
 30
0
 11
0.6102992125984252
 21
1.1920866141732283
 31
0
  0
LINE
  5
95A
330
1A
100
AcDbEntity
  8
BLACK
  6
CONTINUOUS
100
AcDbLine
 10
0.6102992125984252
 20
1.1920866141732283
 30
0
 11
0.6477007874015748
 21
1.1920866141732283
 31
0
  0
LINE
  5
95B
330
1A
100
AcDbEntity
  8
BLACK
  6
CONTINUOUS
100
AcDbLine
 10
0.6477007874015748
 20
1.1920866141732283
 30
0
 11
0.6514673622047243
 21
1.1913374015748031
 31
0
  0
LINE
  5
95C
330
1A
100
AcDbEntity
  8
BLACK
  6
CONTINUOUS
100
AcDbLine
 10
0.4487244094488189
 20
1.1835669291338582
 30
0
 11
0.4172283464566929
 21
1.1835669291338582
 31
0
  0
LINE
  5
95D
330
1A
100
AcDbEntity
  8
BLACK
  6
CONTINUOUS
100
AcDbLine
 10
0.4172283464566929
 20
1.1835669291338582
 30
0
 11
0.4172283464566929
 21
1.1953779527559054
 31
0
  0
LINE
  5
95E
330
1A
100
AcDbEntity
  8
BLACK
  6
CONTINUOUS
100
AcDbLine
 10
0.4172283464566929
 20
1.1953779527559054
 30
0
 11
0.4487244094488189
 21
1.1953779527559054
 31
0
  0
LINE
  5
95F
330
1A
100
AcDbEntity
  8
BLACK
  6
CONTINUOUS
100
AcDbLine
 10
0.4487244094488189
 20
1.1953779527559054
 30
0
 11
0.4487244094488189
 21
1.1835669291338582
 31
0
  0
LINE
  5
960
330
1A
100
AcDbEntity
  8
BLACK
  6
CONTINUOUS
100
AcDbLine
 10
0.5707716535433071
 20
1.1835669291338582
 30
0
 11
0.5392755905511811
 21
1.1835669291338582
 31
0
  0
LINE
  5
961
330
1A
100
AcDbEntity
  8
BLACK
  6
CONTINUOUS
100
AcDbLine
 10
0.5392755905511811
 20
1.1835669291338582
 30
0
 11
0.5392755905511811
 21
1.1953779527559054
 31
0
  0
LINE
  5
962
330
1A
100
AcDbEntity
  8
BLACK
  6
CONTINUOUS
100
AcDbLine
 10
0.5392755905511811
 20
1.1953779527559054
 30
0
 11
0.5707716535433071
 21
1.1953779527559054
 31
0
  0
LINE
  5
963
330
1A
100
AcDbEntity
  8
BLACK
  6
CONTINUOUS
100
AcDbLine
 10
0.5707716535433071
 20
1.1953779527559054
 30
0
 11
0.5707716535433071
 21
1.1835669291338582
 31
0
  0
LINE
  5
964
330
1A
100
AcDbEntity
  8
BLACK
  6
CONTINUOUS
100
AcDbLine
 10
1.7510106692913385
 20
1.2243925590551181
 30
0
 11
1.7542038188976377
 21
1.2222589763779528
 31
0
  0
LINE
  5
965
330
1A
100
AcDbEntity
  8
BLACK
  6
CONTINUOUS
100
AcDbLine
 10
1.7542038188976377
 20
1.2222589763779528
 30
0
 11
1.756337401574803
 21
1.2190658267716534
 31
0
  0
LINE
  5
966
330
1A
100
AcDbEntity
  8
BLACK
  6
CONTINUOUS
100
AcDbLine
 10
1.756337401574803
 20
1.2190658267716534
 30
0
 11
1.7570866141732282
 21
1.215299251968504
 31
0
  0
LINE
  5
967
330
1A
100
AcDbEntity
  8
BLACK
  6
CONTINUOUS
100
AcDbLine
 10
1.7570866141732282
 20
1.215299251968504
 30
0
 11
1.7570866141732282
 21
1.1956142125984253
 31
0
  0
LINE
  5
968
330
1A
100
AcDbEntity
  8
BLACK
  6
CONTINUOUS
100
AcDbLine
 10
1.7570866141732282
 20
1.1956142125984253
 30
0
 11
1.756337401574803
 21
1.1918476377952756
 31
0
  0
LINE
  5
969
330
1A
100
AcDbEntity
  8
BLACK
  6
CONTINUOUS
100
AcDbLine
 10
1.756337401574803
 20
1.1918476377952756
 30
0
 11
1.7542038188976377
 21
1.1886544881889765
 31
0
  0
LINE
  5
96A
330
1A
100
AcDbEntity
  8
BLACK
  6
CONTINUOUS
100
AcDbLine
 10
1.7542038188976377
 20
1.1886544881889765
 30
0
 11
1.7510106692913385
 21
1.1865209055118109
 31
0
  0
LINE
  5
96B
330
1A
100
AcDbEntity
  8
BLACK
  6
CONTINUOUS
100
AcDbLine
 10
1.7510106692913385
 20
1.1865209055118109
 30
0
 11
1.7472440944881888
 21
1.1857716929133859
 31
0
  0
LINE
  5
96C
330
1A
100
AcDbEntity
  8
BLACK
  6
CONTINUOUS
100
AcDbLine
 10
1.7472440944881888
 20
1.1857716929133859
 30
0
 11
1.7098425196850393
 21
1.1857716929133859
 31
0
  0
LINE
  5
96D
330
1A
100
AcDbEntity
  8
BLACK
  6
CONTINUOUS
100
AcDbLine
 10
1.7098425196850393
 20
1.1857716929133859
 30
0
 11
1.7060759448818896
 21
1.1865209055118109
 31
0
  0
LINE
  5
96E
330
1A
100
AcDbEntity
  8
BLACK
  6
CONTINUOUS
100
AcDbLine
 10
1.7060759448818896
 20
1.1865209055118109
 30
0
 11
1.7028827952755905
 21
1.1886544881889765
 31
0
  0
LINE
  5
96F
330
1A
100
AcDbEntity
  8
BLACK
  6
CONTINUOUS
100
AcDbLine
 10
1.7028827952755905
 20
1.1886544881889765
 30
0
 11
1.7007492125984252
 21
1.1918476377952756
 31
0
  0
LINE
  5
970
330
1A
100
AcDbEntity
  8
BLACK
  6
CONTINUOUS
100
AcDbLine
 10
1.7007492125984252
 20
1.1918476377952756
 30
0
 11
1.7
 21
1.1956142125984253
 31
0
  0
LINE
  5
971
330
1A
100
AcDbEntity
  8
BLACK
  6
CONTINUOUS
100
AcDbLine
 10
1.7
 20
1.1956142125984253
 30
0
 11
1.7
 21
1.215299251968504
 31
0
  0
LINE
  5
972
330
1A
100
AcDbEntity
  8
BLACK
  6
CONTINUOUS
100
AcDbLine
 10
1.7
 20
1.215299251968504
 30
0
 11
1.7007492125984252
 21
1.2190658267716534
 31
0
  0
LINE
  5
973
330
1A
100
AcDbEntity
  8
BLACK
  6
CONTINUOUS
100
AcDbLine
 10
1.7007492125984252
 20
1.2190658267716534
 30
0
 11
1.7028827952755905
 21
1.2222589763779528
 31
0
  0
LINE
  5
974
330
1A
100
AcDbEntity
  8
BLACK
  6
CONTINUOUS
100
AcDbLine
 10
1.7028827952755905
 20
1.2222589763779528
 30
0
 11
1.7060759448818896
 21
1.2243925590551181
 31
0
  0
LINE
  5
975
330
1A
100
AcDbEntity
  8
BLACK
  6
CONTINUOUS
100
AcDbLine
 10
1.7060759448818896
 20
1.2243925590551181
 30
0
 11
1.7098425196850393
 21
1.2251417716535433
 31
0
  0
LINE
  5
976
330
1A
100
AcDbEntity
  8
BLACK
  6
CONTINUOUS
100
AcDbLine
 10
1.7098425196850393
 20
1.2251417716535433
 30
0
 11
1.7472440944881888
 21
1.2251417716535433
 31
0
  0
LINE
  5
977
330
1A
100
AcDbEntity
  8
BLACK
  6
CONTINUOUS
100
AcDbLine
 10
1.7472440944881888
 20
1.2251417716535433
 30
0
 11
1.7510106692913385
 21
1.2243925590551181
 31
0
  0
LINE
  5
978
330
1A
100
AcDbEntity
  8
BLACK
  6
CONTINUOUS
100
AcDbLine
 10
0.4487244094488189
 20
1.2032519685039369
 30
0
 11
0.4172283464566929
 21
1.2032519685039369
 31
0
  0
LINE
  5
979
330
1A
100
AcDbEntity
  8
BLACK
  6
CONTINUOUS
100
AcDbLine
 10
0.4172283464566929
 20
1.2032519685039369
 30
0
 11
0.4172283464566929
 21
1.2150629921259841
 31
0
  0
LINE
  5
97A
330
1A
100
AcDbEntity
  8
BLACK
  6
CONTINUOUS
100
AcDbLine
 10
0.4172283464566929
 20
1.2150629921259841
 30
0
 11
0.4487244094488189
 21
1.2150629921259841
 31
0
  0
LINE
  5
97B
330
1A
100
AcDbEntity
  8
BLACK
  6
CONTINUOUS
100
AcDbLine
 10
0.4487244094488189
 20
1.2150629921259841
 30
0
 11
0.4487244094488189
 21
1.2032519685039369
 31
0
  0
LINE
  5
97C
330
1A
100
AcDbEntity
  8
BLACK
  6
CONTINUOUS
100
AcDbLine
 10
0.5707716535433071
 20
1.2032519685039369
 30
0
 11
0.5392755905511811
 21
1.2032519685039369
 31
0
  0
LINE
  5
97D
330
1A
100
AcDbEntity
  8
BLACK
  6
CONTINUOUS
100
AcDbLine
 10
0.5392755905511811
 20
1.2032519685039369
 30
0
 11
0.5392755905511811
 21
1.2150629921259841
 31
0
  0
LINE
  5
97E
330
1A
100
AcDbEntity
  8
BLACK
  6
CONTINUOUS
100
AcDbLine
 10
0.5392755905511811
 20
1.2150629921259841
 30
0
 11
0.5707716535433071
 21
1.2150629921259841
 31
0
  0
LINE
  5
97F
330
1A
100
AcDbEntity
  8
BLACK
  6
CONTINUOUS
100
AcDbLine
 10
0.5707716535433071
 20
1.2150629921259841
 30
0
 11
0.5707716535433071
 21
1.2032519685039369
 31
0
  0
LINE
  5
980
330
1A
100
AcDbEntity
  8
BLACK
  6
CONTINUOUS
100
AcDbLine
 10
2.1708768110236218
 20
1.2586838582677164
 30
0
 11
2.1740699606299212
 21
1.2565502755905511
 31
0
  0
LINE
  5
981
330
1A
100
AcDbEntity
  8
BLACK
  6
CONTINUOUS
100
AcDbLine
 10
2.1740699606299212
 20
1.2565502755905511
 30
0
 11
2.1762035433070865
 21
1.253357125984252
 31
0
  0
LINE
  5
982
330
1A
100
AcDbEntity
  8
BLACK
  6
CONTINUOUS
100
AcDbLine
 10
2.1762035433070865
 20
1.253357125984252
 30
0
 11
2.176952755905512
 21
1.2495905511811023
 31
0
  0
LINE
  5
983
330
1A
100
AcDbEntity
  8
BLACK
  6
CONTINUOUS
100
AcDbLine
 10
2.176952755905512
 20
1.2495905511811023
 30
0
 11
2.176952755905512
 21
1.2161259842519685
 31
0
  0
LINE
  5
984
330
1A
100
AcDbEntity
  8
BLACK
  6
CONTINUOUS
100
AcDbLine
 10
2.176952755905512
 20
1.2161259842519685
 30
0
 11
2.1762035433070865
 21
1.2123594094488188
 31
0
  0
LINE
  5
985
330
1A
100
AcDbEntity
  8
BLACK
  6
CONTINUOUS
100
AcDbLine
 10
2.1762035433070865
 20
1.2123594094488188
 30
0
 11
2.1740699606299212
 21
1.2091662598425197
 31
0
  0
LINE
  5
986
330
1A
100
AcDbEntity
  8
BLACK
  6
CONTINUOUS
100
AcDbLine
 10
2.1740699606299212
 20
1.2091662598425197
 30
0
 11
2.1708768110236218
 21
1.2070326771653543
 31
0
  0
LINE
  5
987
330
1A
100
AcDbEntity
  8
BLACK
  6
CONTINUOUS
100
AcDbLine
 10
2.1708768110236218
 20
1.2070326771653543
 30
0
 11
2.1671102362204726
 21
1.2062834645669291
 31
0
  0
LINE
  5
988
330
1A
100
AcDbEntity
  8
BLACK
  6
CONTINUOUS
100
AcDbLine
 10
2.1671102362204726
 20
1.2062834645669291
 30
0
 11
2.1316771653543305
 21
1.2062834645669291
 31
0
  0
LINE
  5
989
330
1A
100
AcDbEntity
  8
BLACK
  6
CONTINUOUS
100
AcDbLine
 10
2.1316771653543305
 20
1.2062834645669291
 30
0
 11
2.1279105905511813
 21
1.2070326771653543
 31
0
  0
LINE
  5
98A
330
1A
100
AcDbEntity
  8
BLACK
  6
CONTINUOUS
100
AcDbLine
 10
2.1279105905511813
 20
1.2070326771653543
 30
0
 11
2.1247174409448819
 21
1.2091662598425197
 31
0
  0
LINE
  5
98B
330
1A
100
AcDbEntity
  8
BLACK
  6
CONTINUOUS
100
AcDbLine
 10
2.1247174409448819
 20
1.2091662598425197
 30
0
 11
2.1225838582677166
 21
1.2123594094488188
 31
0
  0
LINE
  5
98C
330
1A
100
AcDbEntity
  8
BLACK
  6
CONTINUOUS
100
AcDbLine
 10
2.1225838582677166
 20
1.2123594094488188
 30
0
 11
2.1218346456692911
 21
1.2161259842519685
 31
0
  0
LINE
  5
98D
330
1A
100
AcDbEntity
  8
BLACK
  6
CONTINUOUS
100
AcDbLine
 10
2.1218346456692911
 20
1.2161259842519685
 30
0
 11
2.1218346456692911
 21
1.2495905511811023
 31
0
  0
LINE
  5
98E
330
1A
100
AcDbEntity
  8
BLACK
  6
CONTINUOUS
100
AcDbLine
 10
2.1218346456692911
 20
1.2495905511811023
 30
0
 11
2.1225838582677166
 21
1.253357125984252
 31
0
  0
LINE
  5
98F
330
1A
100
AcDbEntity
  8
BLACK
  6
CONTINUOUS
100
AcDbLine
 10
2.1225838582677166
 20
1.253357125984252
 30
0
 11
2.1247174409448819
 21
1.2565502755905511
 31
0
  0
LINE
  5
990
330
1A
100
AcDbEntity
  8
BLACK
  6
CONTINUOUS
100
AcDbLine
 10
2.1247174409448819
 20
1.2565502755905511
 30
0
 11
2.1279105905511813
 21
1.2586838582677164
 31
0
  0
LINE
  5
991
330
1A
100
AcDbEntity
  8
BLACK
  6
CONTINUOUS
100
AcDbLine
 10
2.1279105905511813
 20
1.2586838582677164
 30
0
 11
2.1316771653543305
 21
1.2594330708661416
 31
0
  0
LINE
  5
992
330
1A
100
AcDbEntity
  8
BLACK
  6
CONTINUOUS
100
AcDbLine
 10
2.1316771653543305
 20
1.2594330708661416
 30
0
 11
2.1671102362204726
 21
1.2594330708661416
 31
0
  0
LINE
  5
993
330
1A
100
AcDbEntity
  8
BLACK
  6
CONTINUOUS
100
AcDbLine
 10
2.1671102362204726
 20
1.2594330708661416
 30
0
 11
2.1708768110236218
 21
1.2586838582677164
 31
0
  0
LINE
  5
994
330
1A
100
AcDbEntity
  8
BLACK
  6
CONTINUOUS
100
AcDbLine
 10
2.2771760236220473
 20
1.2586838582677164
 30
0
 11
2.2803691732283462
 21
1.2565502755905511
 31
0
  0
LINE
  5
995
330
1A
100
AcDbEntity
  8
BLACK
  6
CONTINUOUS
100
AcDbLine
 10
2.2803691732283462
 20
1.2565502755905511
 30
0
 11
2.2825027559055115
 21
1.253357125984252
 31
0
  0
LINE
  5
996
330
1A
100
AcDbEntity
  8
BLACK
  6
CONTINUOUS
100
AcDbLine
 10
2.2825027559055115
 20
1.253357125984252
 30
0
 11
2.283251968503937
 21
1.2495905511811023
 31
0
  0
LINE
  5
997
330
1A
100
AcDbEntity
  8
BLACK
  6
CONTINUOUS
100
AcDbLine
 10
2.283251968503937
 20
1.2495905511811023
 30
0
 11
2.283251968503937
 21
1.2161259842519685
 31
0
  0
LINE
  5
998
330
1A
100
AcDbEntity
  8
BLACK
  6
CONTINUOUS
100
AcDbLine
 10
2.283251968503937
 20
1.2161259842519685
 30
0
 11
2.2825027559055115
 21
1.2123594094488188
 31
0
  0
LINE
  5
999
330
1A
100
AcDbEntity
  8
BLACK
  6
CONTINUOUS
100
AcDbLine
 10
2.2825027559055115
 20
1.2123594094488188
 30
0
 11
2.2803691732283462
 21
1.2091662598425197
 31
0
  0
LINE
  5
99A
330
1A
100
AcDbEntity
  8
BLACK
  6
CONTINUOUS
100
AcDbLine
 10
2.2803691732283462
 20
1.2091662598425197
 30
0
 11
2.2771760236220473
 21
1.2070326771653543
 31
0
  0
LINE
  5
99B
330
1A
100
AcDbEntity
  8
BLACK
  6
CONTINUOUS
100
AcDbLine
 10
2.2771760236220473
 20
1.2070326771653543
 30
0
 11
2.2734094488188976
 21
1.2062834645669291
 31
0
  0
LINE
  5
99C
330
1A
100
AcDbEntity
  8
BLACK
  6
CONTINUOUS
100
AcDbLine
 10
2.2734094488188976
 20
1.2062834645669291
 30
0
 11
2.2379763779527559
 21
1.2062834645669291
 31
0
  0
LINE
  5
99D
330
1A
100
AcDbEntity
  8
BLACK
  6
CONTINUOUS
100
AcDbLine
 10
2.2379763779527559
 20
1.2062834645669291
 30
0
 11
2.2342098031496063
 21
1.2070326771653543
 31
0
  0
LINE
  5
99E
330
1A
100
AcDbEntity
  8
BLACK
  6
CONTINUOUS
100
AcDbLine
 10
2.2342098031496063
 20
1.2070326771653543
 30
0
 11
2.2310166535433069
 21
1.2091662598425197
 31
0
  0
LINE
  5
99F
330
1A
100
AcDbEntity
  8
BLACK
  6
CONTINUOUS
100
AcDbLine
 10
2.2310166535433069
 20
1.2091662598425197
 30
0
 11
2.2288830708661416
 21
1.2123594094488188
 31
0
  0
LINE
  5
9A0
330
1A
100
AcDbEntity
  8
BLACK
  6
CONTINUOUS
100
AcDbLine
 10
2.2288830708661416
 20
1.2123594094488188
 30
0
 11
2.2281338582677166
 21
1.2161259842519685
 31
0
  0
LINE
  5
9A1
330
1A
100
AcDbEntity
  8
BLACK
  6
CONTINUOUS
100
AcDbLine
 10
2.2281338582677166
 20
1.2161259842519685
 30
0
 11
2.2281338582677166
 21
1.2495905511811023
 31
0
  0
LINE
  5
9A2
330
1A
100
AcDbEntity
  8
BLACK
  6
CONTINUOUS
100
AcDbLine
 10
2.2281338582677166
 20
1.2495905511811023
 30
0
 11
2.2288830708661416
 21
1.253357125984252
 31
0
  0
LINE
  5
9A3
330
1A
100
AcDbEntity
  8
BLACK
  6
CONTINUOUS
100
AcDbLine
 10
2.2288830708661416
 20
1.253357125984252
 30
0
 11
2.2310166535433069
 21
1.2565502755905511
 31
0
  0
LINE
  5
9A4
330
1A
100
AcDbEntity
  8
BLACK
  6
CONTINUOUS
100
AcDbLine
 10
2.2310166535433069
 20
1.2565502755905511
 30
0
 11
2.2342098031496063
 21
1.2586838582677164
 31
0
  0
LINE
  5
9A5
330
1A
100
AcDbEntity
  8
BLACK
  6
CONTINUOUS
100
AcDbLine
 10
2.2342098031496063
 20
1.2586838582677164
 30
0
 11
2.2379763779527559
 21
1.2594330708661416
 31
0
  0
LINE
  5
9A6
330
1A
100
AcDbEntity
  8
BLACK
  6
CONTINUOUS
100
AcDbLine
 10
2.2379763779527559
 20
1.2594330708661416
 30
0
 11
2.2734094488188976
 21
1.2594330708661416
 31
0
  0
LINE
  5
9A7
330
1A
100
AcDbEntity
  8
BLACK
  6
CONTINUOUS
100
AcDbLine
 10
2.2734094488188976
 20
1.2594330708661416
 30
0
 11
2.2771760236220473
 21
1.2586838582677164
 31
0
  0
LINE
  5
9A8
330
1A
100
AcDbEntity
  8
BLACK
  6
CONTINUOUS
100
AcDbLine
 10
0.4487244094488189
 20
1.2229370078740158
 30
0
 11
0.4172283464566929
 21
1.2229370078740158
 31
0
  0
LINE
  5
9A9
330
1A
100
AcDbEntity
  8
BLACK
  6
CONTINUOUS
100
AcDbLine
 10
0.4172283464566929
 20
1.2229370078740158
 30
0
 11
0.4172283464566929
 21
1.234748031496063
 31
0
  0
LINE
  5
9AA
330
1A
100
AcDbEntity
  8
BLACK
  6
CONTINUOUS
100
AcDbLine
 10
0.4172283464566929
 20
1.234748031496063
 30
0
 11
0.4487244094488189
 21
1.234748031496063
 31
0
  0
LINE
  5
9AB
330
1A
100
AcDbEntity
  8
BLACK
  6
CONTINUOUS
100
AcDbLine
 10
0.4487244094488189
 20
1.234748031496063
 30
0
 11
0.4487244094488189
 21
1.2229370078740158
 31
0
  0
LINE
  5
9AC
330
1A
100
AcDbEntity
  8
BLACK
  6
CONTINUOUS
100
AcDbLine
 10
0.5707716535433071
 20
1.2229370078740158
 30
0
 11
0.5392755905511811
 21
1.2229370078740158
 31
0
  0
LINE
  5
9AD
330
1A
100
AcDbEntity
  8
BLACK
  6
CONTINUOUS
100
AcDbLine
 10
0.5392755905511811
 20
1.2229370078740158
 30
0
 11
0.5392755905511811
 21
1.234748031496063
 31
0
  0
LINE
  5
9AE
330
1A
100
AcDbEntity
  8
BLACK
  6
CONTINUOUS
100
AcDbLine
 10
0.5392755905511811
 20
1.234748031496063
 30
0
 11
0.5707716535433071
 21
1.234748031496063
 31
0
  0
LINE
  5
9AF
330
1A
100
AcDbEntity
  8
BLACK
  6
CONTINUOUS
100
AcDbLine
 10
0.5707716535433071
 20
1.234748031496063
 30
0
 11
0.5707716535433071
 21
1.2229370078740158
 31
0
  0
LINE
  5
9B0
330
1A
100
AcDbEntity
  8
BLACK
  6
CONTINUOUS
100
AcDbLine
 10
1.1127638976377952
 20
1.2826764566929134
 30
0
 11
1.1146797637795276
 21
1.2813962992125985
 31
0
  0
LINE
  5
9B1
330
1A
100
AcDbEntity
  8
BLACK
  6
CONTINUOUS
100
AcDbLine
 10
1.1146797637795276
 20
1.2813962992125985
 30
0
 11
1.1159599212598426
 21
1.279480433070866
 31
0
  0
LINE
  5
9B2
330
1A
100
AcDbEntity
  8
BLACK
  6
CONTINUOUS
100
AcDbLine
 10
1.1159599212598426
 20
1.279480433070866
 30
0
 11
1.1164094488188976
 21
1.2772204724409448
 31
0
  0
LINE
  5
9B3
330
1A
100
AcDbEntity
  8
BLACK
  6
CONTINUOUS
100
AcDbLine
 10
1.1164094488188976
 20
1.2772204724409448
 30
0
 11
1.1164094488188976
 21
1.2309606299212599
 31
0
  0
LINE
  5
9B4
330
1A
100
AcDbEntity
  8
BLACK
  6
CONTINUOUS
100
AcDbLine
 10
1.1164094488188976
 20
1.2309606299212599
 30
0
 11
1.1159599212598426
 21
1.2287006692913385
 31
0
  0
LINE
  5
9B5
330
1A
100
AcDbEntity
  8
BLACK
  6
CONTINUOUS
100
AcDbLine
 10
1.1159599212598426
 20
1.2287006692913385
 30
0
 11
1.1146797637795276
 21
1.2267848031496063
 31
0
  0
LINE
  5
9B6
330
1A
100
AcDbEntity
  8
BLACK
  6
CONTINUOUS
100
AcDbLine
 10
1.1146797637795276
 20
1.2267848031496063
 30
0
 11
1.1127638976377952
 21
1.2255046456692913
 31
0
  0
LINE
  5
9B7
330
1A
100
AcDbEntity
  8
BLACK
  6
CONTINUOUS
100
AcDbLine
 10
1.1127638976377952
 20
1.2255046456692913
 30
0
 11
1.110503937007874
 21
1.2250551181102363
 31
0
  0
LINE
  5
9B8
330
1A
100
AcDbEntity
  8
BLACK
  6
CONTINUOUS
100
AcDbLine
 10
1.110503937007874
 20
1.2250551181102363
 30
0
 11
1.0986929133858268
 21
1.2250551181102363
 31
0
  0
LINE
  5
9B9
330
1A
100
AcDbEntity
  8
BLACK
  6
CONTINUOUS
100
AcDbLine
 10
1.0986929133858268
 20
1.2250551181102363
 30
0
 11
1.0964329527559056
 21
1.2255046456692913
 31
0
  0
LINE
  5
9BA
330
1A
100
AcDbEntity
  8
BLACK
  6
CONTINUOUS
100
AcDbLine
 10
1.0964329527559056
 20
1.2255046456692913
 30
0
 11
1.0945170866141731
 21
1.2267848031496063
 31
0
  0
LINE
  5
9BB
330
1A
100
AcDbEntity
  8
BLACK
  6
CONTINUOUS
100
AcDbLine
 10
1.0945170866141731
 20
1.2267848031496063
 30
0
 11
1.0932369291338582
 21
1.2287006692913385
 31
0
  0
LINE
  5
9BC
330
1A
100
AcDbEntity
  8
BLACK
  6
CONTINUOUS
100
AcDbLine
 10
1.0932369291338582
 20
1.2287006692913385
 30
0
 11
1.0927874015748031
 21
1.2309606299212599
 31
0
  0
LINE
  5
9BD
330
1A
100
AcDbEntity
  8
BLACK
  6
CONTINUOUS
100
AcDbLine
 10
1.0927874015748031
 20
1.2309606299212599
 30
0
 11
1.0927874015748031
 21
1.2772204724409448
 31
0
  0
LINE
  5
9BE
330
1A
100
AcDbEntity
  8
BLACK
  6
CONTINUOUS
100
AcDbLine
 10
1.0927874015748031
 20
1.2772204724409448
 30
0
 11
1.0932369291338582
 21
1.279480433070866
 31
0
  0
LINE
  5
9BF
330
1A
100
AcDbEntity
  8
BLACK
  6
CONTINUOUS
100
AcDbLine
 10
1.0932369291338582
 20
1.279480433070866
 30
0
 11
1.0945170866141731
 21
1.2813962992125985
 31
0
  0
LINE
  5
9C0
330
1A
100
AcDbEntity
  8
BLACK
  6
CONTINUOUS
100
AcDbLine
 10
1.0945170866141731
 20
1.2813962992125985
 30
0
 11
1.0964329527559056
 21
1.2826764566929134
 31
0
  0
LINE
  5
9C1
330
1A
100
AcDbEntity
  8
BLACK
  6
CONTINUOUS
100
AcDbLine
 10
1.0964329527559056
 20
1.2826764566929134
 30
0
 11
1.0986929133858268
 21
1.2831259842519684
 31
0
  0
LINE
  5
9C2
330
1A
100
AcDbEntity
  8
BLACK
  6
CONTINUOUS
100
AcDbLine
 10
1.0986929133858268
 20
1.2831259842519684
 30
0
 11
1.110503937007874
 21
1.2831259842519684
 31
0
  0
LINE
  5
9C3
330
1A
100
AcDbEntity
  8
BLACK
  6
CONTINUOUS
100
AcDbLine
 10
1.110503937007874
 20
1.2831259842519684
 30
0
 11
1.1127638976377952
 21
1.2826764566929134
 31
0
  0
LINE
  5
9C4
330
1A
100
AcDbEntity
  8
BLACK
  6
CONTINUOUS
100
AcDbLine
 10
1.1875670472440945
 20
1.2826764566929134
 30
0
 11
1.1894829133858267
 21
1.2813962992125985
 31
0
  0
LINE
  5
9C5
330
1A
100
AcDbEntity
  8
BLACK
  6
CONTINUOUS
100
AcDbLine
 10
1.1894829133858267
 20
1.2813962992125985
 30
0
 11
1.1907630708661416
 21
1.279480433070866
 31
0
  0
LINE
  5
9C6
330
1A
100
AcDbEntity
  8
BLACK
  6
CONTINUOUS
100
AcDbLine
 10
1.1907630708661416
 20
1.279480433070866
 30
0
 11
1.1912125984251969
 21
1.2772204724409448
 31
0
  0
LINE
  5
9C7
330
1A
100
AcDbEntity
  8
BLACK
  6
CONTINUOUS
100
AcDbLine
 10
1.1912125984251969
 20
1.2772204724409448
 30
0
 11
1.1912125984251969
 21
1.2309606299212599
 31
0
  0
LINE
  5
9C8
330
1A
100
AcDbEntity
  8
BLACK
  6
CONTINUOUS
100
AcDbLine
 10
1.1912125984251969
 20
1.2309606299212599
 30
0
 11
1.1907630708661416
 21
1.2287006692913385
 31
0
  0
LINE
  5
9C9
330
1A
100
AcDbEntity
  8
BLACK
  6
CONTINUOUS
100
AcDbLine
 10
1.1907630708661416
 20
1.2287006692913385
 30
0
 11
1.1894829133858267
 21
1.2267848031496063
 31
0
  0
LINE
  5
9CA
330
1A
100
AcDbEntity
  8
BLACK
  6
CONTINUOUS
100
AcDbLine
 10
1.1894829133858267
 20
1.2267848031496063
 30
0
 11
1.1875670472440945
 21
1.2255046456692913
 31
0
  0
LINE
  5
9CB
330
1A
100
AcDbEntity
  8
BLACK
  6
CONTINUOUS
100
AcDbLine
 10
1.1875670472440945
 20
1.2255046456692913
 30
0
 11
1.1853070866141733
 21
1.2250551181102363
 31
0
  0
LINE
  5
9CC
330
1A
100
AcDbEntity
  8
BLACK
  6
CONTINUOUS
100
AcDbLine
 10
1.1853070866141733
 20
1.2250551181102363
 30
0
 11
1.1734960629921261
 21
1.2250551181102363
 31
0
  0
LINE
  5
9CD
330
1A
100
AcDbEntity
  8
BLACK
  6
CONTINUOUS
100
AcDbLine
 10
1.1734960629921261
 20
1.2250551181102363
 30
0
 11
1.1712361023622047
 21
1.2255046456692913
 31
0
  0
LINE
  5
9CE
330
1A
100
AcDbEntity
  8
BLACK
  6
CONTINUOUS
100
AcDbLine
 10
1.1712361023622047
 20
1.2255046456692913
 30
0
 11
1.1693202362204724
 21
1.2267848031496063
 31
0
  0
LINE
  5
9CF
330
1A
100
AcDbEntity
  8
BLACK
  6
CONTINUOUS
100
AcDbLine
 10
1.1693202362204724
 20
1.2267848031496063
 30
0
 11
1.1680400787401575
 21
1.2287006692913385
 31
0
  0
LINE
  5
9D0
330
1A
100
AcDbEntity
  8
BLACK
  6
CONTINUOUS
100
AcDbLine
 10
1.1680400787401575
 20
1.2287006692913385
 30
0
 11
1.1675905511811024
 21
1.2309606299212599
 31
0
  0
LINE
  5
9D1
330
1A
100
AcDbEntity
  8
BLACK
  6
CONTINUOUS
100
AcDbLine
 10
1.1675905511811024
 20
1.2309606299212599
 30
0
 11
1.1675905511811024
 21
1.2772204724409448
 31
0
  0
LINE
  5
9D2
330
1A
100
AcDbEntity
  8
BLACK
  6
CONTINUOUS
100
AcDbLine
 10
1.1675905511811024
 20
1.2772204724409448
 30
0
 11
1.1680400787401575
 21
1.279480433070866
 31
0
  0
LINE
  5
9D3
330
1A
100
AcDbEntity
  8
BLACK
  6
CONTINUOUS
100
AcDbLine
 10
1.1680400787401575
 20
1.279480433070866
 30
0
 11
1.1693202362204724
 21
1.2813962992125985
 31
0
  0
LINE
  5
9D4
330
1A
100
AcDbEntity
  8
BLACK
  6
CONTINUOUS
100
AcDbLine
 10
1.1693202362204724
 20
1.2813962992125985
 30
0
 11
1.1712361023622047
 21
1.2826764566929134
 31
0
  0
LINE
  5
9D5
330
1A
100
AcDbEntity
  8
BLACK
  6
CONTINUOUS
100
AcDbLine
 10
1.1712361023622047
 20
1.2826764566929134
 30
0
 11
1.1734960629921261
 21
1.2831259842519684
 31
0
  0
LINE
  5
9D6
330
1A
100
AcDbEntity
  8
BLACK
  6
CONTINUOUS
100
AcDbLine
 10
1.1734960629921261
 20
1.2831259842519684
 30
0
 11
1.1853070866141733
 21
1.2831259842519684
 31
0
  0
LINE
  5
9D7
330
1A
100
AcDbEntity
  8
BLACK
  6
CONTINUOUS
100
AcDbLine
 10
1.1853070866141733
 20
1.2831259842519684
 30
0
 11
1.1875670472440945
 21
1.2826764566929134
 31
0
  0
LINE
  5
9D8
330
1A
100
AcDbEntity
  8
BLACK
  6
CONTINUOUS
100
AcDbLine
 10
1.0504988582677166
 20
1.2806602362204724
 30
0
 11
1.0536920078740157
 21
1.2785266535433071
 31
0
  0
LINE
  5
9D9
330
1A
100
AcDbEntity
  8
BLACK
  6
CONTINUOUS
100
AcDbLine
 10
1.0536920078740157
 20
1.2785266535433071
 30
0
 11
1.0558255905511811
 21
1.275333503937008
 31
0
  0
LINE
  5
9DA
330
1A
100
AcDbEntity
  8
BLACK
  6
CONTINUOUS
100
AcDbLine
 10
1.0558255905511811
 20
1.275333503937008
 30
0
 11
1.0565748031496063
 21
1.2715669291338583
 31
0
  0
LINE
  5
9DB
330
1A
100
AcDbEntity
  8
BLACK
  6
CONTINUOUS
100
AcDbLine
 10
1.0565748031496063
 20
1.2715669291338583
 30
0
 11
1.0565748031496063
 21
1.2361338582677166
 31
0
  0
LINE
  5
9DC
330
1A
100
AcDbEntity
  8
BLACK
  6
CONTINUOUS
100
AcDbLine
 10
1.0565748031496063
 20
1.2361338582677166
 30
0
 11
1.0558255905511811
 21
1.2323672834645669
 31
0
  0
LINE
  5
9DD
330
1A
100
AcDbEntity
  8
BLACK
  6
CONTINUOUS
100
AcDbLine
 10
1.0558255905511811
 20
1.2323672834645669
 30
0
 11
1.0536920078740157
 21
1.2291741338582678
 31
0
  0
LINE
  5
9DE
330
1A
100
AcDbEntity
  8
BLACK
  6
CONTINUOUS
100
AcDbLine
 10
1.0536920078740157
 20
1.2291741338582678
 30
0
 11
1.0504988582677166
 21
1.2270405511811022
 31
0
  0
LINE
  5
9DF
330
1A
100
AcDbEntity
  8
BLACK
  6
CONTINUOUS
100
AcDbLine
 10
1.0504988582677166
 20
1.2270405511811022
 30
0
 11
1.0467322834645669
 21
1.2262913385826772
 31
0
  0
LINE
  5
9E0
330
1A
100
AcDbEntity
  8
BLACK
  6
CONTINUOUS
100
AcDbLine
 10
1.0467322834645669
 20
1.2262913385826772
 30
0
 11
1.0132677165354331
 21
1.2262913385826772
 31
0
  0
LINE
  5
9E1
330
1A
100
AcDbEntity
  8
BLACK
  6
CONTINUOUS
100
AcDbLine
 10
1.0132677165354331
 20
1.2262913385826772
 30
0
 11
1.0095011417322834
 21
1.2270405511811022
 31
0
  0
LINE
  5
9E2
330
1A
100
AcDbEntity
  8
BLACK
  6
CONTINUOUS
100
AcDbLine
 10
1.0095011417322834
 20
1.2270405511811022
 30
0
 11
1.0063079921259843
 21
1.2291741338582678
 31
0
  0
LINE
  5
9E3
330
1A
100
AcDbEntity
  8
BLACK
  6
CONTINUOUS
100
AcDbLine
 10
1.0063079921259843
 20
1.2291741338582678
 30
0
 11
1.004174409448819
 21
1.2323672834645669
 31
0
  0
LINE
  5
9E4
330
1A
100
AcDbEntity
  8
BLACK
  6
CONTINUOUS
100
AcDbLine
 10
1.004174409448819
 20
1.2323672834645669
 30
0
 11
1.0034251968503938
 21
1.2361338582677166
 31
0
  0
LINE
  5
9E5
330
1A
100
AcDbEntity
  8
BLACK
  6
CONTINUOUS
100
AcDbLine
 10
1.0034251968503938
 20
1.2361338582677166
 30
0
 11
1.0034251968503938
 21
1.2715669291338583
 31
0
  0
LINE
  5
9E6
330
1A
100
AcDbEntity
  8
BLACK
  6
CONTINUOUS
100
AcDbLine
 10
1.0034251968503938
 20
1.2715669291338583
 30
0
 11
1.004174409448819
 21
1.275333503937008
 31
0
  0
LINE
  5
9E7
330
1A
100
AcDbEntity
  8
BLACK
  6
CONTINUOUS
100
AcDbLine
 10
1.004174409448819
 20
1.275333503937008
 30
0
 11
1.0063079921259843
 21
1.2785266535433071
 31
0
  0
LINE
  5
9E8
330
1A
100
AcDbEntity
  8
BLACK
  6
CONTINUOUS
100
AcDbLine
 10
1.0063079921259843
 20
1.2785266535433071
 30
0
 11
1.0095011417322834
 21
1.2806602362204724
 31
0
  0
LINE
  5
9E9
330
1A
100
AcDbEntity
  8
BLACK
  6
CONTINUOUS
100
AcDbLine
 10
1.0095011417322834
 20
1.2806602362204724
 30
0
 11
1.0132677165354331
 21
1.2814094488188976
 31
0
  0
LINE
  5
9EA
330
1A
100
AcDbEntity
  8
BLACK
  6
CONTINUOUS
100
AcDbLine
 10
1.0132677165354331
 20
1.2814094488188976
 30
0
 11
1.0467322834645669
 21
1.2814094488188976
 31
0
  0
LINE
  5
9EB
330
1A
100
AcDbEntity
  8
BLACK
  6
CONTINUOUS
100
AcDbLine
 10
1.0467322834645669
 20
1.2814094488188976
 30
0
 11
1.0504988582677166
 21
1.2806602362204724
 31
0
  0
LINE
  5
9EC
330
1A
100
AcDbEntity
  8
BLACK
  6
CONTINUOUS
100
AcDbLine
 10
1.4850106692913385
 20
1.2663925590551182
 30
0
 11
1.4882038188976379
 21
1.2642589763779528
 31
0
  0
LINE
  5
9ED
330
1A
100
AcDbEntity
  8
BLACK
  6
CONTINUOUS
100
AcDbLine
 10
1.4882038188976379
 20
1.2642589763779528
 30
0
 11
1.4903374015748032
 21
1.2610658267716535
 31
0
  0
LINE
  5
9EE
330
1A
100
AcDbEntity
  8
BLACK
  6
CONTINUOUS
100
AcDbLine
 10
1.4903374015748032
 20
1.2610658267716535
 30
0
 11
1.4910866141732284
 21
1.257299251968504
 31
0
  0
LINE
  5
9EF
330
1A
100
AcDbEntity
  8
BLACK
  6
CONTINUOUS
100
AcDbLine
 10
1.4910866141732284
 20
1.257299251968504
 30
0
 11
1.4910866141732284
 21
1.2376142125984251
 31
0
  0
LINE
  5
9F0
330
1A
100
AcDbEntity
  8
BLACK
  6
CONTINUOUS
100
AcDbLine
 10
1.4910866141732284
 20
1.2376142125984251
 30
0
 11
1.4903374015748032
 21
1.2338476377952756
 31
0
  0
LINE
  5
9F1
330
1A
100
AcDbEntity
  8
BLACK
  6
CONTINUOUS
100
AcDbLine
 10
1.4903374015748032
 20
1.2338476377952756
 30
0
 11
1.4882038188976379
 21
1.2306544881889763
 31
0
  0
LINE
  5
9F2
330
1A
100
AcDbEntity
  8
BLACK
  6
CONTINUOUS
100
AcDbLine
 10
1.4882038188976379
 20
1.2306544881889763
 30
0
 11
1.4850106692913385
 21
1.2285209055118109
 31
0
  0
LINE
  5
9F3
330
1A
100
AcDbEntity
  8
BLACK
  6
CONTINUOUS
100
AcDbLine
 10
1.4850106692913385
 20
1.2285209055118109
 30
0
 11
1.4812440944881888
 21
1.2277716929133857
 31
0
  0
LINE
  5
9F4
330
1A
100
AcDbEntity
  8
BLACK
  6
CONTINUOUS
100
AcDbLine
 10
1.4812440944881888
 20
1.2277716929133857
 30
0
 11
1.4438425196850393
 21
1.2277716929133857
 31
0
  0
LINE
  5
9F5
330
1A
100
AcDbEntity
  8
BLACK
  6
CONTINUOUS
100
AcDbLine
 10
1.4438425196850393
 20
1.2277716929133857
 30
0
 11
1.4400759448818898
 21
1.2285209055118109
 31
0
  0
LINE
  5
9F6
330
1A
100
AcDbEntity
  8
BLACK
  6
CONTINUOUS
100
AcDbLine
 10
1.4400759448818898
 20
1.2285209055118109
 30
0
 11
1.4368827952755905
 21
1.2306544881889763
 31
0
  0
LINE
  5
9F7
330
1A
100
AcDbEntity
  8
BLACK
  6
CONTINUOUS
100
AcDbLine
 10
1.4368827952755905
 20
1.2306544881889763
 30
0
 11
1.4347492125984251
 21
1.2338476377952756
 31
0
  0
LINE
  5
9F8
330
1A
100
AcDbEntity
  8
BLACK
  6
CONTINUOUS
100
AcDbLine
 10
1.4347492125984251
 20
1.2338476377952756
 30
0
 11
1.4339999999999999
 21
1.2376142125984251
 31
0
  0
LINE
  5
9F9
330
1A
100
AcDbEntity
  8
BLACK
  6
CONTINUOUS
100
AcDbLine
 10
1.4339999999999999
 20
1.2376142125984251
 30
0
 11
1.4339999999999999
 21
1.257299251968504
 31
0
  0
LINE
  5
9FA
330
1A
100
AcDbEntity
  8
BLACK
  6
CONTINUOUS
100
AcDbLine
 10
1.4339999999999999
 20
1.257299251968504
 30
0
 11
1.4347492125984251
 21
1.2610658267716535
 31
0
  0
LINE
  5
9FB
330
1A
100
AcDbEntity
  8
BLACK
  6
CONTINUOUS
100
AcDbLine
 10
1.4347492125984251
 20
1.2610658267716535
 30
0
 11
1.4368827952755905
 21
1.2642589763779528
 31
0
  0
LINE
  5
9FC
330
1A
100
AcDbEntity
  8
BLACK
  6
CONTINUOUS
100
AcDbLine
 10
1.4368827952755905
 20
1.2642589763779528
 30
0
 11
1.4400759448818898
 21
1.2663925590551182
 31
0
  0
LINE
  5
9FD
330
1A
100
AcDbEntity
  8
BLACK
  6
CONTINUOUS
100
AcDbLine
 10
1.4400759448818898
 20
1.2663925590551182
 30
0
 11
1.4438425196850393
 21
1.2671417716535434
 31
0
  0
LINE
  5
9FE
330
1A
100
AcDbEntity
  8
BLACK
  6
CONTINUOUS
100
AcDbLine
 10
1.4438425196850393
 20
1.2671417716535434
 30
0
 11
1.4812440944881888
 21
1.2671417716535434
 31
0
  0
LINE
  5
9FF
330
1A
100
AcDbEntity
  8
BLACK
  6
CONTINUOUS
100
AcDbLine
 10
1.4812440944881888
 20
1.2671417716535434
 30
0
 11
1.4850106692913385
 21
1.2663925590551182
 31
0
  0
LINE
  5
A00
330
1A
100
AcDbEntity
  8
BLACK
  6
CONTINUOUS
100
AcDbLine
 10
1.3086536614173228
 20
1.2572355118110237
 30
0
 11
1.310569527559055
 21
1.2559553543307087
 31
0
  0
LINE
  5
A01
330
1A
100
AcDbEntity
  8
BLACK
  6
CONTINUOUS
100
AcDbLine
 10
1.310569527559055
 20
1.2559553543307087
 30
0
 11
1.3118496850393699
 21
1.2540394881889763
 31
0
  0
LINE
  5
A02
330
1A
100
AcDbEntity
  8
BLACK
  6
CONTINUOUS
100
AcDbLine
 10
1.3118496850393699
 20
1.2540394881889763
 30
0
 11
1.3122992125984252
 21
1.2517795275590551
 31
0
  0
LINE
  5
A03
330
1A
100
AcDbEntity
  8
BLACK
  6
CONTINUOUS
100
AcDbLine
 10
1.3122992125984252
 20
1.2517795275590551
 30
0
 11
1.3122992125984252
 21
1.2399685039370079
 31
0
  0
LINE
  5
A04
330
1A
100
AcDbEntity
  8
BLACK
  6
CONTINUOUS
100
AcDbLine
 10
1.3122992125984252
 20
1.2399685039370079
 30
0
 11
1.3118496850393699
 21
1.2377085433070867
 31
0
  0
LINE
  5
A05
330
1A
100
AcDbEntity
  8
BLACK
  6
CONTINUOUS
100
AcDbLine
 10
1.3118496850393699
 20
1.2377085433070867
 30
0
 11
1.310569527559055
 21
1.2357926771653542
 31
0
  0
LINE
  5
A06
330
1A
100
AcDbEntity
  8
BLACK
  6
CONTINUOUS
100
AcDbLine
 10
1.310569527559055
 20
1.2357926771653542
 30
0
 11
1.3086536614173228
 21
1.2345125196850393
 31
0
  0
LINE
  5
A07
330
1A
100
AcDbEntity
  8
BLACK
  6
CONTINUOUS
100
AcDbLine
 10
1.3086536614173228
 20
1.2345125196850393
 30
0
 11
1.3063937007874016
 21
1.2340629921259842
 31
0
  0
LINE
  5
A08
330
1A
100
AcDbEntity
  8
BLACK
  6
CONTINUOUS
100
AcDbLine
 10
1.3063937007874016
 20
1.2340629921259842
 30
0
 11
1.2660393700787402
 21
1.2340629921259842
 31
0
  0
LINE
  5
A09
330
1A
100
AcDbEntity
  8
BLACK
  6
CONTINUOUS
100
AcDbLine
 10
1.2660393700787402
 20
1.2340629921259842
 30
0
 11
1.2637794094488188
 21
1.2345125196850393
 31
0
  0
LINE
  5
A0A
330
1A
100
AcDbEntity
  8
BLACK
  6
CONTINUOUS
100
AcDbLine
 10
1.2637794094488188
 20
1.2345125196850393
 30
0
 11
1.2618635433070866
 21
1.2357926771653542
 31
0
  0
LINE
  5
A0B
330
1A
100
AcDbEntity
  8
BLACK
  6
CONTINUOUS
100
AcDbLine
 10
1.2618635433070866
 20
1.2357926771653542
 30
0
 11
1.2605833858267717
 21
1.2377085433070867
 31
0
  0
LINE
  5
A0C
330
1A
100
AcDbEntity
  8
BLACK
  6
CONTINUOUS
100
AcDbLine
 10
1.2605833858267717
 20
1.2377085433070867
 30
0
 11
1.2601338582677164
 21
1.2399685039370079
 31
0
  0
LINE
  5
A0D
330
1A
100
AcDbEntity
  8
BLACK
  6
CONTINUOUS
100
AcDbLine
 10
1.2601338582677164
 20
1.2399685039370079
 30
0
 11
1.2601338582677164
 21
1.2517795275590551
 31
0
  0
LINE
  5
A0E
330
1A
100
AcDbEntity
  8
BLACK
  6
CONTINUOUS
100
AcDbLine
 10
1.2601338582677164
 20
1.2517795275590551
 30
0
 11
1.2605833858267717
 21
1.2540394881889763
 31
0
  0
LINE
  5
A0F
330
1A
100
AcDbEntity
  8
BLACK
  6
CONTINUOUS
100
AcDbLine
 10
1.2605833858267717
 20
1.2540394881889763
 30
0
 11
1.2618635433070866
 21
1.2559553543307087
 31
0
  0
LINE
  5
A10
330
1A
100
AcDbEntity
  8
BLACK
  6
CONTINUOUS
100
AcDbLine
 10
1.2618635433070866
 20
1.2559553543307087
 30
0
 11
1.2637794094488188
 21
1.2572355118110237
 31
0
  0
LINE
  5
A11
330
1A
100
AcDbEntity
  8
BLACK
  6
CONTINUOUS
100
AcDbLine
 10
1.2637794094488188
 20
1.2572355118110237
 30
0
 11
1.2660393700787402
 21
1.2576850393700787
 31
0
  0
LINE
  5
A12
330
1A
100
AcDbEntity
  8
BLACK
  6
CONTINUOUS
100
AcDbLine
 10
1.2660393700787402
 20
1.2576850393700787
 30
0
 11
1.3063937007874016
 21
1.2576850393700787
 31
0
  0
LINE
  5
A13
330
1A
100
AcDbEntity
  8
BLACK
  6
CONTINUOUS
100
AcDbLine
 10
1.3063937007874016
 20
1.2576850393700787
 30
0
 11
1.3086536614173228
 21
1.2572355118110237
 31
0
  0
LINE
  5
A14
330
1A
100
AcDbEntity
  8
BLACK
  6
CONTINUOUS
100
AcDbLine
 10
1.3982205905511811
 20
1.2572355118110237
 30
0
 11
1.4001364566929133
 21
1.2559553543307087
 31
0
  0
LINE
  5
A15
330
1A
100
AcDbEntity
  8
BLACK
  6
CONTINUOUS
100
AcDbLine
 10
1.4001364566929133
 20
1.2559553543307087
 30
0
 11
1.4014166141732283
 21
1.2540394881889763
 31
0
  0
LINE
  5
A16
330
1A
100
AcDbEntity
  8
BLACK
  6
CONTINUOUS
100
AcDbLine
 10
1.4014166141732283
 20
1.2540394881889763
 30
0
 11
1.4018661417322835
 21
1.2517795275590551
 31
0
  0
LINE
  5
A17
330
1A
100
AcDbEntity
  8
BLACK
  6
CONTINUOUS
100
AcDbLine
 10
1.4018661417322835
 20
1.2517795275590551
 30
0
 11
1.4018661417322835
 21
1.2399685039370079
 31
0
  0
LINE
  5
A18
330
1A
100
AcDbEntity
  8
BLACK
  6
CONTINUOUS
100
AcDbLine
 10
1.4018661417322835
 20
1.2399685039370079
 30
0
 11
1.4014166141732283
 21
1.2377085433070867
 31
0
  0
LINE
  5
A19
330
1A
100
AcDbEntity
  8
BLACK
  6
CONTINUOUS
100
AcDbLine
 10
1.4014166141732283
 20
1.2377085433070867
 30
0
 11
1.4001364566929133
 21
1.2357926771653542
 31
0
  0
LINE
  5
A1A
330
1A
100
AcDbEntity
  8
BLACK
  6
CONTINUOUS
100
AcDbLine
 10
1.4001364566929133
 20
1.2357926771653542
 30
0
 11
1.3982205905511811
 21
1.2345125196850393
 31
0
  0
LINE
  5
A1B
330
1A
100
AcDbEntity
  8
BLACK
  6
CONTINUOUS
100
AcDbLine
 10
1.3982205905511811
 20
1.2345125196850393
 30
0
 11
1.3959606299212599
 21
1.2340629921259842
 31
0
  0
LINE
  5
A1C
330
1A
100
AcDbEntity
  8
BLACK
  6
CONTINUOUS
100
AcDbLine
 10
1.3959606299212599
 20
1.2340629921259842
 30
0
 11
1.3556062992125983
 21
1.2340629921259842
 31
0
  0
LINE
  5
A1D
330
1A
100
AcDbEntity
  8
BLACK
  6
CONTINUOUS
100
AcDbLine
 10
1.3556062992125983
 20
1.2340629921259842
 30
0
 11
1.3533463385826772
 21
1.2345125196850393
 31
0
  0
LINE
  5
A1E
330
1A
100
AcDbEntity
  8
BLACK
  6
CONTINUOUS
100
AcDbLine
 10
1.3533463385826772
 20
1.2345125196850393
 30
0
 11
1.3514304724409449
 21
1.2357926771653542
 31
0
  0
LINE
  5
A1F
330
1A
100
AcDbEntity
  8
BLACK
  6
CONTINUOUS
100
AcDbLine
 10
1.3514304724409449
 20
1.2357926771653542
 30
0
 11
1.35015031496063
 21
1.2377085433070867
 31
0
  0
LINE
  5
A20
330
1A
100
AcDbEntity
  8
BLACK
  6
CONTINUOUS
100
AcDbLine
 10
1.35015031496063
 20
1.2377085433070867
 30
0
 11
1.3497007874015747
 21
1.2399685039370079
 31
0
  0
LINE
  5
A21
330
1A
100
AcDbEntity
  8
BLACK
  6
CONTINUOUS
100
AcDbLine
 10
1.3497007874015747
 20
1.2399685039370079
 30
0
 11
1.3497007874015747
 21
1.2517795275590551
 31
0
  0
LINE
  5
A22
330
1A
100
AcDbEntity
  8
BLACK
  6
CONTINUOUS
100
AcDbLine
 10
1.3497007874015747
 20
1.2517795275590551
 30
0
 11
1.35015031496063
 21
1.2540394881889763
 31
0
  0
LINE
  5
A23
330
1A
100
AcDbEntity
  8
BLACK
  6
CONTINUOUS
100
AcDbLine
 10
1.35015031496063
 20
1.2540394881889763
 30
0
 11
1.3514304724409449
 21
1.2559553543307087
 31
0
  0
LINE
  5
A24
330
1A
100
AcDbEntity
  8
BLACK
  6
CONTINUOUS
100
AcDbLine
 10
1.3514304724409449
 20
1.2559553543307087
 30
0
 11
1.3533463385826772
 21
1.2572355118110237
 31
0
  0
LINE
  5
A25
330
1A
100
AcDbEntity
  8
BLACK
  6
CONTINUOUS
100
AcDbLine
 10
1.3533463385826772
 20
1.2572355118110237
 30
0
 11
1.3556062992125983
 21
1.2576850393700787
 31
0
  0
LINE
  5
A26
330
1A
100
AcDbEntity
  8
BLACK
  6
CONTINUOUS
100
AcDbLine
 10
1.3556062992125983
 20
1.2576850393700787
 30
0
 11
1.3959606299212599
 21
1.2576850393700787
 31
0
  0
LINE
  5
A27
330
1A
100
AcDbEntity
  8
BLACK
  6
CONTINUOUS
100
AcDbLine
 10
1.3959606299212599
 20
1.2576850393700787
 30
0
 11
1.3982205905511811
 21
1.2572355118110237
 31
0
  0
LINE
  5
A28
330
1A
100
AcDbEntity
  8
BLACK
  6
CONTINUOUS
100
AcDbLine
 10
0.4487244094488189
 20
1.2426220472440945
 30
0
 11
0.4172283464566929
 21
1.2426220472440945
 31
0
  0
LINE
  5
A29
330
1A
100
AcDbEntity
  8
BLACK
  6
CONTINUOUS
100
AcDbLine
 10
0.4172283464566929
 20
1.2426220472440945
 30
0
 11
0.4172283464566929
 21
1.2544330708661418
 31
0
  0
LINE
  5
A2A
330
1A
100
AcDbEntity
  8
BLACK
  6
CONTINUOUS
100
AcDbLine
 10
0.4172283464566929
 20
1.2544330708661418
 30
0
 11
0.4487244094488189
 21
1.2544330708661418
 31
0
  0
LINE
  5
A2B
330
1A
100
AcDbEntity
  8
BLACK
  6
CONTINUOUS
100
AcDbLine
 10
0.4487244094488189
 20
1.2544330708661418
 30
0
 11
0.4487244094488189
 21
1.2426220472440945
 31
0
  0
LINE
  5
A2C
330
1A
100
AcDbEntity
  8
BLACK
  6
CONTINUOUS
100
AcDbLine
 10
0.5707716535433071
 20
1.2426220472440945
 30
0
 11
0.5392755905511811
 21
1.2426220472440945
 31
0
  0
LINE
  5
A2D
330
1A
100
AcDbEntity
  8
BLACK
  6
CONTINUOUS
100
AcDbLine
 10
0.5392755905511811
 20
1.2426220472440945
 30
0
 11
0.5392755905511811
 21
1.2544330708661418
 31
0
  0
LINE
  5
A2E
330
1A
100
AcDbEntity
  8
BLACK
  6
CONTINUOUS
100
AcDbLine
 10
0.5392755905511811
 20
1.2544330708661418
 30
0
 11
0.5707716535433071
 21
1.2544330708661418
 31
0
  0
LINE
  5
A2F
330
1A
100
AcDbEntity
  8
BLACK
  6
CONTINUOUS
100
AcDbLine
 10
0.5707716535433071
 20
1.2544330708661418
 30
0
 11
0.5707716535433071
 21
1.2426220472440945
 31
0
  0
LINE
  5
A30
330
1A
100
AcDbEntity
  8
BLACK
  6
CONTINUOUS
100
AcDbLine
 10
1.7510106692913385
 20
1.2991956299212599
 30
0
 11
1.7542038188976377
 21
1.2970620472440944
 31
0
  0
LINE
  5
A31
330
1A
100
AcDbEntity
  8
BLACK
  6
CONTINUOUS
100
AcDbLine
 10
1.7542038188976377
 20
1.2970620472440944
 30
0
 11
1.756337401574803
 21
1.2938688976377952
 31
0
  0
LINE
  5
A32
330
1A
100
AcDbEntity
  8
BLACK
  6
CONTINUOUS
100
AcDbLine
 10
1.756337401574803
 20
1.2938688976377952
 30
0
 11
1.7570866141732282
 21
1.2901023228346455
 31
0
  0
LINE
  5
A33
330
1A
100
AcDbEntity
  8
BLACK
  6
CONTINUOUS
100
AcDbLine
 10
1.7570866141732282
 20
1.2901023228346455
 30
0
 11
1.7570866141732282
 21
1.2704172834645668
 31
0
  0
LINE
  5
A34
330
1A
100
AcDbEntity
  8
BLACK
  6
CONTINUOUS
100
AcDbLine
 10
1.7570866141732282
 20
1.2704172834645668
 30
0
 11
1.756337401574803
 21
1.2666507086614174
 31
0
  0
LINE
  5
A35
330
1A
100
AcDbEntity
  8
BLACK
  6
CONTINUOUS
100
AcDbLine
 10
1.756337401574803
 20
1.2666507086614174
 30
0
 11
1.7542038188976377
 21
1.263457559055118
 31
0
  0
LINE
  5
A36
330
1A
100
AcDbEntity
  8
BLACK
  6
CONTINUOUS
100
AcDbLine
 10
1.7542038188976377
 20
1.263457559055118
 30
0
 11
1.7510106692913385
 21
1.2613239763779527
 31
0
  0
LINE
  5
A37
330
1A
100
AcDbEntity
  8
BLACK
  6
CONTINUOUS
100
AcDbLine
 10
1.7510106692913385
 20
1.2613239763779527
 30
0
 11
1.7472440944881888
 21
1.2605747637795275
 31
0
  0
LINE
  5
A38
330
1A
100
AcDbEntity
  8
BLACK
  6
CONTINUOUS
100
AcDbLine
 10
1.7472440944881888
 20
1.2605747637795275
 30
0
 11
1.7098425196850393
 21
1.2605747637795275
 31
0
  0
LINE
  5
A39
330
1A
100
AcDbEntity
  8
BLACK
  6
CONTINUOUS
100
AcDbLine
 10
1.7098425196850393
 20
1.2605747637795275
 30
0
 11
1.7060759448818896
 21
1.2613239763779527
 31
0
  0
LINE
  5
A3A
330
1A
100
AcDbEntity
  8
BLACK
  6
CONTINUOUS
100
AcDbLine
 10
1.7060759448818896
 20
1.2613239763779527
 30
0
 11
1.7028827952755905
 21
1.263457559055118
 31
0
  0
LINE
  5
A3B
330
1A
100
AcDbEntity
  8
BLACK
  6
CONTINUOUS
100
AcDbLine
 10
1.7028827952755905
 20
1.263457559055118
 30
0
 11
1.7007492125984252
 21
1.2666507086614174
 31
0
  0
LINE
  5
A3C
330
1A
100
AcDbEntity
  8
BLACK
  6
CONTINUOUS
100
AcDbLine
 10
1.7007492125984252
 20
1.2666507086614174
 30
0
 11
1.7
 21
1.2704172834645668
 31
0
  0
LINE
  5
A3D
330
1A
100
AcDbEntity
  8
BLACK
  6
CONTINUOUS
100
AcDbLine
 10
1.7
 20
1.2704172834645668
 30
0
 11
1.7
 21
1.2901023228346455
 31
0
  0
LINE
  5
A3E
330
1A
100
AcDbEntity
  8
BLACK
  6
CONTINUOUS
100
AcDbLine
 10
1.7
 20
1.2901023228346455
 30
0
 11
1.7007492125984252
 21
1.2938688976377952
 31
0
  0
LINE
  5
A3F
330
1A
100
AcDbEntity
  8
BLACK
  6
CONTINUOUS
100
AcDbLine
 10
1.7007492125984252
 20
1.2938688976377952
 30
0
 11
1.7028827952755905
 21
1.2970620472440944
 31
0
  0
LINE
  5
A40
330
1A
100
AcDbEntity
  8
BLACK
  6
CONTINUOUS
100
AcDbLine
 10
1.7028827952755905
 20
1.2970620472440944
 30
0
 11
1.7060759448818896
 21
1.2991956299212599
 31
0
  0
LINE
  5
A41
330
1A
100
AcDbEntity
  8
BLACK
  6
CONTINUOUS
100
AcDbLine
 10
1.7060759448818896
 20
1.2991956299212599
 30
0
 11
1.7098425196850393
 21
1.2999448425196851
 31
0
  0
LINE
  5
A42
330
1A
100
AcDbEntity
  8
BLACK
  6
CONTINUOUS
100
AcDbLine
 10
1.7098425196850393
 20
1.2999448425196851
 30
0
 11
1.7472440944881888
 21
1.2999448425196851
 31
0
  0
LINE
  5
A43
330
1A
100
AcDbEntity
  8
BLACK
  6
CONTINUOUS
100
AcDbLine
 10
1.7472440944881888
 20
1.2999448425196851
 30
0
 11
1.7510106692913385
 21
1.2991956299212599
 31
0
  0
LINE
  5
A44
330
1A
100
AcDbEntity
  8
BLACK
  6
CONTINUOUS
100
AcDbLine
 10
1.3982205905511811
 20
1.2946370866141732
 30
0
 11
1.4001364566929133
 21
1.2933569291338582
 31
0
  0
LINE
  5
A45
330
1A
100
AcDbEntity
  8
BLACK
  6
CONTINUOUS
100
AcDbLine
 10
1.4001364566929133
 20
1.2933569291338582
 30
0
 11
1.4014166141732283
 21
1.291441062992126
 31
0
  0
LINE
  5
A46
330
1A
100
AcDbEntity
  8
BLACK
  6
CONTINUOUS
100
AcDbLine
 10
1.4014166141732283
 20
1.291441062992126
 30
0
 11
1.4018661417322835
 21
1.2891811023622046
 31
0
  0
LINE
  5
A47
330
1A
100
AcDbEntity
  8
BLACK
  6
CONTINUOUS
100
AcDbLine
 10
1.4018661417322835
 20
1.2891811023622046
 30
0
 11
1.4018661417322835
 21
1.2773700787401574
 31
0
  0
LINE
  5
A48
330
1A
100
AcDbEntity
  8
BLACK
  6
CONTINUOUS
100
AcDbLine
 10
1.4018661417322835
 20
1.2773700787401574
 30
0
 11
1.4014166141732283
 21
1.2751101181102362
 31
0
  0
LINE
  5
A49
330
1A
100
AcDbEntity
  8
BLACK
  6
CONTINUOUS
100
AcDbLine
 10
1.4014166141732283
 20
1.2751101181102362
 30
0
 11
1.4001364566929133
 21
1.273194251968504
 31
0
  0
LINE
  5
A4A
330
1A
100
AcDbEntity
  8
BLACK
  6
CONTINUOUS
100
AcDbLine
 10
1.4001364566929133
 20
1.273194251968504
 30
0
 11
1.3982205905511811
 21
1.271914094488189
 31
0
  0
LINE
  5
A4B
330
1A
100
AcDbEntity
  8
BLACK
  6
CONTINUOUS
100
AcDbLine
 10
1.3982205905511811
 20
1.271914094488189
 30
0
 11
1.3959606299212599
 21
1.2714645669291338
 31
0
  0
LINE
  5
A4C
330
1A
100
AcDbEntity
  8
BLACK
  6
CONTINUOUS
100
AcDbLine
 10
1.3959606299212599
 20
1.2714645669291338
 30
0
 11
1.3556062992125983
 21
1.2714645669291338
 31
0
  0
LINE
  5
A4D
330
1A
100
AcDbEntity
  8
BLACK
  6
CONTINUOUS
100
AcDbLine
 10
1.3556062992125983
 20
1.2714645669291338
 30
0
 11
1.3533463385826772
 21
1.271914094488189
 31
0
  0
LINE
  5
A4E
330
1A
100
AcDbEntity
  8
BLACK
  6
CONTINUOUS
100
AcDbLine
 10
1.3533463385826772
 20
1.271914094488189
 30
0
 11
1.3514304724409449
 21
1.273194251968504
 31
0
  0
LINE
  5
A4F
330
1A
100
AcDbEntity
  8
BLACK
  6
CONTINUOUS
100
AcDbLine
 10
1.3514304724409449
 20
1.273194251968504
 30
0
 11
1.35015031496063
 21
1.2751101181102362
 31
0
  0
LINE
  5
A50
330
1A
100
AcDbEntity
  8
BLACK
  6
CONTINUOUS
100
AcDbLine
 10
1.35015031496063
 20
1.2751101181102362
 30
0
 11
1.3497007874015747
 21
1.2773700787401574
 31
0
  0
LINE
  5
A51
330
1A
100
AcDbEntity
  8
BLACK
  6
CONTINUOUS
100
AcDbLine
 10
1.3497007874015747
 20
1.2773700787401574
 30
0
 11
1.3497007874015747
 21
1.2891811023622046
 31
0
  0
LINE
  5
A52
330
1A
100
AcDbEntity
  8
BLACK
  6
CONTINUOUS
100
AcDbLine
 10
1.3497007874015747
 20
1.2891811023622046
 30
0
 11
1.35015031496063
 21
1.291441062992126
 31
0
  0
LINE
  5
A53
330
1A
100
AcDbEntity
  8
BLACK
  6
CONTINUOUS
100
AcDbLine
 10
1.35015031496063
 20
1.291441062992126
 30
0
 11
1.3514304724409449
 21
1.2933569291338582
 31
0
  0
LINE
  5
A54
330
1A
100
AcDbEntity
  8
BLACK
  6
CONTINUOUS
100
AcDbLine
 10
1.3514304724409449
 20
1.2933569291338582
 30
0
 11
1.3533463385826772
 21
1.2946370866141732
 31
0
  0
LINE
  5
A55
330
1A
100
AcDbEntity
  8
BLACK
  6
CONTINUOUS
100
AcDbLine
 10
1.3533463385826772
 20
1.2946370866141732
 30
0
 11
1.3556062992125983
 21
1.2950866141732282
 31
0
  0
LINE
  5
A56
330
1A
100
AcDbEntity
  8
BLACK
  6
CONTINUOUS
100
AcDbLine
 10
1.3556062992125983
 20
1.2950866141732282
 30
0
 11
1.3959606299212599
 21
1.2950866141732282
 31
0
  0
LINE
  5
A57
330
1A
100
AcDbEntity
  8
BLACK
  6
CONTINUOUS
100
AcDbLine
 10
1.3959606299212599
 20
1.2950866141732282
 30
0
 11
1.3982205905511811
 21
1.2946370866141732
 31
0
  0
LINE
  5
A58
330
1A
100
AcDbEntity
  8
BLACK
  6
CONTINUOUS
100
AcDbLine
 10
0.8523335039370079
 20
1.3318255905511811
 30
0
 11
0.855526653543307
 21
1.3296920078740158
 31
0
  0
LINE
  5
A59
330
1A
100
AcDbEntity
  8
BLACK
  6
CONTINUOUS
100
AcDbLine
 10
0.855526653543307
 20
1.3296920078740158
 30
0
 11
0.8576602362204724
 21
1.3264988582677164
 31
0
  0
LINE
  5
A5A
330
1A
100
AcDbEntity
  8
BLACK
  6
CONTINUOUS
100
AcDbLine
 10
0.8576602362204724
 20
1.3264988582677164
 30
0
 11
0.8584094488188976
 21
1.3227322834645669
 31
0
  0
LINE
  5
A5B
330
1A
100
AcDbEntity
  8
BLACK
  6
CONTINUOUS
100
AcDbLine
 10
0.8584094488188976
 20
1.3227322834645669
 30
0
 11
0.8584094488188976
 21
1.2892677165354332
 31
0
  0
LINE
  5
A5C
330
1A
100
AcDbEntity
  8
BLACK
  6
CONTINUOUS
100
AcDbLine
 10
0.8584094488188976
 20
1.2892677165354332
 30
0
 11
0.8576602362204724
 21
1.2855011417322835
 31
0
  0
LINE
  5
A5D
330
1A
100
AcDbEntity
  8
BLACK
  6
CONTINUOUS
100
AcDbLine
 10
0.8576602362204724
 20
1.2855011417322835
 30
0
 11
0.855526653543307
 21
1.2823079921259841
 31
0
  0
LINE
  5
A5E
330
1A
100
AcDbEntity
  8
BLACK
  6
CONTINUOUS
100
AcDbLine
 10
0.855526653543307
 20
1.2823079921259841
 30
0
 11
0.8523335039370079
 21
1.2801744094488188
 31
0
  0
LINE
  5
A5F
330
1A
100
AcDbEntity
  8
BLACK
  6
CONTINUOUS
100
AcDbLine
 10
0.8523335039370079
 20
1.2801744094488188
 30
0
 11
0.8485669291338582
 21
1.2794251968503936
 31
0
  0
LINE
  5
A60
330
1A
100
AcDbEntity
  8
BLACK
  6
CONTINUOUS
100
AcDbLine
 10
0.8485669291338582
 20
1.2794251968503936
 30
0
 11
0.8131338582677166
 21
1.2794251968503936
 31
0
  0
LINE
  5
A61
330
1A
100
AcDbEntity
  8
BLACK
  6
CONTINUOUS
100
AcDbLine
 10
0.8131338582677166
 20
1.2794251968503936
 30
0
 11
0.8093672834645669
 21
1.2801744094488188
 31
0
  0
LINE
  5
A62
330
1A
100
AcDbEntity
  8
BLACK
  6
CONTINUOUS
100
AcDbLine
 10
0.8093672834645669
 20
1.2801744094488188
 30
0
 11
0.8061741338582677
 21
1.2823079921259841
 31
0
  0
LINE
  5
A63
330
1A
100
AcDbEntity
  8
BLACK
  6
CONTINUOUS
100
AcDbLine
 10
0.8061741338582677
 20
1.2823079921259841
 30
0
 11
0.8040405511811023
 21
1.2855011417322835
 31
0
  0
LINE
  5
A64
330
1A
100
AcDbEntity
  8
BLACK
  6
CONTINUOUS
100
AcDbLine
 10
0.8040405511811023
 20
1.2855011417322835
 30
0
 11
0.8032913385826771
 21
1.2892677165354332
 31
0
  0
LINE
  5
A65
330
1A
100
AcDbEntity
  8
BLACK
  6
CONTINUOUS
100
AcDbLine
 10
0.8032913385826771
 20
1.2892677165354332
 30
0
 11
0.8032913385826771
 21
1.3227322834645669
 31
0
  0
LINE
  5
A66
330
1A
100
AcDbEntity
  8
BLACK
  6
CONTINUOUS
100
AcDbLine
 10
0.8032913385826771
 20
1.3227322834645669
 30
0
 11
0.8040405511811023
 21
1.3264988582677164
 31
0
  0
LINE
  5
A67
330
1A
100
AcDbEntity
  8
BLACK
  6
CONTINUOUS
100
AcDbLine
 10
0.8040405511811023
 20
1.3264988582677164
 30
0
 11
0.8061741338582677
 21
1.3296920078740158
 31
0
  0
LINE
  5
A68
330
1A
100
AcDbEntity
  8
BLACK
  6
CONTINUOUS
100
AcDbLine
 10
0.8061741338582677
 20
1.3296920078740158
 30
0
 11
0.8093672834645669
 21
1.3318255905511811
 31
0
  0
LINE
  5
A69
330
1A
100
AcDbEntity
  8
BLACK
  6
CONTINUOUS
100
AcDbLine
 10
0.8093672834645669
 20
1.3318255905511811
 30
0
 11
0.8131338582677166
 21
1.3325748031496063
 31
0
  0
LINE
  5
A6A
330
1A
100
AcDbEntity
  8
BLACK
  6
CONTINUOUS
100
AcDbLine
 10
0.8131338582677166
 20
1.3325748031496063
 30
0
 11
0.8485669291338582
 21
1.3325748031496063
 31
0
  0
LINE
  5
A6B
330
1A
100
AcDbEntity
  8
BLACK
  6
CONTINUOUS
100
AcDbLine
 10
0.8485669291338582
 20
1.3325748031496063
 30
0
 11
0.8523335039370079
 21
1.3318255905511811
 31
0
  0
LINE
  5
A6C
330
1A
100
AcDbEntity
  8
BLACK
  6
CONTINUOUS
100
AcDbLine
 10
0.958632716535433
 20
1.3318255905511811
 30
0
 11
0.9618258661417323
 21
1.3296920078740158
 31
0
  0
LINE
  5
A6D
330
1A
100
AcDbEntity
  8
BLACK
  6
CONTINUOUS
100
AcDbLine
 10
0.9618258661417323
 20
1.3296920078740158
 30
0
 11
0.9639594488188976
 21
1.3264988582677164
 31
0
  0
LINE
  5
A6E
330
1A
100
AcDbEntity
  8
BLACK
  6
CONTINUOUS
100
AcDbLine
 10
0.9639594488188976
 20
1.3264988582677164
 30
0
 11
0.9647086614173228
 21
1.3227322834645669
 31
0
  0
LINE
  5
A6F
330
1A
100
AcDbEntity
  8
BLACK
  6
CONTINUOUS
100
AcDbLine
 10
0.9647086614173228
 20
1.3227322834645669
 30
0
 11
0.9647086614173228
 21
1.2892677165354332
 31
0
  0
LINE
  5
A70
330
1A
100
AcDbEntity
  8
BLACK
  6
CONTINUOUS
100
AcDbLine
 10
0.9647086614173228
 20
1.2892677165354332
 30
0
 11
0.9639594488188976
 21
1.2855011417322835
 31
0
  0
LINE
  5
A71
330
1A
100
AcDbEntity
  8
BLACK
  6
CONTINUOUS
100
AcDbLine
 10
0.9639594488188976
 20
1.2855011417322835
 30
0
 11
0.9618258661417323
 21
1.2823079921259841
 31
0
  0
LINE
  5
A72
330
1A
100
AcDbEntity
  8
BLACK
  6
CONTINUOUS
100
AcDbLine
 10
0.9618258661417323
 20
1.2823079921259841
 30
0
 11
0.958632716535433
 21
1.2801744094488188
 31
0
  0
LINE
  5
A73
330
1A
100
AcDbEntity
  8
BLACK
  6
CONTINUOUS
100
AcDbLine
 10
0.958632716535433
 20
1.2801744094488188
 30
0
 11
0.9548661417322835
 21
1.2794251968503936
 31
0
  0
LINE
  5
A74
330
1A
100
AcDbEntity
  8
BLACK
  6
CONTINUOUS
100
AcDbLine
 10
0.9548661417322835
 20
1.2794251968503936
 30
0
 11
0.9194330708661417
 21
1.2794251968503936
 31
0
  0
LINE
  5
A75
330
1A
100
AcDbEntity
  8
BLACK
  6
CONTINUOUS
100
AcDbLine
 10
0.9194330708661417
 20
1.2794251968503936
 30
0
 11
0.9156664960629921
 21
1.2801744094488188
 31
0
  0
LINE
  5
A76
330
1A
100
AcDbEntity
  8
BLACK
  6
CONTINUOUS
100
AcDbLine
 10
0.9156664960629921
 20
1.2801744094488188
 30
0
 11
0.9124733464566929
 21
1.2823079921259841
 31
0
  0
LINE
  5
A77
330
1A
100
AcDbEntity
  8
BLACK
  6
CONTINUOUS
100
AcDbLine
 10
0.9124733464566929
 20
1.2823079921259841
 30
0
 11
0.9103397637795275
 21
1.2855011417322835
 31
0
  0
LINE
  5
A78
330
1A
100
AcDbEntity
  8
BLACK
  6
CONTINUOUS
100
AcDbLine
 10
0.9103397637795275
 20
1.2855011417322835
 30
0
 11
0.9095905511811023
 21
1.2892677165354332
 31
0
  0
LINE
  5
A79
330
1A
100
AcDbEntity
  8
BLACK
  6
CONTINUOUS
100
AcDbLine
 10
0.9095905511811023
 20
1.2892677165354332
 30
0
 11
0.9095905511811023
 21
1.3227322834645669
 31
0
  0
LINE
  5
A7A
330
1A
100
AcDbEntity
  8
BLACK
  6
CONTINUOUS
100
AcDbLine
 10
0.9095905511811023
 20
1.3227322834645669
 30
0
 11
0.9103397637795275
 21
1.3264988582677164
 31
0
  0
LINE
  5
A7B
330
1A
100
AcDbEntity
  8
BLACK
  6
CONTINUOUS
100
AcDbLine
 10
0.9103397637795275
 20
1.3264988582677164
 30
0
 11
0.9124733464566929
 21
1.3296920078740158
 31
0
  0
LINE
  5
A7C
330
1A
100
AcDbEntity
  8
BLACK
  6
CONTINUOUS
100
AcDbLine
 10
0.9124733464566929
 20
1.3296920078740158
 30
0
 11
0.9156664960629921
 21
1.3318255905511811
 31
0
  0
LINE
  5
A7D
330
1A
100
AcDbEntity
  8
BLACK
  6
CONTINUOUS
100
AcDbLine
 10
0.9156664960629921
 20
1.3318255905511811
 30
0
 11
0.9194330708661417
 21
1.3325748031496063
 31
0
  0
LINE
  5
A7E
330
1A
100
AcDbEntity
  8
BLACK
  6
CONTINUOUS
100
AcDbLine
 10
0.9194330708661417
 20
1.3325748031496063
 30
0
 11
0.9548661417322835
 21
1.3325748031496063
 31
0
  0
LINE
  5
A7F
330
1A
100
AcDbEntity
  8
BLACK
  6
CONTINUOUS
100
AcDbLine
 10
0.9548661417322835
 20
1.3325748031496063
 30
0
 11
0.958632716535433
 21
1.3318255905511811
 31
0
  0
LINE
  5
A80
330
1A
100
AcDbEntity
  8
BLACK
  6
CONTINUOUS
100
AcDbLine
 10
2.2904831102362202
 20
1.3295027559055117
 30
0
 11
2.2936762598425195
 21
1.3273691732283464
 31
0
  0
LINE
  5
A81
330
1A
100
AcDbEntity
  8
BLACK
  6
CONTINUOUS
100
AcDbLine
 10
2.2936762598425195
 20
1.3273691732283464
 30
0
 11
2.2958098425196849
 21
1.3241760236220472
 31
0
  0
LINE
  5
A82
330
1A
100
AcDbEntity
  8
BLACK
  6
CONTINUOUS
100
AcDbLine
 10
2.2958098425196849
 20
1.3241760236220472
 30
0
 11
2.2965590551181103
 21
1.3204094488188975
 31
0
  0
LINE
  5
A83
330
1A
100
AcDbEntity
  8
BLACK
  6
CONTINUOUS
100
AcDbLine
 10
2.2965590551181103
 20
1.3204094488188975
 30
0
 11
2.2965590551181103
 21
1.2997401574803149
 31
0
  0
LINE
  5
A84
330
1A
100
AcDbEntity
  8
BLACK
  6
CONTINUOUS
100
AcDbLine
 10
2.2965590551181103
 20
1.2997401574803149
 30
0
 11
2.2958098425196849
 21
1.2959735826771652
 31
0
  0
LINE
  5
A85
330
1A
100
AcDbEntity
  8
BLACK
  6
CONTINUOUS
100
AcDbLine
 10
2.2958098425196849
 20
1.2959735826771652
 30
0
 11
2.2936762598425195
 21
1.2927804330708661
 31
0
  0
LINE
  5
A86
330
1A
100
AcDbEntity
  8
BLACK
  6
CONTINUOUS
100
AcDbLine
 10
2.2936762598425195
 20
1.2927804330708661
 30
0
 11
2.2904831102362202
 21
1.2906468503937008
 31
0
  0
LINE
  5
A87
330
1A
100
AcDbEntity
  8
BLACK
  6
CONTINUOUS
100
AcDbLine
 10
2.2904831102362202
 20
1.2906468503937008
 30
0
 11
2.286716535433071
 21
1.2898976377952756
 31
0
  0
LINE
  5
A88
330
1A
100
AcDbEntity
  8
BLACK
  6
CONTINUOUS
100
AcDbLine
 10
2.286716535433071
 20
1.2898976377952756
 30
0
 11
2.2512834645669293
 21
1.2898976377952756
 31
0
  0
LINE
  5
A89
330
1A
100
AcDbEntity
  8
BLACK
  6
CONTINUOUS
100
AcDbLine
 10
2.2512834645669293
 20
1.2898976377952756
 30
0
 11
2.2475168897637796
 21
1.2906468503937008
 31
0
  0
LINE
  5
A8A
330
1A
100
AcDbEntity
  8
BLACK
  6
CONTINUOUS
100
AcDbLine
 10
2.2475168897637796
 20
1.2906468503937008
 30
0
 11
2.2443237401574803
 21
1.2927804330708661
 31
0
  0
LINE
  5
A8B
330
1A
100
AcDbEntity
  8
BLACK
  6
CONTINUOUS
100
AcDbLine
 10
2.2443237401574803
 20
1.2927804330708661
 30
0
 11
2.2421901574803149
 21
1.2959735826771652
 31
0
  0
LINE
  5
A8C
330
1A
100
AcDbEntity
  8
BLACK
  6
CONTINUOUS
100
AcDbLine
 10
2.2421901574803149
 20
1.2959735826771652
 30
0
 11
2.2414409448818895
 21
1.2997401574803149
 31
0
  0
LINE
  5
A8D
330
1A
100
AcDbEntity
  8
BLACK
  6
CONTINUOUS
100
AcDbLine
 10
2.2414409448818895
 20
1.2997401574803149
 30
0
 11
2.2414409448818895
 21
1.3204094488188975
 31
0
  0
LINE
  5
A8E
330
1A
100
AcDbEntity
  8
BLACK
  6
CONTINUOUS
100
AcDbLine
 10
2.2414409448818895
 20
1.3204094488188975
 30
0
 11
2.2421901574803149
 21
1.3241760236220472
 31
0
  0
LINE
  5
A8F
330
1A
100
AcDbEntity
  8
BLACK
  6
CONTINUOUS
100
AcDbLine
 10
2.2421901574803149
 20
1.3241760236220472
 30
0
 11
2.2443237401574803
 21
1.3273691732283464
 31
0
  0
LINE
  5
A90
330
1A
100
AcDbEntity
  8
BLACK
  6
CONTINUOUS
100
AcDbLine
 10
2.2443237401574803
 20
1.3273691732283464
 30
0
 11
2.2475168897637796
 21
1.3295027559055117
 31
0
  0
LINE
  5
A91
330
1A
100
AcDbEntity
  8
BLACK
  6
CONTINUOUS
100
AcDbLine
 10
2.2475168897637796
 20
1.3295027559055117
 30
0
 11
2.2512834645669293
 21
1.3302519685039369
 31
0
  0
LINE
  5
A92
330
1A
100
AcDbEntity
  8
BLACK
  6
CONTINUOUS
100
AcDbLine
 10
2.2512834645669293
 20
1.3302519685039369
 30
0
 11
2.286716535433071
 21
1.3302519685039369
 31
0
  0
LINE
  5
A93
330
1A
100
AcDbEntity
  8
BLACK
  6
CONTINUOUS
100
AcDbLine
 10
2.286716535433071
 20
1.3302519685039369
 30
0
 11
2.2904831102362202
 21
1.3295027559055117
 31
0
  0
LINE
  5
A94
330
1A
100
AcDbEntity
  8
BLACK
  6
CONTINUOUS
100
AcDbLine
 10
0.75748031496063
 20
1.2939527559055117
 30
0
 11
0.7181102362204724
 21
1.2939527559055117
 31
0
  0
LINE
  5
A95
330
1A
100
AcDbEntity
  8
BLACK
  6
CONTINUOUS
100
AcDbLine
 10
0.7181102362204724
 20
1.2939527559055117
 30
0
 11
0.7181102362204724
 21
1.4435590551181101
 31
0
  0
LINE
  5
A96
330
1A
100
AcDbEntity
  8
BLACK
  6
CONTINUOUS
100
AcDbLine
 10
0.7181102362204724
 20
1.4435590551181101
 30
0
 11
0.75748031496063
 21
1.4435590551181101
 31
0
  0
LINE
  5
A97
330
1A
100
AcDbEntity
  8
BLACK
  6
CONTINUOUS
100
AcDbLine
 10
0.75748031496063
 20
1.4435590551181101
 30
0
 11
0.75748031496063
 21
1.2939527559055117
 31
0
  0
LINE
  5
A98
330
1A
100
AcDbEntity
  8
BLACK
  6
CONTINUOUS
100
AcDbLine
 10
2.4818897637795274
 20
1.2939527559055117
 30
0
 11
2.44251968503937
 21
1.2939527559055117
 31
0
  0
LINE
  5
A99
330
1A
100
AcDbEntity
  8
BLACK
  6
CONTINUOUS
100
AcDbLine
 10
2.44251968503937
 20
1.2939527559055117
 30
0
 11
2.44251968503937
 21
1.4435590551181101
 31
0
  0
LINE
  5
A9A
330
1A
100
AcDbEntity
  8
BLACK
  6
CONTINUOUS
100
AcDbLine
 10
2.44251968503937
 20
1.4435590551181101
 30
0
 11
2.4818897637795274
 21
1.4435590551181101
 31
0
  0
LINE
  5
A9B
330
1A
100
AcDbEntity
  8
BLACK
  6
CONTINUOUS
100
AcDbLine
 10
2.4818897637795274
 20
1.4435590551181101
 30
0
 11
2.4818897637795274
 21
1.2939527559055117
 31
0
  0
LINE
  5
A9C
330
1A
100
AcDbEntity
  8
BLACK
  6
CONTINUOUS
100
AcDbLine
 10
1.1501654724409449
 20
1.3564953543307086
 30
0
 11
1.1520813385826771
 21
1.3552151968503936
 31
0
  0
LINE
  5
A9D
330
1A
100
AcDbEntity
  8
BLACK
  6
CONTINUOUS
100
AcDbLine
 10
1.1520813385826771
 20
1.3552151968503936
 30
0
 11
1.1533614960629921
 21
1.3532993307086614
 31
0
  0
LINE
  5
A9E
330
1A
100
AcDbEntity
  8
BLACK
  6
CONTINUOUS
100
AcDbLine
 10
1.1533614960629921
 20
1.3532993307086614
 30
0
 11
1.1538110236220471
 21
1.3510393700787402
 31
0
  0
LINE
  5
A9F
330
1A
100
AcDbEntity
  8
BLACK
  6
CONTINUOUS
100
AcDbLine
 10
1.1538110236220471
 20
1.3510393700787402
 30
0
 11
1.1538110236220471
 21
1.304779527559055
 31
0
  0
LINE
  5
AA0
330
1A
100
AcDbEntity
  8
BLACK
  6
CONTINUOUS
100
AcDbLine
 10
1.1538110236220471
 20
1.304779527559055
 30
0
 11
1.1533614960629921
 21
1.3025195669291338
 31
0
  0
LINE
  5
AA1
330
1A
100
AcDbEntity
  8
BLACK
  6
CONTINUOUS
100
AcDbLine
 10
1.1533614960629921
 20
1.3025195669291338
 30
0
 11
1.1520813385826771
 21
1.3006037007874016
 31
0
  0
LINE
  5
AA2
330
1A
100
AcDbEntity
  8
BLACK
  6
CONTINUOUS
100
AcDbLine
 10
1.1520813385826771
 20
1.3006037007874016
 30
0
 11
1.1501654724409449
 21
1.2993235433070867
 31
0
  0
LINE
  5
AA3
330
1A
100
AcDbEntity
  8
BLACK
  6
CONTINUOUS
100
AcDbLine
 10
1.1501654724409449
 20
1.2993235433070867
 30
0
 11
1.1479055118110235
 21
1.2988740157480314
 31
0
  0
LINE
  5
AA4
330
1A
100
AcDbEntity
  8
BLACK
  6
CONTINUOUS
100
AcDbLine
 10
1.1479055118110235
 20
1.2988740157480314
 30
0
 11
1.1360944881889763
 21
1.2988740157480314
 31
0
  0
LINE
  5
AA5
330
1A
100
AcDbEntity
  8
BLACK
  6
CONTINUOUS
100
AcDbLine
 10
1.1360944881889763
 20
1.2988740157480314
 30
0
 11
1.1338345275590551
 21
1.2993235433070867
 31
0
  0
LINE
  5
AA6
330
1A
100
AcDbEntity
  8
BLACK
  6
CONTINUOUS
100
AcDbLine
 10
1.1338345275590551
 20
1.2993235433070867
 30
0
 11
1.1319186614173229
 21
1.3006037007874016
 31
0
  0
LINE
  5
AA7
330
1A
100
AcDbEntity
  8
BLACK
  6
CONTINUOUS
100
AcDbLine
 10
1.1319186614173229
 20
1.3006037007874016
 30
0
 11
1.1306385039370079
 21
1.3025195669291338
 31
0
  0
LINE
  5
AA8
330
1A
100
AcDbEntity
  8
BLACK
  6
CONTINUOUS
100
AcDbLine
 10
1.1306385039370079
 20
1.3025195669291338
 30
0
 11
1.1301889763779527
 21
1.304779527559055
 31
0
  0
LINE
  5
AA9
330
1A
100
AcDbEntity
  8
BLACK
  6
CONTINUOUS
100
AcDbLine
 10
1.1301889763779527
 20
1.304779527559055
 30
0
 11
1.1301889763779527
 21
1.3510393700787402
 31
0
  0
LINE
  5
AAA
330
1A
100
AcDbEntity
  8
BLACK
  6
CONTINUOUS
100
AcDbLine
 10
1.1301889763779527
 20
1.3510393700787402
 30
0
 11
1.1306385039370079
 21
1.3532993307086614
 31
0
  0
LINE
  5
AAB
330
1A
100
AcDbEntity
  8
BLACK
  6
CONTINUOUS
100
AcDbLine
 10
1.1306385039370079
 20
1.3532993307086614
 30
0
 11
1.1319186614173229
 21
1.3552151968503936
 31
0
  0
LINE
  5
AAC
330
1A
100
AcDbEntity
  8
BLACK
  6
CONTINUOUS
100
AcDbLine
 10
1.1319186614173229
 20
1.3552151968503936
 30
0
 11
1.1338345275590551
 21
1.3564953543307086
 31
0
  0
LINE
  5
AAD
330
1A
100
AcDbEntity
  8
BLACK
  6
CONTINUOUS
100
AcDbLine
 10
1.1338345275590551
 20
1.3564953543307086
 30
0
 11
1.1360944881889763
 21
1.3569448818897638
 31
0
  0
LINE
  5
AAE
330
1A
100
AcDbEntity
  8
BLACK
  6
CONTINUOUS
100
AcDbLine
 10
1.1360944881889763
 20
1.3569448818897638
 30
0
 11
1.1479055118110235
 21
1.3569448818897638
 31
0
  0
LINE
  5
AAF
330
1A
100
AcDbEntity
  8
BLACK
  6
CONTINUOUS
100
AcDbLine
 10
1.1479055118110235
 20
1.3569448818897638
 30
0
 11
1.1501654724409449
 21
1.3564953543307086
 31
0
  0
LINE
  5
AB0
330
1A
100
AcDbEntity
  8
BLACK
  6
CONTINUOUS
100
AcDbLine
 10
1.4850106692913385
 20
1.3411956299212597
 30
0
 11
1.4882038188976379
 21
1.3390620472440944
 31
0
  0
LINE
  5
AB1
330
1A
100
AcDbEntity
  8
BLACK
  6
CONTINUOUS
100
AcDbLine
 10
1.4882038188976379
 20
1.3390620472440944
 30
0
 11
1.4903374015748032
 21
1.3358688976377953
 31
0
  0
LINE
  5
AB2
330
1A
100
AcDbEntity
  8
BLACK
  6
CONTINUOUS
100
AcDbLine
 10
1.4903374015748032
 20
1.3358688976377953
 30
0
 11
1.4910866141732284
 21
1.3321023228346456
 31
0
  0
LINE
  5
AB3
330
1A
100
AcDbEntity
  8
BLACK
  6
CONTINUOUS
100
AcDbLine
 10
1.4910866141732284
 20
1.3321023228346456
 30
0
 11
1.4910866141732284
 21
1.3124172834645669
 31
0
  0
LINE
  5
AB4
330
1A
100
AcDbEntity
  8
BLACK
  6
CONTINUOUS
100
AcDbLine
 10
1.4910866141732284
 20
1.3124172834645669
 30
0
 11
1.4903374015748032
 21
1.3086507086614172
 31
0
  0
LINE
  5
AB5
330
1A
100
AcDbEntity
  8
BLACK
  6
CONTINUOUS
100
AcDbLine
 10
1.4903374015748032
 20
1.3086507086614172
 30
0
 11
1.4882038188976379
 21
1.3054575590551181
 31
0
  0
LINE
  5
AB6
330
1A
100
AcDbEntity
  8
BLACK
  6
CONTINUOUS
100
AcDbLine
 10
1.4882038188976379
 20
1.3054575590551181
 30
0
 11
1.4850106692913385
 21
1.3033239763779527
 31
0
  0
LINE
  5
AB7
330
1A
100
AcDbEntity
  8
BLACK
  6
CONTINUOUS
100
AcDbLine
 10
1.4850106692913385
 20
1.3033239763779527
 30
0
 11
1.4812440944881888
 21
1.3025747637795275
 31
0
  0
LINE
  5
AB8
330
1A
100
AcDbEntity
  8
BLACK
  6
CONTINUOUS
100
AcDbLine
 10
1.4812440944881888
 20
1.3025747637795275
 30
0
 11
1.4438425196850393
 21
1.3025747637795275
 31
0
  0
LINE
  5
AB9
330
1A
100
AcDbEntity
  8
BLACK
  6
CONTINUOUS
100
AcDbLine
 10
1.4438425196850393
 20
1.3025747637795275
 30
0
 11
1.4400759448818898
 21
1.3033239763779527
 31
0
  0
LINE
  5
ABA
330
1A
100
AcDbEntity
  8
BLACK
  6
CONTINUOUS
100
AcDbLine
 10
1.4400759448818898
 20
1.3033239763779527
 30
0
 11
1.4368827952755905
 21
1.3054575590551181
 31
0
  0
LINE
  5
ABB
330
1A
100
AcDbEntity
  8
BLACK
  6
CONTINUOUS
100
AcDbLine
 10
1.4368827952755905
 20
1.3054575590551181
 30
0
 11
1.4347492125984251
 21
1.3086507086614172
 31
0
  0
LINE
  5
ABC
330
1A
100
AcDbEntity
  8
BLACK
  6
CONTINUOUS
100
AcDbLine
 10
1.4347492125984251
 20
1.3086507086614172
 30
0
 11
1.4339999999999999
 21
1.3124172834645669
 31
0
  0
LINE
  5
ABD
330
1A
100
AcDbEntity
  8
BLACK
  6
CONTINUOUS
100
AcDbLine
 10
1.4339999999999999
 20
1.3124172834645669
 30
0
 11
1.4339999999999999
 21
1.3321023228346456
 31
0
  0
LINE
  5
ABE
330
1A
100
AcDbEntity
  8
BLACK
  6
CONTINUOUS
100
AcDbLine
 10
1.4339999999999999
 20
1.3321023228346456
 30
0
 11
1.4347492125984251
 21
1.3358688976377953
 31
0
  0
LINE
  5
ABF
330
1A
100
AcDbEntity
  8
BLACK
  6
CONTINUOUS
100
AcDbLine
 10
1.4347492125984251
 20
1.3358688976377953
 30
0
 11
1.4368827952755905
 21
1.3390620472440944
 31
0
  0
LINE
  5
AC0
330
1A
100
AcDbEntity
  8
BLACK
  6
CONTINUOUS
100
AcDbLine
 10
1.4368827952755905
 20
1.3390620472440944
 30
0
 11
1.4400759448818898
 21
1.3411956299212597
 31
0
  0
LINE
  5
AC1
330
1A
100
AcDbEntity
  8
BLACK
  6
CONTINUOUS
100
AcDbLine
 10
1.4400759448818898
 20
1.3411956299212597
 30
0
 11
1.4438425196850393
 21
1.3419448425196849
 31
0
  0
LINE
  5
AC2
330
1A
100
AcDbEntity
  8
BLACK
  6
CONTINUOUS
100
AcDbLine
 10
1.4438425196850393
 20
1.3419448425196849
 30
0
 11
1.4812440944881888
 21
1.3419448425196849
 31
0
  0
LINE
  5
AC3
330
1A
100
AcDbEntity
  8
BLACK
  6
CONTINUOUS
100
AcDbLine
 10
1.4812440944881888
 20
1.3419448425196849
 30
0
 11
1.4850106692913385
 21
1.3411956299212597
 31
0
  0
LINE
  5
AC4
330
1A
100
AcDbEntity
  8
BLACK
  6
CONTINUOUS
100
AcDbLine
 10
1.3086536614173228
 20
1.3320386614173227
 30
0
 11
1.310569527559055
 21
1.3307585039370078
 31
0
  0
LINE
  5
AC5
330
1A
100
AcDbEntity
  8
BLACK
  6
CONTINUOUS
100
AcDbLine
 10
1.310569527559055
 20
1.3307585039370078
 30
0
 11
1.3118496850393699
 21
1.3288426377952756
 31
0
  0
LINE
  5
AC6
330
1A
100
AcDbEntity
  8
BLACK
  6
CONTINUOUS
100
AcDbLine
 10
1.3118496850393699
 20
1.3288426377952756
 30
0
 11
1.3122992125984252
 21
1.3265826771653544
 31
0
  0
LINE
  5
AC7
330
1A
100
AcDbEntity
  8
BLACK
  6
CONTINUOUS
100
AcDbLine
 10
1.3122992125984252
 20
1.3265826771653544
 30
0
 11
1.3122992125984252
 21
1.3147716535433072
 31
0
  0
LINE
  5
AC8
330
1A
100
AcDbEntity
  8
BLACK
  6
CONTINUOUS
100
AcDbLine
 10
1.3122992125984252
 20
1.3147716535433072
 30
0
 11
1.3118496850393699
 21
1.3125116929133858
 31
0
  0
LINE
  5
AC9
330
1A
100
AcDbEntity
  8
BLACK
  6
CONTINUOUS
100
AcDbLine
 10
1.3118496850393699
 20
1.3125116929133858
 30
0
 11
1.310569527559055
 21
1.3105958267716535
 31
0
  0
LINE
  5
ACA
330
1A
100
AcDbEntity
  8
BLACK
  6
CONTINUOUS
100
AcDbLine
 10
1.310569527559055
 20
1.3105958267716535
 30
0
 11
1.3086536614173228
 21
1.3093156692913386
 31
0
  0
LINE
  5
ACB
330
1A
100
AcDbEntity
  8
BLACK
  6
CONTINUOUS
100
AcDbLine
 10
1.3086536614173228
 20
1.3093156692913386
 30
0
 11
1.3063937007874016
 21
1.3088661417322833
 31
0
  0
LINE
  5
ACC
330
1A
100
AcDbEntity
  8
BLACK
  6
CONTINUOUS
100
AcDbLine
 10
1.3063937007874016
 20
1.3088661417322833
 30
0
 11
1.2660393700787402
 21
1.3088661417322833
 31
0
  0
LINE
  5
ACD
330
1A
100
AcDbEntity
  8
BLACK
  6
CONTINUOUS
100
AcDbLine
 10
1.2660393700787402
 20
1.3088661417322833
 30
0
 11
1.2637794094488188
 21
1.3093156692913386
 31
0
  0
LINE
  5
ACE
330
1A
100
AcDbEntity
  8
BLACK
  6
CONTINUOUS
100
AcDbLine
 10
1.2637794094488188
 20
1.3093156692913386
 30
0
 11
1.2618635433070866
 21
1.3105958267716535
 31
0
  0
LINE
  5
ACF
330
1A
100
AcDbEntity
  8
BLACK
  6
CONTINUOUS
100
AcDbLine
 10
1.2618635433070866
 20
1.3105958267716535
 30
0
 11
1.2605833858267717
 21
1.3125116929133858
 31
0
  0
LINE
  5
AD0
330
1A
100
AcDbEntity
  8
BLACK
  6
CONTINUOUS
100
AcDbLine
 10
1.2605833858267717
 20
1.3125116929133858
 30
0
 11
1.2601338582677164
 21
1.3147716535433072
 31
0
  0
LINE
  5
AD1
330
1A
100
AcDbEntity
  8
BLACK
  6
CONTINUOUS
100
AcDbLine
 10
1.2601338582677164
 20
1.3147716535433072
 30
0
 11
1.2601338582677164
 21
1.3265826771653544
 31
0
  0
LINE
  5
AD2
330
1A
100
AcDbEntity
  8
BLACK
  6
CONTINUOUS
100
AcDbLine
 10
1.2601338582677164
 20
1.3265826771653544
 30
0
 11
1.2605833858267717
 21
1.3288426377952756
 31
0
  0
LINE
  5
AD3
330
1A
100
AcDbEntity
  8
BLACK
  6
CONTINUOUS
100
AcDbLine
 10
1.2605833858267717
 20
1.3288426377952756
 30
0
 11
1.2618635433070866
 21
1.3307585039370078
 31
0
  0
LINE
  5
AD4
330
1A
100
AcDbEntity
  8
BLACK
  6
CONTINUOUS
100
AcDbLine
 10
1.2618635433070866
 20
1.3307585039370078
 30
0
 11
1.2637794094488188
 21
1.3320386614173227
 31
0
  0
LINE
  5
AD5
330
1A
100
AcDbEntity
  8
BLACK
  6
CONTINUOUS
100
AcDbLine
 10
1.2637794094488188
 20
1.3320386614173227
 30
0
 11
1.2660393700787402
 21
1.332488188976378
 31
0
  0
LINE
  5
AD6
330
1A
100
AcDbEntity
  8
BLACK
  6
CONTINUOUS
100
AcDbLine
 10
1.2660393700787402
 20
1.332488188976378
 30
0
 11
1.3063937007874016
 21
1.332488188976378
 31
0
  0
LINE
  5
AD7
330
1A
100
AcDbEntity
  8
BLACK
  6
CONTINUOUS
100
AcDbLine
 10
1.3063937007874016
 20
1.332488188976378
 30
0
 11
1.3086536614173228
 21
1.3320386614173227
 31
0
  0
LINE
  5
AD8
330
1A
100
AcDbEntity
  8
BLACK
  6
CONTINUOUS
100
AcDbLine
 10
1.3982205905511811
 20
1.3320386614173227
 30
0
 11
1.4001364566929133
 21
1.3307585039370078
 31
0
  0
LINE
  5
AD9
330
1A
100
AcDbEntity
  8
BLACK
  6
CONTINUOUS
100
AcDbLine
 10
1.4001364566929133
 20
1.3307585039370078
 30
0
 11
1.4014166141732283
 21
1.3288426377952756
 31
0
  0
LINE
  5
ADA
330
1A
100
AcDbEntity
  8
BLACK
  6
CONTINUOUS
100
AcDbLine
 10
1.4014166141732283
 20
1.3288426377952756
 30
0
 11
1.4018661417322835
 21
1.3265826771653544
 31
0
  0
LINE
  5
ADB
330
1A
100
AcDbEntity
  8
BLACK
  6
CONTINUOUS
100
AcDbLine
 10
1.4018661417322835
 20
1.3265826771653544
 30
0
 11
1.4018661417322835
 21
1.3147716535433072
 31
0
  0
LINE
  5
ADC
330
1A
100
AcDbEntity
  8
BLACK
  6
CONTINUOUS
100
AcDbLine
 10
1.4018661417322835
 20
1.3147716535433072
 30
0
 11
1.4014166141732283
 21
1.3125116929133858
 31
0
  0
LINE
  5
ADD
330
1A
100
AcDbEntity
  8
BLACK
  6
CONTINUOUS
100
AcDbLine
 10
1.4014166141732283
 20
1.3125116929133858
 30
0
 11
1.4001364566929133
 21
1.3105958267716535
 31
0
  0
LINE
  5
ADE
330
1A
100
AcDbEntity
  8
BLACK
  6
CONTINUOUS
100
AcDbLine
 10
1.4001364566929133
 20
1.3105958267716535
 30
0
 11
1.3982205905511811
 21
1.3093156692913386
 31
0
  0
LINE
  5
ADF
330
1A
100
AcDbEntity
  8
BLACK
  6
CONTINUOUS
100
AcDbLine
 10
1.3982205905511811
 20
1.3093156692913386
 30
0
 11
1.3959606299212599
 21
1.3088661417322833
 31
0
  0
LINE
  5
AE0
330
1A
100
AcDbEntity
  8
BLACK
  6
CONTINUOUS
100
AcDbLine
 10
1.3959606299212599
 20
1.3088661417322833
 30
0
 11
1.3556062992125983
 21
1.3088661417322833
 31
0
  0
LINE
  5
AE1
330
1A
100
AcDbEntity
  8
BLACK
  6
CONTINUOUS
100
AcDbLine
 10
1.3556062992125983
 20
1.3088661417322833
 30
0
 11
1.3533463385826772
 21
1.3093156692913386
 31
0
  0
LINE
  5
AE2
330
1A
100
AcDbEntity
  8
BLACK
  6
CONTINUOUS
100
AcDbLine
 10
1.3533463385826772
 20
1.3093156692913386
 30
0
 11
1.3514304724409449
 21
1.3105958267716535
 31
0
  0
LINE
  5
AE3
330
1A
100
AcDbEntity
  8
BLACK
  6
CONTINUOUS
100
AcDbLine
 10
1.3514304724409449
 20
1.3105958267716535
 30
0
 11
1.35015031496063
 21
1.3125116929133858
 31
0
  0
LINE
  5
AE4
330
1A
100
AcDbEntity
  8
BLACK
  6
CONTINUOUS
100
AcDbLine
 10
1.35015031496063
 20
1.3125116929133858
 30
0
 11
1.3497007874015747
 21
1.3147716535433072
 31
0
  0
LINE
  5
AE5
330
1A
100
AcDbEntity
  8
BLACK
  6
CONTINUOUS
100
AcDbLine
 10
1.3497007874015747
 20
1.3147716535433072
 30
0
 11
1.3497007874015747
 21
1.3265826771653544
 31
0
  0
LINE
  5
AE6
330
1A
100
AcDbEntity
  8
BLACK
  6
CONTINUOUS
100
AcDbLine
 10
1.3497007874015747
 20
1.3265826771653544
 30
0
 11
1.35015031496063
 21
1.3288426377952756
 31
0
  0
LINE
  5
AE7
330
1A
100
AcDbEntity
  8
BLACK
  6
CONTINUOUS
100
AcDbLine
 10
1.35015031496063
 20
1.3288426377952756
 30
0
 11
1.3514304724409449
 21
1.3307585039370078
 31
0
  0
LINE
  5
AE8
330
1A
100
AcDbEntity
  8
BLACK
  6
CONTINUOUS
100
AcDbLine
 10
1.3514304724409449
 20
1.3307585039370078
 30
0
 11
1.3533463385826772
 21
1.3320386614173227
 31
0
  0
LINE
  5
AE9
330
1A
100
AcDbEntity
  8
BLACK
  6
CONTINUOUS
100
AcDbLine
 10
1.3533463385826772
 20
1.3320386614173227
 30
0
 11
1.3556062992125983
 21
1.332488188976378
 31
0
  0
LINE
  5
AEA
330
1A
100
AcDbEntity
  8
BLACK
  6
CONTINUOUS
100
AcDbLine
 10
1.3556062992125983
 20
1.332488188976378
 30
0
 11
1.3959606299212599
 21
1.332488188976378
 31
0
  0
LINE
  5
AEB
330
1A
100
AcDbEntity
  8
BLACK
  6
CONTINUOUS
100
AcDbLine
 10
1.3959606299212599
 20
1.332488188976378
 30
0
 11
1.3982205905511811
 21
1.3320386614173227
 31
0
  0
LINE
  5
AEC
330
1A
100
AcDbEntity
  8
BLACK
  6
CONTINUOUS
100
AcDbLine
 10
2.0394673622047246
 20
1.3555342519685039
 30
0
 11
2.0426605118110235
 21
1.3534006692913385
 31
0
  0
LINE
  5
AED
330
1A
100
AcDbEntity
  8
BLACK
  6
CONTINUOUS
100
AcDbLine
 10
2.0426605118110235
 20
1.3534006692913385
 30
0
 11
2.0447940944881888
 21
1.3502075196850394
 31
0
  0
LINE
  5
AEE
330
1A
100
AcDbEntity
  8
BLACK
  6
CONTINUOUS
100
AcDbLine
 10
2.0447940944881888
 20
1.3502075196850394
 30
0
 11
2.0455433070866142
 21
1.3464409448818897
 31
0
  0
LINE
  5
AEF
330
1A
100
AcDbEntity
  8
BLACK
  6
CONTINUOUS
100
AcDbLine
 10
2.0455433070866142
 20
1.3464409448818897
 30
0
 11
2.0455433070866142
 21
1.326755905511811
 31
0
  0
LINE
  5
AF0
330
1A
100
AcDbEntity
  8
BLACK
  6
CONTINUOUS
100
AcDbLine
 10
2.0455433070866142
 20
1.326755905511811
 30
0
 11
2.0447940944881888
 21
1.3229893307086613
 31
0
  0
LINE
  5
AF1
330
1A
100
AcDbEntity
  8
BLACK
  6
CONTINUOUS
100
AcDbLine
 10
2.0447940944881888
 20
1.3229893307086613
 30
0
 11
2.0426605118110235
 21
1.3197961811023622
 31
0
  0
LINE
  5
AF2
330
1A
100
AcDbEntity
  8
BLACK
  6
CONTINUOUS
100
AcDbLine
 10
2.0426605118110235
 20
1.3197961811023622
 30
0
 11
2.0394673622047246
 21
1.3176625984251968
 31
0
  0
LINE
  5
AF3
330
1A
100
AcDbEntity
  8
BLACK
  6
CONTINUOUS
100
AcDbLine
 10
2.0394673622047246
 20
1.3176625984251968
 30
0
 11
2.0357007874015749
 21
1.3169133858267716
 31
0
  0
LINE
  5
AF4
330
1A
100
AcDbEntity
  8
BLACK
  6
CONTINUOUS
100
AcDbLine
 10
2.0357007874015749
 20
1.3169133858267716
 30
0
 11
1.9982992125984251
 21
1.3169133858267716
 31
0
  0
LINE
  5
AF5
330
1A
100
AcDbEntity
  8
BLACK
  6
CONTINUOUS
100
AcDbLine
 10
1.9982992125984251
 20
1.3169133858267716
 30
0
 11
1.9945326377952755
 21
1.3176625984251968
 31
0
  0
LINE
  5
AF6
330
1A
100
AcDbEntity
  8
BLACK
  6
CONTINUOUS
100
AcDbLine
 10
1.9945326377952755
 20
1.3176625984251968
 30
0
 11
1.9913394881889763
 21
1.3197961811023622
 31
0
  0
LINE
  5
AF7
330
1A
100
AcDbEntity
  8
BLACK
  6
CONTINUOUS
100
AcDbLine
 10
1.9913394881889763
 20
1.3197961811023622
 30
0
 11
1.989205905511811
 21
1.3229893307086613
 31
0
  0
LINE
  5
AF8
330
1A
100
AcDbEntity
  8
BLACK
  6
CONTINUOUS
100
AcDbLine
 10
1.989205905511811
 20
1.3229893307086613
 30
0
 11
1.9884566929133858
 21
1.326755905511811
 31
0
  0
LINE
  5
AF9
330
1A
100
AcDbEntity
  8
BLACK
  6
CONTINUOUS
100
AcDbLine
 10
1.9884566929133858
 20
1.326755905511811
 30
0
 11
1.9884566929133858
 21
1.3464409448818897
 31
0
  0
LINE
  5
AFA
330
1A
100
AcDbEntity
  8
BLACK
  6
CONTINUOUS
100
AcDbLine
 10
1.9884566929133858
 20
1.3464409448818897
 30
0
 11
1.989205905511811
 21
1.3502075196850394
 31
0
  0
LINE
  5
AFB
330
1A
100
AcDbEntity
  8
BLACK
  6
CONTINUOUS
100
AcDbLine
 10
1.989205905511811
 20
1.3502075196850394
 30
0
 11
1.9913394881889763
 21
1.3534006692913385
 31
0
  0
LINE
  5
AFC
330
1A
100
AcDbEntity
  8
BLACK
  6
CONTINUOUS
100
AcDbLine
 10
1.9913394881889763
 20
1.3534006692913385
 30
0
 11
1.9945326377952755
 21
1.3555342519685039
 31
0
  0
LINE
  5
AFD
330
1A
100
AcDbEntity
  8
BLACK
  6
CONTINUOUS
100
AcDbLine
 10
1.9945326377952755
 20
1.3555342519685039
 30
0
 11
1.9982992125984251
 21
1.3562834645669291
 31
0
  0
LINE
  5
AFE
330
1A
100
AcDbEntity
  8
BLACK
  6
CONTINUOUS
100
AcDbLine
 10
1.9982992125984251
 20
1.3562834645669291
 30
0
 11
2.0357007874015749
 21
1.3562834645669291
 31
0
  0
LINE
  5
AFF
330
1A
100
AcDbEntity
  8
BLACK
  6
CONTINUOUS
100
AcDbLine
 10
2.0357007874015749
 20
1.3562834645669291
 30
0
 11
2.0394673622047246
 21
1.3555342519685039
 31
0
  0
LINE
  5
B00
330
1A
100
AcDbEntity
  8
BLACK
  6
CONTINUOUS
100
AcDbLine
 10
2.6041654724409447
 20
1.3989362992125984
 30
0
 11
2.6060813385826771
 21
1.3976561417322835
 31
0
  0
LINE
  5
B01
330
1A
100
AcDbEntity
  8
BLACK
  6
CONTINUOUS
100
AcDbLine
 10
2.6060813385826771
 20
1.3976561417322835
 30
0
 11
2.6073614960629921
 21
1.3957402755905512
 31
0
  0
LINE
  5
B02
330
1A
100
AcDbEntity
  8
BLACK
  6
CONTINUOUS
100
AcDbLine
 10
2.6073614960629921
 20
1.3957402755905512
 30
0
 11
2.6078110236220473
 21
1.3934803149606299
 31
0
  0
LINE
  5
B03
330
1A
100
AcDbEntity
  8
BLACK
  6
CONTINUOUS
100
AcDbLine
 10
2.6078110236220473
 20
1.3934803149606299
 30
0
 11
2.6078110236220473
 21
1.3285196850393701
 31
0
  0
LINE
  5
B04
330
1A
100
AcDbEntity
  8
BLACK
  6
CONTINUOUS
100
AcDbLine
 10
2.6078110236220473
 20
1.3285196850393701
 30
0
 11
2.6073614960629921
 21
1.3262597244094487
 31
0
  0
LINE
  5
B05
330
1A
100
AcDbEntity
  8
BLACK
  6
CONTINUOUS
100
AcDbLine
 10
2.6073614960629921
 20
1.3262597244094487
 30
0
 11
2.6060813385826771
 21
1.3243438582677165
 31
0
  0
LINE
  5
B06
330
1A
100
AcDbEntity
  8
BLACK
  6
CONTINUOUS
100
AcDbLine
 10
2.6060813385826771
 20
1.3243438582677165
 30
0
 11
2.6041654724409447
 21
1.3230637007874015
 31
0
  0
LINE
  5
B07
330
1A
100
AcDbEntity
  8
BLACK
  6
CONTINUOUS
100
AcDbLine
 10
2.6041654724409447
 20
1.3230637007874015
 30
0
 11
2.6019055118110237
 21
1.3226141732283465
 31
0
  0
LINE
  5
B08
330
1A
100
AcDbEntity
  8
BLACK
  6
CONTINUOUS
100
AcDbLine
 10
2.6019055118110237
 20
1.3226141732283465
 30
0
 11
2.5900944881889765
 21
1.3226141732283465
 31
0
  0
LINE
  5
B09
330
1A
100
AcDbEntity
  8
BLACK
  6
CONTINUOUS
100
AcDbLine
 10
2.5900944881889765
 20
1.3226141732283465
 30
0
 11
2.5878345275590551
 21
1.3230637007874015
 31
0
  0
LINE
  5
B0A
330
1A
100
AcDbEntity
  8
BLACK
  6
CONTINUOUS
100
AcDbLine
 10
2.5878345275590551
 20
1.3230637007874015
 30
0
 11
2.5859186614173226
 21
1.3243438582677165
 31
0
  0
LINE
  5
B0B
330
1A
100
AcDbEntity
  8
BLACK
  6
CONTINUOUS
100
AcDbLine
 10
2.5859186614173226
 20
1.3243438582677165
 30
0
 11
2.5846385039370077
 21
1.3262597244094487
 31
0
  0
LINE
  5
B0C
330
1A
100
AcDbEntity
  8
BLACK
  6
CONTINUOUS
100
AcDbLine
 10
2.5846385039370077
 20
1.3262597244094487
 30
0
 11
2.5841889763779529
 21
1.3285196850393701
 31
0
  0
LINE
  5
B0D
330
1A
100
AcDbEntity
  8
BLACK
  6
CONTINUOUS
100
AcDbLine
 10
2.5841889763779529
 20
1.3285196850393701
 30
0
 11
2.5841889763779529
 21
1.3934803149606299
 31
0
  0
LINE
  5
B0E
330
1A
100
AcDbEntity
  8
BLACK
  6
CONTINUOUS
100
AcDbLine
 10
2.5841889763779529
 20
1.3934803149606299
 30
0
 11
2.5846385039370077
 21
1.3957402755905512
 31
0
  0
LINE
  5
B0F
330
1A
100
AcDbEntity
  8
BLACK
  6
CONTINUOUS
100
AcDbLine
 10
2.5846385039370077
 20
1.3957402755905512
 30
0
 11
2.5859186614173226
 21
1.3976561417322835
 31
0
  0
LINE
  5
B10
330
1A
100
AcDbEntity
  8
BLACK
  6
CONTINUOUS
100
AcDbLine
 10
2.5859186614173226
 20
1.3976561417322835
 30
0
 11
2.5878345275590551
 21
1.3989362992125984
 31
0
  0
LINE
  5
B11
330
1A
100
AcDbEntity
  8
BLACK
  6
CONTINUOUS
100
AcDbLine
 10
2.5878345275590551
 20
1.3989362992125984
 30
0
 11
2.5900944881889765
 21
1.3993858267716535
 31
0
  0
LINE
  5
B12
330
1A
100
AcDbEntity
  8
BLACK
  6
CONTINUOUS
100
AcDbLine
 10
2.5900944881889765
 20
1.3993858267716535
 30
0
 11
2.6019055118110237
 21
1.3993858267716535
 31
0
  0
LINE
  5
B13
330
1A
100
AcDbEntity
  8
BLACK
  6
CONTINUOUS
100
AcDbLine
 10
2.6019055118110237
 20
1.3993858267716535
 30
0
 11
2.6041654724409447
 21
1.3989362992125984
 31
0
  0
LINE
  5
B14
330
1A
100
AcDbEntity
  8
BLACK
  6
CONTINUOUS
100
AcDbLine
 10
2.6541654724409449
 20
1.3989362992125984
 30
0
 11
2.6560813385826769
 21
1.3976561417322835
 31
0
  0
LINE
  5
B15
330
1A
100
AcDbEntity
  8
BLACK
  6
CONTINUOUS
100
AcDbLine
 10
2.6560813385826769
 20
1.3976561417322835
 30
0
 11
2.6573614960629919
 21
1.3957402755905512
 31
0
  0
LINE
  5
B16
330
1A
100
AcDbEntity
  8
BLACK
  6
CONTINUOUS
100
AcDbLine
 10
2.6573614960629919
 20
1.3957402755905512
 30
0
 11
2.6578110236220471
 21
1.3934803149606299
 31
0
  0
LINE
  5
B17
330
1A
100
AcDbEntity
  8
BLACK
  6
CONTINUOUS
100
AcDbLine
 10
2.6578110236220471
 20
1.3934803149606299
 30
0
 11
2.6578110236220471
 21
1.3285196850393701
 31
0
  0
LINE
  5
B18
330
1A
100
AcDbEntity
  8
BLACK
  6
CONTINUOUS
100
AcDbLine
 10
2.6578110236220471
 20
1.3285196850393701
 30
0
 11
2.6573614960629919
 21
1.3262597244094487
 31
0
  0
LINE
  5
B19
330
1A
100
AcDbEntity
  8
BLACK
  6
CONTINUOUS
100
AcDbLine
 10
2.6573614960629919
 20
1.3262597244094487
 30
0
 11
2.6560813385826769
 21
1.3243438582677165
 31
0
  0
LINE
  5
B1A
330
1A
100
AcDbEntity
  8
BLACK
  6
CONTINUOUS
100
AcDbLine
 10
2.6560813385826769
 20
1.3243438582677165
 30
0
 11
2.6541654724409449
 21
1.3230637007874015
 31
0
  0
LINE
  5
B1B
330
1A
100
AcDbEntity
  8
BLACK
  6
CONTINUOUS
100
AcDbLine
 10
2.6541654724409449
 20
1.3230637007874015
 30
0
 11
2.6519055118110235
 21
1.3226141732283465
 31
0
  0
LINE
  5
B1C
330
1A
100
AcDbEntity
  8
BLACK
  6
CONTINUOUS
100
AcDbLine
 10
2.6519055118110235
 20
1.3226141732283465
 30
0
 11
2.6400944881889763
 21
1.3226141732283465
 31
0
  0
LINE
  5
B1D
330
1A
100
AcDbEntity
  8
BLACK
  6
CONTINUOUS
100
AcDbLine
 10
2.6400944881889763
 20
1.3226141732283465
 30
0
 11
2.6378345275590549
 21
1.3230637007874015
 31
0
  0
LINE
  5
B1E
330
1A
100
AcDbEntity
  8
BLACK
  6
CONTINUOUS
100
AcDbLine
 10
2.6378345275590549
 20
1.3230637007874015
 30
0
 11
2.6359186614173229
 21
1.3243438582677165
 31
0
  0
LINE
  5
B1F
330
1A
100
AcDbEntity
  8
BLACK
  6
CONTINUOUS
100
AcDbLine
 10
2.6359186614173229
 20
1.3243438582677165
 30
0
 11
2.6346385039370079
 21
1.3262597244094487
 31
0
  0
LINE
  5
B20
330
1A
100
AcDbEntity
  8
BLACK
  6
CONTINUOUS
100
AcDbLine
 10
2.6346385039370079
 20
1.3262597244094487
 30
0
 11
2.6341889763779527
 21
1.3285196850393701
 31
0
  0
LINE
  5
B21
330
1A
100
AcDbEntity
  8
BLACK
  6
CONTINUOUS
100
AcDbLine
 10
2.6341889763779527
 20
1.3285196850393701
 30
0
 11
2.6341889763779527
 21
1.3934803149606299
 31
0
  0
LINE
  5
B22
330
1A
100
AcDbEntity
  8
BLACK
  6
CONTINUOUS
100
AcDbLine
 10
2.6341889763779527
 20
1.3934803149606299
 30
0
 11
2.6346385039370079
 21
1.3957402755905512
 31
0
  0
LINE
  5
B23
330
1A
100
AcDbEntity
  8
BLACK
  6
CONTINUOUS
100
AcDbLine
 10
2.6346385039370079
 20
1.3957402755905512
 30
0
 11
2.6359186614173229
 21
1.3976561417322835
 31
0
  0
LINE
  5
B24
330
1A
100
AcDbEntity
  8
BLACK
  6
CONTINUOUS
100
AcDbLine
 10
2.6359186614173229
 20
1.3976561417322835
 30
0
 11
2.6378345275590549
 21
1.3989362992125984
 31
0
  0
LINE
  5
B25
330
1A
100
AcDbEntity
  8
BLACK
  6
CONTINUOUS
100
AcDbLine
 10
2.6378345275590549
 20
1.3989362992125984
 30
0
 11
2.6400944881889763
 21
1.3993858267716535
 31
0
  0
LINE
  5
B26
330
1A
100
AcDbEntity
  8
BLACK
  6
CONTINUOUS
100
AcDbLine
 10
2.6400944881889763
 20
1.3993858267716535
 30
0
 11
2.6519055118110235
 21
1.3993858267716535
 31
0
  0
LINE
  5
B27
330
1A
100
AcDbEntity
  8
BLACK
  6
CONTINUOUS
100
AcDbLine
 10
2.6519055118110235
 20
1.3993858267716535
 30
0
 11
2.6541654724409449
 21
1.3989362992125984
 31
0
  0
LINE
  5
B28
330
1A
100
AcDbEntity
  8
BLACK
  6
CONTINUOUS
100
AcDbLine
 10
2.7041654724409447
 20
1.3989362992125984
 30
0
 11
2.7060813385826772
 21
1.3976561417322835
 31
0
  0
LINE
  5
B29
330
1A
100
AcDbEntity
  8
BLACK
  6
CONTINUOUS
100
AcDbLine
 10
2.7060813385826772
 20
1.3976561417322835
 30
0
 11
2.7073614960629921
 21
1.3957402755905512
 31
0
  0
LINE
  5
B2A
330
1A
100
AcDbEntity
  8
BLACK
  6
CONTINUOUS
100
AcDbLine
 10
2.7073614960629921
 20
1.3957402755905512
 30
0
 11
2.7078110236220474
 21
1.3934803149606299
 31
0
  0
LINE
  5
B2B
330
1A
100
AcDbEntity
  8
BLACK
  6
CONTINUOUS
100
AcDbLine
 10
2.7078110236220474
 20
1.3934803149606299
 30
0
 11
2.7078110236220474
 21
1.3285196850393701
 31
0
  0
LINE
  5
B2C
330
1A
100
AcDbEntity
  8
BLACK
  6
CONTINUOUS
100
AcDbLine
 10
2.7078110236220474
 20
1.3285196850393701
 30
0
 11
2.7073614960629921
 21
1.3262597244094487
 31
0
  0
LINE
  5
B2D
330
1A
100
AcDbEntity
  8
BLACK
  6
CONTINUOUS
100
AcDbLine
 10
2.7073614960629921
 20
1.3262597244094487
 30
0
 11
2.7060813385826772
 21
1.3243438582677165
 31
0
  0
LINE
  5
B2E
330
1A
100
AcDbEntity
  8
BLACK
  6
CONTINUOUS
100
AcDbLine
 10
2.7060813385826772
 20
1.3243438582677165
 30
0
 11
2.7041654724409447
 21
1.3230637007874015
 31
0
  0
LINE
  5
B2F
330
1A
100
AcDbEntity
  8
BLACK
  6
CONTINUOUS
100
AcDbLine
 10
2.7041654724409447
 20
1.3230637007874015
 30
0
 11
2.7019055118110233
 21
1.3226141732283465
 31
0
  0
LINE
  5
B30
330
1A
100
AcDbEntity
  8
BLACK
  6
CONTINUOUS
100
AcDbLine
 10
2.7019055118110233
 20
1.3226141732283465
 30
0
 11
2.6900944881889761
 21
1.3226141732283465
 31
0
  0
LINE
  5
B31
330
1A
100
AcDbEntity
  8
BLACK
  6
CONTINUOUS
100
AcDbLine
 10
2.6900944881889761
 20
1.3226141732283465
 30
0
 11
2.6878345275590552
 21
1.3230637007874015
 31
0
  0
LINE
  5
B32
330
1A
100
AcDbEntity
  8
BLACK
  6
CONTINUOUS
100
AcDbLine
 10
2.6878345275590552
 20
1.3230637007874015
 30
0
 11
2.6859186614173227
 21
1.3243438582677165
 31
0
  0
LINE
  5
B33
330
1A
100
AcDbEntity
  8
BLACK
  6
CONTINUOUS
100
AcDbLine
 10
2.6859186614173227
 20
1.3243438582677165
 30
0
 11
2.6846385039370078
 21
1.3262597244094487
 31
0
  0
LINE
  5
B34
330
1A
100
AcDbEntity
  8
BLACK
  6
CONTINUOUS
100
AcDbLine
 10
2.6846385039370078
 20
1.3262597244094487
 30
0
 11
2.6841889763779525
 21
1.3285196850393701
 31
0
  0
LINE
  5
B35
330
1A
100
AcDbEntity
  8
BLACK
  6
CONTINUOUS
100
AcDbLine
 10
2.6841889763779525
 20
1.3285196850393701
 30
0
 11
2.6841889763779525
 21
1.3934803149606299
 31
0
  0
LINE
  5
B36
330
1A
100
AcDbEntity
  8
BLACK
  6
CONTINUOUS
100
AcDbLine
 10
2.6841889763779525
 20
1.3934803149606299
 30
0
 11
2.6846385039370078
 21
1.3957402755905512
 31
0
  0
LINE
  5
B37
330
1A
100
AcDbEntity
  8
BLACK
  6
CONTINUOUS
100
AcDbLine
 10
2.6846385039370078
 20
1.3957402755905512
 30
0
 11
2.6859186614173227
 21
1.3976561417322835
 31
0
  0
LINE
  5
B38
330
1A
100
AcDbEntity
  8
BLACK
  6
CONTINUOUS
100
AcDbLine
 10
2.6859186614173227
 20
1.3976561417322835
 30
0
 11
2.6878345275590552
 21
1.3989362992125984
 31
0
  0
LINE
  5
B39
330
1A
100
AcDbEntity
  8
BLACK
  6
CONTINUOUS
100
AcDbLine
 10
2.6878345275590552
 20
1.3989362992125984
 30
0
 11
2.6900944881889761
 21
1.3993858267716535
 31
0
  0
LINE
  5
B3A
330
1A
100
AcDbEntity
  8
BLACK
  6
CONTINUOUS
100
AcDbLine
 10
2.6900944881889761
 20
1.3993858267716535
 30
0
 11
2.7019055118110233
 21
1.3993858267716535
 31
0
  0
LINE
  5
B3B
330
1A
100
AcDbEntity
  8
BLACK
  6
CONTINUOUS
100
AcDbLine
 10
2.7019055118110233
 20
1.3993858267716535
 30
0
 11
2.7041654724409447
 21
1.3989362992125984
 31
0
  0
LINE
  5
B3C
330
1A
100
AcDbEntity
  8
BLACK
  6
CONTINUOUS
100
AcDbLine
 10
2.754165472440945
 20
1.3989362992125984
 30
0
 11
2.756081338582677
 21
1.3976561417322835
 31
0
  0
LINE
  5
B3D
330
1A
100
AcDbEntity
  8
BLACK
  6
CONTINUOUS
100
AcDbLine
 10
2.756081338582677
 20
1.3976561417322835
 30
0
 11
2.757361496062992
 21
1.3957402755905512
 31
0
  0
LINE
  5
B3E
330
1A
100
AcDbEntity
  8
BLACK
  6
CONTINUOUS
100
AcDbLine
 10
2.757361496062992
 20
1.3957402755905512
 30
0
 11
2.7578110236220472
 21
1.3934803149606299
 31
0
  0
LINE
  5
B3F
330
1A
100
AcDbEntity
  8
BLACK
  6
CONTINUOUS
100
AcDbLine
 10
2.7578110236220472
 20
1.3934803149606299
 30
0
 11
2.7578110236220472
 21
1.3285196850393701
 31
0
  0
LINE
  5
B40
330
1A
100
AcDbEntity
  8
BLACK
  6
CONTINUOUS
100
AcDbLine
 10
2.7578110236220472
 20
1.3285196850393701
 30
0
 11
2.757361496062992
 21
1.3262597244094487
 31
0
  0
LINE
  5
B41
330
1A
100
AcDbEntity
  8
BLACK
  6
CONTINUOUS
100
AcDbLine
 10
2.757361496062992
 20
1.3262597244094487
 30
0
 11
2.756081338582677
 21
1.3243438582677165
 31
0
  0
LINE
  5
B42
330
1A
100
AcDbEntity
  8
BLACK
  6
CONTINUOUS
100
AcDbLine
 10
2.756081338582677
 20
1.3243438582677165
 30
0
 11
2.754165472440945
 21
1.3230637007874015
 31
0
  0
LINE
  5
B43
330
1A
100
AcDbEntity
  8
BLACK
  6
CONTINUOUS
100
AcDbLine
 10
2.754165472440945
 20
1.3230637007874015
 30
0
 11
2.7519055118110236
 21
1.3226141732283465
 31
0
  0
LINE
  5
B44
330
1A
100
AcDbEntity
  8
BLACK
  6
CONTINUOUS
100
AcDbLine
 10
2.7519055118110236
 20
1.3226141732283465
 30
0
 11
2.7400944881889764
 21
1.3226141732283465
 31
0
  0
LINE
  5
B45
330
1A
100
AcDbEntity
  8
BLACK
  6
CONTINUOUS
100
AcDbLine
 10
2.7400944881889764
 20
1.3226141732283465
 30
0
 11
2.737834527559055
 21
1.3230637007874015
 31
0
  0
LINE
  5
B46
330
1A
100
AcDbEntity
  8
BLACK
  6
CONTINUOUS
100
AcDbLine
 10
2.737834527559055
 20
1.3230637007874015
 30
0
 11
2.735918661417323
 21
1.3243438582677165
 31
0
  0
LINE
  5
B47
330
1A
100
AcDbEntity
  8
BLACK
  6
CONTINUOUS
100
AcDbLine
 10
2.735918661417323
 20
1.3243438582677165
 30
0
 11
2.734638503937008
 21
1.3262597244094487
 31
0
  0
LINE
  5
B48
330
1A
100
AcDbEntity
  8
BLACK
  6
CONTINUOUS
100
AcDbLine
 10
2.734638503937008
 20
1.3262597244094487
 30
0
 11
2.7341889763779528
 21
1.3285196850393701
 31
0
  0
LINE
  5
B49
330
1A
100
AcDbEntity
  8
BLACK
  6
CONTINUOUS
100
AcDbLine
 10
2.7341889763779528
 20
1.3285196850393701
 30
0
 11
2.7341889763779528
 21
1.3934803149606299
 31
0
  0
LINE
  5
B4A
330
1A
100
AcDbEntity
  8
BLACK
  6
CONTINUOUS
100
AcDbLine
 10
2.7341889763779528
 20
1.3934803149606299
 30
0
 11
2.734638503937008
 21
1.3957402755905512
 31
0
  0
LINE
  5
B4B
330
1A
100
AcDbEntity
  8
BLACK
  6
CONTINUOUS
100
AcDbLine
 10
2.734638503937008
 20
1.3957402755905512
 30
0
 11
2.735918661417323
 21
1.3976561417322835
 31
0
  0
LINE
  5
B4C
330
1A
100
AcDbEntity
  8
BLACK
  6
CONTINUOUS
100
AcDbLine
 10
2.735918661417323
 20
1.3976561417322835
 30
0
 11
2.737834527559055
 21
1.3989362992125984
 31
0
  0
LINE
  5
B4D
330
1A
100
AcDbEntity
  8
BLACK
  6
CONTINUOUS
100
AcDbLine
 10
2.737834527559055
 20
1.3989362992125984
 30
0
 11
2.7400944881889764
 21
1.3993858267716535
 31
0
  0
LINE
  5
B4E
330
1A
100
AcDbEntity
  8
BLACK
  6
CONTINUOUS
100
AcDbLine
 10
2.7400944881889764
 20
1.3993858267716535
 30
0
 11
2.7519055118110236
 21
1.3993858267716535
 31
0
  0
LINE
  5
B4F
330
1A
100
AcDbEntity
  8
BLACK
  6
CONTINUOUS
100
AcDbLine
 10
2.7519055118110236
 20
1.3993858267716535
 30
0
 11
2.754165472440945
 21
1.3989362992125984
 31
0
  0
LINE
  5
B50
330
1A
100
AcDbEntity
  8
BLACK
  6
CONTINUOUS
100
AcDbLine
 10
1.0504988582677166
 20
1.3869594488188977
 30
0
 11
1.0536920078740157
 21
1.3848258661417323
 31
0
  0
LINE
  5
B51
330
1A
100
AcDbEntity
  8
BLACK
  6
CONTINUOUS
100
AcDbLine
 10
1.0536920078740157
 20
1.3848258661417323
 30
0
 11
1.0558255905511811
 21
1.381632716535433
 31
0
  0
LINE
  5
B52
330
1A
100
AcDbEntity
  8
BLACK
  6
CONTINUOUS
100
AcDbLine
 10
1.0558255905511811
 20
1.381632716535433
 30
0
 11
1.0565748031496063
 21
1.3778661417322835
 31
0
  0
LINE
  5
B53
330
1A
100
AcDbEntity
  8
BLACK
  6
CONTINUOUS
100
AcDbLine
 10
1.0565748031496063
 20
1.3778661417322835
 30
0
 11
1.0565748031496063
 21
1.3424330708661416
 31
0
  0
LINE
  5
B54
330
1A
100
AcDbEntity
  8
BLACK
  6
CONTINUOUS
100
AcDbLine
 10
1.0565748031496063
 20
1.3424330708661416
 30
0
 11
1.0558255905511811
 21
1.3386664960629922
 31
0
  0
LINE
  5
B55
330
1A
100
AcDbEntity
  8
BLACK
  6
CONTINUOUS
100
AcDbLine
 10
1.0558255905511811
 20
1.3386664960629922
 30
0
 11
1.0536920078740157
 21
1.3354733464566928
 31
0
  0
LINE
  5
B56
330
1A
100
AcDbEntity
  8
BLACK
  6
CONTINUOUS
100
AcDbLine
 10
1.0536920078740157
 20
1.3354733464566928
 30
0
 11
1.0504988582677166
 21
1.3333397637795275
 31
0
  0
LINE
  5
B57
330
1A
100
AcDbEntity
  8
BLACK
  6
CONTINUOUS
100
AcDbLine
 10
1.0504988582677166
 20
1.3333397637795275
 30
0
 11
1.0467322834645669
 21
1.3325905511811023
 31
0
  0
LINE
  5
B58
330
1A
100
AcDbEntity
  8
BLACK
  6
CONTINUOUS
100
AcDbLine
 10
1.0467322834645669
 20
1.3325905511811023
 30
0
 11
1.0132677165354331
 21
1.3325905511811023
 31
0
  0
LINE
  5
B59
330
1A
100
AcDbEntity
  8
BLACK
  6
CONTINUOUS
100
AcDbLine
 10
1.0132677165354331
 20
1.3325905511811023
 30
0
 11
1.0095011417322834
 21
1.3333397637795275
 31
0
  0
LINE
  5
B5A
330
1A
100
AcDbEntity
  8
BLACK
  6
CONTINUOUS
100
AcDbLine
 10
1.0095011417322834
 20
1.3333397637795275
 30
0
 11
1.0063079921259843
 21
1.3354733464566928
 31
0
  0
LINE
  5
B5B
330
1A
100
AcDbEntity
  8
BLACK
  6
CONTINUOUS
100
AcDbLine
 10
1.0063079921259843
 20
1.3354733464566928
 30
0
 11
1.004174409448819
 21
1.3386664960629922
 31
0
  0
LINE
  5
B5C
330
1A
100
AcDbEntity
  8
BLACK
  6
CONTINUOUS
100
AcDbLine
 10
1.004174409448819
 20
1.3386664960629922
 30
0
 11
1.0034251968503938
 21
1.3424330708661416
 31
0
  0
LINE
  5
B5D
330
1A
100
AcDbEntity
  8
BLACK
  6
CONTINUOUS
100
AcDbLine
 10
1.0034251968503938
 20
1.3424330708661416
 30
0
 11
1.0034251968503938
 21
1.3778661417322835
 31
0
  0
LINE
  5
B5E
330
1A
100
AcDbEntity
  8
BLACK
  6
CONTINUOUS
100
AcDbLine
 10
1.0034251968503938
 20
1.3778661417322835
 30
0
 11
1.004174409448819
 21
1.381632716535433
 31
0
  0
LINE
  5
B5F
330
1A
100
AcDbEntity
  8
BLACK
  6
CONTINUOUS
100
AcDbLine
 10
1.004174409448819
 20
1.381632716535433
 30
0
 11
1.0063079921259843
 21
1.3848258661417323
 31
0
  0
LINE
  5
B60
330
1A
100
AcDbEntity
  8
BLACK
  6
CONTINUOUS
100
AcDbLine
 10
1.0063079921259843
 20
1.3848258661417323
 30
0
 11
1.0095011417322834
 21
1.3869594488188977
 31
0
  0
LINE
  5
B61
330
1A
100
AcDbEntity
  8
BLACK
  6
CONTINUOUS
100
AcDbLine
 10
1.0095011417322834
 20
1.3869594488188977
 30
0
 11
1.0132677165354331
 21
1.3877086614173229
 31
0
  0
LINE
  5
B62
330
1A
100
AcDbEntity
  8
BLACK
  6
CONTINUOUS
100
AcDbLine
 10
1.0132677165354331
 20
1.3877086614173229
 30
0
 11
1.0467322834645669
 21
1.3877086614173229
 31
0
  0
LINE
  5
B63
330
1A
100
AcDbEntity
  8
BLACK
  6
CONTINUOUS
100
AcDbLine
 10
1.0467322834645669
 20
1.3877086614173229
 30
0
 11
1.0504988582677166
 21
1.3869594488188977
 31
0
  0
LINE
  5
B64
330
1A
100
AcDbEntity
  8
BLACK
  6
CONTINUOUS
100
AcDbLine
 10
2.2904831102362202
 20
1.4013531496062992
 30
0
 11
2.2936762598425195
 21
1.3992195669291339
 31
0
  0
LINE
  5
B65
330
1A
100
AcDbEntity
  8
BLACK
  6
CONTINUOUS
100
AcDbLine
 10
2.2936762598425195
 20
1.3992195669291339
 30
0
 11
2.2958098425196849
 21
1.3960264173228347
 31
0
  0
LINE
  5
B66
330
1A
100
AcDbEntity
  8
BLACK
  6
CONTINUOUS
100
AcDbLine
 10
2.2958098425196849
 20
1.3960264173228347
 30
0
 11
2.2965590551181103
 21
1.392259842519685
 31
0
  0
LINE
  5
B67
330
1A
100
AcDbEntity
  8
BLACK
  6
CONTINUOUS
100
AcDbLine
 10
2.2965590551181103
 20
1.392259842519685
 30
0
 11
2.2965590551181103
 21
1.3715905511811024
 31
0
  0
LINE
  5
B68
330
1A
100
AcDbEntity
  8
BLACK
  6
CONTINUOUS
100
AcDbLine
 10
2.2965590551181103
 20
1.3715905511811024
 30
0
 11
2.2958098425196849
 21
1.3678239763779527
 31
0
  0
LINE
  5
B69
330
1A
100
AcDbEntity
  8
BLACK
  6
CONTINUOUS
100
AcDbLine
 10
2.2958098425196849
 20
1.3678239763779527
 30
0
 11
2.2936762598425195
 21
1.3646308267716536
 31
0
  0
LINE
  5
B6A
330
1A
100
AcDbEntity
  8
BLACK
  6
CONTINUOUS
100
AcDbLine
 10
2.2936762598425195
 20
1.3646308267716536
 30
0
 11
2.2904831102362202
 21
1.3624972440944882
 31
0
  0
LINE
  5
B6B
330
1A
100
AcDbEntity
  8
BLACK
  6
CONTINUOUS
100
AcDbLine
 10
2.2904831102362202
 20
1.3624972440944882
 30
0
 11
2.286716535433071
 21
1.361748031496063
 31
0
  0
LINE
  5
B6C
330
1A
100
AcDbEntity
  8
BLACK
  6
CONTINUOUS
100
AcDbLine
 10
2.286716535433071
 20
1.361748031496063
 30
0
 11
2.2512834645669293
 21
1.361748031496063
 31
0
  0
LINE
  5
B6D
330
1A
100
AcDbEntity
  8
BLACK
  6
CONTINUOUS
100
AcDbLine
 10
2.2512834645669293
 20
1.361748031496063
 30
0
 11
2.2475168897637796
 21
1.3624972440944882
 31
0
  0
LINE
  5
B6E
330
1A
100
AcDbEntity
  8
BLACK
  6
CONTINUOUS
100
AcDbLine
 10
2.2475168897637796
 20
1.3624972440944882
 30
0
 11
2.2443237401574803
 21
1.3646308267716536
 31
0
  0
LINE
  5
B6F
330
1A
100
AcDbEntity
  8
BLACK
  6
CONTINUOUS
100
AcDbLine
 10
2.2443237401574803
 20
1.3646308267716536
 30
0
 11
2.2421901574803149
 21
1.3678239763779527
 31
0
  0
LINE
  5
B70
330
1A
100
AcDbEntity
  8
BLACK
  6
CONTINUOUS
100
AcDbLine
 10
2.2421901574803149
 20
1.3678239763779527
 30
0
 11
2.2414409448818895
 21
1.3715905511811024
 31
0
  0
LINE
  5
B71
330
1A
100
AcDbEntity
  8
BLACK
  6
CONTINUOUS
100
AcDbLine
 10
2.2414409448818895
 20
1.3715905511811024
 30
0
 11
2.2414409448818895
 21
1.392259842519685
 31
0
  0
LINE
  5
B72
330
1A
100
AcDbEntity
  8
BLACK
  6
CONTINUOUS
100
AcDbLine
 10
2.2414409448818895
 20
1.392259842519685
 30
0
 11
2.2421901574803149
 21
1.3960264173228347
 31
0
  0
LINE
  5
B73
330
1A
100
AcDbEntity
  8
BLACK
  6
CONTINUOUS
100
AcDbLine
 10
2.2421901574803149
 20
1.3960264173228347
 30
0
 11
2.2443237401574803
 21
1.3992195669291339
 31
0
  0
LINE
  5
B74
330
1A
100
AcDbEntity
  8
BLACK
  6
CONTINUOUS
100
AcDbLine
 10
2.2443237401574803
 20
1.3992195669291339
 30
0
 11
2.2475168897637796
 21
1.4013531496062992
 31
0
  0
LINE
  5
B75
330
1A
100
AcDbEntity
  8
BLACK
  6
CONTINUOUS
100
AcDbLine
 10
2.2475168897637796
 20
1.4013531496062992
 30
0
 11
2.2512834645669293
 21
1.4021023622047244
 31
0
  0
LINE
  5
B76
330
1A
100
AcDbEntity
  8
BLACK
  6
CONTINUOUS
100
AcDbLine
 10
2.2512834645669293
 20
1.4021023622047244
 30
0
 11
2.286716535433071
 21
1.4021023622047244
 31
0
  0
LINE
  5
B77
330
1A
100
AcDbEntity
  8
BLACK
  6
CONTINUOUS
100
AcDbLine
 10
2.286716535433071
 20
1.4021023622047244
 30
0
 11
2.2904831102362202
 21
1.4013531496062992
 31
0
  0
LINE
  5
B78
330
1A
100
AcDbEntity
  8
BLACK
  6
CONTINUOUS
100
AcDbLine
 10
1.2692075196850394
 20
1.42506968503937
 30
0
 11
1.2724006692913385
 21
1.4229361023622047
 31
0
  0
LINE
  5
B79
330
1A
100
AcDbEntity
  8
BLACK
  6
CONTINUOUS
100
AcDbLine
 10
1.2724006692913385
 20
1.4229361023622047
 30
0
 11
1.2745342519685039
 21
1.4197429527559056
 31
0
  0
LINE
  5
B7A
330
1A
100
AcDbEntity
  8
BLACK
  6
CONTINUOUS
100
AcDbLine
 10
1.2745342519685039
 20
1.4197429527559056
 30
0
 11
1.2752834645669291
 21
1.4159763779527559
 31
0
  0
LINE
  5
B7B
330
1A
100
AcDbEntity
  8
BLACK
  6
CONTINUOUS
100
AcDbLine
 10
1.2752834645669291
 20
1.4159763779527559
 30
0
 11
1.2752834645669291
 21
1.3785748031496063
 31
0
  0
LINE
  5
B7C
330
1A
100
AcDbEntity
  8
BLACK
  6
CONTINUOUS
100
AcDbLine
 10
1.2752834645669291
 20
1.3785748031496063
 30
0
 11
1.2745342519685039
 21
1.3748082283464567
 31
0
  0
LINE
  5
B7D
330
1A
100
AcDbEntity
  8
BLACK
  6
CONTINUOUS
100
AcDbLine
 10
1.2745342519685039
 20
1.3748082283464567
 30
0
 11
1.2724006692913385
 21
1.3716150787401575
 31
0
  0
LINE
  5
B7E
330
1A
100
AcDbEntity
  8
BLACK
  6
CONTINUOUS
100
AcDbLine
 10
1.2724006692913385
 20
1.3716150787401575
 30
0
 11
1.2692075196850394
 21
1.3694814960629922
 31
0
  0
LINE
  5
B7F
330
1A
100
AcDbEntity
  8
BLACK
  6
CONTINUOUS
100
AcDbLine
 10
1.2692075196850394
 20
1.3694814960629922
 30
0
 11
1.2654409448818897
 21
1.368732283464567
 31
0
  0
LINE
  5
B80
330
1A
100
AcDbEntity
  8
BLACK
  6
CONTINUOUS
100
AcDbLine
 10
1.2654409448818897
 20
1.368732283464567
 30
0
 11
1.245755905511811
 21
1.368732283464567
 31
0
  0
LINE
  5
B81
330
1A
100
AcDbEntity
  8
BLACK
  6
CONTINUOUS
100
AcDbLine
 10
1.245755905511811
 20
1.368732283464567
 30
0
 11
1.2419893307086614
 21
1.3694814960629922
 31
0
  0
LINE
  5
B82
330
1A
100
AcDbEntity
  8
BLACK
  6
CONTINUOUS
100
AcDbLine
 10
1.2419893307086614
 20
1.3694814960629922
 30
0
 11
1.2387961811023622
 21
1.3716150787401575
 31
0
  0
LINE
  5
B83
330
1A
100
AcDbEntity
  8
BLACK
  6
CONTINUOUS
100
AcDbLine
 10
1.2387961811023622
 20
1.3716150787401575
 30
0
 11
1.2366625984251969
 21
1.3748082283464567
 31
0
  0
LINE
  5
B84
330
1A
100
AcDbEntity
  8
BLACK
  6
CONTINUOUS
100
AcDbLine
 10
1.2366625984251969
 20
1.3748082283464567
 30
0
 11
1.2359133858267717
 21
1.3785748031496063
 31
0
  0
LINE
  5
B85
330
1A
100
AcDbEntity
  8
BLACK
  6
CONTINUOUS
100
AcDbLine
 10
1.2359133858267717
 20
1.3785748031496063
 30
0
 11
1.2359133858267717
 21
1.4159763779527559
 31
0
  0
LINE
  5
B86
330
1A
100
AcDbEntity
  8
BLACK
  6
CONTINUOUS
100
AcDbLine
 10
1.2359133858267717
 20
1.4159763779527559
 30
0
 11
1.2366625984251969
 21
1.4197429527559056
 31
0
  0
LINE
  5
B87
330
1A
100
AcDbEntity
  8
BLACK
  6
CONTINUOUS
100
AcDbLine
 10
1.2366625984251969
 20
1.4197429527559056
 30
0
 11
1.2387961811023622
 21
1.4229361023622047
 31
0
  0
LINE
  5
B88
330
1A
100
AcDbEntity
  8
BLACK
  6
CONTINUOUS
100
AcDbLine
 10
1.2387961811023622
 20
1.4229361023622047
 30
0
 11
1.2419893307086614
 21
1.42506968503937
 31
0
  0
LINE
  5
B89
330
1A
100
AcDbEntity
  8
BLACK
  6
CONTINUOUS
100
AcDbLine
 10
1.2419893307086614
 20
1.42506968503937
 30
0
 11
1.245755905511811
 21
1.4258188976377952
 31
0
  0
LINE
  5
B8A
330
1A
100
AcDbEntity
  8
BLACK
  6
CONTINUOUS
100
AcDbLine
 10
1.245755905511811
 20
1.4258188976377952
 30
0
 11
1.2654409448818897
 21
1.4258188976377952
 31
0
  0
LINE
  5
B8B
330
1A
100
AcDbEntity
  8
BLACK
  6
CONTINUOUS
100
AcDbLine
 10
1.2654409448818897
 20
1.4258188976377952
 30
0
 11
1.2692075196850394
 21
1.42506968503937
 31
0
  0
LINE
  5
B8C
330
1A
100
AcDbEntity
  8
BLACK
  6
CONTINUOUS
100
AcDbLine
 10
1.3440106692913385
 20
1.42506968503937
 30
0
 11
1.3472038188976379
 21
1.4229361023622047
 31
0
  0
LINE
  5
B8D
330
1A
100
AcDbEntity
  8
BLACK
  6
CONTINUOUS
100
AcDbLine
 10
1.3472038188976379
 20
1.4229361023622047
 30
0
 11
1.3493374015748032
 21
1.4197429527559056
 31
0
  0
LINE
  5
B8E
330
1A
100
AcDbEntity
  8
BLACK
  6
CONTINUOUS
100
AcDbLine
 10
1.3493374015748032
 20
1.4197429527559056
 30
0
 11
1.3500866141732284
 21
1.4159763779527559
 31
0
  0
LINE
  5
B8F
330
1A
100
AcDbEntity
  8
BLACK
  6
CONTINUOUS
100
AcDbLine
 10
1.3500866141732284
 20
1.4159763779527559
 30
0
 11
1.3500866141732284
 21
1.3785748031496063
 31
0
  0
LINE
  5
B90
330
1A
100
AcDbEntity
  8
BLACK
  6
CONTINUOUS
100
AcDbLine
 10
1.3500866141732284
 20
1.3785748031496063
 30
0
 11
1.3493374015748032
 21
1.3748082283464567
 31
0
  0
LINE
  5
B91
330
1A
100
AcDbEntity
  8
BLACK
  6
CONTINUOUS
100
AcDbLine
 10
1.3493374015748032
 20
1.3748082283464567
 30
0
 11
1.3472038188976379
 21
1.3716150787401575
 31
0
  0
LINE
  5
B92
330
1A
100
AcDbEntity
  8
BLACK
  6
CONTINUOUS
100
AcDbLine
 10
1.3472038188976379
 20
1.3716150787401575
 30
0
 11
1.3440106692913385
 21
1.3694814960629922
 31
0
  0
LINE
  5
B93
330
1A
100
AcDbEntity
  8
BLACK
  6
CONTINUOUS
100
AcDbLine
 10
1.3440106692913385
 20
1.3694814960629922
 30
0
 11
1.340244094488189
 21
1.368732283464567
 31
0
  0
LINE
  5
B94
330
1A
100
AcDbEntity
  8
BLACK
  6
CONTINUOUS
100
AcDbLine
 10
1.340244094488189
 20
1.368732283464567
 30
0
 11
1.3205590551181101
 21
1.368732283464567
 31
0
  0
LINE
  5
B95
330
1A
100
AcDbEntity
  8
BLACK
  6
CONTINUOUS
100
AcDbLine
 10
1.3205590551181101
 20
1.368732283464567
 30
0
 11
1.3167924803149607
 21
1.3694814960629922
 31
0
  0
LINE
  5
B96
330
1A
100
AcDbEntity
  8
BLACK
  6
CONTINUOUS
100
AcDbLine
 10
1.3167924803149607
 20
1.3694814960629922
 30
0
 11
1.3135993307086613
 21
1.3716150787401575
 31
0
  0
LINE
  5
B97
330
1A
100
AcDbEntity
  8
BLACK
  6
CONTINUOUS
100
AcDbLine
 10
1.3135993307086613
 20
1.3716150787401575
 30
0
 11
1.311465748031496
 21
1.3748082283464567
 31
0
  0
LINE
  5
B98
330
1A
100
AcDbEntity
  8
BLACK
  6
CONTINUOUS
100
AcDbLine
 10
1.311465748031496
 20
1.3748082283464567
 30
0
 11
1.3107165354330708
 21
1.3785748031496063
 31
0
  0
LINE
  5
B99
330
1A
100
AcDbEntity
  8
BLACK
  6
CONTINUOUS
100
AcDbLine
 10
1.3107165354330708
 20
1.3785748031496063
 30
0
 11
1.3107165354330708
 21
1.4159763779527559
 31
0
  0
LINE
  5
B9A
330
1A
100
AcDbEntity
  8
BLACK
  6
CONTINUOUS
100
AcDbLine
 10
1.3107165354330708
 20
1.4159763779527559
 30
0
 11
1.311465748031496
 21
1.4197429527559056
 31
0
  0
LINE
  5
B9B
330
1A
100
AcDbEntity
  8
BLACK
  6
CONTINUOUS
100
AcDbLine
 10
1.311465748031496
 20
1.4197429527559056
 30
0
 11
1.3135993307086613
 21
1.4229361023622047
 31
0
  0
LINE
  5
B9C
330
1A
100
AcDbEntity
  8
BLACK
  6
CONTINUOUS
100
AcDbLine
 10
1.3135993307086613
 20
1.4229361023622047
 30
0
 11
1.3167924803149607
 21
1.42506968503937
 31
0
  0
LINE
  5
B9D
330
1A
100
AcDbEntity
  8
BLACK
  6
CONTINUOUS
100
AcDbLine
 10
1.3167924803149607
 20
1.42506968503937
 30
0
 11
1.3205590551181101
 21
1.4258188976377952
 31
0
  0
LINE
  5
B9E
330
1A
100
AcDbEntity
  8
BLACK
  6
CONTINUOUS
100
AcDbLine
 10
1.3205590551181101
 20
1.4258188976377952
 30
0
 11
1.340244094488189
 21
1.4258188976377952
 31
0
  0
LINE
  5
B9F
330
1A
100
AcDbEntity
  8
BLACK
  6
CONTINUOUS
100
AcDbLine
 10
1.340244094488189
 20
1.4258188976377952
 30
0
 11
1.3440106692913385
 21
1.42506968503937
 31
0
  0
LINE
  5
BA0
330
1A
100
AcDbEntity
  8
BLACK
  6
CONTINUOUS
100
AcDbLine
 10
2.0394673622047246
 20
1.4303374015748032
 30
0
 11
2.0426605118110235
 21
1.4282038188976378
 31
0
  0
LINE
  5
BA1
330
1A
100
AcDbEntity
  8
BLACK
  6
CONTINUOUS
100
AcDbLine
 10
2.0426605118110235
 20
1.4282038188976378
 30
0
 11
2.0447940944881888
 21
1.4250106692913385
 31
0
  0
LINE
  5
BA2
330
1A
100
AcDbEntity
  8
BLACK
  6
CONTINUOUS
100
AcDbLine
 10
2.0447940944881888
 20
1.4250106692913385
 30
0
 11
2.0455433070866142
 21
1.421244094488189
 31
0
  0
LINE
  5
BA3
330
1A
100
AcDbEntity
  8
BLACK
  6
CONTINUOUS
100
AcDbLine
 10
2.0455433070866142
 20
1.421244094488189
 30
0
 11
2.0455433070866142
 21
1.4015590551181103
 31
0
  0
LINE
  5
BA4
330
1A
100
AcDbEntity
  8
BLACK
  6
CONTINUOUS
100
AcDbLine
 10
2.0455433070866142
 20
1.4015590551181103
 30
0
 11
2.0447940944881888
 21
1.3977924803149606
 31
0
  0
LINE
  5
BA5
330
1A
100
AcDbEntity
  8
BLACK
  6
CONTINUOUS
100
AcDbLine
 10
2.0447940944881888
 20
1.3977924803149606
 30
0
 11
2.0426605118110235
 21
1.3945993307086615
 31
0
  0
LINE
  5
BA6
330
1A
100
AcDbEntity
  8
BLACK
  6
CONTINUOUS
100
AcDbLine
 10
2.0426605118110235
 20
1.3945993307086615
 30
0
 11
2.0394673622047246
 21
1.3924657480314961
 31
0
  0
LINE
  5
BA7
330
1A
100
AcDbEntity
  8
BLACK
  6
CONTINUOUS
100
AcDbLine
 10
2.0394673622047246
 20
1.3924657480314961
 30
0
 11
2.0357007874015749
 21
1.3917165354330709
 31
0
  0
LINE
  5
BA8
330
1A
100
AcDbEntity
  8
BLACK
  6
CONTINUOUS
100
AcDbLine
 10
2.0357007874015749
 20
1.3917165354330709
 30
0
 11
1.9982992125984251
 21
1.3917165354330709
 31
0
  0
LINE
  5
BA9
330
1A
100
AcDbEntity
  8
BLACK
  6
CONTINUOUS
100
AcDbLine
 10
1.9982992125984251
 20
1.3917165354330709
 30
0
 11
1.9945326377952755
 21
1.3924657480314961
 31
0
  0
LINE
  5
BAA
330
1A
100
AcDbEntity
  8
BLACK
  6
CONTINUOUS
100
AcDbLine
 10
1.9945326377952755
 20
1.3924657480314961
 30
0
 11
1.9913394881889763
 21
1.3945993307086615
 31
0
  0
LINE
  5
BAB
330
1A
100
AcDbEntity
  8
BLACK
  6
CONTINUOUS
100
AcDbLine
 10
1.9913394881889763
 20
1.3945993307086615
 30
0
 11
1.989205905511811
 21
1.3977924803149606
 31
0
  0
LINE
  5
BAC
330
1A
100
AcDbEntity
  8
BLACK
  6
CONTINUOUS
100
AcDbLine
 10
1.989205905511811
 20
1.3977924803149606
 30
0
 11
1.9884566929133858
 21
1.4015590551181103
 31
0
  0
LINE
  5
BAD
330
1A
100
AcDbEntity
  8
BLACK
  6
CONTINUOUS
100
AcDbLine
 10
1.9884566929133858
 20
1.4015590551181103
 30
0
 11
1.9884566929133858
 21
1.421244094488189
 31
0
  0
LINE
  5
BAE
330
1A
100
AcDbEntity
  8
BLACK
  6
CONTINUOUS
100
AcDbLine
 10
1.9884566929133858
 20
1.421244094488189
 30
0
 11
1.989205905511811
 21
1.4250106692913385
 31
0
  0
LINE
  5
BAF
330
1A
100
AcDbEntity
  8
BLACK
  6
CONTINUOUS
100
AcDbLine
 10
1.989205905511811
 20
1.4250106692913385
 30
0
 11
1.9913394881889763
 21
1.4282038188976378
 31
0
  0
LINE
  5
BB0
330
1A
100
AcDbEntity
  8
BLACK
  6
CONTINUOUS
100
AcDbLine
 10
1.9913394881889763
 20
1.4282038188976378
 30
0
 11
1.9945326377952755
 21
1.4303374015748032
 31
0
  0
LINE
  5
BB1
330
1A
100
AcDbEntity
  8
BLACK
  6
CONTINUOUS
100
AcDbLine
 10
1.9945326377952755
 20
1.4303374015748032
 30
0
 11
1.9982992125984251
 21
1.4310866141732284
 31
0
  0
LINE
  5
BB2
330
1A
100
AcDbEntity
  8
BLACK
  6
CONTINUOUS
100
AcDbLine
 10
1.9982992125984251
 20
1.4310866141732284
 30
0
 11
2.0357007874015749
 21
1.4310866141732284
 31
0
  0
LINE
  5
BB3
330
1A
100
AcDbEntity
  8
BLACK
  6
CONTINUOUS
100
AcDbLine
 10
2.0357007874015749
 20
1.4310866141732284
 30
0
 11
2.0394673622047246
 21
1.4303374015748032
 31
0
  0
LINE
  5
BB4
330
1A
100
AcDbEntity
  8
BLACK
  6
CONTINUOUS
100
AcDbLine
 10
1.0004673622047244
 20
1.4495342519685039
 30
0
 11
1.0036605118110236
 21
1.4474006692913386
 31
0
  0
LINE
  5
BB5
330
1A
100
AcDbEntity
  8
BLACK
  6
CONTINUOUS
100
AcDbLine
 10
1.0036605118110236
 20
1.4474006692913386
 30
0
 11
1.0057940944881889
 21
1.4442075196850392
 31
0
  0
LINE
  5
BB6
330
1A
100
AcDbEntity
  8
BLACK
  6
CONTINUOUS
100
AcDbLine
 10
1.0057940944881889
 20
1.4442075196850392
 30
0
 11
1.0065433070866141
 21
1.4404409448818898
 31
0
  0
LINE
  5
BB7
330
1A
100
AcDbEntity
  8
BLACK
  6
CONTINUOUS
100
AcDbLine
 10
1.0065433070866141
 20
1.4404409448818898
 30
0
 11
1.0065433070866141
 21
1.4207559055118111
 31
0
  0
LINE
  5
BB8
330
1A
100
AcDbEntity
  8
BLACK
  6
CONTINUOUS
100
AcDbLine
 10
1.0065433070866141
 20
1.4207559055118111
 30
0
 11
1.0057940944881889
 21
1.4169893307086614
 31
0
  0
LINE
  5
BB9
330
1A
100
AcDbEntity
  8
BLACK
  6
CONTINUOUS
100
AcDbLine
 10
1.0057940944881889
 20
1.4169893307086614
 30
0
 11
1.0036605118110236
 21
1.4137961811023623
 31
0
  0
LINE
  5
BBA
330
1A
100
AcDbEntity
  8
BLACK
  6
CONTINUOUS
100
AcDbLine
 10
1.0036605118110236
 20
1.4137961811023623
 30
0
 11
1.0004673622047244
 21
1.4116625984251969
 31
0
  0
LINE
  5
BBB
330
1A
100
AcDbEntity
  8
BLACK
  6
CONTINUOUS
100
AcDbLine
 10
1.0004673622047244
 20
1.4116625984251969
 30
0
 11
0.9967007874015748
 21
1.4109133858267717
 31
0
  0
LINE
  5
BBC
330
1A
100
AcDbEntity
  8
BLACK
  6
CONTINUOUS
100
AcDbLine
 10
0.9967007874015748
 20
1.4109133858267717
 30
0
 11
0.9592992125984252
 21
1.4109133858267717
 31
0
  0
LINE
  5
BBD
330
1A
100
AcDbEntity
  8
BLACK
  6
CONTINUOUS
100
AcDbLine
 10
0.9592992125984252
 20
1.4109133858267717
 30
0
 11
0.9555326377952755
 21
1.4116625984251969
 31
0
  0
LINE
  5
BBE
330
1A
100
AcDbEntity
  8
BLACK
  6
CONTINUOUS
100
AcDbLine
 10
0.9555326377952755
 20
1.4116625984251969
 30
0
 11
0.9523394881889764
 21
1.4137961811023623
 31
0
  0
LINE
  5
BBF
330
1A
100
AcDbEntity
  8
BLACK
  6
CONTINUOUS
100
AcDbLine
 10
0.9523394881889764
 20
1.4137961811023623
 30
0
 11
0.9502059055118111
 21
1.4169893307086614
 31
0
  0
LINE
  5
BC0
330
1A
100
AcDbEntity
  8
BLACK
  6
CONTINUOUS
100
AcDbLine
 10
0.9502059055118111
 20
1.4169893307086614
 30
0
 11
0.9494566929133859
 21
1.4207559055118111
 31
0
  0
LINE
  5
BC1
330
1A
100
AcDbEntity
  8
BLACK
  6
CONTINUOUS
100
AcDbLine
 10
0.9494566929133859
 20
1.4207559055118111
 30
0
 11
0.9494566929133859
 21
1.4404409448818898
 31
0
  0
LINE
  5
BC2
330
1A
100
AcDbEntity
  8
BLACK
  6
CONTINUOUS
100
AcDbLine
 10
0.9494566929133859
 20
1.4404409448818898
 30
0
 11
0.9502059055118111
 21
1.4442075196850392
 31
0
  0
LINE
  5
BC3
330
1A
100
AcDbEntity
  8
BLACK
  6
CONTINUOUS
100
AcDbLine
 10
0.9502059055118111
 20
1.4442075196850392
 30
0
 11
0.9523394881889764
 21
1.4474006692913386
 31
0
  0
LINE
  5
BC4
330
1A
100
AcDbEntity
  8
BLACK
  6
CONTINUOUS
100
AcDbLine
 10
0.9523394881889764
 20
1.4474006692913386
 30
0
 11
0.9555326377952755
 21
1.4495342519685039
 31
0
  0
LINE
  5
BC5
330
1A
100
AcDbEntity
  8
BLACK
  6
CONTINUOUS
100
AcDbLine
 10
0.9555326377952755
 20
1.4495342519685039
 30
0
 11
0.9592992125984252
 21
1.4502834645669291
 31
0
  0
LINE
  5
BC6
330
1A
100
AcDbEntity
  8
BLACK
  6
CONTINUOUS
100
AcDbLine
 10
0.9592992125984252
 20
1.4502834645669291
 30
0
 11
0.9967007874015748
 21
1.4502834645669291
 31
0
  0
LINE
  5
BC7
330
1A
100
AcDbEntity
  8
BLACK
  6
CONTINUOUS
100
AcDbLine
 10
0.9967007874015748
 20
1.4502834645669291
 30
0
 11
1.0004673622047244
 21
1.4495342519685039
 31
0
  0
LINE
  5
BC8
330
1A
100
AcDbEntity
  8
BLACK
  6
CONTINUOUS
100
AcDbLine
 10
2.2082075196850393
 20
1.4720382283464566
 30
0
 11
2.2114006692913386
 21
1.4699046456692912
 31
0
  0
LINE
  5
BC9
330
1A
100
AcDbEntity
  8
BLACK
  6
CONTINUOUS
100
AcDbLine
 10
2.2114006692913386
 20
1.4699046456692912
 30
0
 11
2.213534251968504
 21
1.4667114960629921
 31
0
  0
LINE
  5
BCA
330
1A
100
AcDbEntity
  8
BLACK
  6
CONTINUOUS
100
AcDbLine
 10
2.213534251968504
 20
1.4667114960629921
 30
0
 11
2.2142834645669289
 21
1.4629449212598424
 31
0
  0
LINE
  5
BCB
330
1A
100
AcDbEntity
  8
BLACK
  6
CONTINUOUS
100
AcDbLine
 10
2.2142834645669289
 20
1.4629449212598424
 30
0
 11
2.2142834645669289
 21
1.4432598818897637
 31
0
  0
LINE
  5
BCC
330
1A
100
AcDbEntity
  8
BLACK
  6
CONTINUOUS
100
AcDbLine
 10
2.2142834645669289
 20
1.4432598818897637
 30
0
 11
2.213534251968504
 21
1.439493307086614
 31
0
  0
LINE
  5
BCD
330
1A
100
AcDbEntity
  8
BLACK
  6
CONTINUOUS
100
AcDbLine
 10
2.213534251968504
 20
1.439493307086614
 30
0
 11
2.2114006692913386
 21
1.4363001574803149
 31
0
  0
LINE
  5
BCE
330
1A
100
AcDbEntity
  8
BLACK
  6
CONTINUOUS
100
AcDbLine
 10
2.2114006692913386
 20
1.4363001574803149
 30
0
 11
2.2082075196850393
 21
1.4341665748031496
 31
0
  0
LINE
  5
BCF
330
1A
100
AcDbEntity
  8
BLACK
  6
CONTINUOUS
100
AcDbLine
 10
2.2082075196850393
 20
1.4341665748031496
 30
0
 11
2.2044409448818896
 21
1.4334173622047244
 31
0
  0
LINE
  5
BD0
330
1A
100
AcDbEntity
  8
BLACK
  6
CONTINUOUS
100
AcDbLine
 10
2.2044409448818896
 20
1.4334173622047244
 30
0
 11
2.16703937007874
 21
1.4334173622047244
 31
0
  0
LINE
  5
BD1
330
1A
100
AcDbEntity
  8
BLACK
  6
CONTINUOUS
100
AcDbLine
 10
2.16703937007874
 20
1.4334173622047244
 30
0
 11
2.1632727952755904
 21
1.4341665748031496
 31
0
  0
LINE
  5
BD2
330
1A
100
AcDbEntity
  8
BLACK
  6
CONTINUOUS
100
AcDbLine
 10
2.1632727952755904
 20
1.4341665748031496
 30
0
 11
2.1600796456692914
 21
1.4363001574803149
 31
0
  0
LINE
  5
BD3
330
1A
100
AcDbEntity
  8
BLACK
  6
CONTINUOUS
100
AcDbLine
 10
2.1600796456692914
 20
1.4363001574803149
 30
0
 11
2.1579460629921261
 21
1.439493307086614
 31
0
  0
LINE
  5
BD4
330
1A
100
AcDbEntity
  8
BLACK
  6
CONTINUOUS
100
AcDbLine
 10
2.1579460629921261
 20
1.439493307086614
 30
0
 11
2.1571968503937007
 21
1.4432598818897637
 31
0
  0
LINE
  5
BD5
330
1A
100
AcDbEntity
  8
BLACK
  6
CONTINUOUS
100
AcDbLine
 10
2.1571968503937007
 20
1.4432598818897637
 30
0
 11
2.1571968503937007
 21
1.4629449212598424
 31
0
  0
LINE
  5
BD6
330
1A
100
AcDbEntity
  8
BLACK
  6
CONTINUOUS
100
AcDbLine
 10
2.1571968503937007
 20
1.4629449212598424
 30
0
 11
2.1579460629921261
 21
1.4667114960629921
 31
0
  0
LINE
  5
BD7
330
1A
100
AcDbEntity
  8
BLACK
  6
CONTINUOUS
100
AcDbLine
 10
2.1579460629921261
 20
1.4667114960629921
 30
0
 11
2.1600796456692914
 21
1.4699046456692912
 31
0
  0
LINE
  5
BD8
330
1A
100
AcDbEntity
  8
BLACK
  6
CONTINUOUS
100
AcDbLine
 10
2.1600796456692914
 20
1.4699046456692912
 30
0
 11
2.1632727952755904
 21
1.4720382283464566
 31
0
  0
LINE
  5
BD9
330
1A
100
AcDbEntity
  8
BLACK
  6
CONTINUOUS
100
AcDbLine
 10
2.1632727952755904
 20
1.4720382283464566
 30
0
 11
2.16703937007874
 21
1.4727874409448818
 31
0
  0
LINE
  5
BDA
330
1A
100
AcDbEntity
  8
BLACK
  6
CONTINUOUS
100
AcDbLine
 10
2.16703937007874
 20
1.4727874409448818
 30
0
 11
2.2044409448818896
 21
1.4727874409448818
 31
0
  0
LINE
  5
BDB
330
1A
100
AcDbEntity
  8
BLACK
  6
CONTINUOUS
100
AcDbLine
 10
2.2044409448818896
 20
1.4727874409448818
 30
0
 11
2.2082075196850393
 21
1.4720382283464566
 31
0
  0
LINE
  5
BDC
330
1A
100
AcDbEntity
  8
BLACK
  6
CONTINUOUS
100
AcDbLine
 10
2.2673070866141734
 20
1.4510551181102362
 30
0
 11
2.2456535433070868
 21
1.4510551181102362
 31
0
  0
LINE
  5
BDD
330
1A
100
AcDbEntity
  8
BLACK
  6
CONTINUOUS
100
AcDbLine
 10
2.2456535433070868
 20
1.4510551181102362
 30
0
 11
2.2456535433070868
 21
1.4608976377952756
 31
0
  0
LINE
  5
BDE
330
1A
100
AcDbEntity
  8
BLACK
  6
CONTINUOUS
100
AcDbLine
 10
2.2456535433070868
 20
1.4608976377952756
 30
0
 11
2.2673070866141734
 21
1.4608976377952756
 31
0
  0
LINE
  5
BDF
330
1A
100
AcDbEntity
  8
BLACK
  6
CONTINUOUS
100
AcDbLine
 10
2.2673070866141734
 20
1.4608976377952756
 30
0
 11
2.2673070866141734
 21
1.4510551181102362
 31
0
  0
LINE
  5
BE0
330
1A
100
AcDbEntity
  8
BLACK
  6
CONTINUOUS
100
AcDbLine
 10
2.3598267716535433
 20
1.4510551181102362
 30
0
 11
2.3381732283464567
 21
1.4510551181102362
 31
0
  0
LINE
  5
BE1
330
1A
100
AcDbEntity
  8
BLACK
  6
CONTINUOUS
100
AcDbLine
 10
2.3381732283464567
 20
1.4510551181102362
 30
0
 11
2.3381732283464567
 21
1.4608976377952756
 31
0
  0
LINE
  5
BE2
330
1A
100
AcDbEntity
  8
BLACK
  6
CONTINUOUS
100
AcDbLine
 10
2.3381732283464567
 20
1.4608976377952756
 30
0
 11
2.3598267716535433
 21
1.4608976377952756
 31
0
  0
LINE
  5
BE3
330
1A
100
AcDbEntity
  8
BLACK
  6
CONTINUOUS
100
AcDbLine
 10
2.3598267716535433
 20
1.4608976377952756
 30
0
 11
2.3598267716535433
 21
1.4510551181102362
 31
0
  0
LINE
  5
BE4
330
1A
100
AcDbEntity
  8
BLACK
  6
CONTINUOUS
100
AcDbLine
 10
2.3204566929133859
 20
1.5063700787401575
 30
0
 11
2.3204566929133859
 21
1.454007874015748
 31
0
  0
LINE
  5
BE5
330
1A
100
AcDbEntity
  8
BLACK
  6
CONTINUOUS
100
AcDbLine
 10
2.3204566929133859
 20
1.454007874015748
 30
0
 11
2.2850236220472442
 21
1.454007874015748
 31
0
  0
LINE
  5
BE6
330
1A
100
AcDbEntity
  8
BLACK
  6
CONTINUOUS
100
AcDbLine
 10
2.2850236220472442
 20
1.454007874015748
 30
0
 11
2.2850236220472442
 21
1.5169999999999999
 31
0
  0
LINE
  5
BE7
330
1A
100
AcDbEntity
  8
BLACK
  6
CONTINUOUS
100
AcDbLine
 10
2.2850236220472442
 20
1.5169999999999999
 30
0
 11
2.3098267716535434
 21
1.5169999999999999
 31
0
  0
LINE
  5
BE8
330
1A
100
AcDbEntity
  8
BLACK
  6
CONTINUOUS
100
AcDbLine
 10
2.3098267716535434
 20
1.5169999999999999
 30
0
 11
2.3204566929133859
 21
1.5063700787401575
 31
0
  0
LINE
  5
BE9
330
1A
100
AcDbEntity
  8
BLACK
  6
CONTINUOUS
100
AcDbLine
 10
0.6370708661417323
 20
1.4561181102362204
 30
0
 11
0.578015748031496
 21
1.4561181102362204
 31
0
  0
LINE
  5
BEA
330
1A
100
AcDbEntity
  8
BLACK
  6
CONTINUOUS
100
AcDbLine
 10
0.578015748031496
 20
1.4561181102362204
 30
0
 11
0.578015748031496
 21
1.5072992125984253
 31
0
  0
LINE
  5
BEB
330
1A
100
AcDbEntity
  8
BLACK
  6
CONTINUOUS
100
AcDbLine
 10
0.578015748031496
 20
1.5072992125984253
 30
0
 11
0.6370708661417323
 21
1.5072992125984253
 31
0
  0
LINE
  5
BEC
330
1A
100
AcDbEntity
  8
BLACK
  6
CONTINUOUS
100
AcDbLine
 10
0.6370708661417323
 20
1.5072992125984253
 30
0
 11
0.6370708661417323
 21
1.4561181102362204
 31
0
  0
LINE
  5
BED
330
1A
100
AcDbEntity
  8
BLACK
  6
CONTINUOUS
100
AcDbLine
 10
1.1101760236220473
 20
1.510809842519685
 30
0
 11
1.1133691732283464
 21
1.5086762598425196
 31
0
  0
LINE
  5
BEE
330
1A
100
AcDbEntity
  8
BLACK
  6
CONTINUOUS
100
AcDbLine
 10
1.1133691732283464
 20
1.5086762598425196
 30
0
 11
1.1155027559055117
 21
1.5054831102362205
 31
0
  0
LINE
  5
BEF
330
1A
100
AcDbEntity
  8
BLACK
  6
CONTINUOUS
100
AcDbLine
 10
1.1155027559055117
 20
1.5054831102362205
 30
0
 11
1.1162519685039369
 21
1.5017165354330708
 31
0
  0
LINE
  5
BF0
330
1A
100
AcDbEntity
  8
BLACK
  6
CONTINUOUS
100
AcDbLine
 10
1.1162519685039369
 20
1.5017165354330708
 30
0
 11
1.1162519685039369
 21
1.4662834645669292
 31
0
  0
LINE
  5
BF1
330
1A
100
AcDbEntity
  8
BLACK
  6
CONTINUOUS
100
AcDbLine
 10
1.1162519685039369
 20
1.4662834645669292
 30
0
 11
1.1155027559055117
 21
1.4625168897637795
 31
0
  0
LINE
  5
BF2
330
1A
100
AcDbEntity
  8
BLACK
  6
CONTINUOUS
100
AcDbLine
 10
1.1155027559055117
 20
1.4625168897637795
 30
0
 11
1.1133691732283464
 21
1.4593237401574803
 31
0
  0
LINE
  5
BF3
330
1A
100
AcDbEntity
  8
BLACK
  6
CONTINUOUS
100
AcDbLine
 10
1.1133691732283464
 20
1.4593237401574803
 30
0
 11
1.1101760236220473
 21
1.457190157480315
 31
0
  0
LINE
  5
BF4
330
1A
100
AcDbEntity
  8
BLACK
  6
CONTINUOUS
100
AcDbLine
 10
1.1101760236220473
 20
1.457190157480315
 30
0
 11
1.1064094488188976
 21
1.4564409448818898
 31
0
  0
LINE
  5
BF5
330
1A
100
AcDbEntity
  8
BLACK
  6
CONTINUOUS
100
AcDbLine
 10
1.1064094488188976
 20
1.4564409448818898
 30
0
 11
1.0857401574803149
 21
1.4564409448818898
 31
0
  0
LINE
  5
BF6
330
1A
100
AcDbEntity
  8
BLACK
  6
CONTINUOUS
100
AcDbLine
 10
1.0857401574803149
 20
1.4564409448818898
 30
0
 11
1.0819735826771653
 21
1.457190157480315
 31
0
  0
LINE
  5
BF7
330
1A
100
AcDbEntity
  8
BLACK
  6
CONTINUOUS
100
AcDbLine
 10
1.0819735826771653
 20
1.457190157480315
 30
0
 11
1.0787804330708661
 21
1.4593237401574803
 31
0
  0
LINE
  5
BF8
330
1A
100
AcDbEntity
  8
BLACK
  6
CONTINUOUS
100
AcDbLine
 10
1.0787804330708661
 20
1.4593237401574803
 30
0
 11
1.0766468503937008
 21
1.4625168897637795
 31
0
  0
LINE
  5
BF9
330
1A
100
AcDbEntity
  8
BLACK
  6
CONTINUOUS
100
AcDbLine
 10
1.0766468503937008
 20
1.4625168897637795
 30
0
 11
1.0758976377952756
 21
1.4662834645669292
 31
0
  0
LINE
  5
BFA
330
1A
100
AcDbEntity
  8
BLACK
  6
CONTINUOUS
100
AcDbLine
 10
1.0758976377952756
 20
1.4662834645669292
 30
0
 11
1.0758976377952756
 21
1.5017165354330708
 31
0
  0
LINE
  5
BFB
330
1A
100
AcDbEntity
  8
BLACK
  6
CONTINUOUS
100
AcDbLine
 10
1.0758976377952756
 20
1.5017165354330708
 30
0
 11
1.0766468503937008
 21
1.5054831102362205
 31
0
  0
LINE
  5
BFC
330
1A
100
AcDbEntity
  8
BLACK
  6
CONTINUOUS
100
AcDbLine
 10
1.0766468503937008
 20
1.5054831102362205
 30
0
 11
1.0787804330708661
 21
1.5086762598425196
 31
0
  0
LINE
  5
BFD
330
1A
100
AcDbEntity
  8
BLACK
  6
CONTINUOUS
100
AcDbLine
 10
1.0787804330708661
 20
1.5086762598425196
 30
0
 11
1.0819735826771653
 21
1.510809842519685
 31
0
  0
LINE
  5
BFE
330
1A
100
AcDbEntity
  8
BLACK
  6
CONTINUOUS
100
AcDbLine
 10
1.0819735826771653
 20
1.510809842519685
 30
0
 11
1.0857401574803149
 21
1.5115590551181102
 31
0
  0
LINE
  5
BFF
330
1A
100
AcDbEntity
  8
BLACK
  6
CONTINUOUS
100
AcDbLine
 10
1.0857401574803149
 20
1.5115590551181102
 30
0
 11
1.1064094488188976
 21
1.5115590551181102
 31
0
  0
LINE
  5
C00
330
1A
100
AcDbEntity
  8
BLACK
  6
CONTINUOUS
100
AcDbLine
 10
1.1064094488188976
 20
1.5115590551181102
 30
0
 11
1.1101760236220473
 21
1.510809842519685
 31
0
  0
LINE
  5
C01
330
1A
100
AcDbEntity
  8
BLACK
  6
CONTINUOUS
100
AcDbLine
 10
1.1820264173228345
 20
1.510809842519685
 30
0
 11
1.1852195669291339
 21
1.5086762598425196
 31
0
  0
LINE
  5
C02
330
1A
100
AcDbEntity
  8
BLACK
  6
CONTINUOUS
100
AcDbLine
 10
1.1852195669291339
 20
1.5086762598425196
 30
0
 11
1.1873531496062992
 21
1.5054831102362205
 31
0
  0
LINE
  5
C03
330
1A
100
AcDbEntity
  8
BLACK
  6
CONTINUOUS
100
AcDbLine
 10
1.1873531496062992
 20
1.5054831102362205
 30
0
 11
1.1881023622047244
 21
1.5017165354330708
 31
0
  0
LINE
  5
C04
330
1A
100
AcDbEntity
  8
BLACK
  6
CONTINUOUS
100
AcDbLine
 10
1.1881023622047244
 20
1.5017165354330708
 30
0
 11
1.1881023622047244
 21
1.4662834645669292
 31
0
  0
LINE
  5
C05
330
1A
100
AcDbEntity
  8
BLACK
  6
CONTINUOUS
100
AcDbLine
 10
1.1881023622047244
 20
1.4662834645669292
 30
0
 11
1.1873531496062992
 21
1.4625168897637795
 31
0
  0
LINE
  5
C06
330
1A
100
AcDbEntity
  8
BLACK
  6
CONTINUOUS
100
AcDbLine
 10
1.1873531496062992
 20
1.4625168897637795
 30
0
 11
1.1852195669291339
 21
1.4593237401574803
 31
0
  0
LINE
  5
C07
330
1A
100
AcDbEntity
  8
BLACK
  6
CONTINUOUS
100
AcDbLine
 10
1.1852195669291339
 20
1.4593237401574803
 30
0
 11
1.1820264173228345
 21
1.457190157480315
 31
0
  0
LINE
  5
C08
330
1A
100
AcDbEntity
  8
BLACK
  6
CONTINUOUS
100
AcDbLine
 10
1.1820264173228345
 20
1.457190157480315
 30
0
 11
1.1782598425196851
 21
1.4564409448818898
 31
0
  0
LINE
  5
C09
330
1A
100
AcDbEntity
  8
BLACK
  6
CONTINUOUS
100
AcDbLine
 10
1.1782598425196851
 20
1.4564409448818898
 30
0
 11
1.1575905511811024
 21
1.4564409448818898
 31
0
  0
LINE
  5
C0A
330
1A
100
AcDbEntity
  8
BLACK
  6
CONTINUOUS
100
AcDbLine
 10
1.1575905511811024
 20
1.4564409448818898
 30
0
 11
1.1538239763779528
 21
1.457190157480315
 31
0
  0
LINE
  5
C0B
330
1A
100
AcDbEntity
  8
BLACK
  6
CONTINUOUS
100
AcDbLine
 10
1.1538239763779528
 20
1.457190157480315
 30
0
 11
1.1506308267716536
 21
1.4593237401574803
 31
0
  0
LINE
  5
C0C
330
1A
100
AcDbEntity
  8
BLACK
  6
CONTINUOUS
100
AcDbLine
 10
1.1506308267716536
 20
1.4593237401574803
 30
0
 11
1.1484972440944881
 21
1.4625168897637795
 31
0
  0
LINE
  5
C0D
330
1A
100
AcDbEntity
  8
BLACK
  6
CONTINUOUS
100
AcDbLine
 10
1.1484972440944881
 20
1.4625168897637795
 30
0
 11
1.1477480314960629
 21
1.4662834645669292
 31
0
  0
LINE
  5
C0E
330
1A
100
AcDbEntity
  8
BLACK
  6
CONTINUOUS
100
AcDbLine
 10
1.1477480314960629
 20
1.4662834645669292
 30
0
 11
1.1477480314960629
 21
1.5017165354330708
 31
0
  0
LINE
  5
C0F
330
1A
100
AcDbEntity
  8
BLACK
  6
CONTINUOUS
100
AcDbLine
 10
1.1477480314960629
 20
1.5017165354330708
 30
0
 11
1.1484972440944881
 21
1.5054831102362205
 31
0
  0
LINE
  5
C10
330
1A
100
AcDbEntity
  8
BLACK
  6
CONTINUOUS
100
AcDbLine
 10
1.1484972440944881
 20
1.5054831102362205
 30
0
 11
1.1506308267716536
 21
1.5086762598425196
 31
0
  0
LINE
  5
C11
330
1A
100
AcDbEntity
  8
BLACK
  6
CONTINUOUS
100
AcDbLine
 10
1.1506308267716536
 20
1.5086762598425196
 30
0
 11
1.1538239763779528
 21
1.510809842519685
 31
0
  0
LINE
  5
C12
330
1A
100
AcDbEntity
  8
BLACK
  6
CONTINUOUS
100
AcDbLine
 10
1.1538239763779528
 20
1.510809842519685
 30
0
 11
1.1575905511811024
 21
1.5115590551181102
 31
0
  0
LINE
  5
C13
330
1A
100
AcDbEntity
  8
BLACK
  6
CONTINUOUS
100
AcDbLine
 10
1.1575905511811024
 20
1.5115590551181102
 30
0
 11
1.1782598425196851
 21
1.5115590551181102
 31
0
  0
LINE
  5
C14
330
1A
100
AcDbEntity
  8
BLACK
  6
CONTINUOUS
100
AcDbLine
 10
1.1782598425196851
 20
1.5115590551181102
 30
0
 11
1.1820264173228345
 21
1.510809842519685
 31
0
  0
LINE
  5
C15
330
1A
100
AcDbEntity
  8
BLACK
  6
CONTINUOUS
100
AcDbLine
 10
1.2863335039370078
 20
1.5112507874015748
 30
0
 11
1.289526653543307
 21
1.5091172047244095
 31
0
  0
LINE
  5
C16
330
1A
100
AcDbEntity
  8
BLACK
  6
CONTINUOUS
100
AcDbLine
 10
1.289526653543307
 20
1.5091172047244095
 30
0
 11
1.2916602362204723
 21
1.5059240551181101
 31
0
  0
LINE
  5
C17
330
1A
100
AcDbEntity
  8
BLACK
  6
CONTINUOUS
100
AcDbLine
 10
1.2916602362204723
 20
1.5059240551181101
 30
0
 11
1.2924094488188975
 21
1.5021574803149607
 31
0
  0
LINE
  5
C18
330
1A
100
AcDbEntity
  8
BLACK
  6
CONTINUOUS
100
AcDbLine
 10
1.2924094488188975
 20
1.5021574803149607
 30
0
 11
1.2924094488188975
 21
1.4686929133858266
 31
0
  0
LINE
  5
C19
330
1A
100
AcDbEntity
  8
BLACK
  6
CONTINUOUS
100
AcDbLine
 10
1.2924094488188975
 20
1.4686929133858266
 30
0
 11
1.2916602362204723
 21
1.4649263385826772
 31
0
  0
LINE
  5
C1A
330
1A
100
AcDbEntity
  8
BLACK
  6
CONTINUOUS
100
AcDbLine
 10
1.2916602362204723
 20
1.4649263385826772
 30
0
 11
1.289526653543307
 21
1.4617331889763778
 31
0
  0
LINE
  5
C1B
330
1A
100
AcDbEntity
  8
BLACK
  6
CONTINUOUS
100
AcDbLine
 10
1.289526653543307
 20
1.4617331889763778
 30
0
 11
1.2863335039370078
 21
1.4595996062992125
 31
0
  0
LINE
  5
C1C
330
1A
100
AcDbEntity
  8
BLACK
  6
CONTINUOUS
100
AcDbLine
 10
1.2863335039370078
 20
1.4595996062992125
 30
0
 11
1.2825669291338582
 21
1.4588503937007873
 31
0
  0
LINE
  5
C1D
330
1A
100
AcDbEntity
  8
BLACK
  6
CONTINUOUS
100
AcDbLine
 10
1.2825669291338582
 20
1.4588503937007873
 30
0
 11
1.2471338582677165
 21
1.4588503937007873
 31
0
  0
LINE
  5
C1E
330
1A
100
AcDbEntity
  8
BLACK
  6
CONTINUOUS
100
AcDbLine
 10
1.2471338582677165
 20
1.4588503937007873
 30
0
 11
1.2433672834645668
 21
1.4595996062992125
 31
0
  0
LINE
  5
C1F
330
1A
100
AcDbEntity
  8
BLACK
  6
CONTINUOUS
100
AcDbLine
 10
1.2433672834645668
 20
1.4595996062992125
 30
0
 11
1.2401741338582677
 21
1.4617331889763778
 31
0
  0
LINE
  5
C20
330
1A
100
AcDbEntity
  8
BLACK
  6
CONTINUOUS
100
AcDbLine
 10
1.2401741338582677
 20
1.4617331889763778
 30
0
 11
1.2380405511811023
 21
1.4649263385826772
 31
0
  0
LINE
  5
C21
330
1A
100
AcDbEntity
  8
BLACK
  6
CONTINUOUS
100
AcDbLine
 10
1.2380405511811023
 20
1.4649263385826772
 30
0
 11
1.2372913385826771
 21
1.4686929133858266
 31
0
  0
LINE
  5
C22
330
1A
100
AcDbEntity
  8
BLACK
  6
CONTINUOUS
100
AcDbLine
 10
1.2372913385826771
 20
1.4686929133858266
 30
0
 11
1.2372913385826771
 21
1.5021574803149607
 31
0
  0
LINE
  5
C23
330
1A
100
AcDbEntity
  8
BLACK
  6
CONTINUOUS
100
AcDbLine
 10
1.2372913385826771
 20
1.5021574803149607
 30
0
 11
1.2380405511811023
 21
1.5059240551181101
 31
0
  0
LINE
  5
C24
330
1A
100
AcDbEntity
  8
BLACK
  6
CONTINUOUS
100
AcDbLine
 10
1.2380405511811023
 20
1.5059240551181101
 30
0
 11
1.2401741338582677
 21
1.5091172047244095
 31
0
  0
LINE
  5
C25
330
1A
100
AcDbEntity
  8
BLACK
  6
CONTINUOUS
100
AcDbLine
 10
1.2401741338582677
 20
1.5091172047244095
 30
0
 11
1.2433672834645668
 21
1.5112507874015748
 31
0
  0
LINE
  5
C26
330
1A
100
AcDbEntity
  8
BLACK
  6
CONTINUOUS
100
AcDbLine
 10
1.2433672834645668
 20
1.5112507874015748
 30
0
 11
1.2471338582677165
 21
1.512
 31
0
  0
LINE
  5
C27
330
1A
100
AcDbEntity
  8
BLACK
  6
CONTINUOUS
100
AcDbLine
 10
1.2471338582677165
 20
1.512
 30
0
 11
1.2825669291338582
 21
1.512
 31
0
  0
LINE
  5
C28
330
1A
100
AcDbEntity
  8
BLACK
  6
CONTINUOUS
100
AcDbLine
 10
1.2825669291338582
 20
1.512
 30
0
 11
1.2863335039370078
 21
1.5112507874015748
 31
0
  0
LINE
  5
C29
330
1A
100
AcDbEntity
  8
BLACK
  6
CONTINUOUS
100
AcDbLine
 10
1.3926327165354331
 20
1.5112507874015748
 30
0
 11
1.3958258661417322
 21
1.5091172047244095
 31
0
  0
LINE
  5
C2A
330
1A
100
AcDbEntity
  8
BLACK
  6
CONTINUOUS
100
AcDbLine
 10
1.3958258661417322
 20
1.5091172047244095
 30
0
 11
1.3979594488188976
 21
1.5059240551181101
 31
0
  0
LINE
  5
C2B
330
1A
100
AcDbEntity
  8
BLACK
  6
CONTINUOUS
100
AcDbLine
 10
1.3979594488188976
 20
1.5059240551181101
 30
0
 11
1.3987086614173228
 21
1.5021574803149607
 31
0
  0
LINE
  5
C2C
330
1A
100
AcDbEntity
  8
BLACK
  6
CONTINUOUS
100
AcDbLine
 10
1.3987086614173228
 20
1.5021574803149607
 30
0
 11
1.3987086614173228
 21
1.4686929133858266
 31
0
  0
LINE
  5
C2D
330
1A
100
AcDbEntity
  8
BLACK
  6
CONTINUOUS
100
AcDbLine
 10
1.3987086614173228
 20
1.4686929133858266
 30
0
 11
1.3979594488188976
 21
1.4649263385826772
 31
0
  0
LINE
  5
C2E
330
1A
100
AcDbEntity
  8
BLACK
  6
CONTINUOUS
100
AcDbLine
 10
1.3979594488188976
 20
1.4649263385826772
 30
0
 11
1.3958258661417322
 21
1.4617331889763778
 31
0
  0
LINE
  5
C2F
330
1A
100
AcDbEntity
  8
BLACK
  6
CONTINUOUS
100
AcDbLine
 10
1.3958258661417322
 20
1.4617331889763778
 30
0
 11
1.3926327165354331
 21
1.4595996062992125
 31
0
  0
LINE
  5
C30
330
1A
100
AcDbEntity
  8
BLACK
  6
CONTINUOUS
100
AcDbLine
 10
1.3926327165354331
 20
1.4595996062992125
 30
0
 11
1.3888661417322834
 21
1.4588503937007873
 31
0
  0
LINE
  5
C31
330
1A
100
AcDbEntity
  8
BLACK
  6
CONTINUOUS
100
AcDbLine
 10
1.3888661417322834
 20
1.4588503937007873
 30
0
 11
1.3534330708661417
 21
1.4588503937007873
 31
0
  0
LINE
  5
C32
330
1A
100
AcDbEntity
  8
BLACK
  6
CONTINUOUS
100
AcDbLine
 10
1.3534330708661417
 20
1.4588503937007873
 30
0
 11
1.349666496062992
 21
1.4595996062992125
 31
0
  0
LINE
  5
C33
330
1A
100
AcDbEntity
  8
BLACK
  6
CONTINUOUS
100
AcDbLine
 10
1.349666496062992
 20
1.4595996062992125
 30
0
 11
1.3464733464566929
 21
1.4617331889763778
 31
0
  0
LINE
  5
C34
330
1A
100
AcDbEntity
  8
BLACK
  6
CONTINUOUS
100
AcDbLine
 10
1.3464733464566929
 20
1.4617331889763778
 30
0
 11
1.3443397637795276
 21
1.4649263385826772
 31
0
  0
LINE
  5
C35
330
1A
100
AcDbEntity
  8
BLACK
  6
CONTINUOUS
100
AcDbLine
 10
1.3443397637795276
 20
1.4649263385826772
 30
0
 11
1.3435905511811024
 21
1.4686929133858266
 31
0
  0
LINE
  5
C36
330
1A
100
AcDbEntity
  8
BLACK
  6
CONTINUOUS
100
AcDbLine
 10
1.3435905511811024
 20
1.4686929133858266
 30
0
 11
1.3435905511811024
 21
1.5021574803149607
 31
0
  0
LINE
  5
C37
330
1A
100
AcDbEntity
  8
BLACK
  6
CONTINUOUS
100
AcDbLine
 10
1.3435905511811024
 20
1.5021574803149607
 30
0
 11
1.3443397637795276
 21
1.5059240551181101
 31
0
  0
LINE
  5
C38
330
1A
100
AcDbEntity
  8
BLACK
  6
CONTINUOUS
100
AcDbLine
 10
1.3443397637795276
 20
1.5059240551181101
 30
0
 11
1.3464733464566929
 21
1.5091172047244095
 31
0
  0
LINE
  5
C39
330
1A
100
AcDbEntity
  8
BLACK
  6
CONTINUOUS
100
AcDbLine
 10
1.3464733464566929
 20
1.5091172047244095
 30
0
 11
1.349666496062992
 21
1.5112507874015748
 31
0
  0
LINE
  5
C3A
330
1A
100
AcDbEntity
  8
BLACK
  6
CONTINUOUS
100
AcDbLine
 10
1.349666496062992
 20
1.5112507874015748
 30
0
 11
1.3534330708661417
 21
1.512
 31
0
  0
LINE
  5
C3B
330
1A
100
AcDbEntity
  8
BLACK
  6
CONTINUOUS
100
AcDbLine
 10
1.3534330708661417
 20
1.512
 30
0
 11
1.3888661417322834
 21
1.512
 31
0
  0
LINE
  5
C3C
330
1A
100
AcDbEntity
  8
BLACK
  6
CONTINUOUS
100
AcDbLine
 10
1.3888661417322834
 20
1.512
 30
0
 11
1.3926327165354331
 21
1.5112507874015748
 31
0
  0
LINE
  5
C3D
330
1A
100
AcDbEntity
  8
BLACK
  6
CONTINUOUS
100
AcDbLine
 10
0.8194483070866142
 20
1.4984142125984252
 30
0
 11
0.8224818110236221
 21
1.4963873228346456
 31
0
  0
LINE
  5
C3E
330
1A
100
AcDbEntity
  8
BLACK
  6
CONTINUOUS
100
AcDbLine
 10
0.8224818110236221
 20
1.4963873228346456
 30
0
 11
0.8245087007874016
 21
1.4933538188976379
 31
0
  0
LINE
  5
C3F
330
1A
100
AcDbEntity
  8
BLACK
  6
CONTINUOUS
100
AcDbLine
 10
0.8245087007874016
 20
1.4933538188976379
 30
0
 11
0.8252204724409449
 21
1.4897755905511811
 31
0
  0
LINE
  5
C40
330
1A
100
AcDbEntity
  8
BLACK
  6
CONTINUOUS
100
AcDbLine
 10
0.8252204724409449
 20
1.4897755905511811
 30
0
 11
0.8252204724409449
 21
1.4710748031496064
 31
0
  0
LINE
  5
C41
330
1A
100
AcDbEntity
  8
BLACK
  6
CONTINUOUS
100
AcDbLine
 10
0.8252204724409449
 20
1.4710748031496064
 30
0
 11
0.8245087007874016
 21
1.4674965748031497
 31
0
  0
LINE
  5
C42
330
1A
100
AcDbEntity
  8
BLACK
  6
CONTINUOUS
100
AcDbLine
 10
0.8245087007874016
 20
1.4674965748031497
 30
0
 11
0.8224818110236221
 21
1.4644630708661417
 31
0
  0
LINE
  5
C43
330
1A
100
AcDbEntity
  8
BLACK
  6
CONTINUOUS
100
AcDbLine
 10
0.8224818110236221
 20
1.4644630708661417
 30
0
 11
0.8194483070866142
 21
1.4624361811023621
 31
0
  0
LINE
  5
C44
330
1A
100
AcDbEntity
  8
BLACK
  6
CONTINUOUS
100
AcDbLine
 10
0.8194483070866142
 20
1.4624361811023621
 30
0
 11
0.8158700787401575
 21
1.4617244094488189
 31
0
  0
LINE
  5
C45
330
1A
100
AcDbEntity
  8
BLACK
  6
CONTINUOUS
100
AcDbLine
 10
0.8158700787401575
 20
1.4617244094488189
 30
0
 11
0.7932322834645669
 21
1.4617244094488189
 31
0
  0
LINE
  5
C46
330
1A
100
AcDbEntity
  8
BLACK
  6
CONTINUOUS
100
AcDbLine
 10
0.7932322834645669
 20
1.4617244094488189
 30
0
 11
0.7896540551181103
 21
1.4624361811023621
 31
0
  0
LINE
  5
C47
330
1A
100
AcDbEntity
  8
BLACK
  6
CONTINUOUS
100
AcDbLine
 10
0.7896540551181103
 20
1.4624361811023621
 30
0
 11
0.7866205511811023
 21
1.4644630708661417
 31
0
  0
LINE
  5
C48
330
1A
100
AcDbEntity
  8
BLACK
  6
CONTINUOUS
100
AcDbLine
 10
0.7866205511811023
 20
1.4644630708661417
 30
0
 11
0.7845936614173228
 21
1.4674965748031497
 31
0
  0
LINE
  5
C49
330
1A
100
AcDbEntity
  8
BLACK
  6
CONTINUOUS
100
AcDbLine
 10
0.7845936614173228
 20
1.4674965748031497
 30
0
 11
0.7838818897637795
 21
1.4710748031496064
 31
0
  0
LINE
  5
C4A
330
1A
100
AcDbEntity
  8
BLACK
  6
CONTINUOUS
100
AcDbLine
 10
0.7838818897637795
 20
1.4710748031496064
 30
0
 11
0.7838818897637795
 21
1.4897755905511811
 31
0
  0
LINE
  5
C4B
330
1A
100
AcDbEntity
  8
BLACK
  6
CONTINUOUS
100
AcDbLine
 10
0.7838818897637795
 20
1.4897755905511811
 30
0
 11
0.7845936614173228
 21
1.4933538188976379
 31
0
  0
LINE
  5
C4C
330
1A
100
AcDbEntity
  8
BLACK
  6
CONTINUOUS
100
AcDbLine
 10
0.7845936614173228
 20
1.4933538188976379
 30
0
 11
0.7866205511811023
 21
1.4963873228346456
 31
0
  0
LINE
  5
C4D
330
1A
100
AcDbEntity
  8
BLACK
  6
CONTINUOUS
100
AcDbLine
 10
0.7866205511811023
 20
1.4963873228346456
 30
0
 11
0.7896540551181103
 21
1.4984142125984252
 31
0
  0
LINE
  5
C4E
330
1A
100
AcDbEntity
  8
BLACK
  6
CONTINUOUS
100
AcDbLine
 10
0.7896540551181103
 20
1.4984142125984252
 30
0
 11
0.7932322834645669
 21
1.4991259842519684
 31
0
  0
LINE
  5
C4F
330
1A
100
AcDbEntity
  8
BLACK
  6
CONTINUOUS
100
AcDbLine
 10
0.7932322834645669
 20
1.4991259842519684
 30
0
 11
0.8158700787401575
 21
1.4991259842519684
 31
0
  0
LINE
  5
C50
330
1A
100
AcDbEntity
  8
BLACK
  6
CONTINUOUS
100
AcDbLine
 10
0.8158700787401575
 20
1.4991259842519684
 30
0
 11
0.8194483070866142
 21
1.4984142125984252
 31
0
  0
LINE
  5
C51
330
1A
100
AcDbEntity
  8
BLACK
  6
CONTINUOUS
100
AcDbLine
 10
0.8883459448818898
 20
1.4984142125984252
 30
0
 11
0.8913794488188976
 21
1.4963873228346456
 31
0
  0
LINE
  5
C52
330
1A
100
AcDbEntity
  8
BLACK
  6
CONTINUOUS
100
AcDbLine
 10
0.8913794488188976
 20
1.4963873228346456
 30
0
 11
0.8934063385826772
 21
1.4933538188976379
 31
0
  0
LINE
  5
C53
330
1A
100
AcDbEntity
  8
BLACK
  6
CONTINUOUS
100
AcDbLine
 10
0.8934063385826772
 20
1.4933538188976379
 30
0
 11
0.8941181102362205
 21
1.4897755905511811
 31
0
  0
LINE
  5
C54
330
1A
100
AcDbEntity
  8
BLACK
  6
CONTINUOUS
100
AcDbLine
 10
0.8941181102362205
 20
1.4897755905511811
 30
0
 11
0.8941181102362205
 21
1.4710748031496064
 31
0
  0
LINE
  5
C55
330
1A
100
AcDbEntity
  8
BLACK
  6
CONTINUOUS
100
AcDbLine
 10
0.8941181102362205
 20
1.4710748031496064
 30
0
 11
0.8934063385826772
 21
1.4674965748031497
 31
0
  0
LINE
  5
C56
330
1A
100
AcDbEntity
  8
BLACK
  6
CONTINUOUS
100
AcDbLine
 10
0.8934063385826772
 20
1.4674965748031497
 30
0
 11
0.8913794488188976
 21
1.4644630708661417
 31
0
  0
LINE
  5
C57
330
1A
100
AcDbEntity
  8
BLACK
  6
CONTINUOUS
100
AcDbLine
 10
0.8913794488188976
 20
1.4644630708661417
 30
0
 11
0.8883459448818898
 21
1.4624361811023621
 31
0
  0
LINE
  5
C58
330
1A
100
AcDbEntity
  8
BLACK
  6
CONTINUOUS
100
AcDbLine
 10
0.8883459448818898
 20
1.4624361811023621
 30
0
 11
0.8847677165354331
 21
1.4617244094488189
 31
0
  0
LINE
  5
C59
330
1A
100
AcDbEntity
  8
BLACK
  6
CONTINUOUS
100
AcDbLine
 10
0.8847677165354331
 20
1.4617244094488189
 30
0
 11
0.8621299212598424
 21
1.4617244094488189
 31
0
  0
LINE
  5
C5A
330
1A
100
AcDbEntity
  8
BLACK
  6
CONTINUOUS
100
AcDbLine
 10
0.8621299212598424
 20
1.4617244094488189
 30
0
 11
0.8585516929133858
 21
1.4624361811023621
 31
0
  0
LINE
  5
C5B
330
1A
100
AcDbEntity
  8
BLACK
  6
CONTINUOUS
100
AcDbLine
 10
0.8585516929133858
 20
1.4624361811023621
 30
0
 11
0.8555181889763779
 21
1.4644630708661417
 31
0
  0
LINE
  5
C5C
330
1A
100
AcDbEntity
  8
BLACK
  6
CONTINUOUS
100
AcDbLine
 10
0.8555181889763779
 20
1.4644630708661417
 30
0
 11
0.8534912992125984
 21
1.4674965748031497
 31
0
  0
LINE
  5
C5D
330
1A
100
AcDbEntity
  8
BLACK
  6
CONTINUOUS
100
AcDbLine
 10
0.8534912992125984
 20
1.4674965748031497
 30
0
 11
0.8527795275590551
 21
1.4710748031496064
 31
0
  0
LINE
  5
C5E
330
1A
100
AcDbEntity
  8
BLACK
  6
CONTINUOUS
100
AcDbLine
 10
0.8527795275590551
 20
1.4710748031496064
 30
0
 11
0.8527795275590551
 21
1.4897755905511811
 31
0
  0
LINE
  5
C5F
330
1A
100
AcDbEntity
  8
BLACK
  6
CONTINUOUS
100
AcDbLine
 10
0.8527795275590551
 20
1.4897755905511811
 30
0
 11
0.8534912992125984
 21
1.4933538188976379
 31
0
  0
LINE
  5
C60
330
1A
100
AcDbEntity
  8
BLACK
  6
CONTINUOUS
100
AcDbLine
 10
0.8534912992125984
 20
1.4933538188976379
 30
0
 11
0.8555181889763779
 21
1.4963873228346456
 31
0
  0
LINE
  5
C61
330
1A
100
AcDbEntity
  8
BLACK
  6
CONTINUOUS
100
AcDbLine
 10
0.8555181889763779
 20
1.4963873228346456
 30
0
 11
0.8585516929133858
 21
1.4984142125984252
 31
0
  0
LINE
  5
C62
330
1A
100
AcDbEntity
  8
BLACK
  6
CONTINUOUS
100
AcDbLine
 10
0.8585516929133858
 20
1.4984142125984252
 30
0
 11
0.8621299212598424
 21
1.4991259842519684
 31
0
  0
LINE
  5
C63
330
1A
100
AcDbEntity
  8
BLACK
  6
CONTINUOUS
100
AcDbLine
 10
0.8621299212598424
 20
1.4991259842519684
 30
0
 11
0.8847677165354331
 21
1.4991259842519684
 31
0
  0
LINE
  5
C64
330
1A
100
AcDbEntity
  8
BLACK
  6
CONTINUOUS
100
AcDbLine
 10
0.8847677165354331
 20
1.4991259842519684
 30
0
 11
0.8883459448818898
 21
1.4984142125984252
 31
0
  0
LINE
  5
C65
330
1A
100
AcDbEntity
  8
BLACK
  6
CONTINUOUS
100
AcDbLine
 10
2.2673070866141734
 20
1.4707401574803149
 30
0
 11
2.2456535433070868
 21
1.4707401574803149
 31
0
  0
LINE
  5
C66
330
1A
100
AcDbEntity
  8
BLACK
  6
CONTINUOUS
100
AcDbLine
 10
2.2456535433070868
 20
1.4707401574803149
 30
0
 11
2.2456535433070868
 21
1.4805826771653543
 31
0
  0
LINE
  5
C67
330
1A
100
AcDbEntity
  8
BLACK
  6
CONTINUOUS
100
AcDbLine
 10
2.2456535433070868
 20
1.4805826771653543
 30
0
 11
2.2673070866141734
 21
1.4805826771653543
 31
0
  0
LINE
  5
C68
330
1A
100
AcDbEntity
  8
BLACK
  6
CONTINUOUS
100
AcDbLine
 10
2.2673070866141734
 20
1.4805826771653543
 30
0
 11
2.2673070866141734
 21
1.4707401574803149
 31
0
  0
LINE
  5
C69
330
1A
100
AcDbEntity
  8
BLACK
  6
CONTINUOUS
100
AcDbLine
 10
2.3598267716535433
 20
1.4707401574803149
 30
0
 11
2.3381732283464567
 21
1.4707401574803149
 31
0
  0
LINE
  5
C6A
330
1A
100
AcDbEntity
  8
BLACK
  6
CONTINUOUS
100
AcDbLine
 10
2.3381732283464567
 20
1.4707401574803149
 30
0
 11
2.3381732283464567
 21
1.4805826771653543
 31
0
  0
LINE
  5
C6B
330
1A
100
AcDbEntity
  8
BLACK
  6
CONTINUOUS
100
AcDbLine
 10
2.3381732283464567
 20
1.4805826771653543
 30
0
 11
2.3598267716535433
 21
1.4805826771653543
 31
0
  0
LINE
  5
C6C
330
1A
100
AcDbEntity
  8
BLACK
  6
CONTINUOUS
100
AcDbLine
 10
2.3598267716535433
 20
1.4805826771653543
 30
0
 11
2.3598267716535433
 21
1.4707401574803149
 31
0
  0
LINE
  5
C6D
330
1A
100
AcDbEntity
  8
BLACK
  6
CONTINUOUS
100
AcDbLine
 10
0.5160106692913385
 20
1.5193925196850393
 30
0
 11
0.5192038188976378
 21
1.517258937007874
 31
0
  0
LINE
  5
C6E
330
1A
100
AcDbEntity
  8
BLACK
  6
CONTINUOUS
100
AcDbLine
 10
0.5192038188976378
 20
1.517258937007874
 30
0
 11
0.5213374015748031
 21
1.5140657874015748
 31
0
  0
LINE
  5
C6F
330
1A
100
AcDbEntity
  8
BLACK
  6
CONTINUOUS
100
AcDbLine
 10
0.5213374015748031
 20
1.5140657874015748
 30
0
 11
0.5220866141732283
 21
1.5102992125984251
 31
0
  0
LINE
  5
C70
330
1A
100
AcDbEntity
  8
BLACK
  6
CONTINUOUS
100
AcDbLine
 10
0.5220866141732283
 20
1.5102992125984251
 30
0
 11
0.5220866141732283
 21
1.4906141732283464
 31
0
  0
LINE
  5
C71
330
1A
100
AcDbEntity
  8
BLACK
  6
CONTINUOUS
100
AcDbLine
 10
0.5220866141732283
 20
1.4906141732283464
 30
0
 11
0.5213374015748031
 21
1.4868475984251968
 31
0
  0
LINE
  5
C72
330
1A
100
AcDbEntity
  8
BLACK
  6
CONTINUOUS
100
AcDbLine
 10
0.5213374015748031
 20
1.4868475984251968
 30
0
 11
0.5192038188976378
 21
1.4836544488188976
 31
0
  0
LINE
  5
C73
330
1A
100
AcDbEntity
  8
BLACK
  6
CONTINUOUS
100
AcDbLine
 10
0.5192038188976378
 20
1.4836544488188976
 30
0
 11
0.5160106692913385
 21
1.4815208661417323
 31
0
  0
LINE
  5
C74
330
1A
100
AcDbEntity
  8
BLACK
  6
CONTINUOUS
100
AcDbLine
 10
0.5160106692913385
 20
1.4815208661417323
 30
0
 11
0.512244094488189
 21
1.4807716535433071
 31
0
  0
LINE
  5
C75
330
1A
100
AcDbEntity
  8
BLACK
  6
CONTINUOUS
100
AcDbLine
 10
0.512244094488189
 20
1.4807716535433071
 30
0
 11
0.4748425196850394
 21
1.4807716535433071
 31
0
  0
LINE
  5
C76
330
1A
100
AcDbEntity
  8
BLACK
  6
CONTINUOUS
100
AcDbLine
 10
0.4748425196850394
 20
1.4807716535433071
 30
0
 11
0.4710759448818898
 21
1.4815208661417323
 31
0
  0
LINE
  5
C77
330
1A
100
AcDbEntity
  8
BLACK
  6
CONTINUOUS
100
AcDbLine
 10
0.4710759448818898
 20
1.4815208661417323
 30
0
 11
0.4678827952755905
 21
1.4836544488188976
 31
0
  0
LINE
  5
C78
330
1A
100
AcDbEntity
  8
BLACK
  6
CONTINUOUS
100
AcDbLine
 10
0.4678827952755905
 20
1.4836544488188976
 30
0
 11
0.4657492125984252
 21
1.4868475984251968
 31
0
  0
LINE
  5
C79
330
1A
100
AcDbEntity
  8
BLACK
  6
CONTINUOUS
100
AcDbLine
 10
0.4657492125984252
 20
1.4868475984251968
 30
0
 11
0.465
 21
1.4906141732283464
 31
0
  0
LINE
  5
C7A
330
1A
100
AcDbEntity
  8
BLACK
  6
CONTINUOUS
100
AcDbLine
 10
0.465
 20
1.4906141732283464
 30
0
 11
0.465
 21
1.5102992125984251
 31
0
  0
LINE
  5
C7B
330
1A
100
AcDbEntity
  8
BLACK
  6
CONTINUOUS
100
AcDbLine
 10
0.465
 20
1.5102992125984251
 30
0
 11
0.4657492125984252
 21
1.5140657874015748
 31
0
  0
LINE
  5
C7C
330
1A
100
AcDbEntity
  8
BLACK
  6
CONTINUOUS
100
AcDbLine
 10
0.4657492125984252
 20
1.5140657874015748
 30
0
 11
0.4678827952755905
 21
1.517258937007874
 31
0
  0
LINE
  5
C7D
330
1A
100
AcDbEntity
  8
BLACK
  6
CONTINUOUS
100
AcDbLine
 10
0.4678827952755905
 20
1.517258937007874
 30
0
 11
0.4710759448818898
 21
1.5193925196850393
 31
0
  0
LINE
  5
C7E
330
1A
100
AcDbEntity
  8
BLACK
  6
CONTINUOUS
100
AcDbLine
 10
0.4710759448818898
 20
1.5193925196850393
 30
0
 11
0.4748425196850394
 21
1.5201417322834645
 31
0
  0
LINE
  5
C7F
330
1A
100
AcDbEntity
  8
BLACK
  6
CONTINUOUS
100
AcDbLine
 10
0.4748425196850394
 20
1.5201417322834645
 30
0
 11
0.512244094488189
 21
1.5201417322834645
 31
0
  0
LINE
  5
C80
330
1A
100
AcDbEntity
  8
BLACK
  6
CONTINUOUS
100
AcDbLine
 10
0.512244094488189
 20
1.5201417322834645
 30
0
 11
0.5160106692913385
 21
1.5193925196850393
 31
0
  0
LINE
  5
C81
330
1A
100
AcDbEntity
  8
BLACK
  6
CONTINUOUS
100
AcDbLine
 10
1.0004673622047244
 20
1.524337401574803
 30
0
 11
1.0036605118110236
 21
1.5222038188976377
 31
0
  0
LINE
  5
C82
330
1A
100
AcDbEntity
  8
BLACK
  6
CONTINUOUS
100
AcDbLine
 10
1.0036605118110236
 20
1.5222038188976377
 30
0
 11
1.0057940944881889
 21
1.5190106692913385
 31
0
  0
LINE
  5
C83
330
1A
100
AcDbEntity
  8
BLACK
  6
CONTINUOUS
100
AcDbLine
 10
1.0057940944881889
 20
1.5190106692913385
 30
0
 11
1.0065433070866141
 21
1.5152440944881889
 31
0
  0
LINE
  5
C84
330
1A
100
AcDbEntity
  8
BLACK
  6
CONTINUOUS
100
AcDbLine
 10
1.0065433070866141
 20
1.5152440944881889
 30
0
 11
1.0065433070866141
 21
1.4955590551181102
 31
0
  0
LINE
  5
C85
330
1A
100
AcDbEntity
  8
BLACK
  6
CONTINUOUS
100
AcDbLine
 10
1.0065433070866141
 20
1.4955590551181102
 30
0
 11
1.0057940944881889
 21
1.4917924803149607
 31
0
  0
LINE
  5
C86
330
1A
100
AcDbEntity
  8
BLACK
  6
CONTINUOUS
100
AcDbLine
 10
1.0057940944881889
 20
1.4917924803149607
 30
0
 11
1.0036605118110236
 21
1.4885993307086614
 31
0
  0
LINE
  5
C87
330
1A
100
AcDbEntity
  8
BLACK
  6
CONTINUOUS
100
AcDbLine
 10
1.0036605118110236
 20
1.4885993307086614
 30
0
 11
1.0004673622047244
 21
1.486465748031496
 31
0
  0
LINE
  5
C88
330
1A
100
AcDbEntity
  8
BLACK
  6
CONTINUOUS
100
AcDbLine
 10
1.0004673622047244
 20
1.486465748031496
 30
0
 11
0.9967007874015748
 21
1.4857165354330708
 31
0
  0
LINE
  5
C89
330
1A
100
AcDbEntity
  8
BLACK
  6
CONTINUOUS
100
AcDbLine
 10
0.9967007874015748
 20
1.4857165354330708
 30
0
 11
0.9592992125984252
 21
1.4857165354330708
 31
0
  0
LINE
  5
C8A
330
1A
100
AcDbEntity
  8
BLACK
  6
CONTINUOUS
100
AcDbLine
 10
0.9592992125984252
 20
1.4857165354330708
 30
0
 11
0.9555326377952755
 21
1.486465748031496
 31
0
  0
LINE
  5
C8B
330
1A
100
AcDbEntity
  8
BLACK
  6
CONTINUOUS
100
AcDbLine
 10
0.9555326377952755
 20
1.486465748031496
 30
0
 11
0.9523394881889764
 21
1.4885993307086614
 31
0
  0
LINE
  5
C8C
330
1A
100
AcDbEntity
  8
BLACK
  6
CONTINUOUS
100
AcDbLine
 10
0.9523394881889764
 20
1.4885993307086614
 30
0
 11
0.9502059055118111
 21
1.4917924803149607
 31
0
  0
LINE
  5
C8D
330
1A
100
AcDbEntity
  8
BLACK
  6
CONTINUOUS
100
AcDbLine
 10
0.9502059055118111
 20
1.4917924803149607
 30
0
 11
0.9494566929133859
 21
1.4955590551181102
 31
0
  0
LINE
  5
C8E
330
1A
100
AcDbEntity
  8
BLACK
  6
CONTINUOUS
100
AcDbLine
 10
0.9494566929133859
 20
1.4955590551181102
 30
0
 11
0.9494566929133859
 21
1.5152440944881889
 31
0
  0
LINE
  5
C8F
330
1A
100
AcDbEntity
  8
BLACK
  6
CONTINUOUS
100
AcDbLine
 10
0.9494566929133859
 20
1.5152440944881889
 30
0
 11
0.9502059055118111
 21
1.5190106692913385
 31
0
  0
LINE
  5
C90
330
1A
100
AcDbEntity
  8
BLACK
  6
CONTINUOUS
100
AcDbLine
 10
0.9502059055118111
 20
1.5190106692913385
 30
0
 11
0.9523394881889764
 21
1.5222038188976377
 31
0
  0
LINE
  5
C91
330
1A
100
AcDbEntity
  8
BLACK
  6
CONTINUOUS
100
AcDbLine
 10
0.9523394881889764
 20
1.5222038188976377
 30
0
 11
0.9555326377952755
 21
1.524337401574803
 31
0
  0
LINE
  5
C92
330
1A
100
AcDbEntity
  8
BLACK
  6
CONTINUOUS
100
AcDbLine
 10
0.9555326377952755
 20
1.524337401574803
 30
0
 11
0.9592992125984252
 21
1.5250866141732282
 31
0
  0
LINE
  5
C93
330
1A
100
AcDbEntity
  8
BLACK
  6
CONTINUOUS
100
AcDbLine
 10
0.9592992125984252
 20
1.5250866141732282
 30
0
 11
0.9967007874015748
 21
1.5250866141732282
 31
0
  0
LINE
  5
C94
330
1A
100
AcDbEntity
  8
BLACK
  6
CONTINUOUS
100
AcDbLine
 10
0.9967007874015748
 20
1.5250866141732282
 30
0
 11
1.0004673622047244
 21
1.524337401574803
 31
0
  0
LINE
  5
C95
330
1A
100
AcDbEntity
  8
BLACK
  6
CONTINUOUS
100
AcDbLine
 10
2.2673070866141734
 20
1.4904251968503937
 30
0
 11
2.2456535433070868
 21
1.4904251968503937
 31
0
  0
LINE
  5
C96
330
1A
100
AcDbEntity
  8
BLACK
  6
CONTINUOUS
100
AcDbLine
 10
2.2456535433070868
 20
1.4904251968503937
 30
0
 11
2.2456535433070868
 21
1.500267716535433
 31
0
  0
LINE
  5
C97
330
1A
100
AcDbEntity
  8
BLACK
  6
CONTINUOUS
100
AcDbLine
 10
2.2456535433070868
 20
1.500267716535433
 30
0
 11
2.2673070866141734
 21
1.500267716535433
 31
0
  0
LINE
  5
C98
330
1A
100
AcDbEntity
  8
BLACK
  6
CONTINUOUS
100
AcDbLine
 10
2.2673070866141734
 20
1.500267716535433
 30
0
 11
2.2673070866141734
 21
1.4904251968503937
 31
0
  0
LINE
  5
C99
330
1A
100
AcDbEntity
  8
BLACK
  6
CONTINUOUS
100
AcDbLine
 10
2.3598267716535433
 20
1.4904251968503937
 30
0
 11
2.3381732283464567
 21
1.4904251968503937
 31
0
  0
LINE
  5
C9A
330
1A
100
AcDbEntity
  8
BLACK
  6
CONTINUOUS
100
AcDbLine
 10
2.3381732283464567
 20
1.4904251968503937
 30
0
 11
2.3381732283464567
 21
1.500267716535433
 31
0
  0
LINE
  5
C9B
330
1A
100
AcDbEntity
  8
BLACK
  6
CONTINUOUS
100
AcDbLine
 10
2.3381732283464567
 20
1.500267716535433
 30
0
 11
2.3598267716535433
 21
1.500267716535433
 31
0
  0
LINE
  5
C9C
330
1A
100
AcDbEntity
  8
BLACK
  6
CONTINUOUS
100
AcDbLine
 10
2.3598267716535433
 20
1.500267716535433
 30
0
 11
2.3598267716535433
 21
1.4904251968503937
 31
0
  0
LINE
  5
C9D
330
1A
100
AcDbEntity
  8
BLACK
  6
CONTINUOUS
100
AcDbLine
 10
2.2082075196850393
 20
1.5468413779527559
 30
0
 11
2.2114006692913386
 21
1.5447077952755905
 31
0
  0
LINE
  5
C9E
330
1A
100
AcDbEntity
  8
BLACK
  6
CONTINUOUS
100
AcDbLine
 10
2.2114006692913386
 20
1.5447077952755905
 30
0
 11
2.213534251968504
 21
1.5415146456692912
 31
0
  0
LINE
  5
C9F
330
1A
100
AcDbEntity
  8
BLACK
  6
CONTINUOUS
100
AcDbLine
 10
2.213534251968504
 20
1.5415146456692912
 30
0
 11
2.2142834645669289
 21
1.5377480708661417
 31
0
  0
LINE
  5
CA0
330
1A
100
AcDbEntity
  8
BLACK
  6
CONTINUOUS
100
AcDbLine
 10
2.2142834645669289
 20
1.5377480708661417
 30
0
 11
2.2142834645669289
 21
1.518063031496063
 31
0
  0
LINE
  5
CA1
330
1A
100
AcDbEntity
  8
BLACK
  6
CONTINUOUS
100
AcDbLine
 10
2.2142834645669289
 20
1.518063031496063
 30
0
 11
2.213534251968504
 21
1.5142964566929134
 31
0
  0
LINE
  5
CA2
330
1A
100
AcDbEntity
  8
BLACK
  6
CONTINUOUS
100
AcDbLine
 10
2.213534251968504
 20
1.5142964566929134
 30
0
 11
2.2114006692913386
 21
1.5111033070866142
 31
0
  0
LINE
  5
CA3
330
1A
100
AcDbEntity
  8
BLACK
  6
CONTINUOUS
100
AcDbLine
 10
2.2114006692913386
 20
1.5111033070866142
 30
0
 11
2.2082075196850393
 21
1.5089697244094489
 31
0
  0
LINE
  5
CA4
330
1A
100
AcDbEntity
  8
BLACK
  6
CONTINUOUS
100
AcDbLine
 10
2.2082075196850393
 20
1.5089697244094489
 30
0
 11
2.2044409448818896
 21
1.5082205118110237
 31
0
  0
LINE
  5
CA5
330
1A
100
AcDbEntity
  8
BLACK
  6
CONTINUOUS
100
AcDbLine
 10
2.2044409448818896
 20
1.5082205118110237
 30
0
 11
2.16703937007874
 21
1.5082205118110237
 31
0
  0
LINE
  5
CA6
330
1A
100
AcDbEntity
  8
BLACK
  6
CONTINUOUS
100
AcDbLine
 10
2.16703937007874
 20
1.5082205118110237
 30
0
 11
2.1632727952755904
 21
1.5089697244094489
 31
0
  0
LINE
  5
CA7
330
1A
100
AcDbEntity
  8
BLACK
  6
CONTINUOUS
100
AcDbLine
 10
2.1632727952755904
 20
1.5089697244094489
 30
0
 11
2.1600796456692914
 21
1.5111033070866142
 31
0
  0
LINE
  5
CA8
330
1A
100
AcDbEntity
  8
BLACK
  6
CONTINUOUS
100
AcDbLine
 10
2.1600796456692914
 20
1.5111033070866142
 30
0
 11
2.1579460629921261
 21
1.5142964566929134
 31
0
  0
LINE
  5
CA9
330
1A
100
AcDbEntity
  8
BLACK
  6
CONTINUOUS
100
AcDbLine
 10
2.1579460629921261
 20
1.5142964566929134
 30
0
 11
2.1571968503937007
 21
1.518063031496063
 31
0
  0
LINE
  5
CAA
330
1A
100
AcDbEntity
  8
BLACK
  6
CONTINUOUS
100
AcDbLine
 10
2.1571968503937007
 20
1.518063031496063
 30
0
 11
2.1571968503937007
 21
1.5377480708661417
 31
0
  0
LINE
  5
CAB
330
1A
100
AcDbEntity
  8
BLACK
  6
CONTINUOUS
100
AcDbLine
 10
2.1571968503937007
 20
1.5377480708661417
 30
0
 11
2.1579460629921261
 21
1.5415146456692912
 31
0
  0
LINE
  5
CAC
330
1A
100
AcDbEntity
  8
BLACK
  6
CONTINUOUS
100
AcDbLine
 10
2.1579460629921261
 20
1.5415146456692912
 30
0
 11
2.1600796456692914
 21
1.5447077952755905
 31
0
  0
LINE
  5
CAD
330
1A
100
AcDbEntity
  8
BLACK
  6
CONTINUOUS
100
AcDbLine
 10
2.1600796456692914
 20
1.5447077952755905
 30
0
 11
2.1632727952755904
 21
1.5468413779527559
 31
0
  0
LINE
  5
CAE
330
1A
100
AcDbEntity
  8
BLACK
  6
CONTINUOUS
100
AcDbLine
 10
2.1632727952755904
 20
1.5468413779527559
 30
0
 11
2.16703937007874
 21
1.5475905905511811
 31
0
  0
LINE
  5
CAF
330
1A
100
AcDbEntity
  8
BLACK
  6
CONTINUOUS
100
AcDbLine
 10
2.16703937007874
 20
1.5475905905511811
 30
0
 11
2.2044409448818896
 21
1.5475905905511811
 31
0
  0
LINE
  5
CB0
330
1A
100
AcDbEntity
  8
BLACK
  6
CONTINUOUS
100
AcDbLine
 10
2.2044409448818896
 20
1.5475905905511811
 30
0
 11
2.2082075196850393
 21
1.5468413779527559
 31
0
  0
LINE
  5
CB1
330
1A
100
AcDbEntity
  8
BLACK
  6
CONTINUOUS
100
AcDbLine
 10
2.2673070866141734
 20
1.5101102362204724
 30
0
 11
2.2456535433070868
 21
1.5101102362204724
 31
0
  0
LINE
  5
CB2
330
1A
100
AcDbEntity
  8
BLACK
  6
CONTINUOUS
100
AcDbLine
 10
2.2456535433070868
 20
1.5101102362204724
 30
0
 11
2.2456535433070868
 21
1.5199527559055117
 31
0
  0
LINE
  5
CB3
330
1A
100
AcDbEntity
  8
BLACK
  6
CONTINUOUS
100
AcDbLine
 10
2.2456535433070868
 20
1.5199527559055117
 30
0
 11
2.2673070866141734
 21
1.5199527559055117
 31
0
  0
LINE
  5
CB4
330
1A
100
AcDbEntity
  8
BLACK
  6
CONTINUOUS
100
AcDbLine
 10
2.2673070866141734
 20
1.5199527559055117
 30
0
 11
2.2673070866141734
 21
1.5101102362204724
 31
0
  0
LINE
  5
CB5
330
1A
100
AcDbEntity
  8
BLACK
  6
CONTINUOUS
100
AcDbLine
 10
2.3598267716535433
 20
1.5101102362204724
 30
0
 11
2.3381732283464567
 21
1.5101102362204724
 31
0
  0
LINE
  5
CB6
330
1A
100
AcDbEntity
  8
BLACK
  6
CONTINUOUS
100
AcDbLine
 10
2.3381732283464567
 20
1.5101102362204724
 30
0
 11
2.3381732283464567
 21
1.5199527559055117
 31
0
  0
LINE
  5
CB7
330
1A
100
AcDbEntity
  8
BLACK
  6
CONTINUOUS
100
AcDbLine
 10
2.3381732283464567
 20
1.5199527559055117
 30
0
 11
2.3598267716535433
 21
1.5199527559055117
 31
0
  0
LINE
  5
CB8
330
1A
100
AcDbEntity
  8
BLACK
  6
CONTINUOUS
100
AcDbLine
 10
2.3598267716535433
 20
1.5199527559055117
 30
0
 11
2.3598267716535433
 21
1.5101102362204724
 31
0
  0
LINE
  5
CB9
330
1A
100
AcDbEntity
  8
BLACK
  6
CONTINUOUS
100
AcDbLine
 10
0.6665984251968504
 20
1.5210787401574803
 30
0
 11
0.548488188976378
 21
1.5210787401574803
 31
0
  0
LINE
  5
CBA
330
1A
100
AcDbEntity
  8
BLACK
  6
CONTINUOUS
100
AcDbLine
 10
0.548488188976378
 20
1.5210787401574803
 30
0
 11
0.548488188976378
 21
1.5486377952755905
 31
0
  0
LINE
  5
CBB
330
1A
100
AcDbEntity
  8
BLACK
  6
CONTINUOUS
100
AcDbLine
 10
0.548488188976378
 20
1.5486377952755905
 30
0
 11
0.6665984251968504
 21
1.5486377952755905
 31
0
  0
LINE
  5
CBC
330
1A
100
AcDbEntity
  8
BLACK
  6
CONTINUOUS
100
AcDbLine
 10
0.6665984251968504
 20
1.5486377952755905
 30
0
 11
0.6665984251968504
 21
1.5210787401574803
 31
0
  0
LINE
  5
CBD
330
1A
100
AcDbEntity
  8
BLACK
  6
CONTINUOUS
100
AcDbLine
 10
0.75748031496063
 20
1.5301732283464566
 30
0
 11
0.7181102362204724
 21
1.5301732283464566
 31
0
  0
LINE
  5
CBE
330
1A
100
AcDbEntity
  8
BLACK
  6
CONTINUOUS
100
AcDbLine
 10
0.7181102362204724
 20
1.5301732283464566
 30
0
 11
0.7181102362204724
 21
1.5911968503937008
 31
0
  0
LINE
  5
CBF
330
1A
100
AcDbEntity
  8
BLACK
  6
CONTINUOUS
100
AcDbLine
 10
0.7181102362204724
 20
1.5911968503937008
 30
0
 11
0.7181102362204724
 21
1.6305669291338583
 31
0
  0
LINE
  5
CC0
330
1A
100
AcDbEntity
  8
BLACK
  6
CONTINUOUS
100
AcDbLine
 10
0.7181102362204724
 20
1.6305669291338583
 30
0
 11
0.75748031496063
 21
1.6305669291338583
 31
0
  0
LINE
  5
CC1
330
1A
100
AcDbEntity
  8
BLACK
  6
CONTINUOUS
100
AcDbLine
 10
0.75748031496063
 20
1.6305669291338583
 30
0
 11
0.8480314960629921
 21
1.6305669291338583
 31
0
  0
LINE
  5
CC2
330
1A
100
AcDbEntity
  8
BLACK
  6
CONTINUOUS
100
AcDbLine
 10
0.8480314960629921
 20
1.6305669291338583
 30
0
 11
0.8480314960629921
 21
1.5911968503937008
 31
0
  0
LINE
  5
CC3
330
1A
100
AcDbEntity
  8
BLACK
  6
CONTINUOUS
100
AcDbLine
 10
0.8480314960629921
 20
1.5911968503937008
 30
0
 11
0.75748031496063
 21
1.5911968503937008
 31
0
  0
LINE
  5
CC4
330
1A
100
AcDbEntity
  8
BLACK
  6
CONTINUOUS
100
AcDbLine
 10
0.75748031496063
 20
1.5911968503937008
 30
0
 11
0.75748031496063
 21
1.5301732283464566
 31
0
  0
LINE
  5
CC5
330
1A
100
AcDbEntity
  8
BLACK
  6
CONTINUOUS
100
AcDbLine
 10
2.4818897637795274
 20
1.5301732283464566
 30
0
 11
2.44251968503937
 21
1.5301732283464566
 31
0
  0
LINE
  5
CC6
330
1A
100
AcDbEntity
  8
BLACK
  6
CONTINUOUS
100
AcDbLine
 10
2.44251968503937
 20
1.5301732283464566
 30
0
 11
2.44251968503937
 21
1.5911968503937008
 31
0
  0
LINE
  5
CC7
330
1A
100
AcDbEntity
  8
BLACK
  6
CONTINUOUS
100
AcDbLine
 10
2.44251968503937
 20
1.5911968503937008
 30
0
 11
2.351968503937008
 21
1.5911968503937008
 31
0
  0
LINE
  5
CC8
330
1A
100
AcDbEntity
  8
BLACK
  6
CONTINUOUS
100
AcDbLine
 10
2.351968503937008
 20
1.5911968503937008
 30
0
 11
2.351968503937008
 21
1.6305669291338583
 31
0
  0
LINE
  5
CC9
330
1A
100
AcDbEntity
  8
BLACK
  6
CONTINUOUS
100
AcDbLine
 10
2.351968503937008
 20
1.6305669291338583
 30
0
 11
2.44251968503937
 21
1.6305669291338583
 31
0
  0
LINE
  5
CCA
330
1A
100
AcDbEntity
  8
BLACK
  6
CONTINUOUS
100
AcDbLine
 10
2.44251968503937
 20
1.6305669291338583
 30
0
 11
2.4818897637795274
 21
1.6305669291338583
 31
0
  0
LINE
  5
CCB
330
1A
100
AcDbEntity
  8
BLACK
  6
CONTINUOUS
100
AcDbLine
 10
2.4818897637795274
 20
1.6305669291338583
 30
0
 11
2.4818897637795274
 21
1.5911968503937008
 31
0
  0
LINE
  5
CCC
330
1A
100
AcDbEntity
  8
BLACK
  6
CONTINUOUS
100
AcDbLine
 10
2.4818897637795274
 20
1.5911968503937008
 30
0
 11
2.4818897637795274
 21
1.5301732283464566
 31
0
  0
LINE
  5
CCD
330
1A
100
AcDbEntity
  8
BLACK
  6
CONTINUOUS
100
AcDbLine
 10
0.5160106692913385
 20
1.5941956692913386
 30
0
 11
0.5192038188976378
 21
1.5920620866141733
 31
0
  0
LINE
  5
CCE
330
1A
100
AcDbEntity
  8
BLACK
  6
CONTINUOUS
100
AcDbLine
 10
0.5192038188976378
 20
1.5920620866141733
 30
0
 11
0.5213374015748031
 21
1.5888689370078739
 31
0
  0
LINE
  5
CCF
330
1A
100
AcDbEntity
  8
BLACK
  6
CONTINUOUS
100
AcDbLine
 10
0.5213374015748031
 20
1.5888689370078739
 30
0
 11
0.5220866141732283
 21
1.5851023622047244
 31
0
  0
LINE
  5
CD0
330
1A
100
AcDbEntity
  8
BLACK
  6
CONTINUOUS
100
AcDbLine
 10
0.5220866141732283
 20
1.5851023622047244
 30
0
 11
0.5220866141732283
 21
1.5654173228346457
 31
0
  0
LINE
  5
CD1
330
1A
100
AcDbEntity
  8
BLACK
  6
CONTINUOUS
100
AcDbLine
 10
0.5220866141732283
 20
1.5654173228346457
 30
0
 11
0.5213374015748031
 21
1.5616507480314961
 31
0
  0
LINE
  5
CD2
330
1A
100
AcDbEntity
  8
BLACK
  6
CONTINUOUS
100
AcDbLine
 10
0.5213374015748031
 20
1.5616507480314961
 30
0
 11
0.5192038188976378
 21
1.5584575984251967
 31
0
  0
LINE
  5
CD3
330
1A
100
AcDbEntity
  8
BLACK
  6
CONTINUOUS
100
AcDbLine
 10
0.5192038188976378
 20
1.5584575984251967
 30
0
 11
0.5160106692913385
 21
1.5563240157480314
 31
0
  0
LINE
  5
CD4
330
1A
100
AcDbEntity
  8
BLACK
  6
CONTINUOUS
100
AcDbLine
 10
0.5160106692913385
 20
1.5563240157480314
 30
0
 11
0.512244094488189
 21
1.5555748031496062
 31
0
  0
LINE
  5
CD5
330
1A
100
AcDbEntity
  8
BLACK
  6
CONTINUOUS
100
AcDbLine
 10
0.512244094488189
 20
1.5555748031496062
 30
0
 11
0.4748425196850394
 21
1.5555748031496062
 31
0
  0
LINE
  5
CD6
330
1A
100
AcDbEntity
  8
BLACK
  6
CONTINUOUS
100
AcDbLine
 10
0.4748425196850394
 20
1.5555748031496062
 30
0
 11
0.4710759448818898
 21
1.5563240157480314
 31
0
  0
LINE
  5
CD7
330
1A
100
AcDbEntity
  8
BLACK
  6
CONTINUOUS
100
AcDbLine
 10
0.4710759448818898
 20
1.5563240157480314
 30
0
 11
0.4678827952755905
 21
1.5584575984251967
 31
0
  0
LINE
  5
CD8
330
1A
100
AcDbEntity
  8
BLACK
  6
CONTINUOUS
100
AcDbLine
 10
0.4678827952755905
 20
1.5584575984251967
 30
0
 11
0.4657492125984252
 21
1.5616507480314961
 31
0
  0
LINE
  5
CD9
330
1A
100
AcDbEntity
  8
BLACK
  6
CONTINUOUS
100
AcDbLine
 10
0.4657492125984252
 20
1.5616507480314961
 30
0
 11
0.465
 21
1.5654173228346457
 31
0
  0
LINE
  5
CDA
330
1A
100
AcDbEntity
  8
BLACK
  6
CONTINUOUS
100
AcDbLine
 10
0.465
 20
1.5654173228346457
 30
0
 11
0.465
 21
1.5851023622047244
 31
0
  0
LINE
  5
CDB
330
1A
100
AcDbEntity
  8
BLACK
  6
CONTINUOUS
100
AcDbLine
 10
0.465
 20
1.5851023622047244
 30
0
 11
0.4657492125984252
 21
1.5888689370078739
 31
0
  0
LINE
  5
CDC
330
1A
100
AcDbEntity
  8
BLACK
  6
CONTINUOUS
100
AcDbLine
 10
0.4657492125984252
 20
1.5888689370078739
 30
0
 11
0.4678827952755905
 21
1.5920620866141733
 31
0
  0
LINE
  5
CDD
330
1A
100
AcDbEntity
  8
BLACK
  6
CONTINUOUS
100
AcDbLine
 10
0.4678827952755905
 20
1.5920620866141733
 30
0
 11
0.4710759448818898
 21
1.5941956692913386
 31
0
  0
LINE
  5
CDE
330
1A
100
AcDbEntity
  8
BLACK
  6
CONTINUOUS
100
AcDbLine
 10
0.4710759448818898
 20
1.5941956692913386
 30
0
 11
0.4748425196850394
 21
1.5949448818897638
 31
0
  0
LINE
  5
CDF
330
1A
100
AcDbEntity
  8
BLACK
  6
CONTINUOUS
100
AcDbLine
 10
0.4748425196850394
 20
1.5949448818897638
 30
0
 11
0.512244094488189
 21
1.5949448818897638
 31
0
  0
LINE
  5
CE0
330
1A
100
AcDbEntity
  8
BLACK
  6
CONTINUOUS
100
AcDbLine
 10
0.512244094488189
 20
1.5949448818897638
 30
0
 11
0.5160106692913385
 21
1.5941956692913386
 31
0
  0
LINE
  5
CE1
330
1A
100
AcDbEntity
  8
BLACK
  6
CONTINUOUS
100
AcDbLine
 10
0.6370708661417323
 20
1.5624173228346456
 30
0
 11
0.578015748031496
 21
1.5624173228346456
 31
0
  0
LINE
  5
CE2
330
1A
100
AcDbEntity
  8
BLACK
  6
CONTINUOUS
100
AcDbLine
 10
0.578015748031496
 20
1.5624173228346456
 30
0
 11
0.578015748031496
 21
1.6135984251968503
 31
0
  0
LINE
  5
CE3
330
1A
100
AcDbEntity
  8
BLACK
  6
CONTINUOUS
100
AcDbLine
 10
0.578015748031496
 20
1.6135984251968503
 30
0
 11
0.6370708661417323
 21
1.6135984251968503
 31
0
  0
LINE
  5
CE4
330
1A
100
AcDbEntity
  8
BLACK
  6
CONTINUOUS
100
AcDbLine
 10
0.6370708661417323
 20
1.6135984251968503
 30
0
 11
0.6370708661417323
 21
1.5624173228346456
 31
0
  0
LINE
  5
CE5
330
1A
100
AcDbEntity
  8
BLACK
  6
CONTINUOUS
100
AcDbLine
 10
1.0842519685039369
 20
1.5911968503937008
 30
0
 11
0.9346456692913385
 21
1.5911968503937008
 31
0
  0
LINE
  5
CE6
330
1A
100
AcDbEntity
  8
BLACK
  6
CONTINUOUS
100
AcDbLine
 10
0.9346456692913385
 20
1.5911968503937008
 30
0
 11
0.9346456692913385
 21
1.6305669291338583
 31
0
  0
LINE
  5
CE7
330
1A
100
AcDbEntity
  8
BLACK
  6
CONTINUOUS
100
AcDbLine
 10
0.9346456692913385
 20
1.6305669291338583
 30
0
 11
1.0842519685039369
 21
1.6305669291338583
 31
0
  0
LINE
  5
CE8
330
1A
100
AcDbEntity
  8
BLACK
  6
CONTINUOUS
100
AcDbLine
 10
1.0842519685039369
 20
1.6305669291338583
 30
0
 11
1.0842519685039369
 21
1.5911968503937008
 31
0
  0
LINE
  5
CE9
330
1A
100
AcDbEntity
  8
BLACK
  6
CONTINUOUS
100
AcDbLine
 10
1.3204724409448818
 20
1.5911968503937008
 30
0
 11
1.1708661417322834
 21
1.5911968503937008
 31
0
  0
LINE
  5
CEA
330
1A
100
AcDbEntity
  8
BLACK
  6
CONTINUOUS
100
AcDbLine
 10
1.1708661417322834
 20
1.5911968503937008
 30
0
 11
1.1708661417322834
 21
1.6305669291338583
 31
0
  0
LINE
  5
CEB
330
1A
100
AcDbEntity
  8
BLACK
  6
CONTINUOUS
100
AcDbLine
 10
1.1708661417322834
 20
1.6305669291338583
 30
0
 11
1.3204724409448818
 21
1.6305669291338583
 31
0
  0
LINE
  5
CEC
330
1A
100
AcDbEntity
  8
BLACK
  6
CONTINUOUS
100
AcDbLine
 10
1.3204724409448818
 20
1.6305669291338583
 30
0
 11
1.3204724409448818
 21
1.5911968503937008
 31
0
  0
LINE
  5
CED
330
1A
100
AcDbEntity
  8
BLACK
  6
CONTINUOUS
100
AcDbLine
 10
1.5566929133858267
 20
1.5911968503937008
 30
0
 11
1.4070866141732283
 21
1.5911968503937008
 31
0
  0
LINE
  5
CEE
330
1A
100
AcDbEntity
  8
BLACK
  6
CONTINUOUS
100
AcDbLine
 10
1.4070866141732283
 20
1.5911968503937008
 30
0
 11
1.4070866141732283
 21
1.6305669291338583
 31
0
  0
LINE
  5
CEF
330
1A
100
AcDbEntity
  8
BLACK
  6
CONTINUOUS
100
AcDbLine
 10
1.4070866141732283
 20
1.6305669291338583
 30
0
 11
1.5566929133858267
 21
1.6305669291338583
 31
0
  0
LINE
  5
CF0
330
1A
100
AcDbEntity
  8
BLACK
  6
CONTINUOUS
100
AcDbLine
 10
1.5566929133858267
 20
1.6305669291338583
 30
0
 11
1.5566929133858267
 21
1.5911968503937008
 31
0
  0
LINE
  5
CF1
330
1A
100
AcDbEntity
  8
BLACK
  6
CONTINUOUS
100
AcDbLine
 10
1.7929133858267716
 20
1.5911968503937008
 30
0
 11
1.6433070866141732
 21
1.5911968503937008
 31
0
  0
LINE
  5
CF2
330
1A
100
AcDbEntity
  8
BLACK
  6
CONTINUOUS
100
AcDbLine
 10
1.6433070866141732
 20
1.5911968503937008
 30
0
 11
1.6433070866141732
 21
1.6305669291338583
 31
0
  0
LINE
  5
CF3
330
1A
100
AcDbEntity
  8
BLACK
  6
CONTINUOUS
100
AcDbLine
 10
1.6433070866141732
 20
1.6305669291338583
 30
0
 11
1.7929133858267716
 21
1.6305669291338583
 31
0
  0
LINE
  5
CF4
330
1A
100
AcDbEntity
  8
BLACK
  6
CONTINUOUS
100
AcDbLine
 10
1.7929133858267716
 20
1.6305669291338583
 30
0
 11
1.7929133858267716
 21
1.5911968503937008
 31
0
  0
LINE
  5
CF5
330
1A
100
AcDbEntity
  8
BLACK
  6
CONTINUOUS
100
AcDbLine
 10
2.0291338582677163
 20
1.5911968503937008
 30
0
 11
1.8795275590551181
 21
1.5911968503937008
 31
0
  0
LINE
  5
CF6
330
1A
100
AcDbEntity
  8
BLACK
  6
CONTINUOUS
100
AcDbLine
 10
1.8795275590551181
 20
1.5911968503937008
 30
0
 11
1.8795275590551181
 21
1.6305669291338583
 31
0
  0
LINE
  5
CF7
330
1A
100
AcDbEntity
  8
BLACK
  6
CONTINUOUS
100
AcDbLine
 10
1.8795275590551181
 20
1.6305669291338583
 30
0
 11
2.0291338582677163
 21
1.6305669291338583
 31
0
  0
LINE
  5
CF8
330
1A
100
AcDbEntity
  8
BLACK
  6
CONTINUOUS
100
AcDbLine
 10
2.0291338582677163
 20
1.6305669291338583
 30
0
 11
2.0291338582677163
 21
1.5911968503937008
 31
0
  0
LINE
  5
CF9
330
1A
100
AcDbEntity
  8
BLACK
  6
CONTINUOUS
100
AcDbLine
 10
2.2653543307086612
 20
1.5911968503937008
 30
0
 11
2.1157480314960631
 21
1.5911968503937008
 31
0
  0
LINE
  5
CFA
330
1A
100
AcDbEntity
  8
BLACK
  6
CONTINUOUS
100
AcDbLine
 10
2.1157480314960631
 20
1.5911968503937008
 30
0
 11
2.1157480314960631
 21
1.6305669291338583
 31
0
  0
LINE
  5
CFB
330
1A
100
AcDbEntity
  8
BLACK
  6
CONTINUOUS
100
AcDbLine
 10
2.1157480314960631
 20
1.6305669291338583
 30
0
 11
2.2653543307086612
 21
1.6305669291338583
 31
0
  0
LINE
  5
CFC
330
1A
100
AcDbEntity
  8
BLACK
  6
CONTINUOUS
100
AcDbLine
 10
2.2653543307086612
 20
1.6305669291338583
 30
0
 11
2.2653543307086612
 21
1.5911968503937008
 31
0
  0
LINE
  5
CFD
330
1A
100
AcDbEntity
  8
BLACK
  6
CONTINUOUS
100
AcDbLine
 10
2.6111760236220474
 20
1.7358098425196851
 30
0
 11
2.6143691732283463
 21
1.7336762598425197
 31
0
  0
LINE
  5
CFE
330
1A
100
AcDbEntity
  8
BLACK
  6
CONTINUOUS
100
AcDbLine
 10
2.6143691732283463
 20
1.7336762598425197
 30
0
 11
2.6165027559055116
 21
1.7304831102362204
 31
0
  0
LINE
  5
CFF
330
1A
100
AcDbEntity
  8
BLACK
  6
CONTINUOUS
100
AcDbLine
 10
2.6165027559055116
 20
1.7304831102362204
 30
0
 11
2.617251968503937
 21
1.7267165354330709
 31
0
  0
LINE
  5
D00
330
1A
100
AcDbEntity
  8
BLACK
  6
CONTINUOUS
100
AcDbLine
 10
2.617251968503937
 20
1.7267165354330709
 30
0
 11
2.617251968503937
 21
1.691283464566929
 31
0
  0
LINE
  5
D01
330
1A
100
AcDbEntity
  8
BLACK
  6
CONTINUOUS
100
AcDbLine
 10
2.617251968503937
 20
1.691283464566929
 30
0
 11
2.6165027559055116
 21
1.6875168897637796
 31
0
  0
LINE
  5
D02
330
1A
100
AcDbEntity
  8
BLACK
  6
CONTINUOUS
100
AcDbLine
 10
2.6165027559055116
 20
1.6875168897637796
 30
0
 11
2.6143691732283463
 21
1.6843237401574802
 31
0
  0
LINE
  5
D03
330
1A
100
AcDbEntity
  8
BLACK
  6
CONTINUOUS
100
AcDbLine
 10
2.6143691732283463
 20
1.6843237401574802
 30
0
 11
2.6111760236220474
 21
1.6821901574803149
 31
0
  0
LINE
  5
D04
330
1A
100
AcDbEntity
  8
BLACK
  6
CONTINUOUS
100
AcDbLine
 10
2.6111760236220474
 20
1.6821901574803149
 30
0
 11
2.6074094488188977
 21
1.6814409448818897
 31
0
  0
LINE
  5
D05
330
1A
100
AcDbEntity
  8
BLACK
  6
CONTINUOUS
100
AcDbLine
 10
2.6074094488188977
 20
1.6814409448818897
 30
0
 11
2.5867401574803148
 21
1.6814409448818897
 31
0
  0
LINE
  5
D06
330
1A
100
AcDbEntity
  8
BLACK
  6
CONTINUOUS
100
AcDbLine
 10
2.5867401574803148
 20
1.6814409448818897
 30
0
 11
2.5829735826771651
 21
1.6821901574803149
 31
0
  0
LINE
  5
D07
330
1A
100
AcDbEntity
  8
BLACK
  6
CONTINUOUS
100
AcDbLine
 10
2.5829735826771651
 20
1.6821901574803149
 30
0
 11
2.5797804330708662
 21
1.6843237401574802
 31
0
  0
LINE
  5
D08
330
1A
100
AcDbEntity
  8
BLACK
  6
CONTINUOUS
100
AcDbLine
 10
2.5797804330708662
 20
1.6843237401574802
 30
0
 11
2.5776468503937009
 21
1.6875168897637796
 31
0
  0
LINE
  5
D09
330
1A
100
AcDbEntity
  8
BLACK
  6
CONTINUOUS
100
AcDbLine
 10
2.5776468503937009
 20
1.6875168897637796
 30
0
 11
2.5768976377952755
 21
1.691283464566929
 31
0
  0
LINE
  5
D0A
330
1A
100
AcDbEntity
  8
BLACK
  6
CONTINUOUS
100
AcDbLine
 10
2.5768976377952755
 20
1.691283464566929
 30
0
 11
2.5768976377952755
 21
1.7267165354330709
 31
0
  0
LINE
  5
D0B
330
1A
100
AcDbEntity
  8
BLACK
  6
CONTINUOUS
100
AcDbLine
 10
2.5768976377952755
 20
1.7267165354330709
 30
0
 11
2.5776468503937009
 21
1.7304831102362204
 31
0
  0
LINE
  5
D0C
330
1A
100
AcDbEntity
  8
BLACK
  6
CONTINUOUS
100
AcDbLine
 10
2.5776468503937009
 20
1.7304831102362204
 30
0
 11
2.5797804330708662
 21
1.7336762598425197
 31
0
  0
LINE
  5
D0D
330
1A
100
AcDbEntity
  8
BLACK
  6
CONTINUOUS
100
AcDbLine
 10
2.5797804330708662
 20
1.7336762598425197
 30
0
 11
2.5829735826771651
 21
1.7358098425196851
 31
0
  0
LINE
  5
D0E
330
1A
100
AcDbEntity
  8
BLACK
  6
CONTINUOUS
100
AcDbLine
 10
2.5829735826771651
 20
1.7358098425196851
 30
0
 11
2.5867401574803148
 21
1.7365590551181103
 31
0
  0
LINE
  5
D0F
330
1A
100
AcDbEntity
  8
BLACK
  6
CONTINUOUS
100
AcDbLine
 10
2.5867401574803148
 20
1.7365590551181103
 30
0
 11
2.6074094488188977
 21
1.7365590551181103
 31
0
  0
LINE
  5
D10
330
1A
100
AcDbEntity
  8
BLACK
  6
CONTINUOUS
100
AcDbLine
 10
2.6074094488188977
 20
1.7365590551181103
 30
0
 11
2.6111760236220474
 21
1.7358098425196851
 31
0
  0
LINE
  5
D11
330
1A
100
AcDbEntity
  8
BLACK
  6
CONTINUOUS
100
AcDbLine
 10
2.6830264173228344
 20
1.7358098425196851
 30
0
 11
2.6862195669291338
 21
1.7336762598425197
 31
0
  0
LINE
  5
D12
330
1A
100
AcDbEntity
  8
BLACK
  6
CONTINUOUS
100
AcDbLine
 10
2.6862195669291338
 20
1.7336762598425197
 30
0
 11
2.6883531496062991
 21
1.7304831102362204
 31
0
  0
LINE
  5
D13
330
1A
100
AcDbEntity
  8
BLACK
  6
CONTINUOUS
100
AcDbLine
 10
2.6883531496062991
 20
1.7304831102362204
 30
0
 11
2.6891023622047245
 21
1.7267165354330709
 31
0
  0
LINE
  5
D14
330
1A
100
AcDbEntity
  8
BLACK
  6
CONTINUOUS
100
AcDbLine
 10
2.6891023622047245
 20
1.7267165354330709
 30
0
 11
2.6891023622047245
 21
1.691283464566929
 31
0
  0
LINE
  5
D15
330
1A
100
AcDbEntity
  8
BLACK
  6
CONTINUOUS
100
AcDbLine
 10
2.6891023622047245
 20
1.691283464566929
 30
0
 11
2.6883531496062991
 21
1.6875168897637796
 31
0
  0
LINE
  5
D16
330
1A
100
AcDbEntity
  8
BLACK
  6
CONTINUOUS
100
AcDbLine
 10
2.6883531496062991
 20
1.6875168897637796
 30
0
 11
2.6862195669291338
 21
1.6843237401574802
 31
0
  0
LINE
  5
D17
330
1A
100
AcDbEntity
  8
BLACK
  6
CONTINUOUS
100
AcDbLine
 10
2.6862195669291338
 20
1.6843237401574802
 30
0
 11
2.6830264173228344
 21
1.6821901574803149
 31
0
  0
LINE
  5
D18
330
1A
100
AcDbEntity
  8
BLACK
  6
CONTINUOUS
100
AcDbLine
 10
2.6830264173228344
 20
1.6821901574803149
 30
0
 11
2.6792598425196852
 21
1.6814409448818897
 31
0
  0
LINE
  5
D19
330
1A
100
AcDbEntity
  8
BLACK
  6
CONTINUOUS
100
AcDbLine
 10
2.6792598425196852
 20
1.6814409448818897
 30
0
 11
2.6585905511811023
 21
1.6814409448818897
 31
0
  0
LINE
  5
D1A
330
1A
100
AcDbEntity
  8
BLACK
  6
CONTINUOUS
100
AcDbLine
 10
2.6585905511811023
 20
1.6814409448818897
 30
0
 11
2.6548239763779526
 21
1.6821901574803149
 31
0
  0
LINE
  5
D1B
330
1A
100
AcDbEntity
  8
BLACK
  6
CONTINUOUS
100
AcDbLine
 10
2.6548239763779526
 20
1.6821901574803149
 30
0
 11
2.6516308267716533
 21
1.6843237401574802
 31
0
  0
LINE
  5
D1C
330
1A
100
AcDbEntity
  8
BLACK
  6
CONTINUOUS
100
AcDbLine
 10
2.6516308267716533
 20
1.6843237401574802
 30
0
 11
2.6494972440944879
 21
1.6875168897637796
 31
0
  0
LINE
  5
D1D
330
1A
100
AcDbEntity
  8
BLACK
  6
CONTINUOUS
100
AcDbLine
 10
2.6494972440944879
 20
1.6875168897637796
 30
0
 11
2.648748031496063
 21
1.691283464566929
 31
0
  0
LINE
  5
D1E
330
1A
100
AcDbEntity
  8
BLACK
  6
CONTINUOUS
100
AcDbLine
 10
2.648748031496063
 20
1.691283464566929
 30
0
 11
2.648748031496063
 21
1.7267165354330709
 31
0
  0
LINE
  5
D1F
330
1A
100
AcDbEntity
  8
BLACK
  6
CONTINUOUS
100
AcDbLine
 10
2.648748031496063
 20
1.7267165354330709
 30
0
 11
2.6494972440944879
 21
1.7304831102362204
 31
0
  0
LINE
  5
D20
330
1A
100
AcDbEntity
  8
BLACK
  6
CONTINUOUS
100
AcDbLine
 10
2.6494972440944879
 20
1.7304831102362204
 30
0
 11
2.6516308267716533
 21
1.7336762598425197
 31
0
  0
LINE
  5
D21
330
1A
100
AcDbEntity
  8
BLACK
  6
CONTINUOUS
100
AcDbLine
 10
2.6516308267716533
 20
1.7336762598425197
 30
0
 11
2.6548239763779526
 21
1.7358098425196851
 31
0
  0
LINE
  5
D22
330
1A
100
AcDbEntity
  8
BLACK
  6
CONTINUOUS
100
AcDbLine
 10
2.6548239763779526
 20
1.7358098425196851
 30
0
 11
2.6585905511811023
 21
1.7365590551181103
 31
0
  0
LINE
  5
D23
330
1A
100
AcDbEntity
  8
BLACK
  6
CONTINUOUS
100
AcDbLine
 10
2.6585905511811023
 20
1.7365590551181103
 30
0
 11
2.6792598425196852
 21
1.7365590551181103
 31
0
  0
LINE
  5
D24
330
1A
100
AcDbEntity
  8
BLACK
  6
CONTINUOUS
100
AcDbLine
 10
2.6792598425196852
 20
1.7365590551181103
 30
0
 11
2.6830264173228344
 21
1.7358098425196851
 31
0
  0
LINE
  5
D25
330
1A
100
AcDbEntity
  8
BLACK
  6
CONTINUOUS
100
AcDbLine
 10
1.4187244094488189
 20
1.7805669291338582
 30
0
 11
1.3872283464566928
 21
1.7805669291338582
 31
0
  0
LINE
  5
D26
330
1A
100
AcDbEntity
  8
BLACK
  6
CONTINUOUS
100
AcDbLine
 10
1.3872283464566928
 20
1.7805669291338582
 30
0
 11
1.3872283464566928
 21
1.7923779527559054
 31
0
  0
LINE
  5
D27
330
1A
100
AcDbEntity
  8
BLACK
  6
CONTINUOUS
100
AcDbLine
 10
1.3872283464566928
 20
1.7923779527559054
 30
0
 11
1.4187244094488189
 21
1.7923779527559054
 31
0
  0
LINE
  5
D28
330
1A
100
AcDbEntity
  8
BLACK
  6
CONTINUOUS
100
AcDbLine
 10
1.4187244094488189
 20
1.7923779527559054
 30
0
 11
1.4187244094488189
 21
1.7805669291338582
 31
0
  0
LINE
  5
D29
330
1A
100
AcDbEntity
  8
BLACK
  6
CONTINUOUS
100
AcDbLine
 10
1.5407716535433071
 20
1.7805669291338582
 30
0
 11
1.509275590551181
 21
1.7805669291338582
 31
0
  0
LINE
  5
D2A
330
1A
100
AcDbEntity
  8
BLACK
  6
CONTINUOUS
100
AcDbLine
 10
1.509275590551181
 20
1.7805669291338582
 30
0
 11
1.509275590551181
 21
1.7923779527559054
 31
0
  0
LINE
  5
D2B
330
1A
100
AcDbEntity
  8
BLACK
  6
CONTINUOUS
100
AcDbLine
 10
1.509275590551181
 20
1.7923779527559054
 30
0
 11
1.5407716535433071
 21
1.7923779527559054
 31
0
  0
LINE
  5
D2C
330
1A
100
AcDbEntity
  8
BLACK
  6
CONTINUOUS
100
AcDbLine
 10
1.5407716535433071
 20
1.7923779527559054
 30
0
 11
1.5407716535433071
 21
1.7805669291338582
 31
0
  0
LINE
  5
D2D
330
1A
100
AcDbEntity
  8
BLACK
  6
CONTINUOUS
100
AcDbLine
 10
2.3294831102362203
 20
1.8385027559055118
 30
0
 11
2.3326762598425197
 21
1.8363691732283465
 31
0
  0
LINE
  5
D2E
330
1A
100
AcDbEntity
  8
BLACK
  6
CONTINUOUS
100
AcDbLine
 10
2.3326762598425197
 20
1.8363691732283465
 30
0
 11
2.334809842519685
 21
1.8331760236220471
 31
0
  0
LINE
  5
D2F
330
1A
100
AcDbEntity
  8
BLACK
  6
CONTINUOUS
100
AcDbLine
 10
2.334809842519685
 20
1.8331760236220471
 30
0
 11
2.33555905511811
 21
1.8294094488188977
 31
0
  0
LINE
  5
D30
330
1A
100
AcDbEntity
  8
BLACK
  6
CONTINUOUS
100
AcDbLine
 10
2.33555905511811
 20
1.8294094488188977
 30
0
 11
2.33555905511811
 21
1.808740157480315
 31
0
  0
LINE
  5
D31
330
1A
100
AcDbEntity
  8
BLACK
  6
CONTINUOUS
100
AcDbLine
 10
2.33555905511811
 20
1.808740157480315
 30
0
 11
2.334809842519685
 21
1.8049735826771653
 31
0
  0
LINE
  5
D32
330
1A
100
AcDbEntity
  8
BLACK
  6
CONTINUOUS
100
AcDbLine
 10
2.334809842519685
 20
1.8049735826771653
 30
0
 11
2.3326762598425197
 21
1.801780433070866
 31
0
  0
LINE
  5
D33
330
1A
100
AcDbEntity
  8
BLACK
  6
CONTINUOUS
100
AcDbLine
 10
2.3326762598425197
 20
1.801780433070866
 30
0
 11
2.3294831102362203
 21
1.7996468503937006
 31
0
  0
LINE
  5
D34
330
1A
100
AcDbEntity
  8
BLACK
  6
CONTINUOUS
100
AcDbLine
 10
2.3294831102362203
 20
1.7996468503937006
 30
0
 11
2.3257165354330707
 21
1.7988976377952755
 31
0
  0
LINE
  5
D35
330
1A
100
AcDbEntity
  8
BLACK
  6
CONTINUOUS
100
AcDbLine
 10
2.3257165354330707
 20
1.7988976377952755
 30
0
 11
2.290283464566929
 21
1.7988976377952755
 31
0
  0
LINE
  5
D36
330
1A
100
AcDbEntity
  8
BLACK
  6
CONTINUOUS
100
AcDbLine
 10
2.290283464566929
 20
1.7988976377952755
 30
0
 11
2.2865168897637793
 21
1.7996468503937006
 31
0
  0
LINE
  5
D37
330
1A
100
AcDbEntity
  8
BLACK
  6
CONTINUOUS
100
AcDbLine
 10
2.2865168897637793
 20
1.7996468503937006
 30
0
 11
2.2833237401574804
 21
1.801780433070866
 31
0
  0
LINE
  5
D38
330
1A
100
AcDbEntity
  8
BLACK
  6
CONTINUOUS
100
AcDbLine
 10
2.2833237401574804
 20
1.801780433070866
 30
0
 11
2.2811901574803151
 21
1.8049735826771653
 31
0
  0
LINE
  5
D39
330
1A
100
AcDbEntity
  8
BLACK
  6
CONTINUOUS
100
AcDbLine
 10
2.2811901574803151
 20
1.8049735826771653
 30
0
 11
2.2804409448818896
 21
1.808740157480315
 31
0
  0
LINE
  5
D3A
330
1A
100
AcDbEntity
  8
BLACK
  6
CONTINUOUS
100
AcDbLine
 10
2.2804409448818896
 20
1.808740157480315
 30
0
 11
2.2804409448818896
 21
1.8294094488188977
 31
0
  0
LINE
  5
D3B
330
1A
100
AcDbEntity
  8
BLACK
  6
CONTINUOUS
100
AcDbLine
 10
2.2804409448818896
 20
1.8294094488188977
 30
0
 11
2.2811901574803151
 21
1.8331760236220471
 31
0
  0
LINE
  5
D3C
330
1A
100
AcDbEntity
  8
BLACK
  6
CONTINUOUS
100
AcDbLine
 10
2.2811901574803151
 20
1.8331760236220471
 30
0
 11
2.2833237401574804
 21
1.8363691732283465
 31
0
  0
LINE
  5
D3D
330
1A
100
AcDbEntity
  8
BLACK
  6
CONTINUOUS
100
AcDbLine
 10
2.2833237401574804
 20
1.8363691732283465
 30
0
 11
2.2865168897637793
 21
1.8385027559055118
 31
0
  0
LINE
  5
D3E
330
1A
100
AcDbEntity
  8
BLACK
  6
CONTINUOUS
100
AcDbLine
 10
2.2865168897637793
 20
1.8385027559055118
 30
0
 11
2.290283464566929
 21
1.839251968503937
 31
0
  0
LINE
  5
D3F
330
1A
100
AcDbEntity
  8
BLACK
  6
CONTINUOUS
100
AcDbLine
 10
2.290283464566929
 20
1.839251968503937
 30
0
 11
2.3257165354330707
 21
1.839251968503937
 31
0
  0
LINE
  5
D40
330
1A
100
AcDbEntity
  8
BLACK
  6
CONTINUOUS
100
AcDbLine
 10
2.3257165354330707
 20
1.839251968503937
 30
0
 11
2.3294831102362203
 21
1.8385027559055118
 31
0
  0
LINE
  5
D41
330
1A
100
AcDbEntity
  8
BLACK
  6
CONTINUOUS
100
AcDbLine
 10
1.4187244094488189
 20
1.8002519685039369
 30
0
 11
1.3872283464566928
 21
1.8002519685039369
 31
0
  0
LINE
  5
D42
330
1A
100
AcDbEntity
  8
BLACK
  6
CONTINUOUS
100
AcDbLine
 10
1.3872283464566928
 20
1.8002519685039369
 30
0
 11
1.3872283464566928
 21
1.8120629921259843
 31
0
  0
LINE
  5
D43
330
1A
100
AcDbEntity
  8
BLACK
  6
CONTINUOUS
100
AcDbLine
 10
1.3872283464566928
 20
1.8120629921259843
 30
0
 11
1.4187244094488189
 21
1.8120629921259843
 31
0
  0
LINE
  5
D44
330
1A
100
AcDbEntity
  8
BLACK
  6
CONTINUOUS
100
AcDbLine
 10
1.4187244094488189
 20
1.8120629921259843
 30
0
 11
1.4187244094488189
 21
1.8002519685039369
 31
0
  0
LINE
  5
D45
330
1A
100
AcDbEntity
  8
BLACK
  6
CONTINUOUS
100
AcDbLine
 10
1.5407716535433071
 20
1.8002519685039369
 30
0
 11
1.509275590551181
 21
1.8002519685039369
 31
0
  0
LINE
  5
D46
330
1A
100
AcDbEntity
  8
BLACK
  6
CONTINUOUS
100
AcDbLine
 10
1.509275590551181
 20
1.8002519685039369
 30
0
 11
1.509275590551181
 21
1.8120629921259843
 31
0
  0
LINE
  5
D47
330
1A
100
AcDbEntity
  8
BLACK
  6
CONTINUOUS
100
AcDbLine
 10
1.509275590551181
 20
1.8120629921259843
 30
0
 11
1.5407716535433071
 21
1.8120629921259843
 31
0
  0
LINE
  5
D48
330
1A
100
AcDbEntity
  8
BLACK
  6
CONTINUOUS
100
AcDbLine
 10
1.5407716535433071
 20
1.8120629921259843
 30
0
 11
1.5407716535433071
 21
1.8002519685039369
 31
0
  0
LINE
  5
D49
330
1A
100
AcDbEntity
  8
BLACK
  6
CONTINUOUS
100
AcDbLine
 10
1.4187244094488189
 20
1.8199370078740158
 30
0
 11
1.3872283464566928
 21
1.8199370078740158
 31
0
  0
LINE
  5
D4A
330
1A
100
AcDbEntity
  8
BLACK
  6
CONTINUOUS
100
AcDbLine
 10
1.3872283464566928
 20
1.8199370078740158
 30
0
 11
1.3872283464566928
 21
1.831748031496063
 31
0
  0
LINE
  5
D4B
330
1A
100
AcDbEntity
  8
BLACK
  6
CONTINUOUS
100
AcDbLine
 10
1.3872283464566928
 20
1.831748031496063
 30
0
 11
1.4187244094488189
 21
1.831748031496063
 31
0
  0
LINE
  5
D4C
330
1A
100
AcDbEntity
  8
BLACK
  6
CONTINUOUS
100
AcDbLine
 10
1.4187244094488189
 20
1.831748031496063
 30
0
 11
1.4187244094488189
 21
1.8199370078740158
 31
0
  0
LINE
  5
D4D
330
1A
100
AcDbEntity
  8
BLACK
  6
CONTINUOUS
100
AcDbLine
 10
1.5407716535433071
 20
1.8199370078740158
 30
0
 11
1.509275590551181
 21
1.8199370078740158
 31
0
  0
LINE
  5
D4E
330
1A
100
AcDbEntity
  8
BLACK
  6
CONTINUOUS
100
AcDbLine
 10
1.509275590551181
 20
1.8199370078740158
 30
0
 11
1.509275590551181
 21
1.831748031496063
 31
0
  0
LINE
  5
D4F
330
1A
100
AcDbEntity
  8
BLACK
  6
CONTINUOUS
100
AcDbLine
 10
1.509275590551181
 20
1.831748031496063
 30
0
 11
1.5407716535433071
 21
1.831748031496063
 31
0
  0
LINE
  5
D50
330
1A
100
AcDbEntity
  8
BLACK
  6
CONTINUOUS
100
AcDbLine
 10
1.5407716535433071
 20
1.831748031496063
 30
0
 11
1.5407716535433071
 21
1.8199370078740158
 31
0
  0
LINE
  5
D51
330
1A
100
AcDbEntity
  8
BLACK
  6
CONTINUOUS
100
AcDbLine
 10
1.6167508267716535
 20
1.8796523622047243
 30
0
 11
1.6199439763779526
 21
1.877518779527559
 31
0
  0
LINE
  5
D52
330
1A
100
AcDbEntity
  8
BLACK
  6
CONTINUOUS
100
AcDbLine
 10
1.6199439763779526
 20
1.877518779527559
 30
0
 11
1.622077559055118
 21
1.8743256299212598
 31
0
  0
LINE
  5
D53
330
1A
100
AcDbEntity
  8
BLACK
  6
CONTINUOUS
100
AcDbLine
 10
1.622077559055118
 20
1.8743256299212598
 30
0
 11
1.6228267716535432
 21
1.8705590551181102
 31
0
  0
LINE
  5
D54
330
1A
100
AcDbEntity
  8
BLACK
  6
CONTINUOUS
100
AcDbLine
 10
1.6228267716535432
 20
1.8705590551181102
 30
0
 11
1.6228267716535432
 21
1.8331574803149606
 31
0
  0
LINE
  5
D55
330
1A
100
AcDbEntity
  8
BLACK
  6
CONTINUOUS
100
AcDbLine
 10
1.6228267716535432
 20
1.8331574803149606
 30
0
 11
1.622077559055118
 21
1.8293909055118109
 31
0
  0
LINE
  5
D56
330
1A
100
AcDbEntity
  8
BLACK
  6
CONTINUOUS
100
AcDbLine
 10
1.622077559055118
 20
1.8293909055118109
 30
0
 11
1.6199439763779526
 21
1.8261977559055118
 31
0
  0
LINE
  5
D57
330
1A
100
AcDbEntity
  8
BLACK
  6
CONTINUOUS
100
AcDbLine
 10
1.6199439763779526
 20
1.8261977559055118
 30
0
 11
1.6167508267716535
 21
1.8240641732283465
 31
0
  0
LINE
  5
D58
330
1A
100
AcDbEntity
  8
BLACK
  6
CONTINUOUS
100
AcDbLine
 10
1.6167508267716535
 20
1.8240641732283465
 30
0
 11
1.6129842519685038
 21
1.8233149606299213
 31
0
  0
LINE
  5
D59
330
1A
100
AcDbEntity
  8
BLACK
  6
CONTINUOUS
100
AcDbLine
 10
1.6129842519685038
 20
1.8233149606299213
 30
0
 11
1.5932992125984251
 21
1.8233149606299213
 31
0
  0
LINE
  5
D5A
330
1A
100
AcDbEntity
  8
BLACK
  6
CONTINUOUS
100
AcDbLine
 10
1.5932992125984251
 20
1.8233149606299213
 30
0
 11
1.5895326377952756
 21
1.8240641732283465
 31
0
  0
LINE
  5
D5B
330
1A
100
AcDbEntity
  8
BLACK
  6
CONTINUOUS
100
AcDbLine
 10
1.5895326377952756
 20
1.8240641732283465
 30
0
 11
1.5863394881889763
 21
1.8261977559055118
 31
0
  0
LINE
  5
D5C
330
1A
100
AcDbEntity
  8
BLACK
  6
CONTINUOUS
100
AcDbLine
 10
1.5863394881889763
 20
1.8261977559055118
 30
0
 11
1.584205905511811
 21
1.8293909055118109
 31
0
  0
LINE
  5
D5D
330
1A
100
AcDbEntity
  8
BLACK
  6
CONTINUOUS
100
AcDbLine
 10
1.584205905511811
 20
1.8293909055118109
 30
0
 11
1.5834566929133858
 21
1.8331574803149606
 31
0
  0
LINE
  5
D5E
330
1A
100
AcDbEntity
  8
BLACK
  6
CONTINUOUS
100
AcDbLine
 10
1.5834566929133858
 20
1.8331574803149606
 30
0
 11
1.5834566929133858
 21
1.8705590551181102
 31
0
  0
LINE
  5
D5F
330
1A
100
AcDbEntity
  8
BLACK
  6
CONTINUOUS
100
AcDbLine
 10
1.5834566929133858
 20
1.8705590551181102
 30
0
 11
1.584205905511811
 21
1.8743256299212598
 31
0
  0
LINE
  5
D60
330
1A
100
AcDbEntity
  8
BLACK
  6
CONTINUOUS
100
AcDbLine
 10
1.584205905511811
 20
1.8743256299212598
 30
0
 11
1.5863394881889763
 21
1.877518779527559
 31
0
  0
LINE
  5
D61
330
1A
100
AcDbEntity
  8
BLACK
  6
CONTINUOUS
100
AcDbLine
 10
1.5863394881889763
 20
1.877518779527559
 30
0
 11
1.5895326377952756
 21
1.8796523622047243
 31
0
  0
LINE
  5
D62
330
1A
100
AcDbEntity
  8
BLACK
  6
CONTINUOUS
100
AcDbLine
 10
1.5895326377952756
 20
1.8796523622047243
 30
0
 11
1.5932992125984251
 21
1.8804015748031495
 31
0
  0
LINE
  5
D63
330
1A
100
AcDbEntity
  8
BLACK
  6
CONTINUOUS
100
AcDbLine
 10
1.5932992125984251
 20
1.8804015748031495
 30
0
 11
1.6129842519685038
 21
1.8804015748031495
 31
0
  0
LINE
  5
D64
330
1A
100
AcDbEntity
  8
BLACK
  6
CONTINUOUS
100
AcDbLine
 10
1.6129842519685038
 20
1.8804015748031495
 30
0
 11
1.6167508267716535
 21
1.8796523622047243
 31
0
  0
LINE
  5
D65
330
1A
100
AcDbEntity
  8
BLACK
  6
CONTINUOUS
100
AcDbLine
 10
1.6915539763779528
 20
1.8796523622047243
 30
0
 11
1.6947471259842519
 21
1.877518779527559
 31
0
  0
LINE
  5
D66
330
1A
100
AcDbEntity
  8
BLACK
  6
CONTINUOUS
100
AcDbLine
 10
1.6947471259842519
 20
1.877518779527559
 30
0
 11
1.6968807086614173
 21
1.8743256299212598
 31
0
  0
LINE
  5
D67
330
1A
100
AcDbEntity
  8
BLACK
  6
CONTINUOUS
100
AcDbLine
 10
1.6968807086614173
 20
1.8743256299212598
 30
0
 11
1.6976299212598425
 21
1.8705590551181102
 31
0
  0
LINE
  5
D68
330
1A
100
AcDbEntity
  8
BLACK
  6
CONTINUOUS
100
AcDbLine
 10
1.6976299212598425
 20
1.8705590551181102
 30
0
 11
1.6976299212598425
 21
1.8331574803149606
 31
0
  0
LINE
  5
D69
330
1A
100
AcDbEntity
  8
BLACK
  6
CONTINUOUS
100
AcDbLine
 10
1.6976299212598425
 20
1.8331574803149606
 30
0
 11
1.6968807086614173
 21
1.8293909055118109
 31
0
  0
LINE
  5
D6A
330
1A
100
AcDbEntity
  8
BLACK
  6
CONTINUOUS
100
AcDbLine
 10
1.6968807086614173
 20
1.8293909055118109
 30
0
 11
1.6947471259842519
 21
1.8261977559055118
 31
0
  0
LINE
  5
D6B
330
1A
100
AcDbEntity
  8
BLACK
  6
CONTINUOUS
100
AcDbLine
 10
1.6947471259842519
 20
1.8261977559055118
 30
0
 11
1.6915539763779528
 21
1.8240641732283465
 31
0
  0
LINE
  5
D6C
330
1A
100
AcDbEntity
  8
BLACK
  6
CONTINUOUS
100
AcDbLine
 10
1.6915539763779528
 20
1.8240641732283465
 30
0
 11
1.6877874015748031
 21
1.8233149606299213
 31
0
  0
LINE
  5
D6D
330
1A
100
AcDbEntity
  8
BLACK
  6
CONTINUOUS
100
AcDbLine
 10
1.6877874015748031
 20
1.8233149606299213
 30
0
 11
1.6681023622047244
 21
1.8233149606299213
 31
0
  0
LINE
  5
D6E
330
1A
100
AcDbEntity
  8
BLACK
  6
CONTINUOUS
100
AcDbLine
 10
1.6681023622047244
 20
1.8233149606299213
 30
0
 11
1.6643357874015747
 21
1.8240641732283465
 31
0
  0
LINE
  5
D6F
330
1A
100
AcDbEntity
  8
BLACK
  6
CONTINUOUS
100
AcDbLine
 10
1.6643357874015747
 20
1.8240641732283465
 30
0
 11
1.6611426377952756
 21
1.8261977559055118
 31
0
  0
LINE
  5
D70
330
1A
100
AcDbEntity
  8
BLACK
  6
CONTINUOUS
100
AcDbLine
 10
1.6611426377952756
 20
1.8261977559055118
 30
0
 11
1.6590090551181103
 21
1.8293909055118109
 31
0
  0
LINE
  5
D71
330
1A
100
AcDbEntity
  8
BLACK
  6
CONTINUOUS
100
AcDbLine
 10
1.6590090551181103
 20
1.8293909055118109
 30
0
 11
1.6582598425196851
 21
1.8331574803149606
 31
0
  0
LINE
  5
D72
330
1A
100
AcDbEntity
  8
BLACK
  6
CONTINUOUS
100
AcDbLine
 10
1.6582598425196851
 20
1.8331574803149606
 30
0
 11
1.6582598425196851
 21
1.8705590551181102
 31
0
  0
LINE
  5
D73
330
1A
100
AcDbEntity
  8
BLACK
  6
CONTINUOUS
100
AcDbLine
 10
1.6582598425196851
 20
1.8705590551181102
 30
0
 11
1.6590090551181103
 21
1.8743256299212598
 31
0
  0
LINE
  5
D74
330
1A
100
AcDbEntity
  8
BLACK
  6
CONTINUOUS
100
AcDbLine
 10
1.6590090551181103
 20
1.8743256299212598
 30
0
 11
1.6611426377952756
 21
1.877518779527559
 31
0
  0
LINE
  5
D75
330
1A
100
AcDbEntity
  8
BLACK
  6
CONTINUOUS
100
AcDbLine
 10
1.6611426377952756
 20
1.877518779527559
 30
0
 11
1.6643357874015747
 21
1.8796523622047243
 31
0
  0
LINE
  5
D76
330
1A
100
AcDbEntity
  8
BLACK
  6
CONTINUOUS
100
AcDbLine
 10
1.6643357874015747
 20
1.8796523622047243
 30
0
 11
1.6681023622047244
 21
1.8804015748031495
 31
0
  0
LINE
  5
D77
330
1A
100
AcDbEntity
  8
BLACK
  6
CONTINUOUS
100
AcDbLine
 10
1.6681023622047244
 20
1.8804015748031495
 30
0
 11
1.6877874015748031
 21
1.8804015748031495
 31
0
  0
LINE
  5
D78
330
1A
100
AcDbEntity
  8
BLACK
  6
CONTINUOUS
100
AcDbLine
 10
1.6877874015748031
 20
1.8804015748031495
 30
0
 11
1.6915539763779528
 21
1.8796523622047243
 31
0
  0
LINE
  5
D79
330
1A
100
AcDbEntity
  8
BLACK
  6
CONTINUOUS
100
AcDbLine
 10
1.3374673622047244
 20
1.8635342519685039
 30
0
 11
1.3406605118110235
 21
1.8614006692913385
 31
0
  0
LINE
  5
D7A
330
1A
100
AcDbEntity
  8
BLACK
  6
CONTINUOUS
100
AcDbLine
 10
1.3406605118110235
 20
1.8614006692913385
 30
0
 11
1.3427940944881889
 21
1.8582075196850394
 31
0
  0
LINE
  5
D7B
330
1A
100
AcDbEntity
  8
BLACK
  6
CONTINUOUS
100
AcDbLine
 10
1.3427940944881889
 20
1.8582075196850394
 30
0
 11
1.3435433070866141
 21
1.8544409448818897
 31
0
  0
LINE
  5
D7C
330
1A
100
AcDbEntity
  8
BLACK
  6
CONTINUOUS
100
AcDbLine
 10
1.3435433070866141
 20
1.8544409448818897
 30
0
 11
1.3435433070866141
 21
1.834755905511811
 31
0
  0
LINE
  5
D7D
330
1A
100
AcDbEntity
  8
BLACK
  6
CONTINUOUS
100
AcDbLine
 10
1.3435433070866141
 20
1.834755905511811
 30
0
 11
1.3427940944881889
 21
1.8309893307086613
 31
0
  0
LINE
  5
D7E
330
1A
100
AcDbEntity
  8
BLACK
  6
CONTINUOUS
100
AcDbLine
 10
1.3427940944881889
 20
1.8309893307086613
 30
0
 11
1.3406605118110235
 21
1.8277961811023622
 31
0
  0
LINE
  5
D7F
330
1A
100
AcDbEntity
  8
BLACK
  6
CONTINUOUS
100
AcDbLine
 10
1.3406605118110235
 20
1.8277961811023622
 30
0
 11
1.3374673622047244
 21
1.8256625984251968
 31
0
  0
LINE
  5
D80
330
1A
100
AcDbEntity
  8
BLACK
  6
CONTINUOUS
100
AcDbLine
 10
1.3374673622047244
 20
1.8256625984251968
 30
0
 11
1.3337007874015747
 21
1.8249133858267717
 31
0
  0
LINE
  5
D81
330
1A
100
AcDbEntity
  8
BLACK
  6
CONTINUOUS
100
AcDbLine
 10
1.3337007874015747
 20
1.8249133858267717
 30
0
 11
1.2962992125984252
 21
1.8249133858267717
 31
0
  0
LINE
  5
D82
330
1A
100
AcDbEntity
  8
BLACK
  6
CONTINUOUS
100
AcDbLine
 10
1.2962992125984252
 20
1.8249133858267717
 30
0
 11
1.2925326377952755
 21
1.8256625984251968
 31
0
  0
LINE
  5
D83
330
1A
100
AcDbEntity
  8
BLACK
  6
CONTINUOUS
100
AcDbLine
 10
1.2925326377952755
 20
1.8256625984251968
 30
0
 11
1.2893394881889764
 21
1.8277961811023622
 31
0
  0
LINE
  5
D84
330
1A
100
AcDbEntity
  8
BLACK
  6
CONTINUOUS
100
AcDbLine
 10
1.2893394881889764
 20
1.8277961811023622
 30
0
 11
1.287205905511811
 21
1.8309893307086613
 31
0
  0
LINE
  5
D85
330
1A
100
AcDbEntity
  8
BLACK
  6
CONTINUOUS
100
AcDbLine
 10
1.287205905511811
 20
1.8309893307086613
 30
0
 11
1.2864566929133858
 21
1.834755905511811
 31
0
  0
LINE
  5
D86
330
1A
100
AcDbEntity
  8
BLACK
  6
CONTINUOUS
100
AcDbLine
 10
1.2864566929133858
 20
1.834755905511811
 30
0
 11
1.2864566929133858
 21
1.8544409448818897
 31
0
  0
LINE
  5
D87
330
1A
100
AcDbEntity
  8
BLACK
  6
CONTINUOUS
100
AcDbLine
 10
1.2864566929133858
 20
1.8544409448818897
 30
0
 11
1.287205905511811
 21
1.8582075196850394
 31
0
  0
LINE
  5
D88
330
1A
100
AcDbEntity
  8
BLACK
  6
CONTINUOUS
100
AcDbLine
 10
1.287205905511811
 20
1.8582075196850394
 30
0
 11
1.2893394881889764
 21
1.8614006692913385
 31
0
  0
LINE
  5
D89
330
1A
100
AcDbEntity
  8
BLACK
  6
CONTINUOUS
100
AcDbLine
 10
1.2893394881889764
 20
1.8614006692913385
 30
0
 11
1.2925326377952755
 21
1.8635342519685039
 31
0
  0
LINE
  5
D8A
330
1A
100
AcDbEntity
  8
BLACK
  6
CONTINUOUS
100
AcDbLine
 10
1.2925326377952755
 20
1.8635342519685039
 30
0
 11
1.2962992125984252
 21
1.8642834645669291
 31
0
  0
LINE
  5
D8B
330
1A
100
AcDbEntity
  8
BLACK
  6
CONTINUOUS
100
AcDbLine
 10
1.2962992125984252
 20
1.8642834645669291
 30
0
 11
1.3337007874015747
 21
1.8642834645669291
 31
0
  0
LINE
  5
D8C
330
1A
100
AcDbEntity
  8
BLACK
  6
CONTINUOUS
100
AcDbLine
 10
1.3337007874015747
 20
1.8642834645669291
 30
0
 11
1.3374673622047244
 21
1.8635342519685039
 31
0
  0
LINE
  5
D8D
330
1A
100
AcDbEntity
  8
BLACK
  6
CONTINUOUS
100
AcDbLine
 10
1.4187244094488189
 20
1.8396220472440945
 30
0
 11
1.3872283464566928
 21
1.8396220472440945
 31
0
  0
LINE
  5
D8E
330
1A
100
AcDbEntity
  8
BLACK
  6
CONTINUOUS
100
AcDbLine
 10
1.3872283464566928
 20
1.8396220472440945
 30
0
 11
1.3872283464566928
 21
1.8514330708661417
 31
0
  0
LINE
  5
D8F
330
1A
100
AcDbEntity
  8
BLACK
  6
CONTINUOUS
100
AcDbLine
 10
1.3872283464566928
 20
1.8514330708661417
 30
0
 11
1.4187244094488189
 21
1.8514330708661417
 31
0
  0
LINE
  5
D90
330
1A
100
AcDbEntity
  8
BLACK
  6
CONTINUOUS
100
AcDbLine
 10
1.4187244094488189
 20
1.8514330708661417
 30
0
 11
1.4187244094488189
 21
1.8396220472440945
 31
0
  0
LINE
  5
D91
330
1A
100
AcDbEntity
  8
BLACK
  6
CONTINUOUS
100
AcDbLine
 10
1.5407716535433071
 20
1.8396220472440945
 30
0
 11
1.509275590551181
 21
1.8396220472440945
 31
0
  0
LINE
  5
D92
330
1A
100
AcDbEntity
  8
BLACK
  6
CONTINUOUS
100
AcDbLine
 10
1.509275590551181
 20
1.8396220472440945
 30
0
 11
1.509275590551181
 21
1.8514330708661417
 31
0
  0
LINE
  5
D93
330
1A
100
AcDbEntity
  8
BLACK
  6
CONTINUOUS
100
AcDbLine
 10
1.509275590551181
 20
1.8514330708661417
 30
0
 11
1.5407716535433071
 21
1.8514330708661417
 31
0
  0
LINE
  5
D94
330
1A
100
AcDbEntity
  8
BLACK
  6
CONTINUOUS
100
AcDbLine
 10
1.5407716535433071
 20
1.8514330708661417
 30
0
 11
1.5407716535433071
 21
1.8396220472440945
 31
0
  0
LINE
  5
D95
330
1A
100
AcDbEntity
  8
BLACK
  6
CONTINUOUS
100
AcDbLine
 10
0.6500106692913385
 20
1.9063925196850393
 30
0
 11
0.6532038188976378
 21
1.904258937007874
 31
0
  0
LINE
  5
D96
330
1A
100
AcDbEntity
  8
BLACK
  6
CONTINUOUS
100
AcDbLine
 10
0.6532038188976378
 20
1.904258937007874
 30
0
 11
0.6553374015748031
 21
1.9010657874015748
 31
0
  0
LINE
  5
D97
330
1A
100
AcDbEntity
  8
BLACK
  6
CONTINUOUS
100
AcDbLine
 10
0.6553374015748031
 20
1.9010657874015748
 30
0
 11
0.6560866141732283
 21
1.8972992125984252
 31
0
  0
LINE
  5
D98
330
1A
100
AcDbEntity
  8
BLACK
  6
CONTINUOUS
100
AcDbLine
 10
0.6560866141732283
 20
1.8972992125984252
 30
0
 11
0.6560866141732283
 21
1.8776141732283465
 31
0
  0
LINE
  5
D99
330
1A
100
AcDbEntity
  8
BLACK
  6
CONTINUOUS
100
AcDbLine
 10
0.6560866141732283
 20
1.8776141732283465
 30
0
 11
0.6553374015748031
 21
1.8738475984251968
 31
0
  0
LINE
  5
D9A
330
1A
100
AcDbEntity
  8
BLACK
  6
CONTINUOUS
100
AcDbLine
 10
0.6553374015748031
 20
1.8738475984251968
 30
0
 11
0.6532038188976378
 21
1.8706544488188976
 31
0
  0
LINE
  5
D9B
330
1A
100
AcDbEntity
  8
BLACK
  6
CONTINUOUS
100
AcDbLine
 10
0.6532038188976378
 20
1.8706544488188976
 30
0
 11
0.6500106692913385
 21
1.8685208661417323
 31
0
  0
LINE
  5
D9C
330
1A
100
AcDbEntity
  8
BLACK
  6
CONTINUOUS
100
AcDbLine
 10
0.6500106692913385
 20
1.8685208661417323
 30
0
 11
0.646244094488189
 21
1.8677716535433071
 31
0
  0
LINE
  5
D9D
330
1A
100
AcDbEntity
  8
BLACK
  6
CONTINUOUS
100
AcDbLine
 10
0.646244094488189
 20
1.8677716535433071
 30
0
 11
0.6088425196850393
 21
1.8677716535433071
 31
0
  0
LINE
  5
D9E
330
1A
100
AcDbEntity
  8
BLACK
  6
CONTINUOUS
100
AcDbLine
 10
0.6088425196850393
 20
1.8677716535433071
 30
0
 11
0.6050759448818898
 21
1.8685208661417323
 31
0
  0
LINE
  5
D9F
330
1A
100
AcDbEntity
  8
BLACK
  6
CONTINUOUS
100
AcDbLine
 10
0.6050759448818898
 20
1.8685208661417323
 30
0
 11
0.6018827952755905
 21
1.8706544488188976
 31
0
  0
LINE
  5
DA0
330
1A
100
AcDbEntity
  8
BLACK
  6
CONTINUOUS
100
AcDbLine
 10
0.6018827952755905
 20
1.8706544488188976
 30
0
 11
0.5997492125984252
 21
1.8738475984251968
 31
0
  0
LINE
  5
DA1
330
1A
100
AcDbEntity
  8
BLACK
  6
CONTINUOUS
100
AcDbLine
 10
0.5997492125984252
 20
1.8738475984251968
 30
0
 11
0.599
 21
1.8776141732283465
 31
0
  0
LINE
  5
DA2
330
1A
100
AcDbEntity
  8
BLACK
  6
CONTINUOUS
100
AcDbLine
 10
0.599
 20
1.8776141732283465
 30
0
 11
0.599
 21
1.8972992125984252
 31
0
  0
LINE
  5
DA3
330
1A
100
AcDbEntity
  8
BLACK
  6
CONTINUOUS
100
AcDbLine
 10
0.599
 20
1.8972992125984252
 30
0
 11
0.5997492125984252
 21
1.9010657874015748
 31
0
  0
LINE
  5
DA4
330
1A
100
AcDbEntity
  8
BLACK
  6
CONTINUOUS
100
AcDbLine
 10
0.5997492125984252
 20
1.9010657874015748
 30
0
 11
0.6018827952755905
 21
1.904258937007874
 31
0
  0
LINE
  5
DA5
330
1A
100
AcDbEntity
  8
BLACK
  6
CONTINUOUS
100
AcDbLine
 10
0.6018827952755905
 20
1.904258937007874
 30
0
 11
0.6050759448818898
 21
1.9063925196850393
 31
0
  0
LINE
  5
DA6
330
1A
100
AcDbEntity
  8
BLACK
  6
CONTINUOUS
100
AcDbLine
 10
0.6050759448818898
 20
1.9063925196850393
 30
0
 11
0.6088425196850393
 21
1.9071417322834645
 31
0
  0
LINE
  5
DA7
330
1A
100
AcDbEntity
  8
BLACK
  6
CONTINUOUS
100
AcDbLine
 10
0.6088425196850393
 20
1.9071417322834645
 30
0
 11
0.646244094488189
 21
1.9071417322834645
 31
0
  0
LINE
  5
DA8
330
1A
100
AcDbEntity
  8
BLACK
  6
CONTINUOUS
100
AcDbLine
 10
0.646244094488189
 20
1.9071417322834645
 30
0
 11
0.6500106692913385
 21
1.9063925196850393
 31
0
  0
LINE
  5
DA9
330
1A
100
AcDbEntity
  8
BLACK
  6
CONTINUOUS
100
AcDbLine
 10
1.0757508267716536
 20
1.9256523622047244
 30
0
 11
1.0789439763779527
 21
1.923518779527559
 31
0
  0
LINE
  5
DAA
330
1A
100
AcDbEntity
  8
BLACK
  6
CONTINUOUS
100
AcDbLine
 10
1.0789439763779527
 20
1.923518779527559
 30
0
 11
1.081077559055118
 21
1.9203256299212599
 31
0
  0
LINE
  5
DAB
330
1A
100
AcDbEntity
  8
BLACK
  6
CONTINUOUS
100
AcDbLine
 10
1.081077559055118
 20
1.9203256299212599
 30
0
 11
1.0818267716535432
 21
1.9165590551181102
 31
0
  0
LINE
  5
DAC
330
1A
100
AcDbEntity
  8
BLACK
  6
CONTINUOUS
100
AcDbLine
 10
1.0818267716535432
 20
1.9165590551181102
 30
0
 11
1.0818267716535432
 21
1.8791574803149607
 31
0
  0
LINE
  5
DAD
330
1A
100
AcDbEntity
  8
BLACK
  6
CONTINUOUS
100
AcDbLine
 10
1.0818267716535432
 20
1.8791574803149607
 30
0
 11
1.081077559055118
 21
1.875390905511811
 31
0
  0
LINE
  5
DAE
330
1A
100
AcDbEntity
  8
BLACK
  6
CONTINUOUS
100
AcDbLine
 10
1.081077559055118
 20
1.875390905511811
 30
0
 11
1.0789439763779527
 21
1.8721977559055119
 31
0
  0
LINE
  5
DAF
330
1A
100
AcDbEntity
  8
BLACK
  6
CONTINUOUS
100
AcDbLine
 10
1.0789439763779527
 20
1.8721977559055119
 30
0
 11
1.0757508267716536
 21
1.8700641732283465
 31
0
  0
LINE
  5
DB0
330
1A
100
AcDbEntity
  8
BLACK
  6
CONTINUOUS
100
AcDbLine
 10
1.0757508267716536
 20
1.8700641732283465
 30
0
 11
1.0719842519685039
 21
1.8693149606299213
 31
0
  0
LINE
  5
DB1
330
1A
100
AcDbEntity
  8
BLACK
  6
CONTINUOUS
100
AcDbLine
 10
1.0719842519685039
 20
1.8693149606299213
 30
0
 11
1.0522992125984252
 21
1.8693149606299213
 31
0
  0
LINE
  5
DB2
330
1A
100
AcDbEntity
  8
BLACK
  6
CONTINUOUS
100
AcDbLine
 10
1.0522992125984252
 20
1.8693149606299213
 30
0
 11
1.0485326377952755
 21
1.8700641732283465
 31
0
  0
LINE
  5
DB3
330
1A
100
AcDbEntity
  8
BLACK
  6
CONTINUOUS
100
AcDbLine
 10
1.0485326377952755
 20
1.8700641732283465
 30
0
 11
1.0453394881889764
 21
1.8721977559055119
 31
0
  0
LINE
  5
DB4
330
1A
100
AcDbEntity
  8
BLACK
  6
CONTINUOUS
100
AcDbLine
 10
1.0453394881889764
 20
1.8721977559055119
 30
0
 11
1.043205905511811
 21
1.875390905511811
 31
0
  0
LINE
  5
DB5
330
1A
100
AcDbEntity
  8
BLACK
  6
CONTINUOUS
100
AcDbLine
 10
1.043205905511811
 20
1.875390905511811
 30
0
 11
1.0424566929133858
 21
1.8791574803149607
 31
0
  0
LINE
  5
DB6
330
1A
100
AcDbEntity
  8
BLACK
  6
CONTINUOUS
100
AcDbLine
 10
1.0424566929133858
 20
1.8791574803149607
 30
0
 11
1.0424566929133858
 21
1.9165590551181102
 31
0
  0
LINE
  5
DB7
330
1A
100
AcDbEntity
  8
BLACK
  6
CONTINUOUS
100
AcDbLine
 10
1.0424566929133858
 20
1.9165590551181102
 30
0
 11
1.043205905511811
 21
1.9203256299212599
 31
0
  0
LINE
  5
DB8
330
1A
100
AcDbEntity
  8
BLACK
  6
CONTINUOUS
100
AcDbLine
 10
1.043205905511811
 20
1.9203256299212599
 30
0
 11
1.0453394881889764
 21
1.923518779527559
 31
0
  0
LINE
  5
DB9
330
1A
100
AcDbEntity
  8
BLACK
  6
CONTINUOUS
100
AcDbLine
 10
1.0453394881889764
 20
1.923518779527559
 30
0
 11
1.0485326377952755
 21
1.9256523622047244
 31
0
  0
LINE
  5
DBA
330
1A
100
AcDbEntity
  8
BLACK
  6
CONTINUOUS
100
AcDbLine
 10
1.0485326377952755
 20
1.9256523622047244
 30
0
 11
1.0522992125984252
 21
1.9264015748031496
 31
0
  0
LINE
  5
DBB
330
1A
100
AcDbEntity
  8
BLACK
  6
CONTINUOUS
100
AcDbLine
 10
1.0522992125984252
 20
1.9264015748031496
 30
0
 11
1.0719842519685039
 21
1.9264015748031496
 31
0
  0
LINE
  5
DBC
330
1A
100
AcDbEntity
  8
BLACK
  6
CONTINUOUS
100
AcDbLine
 10
1.0719842519685039
 20
1.9264015748031496
 30
0
 11
1.0757508267716536
 21
1.9256523622047244
 31
0
  0
LINE
  5
DBD
330
1A
100
AcDbEntity
  8
BLACK
  6
CONTINUOUS
100
AcDbLine
 10
1.1505539763779526
 20
1.9256523622047244
 30
0
 11
1.153747125984252
 21
1.923518779527559
 31
0
  0
LINE
  5
DBE
330
1A
100
AcDbEntity
  8
BLACK
  6
CONTINUOUS
100
AcDbLine
 10
1.153747125984252
 20
1.923518779527559
 30
0
 11
1.1558807086614173
 21
1.9203256299212599
 31
0
  0
LINE
  5
DBF
330
1A
100
AcDbEntity
  8
BLACK
  6
CONTINUOUS
100
AcDbLine
 10
1.1558807086614173
 20
1.9203256299212599
 30
0
 11
1.1566299212598425
 21
1.9165590551181102
 31
0
  0
LINE
  5
DC0
330
1A
100
AcDbEntity
  8
BLACK
  6
CONTINUOUS
100
AcDbLine
 10
1.1566299212598425
 20
1.9165590551181102
 30
0
 11
1.1566299212598425
 21
1.8791574803149607
 31
0
  0
LINE
  5
DC1
330
1A
100
AcDbEntity
  8
BLACK
  6
CONTINUOUS
100
AcDbLine
 10
1.1566299212598425
 20
1.8791574803149607
 30
0
 11
1.1558807086614173
 21
1.875390905511811
 31
0
  0
LINE
  5
DC2
330
1A
100
AcDbEntity
  8
BLACK
  6
CONTINUOUS
100
AcDbLine
 10
1.1558807086614173
 20
1.875390905511811
 30
0
 11
1.153747125984252
 21
1.8721977559055119
 31
0
  0
LINE
  5
DC3
330
1A
100
AcDbEntity
  8
BLACK
  6
CONTINUOUS
100
AcDbLine
 10
1.153747125984252
 20
1.8721977559055119
 30
0
 11
1.1505539763779526
 21
1.8700641732283465
 31
0
  0
LINE
  5
DC4
330
1A
100
AcDbEntity
  8
BLACK
  6
CONTINUOUS
100
AcDbLine
 10
1.1505539763779526
 20
1.8700641732283465
 30
0
 11
1.1467874015748032
 21
1.8693149606299213
 31
0
  0
LINE
  5
DC5
330
1A
100
AcDbEntity
  8
BLACK
  6
CONTINUOUS
100
AcDbLine
 10
1.1467874015748032
 20
1.8693149606299213
 30
0
 11
1.1271023622047245
 21
1.8693149606299213
 31
0
  0
LINE
  5
DC6
330
1A
100
AcDbEntity
  8
BLACK
  6
CONTINUOUS
100
AcDbLine
 10
1.1271023622047245
 20
1.8693149606299213
 30
0
 11
1.1233357874015748
 21
1.8700641732283465
 31
0
  0
LINE
  5
DC7
330
1A
100
AcDbEntity
  8
BLACK
  6
CONTINUOUS
100
AcDbLine
 10
1.1233357874015748
 20
1.8700641732283465
 30
0
 11
1.1201426377952757
 21
1.8721977559055119
 31
0
  0
LINE
  5
DC8
330
1A
100
AcDbEntity
  8
BLACK
  6
CONTINUOUS
100
AcDbLine
 10
1.1201426377952757
 20
1.8721977559055119
 30
0
 11
1.1180090551181101
 21
1.875390905511811
 31
0
  0
LINE
  5
DC9
330
1A
100
AcDbEntity
  8
BLACK
  6
CONTINUOUS
100
AcDbLine
 10
1.1180090551181101
 20
1.875390905511811
 30
0
 11
1.1172598425196849
 21
1.8791574803149607
 31
0
  0
LINE
  5
DCA
330
1A
100
AcDbEntity
  8
BLACK
  6
CONTINUOUS
100
AcDbLine
 10
1.1172598425196849
 20
1.8791574803149607
 30
0
 11
1.1172598425196849
 21
1.9165590551181102
 31
0
  0
LINE
  5
DCB
330
1A
100
AcDbEntity
  8
BLACK
  6
CONTINUOUS
100
AcDbLine
 10
1.1172598425196849
 20
1.9165590551181102
 30
0
 11
1.1180090551181101
 21
1.9203256299212599
 31
0
  0
LINE
  5
DCC
330
1A
100
AcDbEntity
  8
BLACK
  6
CONTINUOUS
100
AcDbLine
 10
1.1180090551181101
 20
1.9203256299212599
 30
0
 11
1.1201426377952757
 21
1.923518779527559
 31
0
  0
LINE
  5
DCD
330
1A
100
AcDbEntity
  8
BLACK
  6
CONTINUOUS
100
AcDbLine
 10
1.1201426377952757
 20
1.923518779527559
 30
0
 11
1.1233357874015748
 21
1.9256523622047244
 31
0
  0
LINE
  5
DCE
330
1A
100
AcDbEntity
  8
BLACK
  6
CONTINUOUS
100
AcDbLine
 10
1.1233357874015748
 20
1.9256523622047244
 30
0
 11
1.1271023622047245
 21
1.9264015748031496
 31
0
  0
LINE
  5
DCF
330
1A
100
AcDbEntity
  8
BLACK
  6
CONTINUOUS
100
AcDbLine
 10
1.1271023622047245
 20
1.9264015748031496
 30
0
 11
1.1467874015748032
 21
1.9264015748031496
 31
0
  0
LINE
  5
DD0
330
1A
100
AcDbEntity
  8
BLACK
  6
CONTINUOUS
100
AcDbLine
 10
1.1467874015748032
 20
1.9264015748031496
 30
0
 11
1.1505539763779526
 21
1.9256523622047244
 31
0
  0
LINE
  5
DD1
330
1A
100
AcDbEntity
  8
BLACK
  6
CONTINUOUS
100
AcDbLine
 10
0.9362075196850393
 20
1.9257940944881888
 30
0
 11
0.9394006692913386
 21
1.9236605118110235
 31
0
  0
LINE
  5
DD2
330
1A
100
AcDbEntity
  8
BLACK
  6
CONTINUOUS
100
AcDbLine
 10
0.9394006692913386
 20
1.9236605118110235
 30
0
 11
0.9415342519685039
 21
1.9204673622047244
 31
0
  0
LINE
  5
DD3
330
1A
100
AcDbEntity
  8
BLACK
  6
CONTINUOUS
100
AcDbLine
 10
0.9415342519685039
 20
1.9204673622047244
 30
0
 11
0.9422834645669291
 21
1.9167007874015747
 31
0
  0
LINE
  5
DD4
330
1A
100
AcDbEntity
  8
BLACK
  6
CONTINUOUS
100
AcDbLine
 10
0.9422834645669291
 20
1.9167007874015747
 30
0
 11
0.9422834645669291
 21
1.8792992125984251
 31
0
  0
LINE
  5
DD5
330
1A
100
AcDbEntity
  8
BLACK
  6
CONTINUOUS
100
AcDbLine
 10
0.9422834645669291
 20
1.8792992125984251
 30
0
 11
0.9415342519685039
 21
1.8755326377952755
 31
0
  0
LINE
  5
DD6
330
1A
100
AcDbEntity
  8
BLACK
  6
CONTINUOUS
100
AcDbLine
 10
0.9415342519685039
 20
1.8755326377952755
 30
0
 11
0.9394006692913386
 21
1.8723394881889763
 31
0
  0
LINE
  5
DD7
330
1A
100
AcDbEntity
  8
BLACK
  6
CONTINUOUS
100
AcDbLine
 10
0.9394006692913386
 20
1.8723394881889763
 30
0
 11
0.9362075196850393
 21
1.870205905511811
 31
0
  0
LINE
  5
DD8
330
1A
100
AcDbEntity
  8
BLACK
  6
CONTINUOUS
100
AcDbLine
 10
0.9362075196850393
 20
1.870205905511811
 30
0
 11
0.9324409448818898
 21
1.8694566929133858
 31
0
  0
LINE
  5
DD9
330
1A
100
AcDbEntity
  8
BLACK
  6
CONTINUOUS
100
AcDbLine
 10
0.9324409448818898
 20
1.8694566929133858
 30
0
 11
0.912755905511811
 21
1.8694566929133858
 31
0
  0
LINE
  5
DDA
330
1A
100
AcDbEntity
  8
BLACK
  6
CONTINUOUS
100
AcDbLine
 10
0.912755905511811
 20
1.8694566929133858
 30
0
 11
0.9089893307086614
 21
1.870205905511811
 31
0
  0
LINE
  5
DDB
330
1A
100
AcDbEntity
  8
BLACK
  6
CONTINUOUS
100
AcDbLine
 10
0.9089893307086614
 20
1.870205905511811
 30
0
 11
0.9057961811023622
 21
1.8723394881889763
 31
0
  0
LINE
  5
DDC
330
1A
100
AcDbEntity
  8
BLACK
  6
CONTINUOUS
100
AcDbLine
 10
0.9057961811023622
 20
1.8723394881889763
 30
0
 11
0.9036625984251968
 21
1.8755326377952755
 31
0
  0
LINE
  5
DDD
330
1A
100
AcDbEntity
  8
BLACK
  6
CONTINUOUS
100
AcDbLine
 10
0.9036625984251968
 20
1.8755326377952755
 30
0
 11
0.9029133858267716
 21
1.8792992125984251
 31
0
  0
LINE
  5
DDE
330
1A
100
AcDbEntity
  8
BLACK
  6
CONTINUOUS
100
AcDbLine
 10
0.9029133858267716
 20
1.8792992125984251
 30
0
 11
0.9029133858267716
 21
1.9167007874015747
 31
0
  0
LINE
  5
DDF
330
1A
100
AcDbEntity
  8
BLACK
  6
CONTINUOUS
100
AcDbLine
 10
0.9029133858267716
 20
1.9167007874015747
 30
0
 11
0.9036625984251968
 21
1.9204673622047244
 31
0
  0
LINE
  5
DE0
330
1A
100
AcDbEntity
  8
BLACK
  6
CONTINUOUS
100
AcDbLine
 10
0.9036625984251968
 20
1.9204673622047244
 30
0
 11
0.9057961811023622
 21
1.9236605118110235
 31
0
  0
LINE
  5
DE1
330
1A
100
AcDbEntity
  8
BLACK
  6
CONTINUOUS
100
AcDbLine
 10
0.9057961811023622
 20
1.9236605118110235
 30
0
 11
0.9089893307086614
 21
1.9257940944881888
 31
0
  0
LINE
  5
DE2
330
1A
100
AcDbEntity
  8
BLACK
  6
CONTINUOUS
100
AcDbLine
 10
0.9089893307086614
 20
1.9257940944881888
 30
0
 11
0.912755905511811
 21
1.926543307086614
 31
0
  0
LINE
  5
DE3
330
1A
100
AcDbEntity
  8
BLACK
  6
CONTINUOUS
100
AcDbLine
 10
0.912755905511811
 20
1.926543307086614
 30
0
 11
0.9324409448818898
 21
1.926543307086614
 31
0
  0
LINE
  5
DE4
330
1A
100
AcDbEntity
  8
BLACK
  6
CONTINUOUS
100
AcDbLine
 10
0.9324409448818898
 20
1.926543307086614
 30
0
 11
0.9362075196850393
 21
1.9257940944881888
 31
0
  0
LINE
  5
DE5
330
1A
100
AcDbEntity
  8
BLACK
  6
CONTINUOUS
100
AcDbLine
 10
1.0110106692913385
 20
1.9257940944881888
 30
0
 11
1.0142038188976377
 21
1.9236605118110235
 31
0
  0
LINE
  5
DE6
330
1A
100
AcDbEntity
  8
BLACK
  6
CONTINUOUS
100
AcDbLine
 10
1.0142038188976377
 20
1.9236605118110235
 30
0
 11
1.0163374015748032
 21
1.9204673622047244
 31
0
  0
LINE
  5
DE7
330
1A
100
AcDbEntity
  8
BLACK
  6
CONTINUOUS
100
AcDbLine
 10
1.0163374015748032
 20
1.9204673622047244
 30
0
 11
1.0170866141732284
 21
1.9167007874015747
 31
0
  0
LINE
  5
DE8
330
1A
100
AcDbEntity
  8
BLACK
  6
CONTINUOUS
100
AcDbLine
 10
1.0170866141732284
 20
1.9167007874015747
 30
0
 11
1.0170866141732284
 21
1.8792992125984251
 31
0
  0
LINE
  5
DE9
330
1A
100
AcDbEntity
  8
BLACK
  6
CONTINUOUS
100
AcDbLine
 10
1.0170866141732284
 20
1.8792992125984251
 30
0
 11
1.0163374015748032
 21
1.8755326377952755
 31
0
  0
LINE
  5
DEA
330
1A
100
AcDbEntity
  8
BLACK
  6
CONTINUOUS
100
AcDbLine
 10
1.0163374015748032
 20
1.8755326377952755
 30
0
 11
1.0142038188976377
 21
1.8723394881889763
 31
0
  0
LINE
  5
DEB
330
1A
100
AcDbEntity
  8
BLACK
  6
CONTINUOUS
100
AcDbLine
 10
1.0142038188976377
 20
1.8723394881889763
 30
0
 11
1.0110106692913385
 21
1.870205905511811
 31
0
  0
LINE
  5
DEC
330
1A
100
AcDbEntity
  8
BLACK
  6
CONTINUOUS
100
AcDbLine
 10
1.0110106692913385
 20
1.870205905511811
 30
0
 11
1.0072440944881889
 21
1.8694566929133858
 31
0
  0
LINE
  5
DED
330
1A
100
AcDbEntity
  8
BLACK
  6
CONTINUOUS
100
AcDbLine
 10
1.0072440944881889
 20
1.8694566929133858
 30
0
 11
0.9875590551181103
 21
1.8694566929133858
 31
0
  0
LINE
  5
DEE
330
1A
100
AcDbEntity
  8
BLACK
  6
CONTINUOUS
100
AcDbLine
 10
0.9875590551181103
 20
1.8694566929133858
 30
0
 11
0.9837924803149606
 21
1.870205905511811
 31
0
  0
LINE
  5
DEF
330
1A
100
AcDbEntity
  8
BLACK
  6
CONTINUOUS
100
AcDbLine
 10
0.9837924803149606
 20
1.870205905511811
 30
0
 11
0.9805993307086613
 21
1.8723394881889763
 31
0
  0
LINE
  5
DF0
330
1A
100
AcDbEntity
  8
BLACK
  6
CONTINUOUS
100
AcDbLine
 10
0.9805993307086613
 20
1.8723394881889763
 30
0
 11
0.978465748031496
 21
1.8755326377952755
 31
0
  0
LINE
  5
DF1
330
1A
100
AcDbEntity
  8
BLACK
  6
CONTINUOUS
100
AcDbLine
 10
0.978465748031496
 20
1.8755326377952755
 30
0
 11
0.9777165354330708
 21
1.8792992125984251
 31
0
  0
LINE
  5
DF2
330
1A
100
AcDbEntity
  8
BLACK
  6
CONTINUOUS
100
AcDbLine
 10
0.9777165354330708
 20
1.8792992125984251
 30
0
 11
0.9777165354330708
 21
1.9167007874015747
 31
0
  0
LINE
  5
DF3
330
1A
100
AcDbEntity
  8
BLACK
  6
CONTINUOUS
100
AcDbLine
 10
0.9777165354330708
 20
1.9167007874015747
 30
0
 11
0.978465748031496
 21
1.9204673622047244
 31
0
  0
LINE
  5
DF4
330
1A
100
AcDbEntity
  8
BLACK
  6
CONTINUOUS
100
AcDbLine
 10
0.978465748031496
 20
1.9204673622047244
 30
0
 11
0.9805993307086613
 21
1.9236605118110235
 31
0
  0
LINE
  5
DF5
330
1A
100
AcDbEntity
  8
BLACK
  6
CONTINUOUS
100
AcDbLine
 10
0.9805993307086613
 20
1.9236605118110235
 30
0
 11
0.9837924803149606
 21
1.9257940944881888
 31
0
  0
LINE
  5
DF6
330
1A
100
AcDbEntity
  8
BLACK
  6
CONTINUOUS
100
AcDbLine
 10
0.9837924803149606
 20
1.9257940944881888
 30
0
 11
0.9875590551181103
 21
1.926543307086614
 31
0
  0
LINE
  5
DF7
330
1A
100
AcDbEntity
  8
BLACK
  6
CONTINUOUS
100
AcDbLine
 10
0.9875590551181103
 20
1.926543307086614
 30
0
 11
1.0072440944881889
 21
1.926543307086614
 31
0
  0
LINE
  5
DF8
330
1A
100
AcDbEntity
  8
BLACK
  6
CONTINUOUS
100
AcDbLine
 10
1.0072440944881889
 20
1.926543307086614
 30
0
 11
1.0110106692913385
 21
1.9257940944881888
 31
0
  0
LINE
  5
DF9
330
1A
100
AcDbEntity
  8
BLACK
  6
CONTINUOUS
100
AcDbLine
 10
2.3294831102362203
 20
1.9103531496062991
 30
0
 11
2.3326762598425197
 21
1.9082195669291337
 31
0
  0
LINE
  5
DFA
330
1A
100
AcDbEntity
  8
BLACK
  6
CONTINUOUS
100
AcDbLine
 10
2.3326762598425197
 20
1.9082195669291337
 30
0
 11
2.334809842519685
 21
1.9050264173228346
 31
0
  0
LINE
  5
DFB
330
1A
100
AcDbEntity
  8
BLACK
  6
CONTINUOUS
100
AcDbLine
 10
2.334809842519685
 20
1.9050264173228346
 30
0
 11
2.33555905511811
 21
1.9012598425196849
 31
0
  0
LINE
  5
DFC
330
1A
100
AcDbEntity
  8
BLACK
  6
CONTINUOUS
100
AcDbLine
 10
2.33555905511811
 20
1.9012598425196849
 30
0
 11
2.33555905511811
 21
1.8805905511811023
 31
0
  0
LINE
  5
DFD
330
1A
100
AcDbEntity
  8
BLACK
  6
CONTINUOUS
100
AcDbLine
 10
2.33555905511811
 20
1.8805905511811023
 30
0
 11
2.334809842519685
 21
1.8768239763779526
 31
0
  0
LINE
  5
DFE
330
1A
100
AcDbEntity
  8
BLACK
  6
CONTINUOUS
100
AcDbLine
 10
2.334809842519685
 20
1.8768239763779526
 30
0
 11
2.3326762598425197
 21
1.8736308267716535
 31
0
  0
LINE
  5
DFF
330
1A
100
AcDbEntity
  8
BLACK
  6
CONTINUOUS
100
AcDbLine
 10
2.3326762598425197
 20
1.8736308267716535
 30
0
 11
2.3294831102362203
 21
1.8714972440944881
 31
0
  0
LINE
  5
E00
330
1A
100
AcDbEntity
  8
BLACK
  6
CONTINUOUS
100
AcDbLine
 10
2.3294831102362203
 20
1.8714972440944881
 30
0
 11
2.3257165354330707
 21
1.8707480314960629
 31
0
  0
LINE
  5
E01
330
1A
100
AcDbEntity
  8
BLACK
  6
CONTINUOUS
100
AcDbLine
 10
2.3257165354330707
 20
1.8707480314960629
 30
0
 11
2.290283464566929
 21
1.8707480314960629
 31
0
  0
LINE
  5
E02
330
1A
100
AcDbEntity
  8
BLACK
  6
CONTINUOUS
100
AcDbLine
 10
2.290283464566929
 20
1.8707480314960629
 30
0
 11
2.2865168897637793
 21
1.8714972440944881
 31
0
  0
LINE
  5
E03
330
1A
100
AcDbEntity
  8
BLACK
  6
CONTINUOUS
100
AcDbLine
 10
2.2865168897637793
 20
1.8714972440944881
 30
0
 11
2.2833237401574804
 21
1.8736308267716535
 31
0
  0
LINE
  5
E04
330
1A
100
AcDbEntity
  8
BLACK
  6
CONTINUOUS
100
AcDbLine
 10
2.2833237401574804
 20
1.8736308267716535
 30
0
 11
2.2811901574803151
 21
1.8768239763779526
 31
0
  0
LINE
  5
E05
330
1A
100
AcDbEntity
  8
BLACK
  6
CONTINUOUS
100
AcDbLine
 10
2.2811901574803151
 20
1.8768239763779526
 30
0
 11
2.2804409448818896
 21
1.8805905511811023
 31
0
  0
LINE
  5
E06
330
1A
100
AcDbEntity
  8
BLACK
  6
CONTINUOUS
100
AcDbLine
 10
2.2804409448818896
 20
1.8805905511811023
 30
0
 11
2.2804409448818896
 21
1.9012598425196849
 31
0
  0
LINE
  5
E07
330
1A
100
AcDbEntity
  8
BLACK
  6
CONTINUOUS
100
AcDbLine
 10
2.2804409448818896
 20
1.9012598425196849
 30
0
 11
2.2811901574803151
 21
1.9050264173228346
 31
0
  0
LINE
  5
E08
330
1A
100
AcDbEntity
  8
BLACK
  6
CONTINUOUS
100
AcDbLine
 10
2.2811901574803151
 20
1.9050264173228346
 30
0
 11
2.2833237401574804
 21
1.9082195669291337
 31
0
  0
LINE
  5
E09
330
1A
100
AcDbEntity
  8
BLACK
  6
CONTINUOUS
100
AcDbLine
 10
2.2833237401574804
 20
1.9082195669291337
 30
0
 11
2.2865168897637793
 21
1.9103531496062991
 31
0
  0
LINE
  5
E0A
330
1A
100
AcDbEntity
  8
BLACK
  6
CONTINUOUS
100
AcDbLine
 10
2.2865168897637793
 20
1.9103531496062991
 30
0
 11
2.290283464566929
 21
1.9111023622047243
 31
0
  0
LINE
  5
E0B
330
1A
100
AcDbEntity
  8
BLACK
  6
CONTINUOUS
100
AcDbLine
 10
2.290283464566929
 20
1.9111023622047243
 30
0
 11
2.3257165354330707
 21
1.9111023622047243
 31
0
  0
LINE
  5
E0C
330
1A
100
AcDbEntity
  8
BLACK
  6
CONTINUOUS
100
AcDbLine
 10
2.3257165354330707
 20
1.9111023622047243
 30
0
 11
2.3294831102362203
 21
1.9103531496062991
 31
0
  0
LINE
  5
E0D
330
1A
100
AcDbEntity
  8
BLACK
  6
CONTINUOUS
100
AcDbLine
 10
0.730196968503937
 20
1.8998181889763779
 30
0
 11
0.7321128346456692
 21
1.8985380314960629
 31
0
  0
LINE
  5
E0E
330
1A
100
AcDbEntity
  8
BLACK
  6
CONTINUOUS
100
AcDbLine
 10
0.7321128346456692
 20
1.8985380314960629
 30
0
 11
0.7333929921259842
 21
1.8966221653543307
 31
0
  0
LINE
  5
E0F
330
1A
100
AcDbEntity
  8
BLACK
  6
CONTINUOUS
100
AcDbLine
 10
0.7333929921259842
 20
1.8966221653543307
 30
0
 11
0.7338425196850393
 21
1.8943622047244093
 31
0
  0
LINE
  5
E10
330
1A
100
AcDbEntity
  8
BLACK
  6
CONTINUOUS
100
AcDbLine
 10
0.7338425196850393
 20
1.8943622047244093
 30
0
 11
0.7338425196850393
 21
1.8825511811023621
 31
0
  0
LINE
  5
E11
330
1A
100
AcDbEntity
  8
BLACK
  6
CONTINUOUS
100
AcDbLine
 10
0.7338425196850393
 20
1.8825511811023621
 30
0
 11
0.7333929921259842
 21
1.8802912204724409
 31
0
  0
LINE
  5
E12
330
1A
100
AcDbEntity
  8
BLACK
  6
CONTINUOUS
100
AcDbLine
 10
0.7333929921259842
 20
1.8802912204724409
 30
0
 11
0.7321128346456692
 21
1.8783753543307087
 31
0
  0
LINE
  5
E13
330
1A
100
AcDbEntity
  8
BLACK
  6
CONTINUOUS
100
AcDbLine
 10
0.7321128346456692
 20
1.8783753543307087
 30
0
 11
0.730196968503937
 21
1.8770951968503937
 31
0
  0
LINE
  5
E14
330
1A
100
AcDbEntity
  8
BLACK
  6
CONTINUOUS
100
AcDbLine
 10
0.730196968503937
 20
1.8770951968503937
 30
0
 11
0.7279370078740157
 21
1.8766456692913385
 31
0
  0
LINE
  5
E15
330
1A
100
AcDbEntity
  8
BLACK
  6
CONTINUOUS
100
AcDbLine
 10
0.7279370078740157
 20
1.8766456692913385
 30
0
 11
0.6875826771653543
 21
1.8766456692913385
 31
0
  0
LINE
  5
E16
330
1A
100
AcDbEntity
  8
BLACK
  6
CONTINUOUS
100
AcDbLine
 10
0.6875826771653543
 20
1.8766456692913385
 30
0
 11
0.6853227165354331
 21
1.8770951968503937
 31
0
  0
LINE
  5
E17
330
1A
100
AcDbEntity
  8
BLACK
  6
CONTINUOUS
100
AcDbLine
 10
0.6853227165354331
 20
1.8770951968503937
 30
0
 11
0.6834068503937007
 21
1.8783753543307087
 31
0
  0
LINE
  5
E18
330
1A
100
AcDbEntity
  8
BLACK
  6
CONTINUOUS
100
AcDbLine
 10
0.6834068503937007
 20
1.8783753543307087
 30
0
 11
0.6821266929133858
 21
1.8802912204724409
 31
0
  0
LINE
  5
E19
330
1A
100
AcDbEntity
  8
BLACK
  6
CONTINUOUS
100
AcDbLine
 10
0.6821266929133858
 20
1.8802912204724409
 30
0
 11
0.6816771653543306
 21
1.8825511811023621
 31
0
  0
LINE
  5
E1A
330
1A
100
AcDbEntity
  8
BLACK
  6
CONTINUOUS
100
AcDbLine
 10
0.6816771653543306
 20
1.8825511811023621
 30
0
 11
0.6816771653543306
 21
1.8943622047244093
 31
0
  0
LINE
  5
E1B
330
1A
100
AcDbEntity
  8
BLACK
  6
CONTINUOUS
100
AcDbLine
 10
0.6816771653543306
 20
1.8943622047244093
 30
0
 11
0.6821266929133858
 21
1.8966221653543307
 31
0
  0
LINE
  5
E1C
330
1A
100
AcDbEntity
  8
BLACK
  6
CONTINUOUS
100
AcDbLine
 10
0.6821266929133858
 20
1.8966221653543307
 30
0
 11
0.6834068503937007
 21
1.8985380314960629
 31
0
  0
LINE
  5
E1D
330
1A
100
AcDbEntity
  8
BLACK
  6
CONTINUOUS
100
AcDbLine
 10
0.6834068503937007
 20
1.8985380314960629
 30
0
 11
0.6853227165354331
 21
1.8998181889763779
 31
0
  0
LINE
  5
E1E
330
1A
100
AcDbEntity
  8
BLACK
  6
CONTINUOUS
100
AcDbLine
 10
0.6853227165354331
 20
1.8998181889763779
 30
0
 11
0.6875826771653543
 21
1.9002677165354331
 31
0
  0
LINE
  5
E1F
330
1A
100
AcDbEntity
  8
BLACK
  6
CONTINUOUS
100
AcDbLine
 10
0.6875826771653543
 20
1.9002677165354331
 30
0
 11
0.7279370078740157
 21
1.9002677165354331
 31
0
  0
LINE
  5
E20
330
1A
100
AcDbEntity
  8
BLACK
  6
CONTINUOUS
100
AcDbLine
 10
0.7279370078740157
 20
1.9002677165354331
 30
0
 11
0.730196968503937
 21
1.8998181889763779
 31
0
  0
LINE
  5
E21
330
1A
100
AcDbEntity
  8
BLACK
  6
CONTINUOUS
100
AcDbLine
 10
0.8197638976377952
 20
1.8998181889763779
 30
0
 11
0.8216797637795276
 21
1.8985380314960629
 31
0
  0
LINE
  5
E22
330
1A
100
AcDbEntity
  8
BLACK
  6
CONTINUOUS
100
AcDbLine
 10
0.8216797637795276
 20
1.8985380314960629
 30
0
 11
0.8229599212598425
 21
1.8966221653543307
 31
0
  0
LINE
  5
E23
330
1A
100
AcDbEntity
  8
BLACK
  6
CONTINUOUS
100
AcDbLine
 10
0.8229599212598425
 20
1.8966221653543307
 30
0
 11
0.8234094488188977
 21
1.8943622047244093
 31
0
  0
LINE
  5
E24
330
1A
100
AcDbEntity
  8
BLACK
  6
CONTINUOUS
100
AcDbLine
 10
0.8234094488188977
 20
1.8943622047244093
 30
0
 11
0.8234094488188977
 21
1.8825511811023621
 31
0
  0
LINE
  5
E25
330
1A
100
AcDbEntity
  8
BLACK
  6
CONTINUOUS
100
AcDbLine
 10
0.8234094488188977
 20
1.8825511811023621
 30
0
 11
0.8229599212598425
 21
1.8802912204724409
 31
0
  0
LINE
  5
E26
330
1A
100
AcDbEntity
  8
BLACK
  6
CONTINUOUS
100
AcDbLine
 10
0.8229599212598425
 20
1.8802912204724409
 30
0
 11
0.8216797637795276
 21
1.8783753543307087
 31
0
  0
LINE
  5
E27
330
1A
100
AcDbEntity
  8
BLACK
  6
CONTINUOUS
100
AcDbLine
 10
0.8216797637795276
 20
1.8783753543307087
 30
0
 11
0.8197638976377952
 21
1.8770951968503937
 31
0
  0
LINE
  5
E28
330
1A
100
AcDbEntity
  8
BLACK
  6
CONTINUOUS
100
AcDbLine
 10
0.8197638976377952
 20
1.8770951968503937
 30
0
 11
0.817503937007874
 21
1.8766456692913385
 31
0
  0
LINE
  5
E29
330
1A
100
AcDbEntity
  8
BLACK
  6
CONTINUOUS
100
AcDbLine
 10
0.817503937007874
 20
1.8766456692913385
 30
0
 11
0.7771496062992126
 21
1.8766456692913385
 31
0
  0
LINE
  5
E2A
330
1A
100
AcDbEntity
  8
BLACK
  6
CONTINUOUS
100
AcDbLine
 10
0.7771496062992126
 20
1.8766456692913385
 30
0
 11
0.7748896456692913
 21
1.8770951968503937
 31
0
  0
LINE
  5
E2B
330
1A
100
AcDbEntity
  8
BLACK
  6
CONTINUOUS
100
AcDbLine
 10
0.7748896456692913
 20
1.8770951968503937
 30
0
 11
0.7729737795275591
 21
1.8783753543307087
 31
0
  0
LINE
  5
E2C
330
1A
100
AcDbEntity
  8
BLACK
  6
CONTINUOUS
100
AcDbLine
 10
0.7729737795275591
 20
1.8783753543307087
 30
0
 11
0.7716936220472441
 21
1.8802912204724409
 31
0
  0
LINE
  5
E2D
330
1A
100
AcDbEntity
  8
BLACK
  6
CONTINUOUS
100
AcDbLine
 10
0.7716936220472441
 20
1.8802912204724409
 30
0
 11
0.771244094488189
 21
1.8825511811023621
 31
0
  0
LINE
  5
E2E
330
1A
100
AcDbEntity
  8
BLACK
  6
CONTINUOUS
100
AcDbLine
 10
0.771244094488189
 20
1.8825511811023621
 30
0
 11
0.771244094488189
 21
1.8943622047244093
 31
0
  0
LINE
  5
E2F
330
1A
100
AcDbEntity
  8
BLACK
  6
CONTINUOUS
100
AcDbLine
 10
0.771244094488189
 20
1.8943622047244093
 30
0
 11
0.7716936220472441
 21
1.8966221653543307
 31
0
  0
LINE
  5
E30
330
1A
100
AcDbEntity
  8
BLACK
  6
CONTINUOUS
100
AcDbLine
 10
0.7716936220472441
 20
1.8966221653543307
 30
0
 11
0.7729737795275591
 21
1.8985380314960629
 31
0
  0
LINE
  5
E31
330
1A
100
AcDbEntity
  8
BLACK
  6
CONTINUOUS
100
AcDbLine
 10
0.7729737795275591
 20
1.8985380314960629
 30
0
 11
0.7748896456692913
 21
1.8998181889763779
 31
0
  0
LINE
  5
E32
330
1A
100
AcDbEntity
  8
BLACK
  6
CONTINUOUS
100
AcDbLine
 10
0.7748896456692913
 20
1.8998181889763779
 30
0
 11
0.7771496062992126
 21
1.9002677165354331
 31
0
  0
LINE
  5
E33
330
1A
100
AcDbEntity
  8
BLACK
  6
CONTINUOUS
100
AcDbLine
 10
0.7771496062992126
 20
1.9002677165354331
 30
0
 11
0.817503937007874
 21
1.9002677165354331
 31
0
  0
LINE
  5
E34
330
1A
100
AcDbEntity
  8
BLACK
  6
CONTINUOUS
100
AcDbLine
 10
0.817503937007874
 20
1.9002677165354331
 30
0
 11
0.8197638976377952
 21
1.8998181889763779
 31
0
  0
LINE
  5
E35
330
1A
100
AcDbEntity
  8
BLACK
  6
CONTINUOUS
100
AcDbLine
 10
1.3374673622047244
 20
1.9383374015748032
 30
0
 11
1.3406605118110235
 21
1.9362038188976378
 31
0
  0
LINE
  5
E36
330
1A
100
AcDbEntity
  8
BLACK
  6
CONTINUOUS
100
AcDbLine
 10
1.3406605118110235
 20
1.9362038188976378
 30
0
 11
1.3427940944881889
 21
1.9330106692913385
 31
0
  0
LINE
  5
E37
330
1A
100
AcDbEntity
  8
BLACK
  6
CONTINUOUS
100
AcDbLine
 10
1.3427940944881889
 20
1.9330106692913385
 30
0
 11
1.3435433070866141
 21
1.929244094488189
 31
0
  0
LINE
  5
E38
330
1A
100
AcDbEntity
  8
BLACK
  6
CONTINUOUS
100
AcDbLine
 10
1.3435433070866141
 20
1.929244094488189
 30
0
 11
1.3435433070866141
 21
1.9095590551181101
 31
0
  0
LINE
  5
E39
330
1A
100
AcDbEntity
  8
BLACK
  6
CONTINUOUS
100
AcDbLine
 10
1.3435433070866141
 20
1.9095590551181101
 30
0
 11
1.3427940944881889
 21
1.9057924803149606
 31
0
  0
LINE
  5
E3A
330
1A
100
AcDbEntity
  8
BLACK
  6
CONTINUOUS
100
AcDbLine
 10
1.3427940944881889
 20
1.9057924803149606
 30
0
 11
1.3406605118110235
 21
1.9025993307086613
 31
0
  0
LINE
  5
E3B
330
1A
100
AcDbEntity
  8
BLACK
  6
CONTINUOUS
100
AcDbLine
 10
1.3406605118110235
 20
1.9025993307086613
 30
0
 11
1.3374673622047244
 21
1.9004657480314959
 31
0
  0
LINE
  5
E3C
330
1A
100
AcDbEntity
  8
BLACK
  6
CONTINUOUS
100
AcDbLine
 10
1.3374673622047244
 20
1.9004657480314959
 30
0
 11
1.3337007874015747
 21
1.8997165354330707
 31
0
  0
LINE
  5
E3D
330
1A
100
AcDbEntity
  8
BLACK
  6
CONTINUOUS
100
AcDbLine
 10
1.3337007874015747
 20
1.8997165354330707
 30
0
 11
1.2962992125984252
 21
1.8997165354330707
 31
0
  0
LINE
  5
E3E
330
1A
100
AcDbEntity
  8
BLACK
  6
CONTINUOUS
100
AcDbLine
 10
1.2962992125984252
 20
1.8997165354330707
 30
0
 11
1.2925326377952755
 21
1.9004657480314959
 31
0
  0
LINE
  5
E3F
330
1A
100
AcDbEntity
  8
BLACK
  6
CONTINUOUS
100
AcDbLine
 10
1.2925326377952755
 20
1.9004657480314959
 30
0
 11
1.2893394881889764
 21
1.9025993307086613
 31
0
  0
LINE
  5
E40
330
1A
100
AcDbEntity
  8
BLACK
  6
CONTINUOUS
100
AcDbLine
 10
1.2893394881889764
 20
1.9025993307086613
 30
0
 11
1.287205905511811
 21
1.9057924803149606
 31
0
  0
LINE
  5
E41
330
1A
100
AcDbEntity
  8
BLACK
  6
CONTINUOUS
100
AcDbLine
 10
1.287205905511811
 20
1.9057924803149606
 30
0
 11
1.2864566929133858
 21
1.9095590551181101
 31
0
  0
LINE
  5
E42
330
1A
100
AcDbEntity
  8
BLACK
  6
CONTINUOUS
100
AcDbLine
 10
1.2864566929133858
 20
1.9095590551181101
 30
0
 11
1.2864566929133858
 21
1.929244094488189
 31
0
  0
LINE
  5
E43
330
1A
100
AcDbEntity
  8
BLACK
  6
CONTINUOUS
100
AcDbLine
 10
1.2864566929133858
 20
1.929244094488189
 30
0
 11
1.287205905511811
 21
1.9330106692913385
 31
0
  0
LINE
  5
E44
330
1A
100
AcDbEntity
  8
BLACK
  6
CONTINUOUS
100
AcDbLine
 10
1.287205905511811
 20
1.9330106692913385
 30
0
 11
1.2893394881889764
 21
1.9362038188976378
 31
0
  0
LINE
  5
E45
330
1A
100
AcDbEntity
  8
BLACK
  6
CONTINUOUS
100
AcDbLine
 10
1.2893394881889764
 20
1.9362038188976378
 30
0
 11
1.2925326377952755
 21
1.9383374015748032
 31
0
  0
LINE
  5
E46
330
1A
100
AcDbEntity
  8
BLACK
  6
CONTINUOUS
100
AcDbLine
 10
1.2925326377952755
 20
1.9383374015748032
 30
0
 11
1.2962992125984252
 21
1.9390866141732284
 31
0
  0
LINE
  5
E47
330
1A
100
AcDbEntity
  8
BLACK
  6
CONTINUOUS
100
AcDbLine
 10
1.2962992125984252
 20
1.9390866141732284
 30
0
 11
1.3337007874015747
 21
1.9390866141732284
 31
0
  0
LINE
  5
E48
330
1A
100
AcDbEntity
  8
BLACK
  6
CONTINUOUS
100
AcDbLine
 10
1.3337007874015747
 20
1.9390866141732284
 30
0
 11
1.3374673622047244
 21
1.9383374015748032
 31
0
  0
LINE
  5
E49
330
1A
100
AcDbEntity
  8
BLACK
  6
CONTINUOUS
100
AcDbLine
 10
0.8197638976377952
 20
1.9372197637795274
 30
0
 11
0.8216797637795276
 21
1.9359396062992125
 31
0
  0
LINE
  5
E4A
330
1A
100
AcDbEntity
  8
BLACK
  6
CONTINUOUS
100
AcDbLine
 10
0.8216797637795276
 20
1.9359396062992125
 30
0
 11
0.8229599212598425
 21
1.9340237401574802
 31
0
  0
LINE
  5
E4B
330
1A
100
AcDbEntity
  8
BLACK
  6
CONTINUOUS
100
AcDbLine
 10
0.8229599212598425
 20
1.9340237401574802
 30
0
 11
0.8234094488188977
 21
1.9317637795275591
 31
0
  0
LINE
  5
E4C
330
1A
100
AcDbEntity
  8
BLACK
  6
CONTINUOUS
100
AcDbLine
 10
0.8234094488188977
 20
1.9317637795275591
 30
0
 11
0.8234094488188977
 21
1.9199527559055118
 31
0
  0
LINE
  5
E4D
330
1A
100
AcDbEntity
  8
BLACK
  6
CONTINUOUS
100
AcDbLine
 10
0.8234094488188977
 20
1.9199527559055118
 30
0
 11
0.8229599212598425
 21
1.9176927952755904
 31
0
  0
LINE
  5
E4E
330
1A
100
AcDbEntity
  8
BLACK
  6
CONTINUOUS
100
AcDbLine
 10
0.8229599212598425
 20
1.9176927952755904
 30
0
 11
0.8216797637795276
 21
1.9157769291338582
 31
0
  0
LINE
  5
E4F
330
1A
100
AcDbEntity
  8
BLACK
  6
CONTINUOUS
100
AcDbLine
 10
0.8216797637795276
 20
1.9157769291338582
 30
0
 11
0.8197638976377952
 21
1.9144967716535433
 31
0
  0
LINE
  5
E50
330
1A
100
AcDbEntity
  8
BLACK
  6
CONTINUOUS
100
AcDbLine
 10
0.8197638976377952
 20
1.9144967716535433
 30
0
 11
0.817503937007874
 21
1.9140472440944882
 31
0
  0
LINE
  5
E51
330
1A
100
AcDbEntity
  8
BLACK
  6
CONTINUOUS
100
AcDbLine
 10
0.817503937007874
 20
1.9140472440944882
 30
0
 11
0.7771496062992126
 21
1.9140472440944882
 31
0
  0
LINE
  5
E52
330
1A
100
AcDbEntity
  8
BLACK
  6
CONTINUOUS
100
AcDbLine
 10
0.7771496062992126
 20
1.9140472440944882
 30
0
 11
0.7748896456692913
 21
1.9144967716535433
 31
0
  0
LINE
  5
E53
330
1A
100
AcDbEntity
  8
BLACK
  6
CONTINUOUS
100
AcDbLine
 10
0.7748896456692913
 20
1.9144967716535433
 30
0
 11
0.7729737795275591
 21
1.9157769291338582
 31
0
  0
LINE
  5
E54
330
1A
100
AcDbEntity
  8
BLACK
  6
CONTINUOUS
100
AcDbLine
 10
0.7729737795275591
 20
1.9157769291338582
 30
0
 11
0.7716936220472441
 21
1.9176927952755904
 31
0
  0
LINE
  5
E55
330
1A
100
AcDbEntity
  8
BLACK
  6
CONTINUOUS
100
AcDbLine
 10
0.7716936220472441
 20
1.9176927952755904
 30
0
 11
0.771244094488189
 21
1.9199527559055118
 31
0
  0
LINE
  5
E56
330
1A
100
AcDbEntity
  8
BLACK
  6
CONTINUOUS
100
AcDbLine
 10
0.771244094488189
 20
1.9199527559055118
 30
0
 11
0.771244094488189
 21
1.9317637795275591
 31
0
  0
LINE
  5
E57
330
1A
100
AcDbEntity
  8
BLACK
  6
CONTINUOUS
100
AcDbLine
 10
0.771244094488189
 20
1.9317637795275591
 30
0
 11
0.7716936220472441
 21
1.9340237401574802
 31
0
  0
LINE
  5
E58
330
1A
100
AcDbEntity
  8
BLACK
  6
CONTINUOUS
100
AcDbLine
 10
0.7716936220472441
 20
1.9340237401574802
 30
0
 11
0.7729737795275591
 21
1.9359396062992125
 31
0
  0
LINE
  5
E59
330
1A
100
AcDbEntity
  8
BLACK
  6
CONTINUOUS
100
AcDbLine
 10
0.7729737795275591
 20
1.9359396062992125
 30
0
 11
0.7748896456692913
 21
1.9372197637795274
 31
0
  0
LINE
  5
E5A
330
1A
100
AcDbEntity
  8
BLACK
  6
CONTINUOUS
100
AcDbLine
 10
0.7748896456692913
 20
1.9372197637795274
 30
0
 11
0.7771496062992126
 21
1.9376692913385827
 31
0
  0
LINE
  5
E5B
330
1A
100
AcDbEntity
  8
BLACK
  6
CONTINUOUS
100
AcDbLine
 10
0.7771496062992126
 20
1.9376692913385827
 30
0
 11
0.817503937007874
 21
1.9376692913385827
 31
0
  0
LINE
  5
E5C
330
1A
100
AcDbEntity
  8
BLACK
  6
CONTINUOUS
100
AcDbLine
 10
0.817503937007874
 20
1.9376692913385827
 30
0
 11
0.8197638976377952
 21
1.9372197637795274
 31
0
  0
LINE
  5
E5D
330
1A
100
AcDbEntity
  8
BLACK
  6
CONTINUOUS
100
AcDbLine
 10
0.6500106692913385
 20
1.9811956692913386
 30
0
 11
0.6532038188976378
 21
1.9790620866141733
 31
0
  0
LINE
  5
E5E
330
1A
100
AcDbEntity
  8
BLACK
  6
CONTINUOUS
100
AcDbLine
 10
0.6532038188976378
 20
1.9790620866141733
 30
0
 11
0.6553374015748031
 21
1.9758689370078739
 31
0
  0
LINE
  5
E5F
330
1A
100
AcDbEntity
  8
BLACK
  6
CONTINUOUS
100
AcDbLine
 10
0.6553374015748031
 20
1.9758689370078739
 30
0
 11
0.6560866141732283
 21
1.9721023622047245
 31
0
  0
LINE
  5
E60
330
1A
100
AcDbEntity
  8
BLACK
  6
CONTINUOUS
100
AcDbLine
 10
0.6560866141732283
 20
1.9721023622047245
 30
0
 11
0.6560866141732283
 21
1.9524173228346455
 31
0
  0
LINE
  5
E61
330
1A
100
AcDbEntity
  8
BLACK
  6
CONTINUOUS
100
AcDbLine
 10
0.6560866141732283
 20
1.9524173228346455
 30
0
 11
0.6553374015748031
 21
1.9486507480314961
 31
0
  0
LINE
  5
E62
330
1A
100
AcDbEntity
  8
BLACK
  6
CONTINUOUS
100
AcDbLine
 10
0.6553374015748031
 20
1.9486507480314961
 30
0
 11
0.6532038188976378
 21
1.9454575984251967
 31
0
  0
LINE
  5
E63
330
1A
100
AcDbEntity
  8
BLACK
  6
CONTINUOUS
100
AcDbLine
 10
0.6532038188976378
 20
1.9454575984251967
 30
0
 11
0.6500106692913385
 21
1.9433240157480314
 31
0
  0
LINE
  5
E64
330
1A
100
AcDbEntity
  8
BLACK
  6
CONTINUOUS
100
AcDbLine
 10
0.6500106692913385
 20
1.9433240157480314
 30
0
 11
0.646244094488189
 21
1.9425748031496062
 31
0
  0
LINE
  5
E65
330
1A
100
AcDbEntity
  8
BLACK
  6
CONTINUOUS
100
AcDbLine
 10
0.646244094488189
 20
1.9425748031496062
 30
0
 11
0.6088425196850393
 21
1.9425748031496062
 31
0
  0
LINE
  5
E66
330
1A
100
AcDbEntity
  8
BLACK
  6
CONTINUOUS
100
AcDbLine
 10
0.6088425196850393
 20
1.9425748031496062
 30
0
 11
0.6050759448818898
 21
1.9433240157480314
 31
0
  0
LINE
  5
E67
330
1A
100
AcDbEntity
  8
BLACK
  6
CONTINUOUS
100
AcDbLine
 10
0.6050759448818898
 20
1.9433240157480314
 30
0
 11
0.6018827952755905
 21
1.9454575984251967
 31
0
  0
LINE
  5
E68
330
1A
100
AcDbEntity
  8
BLACK
  6
CONTINUOUS
100
AcDbLine
 10
0.6018827952755905
 20
1.9454575984251967
 30
0
 11
0.5997492125984252
 21
1.9486507480314961
 31
0
  0
LINE
  5
E69
330
1A
100
AcDbEntity
  8
BLACK
  6
CONTINUOUS
100
AcDbLine
 10
0.5997492125984252
 20
1.9486507480314961
 30
0
 11
0.599
 21
1.9524173228346455
 31
0
  0
LINE
  5
E6A
330
1A
100
AcDbEntity
  8
BLACK
  6
CONTINUOUS
100
AcDbLine
 10
0.599
 20
1.9524173228346455
 30
0
 11
0.599
 21
1.9721023622047245
 31
0
  0
LINE
  5
E6B
330
1A
100
AcDbEntity
  8
BLACK
  6
CONTINUOUS
100
AcDbLine
 10
0.599
 20
1.9721023622047245
 30
0
 11
0.5997492125984252
 21
1.9758689370078739
 31
0
  0
LINE
  5
E6C
330
1A
100
AcDbEntity
  8
BLACK
  6
CONTINUOUS
100
AcDbLine
 10
0.5997492125984252
 20
1.9758689370078739
 30
0
 11
0.6018827952755905
 21
1.9790620866141733
 31
0
  0
LINE
  5
E6D
330
1A
100
AcDbEntity
  8
BLACK
  6
CONTINUOUS
100
AcDbLine
 10
0.6018827952755905
 20
1.9790620866141733
 30
0
 11
0.6050759448818898
 21
1.9811956692913386
 31
0
  0
LINE
  5
E6E
330
1A
100
AcDbEntity
  8
BLACK
  6
CONTINUOUS
100
AcDbLine
 10
0.6050759448818898
 20
1.9811956692913386
 30
0
 11
0.6088425196850393
 21
1.9819448818897638
 31
0
  0
LINE
  5
E6F
330
1A
100
AcDbEntity
  8
BLACK
  6
CONTINUOUS
100
AcDbLine
 10
0.6088425196850393
 20
1.9819448818897638
 30
0
 11
0.646244094488189
 21
1.9819448818897638
 31
0
  0
LINE
  5
E70
330
1A
100
AcDbEntity
  8
BLACK
  6
CONTINUOUS
100
AcDbLine
 10
0.646244094488189
 20
1.9819448818897638
 30
0
 11
0.6500106692913385
 21
1.9811956692913386
 31
0
  0
LINE
  5
E71
330
1A
100
AcDbEntity
  8
BLACK
  6
CONTINUOUS
100
AcDbLine
 10
0.730196968503937
 20
1.9746213385826772
 30
0
 11
0.7321128346456692
 21
1.9733411811023622
 31
0
  0
LINE
  5
E72
330
1A
100
AcDbEntity
  8
BLACK
  6
CONTINUOUS
100
AcDbLine
 10
0.7321128346456692
 20
1.9733411811023622
 30
0
 11
0.7333929921259842
 21
1.9714253149606298
 31
0
  0
LINE
  5
E73
330
1A
100
AcDbEntity
  8
BLACK
  6
CONTINUOUS
100
AcDbLine
 10
0.7333929921259842
 20
1.9714253149606298
 30
0
 11
0.7338425196850393
 21
1.9691653543307086
 31
0
  0
LINE
  5
E74
330
1A
100
AcDbEntity
  8
BLACK
  6
CONTINUOUS
100
AcDbLine
 10
0.7338425196850393
 20
1.9691653543307086
 30
0
 11
0.7338425196850393
 21
1.9573543307086614
 31
0
  0
LINE
  5
E75
330
1A
100
AcDbEntity
  8
BLACK
  6
CONTINUOUS
100
AcDbLine
 10
0.7338425196850393
 20
1.9573543307086614
 30
0
 11
0.7333929921259842
 21
1.9550943700787402
 31
0
  0
LINE
  5
E76
330
1A
100
AcDbEntity
  8
BLACK
  6
CONTINUOUS
100
AcDbLine
 10
0.7333929921259842
 20
1.9550943700787402
 30
0
 11
0.7321128346456692
 21
1.9531785039370078
 31
0
  0
LINE
  5
E77
330
1A
100
AcDbEntity
  8
BLACK
  6
CONTINUOUS
100
AcDbLine
 10
0.7321128346456692
 20
1.9531785039370078
 30
0
 11
0.730196968503937
 21
1.9518983464566928
 31
0
  0
LINE
  5
E78
330
1A
100
AcDbEntity
  8
BLACK
  6
CONTINUOUS
100
AcDbLine
 10
0.730196968503937
 20
1.9518983464566928
 30
0
 11
0.7279370078740157
 21
1.9514488188976378
 31
0
  0
LINE
  5
E79
330
1A
100
AcDbEntity
  8
BLACK
  6
CONTINUOUS
100
AcDbLine
 10
0.7279370078740157
 20
1.9514488188976378
 30
0
 11
0.6875826771653543
 21
1.9514488188976378
 31
0
  0
LINE
  5
E7A
330
1A
100
AcDbEntity
  8
BLACK
  6
CONTINUOUS
100
AcDbLine
 10
0.6875826771653543
 20
1.9514488188976378
 30
0
 11
0.6853227165354331
 21
1.9518983464566928
 31
0
  0
LINE
  5
E7B
330
1A
100
AcDbEntity
  8
BLACK
  6
CONTINUOUS
100
AcDbLine
 10
0.6853227165354331
 20
1.9518983464566928
 30
0
 11
0.6834068503937007
 21
1.9531785039370078
 31
0
  0
LINE
  5
E7C
330
1A
100
AcDbEntity
  8
BLACK
  6
CONTINUOUS
100
AcDbLine
 10
0.6834068503937007
 20
1.9531785039370078
 30
0
 11
0.6821266929133858
 21
1.9550943700787402
 31
0
  0
LINE
  5
E7D
330
1A
100
AcDbEntity
  8
BLACK
  6
CONTINUOUS
100
AcDbLine
 10
0.6821266929133858
 20
1.9550943700787402
 30
0
 11
0.6816771653543306
 21
1.9573543307086614
 31
0
  0
LINE
  5
E7E
330
1A
100
AcDbEntity
  8
BLACK
  6
CONTINUOUS
100
AcDbLine
 10
0.6816771653543306
 20
1.9573543307086614
 30
0
 11
0.6816771653543306
 21
1.9691653543307086
 31
0
  0
LINE
  5
E7F
330
1A
100
AcDbEntity
  8
BLACK
  6
CONTINUOUS
100
AcDbLine
 10
0.6816771653543306
 20
1.9691653543307086
 30
0
 11
0.6821266929133858
 21
1.9714253149606298
 31
0
  0
LINE
  5
E80
330
1A
100
AcDbEntity
  8
BLACK
  6
CONTINUOUS
100
AcDbLine
 10
0.6821266929133858
 20
1.9714253149606298
 30
0
 11
0.6834068503937007
 21
1.9733411811023622
 31
0
  0
LINE
  5
E81
330
1A
100
AcDbEntity
  8
BLACK
  6
CONTINUOUS
100
AcDbLine
 10
0.6834068503937007
 20
1.9733411811023622
 30
0
 11
0.6853227165354331
 21
1.9746213385826772
 31
0
  0
LINE
  5
E82
330
1A
100
AcDbEntity
  8
BLACK
  6
CONTINUOUS
100
AcDbLine
 10
0.6853227165354331
 20
1.9746213385826772
 30
0
 11
0.6875826771653543
 21
1.9750708661417322
 31
0
  0
LINE
  5
E83
330
1A
100
AcDbEntity
  8
BLACK
  6
CONTINUOUS
100
AcDbLine
 10
0.6875826771653543
 20
1.9750708661417322
 30
0
 11
0.7279370078740157
 21
1.9750708661417322
 31
0
  0
LINE
  5
E84
330
1A
100
AcDbEntity
  8
BLACK
  6
CONTINUOUS
100
AcDbLine
 10
0.7279370078740157
 20
1.9750708661417322
 30
0
 11
0.730196968503937
 21
1.9746213385826772
 31
0
  0
LINE
  5
E85
330
1A
100
AcDbEntity
  8
BLACK
  6
CONTINUOUS
100
AcDbLine
 10
0.8197638976377952
 20
1.9746213385826772
 30
0
 11
0.8216797637795276
 21
1.9733411811023622
 31
0
  0
LINE
  5
E86
330
1A
100
AcDbEntity
  8
BLACK
  6
CONTINUOUS
100
AcDbLine
 10
0.8216797637795276
 20
1.9733411811023622
 30
0
 11
0.8229599212598425
 21
1.9714253149606298
 31
0
  0
LINE
  5
E87
330
1A
100
AcDbEntity
  8
BLACK
  6
CONTINUOUS
100
AcDbLine
 10
0.8229599212598425
 20
1.9714253149606298
 30
0
 11
0.8234094488188977
 21
1.9691653543307086
 31
0
  0
LINE
  5
E88
330
1A
100
AcDbEntity
  8
BLACK
  6
CONTINUOUS
100
AcDbLine
 10
0.8234094488188977
 20
1.9691653543307086
 30
0
 11
0.8234094488188977
 21
1.9573543307086614
 31
0
  0
LINE
  5
E89
330
1A
100
AcDbEntity
  8
BLACK
  6
CONTINUOUS
100
AcDbLine
 10
0.8234094488188977
 20
1.9573543307086614
 30
0
 11
0.8229599212598425
 21
1.9550943700787402
 31
0
  0
LINE
  5
E8A
330
1A
100
AcDbEntity
  8
BLACK
  6
CONTINUOUS
100
AcDbLine
 10
0.8229599212598425
 20
1.9550943700787402
 30
0
 11
0.8216797637795276
 21
1.9531785039370078
 31
0
  0
LINE
  5
E8B
330
1A
100
AcDbEntity
  8
BLACK
  6
CONTINUOUS
100
AcDbLine
 10
0.8216797637795276
 20
1.9531785039370078
 30
0
 11
0.8197638976377952
 21
1.9518983464566928
 31
0
  0
LINE
  5
E8C
330
1A
100
AcDbEntity
  8
BLACK
  6
CONTINUOUS
100
AcDbLine
 10
0.8197638976377952
 20
1.9518983464566928
 30
0
 11
0.817503937007874
 21
1.9514488188976378
 31
0
  0
LINE
  5
E8D
330
1A
100
AcDbEntity
  8
BLACK
  6
CONTINUOUS
100
AcDbLine
 10
0.817503937007874
 20
1.9514488188976378
 30
0
 11
0.7771496062992126
 21
1.9514488188976378
 31
0
  0
LINE
  5
E8E
330
1A
100
AcDbEntity
  8
BLACK
  6
CONTINUOUS
100
AcDbLine
 10
0.7771496062992126
 20
1.9514488188976378
 30
0
 11
0.7748896456692913
 21
1.9518983464566928
 31
0
  0
LINE
  5
E8F
330
1A
100
AcDbEntity
  8
BLACK
  6
CONTINUOUS
100
AcDbLine
 10
0.7748896456692913
 20
1.9518983464566928
 30
0
 11
0.7729737795275591
 21
1.9531785039370078
 31
0
  0
LINE
  5
E90
330
1A
100
AcDbEntity
  8
BLACK
  6
CONTINUOUS
100
AcDbLine
 10
0.7729737795275591
 20
1.9531785039370078
 30
0
 11
0.7716936220472441
 21
1.9550943700787402
 31
0
  0
LINE
  5
E91
330
1A
100
AcDbEntity
  8
BLACK
  6
CONTINUOUS
100
AcDbLine
 10
0.7716936220472441
 20
1.9550943700787402
 30
0
 11
0.771244094488189
 21
1.9573543307086614
 31
0
  0
LINE
  5
E92
330
1A
100
AcDbEntity
  8
BLACK
  6
CONTINUOUS
100
AcDbLine
 10
0.771244094488189
 20
1.9573543307086614
 30
0
 11
0.771244094488189
 21
1.9691653543307086
 31
0
  0
LINE
  5
E93
330
1A
100
AcDbEntity
  8
BLACK
  6
CONTINUOUS
100
AcDbLine
 10
0.771244094488189
 20
1.9691653543307086
 30
0
 11
0.7716936220472441
 21
1.9714253149606298
 31
0
  0
LINE
  5
E94
330
1A
100
AcDbEntity
  8
BLACK
  6
CONTINUOUS
100
AcDbLine
 10
0.7716936220472441
 20
1.9714253149606298
 30
0
 11
0.7729737795275591
 21
1.9733411811023622
 31
0
  0
LINE
  5
E95
330
1A
100
AcDbEntity
  8
BLACK
  6
CONTINUOUS
100
AcDbLine
 10
0.7729737795275591
 20
1.9733411811023622
 30
0
 11
0.7748896456692913
 21
1.9746213385826772
 31
0
  0
LINE
  5
E96
330
1A
100
AcDbEntity
  8
BLACK
  6
CONTINUOUS
100
AcDbLine
 10
0.7748896456692913
 20
1.9746213385826772
 30
0
 11
0.7771496062992126
 21
1.9750708661417322
 31
0
  0
LINE
  5
E97
330
1A
100
AcDbEntity
  8
BLACK
  6
CONTINUOUS
100
AcDbLine
 10
0.7771496062992126
 20
1.9750708661417322
 30
0
 11
0.817503937007874
 21
1.9750708661417322
 31
0
  0
LINE
  5
E98
330
1A
100
AcDbEntity
  8
BLACK
  6
CONTINUOUS
100
AcDbLine
 10
0.817503937007874
 20
1.9750708661417322
 30
0
 11
0.8197638976377952
 21
1.9746213385826772
 31
0
  0
LINE
  5
E99
330
1A
100
AcDbEntity
  8
BLACK
  6
CONTINUOUS
100
AcDbLine
 10
0.6497508267716535
 20
2.0676523622047243
 30
0
 11
0.6529439763779528
 21
2.0655187795275589
 31
0
  0
LINE
  5
E9A
330
1A
100
AcDbEntity
  8
BLACK
  6
CONTINUOUS
100
AcDbLine
 10
0.6529439763779528
 20
2.0655187795275589
 30
0
 11
0.6550775590551181
 21
2.06232562992126
 31
0
  0
LINE
  5
E9B
330
1A
100
AcDbEntity
  8
BLACK
  6
CONTINUOUS
100
AcDbLine
 10
0.6550775590551181
 20
2.06232562992126
 30
0
 11
0.6558267716535433
 21
2.0585590551181103
 31
0
  0
LINE
  5
E9C
330
1A
100
AcDbEntity
  8
BLACK
  6
CONTINUOUS
100
AcDbLine
 10
0.6558267716535433
 20
2.0585590551181103
 30
0
 11
0.6558267716535433
 21
2.0211574803149608
 31
0
  0
LINE
  5
E9D
330
1A
100
AcDbEntity
  8
BLACK
  6
CONTINUOUS
100
AcDbLine
 10
0.6558267716535433
 20
2.0211574803149608
 30
0
 11
0.6550775590551181
 21
2.0173909055118111
 31
0
  0
LINE
  5
E9E
330
1A
100
AcDbEntity
  8
BLACK
  6
CONTINUOUS
100
AcDbLine
 10
0.6550775590551181
 20
2.0173909055118111
 30
0
 11
0.6529439763779528
 21
2.0141977559055118
 31
0
  0
LINE
  5
E9F
330
1A
100
AcDbEntity
  8
BLACK
  6
CONTINUOUS
100
AcDbLine
 10
0.6529439763779528
 20
2.0141977559055118
 30
0
 11
0.6497508267716535
 21
2.0120641732283464
 31
0
  0
LINE
  5
EA0
330
1A
100
AcDbEntity
  8
BLACK
  6
CONTINUOUS
100
AcDbLine
 10
0.6497508267716535
 20
2.0120641732283464
 30
0
 11
0.645984251968504
 21
2.0113149606299214
 31
0
  0
LINE
  5
EA1
330
1A
100
AcDbEntity
  8
BLACK
  6
CONTINUOUS
100
AcDbLine
 10
0.645984251968504
 20
2.0113149606299214
 30
0
 11
0.6262992125984251
 21
2.0113149606299214
 31
0
  0
LINE
  5
EA2
330
1A
100
AcDbEntity
  8
BLACK
  6
CONTINUOUS
100
AcDbLine
 10
0.6262992125984251
 20
2.0113149606299214
 30
0
 11
0.6225326377952756
 21
2.0120641732283464
 31
0
  0
LINE
  5
EA3
330
1A
100
AcDbEntity
  8
BLACK
  6
CONTINUOUS
100
AcDbLine
 10
0.6225326377952756
 20
2.0120641732283464
 30
0
 11
0.6193394881889763
 21
2.0141977559055118
 31
0
  0
LINE
  5
EA4
330
1A
100
AcDbEntity
  8
BLACK
  6
CONTINUOUS
100
AcDbLine
 10
0.6193394881889763
 20
2.0141977559055118
 30
0
 11
0.617205905511811
 21
2.0173909055118111
 31
0
  0
LINE
  5
EA5
330
1A
100
AcDbEntity
  8
BLACK
  6
CONTINUOUS
100
AcDbLine
 10
0.617205905511811
 20
2.0173909055118111
 30
0
 11
0.6164566929133858
 21
2.0211574803149608
 31
0
  0
LINE
  5
EA6
330
1A
100
AcDbEntity
  8
BLACK
  6
CONTINUOUS
100
AcDbLine
 10
0.6164566929133858
 20
2.0211574803149608
 30
0
 11
0.6164566929133858
 21
2.0585590551181103
 31
0
  0
LINE
  5
EA7
330
1A
100
AcDbEntity
  8
BLACK
  6
CONTINUOUS
100
AcDbLine
 10
0.6164566929133858
 20
2.0585590551181103
 30
0
 11
0.617205905511811
 21
2.06232562992126
 31
0
  0
LINE
  5
EA8
330
1A
100
AcDbEntity
  8
BLACK
  6
CONTINUOUS
100
AcDbLine
 10
0.617205905511811
 20
2.06232562992126
 30
0
 11
0.6193394881889763
 21
2.0655187795275589
 31
0
  0
LINE
  5
EA9
330
1A
100
AcDbEntity
  8
BLACK
  6
CONTINUOUS
100
AcDbLine
 10
0.6193394881889763
 20
2.0655187795275589
 30
0
 11
0.6225326377952756
 21
2.0676523622047243
 31
0
  0
LINE
  5
EAA
330
1A
100
AcDbEntity
  8
BLACK
  6
CONTINUOUS
100
AcDbLine
 10
0.6225326377952756
 20
2.0676523622047243
 30
0
 11
0.6262992125984251
 21
2.0684015748031497
 31
0
  0
LINE
  5
EAB
330
1A
100
AcDbEntity
  8
BLACK
  6
CONTINUOUS
100
AcDbLine
 10
0.6262992125984251
 20
2.0684015748031497
 30
0
 11
0.645984251968504
 21
2.0684015748031497
 31
0
  0
LINE
  5
EAC
330
1A
100
AcDbEntity
  8
BLACK
  6
CONTINUOUS
100
AcDbLine
 10
0.645984251968504
 20
2.0684015748031497
 30
0
 11
0.6497508267716535
 21
2.0676523622047243
 31
0
  0
LINE
  5
EAD
330
1A
100
AcDbEntity
  8
BLACK
  6
CONTINUOUS
100
AcDbLine
 10
0.7245539763779527
 20
2.0676523622047243
 30
0
 11
0.727747125984252
 21
2.0655187795275589
 31
0
  0
LINE
  5
EAE
330
1A
100
AcDbEntity
  8
BLACK
  6
CONTINUOUS
100
AcDbLine
 10
0.727747125984252
 20
2.0655187795275589
 30
0
 11
0.7298807086614173
 21
2.06232562992126
 31
0
  0
LINE
  5
EAF
330
1A
100
AcDbEntity
  8
BLACK
  6
CONTINUOUS
100
AcDbLine
 10
0.7298807086614173
 20
2.06232562992126
 30
0
 11
0.7306299212598425
 21
2.0585590551181103
 31
0
  0
LINE
  5
EB0
330
1A
100
AcDbEntity
  8
BLACK
  6
CONTINUOUS
100
AcDbLine
 10
0.7306299212598425
 20
2.0585590551181103
 30
0
 11
0.7306299212598425
 21
2.0211574803149608
 31
0
  0
LINE
  5
EB1
330
1A
100
AcDbEntity
  8
BLACK
  6
CONTINUOUS
100
AcDbLine
 10
0.7306299212598425
 20
2.0211574803149608
 30
0
 11
0.7298807086614173
 21
2.0173909055118111
 31
0
  0
LINE
  5
EB2
330
1A
100
AcDbEntity
  8
BLACK
  6
CONTINUOUS
100
AcDbLine
 10
0.7298807086614173
 20
2.0173909055118111
 30
0
 11
0.727747125984252
 21
2.0141977559055118
 31
0
  0
LINE
  5
EB3
330
1A
100
AcDbEntity
  8
BLACK
  6
CONTINUOUS
100
AcDbLine
 10
0.727747125984252
 20
2.0141977559055118
 30
0
 11
0.7245539763779527
 21
2.0120641732283464
 31
0
  0
LINE
  5
EB4
330
1A
100
AcDbEntity
  8
BLACK
  6
CONTINUOUS
100
AcDbLine
 10
0.7245539763779527
 20
2.0120641732283464
 30
0
 11
0.7207874015748031
 21
2.0113149606299214
 31
0
  0
LINE
  5
EB5
330
1A
100
AcDbEntity
  8
BLACK
  6
CONTINUOUS
100
AcDbLine
 10
0.7207874015748031
 20
2.0113149606299214
 30
0
 11
0.7011023622047244
 21
2.0113149606299214
 31
0
  0
LINE
  5
EB6
330
1A
100
AcDbEntity
  8
BLACK
  6
CONTINUOUS
100
AcDbLine
 10
0.7011023622047244
 20
2.0113149606299214
 30
0
 11
0.6973357874015748
 21
2.0120641732283464
 31
0
  0
LINE
  5
EB7
330
1A
100
AcDbEntity
  8
BLACK
  6
CONTINUOUS
100
AcDbLine
 10
0.6973357874015748
 20
2.0120641732283464
 30
0
 11
0.6941426377952756
 21
2.0141977559055118
 31
0
  0
LINE
  5
EB8
330
1A
100
AcDbEntity
  8
BLACK
  6
CONTINUOUS
100
AcDbLine
 10
0.6941426377952756
 20
2.0141977559055118
 30
0
 11
0.6920090551181102
 21
2.0173909055118111
 31
0
  0
LINE
  5
EB9
330
1A
100
AcDbEntity
  8
BLACK
  6
CONTINUOUS
100
AcDbLine
 10
0.6920090551181102
 20
2.0173909055118111
 30
0
 11
0.691259842519685
 21
2.0211574803149608
 31
0
  0
LINE
  5
EBA
330
1A
100
AcDbEntity
  8
BLACK
  6
CONTINUOUS
100
AcDbLine
 10
0.691259842519685
 20
2.0211574803149608
 30
0
 11
0.691259842519685
 21
2.0585590551181103
 31
0
  0
LINE
  5
EBB
330
1A
100
AcDbEntity
  8
BLACK
  6
CONTINUOUS
100
AcDbLine
 10
0.691259842519685
 20
2.0585590551181103
 30
0
 11
0.6920090551181102
 21
2.06232562992126
 31
0
  0
LINE
  5
EBC
330
1A
100
AcDbEntity
  8
BLACK
  6
CONTINUOUS
100
AcDbLine
 10
0.6920090551181102
 20
2.06232562992126
 30
0
 11
0.6941426377952756
 21
2.0655187795275589
 31
0
  0
LINE
  5
EBD
330
1A
100
AcDbEntity
  8
BLACK
  6
CONTINUOUS
100
AcDbLine
 10
0.6941426377952756
 20
2.0655187795275589
 30
0
 11
0.6973357874015748
 21
2.0676523622047243
 31
0
  0
LINE
  5
EBE
330
1A
100
AcDbEntity
  8
BLACK
  6
CONTINUOUS
100
AcDbLine
 10
0.6973357874015748
 20
2.0676523622047243
 30
0
 11
0.7011023622047244
 21
2.0684015748031497
 31
0
  0
LINE
  5
EBF
330
1A
100
AcDbEntity
  8
BLACK
  6
CONTINUOUS
100
AcDbLine
 10
0.7011023622047244
 20
2.0684015748031497
 30
0
 11
0.7207874015748031
 21
2.0684015748031497
 31
0
  0
LINE
  5
EC0
330
1A
100
AcDbEntity
  8
BLACK
  6
CONTINUOUS
100
AcDbLine
 10
0.7207874015748031
 20
2.0684015748031497
 30
0
 11
0.7245539763779527
 21
2.0676523622047243
 31
0
  0
LINE
  5
EC1
330
1A
100
AcDbEntity
  8
BLACK
  6
CONTINUOUS
100
AcDbLine
 10
0.8150106692913386
 20
2.0503925196850394
 30
0
 11
0.8182038188976378
 21
2.0482589370078741
 31
0
  0
LINE
  5
EC2
330
1A
100
AcDbEntity
  8
BLACK
  6
CONTINUOUS
100
AcDbLine
 10
0.8182038188976378
 20
2.0482589370078741
 30
0
 11
0.8203374015748032
 21
2.0450657874015747
 31
0
  0
LINE
  5
EC3
330
1A
100
AcDbEntity
  8
BLACK
  6
CONTINUOUS
100
AcDbLine
 10
0.8203374015748032
 20
2.0450657874015747
 30
0
 11
0.8210866141732284
 21
2.0412992125984251
 31
0
  0
LINE
  5
EC4
330
1A
100
AcDbEntity
  8
BLACK
  6
CONTINUOUS
100
AcDbLine
 10
0.8210866141732284
 20
2.0412992125984251
 30
0
 11
0.8210866141732284
 21
2.0216141732283464
 31
0
  0
LINE
  5
EC5
330
1A
100
AcDbEntity
  8
BLACK
  6
CONTINUOUS
100
AcDbLine
 10
0.8210866141732284
 20
2.0216141732283464
 30
0
 11
0.8203374015748032
 21
2.0178475984251967
 31
0
  0
LINE
  5
EC6
330
1A
100
AcDbEntity
  8
BLACK
  6
CONTINUOUS
100
AcDbLine
 10
0.8203374015748032
 20
2.0178475984251967
 30
0
 11
0.8182038188976378
 21
2.0146544488188978
 31
0
  0
LINE
  5
EC7
330
1A
100
AcDbEntity
  8
BLACK
  6
CONTINUOUS
100
AcDbLine
 10
0.8182038188976378
 20
2.0146544488188978
 30
0
 11
0.8150106692913386
 21
2.0125208661417324
 31
0
  0
LINE
  5
EC8
330
1A
100
AcDbEntity
  8
BLACK
  6
CONTINUOUS
100
AcDbLine
 10
0.8150106692913386
 20
2.0125208661417324
 30
0
 11
0.8112440944881889
 21
2.011771653543307
 31
0
  0
LINE
  5
EC9
330
1A
100
AcDbEntity
  8
BLACK
  6
CONTINUOUS
100
AcDbLine
 10
0.8112440944881889
 20
2.011771653543307
 30
0
 11
0.7738425196850394
 21
2.011771653543307
 31
0
  0
LINE
  5
ECA
330
1A
100
AcDbEntity
  8
BLACK
  6
CONTINUOUS
100
AcDbLine
 10
0.7738425196850394
 20
2.011771653543307
 30
0
 11
0.7700759448818898
 21
2.0125208661417324
 31
0
  0
LINE
  5
ECB
330
1A
100
AcDbEntity
  8
BLACK
  6
CONTINUOUS
100
AcDbLine
 10
0.7700759448818898
 20
2.0125208661417324
 30
0
 11
0.7668827952755906
 21
2.0146544488188978
 31
0
  0
LINE
  5
ECC
330
1A
100
AcDbEntity
  8
BLACK
  6
CONTINUOUS
100
AcDbLine
 10
0.7668827952755906
 20
2.0146544488188978
 30
0
 11
0.7647492125984252
 21
2.0178475984251967
 31
0
  0
LINE
  5
ECD
330
1A
100
AcDbEntity
  8
BLACK
  6
CONTINUOUS
100
AcDbLine
 10
0.7647492125984252
 20
2.0178475984251967
 30
0
 11
0.764
 21
2.0216141732283464
 31
0
  0
LINE
  5
ECE
330
1A
100
AcDbEntity
  8
BLACK
  6
CONTINUOUS
100
AcDbLine
 10
0.764
 20
2.0216141732283464
 30
0
 11
0.764
 21
2.0412992125984251
 31
0
  0
LINE
  5
ECF
330
1A
100
AcDbEntity
  8
BLACK
  6
CONTINUOUS
100
AcDbLine
 10
0.764
 20
2.0412992125984251
 30
0
 11
0.7647492125984252
 21
2.0450657874015747
 31
0
  0
LINE
  5
ED0
330
1A
100
AcDbEntity
  8
BLACK
  6
CONTINUOUS
100
AcDbLine
 10
0.7647492125984252
 20
2.0450657874015747
 30
0
 11
0.7668827952755906
 21
2.0482589370078741
 31
0
  0
LINE
  5
ED1
330
1A
100
AcDbEntity
  8
BLACK
  6
CONTINUOUS
100
AcDbLine
 10
0.7668827952755906
 20
2.0482589370078741
 30
0
 11
0.7700759448818898
 21
2.0503925196850394
 31
0
  0
LINE
  5
ED2
330
1A
100
AcDbEntity
  8
BLACK
  6
CONTINUOUS
100
AcDbLine
 10
0.7700759448818898
 20
2.0503925196850394
 30
0
 11
0.7738425196850394
 21
2.0511417322834644
 31
0
  0
LINE
  5
ED3
330
1A
100
AcDbEntity
  8
BLACK
  6
CONTINUOUS
100
AcDbLine
 10
0.7738425196850394
 20
2.0511417322834644
 30
0
 11
0.8112440944881889
 21
2.0511417322834644
 31
0
  0
LINE
  5
ED4
330
1A
100
AcDbEntity
  8
BLACK
  6
CONTINUOUS
100
AcDbLine
 10
0.8112440944881889
 20
2.0511417322834644
 30
0
 11
0.8150106692913386
 21
2.0503925196850394
 31
0
  0
LINE
  5
ED5
330
1A
100
AcDbEntity
  8
BLACK
  6
CONTINUOUS
100
AcDbLine
 10
0.8150106692913386
 20
2.1251956692913385
 30
0
 11
0.8182038188976378
 21
2.1230620866141732
 31
0
  0
LINE
  5
ED6
330
1A
100
AcDbEntity
  8
BLACK
  6
CONTINUOUS
100
AcDbLine
 10
0.8182038188976378
 20
2.1230620866141732
 30
0
 11
0.8203374015748032
 21
2.1198689370078738
 31
0
  0
LINE
  5
ED7
330
1A
100
AcDbEntity
  8
BLACK
  6
CONTINUOUS
100
AcDbLine
 10
0.8203374015748032
 20
2.1198689370078738
 30
0
 11
0.8210866141732284
 21
2.1161023622047241
 31
0
  0
LINE
  5
ED8
330
1A
100
AcDbEntity
  8
BLACK
  6
CONTINUOUS
100
AcDbLine
 10
0.8210866141732284
 20
2.1161023622047241
 30
0
 11
0.8210866141732284
 21
2.0964173228346454
 31
0
  0
LINE
  5
ED9
330
1A
100
AcDbEntity
  8
BLACK
  6
CONTINUOUS
100
AcDbLine
 10
0.8210866141732284
 20
2.0964173228346454
 30
0
 11
0.8203374015748032
 21
2.0926507480314962
 31
0
  0
LINE
  5
EDA
330
1A
100
AcDbEntity
  8
BLACK
  6
CONTINUOUS
100
AcDbLine
 10
0.8203374015748032
 20
2.0926507480314962
 30
0
 11
0.8182038188976378
 21
2.0894575984251968
 31
0
  0
LINE
  5
EDB
330
1A
100
AcDbEntity
  8
BLACK
  6
CONTINUOUS
100
AcDbLine
 10
0.8182038188976378
 20
2.0894575984251968
 30
0
 11
0.8150106692913386
 21
2.0873240157480315
 31
0
  0
LINE
  5
EDC
330
1A
100
AcDbEntity
  8
BLACK
  6
CONTINUOUS
100
AcDbLine
 10
0.8150106692913386
 20
2.0873240157480315
 30
0
 11
0.8112440944881889
 21
2.0865748031496061
 31
0
  0
LINE
  5
EDD
330
1A
100
AcDbEntity
  8
BLACK
  6
CONTINUOUS
100
AcDbLine
 10
0.8112440944881889
 20
2.0865748031496061
 30
0
 11
0.7738425196850394
 21
2.0865748031496061
 31
0
  0
LINE
  5
EDE
330
1A
100
AcDbEntity
  8
BLACK
  6
CONTINUOUS
100
AcDbLine
 10
0.7738425196850394
 20
2.0865748031496061
 30
0
 11
0.7700759448818898
 21
2.0873240157480315
 31
0
  0
LINE
  5
EDF
330
1A
100
AcDbEntity
  8
BLACK
  6
CONTINUOUS
100
AcDbLine
 10
0.7700759448818898
 20
2.0873240157480315
 30
0
 11
0.7668827952755906
 21
2.0894575984251968
 31
0
  0
LINE
  5
EE0
330
1A
100
AcDbEntity
  8
BLACK
  6
CONTINUOUS
100
AcDbLine
 10
0.7668827952755906
 20
2.0894575984251968
 30
0
 11
0.7647492125984252
 21
2.0926507480314962
 31
0
  0
LINE
  5
EE1
330
1A
100
AcDbEntity
  8
BLACK
  6
CONTINUOUS
100
AcDbLine
 10
0.7647492125984252
 20
2.0926507480314962
 30
0
 11
0.764
 21
2.0964173228346454
 31
0
  0
LINE
  5
EE2
330
1A
100
AcDbEntity
  8
BLACK
  6
CONTINUOUS
100
AcDbLine
 10
0.764
 20
2.0964173228346454
 30
0
 11
0.764
 21
2.1161023622047241
 31
0
  0
LINE
  5
EE3
330
1A
100
AcDbEntity
  8
BLACK
  6
CONTINUOUS
100
AcDbLine
 10
0.764
 20
2.1161023622047241
 30
0
 11
0.7647492125984252
 21
2.1198689370078738
 31
0
  0
LINE
  5
EE4
330
1A
100
AcDbEntity
  8
BLACK
  6
CONTINUOUS
100
AcDbLine
 10
0.7647492125984252
 20
2.1198689370078738
 30
0
 11
0.7668827952755906
 21
2.1230620866141732
 31
0
  0
LINE
  5
EE5
330
1A
100
AcDbEntity
  8
BLACK
  6
CONTINUOUS
100
AcDbLine
 10
0.7668827952755906
 20
2.1230620866141732
 30
0
 11
0.7700759448818898
 21
2.1251956692913385
 31
0
  0
LINE
  5
EE6
330
1A
100
AcDbEntity
  8
BLACK
  6
CONTINUOUS
100
AcDbLine
 10
0.7700759448818898
 20
2.1251956692913385
 30
0
 11
0.7738425196850394
 21
2.1259448818897639
 31
0
  0
LINE
  5
EE7
330
1A
100
AcDbEntity
  8
BLACK
  6
CONTINUOUS
100
AcDbLine
 10
0.7738425196850394
 20
2.1259448818897639
 30
0
 11
0.8112440944881889
 21
2.1259448818897639
 31
0
  0
LINE
  5
EE8
330
1A
100
AcDbEntity
  8
BLACK
  6
CONTINUOUS
100
AcDbLine
 10
0.8112440944881889
 20
2.1259448818897639
 30
0
 11
0.8150106692913386
 21
2.1251956692913385
 31
0
  0
CIRCLE
  5
EE9
330
1A
100
AcDbEntity
  8
BLACK
100
AcDbCircle
 10
0.4
 20
2.
 30
0
 40
0.0068897637795276
  0
CIRCLE
  5
EEA
330
1A
100
AcDbEntity
  8
BLACK
100
AcDbCircle
 10
2.7999999999999998
 20
2.
 30
0
 40
0.0068897637795276
  0
CIRCLE
  5
EEB
330
1A
100
AcDbEntity
  8
BLACK
100
AcDbCircle
 10
0.4
 20
0.4
 30
0
 40
0.0068897637795276
  0
CIRCLE
  5
EEC
330
1A
100
AcDbEntity
  8
BLACK
100
AcDbCircle
 10
2.7999999999999998
 20
0.4
 30
0
 40
0.0068897637795276
  0
CIRCLE
  5
EED
330
1A
100
AcDbEntity
  8
BLACK
100
AcDbCircle
 10
2.3395433070866143
 20
0.9159999999999999
 30
0
 40
0.0068897637795276
  0
CIRCLE
  5
EEE
330
1A
100
AcDbEntity
  8
BLACK
100
AcDbCircle
 10
2.3395433070866143
 20
1.1128503937007874
 30
0
 40
0.0068897637795276
  0
CIRCLE
  5
EEF
330
1A
100
AcDbEntity
  8
BLACK
100
AcDbCircle
 10
0.9
 20
2.1000000000000001
 30
0
 40
0.0068897637795276
  0
CIRCLE
  5
EF0
330
1A
100
AcDbEntity
  8
BLACK
100
AcDbCircle
 10
0.9
 20
2.
 30
0
 40
0.0068897637795276
  0
CIRCLE
  5
EF1
330
1A
100
AcDbEntity
  8
BLACK
100
AcDbCircle
 10
1.
 20
2.1000000000000001
 30
0
 40
0.0068897637795276
  0
CIRCLE
  5
EF2
330
1A
100
AcDbEntity
  8
BLACK
100
AcDbCircle
 10
1.
 20
2.
 30
0
 40
0.0068897637795276
  0
CIRCLE
  5
EF3
330
1A
100
AcDbEntity
  8
BLACK
100
AcDbCircle
 10
1.0999999999999999
 20
2.1000000000000001
 30
0
 40
0.0068897637795276
  0
CIRCLE
  5
EF4
330
1A
100
AcDbEntity
  8
BLACK
100
AcDbCircle
 10
1.0999999999999999
 20
2.
 30
0
 40
0.0068897637795276
  0
CIRCLE
  5
EF5
330
1A
100
AcDbEntity
  8
BLACK
100
AcDbCircle
 10
1.2
 20
2.1000000000000001
 30
0
 40
0.0068897637795276
  0
CIRCLE
  5
EF6
330
1A
100
AcDbEntity
  8
BLACK
100
AcDbCircle
 10
1.2
 20
2.
 30
0
 40
0.0068897637795276
  0
CIRCLE
  5
EF7
330
1A
100
AcDbEntity
  8
BLACK
100
AcDbCircle
 10
1.3
 20
2.1000000000000001
 30
0
 40
0.0068897637795276
  0
CIRCLE
  5
EF8
330
1A
100
AcDbEntity
  8
BLACK
100
AcDbCircle
 10
1.3
 20
2.
 30
0
 40
0.0068897637795276
  0
CIRCLE
  5
EF9
330
1A
100
AcDbEntity
  8
BLACK
100
AcDbCircle
 10
1.3999999999999999
 20
2.1000000000000001
 30
0
 40
0.0068897637795276
  0
CIRCLE
  5
EFA
330
1A
100
AcDbEntity
  8
BLACK
100
AcDbCircle
 10
1.3999999999999999
 20
2.
 30
0
 40
0.0068897637795276
  0
CIRCLE
  5
EFB
330
1A
100
AcDbEntity
  8
BLACK
100
AcDbCircle
 10
1.5
 20
2.1000000000000001
 30
0
 40
0.0068897637795276
  0
CIRCLE
  5
EFC
330
1A
100
AcDbEntity
  8
BLACK
100
AcDbCircle
 10
1.5
 20
2.
 30
0
 40
0.0068897637795276
  0
CIRCLE
  5
EFD
330
1A
100
AcDbEntity
  8
BLACK
100
AcDbCircle
 10
1.5999999999999999
 20
2.1000000000000001
 30
0
 40
0.0068897637795276
  0
CIRCLE
  5
EFE
330
1A
100
AcDbEntity
  8
BLACK
100
AcDbCircle
 10
1.5999999999999999
 20
2.
 30
0
 40
0.0068897637795276
  0
CIRCLE
  5
EFF
330
1A
100
AcDbEntity
  8
BLACK
100
AcDbCircle
 10
1.7
 20
2.1000000000000001
 30
0
 40
0.0068897637795276
  0
CIRCLE
  5
F00
330
1A
100
AcDbEntity
  8
BLACK
100
AcDbCircle
 10
1.7
 20
2.
 30
0
 40
0.0068897637795276
  0
CIRCLE
  5
F01
330
1A
100
AcDbEntity
  8
BLACK
100
AcDbCircle
 10
1.8
 20
2.1000000000000001
 30
0
 40
0.0068897637795276
  0
CIRCLE
  5
F02
330
1A
100
AcDbEntity
  8
BLACK
100
AcDbCircle
 10
1.8
 20
2.
 30
0
 40
0.0068897637795276
  0
CIRCLE
  5
F03
330
1A
100
AcDbEntity
  8
BLACK
100
AcDbCircle
 10
1.8999999999999999
 20
2.1000000000000001
 30
0
 40
0.0068897637795276
  0
CIRCLE
  5
F04
330
1A
100
AcDbEntity
  8
BLACK
100
AcDbCircle
 10
1.8999999999999999
 20
2.
 30
0
 40
0.0068897637795276
  0
CIRCLE
  5
F05
330
1A
100
AcDbEntity
  8
BLACK
100
AcDbCircle
 10
2.
 20
2.1000000000000001
 30
0
 40
0.0068897637795276
  0
CIRCLE
  5
F06
330
1A
100
AcDbEntity
  8
BLACK
100
AcDbCircle
 10
2.
 20
2.
 30
0
 40
0.0068897637795276
  0
CIRCLE
  5
F07
330
1A
100
AcDbEntity
  8
BLACK
100
AcDbCircle
 10
2.1000000000000001
 20
2.1000000000000001
 30
0
 40
0.0068897637795276
  0
CIRCLE
  5
F08
330
1A
100
AcDbEntity
  8
BLACK
100
AcDbCircle
 10
2.1000000000000001
 20
2.
 30
0
 40
0.0068897637795276
  0
CIRCLE
  5
F09
330
1A
100
AcDbEntity
  8
BLACK
100
AcDbCircle
 10
2.1999999999999997
 20
2.1000000000000001
 30
0
 40
0.0068897637795276
  0
CIRCLE
  5
F0A
330
1A
100
AcDbEntity
  8
BLACK
100
AcDbCircle
 10
2.1999999999999997
 20
2.
 30
0
 40
0.0068897637795276
  0
CIRCLE
  5
F0B
330
1A
100
AcDbEntity
  8
BLACK
100
AcDbCircle
 10
2.2999999999999998
 20
2.1000000000000001
 30
0
 40
0.0068897637795276
  0
CIRCLE
  5
F0C
330
1A
100
AcDbEntity
  8
BLACK
100
AcDbCircle
 10
2.2999999999999998
 20
2.
 30
0
 40
0.0068897637795276
  0
ENDSEC
  0
SECTION
  2
OBJECTS
  0
DICTIONARY
  5
20
330
0
100
AcDbDictionary
281
1
  3
ACAD_GROUP
350
F0D
  3
ACAD_LAYOUT
350
21
  3
ACAD_PLOTSTYLENAME
350
11
  0
DICTIONARY
  5
F0D
330
20
100
AcDbDictionary
281
1
  0
ACDBDICTIONARYWDFLT
  5
11
330
20
100
AcDbDictionary
281
1
  3
Normal
350
10
100
AcDbDictionaryWithDefault
340
10
  0
ACDBPLACEHOLDER
  5
10
330
11
  0
DICTIONARY
  5
21
330
20
100
AcDbDictionary
281
1
  3
Model
350
1D
  3
Layout1
350
1E
  3
Layout2
350
1F
  0
LAYOUT
  5
1D
330
21
100
AcDbPlotSettings
  1

  2
none_device
  4
A3
  6

 40
0.0
 41
0.0
 42
0.0
 43
0.0
 44
420.0
 45
297.0
 46
0.0
 47
0.0
 48
0.0
 49
0.0
140
0.0
141
0.0
142
1.0
143
1.0
 70
1024
 72
1
 73
0
 74
5
  7

 75
16
 76
0
 77
2
 78
300
147
1.0
148
0.0
149
0.0
100
AcDbLayout
  1
Model
 70
1
 71
0
 10
0.0
 20
0.0
 11
420.0
 21
297.0
 12
0.0
 22
0.0
 32
0.0
 14
1e+20
 24
1e+20
 34
1e+20
 15
-1e+20
 25
-1e+20
 35
-1e+20
146
0.0
 13
0.0
 23
0.0
 33
0.0
 16
1.0
 26
0.0
 36
0.0
 17
0.0
 27
1.0
 37
0.0
 76
0
330
1A
  0
LAYOUT
  5
1E
330
21
100
AcDbPlotSettings
  1

  2
none_device
  4
A3
  6

 40
0.0
 41
0.0
 42
0.0
 43
0.0
 44
420.0
 45
297.0
 46
0.0
 47
0.0
 48
0.0
 49
0.0
140
0.0
141
0.0
142
1.0
143
1.0
 70
0
 72
1
 73
0
 74
5
  7

 75
16
 76
0
 77
2
 78
300
147
1.0
148
0.0
149
0.0
100
AcDbLayout
  1
Layout1
 70
1
 71
1
 10
0.0
 20
0.0
 11
420.0
 21
297.0
 12
0.0
 22
0.0
 32
0.0
 14
1e+20
 24
1e+20
 34
1e+20
 15
-1e+20
 25
-1e+20
 35
-1e+20
146
0.0
 13
0.0
 23
0.0
 33
0.0
 16
1.0
 26
0.0
 36
0.0
 17
0.0
 27
1.0
 37
0.0
 76
0
330
1B
  0
LAYOUT
  5
1F
330
21
100
AcDbPlotSettings
  1

  2
none_device
  4
A3
  6

 40
0.0
 41
0.0
 42
0.0
 43
0.0
 44
420.0
 45
297.0
 46
0.0
 47
0.0
 48
0.0
 49
0.0
140
0.0
141
0.0
142
1.0
143
1.0
 70
0
 72
1
 73
0
 74
5
  7

 75
16
 76
0
 77
2
 78
300
147
1.0
148
0.0
149
0.0
100
AcDbLayout
  1
Layout2
 70
1
 71
2
 10
0.0
 20
0.0
 11
420.0
 21
297.0
 12
0.0
 22
0.0
 32
0.0
 14
1e+20
 24
1e+20
 34
1e+20
 15
-1e+20
 25
-1e+20
 35
-1e+20
146
0.0
 13
0.0
 23
0.0
 33
0.0
 16
1.0
 26
0.0
 36
0.0
 17
0.0
 27
1.0
 37
0.0
 76
0
330
1C
  0
ENDSEC
  0
EOF
