  0
SECTION
  2
HEADER
  9
$ANGBASE
  50
0.0
  9
$ANGDIR
  70
1
  9
$MEASUREMENT
  70
0
  0
ENDSEC
  0
SECTION
  2
TABLES
  0
TABLE
  2
LTYPE
  70
4
  0
LTYPE
  5
40F
  2
CONTINUOUS
  70
0
  3
Solid line
  72
65
  73
0
  40
0.0
  0
LTYPE
  5
410
  2
DASHDOT
 70
0
  3
Dash Dot ____ _ ____ _
 72
65
 73
4
 40
2.0
 49
1.25
 49
-0.25
 49
0.25
 49
-0.25
  0
LTYPE
  5
411
  2
DASHED
 70
0
  3
Dashed __ __ __ __ __
 72
65
 73
2
 40
0.75
 49
0.5
 49
-0.25
  0
LTYPE
  5
43B
  2
DOTTED
 70
0
  3
Dotted .  .  .  .
 72
65
 73
2
 40
0.2
 49
0.0
 49
-0.2
  0
ENDTAB
  0
TABLE
  2
STYLE
  70
4
  0
STYLE
  2
KICAD
  70
0
  40
0
  41
1
  42
1
  50
0
  71
0
  3
isocp.shx
  0
STYLE
  2
KICADB
  70
0
  40
0
  41
1
  42
1
  50
0
  71
0
  3
isocp.shx
  0
STYLE
  2
KICADI
  70
0
  40
0
  41
1
  42
1
  50
15
  71
0
  3
isocp.shx
  0
STYLE
  2
KICADBI
  70
0
  40
0
  41
1
  42
1
  50
15
  71
0
  3
isocp.shx
  0
ENDTAB
  0
TABLE
  2
LAYER
  70
1
  0
LAYER
  2
BLACK
  70
0
  62
7
  6
CONTINUOUS
  0
ENDTAB
  0
ENDSEC
  0
SECTION
  2
ENTITIES
0
LINE
8
BLACK
6
CONTINUOUS
10
0.6272598818897638
20
0.3512925196850394
11
0.6357116535433071
21
0.349027874015748
0
LINE
8
BLACK
6
CONTINUOUS
10
0.6357116535433071
20
0.349027874015748
11
0.6436417322834646
21
0.34533
0
LINE
8
BLACK
6
CONTINUOUS
10
0.6436417322834646
20
0.34533
11
0.6508092125984252
21
0.3403112992125984
0
LINE
8
BLACK
6
CONTINUOUS
10
0.6508092125984252
20
0.3403112992125984
11
0.6569963385826771
21
0.3341241732283464
0
LINE
8
BLACK
6
CONTINUOUS
10
0.6569963385826771
20
0.3341241732283464
11
0.6620150393700788
21
0.3269566929133858
0
LINE
8
BLACK
6
CONTINUOUS
10
0.6620150393700788
20
0.3269566929133858
11
0.6657129133858267
21
0.3190266141732284
0
LINE
8
BLACK
6
CONTINUOUS
10
0.6657129133858267
20
0.3190266141732284
11
0.6679775590551181
21
0.310574842519685
0
LINE
8
BLACK
6
CONTINUOUS
10
0.6679775590551181
20
0.310574842519685
11
0.6687401574803149
21
0.3018582677165354
0
LINE
8
BLACK
6
CONTINUOUS
10
0.6687401574803149
20
0.3018582677165354
11
0.6679775590551181
21
0.2931416929133858
0
LINE
8
BLACK
6
CONTINUOUS
10
0.6679775590551181
20
0.2931416929133858
11
0.6657129133858267
21
0.2846899212598425
0
LINE
8
BLACK
6
CONTINUOUS
10
0.6657129133858267
20
0.2846899212598425
11
0.6620150393700788
21
0.2767598425196851
0
LINE
8
BLACK
6
CONTINUOUS
10
0.6620150393700788
20
0.2767598425196851
11
0.6569963385826771
21
0.2695923622047244
0
LINE
8
BLACK
6
CONTINUOUS
10
0.6569963385826771
20
0.2695923622047244
11
0.6508092125984252
21
0.2634052362204725
0
LINE
8
BLACK
6
CONTINUOUS
10
0.6508092125984252
20
0.2634052362204725
11
0.6436417322834646
21
0.2583865354330709
0
LINE
8
BLACK
6
CONTINUOUS
10
0.6436417322834646
20
0.2583865354330709
11
0.6357116535433071
21
0.2546886614173228
0
LINE
8
BLACK
6
CONTINUOUS
10
0.6357116535433071
20
0.2546886614173228
11
0.6272598818897638
21
0.2524240157480315
0
LINE
8
BLACK
6
CONTINUOUS
10
0.6272598818897638
20
0.2524240157480315
11
0.6185433070866142
21
0.2516614173228346
0
LINE
8
BLACK
6
CONTINUOUS
10
0.6185433070866142
20
0.2516614173228346
11
0.6098267322834645
21
0.2524240157480315
0
LINE
8
BLACK
6
CONTINUOUS
10
0.6098267322834645
20
0.2524240157480315
11
0.6013749606299212
21
0.2546886614173228
0
LINE
8
BLACK
6
CONTINUOUS
10
0.6013749606299212
20
0.2546886614173228
11
0.5934448818897637
21
0.2583865354330709
0
LINE
8
BLACK
6
CONTINUOUS
10
0.5934448818897637
20
0.2583865354330709
11
0.5862774015748031
21
0.2634052362204725
0
LINE
8
BLACK
6
CONTINUOUS
10
0.5862774015748031
20
0.2634052362204725
11
0.5800902755905512
21
0.2695923622047244
0
LINE
8
BLACK
6
CONTINUOUS
10
0.5800902755905512
20
0.2695923622047244
11
0.5750715748031496
21
0.2767598425196851
0
LINE
8
BLACK
6
CONTINUOUS
10
0.5750715748031496
20
0.2767598425196851
11
0.5713737007874016
21
0.2846899212598425
0
LINE
8
BLACK
6
CONTINUOUS
10
0.5713737007874016
20
0.2846899212598425
11
0.5691090551181103
21
0.2931416929133858
0
LINE
8
BLACK
6
CONTINUOUS
10
0.5691090551181103
20
0.2931416929133858
11
0.5683464566929134
21
0.3018582677165354
0
LINE
8
BLACK
6
CONTINUOUS
10
0.5683464566929134
20
0.3018582677165354
11
0.5691090551181103
21
0.310574842519685
0
LINE
8
BLACK
6
CONTINUOUS
10
0.5691090551181103
20
0.310574842519685
11
0.5713737007874016
21
0.3190266141732284
0
LINE
8
BLACK
6
CONTINUOUS
10
0.5713737007874016
20
0.3190266141732284
11
0.5750715748031496
21
0.3269566929133858
0
LINE
8
BLACK
6
CONTINUOUS
10
0.5750715748031496
20
0.3269566929133858
11
0.5800902755905512
21
0.3341241732283464
0
LINE
8
BLACK
6
CONTINUOUS
10
0.5800902755905512
20
0.3341241732283464
11
0.5862774015748031
21
0.3403112992125984
0
LINE
8
BLACK
6
CONTINUOUS
10
0.5862774015748031
20
0.3403112992125984
11
0.5934448818897637
21
0.34533
0
LINE
8
BLACK
6
CONTINUOUS
10
0.5934448818897637
20
0.34533
11
0.6013749606299212
21
0.349027874015748
0
LINE
8
BLACK
6
CONTINUOUS
10
0.6013749606299212
20
0.349027874015748
11
0.6098267322834645
21
0.3512925196850394
0
LINE
8
BLACK
6
CONTINUOUS
10
0.6098267322834645
20
0.3512925196850394
11
0.6185433070866142
21
0.3520551181102362
0
LINE
8
BLACK
6
CONTINUOUS
10
0.6185433070866142
20
0.3520551181102362
11
0.6272598818897638
21
0.3512925196850394
0
LINE
8
BLACK
6
CONTINUOUS
10
0.5708662598425197
20
0.2934514960629921
11
0.5730503937007874
21
0.2853001968503937
0
LINE
8
BLACK
6
CONTINUOUS
10
0.5730503937007874
20
0.2853001968503937
11
0.5766168110236221
21
0.277651968503937
0
LINE
8
BLACK
6
CONTINUOUS
10
0.5766168110236221
20
0.277651968503937
11
0.5814571259842519
21
0.2707392913385827
0
LINE
8
BLACK
6
CONTINUOUS
10
0.5814571259842519
20
0.2707392913385827
11
0.5874243307086614
21
0.2647720866141732
0
LINE
8
BLACK
6
CONTINUOUS
10
0.5874243307086614
20
0.2647720866141732
11
0.5943370078740158
21
0.2599317716535433
0
LINE
8
BLACK
6
CONTINUOUS
10
0.5943370078740158
20
0.2599317716535433
11
0.6019852362204724
21
0.2563653543307087
0
LINE
8
BLACK
6
CONTINUOUS
10
0.6019852362204724
20
0.2563653543307087
11
0.6101365354330709
21
0.254181220472441
0
LINE
8
BLACK
6
CONTINUOUS
10
0.6101365354330709
20
0.254181220472441
11
0.6185433070866142
21
0.2534457086614173
0
LINE
8
BLACK
6
CONTINUOUS
10
0.6185433070866142
20
0.2534457086614173
11
0.6269500787401575
21
0.254181220472441
0
LINE
8
BLACK
6
CONTINUOUS
10
0.6269500787401575
20
0.254181220472441
11
0.6351013779527559
21
0.2563653543307087
0
LINE
8
BLACK
6
CONTINUOUS
10
0.6351013779527559
20
0.2563653543307087
11
0.6427496062992126
21
0.2599317716535433
0
LINE
8
BLACK
6
CONTINUOUS
10
0.6427496062992126
20
0.2599317716535433
11
0.6496622834645669
21
0.2647720866141732
0
LINE
8
BLACK
6
CONTINUOUS
10
0.6496622834645669
20
0.2647720866141732
11
0.6556294881889764
21
0.2707392913385827
0
LINE
8
BLACK
6
CONTINUOUS
10
0.6556294881889764
20
0.2707392913385827
11
0.6604698031496062
21
0.277651968503937
0
LINE
8
BLACK
6
CONTINUOUS
10
0.6604698031496062
20
0.277651968503937
11
0.6640362204724409
21
0.2853001968503937
0
LINE
8
BLACK
6
CONTINUOUS
10
0.6640362204724409
20
0.2853001968503937
11
0.6662203543307087
21
0.2934514960629921
0
LINE
8
BLACK
6
CONTINUOUS
10
0.6662203543307087
20
0.2934514960629921
11
0.6669558661417323
21
0.3018582677165354
0
LINE
8
BLACK
6
CONTINUOUS
10
0.6669558661417323
20
0.3018582677165354
11
0.6662203543307087
21
0.3102650393700787
0
LINE
8
BLACK
6
CONTINUOUS
10
0.6662203543307087
20
0.3102650393700787
11
0.6640362204724409
21
0.3184163385826771
0
LINE
8
BLACK
6
CONTINUOUS
10
0.6640362204724409
20
0.3184163385826771
11
0.6604698031496062
21
0.3260645275590551
0
LINE
8
BLACK
6
CONTINUOUS
10
0.6604698031496062
20
0.3260645275590551
11
0.6556294881889764
21
0.3329772440944882
0
LINE
8
BLACK
6
CONTINUOUS
10
0.6556294881889764
20
0.3329772440944882
11
0.6496622834645669
21
0.3389444488188976
0
LINE
8
BLACK
6
CONTINUOUS
10
0.6496622834645669
20
0.3389444488188976
11
0.6427496062992126
21
0.3437847637795275
0
LINE
8
BLACK
6
CONTINUOUS
10
0.6427496062992126
20
0.3437847637795275
11
0.6351013779527559
21
0.3473511811023622
0
LINE
8
BLACK
6
CONTINUOUS
10
0.6351013779527559
20
0.3473511811023622
11
0.6269500787401575
21
0.3495353149606299
0
LINE
8
BLACK
6
CONTINUOUS
10
0.6269500787401575
20
0.3495353149606299
11
0.6185433070866142
21
0.3502708267716536
0
LINE
8
BLACK
6
CONTINUOUS
10
0.6185433070866142
20
0.3502708267716536
11
0.6101365354330709
21
0.3495353149606299
0
LINE
8
BLACK
6
CONTINUOUS
10
0.6101365354330709
20
0.3495353149606299
11
0.6019852362204724
21
0.3473511811023622
0
LINE
8
BLACK
6
CONTINUOUS
10
0.6019852362204724
20
0.3473511811023622
11
0.5943370472440945
21
0.3437847637795275
0
LINE
8
BLACK
6
CONTINUOUS
10
0.5943370472440945
20
0.3437847637795275
11
0.5874243307086614
21
0.3389444488188976
0
LINE
8
BLACK
6
CONTINUOUS
10
0.5874243307086614
20
0.3389444488188976
11
0.5814571259842519
21
0.3329772440944882
0
LINE
8
BLACK
6
CONTINUOUS
10
0.5814571259842519
20
0.3329772440944882
11
0.5766168110236221
21
0.3260645275590551
0
LINE
8
BLACK
6
CONTINUOUS
10
0.5766168110236221
20
0.3260645275590551
11
0.5730503937007874
21
0.3184163385826771
0
LINE
8
BLACK
6
CONTINUOUS
10
0.5730503937007874
20
0.3184163385826771
11
0.5708662598425197
21
0.3102650393700787
0
LINE
8
BLACK
6
CONTINUOUS
10
0.5708662598425197
20
0.3102650393700787
11
0.5701307480314961
21
0.3018582677165354
0
LINE
8
BLACK
6
CONTINUOUS
10
0.5701307480314961
20
0.3018582677165354
11
0.5708662598425197
21
0.2934514960629921
0
LINE
8
BLACK
6
CONTINUOUS
10
2.1136758661417323
20
0.546295157480315
11
2.1142085433070865
21
0.5457624803149607
0
LINE
8
BLACK
6
CONTINUOUS
10
2.1142085433070865
20
0.5457624803149607
11
2.1142834645669293
21
0.5453858267716535
0
LINE
8
BLACK
6
CONTINUOUS
10
2.1142834645669293
20
0.5453858267716535
11
2.1142834645669293
21
0.4705826771653543
0
LINE
8
BLACK
6
CONTINUOUS
10
2.1142834645669293
20
0.4705826771653543
11
2.1142085433070865
21
0.4702060236220472
0
LINE
8
BLACK
6
CONTINUOUS
10
2.1142085433070865
20
0.4702060236220472
11
2.1136758661417323
21
0.4696733464566929
0
LINE
8
BLACK
6
CONTINUOUS
10
2.1136758661417323
20
0.4696733464566929
11
2.1132992125984251
21
0.4695984251968504
0
LINE
8
BLACK
6
CONTINUOUS
10
2.1132992125984251
20
0.4695984251968504
11
1.981015748031496
21
0.4695984251968504
0
LINE
8
BLACK
6
CONTINUOUS
10
1.981015748031496
20
0.4695984251968504
11
1.9806390944881889
21
0.4696733464566929
0
LINE
8
BLACK
6
CONTINUOUS
10
1.9806390944881889
20
0.4696733464566929
11
1.9801064173228347
21
0.4702060236220472
0
LINE
8
BLACK
6
CONTINUOUS
10
1.9801064173228347
20
0.4702060236220472
11
1.9800314960629921
21
0.4705826771653543
0
LINE
8
BLACK
6
CONTINUOUS
10
1.9800314960629921
20
0.4705826771653543
11
1.9800314960629921
21
0.5453858267716535
0
LINE
8
BLACK
6
CONTINUOUS
10
1.9800314960629921
20
0.5453858267716535
11
1.9801064173228347
21
0.5457624803149607
0
LINE
8
BLACK
6
CONTINUOUS
10
1.9801064173228347
20
0.5457624803149607
11
1.9806390944881889
21
0.546295157480315
0
LINE
8
BLACK
6
CONTINUOUS
10
1.9806390944881889
20
0.546295157480315
11
1.981015748031496
21
0.5463700787401574
0
LINE
8
BLACK
6
CONTINUOUS
10
1.981015748031496
20
0.5463700787401574
11
2.1132992125984251
21
0.5463700787401574
0
LINE
8
BLACK
6
CONTINUOUS
10
2.1132992125984251
20
0.5463700787401574
11
2.1136758661417323
21
0.546295157480315
0
LINE
8
BLACK
6
CONTINUOUS
10
1.982
20
0.5444015748031495
11
1.982
21
0.4715669291338583
0
LINE
8
BLACK
6
CONTINUOUS
10
1.982
20
0.4715669291338583
11
2.1123149606299214
21
0.4715669291338583
0
LINE
8
BLACK
6
CONTINUOUS
10
2.1123149606299214
20
0.4715669291338583
11
2.1123149606299214
21
0.5444015748031495
0
LINE
8
BLACK
6
CONTINUOUS
10
2.1123149606299214
20
0.5444015748031495
11
1.982
21
0.5444015748031495
0
LINE
8
BLACK
6
CONTINUOUS
10
2.2088727165354332
20
0.6544447637795275
11
2.2094053937007874
21
0.6539120866141732
0
LINE
8
BLACK
6
CONTINUOUS
10
2.2094053937007874
20
0.6539120866141732
11
2.2094803149606297
21
0.6535354330708661
0
LINE
8
BLACK
6
CONTINUOUS
10
2.2094803149606297
20
0.6535354330708661
11
2.2094803149606297
21
0.4724330708661417
0
LINE
8
BLACK
6
CONTINUOUS
10
2.2094803149606297
20
0.4724330708661417
11
2.2094053937007874
21
0.4720564173228347
0
LINE
8
BLACK
6
CONTINUOUS
10
2.2094053937007874
20
0.4720564173228347
11
2.2088727165354332
21
0.4715237401574803
0
LINE
8
BLACK
6
CONTINUOUS
10
2.2088727165354332
20
0.4715237401574803
11
2.208496062992126
21
0.4714488188976378
0
LINE
8
BLACK
6
CONTINUOUS
10
2.208496062992126
20
0.4714488188976378
11
2.1258188976377954
21
0.4714488188976378
0
LINE
8
BLACK
6
CONTINUOUS
10
2.1258188976377954
20
0.4714488188976378
11
2.1254422440944882
21
0.4715237401574803
0
LINE
8
BLACK
6
CONTINUOUS
10
2.1254422440944882
20
0.4715237401574803
11
2.124909566929134
21
0.4720564173228347
0
LINE
8
BLACK
6
CONTINUOUS
10
2.124909566929134
20
0.4720564173228347
11
2.1248346456692913
21
0.4724330708661417
0
LINE
8
BLACK
6
CONTINUOUS
10
2.1248346456692913
20
0.4724330708661417
11
2.1248346456692913
21
0.6535354330708661
0
LINE
8
BLACK
6
CONTINUOUS
10
2.1248346456692913
20
0.6535354330708661
11
2.124909566929134
21
0.6539120866141732
0
LINE
8
BLACK
6
CONTINUOUS
10
2.124909566929134
20
0.6539120866141732
11
2.1254422440944882
21
0.6544447637795275
0
LINE
8
BLACK
6
CONTINUOUS
10
2.1254422440944882
20
0.6544447637795275
11
2.1258188976377954
21
0.6545196850393701
0
LINE
8
BLACK
6
CONTINUOUS
10
2.1258188976377954
20
0.6545196850393701
11
2.208496062992126
21
0.6545196850393701
0
LINE
8
BLACK
6
CONTINUOUS
10
2.208496062992126
20
0.6545196850393701
11
2.2088727165354332
21
0.6544447637795275
0
LINE
8
BLACK
6
CONTINUOUS
10
2.1268031496062991
20
0.6525511811023622
11
2.1268031496062991
21
0.4734173228346457
0
LINE
8
BLACK
6
CONTINUOUS
10
2.1268031496062991
20
0.4734173228346457
11
2.2075118110236218
21
0.4734173228346457
0
LINE
8
BLACK
6
CONTINUOUS
10
2.2075118110236218
20
0.4734173228346457
11
2.2075118110236218
21
0.6525511811023622
0
LINE
8
BLACK
6
CONTINUOUS
10
2.2075118110236218
20
0.6525511811023622
11
2.1268031496062991
21
0.6525511811023622
0
LINE
8
BLACK
6
CONTINUOUS
10
1.9725577559055119
20
0.6554447637795275
11
1.9730904330708661
21
0.6549120866141732
0
LINE
8
BLACK
6
CONTINUOUS
10
1.9730904330708661
20
0.6549120866141732
11
1.9731653543307086
21
0.6545354330708661
0
LINE
8
BLACK
6
CONTINUOUS
10
1.9731653543307086
20
0.6545354330708661
11
1.9731653543307086
21
0.4734330708661417
0
LINE
8
BLACK
6
CONTINUOUS
10
1.9731653543307086
20
0.4734330708661417
11
1.9730904330708661
21
0.4730564173228347
0
LINE
8
BLACK
6
CONTINUOUS
10
1.9730904330708661
20
0.4730564173228347
11
1.9725577559055119
21
0.4725237401574803
0
LINE
8
BLACK
6
CONTINUOUS
10
1.9725577559055119
20
0.4725237401574803
11
1.9721811023622047
21
0.4724488188976378
0
LINE
8
BLACK
6
CONTINUOUS
10
1.9721811023622047
20
0.4724488188976378
11
1.8895039370078739
21
0.4724488188976378
0
LINE
8
BLACK
6
CONTINUOUS
10
1.8895039370078739
20
0.4724488188976378
11
1.8891272834645669
21
0.4725237401574803
0
LINE
8
BLACK
6
CONTINUOUS
10
1.8891272834645669
20
0.4725237401574803
11
1.8885946062992125
21
0.4730564173228347
0
LINE
8
BLACK
6
CONTINUOUS
10
1.8885946062992125
20
0.4730564173228347
11
1.88851968503937
21
0.4734330708661417
0
LINE
8
BLACK
6
CONTINUOUS
10
1.88851968503937
20
0.4734330708661417
11
1.88851968503937
21
0.6545354330708661
0
LINE
8
BLACK
6
CONTINUOUS
10
1.88851968503937
20
0.6545354330708661
11
1.8885946062992125
21
0.6549120866141732
0
LINE
8
BLACK
6
CONTINUOUS
10
1.8885946062992125
20
0.6549120866141732
11
1.8891272834645669
21
0.6554447637795275
0
LINE
8
BLACK
6
CONTINUOUS
10
1.8891272834645669
20
0.6554447637795275
11
1.8895039370078739
21
0.6555196850393701
0
LINE
8
BLACK
6
CONTINUOUS
10
1.8895039370078739
20
0.6555196850393701
11
1.9721811023622047
21
0.6555196850393701
0
LINE
8
BLACK
6
CONTINUOUS
10
1.9721811023622047
20
0.6555196850393701
11
1.9725577559055119
21
0.6554447637795275
0
LINE
8
BLACK
6
CONTINUOUS
10
1.8904881889763778
20
0.6535511811023622
11
1.8904881889763778
21
0.4744173228346457
0
LINE
8
BLACK
6
CONTINUOUS
10
1.8904881889763778
20
0.4744173228346457
11
1.9711968503937007
21
0.4744173228346457
0
LINE
8
BLACK
6
CONTINUOUS
10
1.9711968503937007
20
0.4744173228346457
11
1.9711968503937007
21
0.6535511811023622
0
LINE
8
BLACK
6
CONTINUOUS
10
1.9711968503937007
20
0.6535511811023622
11
1.8904881889763778
21
0.6535511811023622
0
LINE
8
BLACK
6
CONTINUOUS
10
1.8783609055118109
20
0.551295157480315
11
1.8788935826771653
21
0.5507624803149607
0
LINE
8
BLACK
6
CONTINUOUS
10
1.8788935826771653
20
0.5507624803149607
11
1.8789685039370079
21
0.5503858267716535
0
LINE
8
BLACK
6
CONTINUOUS
10
1.8789685039370079
20
0.5503858267716535
11
1.8789685039370079
21
0.4755826771653543
0
LINE
8
BLACK
6
CONTINUOUS
10
1.8789685039370079
20
0.4755826771653543
11
1.8788935826771653
21
0.4752060236220472
0
LINE
8
BLACK
6
CONTINUOUS
10
1.8788935826771653
20
0.4752060236220472
11
1.8783609055118109
21
0.4746733464566929
0
LINE
8
BLACK
6
CONTINUOUS
10
1.8783609055118109
20
0.4746733464566929
11
1.8779842519685039
21
0.4745984251968504
0
LINE
8
BLACK
6
CONTINUOUS
10
1.8779842519685039
20
0.4745984251968504
11
1.7457007874015749
21
0.4745984251968504
0
LINE
8
BLACK
6
CONTINUOUS
10
1.7457007874015749
20
0.4745984251968504
11
1.7453241338582677
21
0.4746733464566929
0
LINE
8
BLACK
6
CONTINUOUS
10
1.7453241338582677
20
0.4746733464566929
11
1.7447914566929132
21
0.4752060236220472
0
LINE
8
BLACK
6
CONTINUOUS
10
1.7447914566929132
20
0.4752060236220472
11
1.7447165354330709
21
0.4755826771653543
0
LINE
8
BLACK
6
CONTINUOUS
10
1.7447165354330709
20
0.4755826771653543
11
1.7447165354330709
21
0.5503858267716535
0
LINE
8
BLACK
6
CONTINUOUS
10
1.7447165354330709
20
0.5503858267716535
11
1.7447914566929132
21
0.5507624803149607
0
LINE
8
BLACK
6
CONTINUOUS
10
1.7447914566929132
20
0.5507624803149607
11
1.7453241338582677
21
0.551295157480315
0
LINE
8
BLACK
6
CONTINUOUS
10
1.7453241338582677
20
0.551295157480315
11
1.7457007874015749
21
0.5513700787401574
0
LINE
8
BLACK
6
CONTINUOUS
10
1.7457007874015749
20
0.5513700787401574
11
1.8779842519685039
21
0.5513700787401574
0
LINE
8
BLACK
6
CONTINUOUS
10
1.8779842519685039
20
0.5513700787401574
11
1.8783609055118109
21
0.551295157480315
0
LINE
8
BLACK
6
CONTINUOUS
10
1.7466850393700788
20
0.5494015748031496
11
1.7466850393700788
21
0.4765669291338582
0
LINE
8
BLACK
6
CONTINUOUS
10
1.7466850393700788
20
0.4765669291338582
11
1.877
21
0.4765669291338582
0
LINE
8
BLACK
6
CONTINUOUS
10
1.877
20
0.4765669291338582
11
1.877
21
0.5494015748031496
0
LINE
8
BLACK
6
CONTINUOUS
10
1.877
20
0.5494015748031496
11
1.7466850393700788
21
0.5494015748031496
0
LINE
8
BLACK
6
CONTINUOUS
10
2.301116811023622
20
0.6108227165354331
11
2.3016494881889762
21
0.6102900393700788
0
LINE
8
BLACK
6
CONTINUOUS
10
2.3016494881889762
20
0.6102900393700788
11
2.301724409448819
21
0.6099133858267717
0
LINE
8
BLACK
6
CONTINUOUS
10
2.301724409448819
20
0.6099133858267717
11
2.301724409448819
21
0.4760551181102362
0
LINE
8
BLACK
6
CONTINUOUS
10
2.301724409448819
20
0.4760551181102362
11
2.3016494881889762
21
0.4756784645669291
0
LINE
8
BLACK
6
CONTINUOUS
10
2.3016494881889762
20
0.4756784645669291
11
2.301116811023622
21
0.4751457874015748
0
LINE
8
BLACK
6
CONTINUOUS
10
2.301116811023622
20
0.4751457874015748
11
2.3007401574803148
21
0.4750708661417323
0
LINE
8
BLACK
6
CONTINUOUS
10
2.3007401574803148
20
0.4750708661417323
11
2.2235748031496061
21
0.4750708661417323
0
LINE
8
BLACK
6
CONTINUOUS
10
2.2235748031496061
20
0.4750708661417323
11
2.2231981496062994
21
0.4751457874015748
0
LINE
8
BLACK
6
CONTINUOUS
10
2.2231981496062994
20
0.4751457874015748
11
2.2226654724409447
21
0.4756784645669291
0
LINE
8
BLACK
6
CONTINUOUS
10
2.2226654724409447
20
0.4756784645669291
11
2.2225905511811024
21
0.4760551181102362
0
LINE
8
BLACK
6
CONTINUOUS
10
2.2225905511811024
20
0.4760551181102362
11
2.2225905511811024
21
0.6099133858267717
0
LINE
8
BLACK
6
CONTINUOUS
10
2.2225905511811024
20
0.6099133858267717
11
2.2226654724409447
21
0.6102900393700788
0
LINE
8
BLACK
6
CONTINUOUS
10
2.2226654724409447
20
0.6102900393700788
11
2.2231981496062994
21
0.6108227165354331
0
LINE
8
BLACK
6
CONTINUOUS
10
2.2231981496062994
20
0.6108227165354331
11
2.2235748031496061
21
0.6108976377952756
0
LINE
8
BLACK
6
CONTINUOUS
10
2.2235748031496061
20
0.6108976377952756
11
2.3007401574803148
21
0.6108976377952756
0
LINE
8
BLACK
6
CONTINUOUS
10
2.3007401574803148
20
0.6108976377952756
11
2.301116811023622
21
0.6108227165354331
0
LINE
8
BLACK
6
CONTINUOUS
10
2.2245590551181103
20
0.6089291338582677
11
2.2245590551181103
21
0.4770393700787401
0
LINE
8
BLACK
6
CONTINUOUS
10
2.2245590551181103
20
0.4770393700787401
11
2.2997559055118111
21
0.4770393700787401
0
LINE
8
BLACK
6
CONTINUOUS
10
2.2997559055118111
20
0.4770393700787401
11
2.2997559055118111
21
0.6089291338582677
0
LINE
8
BLACK
6
CONTINUOUS
10
2.2997559055118111
20
0.6089291338582677
11
2.2245590551181103
21
0.6089291338582677
0
LINE
8
BLACK
6
CONTINUOUS
10
2.3899357086614175
20
0.6100353149606299
11
2.3904683858267717
21
0.6095026377952756
0
LINE
8
BLACK
6
CONTINUOUS
10
2.3904683858267717
20
0.6095026377952756
11
2.390543307086614
21
0.6091259842519685
0
LINE
8
BLACK
6
CONTINUOUS
10
2.390543307086614
20
0.6091259842519685
11
2.390543307086614
21
0.4768425196850394
0
LINE
8
BLACK
6
CONTINUOUS
10
2.390543307086614
20
0.4768425196850394
11
2.3904683858267717
21
0.4764658661417323
0
LINE
8
BLACK
6
CONTINUOUS
10
2.3904683858267717
20
0.4764658661417323
11
2.3899357086614175
21
0.4759331889763779
0
LINE
8
BLACK
6
CONTINUOUS
10
2.3899357086614175
20
0.4759331889763779
11
2.3895590551181103
21
0.4758582677165354
0
LINE
8
BLACK
6
CONTINUOUS
10
2.3895590551181103
20
0.4758582677165354
11
2.3147559055118108
21
0.4758582677165354
0
LINE
8
BLACK
6
CONTINUOUS
10
2.3147559055118108
20
0.4758582677165354
11
2.314379251968504
21
0.4759331889763779
0
LINE
8
BLACK
6
CONTINUOUS
10
2.314379251968504
20
0.4759331889763779
11
2.3138465748031494
21
0.4764658661417323
0
LINE
8
BLACK
6
CONTINUOUS
10
2.3138465748031494
20
0.4764658661417323
11
2.313771653543307
21
0.4768425196850394
0
LINE
8
BLACK
6
CONTINUOUS
10
2.313771653543307
20
0.4768425196850394
11
2.313771653543307
21
0.6091259842519685
0
LINE
8
BLACK
6
CONTINUOUS
10
2.313771653543307
20
0.6091259842519685
11
2.3138465748031494
21
0.6095026377952756
0
LINE
8
BLACK
6
CONTINUOUS
10
2.3138465748031494
20
0.6095026377952756
11
2.314379251968504
21
0.6100353149606299
0
LINE
8
BLACK
6
CONTINUOUS
10
2.314379251968504
20
0.6100353149606299
11
2.3147559055118108
21
0.6101102362204724
0
LINE
8
BLACK
6
CONTINUOUS
10
2.3147559055118108
20
0.6101102362204724
11
2.3895590551181103
21
0.6101102362204724
0
LINE
8
BLACK
6
CONTINUOUS
10
2.3895590551181103
20
0.6101102362204724
11
2.3899357086614175
21
0.6100353149606299
0
LINE
8
BLACK
6
CONTINUOUS
10
2.3157401574803149
20
0.6081417322834646
11
2.3157401574803149
21
0.4778267716535433
0
LINE
8
BLACK
6
CONTINUOUS
10
2.3157401574803149
20
0.4778267716535433
11
2.3885748031496061
21
0.4778267716535433
0
LINE
8
BLACK
6
CONTINUOUS
10
2.3885748031496061
20
0.4778267716535433
11
2.3885748031496061
21
0.6081417322834646
0
LINE
8
BLACK
6
CONTINUOUS
10
2.3885748031496061
20
0.6081417322834646
11
2.3157401574803149
21
0.6081417322834646
0
LINE
8
BLACK
6
CONTINUOUS
10
0.9699278346456692
20
0.5632479133858268
11
0.9704605118110236
21
0.5627152362204725
0
LINE
8
BLACK
6
CONTINUOUS
10
0.9704605118110236
20
0.5627152362204725
11
0.9705354330708661
21
0.5623385826771653
0
LINE
8
BLACK
6
CONTINUOUS
10
0.9705354330708661
20
0.5623385826771653
11
0.9705354330708661
21
0.4796614173228346
0
LINE
8
BLACK
6
CONTINUOUS
10
0.9705354330708661
20
0.4796614173228346
11
0.9704605118110236
21
0.4792847637795276
0
LINE
8
BLACK
6
CONTINUOUS
10
0.9704605118110236
20
0.4792847637795276
11
0.9699278346456692
21
0.4787520866141732
0
LINE
8
BLACK
6
CONTINUOUS
10
0.9699278346456692
20
0.4787520866141732
11
0.9695511811023622
21
0.4786771653543307
0
LINE
8
BLACK
6
CONTINUOUS
10
0.9695511811023622
20
0.4786771653543307
11
0.7884488188976377
21
0.4786771653543307
0
LINE
8
BLACK
6
CONTINUOUS
10
0.7884488188976377
20
0.4786771653543307
11
0.7880721653543307
21
0.4787520866141732
0
LINE
8
BLACK
6
CONTINUOUS
10
0.7880721653543307
20
0.4787520866141732
11
0.7875394881889763
21
0.4792847637795276
0
LINE
8
BLACK
6
CONTINUOUS
10
0.7875394881889763
20
0.4792847637795276
11
0.7874645669291338
21
0.4796614173228346
0
LINE
8
BLACK
6
CONTINUOUS
10
0.7874645669291338
20
0.4796614173228346
11
0.7874645669291338
21
0.5623385826771653
0
LINE
8
BLACK
6
CONTINUOUS
10
0.7874645669291338
20
0.5623385826771653
11
0.7875394881889763
21
0.5627152362204725
0
LINE
8
BLACK
6
CONTINUOUS
10
0.7875394881889763
20
0.5627152362204725
11
0.7880721653543307
21
0.5632479133858268
0
LINE
8
BLACK
6
CONTINUOUS
10
0.7880721653543307
20
0.5632479133858268
11
0.7884488188976377
21
0.5633228346456692
0
LINE
8
BLACK
6
CONTINUOUS
10
0.7884488188976377
20
0.5633228346456692
11
0.9695511811023622
21
0.5633228346456692
0
LINE
8
BLACK
6
CONTINUOUS
10
0.9695511811023622
20
0.5633228346456692
11
0.9699278346456692
21
0.5632479133858268
0
LINE
8
BLACK
6
CONTINUOUS
10
0.7894330708661417
20
0.5613543307086614
11
0.7894330708661417
21
0.4806456692913386
0
LINE
8
BLACK
6
CONTINUOUS
10
0.7894330708661417
20
0.4806456692913386
11
0.9685669291338582
21
0.4806456692913386
0
LINE
8
BLACK
6
CONTINUOUS
10
0.9685669291338582
20
0.4806456692913386
11
0.9685669291338582
21
0.5613543307086614
0
LINE
8
BLACK
6
CONTINUOUS
10
0.9685669291338582
20
0.5613543307086614
11
0.7894330708661417
21
0.5613543307086614
0
LINE
8
BLACK
6
CONTINUOUS
10
1.724116811023622
20
0.6158227165354331
11
1.7246494881889762
21
0.6152900393700788
0
LINE
8
BLACK
6
CONTINUOUS
10
1.7246494881889762
20
0.6152900393700788
11
1.7247244094488188
21
0.6149133858267717
0
LINE
8
BLACK
6
CONTINUOUS
10
1.7247244094488188
20
0.6149133858267717
11
1.7247244094488188
21
0.4810551181102362
0
LINE
8
BLACK
6
CONTINUOUS
10
1.7247244094488188
20
0.4810551181102362
11
1.7246494881889762
21
0.4806784645669291
0
LINE
8
BLACK
6
CONTINUOUS
10
1.7246494881889762
20
0.4806784645669291
11
1.724116811023622
21
0.4801457874015748
0
LINE
8
BLACK
6
CONTINUOUS
10
1.724116811023622
20
0.4801457874015748
11
1.7237401574803148
21
0.4800708661417323
0
LINE
8
BLACK
6
CONTINUOUS
10
1.7237401574803148
20
0.4800708661417323
11
1.6465748031496064
21
0.4800708661417323
0
LINE
8
BLACK
6
CONTINUOUS
10
1.6465748031496064
20
0.4800708661417323
11
1.6461981496062992
21
0.4801457874015748
0
LINE
8
BLACK
6
CONTINUOUS
10
1.6461981496062992
20
0.4801457874015748
11
1.6456654724409447
21
0.4806784645669291
0
LINE
8
BLACK
6
CONTINUOUS
10
1.6456654724409447
20
0.4806784645669291
11
1.6455905511811024
21
0.4810551181102362
0
LINE
8
BLACK
6
CONTINUOUS
10
1.6455905511811024
20
0.4810551181102362
11
1.6455905511811024
21
0.6149133858267717
0
LINE
8
BLACK
6
CONTINUOUS
10
1.6455905511811024
20
0.6149133858267717
11
1.6456654724409447
21
0.6152900393700788
0
LINE
8
BLACK
6
CONTINUOUS
10
1.6456654724409447
20
0.6152900393700788
11
1.6461981496062992
21
0.6158227165354331
0
LINE
8
BLACK
6
CONTINUOUS
10
1.6461981496062992
20
0.6158227165354331
11
1.6465748031496064
21
0.6158976377952756
0
LINE
8
BLACK
6
CONTINUOUS
10
1.6465748031496064
20
0.6158976377952756
11
1.7237401574803148
21
0.6158976377952756
0
LINE
8
BLACK
6
CONTINUOUS
10
1.7237401574803148
20
0.6158976377952756
11
1.724116811023622
21
0.6158227165354331
0
LINE
8
BLACK
6
CONTINUOUS
10
1.6475590551181103
20
0.6139291338582678
11
1.6475590551181103
21
0.4820393700787401
0
LINE
8
BLACK
6
CONTINUOUS
10
1.6475590551181103
20
0.4820393700787401
11
1.7227559055118109
21
0.4820393700787401
0
LINE
8
BLACK
6
CONTINUOUS
10
1.7227559055118109
20
0.4820393700787401
11
1.7227559055118109
21
0.6139291338582678
0
LINE
8
BLACK
6
CONTINUOUS
10
1.7227559055118109
20
0.6139291338582678
11
1.6475590551181103
21
0.6139291338582678
0
LINE
8
BLACK
6
CONTINUOUS
10
1.1205183858267715
20
0.5583109055118111
11
1.121051062992126
21
0.5577782283464566
0
LINE
8
BLACK
6
CONTINUOUS
10
1.121051062992126
20
0.5577782283464566
11
1.1211259842519685
21
0.5574015748031496
0
LINE
8
BLACK
6
CONTINUOUS
10
1.1211259842519685
20
0.5574015748031496
11
1.1211259842519685
21
0.4825984251968504
0
LINE
8
BLACK
6
CONTINUOUS
10
1.1211259842519685
20
0.4825984251968504
11
1.121051062992126
21
0.4822217716535433
0
LINE
8
BLACK
6
CONTINUOUS
10
1.121051062992126
20
0.4822217716535433
11
1.1205183858267715
21
0.481689094488189
0
LINE
8
BLACK
6
CONTINUOUS
10
1.1205183858267715
20
0.481689094488189
11
1.1201417322834646
21
0.4816141732283464
0
LINE
8
BLACK
6
CONTINUOUS
10
1.1201417322834646
20
0.4816141732283464
11
0.9878582677165354
21
0.4816141732283464
0
LINE
8
BLACK
6
CONTINUOUS
10
0.9878582677165354
20
0.4816141732283464
11
0.9874816141732283
21
0.481689094488189
0
LINE
8
BLACK
6
CONTINUOUS
10
0.9874816141732283
20
0.481689094488189
11
0.986948937007874
21
0.4822217716535433
0
LINE
8
BLACK
6
CONTINUOUS
10
0.986948937007874
20
0.4822217716535433
11
0.9868740157480315
21
0.4825984251968504
0
LINE
8
BLACK
6
CONTINUOUS
10
0.9868740157480315
20
0.4825984251968504
11
0.9868740157480315
21
0.5574015748031496
0
LINE
8
BLACK
6
CONTINUOUS
10
0.9868740157480315
20
0.5574015748031496
11
0.986948937007874
21
0.5577782283464566
0
LINE
8
BLACK
6
CONTINUOUS
10
0.986948937007874
20
0.5577782283464566
11
0.9874816141732283
21
0.5583109055118111
0
LINE
8
BLACK
6
CONTINUOUS
10
0.9874816141732283
20
0.5583109055118111
11
0.9878582677165354
21
0.5583858267716535
0
LINE
8
BLACK
6
CONTINUOUS
10
0.9878582677165354
20
0.5583858267716535
11
1.1201417322834646
21
0.5583858267716535
0
LINE
8
BLACK
6
CONTINUOUS
10
1.1201417322834646
20
0.5583858267716535
11
1.1205183858267715
21
0.5583109055118111
0
LINE
8
BLACK
6
CONTINUOUS
10
0.9888425196850393
20
0.5564173228346456
11
0.9888425196850393
21
0.4835826771653543
0
LINE
8
BLACK
6
CONTINUOUS
10
0.9888425196850393
20
0.4835826771653543
11
1.1191574803149607
21
0.4835826771653543
0
LINE
8
BLACK
6
CONTINUOUS
10
1.1191574803149607
20
0.4835826771653543
11
1.1191574803149607
21
0.5564173228346456
0
LINE
8
BLACK
6
CONTINUOUS
10
1.1191574803149607
20
0.5564173228346456
11
0.9888425196850393
21
0.5564173228346456
0
LINE
8
BLACK
6
CONTINUOUS
10
1.5677782283464567
20
0.6760510629921259
11
1.568310905511811
21
0.6755183858267716
0
LINE
8
BLACK
6
CONTINUOUS
10
1.568310905511811
20
0.6755183858267716
11
1.5683858267716535
21
0.6751417322834645
0
LINE
8
BLACK
6
CONTINUOUS
10
1.5683858267716535
20
0.6751417322834645
11
1.5683858267716535
21
0.5428582677165354
0
LINE
8
BLACK
6
CONTINUOUS
10
1.5683858267716535
20
0.5428582677165354
11
1.568310905511811
21
0.5424816141732284
0
LINE
8
BLACK
6
CONTINUOUS
10
1.568310905511811
20
0.5424816141732284
11
1.5677782283464567
21
0.5419489370078741
0
LINE
8
BLACK
6
CONTINUOUS
10
1.5677782283464567
20
0.5419489370078741
11
1.5674015748031496
21
0.5418740157480315
0
LINE
8
BLACK
6
CONTINUOUS
10
1.5674015748031496
20
0.5418740157480315
11
1.4925984251968503
21
0.5418740157480315
0
LINE
8
BLACK
6
CONTINUOUS
10
1.4925984251968503
20
0.5418740157480315
11
1.4922217716535433
21
0.5419489370078741
0
LINE
8
BLACK
6
CONTINUOUS
10
1.4922217716535433
20
0.5419489370078741
11
1.4916890944881889
21
0.5424816141732284
0
LINE
8
BLACK
6
CONTINUOUS
10
1.4916890944881889
20
0.5424816141732284
11
1.4916141732283463
21
0.5428582677165354
0
LINE
8
BLACK
6
CONTINUOUS
10
1.4916141732283463
20
0.5428582677165354
11
1.4916141732283463
21
0.6751417322834645
0
LINE
8
BLACK
6
CONTINUOUS
10
1.4916141732283463
20
0.6751417322834645
11
1.4916890944881889
21
0.6755183858267716
0
LINE
8
BLACK
6
CONTINUOUS
10
1.4916890944881889
20
0.6755183858267716
11
1.4922217716535433
21
0.6760510629921259
0
LINE
8
BLACK
6
CONTINUOUS
10
1.4922217716535433
20
0.6760510629921259
11
1.4925984251968503
21
0.6761259842519685
0
LINE
8
BLACK
6
CONTINUOUS
10
1.4925984251968503
20
0.6761259842519685
11
1.5674015748031496
21
0.6761259842519685
0
LINE
8
BLACK
6
CONTINUOUS
10
1.5674015748031496
20
0.6761259842519685
11
1.5677782283464567
21
0.6760510629921259
0
LINE
8
BLACK
6
CONTINUOUS
10
1.4935826771653542
20
0.6741574803149606
11
1.4935826771653542
21
0.5438425196850394
0
LINE
8
BLACK
6
CONTINUOUS
10
1.4935826771653542
20
0.5438425196850394
11
1.5664173228346456
21
0.5438425196850394
0
LINE
8
BLACK
6
CONTINUOUS
10
1.5664173228346456
20
0.5438425196850394
11
1.5664173228346456
21
0.6741574803149606
0
LINE
8
BLACK
6
CONTINUOUS
10
1.5664173228346456
20
0.6741574803149606
11
1.4935826771653542
21
0.6741574803149606
0
LINE
8
BLACK
6
CONTINUOUS
10
2.0877782283464565
20
0.6990510629921259
11
2.0883109055118108
21
0.6985183858267716
0
LINE
8
BLACK
6
CONTINUOUS
10
2.0883109055118108
20
0.6985183858267716
11
2.0883858267716535
21
0.6981417322834645
0
LINE
8
BLACK
6
CONTINUOUS
10
2.0883858267716535
20
0.6981417322834645
11
2.0883858267716535
21
0.5658582677165355
0
LINE
8
BLACK
6
CONTINUOUS
10
2.0883858267716535
20
0.5658582677165355
11
2.0883109055118108
21
0.5654816141732283
0
LINE
8
BLACK
6
CONTINUOUS
10
2.0883109055118108
20
0.5654816141732283
11
2.0877782283464565
21
0.564948937007874
0
LINE
8
BLACK
6
CONTINUOUS
10
2.0877782283464565
20
0.564948937007874
11
2.0874015748031494
21
0.5648740157480315
0
LINE
8
BLACK
6
CONTINUOUS
10
2.0874015748031494
20
0.5648740157480315
11
2.0125984251968503
21
0.5648740157480315
0
LINE
8
BLACK
6
CONTINUOUS
10
2.0125984251968503
20
0.5648740157480315
11
2.0122217716535431
21
0.564948937007874
0
LINE
8
BLACK
6
CONTINUOUS
10
2.0122217716535431
20
0.564948937007874
11
2.0116890944881889
21
0.5654816141732283
0
LINE
8
BLACK
6
CONTINUOUS
10
2.0116890944881889
20
0.5654816141732283
11
2.0116141732283466
21
0.5658582677165355
0
LINE
8
BLACK
6
CONTINUOUS
10
2.0116141732283466
20
0.5658582677165355
11
2.0116141732283466
21
0.6981417322834645
0
LINE
8
BLACK
6
CONTINUOUS
10
2.0116141732283466
20
0.6981417322834645
11
2.0116890944881889
21
0.6985183858267716
0
LINE
8
BLACK
6
CONTINUOUS
10
2.0116890944881889
20
0.6985183858267716
11
2.0122217716535431
21
0.6990510629921259
0
LINE
8
BLACK
6
CONTINUOUS
10
2.0122217716535431
20
0.6990510629921259
11
2.0125984251968503
21
0.6991259842519685
0
LINE
8
BLACK
6
CONTINUOUS
10
2.0125984251968503
20
0.6991259842519685
11
2.0874015748031494
21
0.6991259842519685
0
LINE
8
BLACK
6
CONTINUOUS
10
2.0874015748031494
20
0.6991259842519685
11
2.0877782283464565
21
0.6990510629921259
0
LINE
8
BLACK
6
CONTINUOUS
10
2.0135826771653544
20
0.6971574803149606
11
2.0135826771653544
21
0.5668425196850394
0
LINE
8
BLACK
6
CONTINUOUS
10
2.0135826771653544
20
0.5668425196850394
11
2.0864173228346456
21
0.5668425196850394
0
LINE
8
BLACK
6
CONTINUOUS
10
2.0864173228346456
20
0.5668425196850394
11
2.0864173228346456
21
0.6971574803149606
0
LINE
8
BLACK
6
CONTINUOUS
10
2.0864173228346456
20
0.6971574803149606
11
2.0135826771653544
21
0.6971574803149606
0
LINE
8
BLACK
6
CONTINUOUS
10
0.9693057874015748
20
0.6454920078740157
11
0.9698384645669291
21
0.6449593307086614
0
LINE
8
BLACK
6
CONTINUOUS
10
0.9698384645669291
20
0.6449593307086614
11
0.9699133858267717
21
0.6445826771653543
0
LINE
8
BLACK
6
CONTINUOUS
10
0.9699133858267717
20
0.6445826771653543
11
0.9699133858267717
21
0.5674173228346456
0
LINE
8
BLACK
6
CONTINUOUS
10
0.9699133858267717
20
0.5674173228346456
11
0.9698384645669291
21
0.5670406692913386
0
LINE
8
BLACK
6
CONTINUOUS
10
0.9698384645669291
20
0.5670406692913386
11
0.9693057874015748
21
0.5665079921259842
0
LINE
8
BLACK
6
CONTINUOUS
10
0.9693057874015748
20
0.5665079921259842
11
0.9689291338582677
21
0.5664330708661417
0
LINE
8
BLACK
6
CONTINUOUS
10
0.9689291338582677
20
0.5664330708661417
11
0.8350708661417323
21
0.5664330708661417
0
LINE
8
BLACK
6
CONTINUOUS
10
0.8350708661417323
20
0.5664330708661417
11
0.8346942125984251
21
0.5665079921259842
0
LINE
8
BLACK
6
CONTINUOUS
10
0.8346942125984251
20
0.5665079921259842
11
0.8341615354330708
21
0.5670406692913386
0
LINE
8
BLACK
6
CONTINUOUS
10
0.8341615354330708
20
0.5670406692913386
11
0.8340866141732284
21
0.5674173228346456
0
LINE
8
BLACK
6
CONTINUOUS
10
0.8340866141732284
20
0.5674173228346456
11
0.8340866141732284
21
0.6445826771653543
0
LINE
8
BLACK
6
CONTINUOUS
10
0.8340866141732284
20
0.6445826771653543
11
0.8341615354330708
21
0.6449593307086614
0
LINE
8
BLACK
6
CONTINUOUS
10
0.8341615354330708
20
0.6449593307086614
11
0.8346942125984251
21
0.6454920078740157
0
LINE
8
BLACK
6
CONTINUOUS
10
0.8346942125984251
20
0.6454920078740157
11
0.8350708661417323
21
0.6455669291338583
0
LINE
8
BLACK
6
CONTINUOUS
10
0.8350708661417323
20
0.6455669291338583
11
0.9689291338582677
21
0.6455669291338583
0
LINE
8
BLACK
6
CONTINUOUS
10
0.9689291338582677
20
0.6455669291338583
11
0.9693057874015748
21
0.6454920078740157
0
LINE
8
BLACK
6
CONTINUOUS
10
0.8360551181102363
20
0.6435984251968504
11
0.8360551181102363
21
0.5684015748031496
0
LINE
8
BLACK
6
CONTINUOUS
10
0.8360551181102363
20
0.5684015748031496
11
0.9679448818897638
21
0.5684015748031496
0
LINE
8
BLACK
6
CONTINUOUS
10
0.9679448818897638
20
0.5684015748031496
11
0.9679448818897638
21
0.6435984251968504
0
LINE
8
BLACK
6
CONTINUOUS
10
0.9679448818897638
20
0.6435984251968504
11
0.8360551181102363
21
0.6435984251968504
0
LINE
8
BLACK
6
CONTINUOUS
10
1.8839593307086613
20
0.7188384645669291
11
1.8844920078740157
21
0.7183057874015748
0
LINE
8
BLACK
6
CONTINUOUS
10
1.8844920078740157
20
0.7183057874015748
11
1.8845669291338583
21
0.7179291338582677
0
LINE
8
BLACK
6
CONTINUOUS
10
1.8845669291338583
20
0.7179291338582677
11
1.8845669291338583
21
0.5840708661417323
0
LINE
8
BLACK
6
CONTINUOUS
10
1.8845669291338583
20
0.5840708661417323
11
1.8844920078740157
21
0.5836942125984251
0
LINE
8
BLACK
6
CONTINUOUS
10
1.8844920078740157
20
0.5836942125984251
11
1.8839593307086613
21
0.5831615354330708
0
LINE
8
BLACK
6
CONTINUOUS
10
1.8839593307086613
20
0.5831615354330708
11
1.8835826771653543
21
0.5830866141732284
0
LINE
8
BLACK
6
CONTINUOUS
10
1.8835826771653543
20
0.5830866141732284
11
1.8064173228346456
21
0.5830866141732284
0
LINE
8
BLACK
6
CONTINUOUS
10
1.8064173228346456
20
0.5830866141732284
11
1.8060406692913384
21
0.5831615354330708
0
LINE
8
BLACK
6
CONTINUOUS
10
1.8060406692913384
20
0.5831615354330708
11
1.8055079921259842
21
0.5836942125984251
0
LINE
8
BLACK
6
CONTINUOUS
10
1.8055079921259842
20
0.5836942125984251
11
1.8054330708661417
21
0.5840708661417323
0
LINE
8
BLACK
6
CONTINUOUS
10
1.8054330708661417
20
0.5840708661417323
11
1.8054330708661417
21
0.7179291338582677
0
LINE
8
BLACK
6
CONTINUOUS
10
1.8054330708661417
20
0.7179291338582677
11
1.8055079921259842
21
0.7183057874015748
0
LINE
8
BLACK
6
CONTINUOUS
10
1.8055079921259842
20
0.7183057874015748
11
1.8060406692913384
21
0.7188384645669291
0
LINE
8
BLACK
6
CONTINUOUS
10
1.8060406692913384
20
0.7188384645669291
11
1.8064173228346456
21
0.7189133858267717
0
LINE
8
BLACK
6
CONTINUOUS
10
1.8064173228346456
20
0.7189133858267717
11
1.8835826771653543
21
0.7189133858267717
0
LINE
8
BLACK
6
CONTINUOUS
10
1.8835826771653543
20
0.7189133858267717
11
1.8839593307086613
21
0.7188384645669291
0
LINE
8
BLACK
6
CONTINUOUS
10
1.8074015748031496
20
0.7169448818897638
11
1.8074015748031496
21
0.5850551181102362
0
LINE
8
BLACK
6
CONTINUOUS
10
1.8074015748031496
20
0.5850551181102362
11
1.8825984251968504
21
0.5850551181102362
0
LINE
8
BLACK
6
CONTINUOUS
10
1.8825984251968504
20
0.5850551181102362
11
1.8825984251968504
21
0.7169448818897638
0
LINE
8
BLACK
6
CONTINUOUS
10
1.8825984251968504
20
0.7169448818897638
11
1.8074015748031496
21
0.7169448818897638
0
LINE
8
BLACK
6
CONTINUOUS
10
1.4799278346456692
20
0.6912479133858268
11
1.4804605118110237
21
0.6907152362204724
0
LINE
8
BLACK
6
CONTINUOUS
10
1.4804605118110237
20
0.6907152362204724
11
1.4805354330708662
21
0.6903385826771653
0
LINE
8
BLACK
6
CONTINUOUS
10
1.4805354330708662
20
0.6903385826771653
11
1.4805354330708662
21
0.6076614173228346
0
LINE
8
BLACK
6
CONTINUOUS
10
1.4805354330708662
20
0.6076614173228346
11
1.4804605118110237
21
0.6072847637795276
0
LINE
8
BLACK
6
CONTINUOUS
10
1.4804605118110237
20
0.6072847637795276
11
1.4799278346456692
21
0.6067520866141732
0
LINE
8
BLACK
6
CONTINUOUS
10
1.4799278346456692
20
0.6067520866141732
11
1.4795511811023623
21
0.6066771653543307
0
LINE
8
BLACK
6
CONTINUOUS
10
1.4795511811023623
20
0.6066771653543307
11
1.2984488188976377
21
0.6066771653543307
0
LINE
8
BLACK
6
CONTINUOUS
10
1.2984488188976377
20
0.6066771653543307
11
1.2980721653543308
21
0.6067520866141732
0
LINE
8
BLACK
6
CONTINUOUS
10
1.2980721653543308
20
0.6067520866141732
11
1.2975394881889764
21
0.6072847637795276
0
LINE
8
BLACK
6
CONTINUOUS
10
1.2975394881889764
20
0.6072847637795276
11
1.2974645669291338
21
0.6076614173228346
0
LINE
8
BLACK
6
CONTINUOUS
10
1.2974645669291338
20
0.6076614173228346
11
1.2974645669291338
21
0.6903385826771653
0
LINE
8
BLACK
6
CONTINUOUS
10
1.2974645669291338
20
0.6903385826771653
11
1.2975394881889764
21
0.6907152362204724
0
LINE
8
BLACK
6
CONTINUOUS
10
1.2975394881889764
20
0.6907152362204724
11
1.2980721653543308
21
0.6912479133858268
0
LINE
8
BLACK
6
CONTINUOUS
10
1.2980721653543308
20
0.6912479133858268
11
1.2984488188976377
21
0.6913228346456692
0
LINE
8
BLACK
6
CONTINUOUS
10
1.2984488188976377
20
0.6913228346456692
11
1.4795511811023623
21
0.6913228346456692
0
LINE
8
BLACK
6
CONTINUOUS
10
1.4795511811023623
20
0.6913228346456692
11
1.4799278346456692
21
0.6912479133858268
0
LINE
8
BLACK
6
CONTINUOUS
10
1.2994330708661417
20
0.6893543307086614
11
1.2994330708661417
21
0.6086456692913386
0
LINE
8
BLACK
6
CONTINUOUS
10
1.2994330708661417
20
0.6086456692913386
11
1.4785669291338583
21
0.6086456692913386
0
LINE
8
BLACK
6
CONTINUOUS
10
1.4785669291338583
20
0.6086456692913386
11
1.4785669291338583
21
0.6893543307086614
0
LINE
8
BLACK
6
CONTINUOUS
10
1.4785669291338583
20
0.6893543307086614
11
1.2994330708661417
21
0.6893543307086614
0
LINE
8
BLACK
6
CONTINUOUS
10
2.3985183858267716
20
0.701310905511811
11
2.3990510629921258
21
0.7007782283464566
0
LINE
8
BLACK
6
CONTINUOUS
10
2.3990510629921258
20
0.7007782283464566
11
2.3991259842519685
21
0.7004015748031496
0
LINE
8
BLACK
6
CONTINUOUS
10
2.3991259842519685
20
0.7004015748031496
11
2.3991259842519685
21
0.6255984251968504
0
LINE
8
BLACK
6
CONTINUOUS
10
2.3991259842519685
20
0.6255984251968504
11
2.3990510629921258
21
0.6252217716535433
0
LINE
8
BLACK
6
CONTINUOUS
10
2.3990510629921258
20
0.6252217716535433
11
2.3985183858267716
21
0.624689094488189
0
LINE
8
BLACK
6
CONTINUOUS
10
2.3985183858267716
20
0.624689094488189
11
2.3981417322834644
21
0.6246141732283464
0
LINE
8
BLACK
6
CONTINUOUS
10
2.3981417322834644
20
0.6246141732283464
11
2.2658582677165353
21
0.6246141732283464
0
LINE
8
BLACK
6
CONTINUOUS
10
2.2658582677165353
20
0.6246141732283464
11
2.2654816141732281
21
0.624689094488189
0
LINE
8
BLACK
6
CONTINUOUS
10
2.2654816141732281
20
0.624689094488189
11
2.2649489370078739
21
0.6252217716535433
0
LINE
8
BLACK
6
CONTINUOUS
10
2.2649489370078739
20
0.6252217716535433
11
2.2648740157480316
21
0.6255984251968504
0
LINE
8
BLACK
6
CONTINUOUS
10
2.2648740157480316
20
0.6255984251968504
11
2.2648740157480316
21
0.7004015748031496
0
LINE
8
BLACK
6
CONTINUOUS
10
2.2648740157480316
20
0.7004015748031496
11
2.2649489370078739
21
0.7007782283464566
0
LINE
8
BLACK
6
CONTINUOUS
10
2.2649489370078739
20
0.7007782283464566
11
2.2654816141732281
21
0.701310905511811
0
LINE
8
BLACK
6
CONTINUOUS
10
2.2654816141732281
20
0.701310905511811
11
2.2658582677165353
21
0.7013858267716535
0
LINE
8
BLACK
6
CONTINUOUS
10
2.2658582677165353
20
0.7013858267716535
11
2.3981417322834644
21
0.7013858267716535
0
LINE
8
BLACK
6
CONTINUOUS
10
2.3981417322834644
20
0.7013858267716535
11
2.3985183858267716
21
0.701310905511811
0
LINE
8
BLACK
6
CONTINUOUS
10
2.2668425196850395
20
0.6994173228346456
11
2.2668425196850395
21
0.6265826771653543
0
LINE
8
BLACK
6
CONTINUOUS
10
2.2668425196850395
20
0.6265826771653543
11
2.3971574803149607
21
0.6265826771653543
0
LINE
8
BLACK
6
CONTINUOUS
10
2.3971574803149607
20
0.6265826771653543
11
2.3971574803149607
21
0.6994173228346456
0
LINE
8
BLACK
6
CONTINUOUS
10
2.3971574803149607
20
0.6994173228346456
11
2.2668425196850395
21
0.6994173228346456
0
LINE
8
BLACK
6
CONTINUOUS
10
1.800593188976378
20
0.718310905511811
11
1.8011258661417322
21
0.7177782283464567
0
LINE
8
BLACK
6
CONTINUOUS
10
1.8011258661417322
20
0.7177782283464567
11
1.8012007874015747
21
0.7174015748031496
0
LINE
8
BLACK
6
CONTINUOUS
10
1.8012007874015747
20
0.7174015748031496
11
1.8012007874015747
21
0.6425984251968504
0
LINE
8
BLACK
6
CONTINUOUS
10
1.8012007874015747
20
0.6425984251968504
11
1.8011258661417322
21
0.6422217716535433
0
LINE
8
BLACK
6
CONTINUOUS
10
1.8011258661417322
20
0.6422217716535433
11
1.800593188976378
21
0.641689094488189
0
LINE
8
BLACK
6
CONTINUOUS
10
1.800593188976378
20
0.641689094488189
11
1.8002165354330708
21
0.6416141732283465
0
LINE
8
BLACK
6
CONTINUOUS
10
1.8002165354330708
20
0.6416141732283465
11
1.6679330708661417
21
0.6416141732283465
0
LINE
8
BLACK
6
CONTINUOUS
10
1.6679330708661417
20
0.6416141732283465
11
1.6675564173228345
21
0.641689094488189
0
LINE
8
BLACK
6
CONTINUOUS
10
1.6675564173228345
20
0.641689094488189
11
1.6670237401574803
21
0.6422217716535433
0
LINE
8
BLACK
6
CONTINUOUS
10
1.6670237401574803
20
0.6422217716535433
11
1.6669488188976378
21
0.6425984251968504
0
LINE
8
BLACK
6
CONTINUOUS
10
1.6669488188976378
20
0.6425984251968504
11
1.6669488188976378
21
0.7174015748031496
0
LINE
8
BLACK
6
CONTINUOUS
10
1.6669488188976378
20
0.7174015748031496
11
1.6670237401574803
21
0.7177782283464567
0
LINE
8
BLACK
6
CONTINUOUS
10
1.6670237401574803
20
0.7177782283464567
11
1.6675564173228345
21
0.718310905511811
0
LINE
8
BLACK
6
CONTINUOUS
10
1.6675564173228345
20
0.718310905511811
11
1.6679330708661417
21
0.7183858267716535
0
LINE
8
BLACK
6
CONTINUOUS
10
1.6679330708661417
20
0.7183858267716535
11
1.8002165354330708
21
0.7183858267716535
0
LINE
8
BLACK
6
CONTINUOUS
10
1.8002165354330708
20
0.7183858267716535
11
1.800593188976378
21
0.718310905511811
0
LINE
8
BLACK
6
CONTINUOUS
10
1.6689173228346457
20
0.7164173228346457
11
1.6689173228346457
21
0.6435826771653543
0
LINE
8
BLACK
6
CONTINUOUS
10
1.6689173228346457
20
0.6435826771653543
11
1.7992322834645669
21
0.6435826771653543
0
LINE
8
BLACK
6
CONTINUOUS
10
1.7992322834645669
20
0.6435826771653543
11
1.7992322834645669
21
0.7164173228346457
0
LINE
8
BLACK
6
CONTINUOUS
10
1.7992322834645669
20
0.7164173228346457
11
1.6689173228346457
21
0.7164173228346457
0
LINE
8
BLACK
6
CONTINUOUS
10
1.0353057874015748
20
0.8366179921259842
11
1.0358384645669292
21
0.8360853149606299
0
LINE
8
BLACK
6
CONTINUOUS
10
1.0358384645669292
20
0.8360853149606299
11
1.0359133858267717
21
0.8357086614173228
0
LINE
8
BLACK
6
CONTINUOUS
10
1.0359133858267717
20
0.8357086614173228
11
1.0359133858267717
21
0.6742913385826772
0
LINE
8
BLACK
6
CONTINUOUS
10
1.0359133858267717
20
0.6742913385826772
11
1.0358384645669292
21
0.67391468503937
0
LINE
8
BLACK
6
CONTINUOUS
10
1.0358384645669292
20
0.67391468503937
11
1.0353057874015748
21
0.6733820078740157
0
LINE
8
BLACK
6
CONTINUOUS
10
1.0353057874015748
20
0.6733820078740157
11
1.0349291338582678
21
0.6733070866141733
0
LINE
8
BLACK
6
CONTINUOUS
10
1.0349291338582678
20
0.6733070866141733
11
0.9010708661417323
21
0.6733070866141733
0
LINE
8
BLACK
6
CONTINUOUS
10
0.9010708661417323
20
0.6733070866141733
11
0.9006942125984252
21
0.6733820078740157
0
LINE
8
BLACK
6
CONTINUOUS
10
0.9006942125984252
20
0.6733820078740157
11
0.9001615354330709
21
0.67391468503937
0
LINE
8
BLACK
6
CONTINUOUS
10
0.9001615354330709
20
0.67391468503937
11
0.9000866141732283
21
0.6742913385826772
0
LINE
8
BLACK
6
CONTINUOUS
10
0.9000866141732283
20
0.6742913385826772
11
0.9000866141732283
21
0.8357086614173228
0
LINE
8
BLACK
6
CONTINUOUS
10
0.9000866141732283
20
0.8357086614173228
11
0.9001615354330709
21
0.8360853149606299
0
LINE
8
BLACK
6
CONTINUOUS
10
0.9001615354330709
20
0.8360853149606299
11
0.9006942125984252
21
0.8366179921259842
0
LINE
8
BLACK
6
CONTINUOUS
10
0.9006942125984252
20
0.8366179921259842
11
0.9010708661417323
21
0.8366929133858267
0
LINE
8
BLACK
6
CONTINUOUS
10
0.9010708661417323
20
0.8366929133858267
11
1.0349291338582678
21
0.8366929133858267
0
LINE
8
BLACK
6
CONTINUOUS
10
1.0349291338582678
20
0.8366929133858267
11
1.0353057874015748
21
0.8366179921259842
0
LINE
8
BLACK
6
CONTINUOUS
10
0.9020551181102362
20
0.8347244094488189
11
0.9020551181102362
21
0.6752755905511811
0
LINE
8
BLACK
6
CONTINUOUS
10
0.9020551181102362
20
0.6752755905511811
11
1.0339448818897639
21
0.6752755905511811
0
LINE
8
BLACK
6
CONTINUOUS
10
1.0339448818897639
20
0.6752755905511811
11
1.0339448818897639
21
0.8347244094488189
0
LINE
8
BLACK
6
CONTINUOUS
10
1.0339448818897639
20
0.8347244094488189
11
0.9020551181102362
21
0.8347244094488189
0
LINE
8
BLACK
6
CONTINUOUS
10
1.4803057874015748
20
0.7814920078740157
11
1.480838464566929
21
0.7809593307086614
0
LINE
8
BLACK
6
CONTINUOUS
10
1.480838464566929
20
0.7809593307086614
11
1.4809133858267716
21
0.7805826771653543
0
LINE
8
BLACK
6
CONTINUOUS
10
1.4809133858267716
20
0.7805826771653543
11
1.4809133858267716
21
0.7034173228346456
0
LINE
8
BLACK
6
CONTINUOUS
10
1.4809133858267716
20
0.7034173228346456
11
1.480838464566929
21
0.7030406692913386
0
LINE
8
BLACK
6
CONTINUOUS
10
1.480838464566929
20
0.7030406692913386
11
1.4803057874015748
21
0.7025079921259842
0
LINE
8
BLACK
6
CONTINUOUS
10
1.4803057874015748
20
0.7025079921259842
11
1.4799291338582676
21
0.7024330708661417
0
LINE
8
BLACK
6
CONTINUOUS
10
1.4799291338582676
20
0.7024330708661417
11
1.3460708661417322
21
0.7024330708661417
0
LINE
8
BLACK
6
CONTINUOUS
10
1.3460708661417322
20
0.7024330708661417
11
1.3456942125984253
21
0.7025079921259842
0
LINE
8
BLACK
6
CONTINUOUS
10
1.3456942125984253
20
0.7025079921259842
11
1.3451615354330708
21
0.7030406692913386
0
LINE
8
BLACK
6
CONTINUOUS
10
1.3451615354330708
20
0.7030406692913386
11
1.3450866141732283
21
0.7034173228346456
0
LINE
8
BLACK
6
CONTINUOUS
10
1.3450866141732283
20
0.7034173228346456
11
1.3450866141732283
21
0.7805826771653543
0
LINE
8
BLACK
6
CONTINUOUS
10
1.3450866141732283
20
0.7805826771653543
11
1.3451615354330708
21
0.7809593307086614
0
LINE
8
BLACK
6
CONTINUOUS
10
1.3451615354330708
20
0.7809593307086614
11
1.3456942125984253
21
0.7814920078740157
0
LINE
8
BLACK
6
CONTINUOUS
10
1.3456942125984253
20
0.7814920078740157
11
1.3460708661417322
21
0.7815669291338583
0
LINE
8
BLACK
6
CONTINUOUS
10
1.3460708661417322
20
0.7815669291338583
11
1.4799291338582676
21
0.7815669291338583
0
LINE
8
BLACK
6
CONTINUOUS
10
1.4799291338582676
20
0.7815669291338583
11
1.4803057874015748
21
0.7814920078740157
0
LINE
8
BLACK
6
CONTINUOUS
10
1.3470551181102361
20
0.7795984251968504
11
1.3470551181102361
21
0.7044015748031496
0
LINE
8
BLACK
6
CONTINUOUS
10
1.3470551181102361
20
0.7044015748031496
11
1.4789448818897637
21
0.7044015748031496
0
LINE
8
BLACK
6
CONTINUOUS
10
1.4789448818897637
20
0.7044015748031496
11
1.4789448818897637
21
0.7795984251968504
0
LINE
8
BLACK
6
CONTINUOUS
10
1.4789448818897637
20
0.7795984251968504
11
1.3470551181102361
21
0.7795984251968504
0
LINE
8
BLACK
6
CONTINUOUS
10
2.4079278346456694
20
0.8389014566929134
11
2.4084605118110236
21
0.8383687795275591
0
LINE
8
BLACK
6
CONTINUOUS
10
2.4084605118110236
20
0.8383687795275591
11
2.4085354330708659
21
0.837992125984252
0
LINE
8
BLACK
6
CONTINUOUS
10
2.4085354330708659
20
0.837992125984252
11
2.4085354330708659
21
0.7120078740157481
0
LINE
8
BLACK
6
CONTINUOUS
10
2.4085354330708659
20
0.7120078740157481
11
2.4084605118110236
21
0.711631220472441
0
LINE
8
BLACK
6
CONTINUOUS
10
2.4084605118110236
20
0.711631220472441
11
2.4079278346456694
21
0.7110985433070866
0
LINE
8
BLACK
6
CONTINUOUS
10
2.4079278346456694
20
0.7110985433070866
11
2.4075511811023622
21
0.7110236220472441
0
LINE
8
BLACK
6
CONTINUOUS
10
2.4075511811023622
20
0.7110236220472441
11
2.2264488188976377
21
0.7110236220472441
0
LINE
8
BLACK
6
CONTINUOUS
10
2.2264488188976377
20
0.7110236220472441
11
2.2260721653543305
21
0.7110985433070866
0
LINE
8
BLACK
6
CONTINUOUS
10
2.2260721653543305
20
0.7110985433070866
11
2.2255394881889763
21
0.711631220472441
0
LINE
8
BLACK
6
CONTINUOUS
10
2.2255394881889763
20
0.711631220472441
11
2.225464566929134
21
0.7120078740157481
0
LINE
8
BLACK
6
CONTINUOUS
10
2.225464566929134
20
0.7120078740157481
11
2.225464566929134
21
0.837992125984252
0
LINE
8
BLACK
6
CONTINUOUS
10
2.225464566929134
20
0.837992125984252
11
2.2255394881889763
21
0.8383687795275591
0
LINE
8
BLACK
6
CONTINUOUS
10
2.2255394881889763
20
0.8383687795275591
11
2.2260721653543305
21
0.8389014566929134
0
LINE
8
BLACK
6
CONTINUOUS
10
2.2260721653543305
20
0.8389014566929134
11
2.2264488188976377
21
0.8389763779527559
0
LINE
8
BLACK
6
CONTINUOUS
10
2.2264488188976377
20
0.8389763779527559
11
2.4075511811023622
21
0.8389763779527559
0
LINE
8
BLACK
6
CONTINUOUS
10
2.4075511811023622
20
0.8389763779527559
11
2.4079278346456694
21
0.8389014566929134
0
LINE
8
BLACK
6
CONTINUOUS
10
2.2274330708661418
20
0.8370078740157481
11
2.2274330708661418
21
0.712992125984252
0
LINE
8
BLACK
6
CONTINUOUS
10
2.2274330708661418
20
0.712992125984252
11
2.4065669291338581
21
0.712992125984252
0
LINE
8
BLACK
6
CONTINUOUS
10
2.4065669291338581
20
0.712992125984252
11
2.4065669291338581
21
0.8370078740157481
0
LINE
8
BLACK
6
CONTINUOUS
10
2.4065669291338581
20
0.8370078740157481
11
2.2274330708661418
21
0.8370078740157481
0
LINE
8
BLACK
6
CONTINUOUS
10
2.1399278346456692
20
0.8429014566929134
11
2.1404605118110234
21
0.8423687795275591
0
LINE
8
BLACK
6
CONTINUOUS
10
2.1404605118110234
20
0.8423687795275591
11
2.1405354330708661
21
0.841992125984252
0
LINE
8
BLACK
6
CONTINUOUS
10
2.1405354330708661
20
0.841992125984252
11
2.1405354330708661
21
0.7160078740157481
0
LINE
8
BLACK
6
CONTINUOUS
10
2.1405354330708661
20
0.7160078740157481
11
2.1404605118110234
21
0.7156312204724409
0
LINE
8
BLACK
6
CONTINUOUS
10
2.1404605118110234
20
0.7156312204724409
11
2.1399278346456692
21
0.7150985433070866
0
LINE
8
BLACK
6
CONTINUOUS
10
2.1399278346456692
20
0.7150985433070866
11
2.139551181102362
21
0.7150236220472441
0
LINE
8
BLACK
6
CONTINUOUS
10
2.139551181102362
20
0.7150236220472441
11
1.9584488188976377
21
0.7150236220472441
0
LINE
8
BLACK
6
CONTINUOUS
10
1.9584488188976377
20
0.7150236220472441
11
1.9580721653543307
21
0.7150985433070866
0
LINE
8
BLACK
6
CONTINUOUS
10
1.9580721653543307
20
0.7150985433070866
11
1.9575394881889763
21
0.7156312204724409
0
LINE
8
BLACK
6
CONTINUOUS
10
1.9575394881889763
20
0.7156312204724409
11
1.9574645669291337
21
0.7160078740157481
0
LINE
8
BLACK
6
CONTINUOUS
10
1.9574645669291337
20
0.7160078740157481
11
1.9574645669291337
21
0.841992125984252
0
LINE
8
BLACK
6
CONTINUOUS
10
1.9574645669291337
20
0.841992125984252
11
1.9575394881889763
21
0.8423687795275591
0
LINE
8
BLACK
6
CONTINUOUS
10
1.9575394881889763
20
0.8423687795275591
11
1.9580721653543307
21
0.8429014566929134
0
LINE
8
BLACK
6
CONTINUOUS
10
1.9580721653543307
20
0.8429014566929134
11
1.9584488188976377
21
0.8429763779527559
0
LINE
8
BLACK
6
CONTINUOUS
10
1.9584488188976377
20
0.8429763779527559
11
2.139551181102362
21
0.8429763779527559
0
LINE
8
BLACK
6
CONTINUOUS
10
2.139551181102362
20
0.8429763779527559
11
2.1399278346456692
21
0.8429014566929134
0
LINE
8
BLACK
6
CONTINUOUS
10
1.9594330708661416
20
0.8410078740157481
11
1.9594330708661416
21
0.716992125984252
0
LINE
8
BLACK
6
CONTINUOUS
10
1.9594330708661416
20
0.716992125984252
11
2.1385669291338583
21
0.716992125984252
0
LINE
8
BLACK
6
CONTINUOUS
10
2.1385669291338583
20
0.716992125984252
11
2.1385669291338583
21
0.8410078740157481
0
LINE
8
BLACK
6
CONTINUOUS
10
2.1385669291338583
20
0.8410078740157481
11
1.9594330708661416
21
0.8410078740157481
0
LINE
8
BLACK
6
CONTINUOUS
10
1.8589672047244095
20
0.8558384645669291
11
1.8594998818897637
21
0.8553057874015748
0
LINE
8
BLACK
6
CONTINUOUS
10
1.8594998818897637
20
0.8553057874015748
11
1.8595748031496062
21
0.8549291338582677
0
LINE
8
BLACK
6
CONTINUOUS
10
1.8595748031496062
20
0.8549291338582677
11
1.8595748031496062
21
0.7210708661417322
0
LINE
8
BLACK
6
CONTINUOUS
10
1.8595748031496062
20
0.7210708661417322
11
1.8594998818897637
21
0.7206942125984251
0
LINE
8
BLACK
6
CONTINUOUS
10
1.8594998818897637
20
0.7206942125984251
11
1.8589672047244095
21
0.7201615354330708
0
LINE
8
BLACK
6
CONTINUOUS
10
1.8589672047244095
20
0.7201615354330708
11
1.8585905511811023
21
0.7200866141732283
0
LINE
8
BLACK
6
CONTINUOUS
10
1.8585905511811023
20
0.7200866141732283
11
1.7074094488188976
21
0.7200866141732283
0
LINE
8
BLACK
6
CONTINUOUS
10
1.7074094488188976
20
0.7200866141732283
11
1.7070327952755906
21
0.7201615354330708
0
LINE
8
BLACK
6
CONTINUOUS
10
1.7070327952755906
20
0.7201615354330708
11
1.7065001181102362
21
0.7206942125984251
0
LINE
8
BLACK
6
CONTINUOUS
10
1.7065001181102362
20
0.7206942125984251
11
1.7064251968503936
21
0.7210708661417322
0
LINE
8
BLACK
6
CONTINUOUS
10
1.7064251968503936
20
0.7210708661417322
11
1.7064251968503936
21
0.8549291338582677
0
LINE
8
BLACK
6
CONTINUOUS
10
1.7064251968503936
20
0.8549291338582677
11
1.7065001181102362
21
0.8553057874015748
0
LINE
8
BLACK
6
CONTINUOUS
10
1.7065001181102362
20
0.8553057874015748
11
1.7070327952755906
21
0.8558384645669291
0
LINE
8
BLACK
6
CONTINUOUS
10
1.7070327952755906
20
0.8558384645669291
11
1.7074094488188976
21
0.8559133858267717
0
LINE
8
BLACK
6
CONTINUOUS
10
1.7074094488188976
20
0.8559133858267717
11
1.8585905511811023
21
0.8559133858267717
0
LINE
8
BLACK
6
CONTINUOUS
10
1.8585905511811023
20
0.8559133858267717
11
1.8589672047244095
21
0.8558384645669291
0
LINE
8
BLACK
6
CONTINUOUS
10
1.7083937007874015
20
0.8539448818897638
11
1.7083937007874015
21
0.7220551181102361
0
LINE
8
BLACK
6
CONTINUOUS
10
1.7083937007874015
20
0.7220551181102361
11
1.8576062992125983
21
0.7220551181102361
0
LINE
8
BLACK
6
CONTINUOUS
10
1.8576062992125983
20
0.7220551181102361
11
1.8576062992125983
21
0.8539448818897638
0
LINE
8
BLACK
6
CONTINUOUS
10
1.8576062992125983
20
0.8539448818897638
11
1.7083937007874015
21
0.8539448818897638
0
LINE
8
BLACK
6
CONTINUOUS
10
1.4139593307086613
20
0.9618384645669291
11
1.4144920078740157
21
0.9613057874015748
0
LINE
8
BLACK
6
CONTINUOUS
10
1.4144920078740157
20
0.9613057874015748
11
1.4145669291338583
21
0.9609291338582677
0
LINE
8
BLACK
6
CONTINUOUS
10
1.4145669291338583
20
0.9609291338582677
11
1.4145669291338583
21
0.8270708661417323
0
LINE
8
BLACK
6
CONTINUOUS
10
1.4145669291338583
20
0.8270708661417323
11
1.4144920078740157
21
0.8266942125984251
0
LINE
8
BLACK
6
CONTINUOUS
10
1.4144920078740157
20
0.8266942125984251
11
1.4139593307086613
21
0.8261615354330708
0
LINE
8
BLACK
6
CONTINUOUS
10
1.4139593307086613
20
0.8261615354330708
11
1.4135826771653544
21
0.8260866141732284
0
LINE
8
BLACK
6
CONTINUOUS
10
1.4135826771653544
20
0.8260866141732284
11
1.3364173228346456
21
0.8260866141732284
0
LINE
8
BLACK
6
CONTINUOUS
10
1.3364173228346456
20
0.8260866141732284
11
1.3360406692913385
21
0.8261615354330708
0
LINE
8
BLACK
6
CONTINUOUS
10
1.3360406692913385
20
0.8261615354330708
11
1.3355079921259843
21
0.8266942125984251
0
LINE
8
BLACK
6
CONTINUOUS
10
1.3355079921259843
20
0.8266942125984251
11
1.3354330708661417
21
0.8270708661417323
0
LINE
8
BLACK
6
CONTINUOUS
10
1.3354330708661417
20
0.8270708661417323
11
1.3354330708661417
21
0.9609291338582677
0
LINE
8
BLACK
6
CONTINUOUS
10
1.3354330708661417
20
0.9609291338582677
11
1.3355079921259843
21
0.9613057874015748
0
LINE
8
BLACK
6
CONTINUOUS
10
1.3355079921259843
20
0.9613057874015748
11
1.3360406692913385
21
0.9618384645669291
0
LINE
8
BLACK
6
CONTINUOUS
10
1.3360406692913385
20
0.9618384645669291
11
1.3364173228346456
21
0.9619133858267717
0
LINE
8
BLACK
6
CONTINUOUS
10
1.3364173228346456
20
0.9619133858267717
11
1.4135826771653544
21
0.9619133858267717
0
LINE
8
BLACK
6
CONTINUOUS
10
1.4135826771653544
20
0.9619133858267717
11
1.4139593307086613
21
0.9618384645669291
0
LINE
8
BLACK
6
CONTINUOUS
10
1.3374015748031496
20
0.9599448818897638
11
1.3374015748031496
21
0.8280551181102362
0
LINE
8
BLACK
6
CONTINUOUS
10
1.3374015748031496
20
0.8280551181102362
11
1.4125984251968504
21
0.8280551181102362
0
LINE
8
BLACK
6
CONTINUOUS
10
1.4125984251968504
20
0.8280551181102362
11
1.4125984251968504
21
0.9599448818897638
0
LINE
8
BLACK
6
CONTINUOUS
10
1.4125984251968504
20
0.9599448818897638
11
1.3374015748031496
21
0.9599448818897638
0
LINE
8
BLACK
6
CONTINUOUS
10
1.3332270472440944
20
0.9616416535433071
11
1.3337597244094488
21
0.9611089763779528
0
LINE
8
BLACK
6
CONTINUOUS
10
1.3337597244094488
20
0.9611089763779528
11
1.3338346456692913
21
0.9607323228346456
0
LINE
8
BLACK
6
CONTINUOUS
10
1.3338346456692913
20
0.9607323228346456
11
1.3338346456692913
21
0.8284488582677165
0
LINE
8
BLACK
6
CONTINUOUS
10
1.3338346456692913
20
0.8284488582677165
11
1.3337597244094488
21
0.8280722047244095
0
LINE
8
BLACK
6
CONTINUOUS
10
1.3337597244094488
20
0.8280722047244095
11
1.3332270472440944
21
0.8275395275590551
0
LINE
8
BLACK
6
CONTINUOUS
10
1.3332270472440944
20
0.8275395275590551
11
1.3328503937007874
21
0.8274646062992126
0
LINE
8
BLACK
6
CONTINUOUS
10
1.3328503937007874
20
0.8274646062992126
11
1.2580472440944881
21
0.8274646062992126
0
LINE
8
BLACK
6
CONTINUOUS
10
1.2580472440944881
20
0.8274646062992126
11
1.2576705905511811
21
0.8275395275590551
0
LINE
8
BLACK
6
CONTINUOUS
10
1.2576705905511811
20
0.8275395275590551
11
1.2571379133858267
21
0.8280722047244095
0
LINE
8
BLACK
6
CONTINUOUS
10
1.2571379133858267
20
0.8280722047244095
11
1.2570629921259842
21
0.8284488582677165
0
LINE
8
BLACK
6
CONTINUOUS
10
1.2570629921259842
20
0.8284488582677165
11
1.2570629921259842
21
0.9607323228346456
0
LINE
8
BLACK
6
CONTINUOUS
10
1.2570629921259842
20
0.9607323228346456
11
1.2571379133858267
21
0.9611089763779528
0
LINE
8
BLACK
6
CONTINUOUS
10
1.2571379133858267
20
0.9611089763779528
11
1.2576705905511811
21
0.9616416535433071
0
LINE
8
BLACK
6
CONTINUOUS
10
1.2576705905511811
20
0.9616416535433071
11
1.2580472440944881
21
0.9617165748031495
0
LINE
8
BLACK
6
CONTINUOUS
10
1.2580472440944881
20
0.9617165748031495
11
1.3328503937007874
21
0.9617165748031495
0
LINE
8
BLACK
6
CONTINUOUS
10
1.3328503937007874
20
0.9617165748031495
11
1.3332270472440944
21
0.9616416535433071
0
LINE
8
BLACK
6
CONTINUOUS
10
1.259031496062992
20
0.9597480708661417
11
1.259031496062992
21
0.8294331102362205
0
LINE
8
BLACK
6
CONTINUOUS
10
1.259031496062992
20
0.8294331102362205
11
1.3318661417322835
21
0.8294331102362205
0
LINE
8
BLACK
6
CONTINUOUS
10
1.3318661417322835
20
0.8294331102362205
11
1.3318661417322835
21
0.9597480708661417
0
LINE
8
BLACK
6
CONTINUOUS
10
1.3318661417322835
20
0.9597480708661417
11
1.259031496062992
21
0.9597480708661417
0
LINE
8
BLACK
6
CONTINUOUS
10
1.5557546062992125
20
0.994633779527559
11
1.5562872834645669
21
0.9941011023622047
0
LINE
8
BLACK
6
CONTINUOUS
10
1.5562872834645669
20
0.9941011023622047
11
1.5563622047244094
21
0.9937244488188977
0
LINE
8
BLACK
6
CONTINUOUS
10
1.5563622047244094
20
0.9937244488188977
11
1.5563622047244094
21
0.8323071259842519
0
LINE
8
BLACK
6
CONTINUOUS
10
1.5563622047244094
20
0.8323071259842519
11
1.5562872834645669
21
0.8319304724409449
0
LINE
8
BLACK
6
CONTINUOUS
10
1.5562872834645669
20
0.8319304724409449
11
1.5557546062992125
21
0.8313977952755905
0
LINE
8
BLACK
6
CONTINUOUS
10
1.5557546062992125
20
0.8313977952755905
11
1.5553779527559055
21
0.831322874015748
0
LINE
8
BLACK
6
CONTINUOUS
10
1.5553779527559055
20
0.831322874015748
11
1.4215196850393701
21
0.831322874015748
0
LINE
8
BLACK
6
CONTINUOUS
10
1.4215196850393701
20
0.831322874015748
11
1.4211430314960629
21
0.8313977952755905
0
LINE
8
BLACK
6
CONTINUOUS
10
1.4211430314960629
20
0.8313977952755905
11
1.4206103543307087
21
0.8319304724409449
0
LINE
8
BLACK
6
CONTINUOUS
10
1.4206103543307087
20
0.8319304724409449
11
1.4205354330708662
21
0.8323071259842519
0
LINE
8
BLACK
6
CONTINUOUS
10
1.4205354330708662
20
0.8323071259842519
11
1.4205354330708662
21
0.9937244488188977
0
LINE
8
BLACK
6
CONTINUOUS
10
1.4205354330708662
20
0.9937244488188977
11
1.4206103543307087
21
0.9941011023622047
0
LINE
8
BLACK
6
CONTINUOUS
10
1.4206103543307087
20
0.9941011023622047
11
1.4211430314960629
21
0.994633779527559
0
LINE
8
BLACK
6
CONTINUOUS
10
1.4211430314960629
20
0.994633779527559
11
1.4215196850393701
21
0.9947087007874016
0
LINE
8
BLACK
6
CONTINUOUS
10
1.4215196850393701
20
0.9947087007874016
11
1.5553779527559055
21
0.9947087007874016
0
LINE
8
BLACK
6
CONTINUOUS
10
1.5553779527559055
20
0.9947087007874016
11
1.5557546062992125
21
0.994633779527559
0
LINE
8
BLACK
6
CONTINUOUS
10
1.422503937007874
20
0.9927401968503937
11
1.422503937007874
21
0.8332913779527559
0
LINE
8
BLACK
6
CONTINUOUS
10
1.422503937007874
20
0.8332913779527559
11
1.5543937007874016
21
0.8332913779527559
0
LINE
8
BLACK
6
CONTINUOUS
10
1.5543937007874016
20
0.8332913779527559
11
1.5543937007874016
21
0.9927401968503937
0
LINE
8
BLACK
6
CONTINUOUS
10
1.5543937007874016
20
0.9927401968503937
11
1.422503937007874
21
0.9927401968503937
0
LINE
8
BLACK
6
CONTINUOUS
10
1.9939278346456693
20
0.9422479133858267
11
1.9944605118110237
21
0.9417152362204724
0
LINE
8
BLACK
6
CONTINUOUS
10
1.9944605118110237
20
0.9417152362204724
11
1.994535433070866
21
0.9413385826771653
0
LINE
8
BLACK
6
CONTINUOUS
10
1.994535433070866
20
0.9413385826771653
11
1.994535433070866
21
0.8586614173228346
0
LINE
8
BLACK
6
CONTINUOUS
10
1.994535433070866
20
0.8586614173228346
11
1.9944605118110237
21
0.8582847637795276
0
LINE
8
BLACK
6
CONTINUOUS
10
1.9944605118110237
20
0.8582847637795276
11
1.9939278346456693
21
0.8577520866141732
0
LINE
8
BLACK
6
CONTINUOUS
10
1.9939278346456693
20
0.8577520866141732
11
1.9935511811023621
21
0.8576771653543307
0
LINE
8
BLACK
6
CONTINUOUS
10
1.9935511811023621
20
0.8576771653543307
11
1.8124488188976378
21
0.8576771653543307
0
LINE
8
BLACK
6
CONTINUOUS
10
1.8124488188976378
20
0.8576771653543307
11
1.8120721653543306
21
0.8577520866141732
0
LINE
8
BLACK
6
CONTINUOUS
10
1.8120721653543306
20
0.8577520866141732
11
1.8115394881889764
21
0.8582847637795276
0
LINE
8
BLACK
6
CONTINUOUS
10
1.8115394881889764
20
0.8582847637795276
11
1.8114645669291338
21
0.8586614173228346
0
LINE
8
BLACK
6
CONTINUOUS
10
1.8114645669291338
20
0.8586614173228346
11
1.8114645669291338
21
0.9413385826771653
0
LINE
8
BLACK
6
CONTINUOUS
10
1.8114645669291338
20
0.9413385826771653
11
1.8115394881889764
21
0.9417152362204724
0
LINE
8
BLACK
6
CONTINUOUS
10
1.8115394881889764
20
0.9417152362204724
11
1.8120721653543306
21
0.9422479133858267
0
LINE
8
BLACK
6
CONTINUOUS
10
1.8120721653543306
20
0.9422479133858267
11
1.8124488188976378
21
0.9423228346456692
0
LINE
8
BLACK
6
CONTINUOUS
10
1.8124488188976378
20
0.9423228346456692
11
1.9935511811023621
21
0.9423228346456692
0
LINE
8
BLACK
6
CONTINUOUS
10
1.9935511811023621
20
0.9423228346456692
11
1.9939278346456693
21
0.9422479133858267
0
LINE
8
BLACK
6
CONTINUOUS
10
1.8134330708661417
20
0.9403543307086614
11
1.8134330708661417
21
0.8596456692913386
0
LINE
8
BLACK
6
CONTINUOUS
10
1.8134330708661417
20
0.8596456692913386
11
1.9925669291338581
21
0.8596456692913386
0
LINE
8
BLACK
6
CONTINUOUS
10
1.9925669291338581
20
0.8596456692913386
11
1.9925669291338581
21
0.9403543307086614
0
LINE
8
BLACK
6
CONTINUOUS
10
1.9925669291338581
20
0.9403543307086614
11
1.8134330708661417
21
0.9403543307086614
0
LINE
8
BLACK
6
CONTINUOUS
10
2.1358963385826772
20
0.9461927952755905
11
2.1364290157480315
21
0.9456601181102362
0
LINE
8
BLACK
6
CONTINUOUS
10
2.1364290157480315
20
0.9456601181102362
11
2.1365039370078738
21
0.9452834645669291
0
LINE
8
BLACK
6
CONTINUOUS
10
2.1365039370078738
20
0.9452834645669291
11
2.1365039370078738
21
0.8681181102362204
0
LINE
8
BLACK
6
CONTINUOUS
10
2.1365039370078738
20
0.8681181102362204
11
2.1364290157480315
21
0.8677414566929134
0
LINE
8
BLACK
6
CONTINUOUS
10
2.1364290157480315
20
0.8677414566929134
11
2.1358963385826772
21
0.867208779527559
0
LINE
8
BLACK
6
CONTINUOUS
10
2.1358963385826772
20
0.867208779527559
11
2.1355196850393701
21
0.8671338582677165
0
LINE
8
BLACK
6
CONTINUOUS
10
2.1355196850393701
20
0.8671338582677165
11
2.0016614173228344
21
0.8671338582677165
0
LINE
8
BLACK
6
CONTINUOUS
10
2.0016614173228344
20
0.8671338582677165
11
2.0012847637795277
21
0.867208779527559
0
LINE
8
BLACK
6
CONTINUOUS
10
2.0012847637795277
20
0.867208779527559
11
2.000752086614173
21
0.8677414566929134
0
LINE
8
BLACK
6
CONTINUOUS
10
2.000752086614173
20
0.8677414566929134
11
2.0006771653543307
21
0.8681181102362204
0
LINE
8
BLACK
6
CONTINUOUS
10
2.0006771653543307
20
0.8681181102362204
11
2.0006771653543307
21
0.9452834645669291
0
LINE
8
BLACK
6
CONTINUOUS
10
2.0006771653543307
20
0.9452834645669291
11
2.000752086614173
21
0.9456601181102362
0
LINE
8
BLACK
6
CONTINUOUS
10
2.000752086614173
20
0.9456601181102362
11
2.0012847637795277
21
0.9461927952755905
0
LINE
8
BLACK
6
CONTINUOUS
10
2.0012847637795277
20
0.9461927952755905
11
2.0016614173228344
21
0.9462677165354331
0
LINE
8
BLACK
6
CONTINUOUS
10
2.0016614173228344
20
0.9462677165354331
11
2.1355196850393701
21
0.9462677165354331
0
LINE
8
BLACK
6
CONTINUOUS
10
2.1355196850393701
20
0.9462677165354331
11
2.1358963385826772
21
0.9461927952755905
0
LINE
8
BLACK
6
CONTINUOUS
10
2.0026456692913386
20
0.9442992125984252
11
2.0026456692913386
21
0.8691023622047244
0
LINE
8
BLACK
6
CONTINUOUS
10
2.0026456692913386
20
0.8691023622047244
11
2.1345354330708659
21
0.8691023622047244
0
LINE
8
BLACK
6
CONTINUOUS
10
2.1345354330708659
20
0.8691023622047244
11
2.1345354330708659
21
0.9442992125984252
0
LINE
8
BLACK
6
CONTINUOUS
10
2.1345354330708659
20
0.9442992125984252
11
2.0026456692913386
21
0.9442992125984252
0
LINE
8
BLACK
6
CONTINUOUS
10
2.2745183858267715
20
0.944310905511811
11
2.2750510629921261
21
0.9437782283464566
0
LINE
8
BLACK
6
CONTINUOUS
10
2.2750510629921261
20
0.9437782283464566
11
2.2751259842519684
21
0.9434015748031496
0
LINE
8
BLACK
6
CONTINUOUS
10
2.2751259842519684
20
0.9434015748031496
11
2.2751259842519684
21
0.8685984251968504
0
LINE
8
BLACK
6
CONTINUOUS
10
2.2751259842519684
20
0.8685984251968504
11
2.2750510629921261
21
0.8682217716535433
0
LINE
8
BLACK
6
CONTINUOUS
10
2.2750510629921261
20
0.8682217716535433
11
2.2745183858267715
21
0.867689094488189
0
LINE
8
BLACK
6
CONTINUOUS
10
2.2745183858267715
20
0.867689094488189
11
2.2741417322834647
21
0.8676141732283464
0
LINE
8
BLACK
6
CONTINUOUS
10
2.2741417322834647
20
0.8676141732283464
11
2.1418582677165352
21
0.8676141732283464
0
LINE
8
BLACK
6
CONTINUOUS
10
2.1418582677165352
20
0.8676141732283464
11
2.1414816141732285
21
0.867689094488189
0
LINE
8
BLACK
6
CONTINUOUS
10
2.1414816141732285
20
0.867689094488189
11
2.1409489370078738
21
0.8682217716535433
0
LINE
8
BLACK
6
CONTINUOUS
10
2.1409489370078738
20
0.8682217716535433
11
2.1408740157480315
21
0.8685984251968504
0
LINE
8
BLACK
6
CONTINUOUS
10
2.1408740157480315
20
0.8685984251968504
11
2.1408740157480315
21
0.9434015748031496
0
LINE
8
BLACK
6
CONTINUOUS
10
2.1408740157480315
20
0.9434015748031496
11
2.1409489370078738
21
0.9437782283464566
0
LINE
8
BLACK
6
CONTINUOUS
10
2.1409489370078738
20
0.9437782283464566
11
2.1414816141732285
21
0.944310905511811
0
LINE
8
BLACK
6
CONTINUOUS
10
2.1414816141732285
20
0.944310905511811
11
2.1418582677165352
21
0.9443858267716535
0
LINE
8
BLACK
6
CONTINUOUS
10
2.1418582677165352
20
0.9443858267716535
11
2.2741417322834647
21
0.9443858267716535
0
LINE
8
BLACK
6
CONTINUOUS
10
2.2741417322834647
20
0.9443858267716535
11
2.2745183858267715
21
0.944310905511811
0
LINE
8
BLACK
6
CONTINUOUS
10
2.1428425196850394
20
0.9424173228346456
11
2.1428425196850394
21
0.8695826771653543
0
LINE
8
BLACK
6
CONTINUOUS
10
2.1428425196850394
20
0.8695826771653543
11
2.2731574803149606
21
0.8695826771653543
0
LINE
8
BLACK
6
CONTINUOUS
10
2.2731574803149606
20
0.8695826771653543
11
2.2731574803149606
21
0.9424173228346456
0
LINE
8
BLACK
6
CONTINUOUS
10
2.2731574803149606
20
0.9424173228346456
11
2.1428425196850394
21
0.9424173228346456
0
LINE
8
BLACK
6
CONTINUOUS
10
1.6477782283464566
20
1.020051062992126
11
1.648310905511811
21
1.0195183858267716
0
LINE
8
BLACK
6
CONTINUOUS
10
1.648310905511811
20
1.0195183858267716
11
1.6483858267716536
21
1.0191417322834646
0
LINE
8
BLACK
6
CONTINUOUS
10
1.6483858267716536
20
1.0191417322834646
11
1.6483858267716536
21
0.8868582677165354
0
LINE
8
BLACK
6
CONTINUOUS
10
1.6483858267716536
20
0.8868582677165354
11
1.648310905511811
21
0.8864816141732283
0
LINE
8
BLACK
6
CONTINUOUS
10
1.648310905511811
20
0.8864816141732283
11
1.6477782283464566
21
0.885948937007874
0
LINE
8
BLACK
6
CONTINUOUS
10
1.6477782283464566
20
0.885948937007874
11
1.6474015748031496
21
0.8858740157480315
0
LINE
8
BLACK
6
CONTINUOUS
10
1.6474015748031496
20
0.8858740157480315
11
1.5725984251968503
21
0.8858740157480315
0
LINE
8
BLACK
6
CONTINUOUS
10
1.5725984251968503
20
0.8858740157480315
11
1.5722217716535434
21
0.885948937007874
0
LINE
8
BLACK
6
CONTINUOUS
10
1.5722217716535434
20
0.885948937007874
11
1.5716890944881889
21
0.8864816141732283
0
LINE
8
BLACK
6
CONTINUOUS
10
1.5716890944881889
20
0.8864816141732283
11
1.5716141732283464
21
0.8868582677165354
0
LINE
8
BLACK
6
CONTINUOUS
10
1.5716141732283464
20
0.8868582677165354
11
1.5716141732283464
21
1.0191417322834646
0
LINE
8
BLACK
6
CONTINUOUS
10
1.5716141732283464
20
1.0191417322834646
11
1.5716890944881889
21
1.0195183858267716
0
LINE
8
BLACK
6
CONTINUOUS
10
1.5716890944881889
20
1.0195183858267716
11
1.5722217716535434
21
1.020051062992126
0
LINE
8
BLACK
6
CONTINUOUS
10
1.5722217716535434
20
1.020051062992126
11
1.5725984251968503
21
1.0201259842519685
0
LINE
8
BLACK
6
CONTINUOUS
10
1.5725984251968503
20
1.0201259842519685
11
1.6474015748031496
21
1.0201259842519685
0
LINE
8
BLACK
6
CONTINUOUS
10
1.6474015748031496
20
1.0201259842519685
11
1.6477782283464566
21
1.020051062992126
0
LINE
8
BLACK
6
CONTINUOUS
10
1.5735826771653543
20
1.0181574803149607
11
1.5735826771653543
21
0.8878425196850394
0
LINE
8
BLACK
6
CONTINUOUS
10
1.5735826771653543
20
0.8878425196850394
11
1.6464173228346457
21
0.8878425196850394
0
LINE
8
BLACK
6
CONTINUOUS
10
1.6464173228346457
20
0.8878425196850394
11
1.6464173228346457
21
1.0181574803149607
0
LINE
8
BLACK
6
CONTINUOUS
10
1.6464173228346457
20
1.0181574803149607
11
1.5735826771653543
21
1.0181574803149607
0
LINE
8
BLACK
6
CONTINUOUS
10
1.2149593307086615
20
1.0238384645669292
11
1.2154920078740157
21
1.0233057874015747
0
LINE
8
BLACK
6
CONTINUOUS
10
1.2154920078740157
20
1.0233057874015747
11
1.2155669291338582
21
1.0229291338582678
0
LINE
8
BLACK
6
CONTINUOUS
10
1.2155669291338582
20
1.0229291338582678
11
1.2155669291338582
21
0.8890708661417323
0
LINE
8
BLACK
6
CONTINUOUS
10
1.2155669291338582
20
0.8890708661417323
11
1.2154920078740157
21
0.8886942125984252
0
LINE
8
BLACK
6
CONTINUOUS
10
1.2154920078740157
20
0.8886942125984252
11
1.2149593307086615
21
0.8881615354330709
0
LINE
8
BLACK
6
CONTINUOUS
10
1.2149593307086615
20
0.8881615354330709
11
1.2145826771653543
21
0.8880866141732283
0
LINE
8
BLACK
6
CONTINUOUS
10
1.2145826771653543
20
0.8880866141732283
11
1.1374173228346456
21
0.8880866141732283
0
LINE
8
BLACK
6
CONTINUOUS
10
1.1374173228346456
20
0.8880866141732283
11
1.1370406692913386
21
0.8881615354330709
0
LINE
8
BLACK
6
CONTINUOUS
10
1.1370406692913386
20
0.8881615354330709
11
1.1365079921259842
21
0.8886942125984252
0
LINE
8
BLACK
6
CONTINUOUS
10
1.1365079921259842
20
0.8886942125984252
11
1.1364330708661416
21
0.8890708661417323
0
LINE
8
BLACK
6
CONTINUOUS
10
1.1364330708661416
20
0.8890708661417323
11
1.1364330708661416
21
1.0229291338582678
0
LINE
8
BLACK
6
CONTINUOUS
10
1.1364330708661416
20
1.0229291338582678
11
1.1365079921259842
21
1.0233057874015747
0
LINE
8
BLACK
6
CONTINUOUS
10
1.1365079921259842
20
1.0233057874015747
11
1.1370406692913386
21
1.0238384645669292
0
LINE
8
BLACK
6
CONTINUOUS
10
1.1370406692913386
20
1.0238384645669292
11
1.1374173228346456
21
1.0239133858267717
0
LINE
8
BLACK
6
CONTINUOUS
10
1.1374173228346456
20
1.0239133858267717
11
1.2145826771653543
21
1.0239133858267717
0
LINE
8
BLACK
6
CONTINUOUS
10
1.2145826771653543
20
1.0239133858267717
11
1.2149593307086615
21
1.0238384645669292
0
LINE
8
BLACK
6
CONTINUOUS
10
1.1384015748031495
20
1.0219448818897638
11
1.1384015748031495
21
0.8900551181102362
0
LINE
8
BLACK
6
CONTINUOUS
10
1.1384015748031495
20
0.8900551181102362
11
1.2135984251968504
21
0.8900551181102362
0
LINE
8
BLACK
6
CONTINUOUS
10
1.2135984251968504
20
0.8900551181102362
11
1.2135984251968504
21
1.0219448818897638
0
LINE
8
BLACK
6
CONTINUOUS
10
1.2135984251968504
20
1.0219448818897638
11
1.1384015748031495
21
1.0219448818897638
0
LINE
8
BLACK
6
CONTINUOUS
10
1.9939278346456693
20
1.0729014566929134
11
1.9944605118110237
21
1.0723687795275589
0
LINE
8
BLACK
6
CONTINUOUS
10
1.9944605118110237
20
1.0723687795275589
11
1.994535433070866
21
1.071992125984252
0
LINE
8
BLACK
6
CONTINUOUS
10
1.994535433070866
20
1.071992125984252
11
1.994535433070866
21
0.946007874015748
0
LINE
8
BLACK
6
CONTINUOUS
10
1.994535433070866
20
0.946007874015748
11
1.9944605118110237
21
0.945631220472441
0
LINE
8
BLACK
6
CONTINUOUS
10
1.9944605118110237
20
0.945631220472441
11
1.9939278346456693
21
0.9450985433070866
0
LINE
8
BLACK
6
CONTINUOUS
10
1.9939278346456693
20
0.9450985433070866
11
1.9935511811023621
21
0.9450236220472441
0
LINE
8
BLACK
6
CONTINUOUS
10
1.9935511811023621
20
0.9450236220472441
11
1.8124488188976378
21
0.9450236220472441
0
LINE
8
BLACK
6
CONTINUOUS
10
1.8124488188976378
20
0.9450236220472441
11
1.8120721653543306
21
0.9450985433070866
0
LINE
8
BLACK
6
CONTINUOUS
10
1.8120721653543306
20
0.9450985433070866
11
1.8115394881889764
21
0.945631220472441
0
LINE
8
BLACK
6
CONTINUOUS
10
1.8115394881889764
20
0.945631220472441
11
1.8114645669291338
21
0.946007874015748
0
LINE
8
BLACK
6
CONTINUOUS
10
1.8114645669291338
20
0.946007874015748
11
1.8114645669291338
21
1.071992125984252
0
LINE
8
BLACK
6
CONTINUOUS
10
1.8114645669291338
20
1.071992125984252
11
1.8115394881889764
21
1.0723687795275589
0
LINE
8
BLACK
6
CONTINUOUS
10
1.8115394881889764
20
1.0723687795275589
11
1.8120721653543306
21
1.0729014566929134
0
LINE
8
BLACK
6
CONTINUOUS
10
1.8120721653543306
20
1.0729014566929134
11
1.8124488188976378
21
1.0729763779527559
0
LINE
8
BLACK
6
CONTINUOUS
10
1.8124488188976378
20
1.0729763779527559
11
1.9935511811023621
21
1.0729763779527559
0
LINE
8
BLACK
6
CONTINUOUS
10
1.9935511811023621
20
1.0729763779527559
11
1.9939278346456693
21
1.0729014566929134
0
LINE
8
BLACK
6
CONTINUOUS
10
1.8134330708661417
20
1.071007874015748
11
1.8134330708661417
21
0.946992125984252
0
LINE
8
BLACK
6
CONTINUOUS
10
1.8134330708661417
20
0.946992125984252
11
1.9925669291338581
21
0.946992125984252
0
LINE
8
BLACK
6
CONTINUOUS
10
1.9925669291338581
20
0.946992125984252
11
1.9925669291338581
21
1.071007874015748
0
LINE
8
BLACK
6
CONTINUOUS
10
1.9925669291338581
20
1.071007874015748
11
1.8134330708661417
21
1.071007874015748
0
LINE
8
BLACK
6
CONTINUOUS
10
2.1700853149606298
20
1.083838464566929
11
2.1706179921259841
21
1.0833057874015748
0
LINE
8
BLACK
6
CONTINUOUS
10
2.1706179921259841
20
1.0833057874015748
11
2.1706929133858268
21
1.0829291338582676
0
LINE
8
BLACK
6
CONTINUOUS
10
2.1706929133858268
20
1.0829291338582676
11
2.1706929133858268
21
0.9490708661417323
0
LINE
8
BLACK
6
CONTINUOUS
10
2.1706929133858268
20
0.9490708661417323
11
2.1706179921259841
21
0.9486942125984251
0
LINE
8
BLACK
6
CONTINUOUS
10
2.1706179921259841
20
0.9486942125984251
11
2.1700853149606298
21
0.9481615354330708
0
LINE
8
BLACK
6
CONTINUOUS
10
2.1700853149606298
20
0.9481615354330708
11
2.1697086614173227
21
0.9480866141732284
0
LINE
8
BLACK
6
CONTINUOUS
10
2.1697086614173227
20
0.9480866141732284
11
2.0082913385826773
21
0.9480866141732284
0
LINE
8
BLACK
6
CONTINUOUS
10
2.0082913385826773
20
0.9480866141732284
11
2.0079146850393701
21
0.9481615354330708
0
LINE
8
BLACK
6
CONTINUOUS
10
2.0079146850393701
20
0.9481615354330708
11
2.0073820078740159
21
0.9486942125984251
0
LINE
8
BLACK
6
CONTINUOUS
10
2.0073820078740159
20
0.9486942125984251
11
2.0073070866141731
21
0.9490708661417323
0
LINE
8
BLACK
6
CONTINUOUS
10
2.0073070866141731
20
0.9490708661417323
11
2.0073070866141731
21
1.0829291338582676
0
LINE
8
BLACK
6
CONTINUOUS
10
2.0073070866141731
20
1.0829291338582676
11
2.0073820078740159
21
1.0833057874015748
0
LINE
8
BLACK
6
CONTINUOUS
10
2.0073820078740159
20
1.0833057874015748
11
2.0079146850393701
21
1.083838464566929
0
LINE
8
BLACK
6
CONTINUOUS
10
2.0079146850393701
20
1.083838464566929
11
2.0082913385826773
21
1.0839133858267715
0
LINE
8
BLACK
6
CONTINUOUS
10
2.0082913385826773
20
1.0839133858267715
11
2.1697086614173227
21
1.0839133858267715
0
LINE
8
BLACK
6
CONTINUOUS
10
2.1697086614173227
20
1.0839133858267715
11
2.1700853149606298
21
1.083838464566929
0
LINE
8
BLACK
6
CONTINUOUS
10
2.009275590551181
20
1.0819448818897637
11
2.009275590551181
21
0.9500551181102362
0
LINE
8
BLACK
6
CONTINUOUS
10
2.009275590551181
20
0.9500551181102362
11
2.1687244094488189
21
0.9500551181102362
0
LINE
8
BLACK
6
CONTINUOUS
10
2.1687244094488189
20
0.9500551181102362
11
2.1687244094488189
21
1.0819448818897637
0
LINE
8
BLACK
6
CONTINUOUS
10
2.1687244094488189
20
1.0819448818897637
11
2.009275590551181
21
1.0819448818897637
0
LINE
8
BLACK
6
CONTINUOUS
10
2.3319672047244095
20
1.083838464566929
11
2.3324998818897638
21
1.0833057874015748
0
LINE
8
BLACK
6
CONTINUOUS
10
2.3324998818897638
20
1.0833057874015748
11
2.3325748031496061
21
1.0829291338582676
0
LINE
8
BLACK
6
CONTINUOUS
10
2.3325748031496061
20
1.0829291338582676
11
2.3325748031496061
21
0.9490708661417323
0
LINE
8
BLACK
6
CONTINUOUS
10
2.3325748031496061
20
0.9490708661417323
11
2.3324998818897638
21
0.9486942125984251
0
LINE
8
BLACK
6
CONTINUOUS
10
2.3324998818897638
20
0.9486942125984251
11
2.3319672047244095
21
0.9481615354330708
0
LINE
8
BLACK
6
CONTINUOUS
10
2.3319672047244095
20
0.9481615354330708
11
2.3315905511811024
21
0.9480866141732284
0
LINE
8
BLACK
6
CONTINUOUS
10
2.3315905511811024
20
0.9480866141732284
11
2.1804094488188976
21
0.9480866141732284
0
LINE
8
BLACK
6
CONTINUOUS
10
2.1804094488188976
20
0.9480866141732284
11
2.1800327952755905
21
0.9481615354330708
0
LINE
8
BLACK
6
CONTINUOUS
10
2.1800327952755905
20
0.9481615354330708
11
2.1795001181102363
21
0.9486942125984251
0
LINE
8
BLACK
6
CONTINUOUS
10
2.1795001181102363
20
0.9486942125984251
11
2.1794251968503935
21
0.9490708661417323
0
LINE
8
BLACK
6
CONTINUOUS
10
2.1794251968503935
20
0.9490708661417323
11
2.1794251968503935
21
1.0829291338582676
0
LINE
8
BLACK
6
CONTINUOUS
10
2.1794251968503935
20
1.0829291338582676
11
2.1795001181102363
21
1.0833057874015748
0
LINE
8
BLACK
6
CONTINUOUS
10
2.1795001181102363
20
1.0833057874015748
11
2.1800327952755905
21
1.083838464566929
0
LINE
8
BLACK
6
CONTINUOUS
10
2.1800327952755905
20
1.083838464566929
11
2.1804094488188976
21
1.0839133858267715
0
LINE
8
BLACK
6
CONTINUOUS
10
2.1804094488188976
20
1.0839133858267715
11
2.3315905511811024
21
1.0839133858267715
0
LINE
8
BLACK
6
CONTINUOUS
10
2.3315905511811024
20
1.0839133858267715
11
2.3319672047244095
21
1.083838464566929
0
LINE
8
BLACK
6
CONTINUOUS
10
2.1813937007874014
20
1.0819448818897637
11
2.1813937007874014
21
0.9500551181102362
0
LINE
8
BLACK
6
CONTINUOUS
10
2.1813937007874014
20
0.9500551181102362
11
2.3306062992125982
21
0.9500551181102362
0
LINE
8
BLACK
6
CONTINUOUS
10
2.3306062992125982
20
0.9500551181102362
11
2.3306062992125982
21
1.0819448818897637
0
LINE
8
BLACK
6
CONTINUOUS
10
2.3306062992125982
20
1.0819448818897637
11
2.1813937007874014
21
1.0819448818897637
0
LINE
8
BLACK
6
CONTINUOUS
10
1.126392401574803
20
1.1077439763779526
11
1.1269250787401575
21
1.1072112992125984
0
LINE
8
BLACK
6
CONTINUOUS
10
1.1269250787401575
20
1.1072112992125984
11
1.127
21
1.1068346456692912
0
LINE
8
BLACK
6
CONTINUOUS
10
1.127
20
1.1068346456692912
11
1.127
21
0.9611653543307086
0
LINE
8
BLACK
6
CONTINUOUS
10
1.127
20
0.9611653543307086
11
1.1269250787401575
21
0.9607887007874015
0
LINE
8
BLACK
6
CONTINUOUS
10
1.1269250787401575
20
0.9607887007874015
11
1.126392401574803
21
0.9602560236220472
0
LINE
8
BLACK
6
CONTINUOUS
10
1.126392401574803
20
0.9602560236220472
11
1.1260157480314961
21
0.9601811023622047
0
LINE
8
BLACK
6
CONTINUOUS
10
1.1260157480314961
20
0.9601811023622047
11
0.8779842519685039
21
0.9601811023622047
0
LINE
8
BLACK
6
CONTINUOUS
10
0.8779842519685039
20
0.9601811023622047
11
0.8776075984251969
21
0.9602560236220472
0
LINE
8
BLACK
6
CONTINUOUS
10
0.8776075984251969
20
0.9602560236220472
11
0.8770749212598425
21
0.9607887007874015
0
LINE
8
BLACK
6
CONTINUOUS
10
0.8770749212598425
20
0.9607887007874015
11
0.877
21
0.9611653543307086
0
LINE
8
BLACK
6
CONTINUOUS
10
0.877
20
0.9611653543307086
11
0.877
21
1.1068346456692912
0
LINE
8
BLACK
6
CONTINUOUS
10
0.877
20
1.1068346456692912
11
0.8770749212598425
21
1.1072112992125984
0
LINE
8
BLACK
6
CONTINUOUS
10
0.8770749212598425
20
1.1072112992125984
11
0.8776075984251969
21
1.1077439763779526
0
LINE
8
BLACK
6
CONTINUOUS
10
0.8776075984251969
20
1.1077439763779526
11
0.8779842519685039
21
1.1078188976377952
0
LINE
8
BLACK
6
CONTINUOUS
10
0.8779842519685039
20
1.1078188976377952
11
1.1260157480314961
21
1.1078188976377952
0
LINE
8
BLACK
6
CONTINUOUS
10
1.1260157480314961
20
1.1078188976377952
11
1.126392401574803
21
1.1077439763779526
0
LINE
8
BLACK
6
CONTINUOUS
10
0.8789685039370079
20
1.1058503937007873
11
0.8789685039370079
21
0.9621496062992125
0
LINE
8
BLACK
6
CONTINUOUS
10
0.8789685039370079
20
0.9621496062992125
11
1.1250314960629921
21
0.9621496062992125
0
LINE
8
BLACK
6
CONTINUOUS
10
1.1250314960629921
20
0.9621496062992125
11
1.1250314960629921
21
1.1058503937007873
0
LINE
8
BLACK
6
CONTINUOUS
10
1.1250314960629921
20
1.1058503937007873
11
0.8789685039370079
21
1.1058503937007873
0
LINE
8
BLACK
6
CONTINUOUS
10
1.2715183858267716
20
1.1133109055118109
11
1.272051062992126
21
1.1127782283464567
0
LINE
8
BLACK
6
CONTINUOUS
10
1.272051062992126
20
1.1127782283464567
11
1.2721259842519685
21
1.1124015748031495
0
LINE
8
BLACK
6
CONTINUOUS
10
1.2721259842519685
20
1.1124015748031495
11
1.2721259842519685
21
1.0375984251968504
0
LINE
8
BLACK
6
CONTINUOUS
10
1.2721259842519685
20
1.0375984251968504
11
1.272051062992126
21
1.0372217716535432
0
LINE
8
BLACK
6
CONTINUOUS
10
1.272051062992126
20
1.0372217716535432
11
1.2715183858267716
21
1.036689094488189
0
LINE
8
BLACK
6
CONTINUOUS
10
1.2715183858267716
20
1.036689094488189
11
1.2711417322834646
21
1.0366141732283465
0
LINE
8
BLACK
6
CONTINUOUS
10
1.2711417322834646
20
1.0366141732283465
11
1.1388582677165353
21
1.0366141732283465
0
LINE
8
BLACK
6
CONTINUOUS
10
1.1388582677165353
20
1.0366141732283465
11
1.1384816141732284
21
1.036689094488189
0
LINE
8
BLACK
6
CONTINUOUS
10
1.1384816141732284
20
1.036689094488189
11
1.1379489370078739
21
1.0372217716535432
0
LINE
8
BLACK
6
CONTINUOUS
10
1.1379489370078739
20
1.0372217716535432
11
1.1378740157480314
21
1.0375984251968504
0
LINE
8
BLACK
6
CONTINUOUS
10
1.1378740157480314
20
1.0375984251968504
11
1.1378740157480314
21
1.1124015748031495
0
LINE
8
BLACK
6
CONTINUOUS
10
1.1378740157480314
20
1.1124015748031495
11
1.1379489370078739
21
1.1127782283464567
0
LINE
8
BLACK
6
CONTINUOUS
10
1.1379489370078739
20
1.1127782283464567
11
1.1384816141732284
21
1.1133109055118109
0
LINE
8
BLACK
6
CONTINUOUS
10
1.1384816141732284
20
1.1133109055118109
11
1.1388582677165353
21
1.1133858267716534
0
LINE
8
BLACK
6
CONTINUOUS
10
1.1388582677165353
20
1.1133858267716534
11
1.2711417322834646
21
1.1133858267716534
0
LINE
8
BLACK
6
CONTINUOUS
10
1.2711417322834646
20
1.1133858267716534
11
1.2715183858267716
21
1.1133109055118109
0
LINE
8
BLACK
6
CONTINUOUS
10
1.1398425196850392
20
1.1114173228346456
11
1.1398425196850392
21
1.0385826771653544
0
LINE
8
BLACK
6
CONTINUOUS
10
1.1398425196850392
20
1.0385826771653544
11
1.2701574803149607
21
1.0385826771653544
0
LINE
8
BLACK
6
CONTINUOUS
10
1.2701574803149607
20
1.0385826771653544
11
1.2701574803149607
21
1.1114173228346456
0
LINE
8
BLACK
6
CONTINUOUS
10
1.2701574803149607
20
1.1114173228346456
11
1.1398425196850392
21
1.1114173228346456
0
LINE
8
BLACK
6
CONTINUOUS
10
1.3709593307086614
20
1.1958384645669291
11
1.3714920078740158
21
1.1953057874015747
0
LINE
8
BLACK
6
CONTINUOUS
10
1.3714920078740158
20
1.1953057874015747
11
1.3715669291338581
21
1.1949291338582677
0
LINE
8
BLACK
6
CONTINUOUS
10
1.3715669291338581
20
1.1949291338582677
11
1.3715669291338581
21
1.0610708661417323
0
LINE
8
BLACK
6
CONTINUOUS
10
1.3715669291338581
20
1.0610708661417323
11
1.3714920078740158
21
1.0606942125984251
0
LINE
8
BLACK
6
CONTINUOUS
10
1.3714920078740158
20
1.0606942125984251
11
1.3709593307086614
21
1.0601615354330709
0
LINE
8
BLACK
6
CONTINUOUS
10
1.3709593307086614
20
1.0601615354330709
11
1.3705826771653542
21
1.0600866141732284
0
LINE
8
BLACK
6
CONTINUOUS
10
1.3705826771653542
20
1.0600866141732284
11
1.2934173228346457
21
1.0600866141732284
0
LINE
8
BLACK
6
CONTINUOUS
10
1.2934173228346457
20
1.0600866141732284
11
1.2930406692913385
21
1.0601615354330709
0
LINE
8
BLACK
6
CONTINUOUS
10
1.2930406692913385
20
1.0601615354330709
11
1.2925079921259843
21
1.0606942125984251
0
LINE
8
BLACK
6
CONTINUOUS
10
1.2925079921259843
20
1.0606942125984251
11
1.2924330708661418
21
1.0610708661417323
0
LINE
8
BLACK
6
CONTINUOUS
10
1.2924330708661418
20
1.0610708661417323
11
1.2924330708661418
21
1.1949291338582677
0
LINE
8
BLACK
6
CONTINUOUS
10
1.2924330708661418
20
1.1949291338582677
11
1.2925079921259843
21
1.1953057874015747
0
LINE
8
BLACK
6
CONTINUOUS
10
1.2925079921259843
20
1.1953057874015747
11
1.2930406692913385
21
1.1958384645669291
0
LINE
8
BLACK
6
CONTINUOUS
10
1.2930406692913385
20
1.1958384645669291
11
1.2934173228346457
21
1.1959133858267716
0
LINE
8
BLACK
6
CONTINUOUS
10
1.2934173228346457
20
1.1959133858267716
11
1.3705826771653542
21
1.1959133858267716
0
LINE
8
BLACK
6
CONTINUOUS
10
1.3705826771653542
20
1.1959133858267716
11
1.3709593307086614
21
1.1958384645669291
0
LINE
8
BLACK
6
CONTINUOUS
10
1.2944015748031497
20
1.1939448818897638
11
1.2944015748031497
21
1.0620551181102362
0
LINE
8
BLACK
6
CONTINUOUS
10
1.2944015748031497
20
1.0620551181102362
11
1.3695984251968503
21
1.0620551181102362
0
LINE
8
BLACK
6
CONTINUOUS
10
1.3695984251968503
20
1.0620551181102362
11
1.3695984251968503
21
1.1939448818897638
0
LINE
8
BLACK
6
CONTINUOUS
10
1.3695984251968503
20
1.1939448818897638
11
1.2944015748031497
21
1.1939448818897638
0
LINE
8
BLACK
6
CONTINUOUS
10
1.4527782283464568
20
1.1954762598425197
11
1.453310905511811
21
1.1949435826771653
0
LINE
8
BLACK
6
CONTINUOUS
10
1.453310905511811
20
1.1949435826771653
11
1.4533858267716535
21
1.1945669291338583
0
LINE
8
BLACK
6
CONTINUOUS
10
1.4533858267716535
20
1.1945669291338583
11
1.4533858267716535
21
1.062283464566929
0
LINE
8
BLACK
6
CONTINUOUS
10
1.4533858267716535
20
1.062283464566929
11
1.453310905511811
21
1.0619068110236221
0
LINE
8
BLACK
6
CONTINUOUS
10
1.453310905511811
20
1.0619068110236221
11
1.4527782283464568
21
1.0613741338582676
0
LINE
8
BLACK
6
CONTINUOUS
10
1.4527782283464568
20
1.0613741338582676
11
1.4524015748031496
21
1.0612992125984251
0
LINE
8
BLACK
6
CONTINUOUS
10
1.4524015748031496
20
1.0612992125984251
11
1.3775984251968503
21
1.0612992125984251
0
LINE
8
BLACK
6
CONTINUOUS
10
1.3775984251968503
20
1.0612992125984251
11
1.3772217716535433
21
1.0613741338582676
0
LINE
8
BLACK
6
CONTINUOUS
10
1.3772217716535433
20
1.0613741338582676
11
1.3766890944881889
21
1.0619068110236221
0
LINE
8
BLACK
6
CONTINUOUS
10
1.3766890944881889
20
1.0619068110236221
11
1.3766141732283463
21
1.062283464566929
0
LINE
8
BLACK
6
CONTINUOUS
10
1.3766141732283463
20
1.062283464566929
11
1.3766141732283463
21
1.1945669291338583
0
LINE
8
BLACK
6
CONTINUOUS
10
1.3766141732283463
20
1.1945669291338583
11
1.3766890944881889
21
1.1949435826771653
0
LINE
8
BLACK
6
CONTINUOUS
10
1.3766890944881889
20
1.1949435826771653
11
1.3772217716535433
21
1.1954762598425197
0
LINE
8
BLACK
6
CONTINUOUS
10
1.3772217716535433
20
1.1954762598425197
11
1.3775984251968503
21
1.1955511811023622
0
LINE
8
BLACK
6
CONTINUOUS
10
1.3775984251968503
20
1.1955511811023622
11
1.4524015748031496
21
1.1955511811023622
0
LINE
8
BLACK
6
CONTINUOUS
10
1.4524015748031496
20
1.1955511811023622
11
1.4527782283464568
21
1.1954762598425197
0
LINE
8
BLACK
6
CONTINUOUS
10
1.3785826771653542
20
1.1935826771653544
11
1.3785826771653542
21
1.0632677165354329
0
LINE
8
BLACK
6
CONTINUOUS
10
1.3785826771653542
20
1.0632677165354329
11
1.4514173228346456
21
1.0632677165354329
0
LINE
8
BLACK
6
CONTINUOUS
10
1.4514173228346456
20
1.0632677165354329
11
1.4514173228346456
21
1.1935826771653544
0
LINE
8
BLACK
6
CONTINUOUS
10
1.4514173228346456
20
1.1935826771653544
11
1.3785826771653542
21
1.1935826771653544
0
LINE
8
BLACK
6
CONTINUOUS
10
1.5963057874015747
20
1.1649172047244094
11
1.5968384645669291
21
1.1643845275590552
0
LINE
8
BLACK
6
CONTINUOUS
10
1.5968384645669291
20
1.1643845275590552
11
1.5969133858267717
21
1.164007874015748
0
LINE
8
BLACK
6
CONTINUOUS
10
1.5969133858267717
20
1.164007874015748
11
1.5969133858267717
21
1.0868425196850393
0
LINE
8
BLACK
6
CONTINUOUS
10
1.5969133858267717
20
1.0868425196850393
11
1.5968384645669291
21
1.0864658661417324
0
LINE
8
BLACK
6
CONTINUOUS
10
1.5968384645669291
20
1.0864658661417324
11
1.5963057874015747
21
1.0859331889763779
0
LINE
8
BLACK
6
CONTINUOUS
10
1.5963057874015747
20
1.0859331889763779
11
1.5959291338582677
21
1.0858582677165354
0
LINE
8
BLACK
6
CONTINUOUS
10
1.5959291338582677
20
1.0858582677165354
11
1.4620708661417323
21
1.0858582677165354
0
LINE
8
BLACK
6
CONTINUOUS
10
1.4620708661417323
20
1.0858582677165354
11
1.4616942125984251
21
1.0859331889763779
0
LINE
8
BLACK
6
CONTINUOUS
10
1.4616942125984251
20
1.0859331889763779
11
1.4611615354330709
21
1.0864658661417324
0
LINE
8
BLACK
6
CONTINUOUS
10
1.4611615354330709
20
1.0864658661417324
11
1.4610866141732284
21
1.0868425196850393
0
LINE
8
BLACK
6
CONTINUOUS
10
1.4610866141732284
20
1.0868425196850393
11
1.4610866141732284
21
1.164007874015748
0
LINE
8
BLACK
6
CONTINUOUS
10
1.4610866141732284
20
1.164007874015748
11
1.4611615354330709
21
1.1643845275590552
0
LINE
8
BLACK
6
CONTINUOUS
10
1.4611615354330709
20
1.1643845275590552
11
1.4616942125984251
21
1.1649172047244094
0
LINE
8
BLACK
6
CONTINUOUS
10
1.4616942125984251
20
1.1649172047244094
11
1.4620708661417323
21
1.1649921259842519
0
LINE
8
BLACK
6
CONTINUOUS
10
1.4620708661417323
20
1.1649921259842519
11
1.5959291338582677
21
1.1649921259842519
0
LINE
8
BLACK
6
CONTINUOUS
10
1.5959291338582677
20
1.1649921259842519
11
1.5963057874015747
21
1.1649172047244094
0
LINE
8
BLACK
6
CONTINUOUS
10
1.4630551181102363
20
1.1630236220472441
11
1.4630551181102363
21
1.0878267716535432
0
LINE
8
BLACK
6
CONTINUOUS
10
1.4630551181102363
20
1.0878267716535432
11
1.5949448818897638
21
1.0878267716535432
0
LINE
8
BLACK
6
CONTINUOUS
10
1.5949448818897638
20
1.0878267716535432
11
1.5949448818897638
21
1.1630236220472441
0
LINE
8
BLACK
6
CONTINUOUS
10
1.5949448818897638
20
1.1630236220472441
11
1.4630551181102363
21
1.1630236220472441
0
LINE
8
BLACK
6
CONTINUOUS
10
2.141896338582677
20
1.1711927952755905
11
2.1424290157480312
21
1.1706601181102363
0
LINE
8
BLACK
6
CONTINUOUS
10
2.1424290157480312
20
1.1706601181102363
11
2.142503937007874
21
1.1702834645669291
0
LINE
8
BLACK
6
CONTINUOUS
10
2.142503937007874
20
1.1702834645669291
11
2.142503937007874
21
1.0931181102362204
0
LINE
8
BLACK
6
CONTINUOUS
10
2.142503937007874
20
1.0931181102362204
11
2.1424290157480312
21
1.0927414566929134
0
LINE
8
BLACK
6
CONTINUOUS
10
2.1424290157480312
20
1.0927414566929134
11
2.141896338582677
21
1.092208779527559
0
LINE
8
BLACK
6
CONTINUOUS
10
2.141896338582677
20
1.092208779527559
11
2.1415196850393698
21
1.0921338582677165
0
LINE
8
BLACK
6
CONTINUOUS
10
2.1415196850393698
20
1.0921338582677165
11
2.0076614173228347
21
1.0921338582677165
0
LINE
8
BLACK
6
CONTINUOUS
10
2.0076614173228347
20
1.0921338582677165
11
2.0072847637795275
21
1.092208779527559
0
LINE
8
BLACK
6
CONTINUOUS
10
2.0072847637795275
20
1.092208779527559
11
2.0067520866141733
21
1.0927414566929134
0
LINE
8
BLACK
6
CONTINUOUS
10
2.0067520866141733
20
1.0927414566929134
11
2.0066771653543305
21
1.0931181102362204
0
LINE
8
BLACK
6
CONTINUOUS
10
2.0066771653543305
20
1.0931181102362204
11
2.0066771653543305
21
1.1702834645669291
0
LINE
8
BLACK
6
CONTINUOUS
10
2.0066771653543305
20
1.1702834645669291
11
2.0067520866141733
21
1.1706601181102363
0
LINE
8
BLACK
6
CONTINUOUS
10
2.0067520866141733
20
1.1706601181102363
11
2.0072847637795275
21
1.1711927952755905
0
LINE
8
BLACK
6
CONTINUOUS
10
2.0072847637795275
20
1.1711927952755905
11
2.0076614173228347
21
1.171267716535433
0
LINE
8
BLACK
6
CONTINUOUS
10
2.0076614173228347
20
1.171267716535433
11
2.1415196850393698
21
1.171267716535433
0
LINE
8
BLACK
6
CONTINUOUS
10
2.1415196850393698
20
1.171267716535433
11
2.141896338582677
21
1.1711927952755905
0
LINE
8
BLACK
6
CONTINUOUS
10
2.0086456692913384
20
1.1692992125984252
11
2.0086456692913384
21
1.0941023622047243
0
LINE
8
BLACK
6
CONTINUOUS
10
2.0086456692913384
20
1.0941023622047243
11
2.1405354330708661
21
1.0941023622047243
0
LINE
8
BLACK
6
CONTINUOUS
10
2.1405354330708661
20
1.0941023622047243
11
2.1405354330708661
21
1.1692992125984252
0
LINE
8
BLACK
6
CONTINUOUS
10
2.1405354330708661
20
1.1692992125984252
11
2.0086456692913384
21
1.1692992125984252
0
LINE
8
BLACK
6
CONTINUOUS
10
2.278849094488189
20
1.1713502755905512
11
2.2793817716535432
21
1.1708175984251967
0
LINE
8
BLACK
6
CONTINUOUS
10
2.2793817716535432
20
1.1708175984251967
11
2.2794566929133859
21
1.1704409448818898
0
LINE
8
BLACK
6
CONTINUOUS
10
2.2794566929133859
20
1.1704409448818898
11
2.2794566929133859
21
1.0932755905511811
0
LINE
8
BLACK
6
CONTINUOUS
10
2.2794566929133859
20
1.0932755905511811
11
2.2793817716535432
21
1.0928989370078739
0
LINE
8
BLACK
6
CONTINUOUS
10
2.2793817716535432
20
1.0928989370078739
11
2.278849094488189
21
1.0923662598425197
0
LINE
8
BLACK
6
CONTINUOUS
10
2.278849094488189
20
1.0923662598425197
11
2.2784724409448818
21
1.0922913385826771
0
LINE
8
BLACK
6
CONTINUOUS
10
2.2784724409448818
20
1.0922913385826771
11
2.1446141732283466
21
1.0922913385826771
0
LINE
8
BLACK
6
CONTINUOUS
10
2.1446141732283466
20
1.0922913385826771
11
2.1442375196850394
21
1.0923662598425197
0
LINE
8
BLACK
6
CONTINUOUS
10
2.1442375196850394
20
1.0923662598425197
11
2.1437048425196852
21
1.0928989370078739
0
LINE
8
BLACK
6
CONTINUOUS
10
2.1437048425196852
20
1.0928989370078739
11
2.1436299212598424
21
1.0932755905511811
0
LINE
8
BLACK
6
CONTINUOUS
10
2.1436299212598424
20
1.0932755905511811
11
2.1436299212598424
21
1.1704409448818898
0
LINE
8
BLACK
6
CONTINUOUS
10
2.1436299212598424
20
1.1704409448818898
11
2.1437048425196852
21
1.1708175984251967
0
LINE
8
BLACK
6
CONTINUOUS
10
2.1437048425196852
20
1.1708175984251967
11
2.1442375196850394
21
1.1713502755905512
0
LINE
8
BLACK
6
CONTINUOUS
10
2.1442375196850394
20
1.1713502755905512
11
2.1446141732283466
21
1.1714251968503937
0
LINE
8
BLACK
6
CONTINUOUS
10
2.1446141732283466
20
1.1714251968503937
11
2.2784724409448818
21
1.1714251968503937
0
LINE
8
BLACK
6
CONTINUOUS
10
2.2784724409448818
20
1.1714251968503937
11
2.278849094488189
21
1.1713502755905512
0
LINE
8
BLACK
6
CONTINUOUS
10
2.1455984251968503
20
1.1694566929133858
11
2.1455984251968503
21
1.094259842519685
0
LINE
8
BLACK
6
CONTINUOUS
10
2.1455984251968503
20
1.094259842519685
11
2.2774881889763781
21
1.094259842519685
0
LINE
8
BLACK
6
CONTINUOUS
10
2.2774881889763781
20
1.094259842519685
11
2.2774881889763781
21
1.1694566929133858
0
LINE
8
BLACK
6
CONTINUOUS
10
2.2774881889763781
20
1.1694566929133858
11
2.1455984251968503
21
1.1694566929133858
0
LINE
8
BLACK
6
CONTINUOUS
10
1.9983057874015748
20
1.1714920078740156
11
1.998838464566929
21
1.1709593307086614
0
LINE
8
BLACK
6
CONTINUOUS
10
1.998838464566929
20
1.1709593307086614
11
1.9989133858267716
21
1.1705826771653542
0
LINE
8
BLACK
6
CONTINUOUS
10
1.9989133858267716
20
1.1705826771653542
11
1.9989133858267716
21
1.0934173228346455
0
LINE
8
BLACK
6
CONTINUOUS
10
1.9989133858267716
20
1.0934173228346455
11
1.998838464566929
21
1.0930406692913386
0
LINE
8
BLACK
6
CONTINUOUS
10
1.998838464566929
20
1.0930406692913386
11
1.9983057874015748
21
1.0925079921259842
0
LINE
8
BLACK
6
CONTINUOUS
10
1.9983057874015748
20
1.0925079921259842
11
1.9979291338582676
21
1.0924330708661416
0
LINE
8
BLACK
6
CONTINUOUS
10
1.9979291338582676
20
1.0924330708661416
11
1.8640708661417322
21
1.0924330708661416
0
LINE
8
BLACK
6
CONTINUOUS
10
1.8640708661417322
20
1.0924330708661416
11
1.863694212598425
21
1.0925079921259842
0
LINE
8
BLACK
6
CONTINUOUS
10
1.863694212598425
20
1.0925079921259842
11
1.8631615354330708
21
1.0930406692913386
0
LINE
8
BLACK
6
CONTINUOUS
10
1.8631615354330708
20
1.0930406692913386
11
1.8630866141732283
21
1.0934173228346455
0
LINE
8
BLACK
6
CONTINUOUS
10
1.8630866141732283
20
1.0934173228346455
11
1.8630866141732283
21
1.1705826771653542
0
LINE
8
BLACK
6
CONTINUOUS
10
1.8630866141732283
20
1.1705826771653542
11
1.8631615354330708
21
1.1709593307086614
0
LINE
8
BLACK
6
CONTINUOUS
10
1.8631615354330708
20
1.1709593307086614
11
1.863694212598425
21
1.1714920078740156
0
LINE
8
BLACK
6
CONTINUOUS
10
1.863694212598425
20
1.1714920078740156
11
1.8640708661417322
21
1.1715669291338582
0
LINE
8
BLACK
6
CONTINUOUS
10
1.8640708661417322
20
1.1715669291338582
11
1.9979291338582676
21
1.1715669291338582
0
LINE
8
BLACK
6
CONTINUOUS
10
1.9979291338582676
20
1.1715669291338582
11
1.9983057874015748
21
1.1714920078740156
0
LINE
8
BLACK
6
CONTINUOUS
10
1.8650551181102362
20
1.1695984251968503
11
1.8650551181102362
21
1.0944015748031495
0
LINE
8
BLACK
6
CONTINUOUS
10
1.8650551181102362
20
1.0944015748031495
11
1.9969448818897637
21
1.0944015748031495
0
LINE
8
BLACK
6
CONTINUOUS
10
1.9969448818897637
20
1.0944015748031495
11
1.9969448818897637
21
1.1695984251968503
0
LINE
8
BLACK
6
CONTINUOUS
10
1.9969448818897637
20
1.1695984251968503
11
1.8650551181102362
21
1.1695984251968503
0
LINE
8
BLACK
6
CONTINUOUS
10
1.2333057874015747
20
1.1994920078740157
11
1.2338384645669291
21
1.1989593307086615
0
LINE
8
BLACK
6
CONTINUOUS
10
1.2338384645669291
20
1.1989593307086615
11
1.2339133858267717
21
1.1985826771653543
0
LINE
8
BLACK
6
CONTINUOUS
10
1.2339133858267717
20
1.1985826771653543
11
1.2339133858267717
21
1.1214173228346456
0
LINE
8
BLACK
6
CONTINUOUS
10
1.2339133858267717
20
1.1214173228346456
11
1.2338384645669291
21
1.1210406692913386
0
LINE
8
BLACK
6
CONTINUOUS
10
1.2338384645669291
20
1.1210406692913386
11
1.2333057874015747
21
1.1205079921259842
0
LINE
8
BLACK
6
CONTINUOUS
10
1.2333057874015747
20
1.1205079921259842
11
1.2329291338582677
21
1.1204330708661416
0
LINE
8
BLACK
6
CONTINUOUS
10
1.2329291338582677
20
1.1204330708661416
11
1.0990708661417323
21
1.1204330708661416
0
LINE
8
BLACK
6
CONTINUOUS
10
1.0990708661417323
20
1.1204330708661416
11
1.0986942125984251
21
1.1205079921259842
0
LINE
8
BLACK
6
CONTINUOUS
10
1.0986942125984251
20
1.1205079921259842
11
1.0981615354330709
21
1.1210406692913386
0
LINE
8
BLACK
6
CONTINUOUS
10
1.0981615354330709
20
1.1210406692913386
11
1.0980866141732284
21
1.1214173228346456
0
LINE
8
BLACK
6
CONTINUOUS
10
1.0980866141732284
20
1.1214173228346456
11
1.0980866141732284
21
1.1985826771653543
0
LINE
8
BLACK
6
CONTINUOUS
10
1.0980866141732284
20
1.1985826771653543
11
1.0981615354330709
21
1.1989593307086615
0
LINE
8
BLACK
6
CONTINUOUS
10
1.0981615354330709
20
1.1989593307086615
11
1.0986942125984251
21
1.1994920078740157
0
LINE
8
BLACK
6
CONTINUOUS
10
1.0986942125984251
20
1.1994920078740157
11
1.0990708661417323
21
1.1995669291338582
0
LINE
8
BLACK
6
CONTINUOUS
10
1.0990708661417323
20
1.1995669291338582
11
1.2329291338582677
21
1.1995669291338582
0
LINE
8
BLACK
6
CONTINUOUS
10
1.2329291338582677
20
1.1995669291338582
11
1.2333057874015747
21
1.1994920078740157
0
LINE
8
BLACK
6
CONTINUOUS
10
1.1000551181102363
20
1.1975984251968503
11
1.1000551181102363
21
1.1224015748031495
0
LINE
8
BLACK
6
CONTINUOUS
10
1.1000551181102363
20
1.1224015748031495
11
1.2319448818897638
21
1.1224015748031495
0
LINE
8
BLACK
6
CONTINUOUS
10
1.2319448818897638
20
1.1224015748031495
11
1.2319448818897638
21
1.1975984251968503
0
LINE
8
BLACK
6
CONTINUOUS
10
1.2319448818897638
20
1.1975984251968503
11
1.1000551181102363
21
1.1975984251968503
0
LINE
8
BLACK
6
CONTINUOUS
10
1.0923057874015747
20
1.2004920078740158
11
1.0928384645669291
21
1.1999593307086613
0
LINE
8
BLACK
6
CONTINUOUS
10
1.0928384645669291
20
1.1999593307086613
11
1.0929133858267717
21
1.1995826771653544
0
LINE
8
BLACK
6
CONTINUOUS
10
1.0929133858267717
20
1.1995826771653544
11
1.0929133858267717
21
1.1224173228346457
0
LINE
8
BLACK
6
CONTINUOUS
10
1.0929133858267717
20
1.1224173228346457
11
1.0928384645669291
21
1.1220406692913385
0
LINE
8
BLACK
6
CONTINUOUS
10
1.0928384645669291
20
1.1220406692913385
11
1.0923057874015747
21
1.1215079921259843
0
LINE
8
BLACK
6
CONTINUOUS
10
1.0923057874015747
20
1.1215079921259843
11
1.0919291338582677
21
1.1214330708661417
0
LINE
8
BLACK
6
CONTINUOUS
10
1.0919291338582677
20
1.1214330708661417
11
0.9580708661417323
21
1.1214330708661417
0
LINE
8
BLACK
6
CONTINUOUS
10
0.9580708661417323
20
1.1214330708661417
11
0.9576942125984251
21
1.1215079921259843
0
LINE
8
BLACK
6
CONTINUOUS
10
0.9576942125984251
20
1.1215079921259843
11
0.9571615354330708
21
1.1220406692913385
0
LINE
8
BLACK
6
CONTINUOUS
10
0.9571615354330708
20
1.1220406692913385
11
0.9570866141732284
21
1.1224173228346457
0
LINE
8
BLACK
6
CONTINUOUS
10
0.9570866141732284
20
1.1224173228346457
11
0.9570866141732284
21
1.1995826771653544
0
LINE
8
BLACK
6
CONTINUOUS
10
0.9570866141732284
20
1.1995826771653544
11
0.9571615354330708
21
1.1999593307086613
0
LINE
8
BLACK
6
CONTINUOUS
10
0.9571615354330708
20
1.1999593307086613
11
0.9576942125984251
21
1.2004920078740158
0
LINE
8
BLACK
6
CONTINUOUS
10
0.9576942125984251
20
1.2004920078740158
11
0.9580708661417323
21
1.2005669291338583
0
LINE
8
BLACK
6
CONTINUOUS
10
0.9580708661417323
20
1.2005669291338583
11
1.0919291338582677
21
1.2005669291338583
0
LINE
8
BLACK
6
CONTINUOUS
10
1.0919291338582677
20
1.2005669291338583
11
1.0923057874015747
21
1.2004920078740158
0
LINE
8
BLACK
6
CONTINUOUS
10
0.9590551181102362
20
1.1985984251968504
11
0.9590551181102362
21
1.1234015748031496
0
LINE
8
BLACK
6
CONTINUOUS
10
0.9590551181102362
20
1.1234015748031496
11
1.0909448818897638
21
1.1234015748031496
0
LINE
8
BLACK
6
CONTINUOUS
10
1.0909448818897638
20
1.1234015748031496
11
1.0909448818897638
21
1.1985984251968504
0
LINE
8
BLACK
6
CONTINUOUS
10
1.0909448818897638
20
1.1985984251968504
11
0.9590551181102362
21
1.1985984251968504
0
LINE
8
BLACK
6
CONTINUOUS
10
0.9523057874015748
20
1.2014920078740157
11
0.9528384645669291
21
1.2009593307086615
0
LINE
8
BLACK
6
CONTINUOUS
10
0.9528384645669291
20
1.2009593307086615
11
0.9529133858267717
21
1.2005826771653543
0
LINE
8
BLACK
6
CONTINUOUS
10
0.9529133858267717
20
1.2005826771653543
11
0.9529133858267717
21
1.1234173228346456
0
LINE
8
BLACK
6
CONTINUOUS
10
0.9529133858267717
20
1.1234173228346456
11
0.9528384645669291
21
1.1230406692913386
0
LINE
8
BLACK
6
CONTINUOUS
10
0.9528384645669291
20
1.1230406692913386
11
0.9523057874015748
21
1.1225079921259842
0
LINE
8
BLACK
6
CONTINUOUS
10
0.9523057874015748
20
1.1225079921259842
11
0.9519291338582677
21
1.1224330708661416
0
LINE
8
BLACK
6
CONTINUOUS
10
0.9519291338582677
20
1.1224330708661416
11
0.8180708661417323
21
1.1224330708661416
0
LINE
8
BLACK
6
CONTINUOUS
10
0.8180708661417323
20
1.1224330708661416
11
0.8176942125984252
21
1.1225079921259842
0
LINE
8
BLACK
6
CONTINUOUS
10
0.8176942125984252
20
1.1225079921259842
11
0.8171615354330708
21
1.1230406692913386
0
LINE
8
BLACK
6
CONTINUOUS
10
0.8171615354330708
20
1.1230406692913386
11
0.8170866141732284
21
1.1234173228346456
0
LINE
8
BLACK
6
CONTINUOUS
10
0.8170866141732284
20
1.1234173228346456
11
0.8170866141732284
21
1.2005826771653543
0
LINE
8
BLACK
6
CONTINUOUS
10
0.8170866141732284
20
1.2005826771653543
11
0.8171615354330708
21
1.2009593307086615
0
LINE
8
BLACK
6
CONTINUOUS
10
0.8171615354330708
20
1.2009593307086615
11
0.8176942125984252
21
1.2014920078740157
0
LINE
8
BLACK
6
CONTINUOUS
10
0.8176942125984252
20
1.2014920078740157
11
0.8180708661417323
21
1.2015669291338582
0
LINE
8
BLACK
6
CONTINUOUS
10
0.8180708661417323
20
1.2015669291338582
11
0.9519291338582677
21
1.2015669291338582
0
LINE
8
BLACK
6
CONTINUOUS
10
0.9519291338582677
20
1.2015669291338582
11
0.9523057874015748
21
1.2014920078740157
0
LINE
8
BLACK
6
CONTINUOUS
10
0.8190551181102362
20
1.1995984251968503
11
0.8190551181102362
21
1.1244015748031495
0
LINE
8
BLACK
6
CONTINUOUS
10
0.8190551181102362
20
1.1244015748031495
11
0.9509448818897638
21
1.1244015748031495
0
LINE
8
BLACK
6
CONTINUOUS
10
0.9509448818897638
20
1.1244015748031495
11
0.9509448818897638
21
1.1995984251968503
0
LINE
8
BLACK
6
CONTINUOUS
10
0.9509448818897638
20
1.1995984251968503
11
0.8190551181102362
21
1.1995984251968503
0
LINE
8
BLACK
6
CONTINUOUS
10
2.1405183858267716
20
1.253310905511811
11
2.1410510629921258
21
1.2527782283464566
0
LINE
8
BLACK
6
CONTINUOUS
10
2.1410510629921258
20
1.2527782283464566
11
2.1411259842519685
21
1.2524015748031496
0
LINE
8
BLACK
6
CONTINUOUS
10
2.1411259842519685
20
1.2524015748031496
11
2.1411259842519685
21
1.1775984251968503
0
LINE
8
BLACK
6
CONTINUOUS
10
2.1411259842519685
20
1.1775984251968503
11
2.1410510629921258
21
1.1772217716535434
0
LINE
8
BLACK
6
CONTINUOUS
10
2.1410510629921258
20
1.1772217716535434
11
2.1405183858267716
21
1.1766890944881889
0
LINE
8
BLACK
6
CONTINUOUS
10
2.1405183858267716
20
1.1766890944881889
11
2.1401417322834644
21
1.1766141732283464
0
LINE
8
BLACK
6
CONTINUOUS
10
2.1401417322834644
20
1.1766141732283464
11
2.0078582677165353
21
1.1766141732283464
0
LINE
8
BLACK
6
CONTINUOUS
10
2.0078582677165353
20
1.1766141732283464
11
2.0074816141732281
21
1.1766890944881889
0
LINE
8
BLACK
6
CONTINUOUS
10
2.0074816141732281
20
1.1766890944881889
11
2.0069489370078739
21
1.1772217716535434
0
LINE
8
BLACK
6
CONTINUOUS
10
2.0069489370078739
20
1.1772217716535434
11
2.0068740157480316
21
1.1775984251968503
0
LINE
8
BLACK
6
CONTINUOUS
10
2.0068740157480316
20
1.1775984251968503
11
2.0068740157480316
21
1.2524015748031496
0
LINE
8
BLACK
6
CONTINUOUS
10
2.0068740157480316
20
1.2524015748031496
11
2.0069489370078739
21
1.2527782283464566
0
LINE
8
BLACK
6
CONTINUOUS
10
2.0069489370078739
20
1.2527782283464566
11
2.0074816141732281
21
1.253310905511811
0
LINE
8
BLACK
6
CONTINUOUS
10
2.0074816141732281
20
1.253310905511811
11
2.0078582677165353
21
1.2533858267716536
0
LINE
8
BLACK
6
CONTINUOUS
10
2.0078582677165353
20
1.2533858267716536
11
2.1401417322834644
21
1.2533858267716536
0
LINE
8
BLACK
6
CONTINUOUS
10
2.1401417322834644
20
1.2533858267716536
11
2.1405183858267716
21
1.253310905511811
0
LINE
8
BLACK
6
CONTINUOUS
10
2.0088425196850395
20
1.2514173228346457
11
2.0088425196850395
21
1.1785826771653543
0
LINE
8
BLACK
6
CONTINUOUS
10
2.0088425196850395
20
1.1785826771653543
11
2.1391574803149607
21
1.1785826771653543
0
LINE
8
BLACK
6
CONTINUOUS
10
2.1391574803149607
20
1.1785826771653543
11
2.1391574803149607
21
1.2514173228346457
0
LINE
8
BLACK
6
CONTINUOUS
10
2.1391574803149607
20
1.2514173228346457
11
2.0088425196850395
21
1.2514173228346457
0
LINE
8
BLACK
6
CONTINUOUS
10
2.3919278346456694
20
1.2702479133858267
11
2.3924605118110236
21
1.2697152362204724
0
LINE
8
BLACK
6
CONTINUOUS
10
2.3924605118110236
20
1.2697152362204724
11
2.3925354330708659
21
1.2693385826771653
0
LINE
8
BLACK
6
CONTINUOUS
10
2.3925354330708659
20
1.2693385826771653
11
2.3925354330708659
21
1.1866614173228347
0
LINE
8
BLACK
6
CONTINUOUS
10
2.3925354330708659
20
1.1866614173228347
11
2.3924605118110236
21
1.1862847637795275
0
LINE
8
BLACK
6
CONTINUOUS
10
2.3924605118110236
20
1.1862847637795275
11
2.3919278346456694
21
1.1857520866141733
0
LINE
8
BLACK
6
CONTINUOUS
10
2.3919278346456694
20
1.1857520866141733
11
2.3915511811023622
21
1.1856771653543308
0
LINE
8
BLACK
6
CONTINUOUS
10
2.3915511811023622
20
1.1856771653543308
11
2.2104488188976377
21
1.1856771653543308
0
LINE
8
BLACK
6
CONTINUOUS
10
2.2104488188976377
20
1.1856771653543308
11
2.2100721653543305
21
1.1857520866141733
0
LINE
8
BLACK
6
CONTINUOUS
10
2.2100721653543305
20
1.1857520866141733
11
2.2095394881889763
21
1.1862847637795275
0
LINE
8
BLACK
6
CONTINUOUS
10
2.2095394881889763
20
1.1862847637795275
11
2.209464566929134
21
1.1866614173228347
0
LINE
8
BLACK
6
CONTINUOUS
10
2.209464566929134
20
1.1866614173228347
11
2.209464566929134
21
1.2693385826771653
0
LINE
8
BLACK
6
CONTINUOUS
10
2.209464566929134
20
1.2693385826771653
11
2.2095394881889763
21
1.2697152362204724
0
LINE
8
BLACK
6
CONTINUOUS
10
2.2095394881889763
20
1.2697152362204724
11
2.2100721653543305
21
1.2702479133858267
0
LINE
8
BLACK
6
CONTINUOUS
10
2.2100721653543305
20
1.2702479133858267
11
2.2104488188976377
21
1.2703228346456692
0
LINE
8
BLACK
6
CONTINUOUS
10
2.2104488188976377
20
1.2703228346456692
11
2.3915511811023622
21
1.2703228346456692
0
LINE
8
BLACK
6
CONTINUOUS
10
2.3915511811023622
20
1.2703228346456692
11
2.3919278346456694
21
1.2702479133858267
0
LINE
8
BLACK
6
CONTINUOUS
10
2.2114330708661418
20
1.2683543307086613
11
2.2114330708661418
21
1.1876456692913386
0
LINE
8
BLACK
6
CONTINUOUS
10
2.2114330708661418
20
1.1876456692913386
11
2.390566929133858
21
1.1876456692913386
0
LINE
8
BLACK
6
CONTINUOUS
10
2.390566929133858
20
1.1876456692913386
11
2.390566929133858
21
1.2683543307086613
0
LINE
8
BLACK
6
CONTINUOUS
10
2.390566929133858
20
1.2683543307086613
11
2.2114330708661418
21
1.2683543307086613
0
LINE
8
BLACK
6
CONTINUOUS
10
1.2093057874015747
20
1.3674998818897637
11
1.2098384645669291
21
1.3669672047244095
0
LINE
8
BLACK
6
CONTINUOUS
10
1.2098384645669291
20
1.3669672047244095
11
1.2099133858267717
21
1.3665905511811023
0
LINE
8
BLACK
6
CONTINUOUS
10
1.2099133858267717
20
1.3665905511811023
11
1.2099133858267717
21
1.2154094488188976
0
LINE
8
BLACK
6
CONTINUOUS
10
1.2099133858267717
20
1.2154094488188976
11
1.2098384645669291
21
1.2150327952755906
0
LINE
8
BLACK
6
CONTINUOUS
10
1.2098384645669291
20
1.2150327952755906
11
1.2093057874015747
21
1.2145001181102362
0
LINE
8
BLACK
6
CONTINUOUS
10
1.2093057874015747
20
1.2145001181102362
11
1.2089291338582677
21
1.2144251968503936
0
LINE
8
BLACK
6
CONTINUOUS
10
1.2089291338582677
20
1.2144251968503936
11
1.0750708661417323
21
1.2144251968503936
0
LINE
8
BLACK
6
CONTINUOUS
10
1.0750708661417323
20
1.2144251968503936
11
1.0746942125984251
21
1.2145001181102362
0
LINE
8
BLACK
6
CONTINUOUS
10
1.0746942125984251
20
1.2145001181102362
11
1.0741615354330709
21
1.2150327952755906
0
LINE
8
BLACK
6
CONTINUOUS
10
1.0741615354330709
20
1.2150327952755906
11
1.0740866141732284
21
1.2154094488188976
0
LINE
8
BLACK
6
CONTINUOUS
10
1.0740866141732284
20
1.2154094488188976
11
1.0740866141732284
21
1.3665905511811023
0
LINE
8
BLACK
6
CONTINUOUS
10
1.0740866141732284
20
1.3665905511811023
11
1.0741615354330709
21
1.3669672047244095
0
LINE
8
BLACK
6
CONTINUOUS
10
1.0741615354330709
20
1.3669672047244095
11
1.0746942125984251
21
1.3674998818897637
0
LINE
8
BLACK
6
CONTINUOUS
10
1.0746942125984251
20
1.3674998818897637
11
1.0750708661417323
21
1.3675748031496062
0
LINE
8
BLACK
6
CONTINUOUS
10
1.0750708661417323
20
1.3675748031496062
11
1.2089291338582677
21
1.3675748031496062
0
LINE
8
BLACK
6
CONTINUOUS
10
1.2089291338582677
20
1.3675748031496062
11
1.2093057874015747
21
1.3674998818897637
0
LINE
8
BLACK
6
CONTINUOUS
10
1.0760551181102362
20
1.3656062992125984
11
1.0760551181102362
21
1.2163937007874015
0
LINE
8
BLACK
6
CONTINUOUS
10
1.0760551181102362
20
1.2163937007874015
11
1.2079448818897638
21
1.2163937007874015
0
LINE
8
BLACK
6
CONTINUOUS
10
1.2079448818897638
20
1.2163937007874015
11
1.2079448818897638
21
1.3656062992125984
0
LINE
8
BLACK
6
CONTINUOUS
10
1.2079448818897638
20
1.3656062992125984
11
1.0760551181102362
21
1.3656062992125984
0
LINE
8
BLACK
6
CONTINUOUS
10
1.4120853149606298
20
1.3511140551181102
11
1.4126179921259843
21
1.3505813779527558
0
LINE
8
BLACK
6
CONTINUOUS
10
1.4126179921259843
20
1.3505813779527558
11
1.4126929133858268
21
1.3502047244094488
0
LINE
8
BLACK
6
CONTINUOUS
10
1.4126929133858268
20
1.3502047244094488
11
1.4126929133858268
21
1.2163464566929134
0
LINE
8
BLACK
6
CONTINUOUS
10
1.4126929133858268
20
1.2163464566929134
11
1.4126179921259843
21
1.2159698031496062
0
LINE
8
BLACK
6
CONTINUOUS
10
1.4126179921259843
20
1.2159698031496062
11
1.4120853149606298
21
1.215437125984252
0
LINE
8
BLACK
6
CONTINUOUS
10
1.4120853149606298
20
1.215437125984252
11
1.4117086614173229
21
1.2153622047244095
0
LINE
8
BLACK
6
CONTINUOUS
10
1.4117086614173229
20
1.2153622047244095
11
1.250291338582677
21
1.2153622047244095
0
LINE
8
BLACK
6
CONTINUOUS
10
1.250291338582677
20
1.2153622047244095
11
1.2499146850393701
21
1.215437125984252
0
LINE
8
BLACK
6
CONTINUOUS
10
1.2499146850393701
20
1.215437125984252
11
1.2493820078740157
21
1.2159698031496062
0
LINE
8
BLACK
6
CONTINUOUS
10
1.2493820078740157
20
1.2159698031496062
11
1.2493070866141731
21
1.2163464566929134
0
LINE
8
BLACK
6
CONTINUOUS
10
1.2493070866141731
20
1.2163464566929134
11
1.2493070866141731
21
1.3502047244094488
0
LINE
8
BLACK
6
CONTINUOUS
10
1.2493070866141731
20
1.3502047244094488
11
1.2493820078740157
21
1.3505813779527558
0
LINE
8
BLACK
6
CONTINUOUS
10
1.2493820078740157
20
1.3505813779527558
11
1.2499146850393701
21
1.3511140551181102
0
LINE
8
BLACK
6
CONTINUOUS
10
1.2499146850393701
20
1.3511140551181102
11
1.250291338582677
21
1.3511889763779528
0
LINE
8
BLACK
6
CONTINUOUS
10
1.250291338582677
20
1.3511889763779528
11
1.4117086614173229
21
1.3511889763779528
0
LINE
8
BLACK
6
CONTINUOUS
10
1.4117086614173229
20
1.3511889763779528
11
1.4120853149606298
21
1.3511140551181102
0
LINE
8
BLACK
6
CONTINUOUS
10
1.251275590551181
20
1.3492204724409449
11
1.251275590551181
21
1.2173307086614173
0
LINE
8
BLACK
6
CONTINUOUS
10
1.251275590551181
20
1.2173307086614173
11
1.4107244094488189
21
1.2173307086614173
0
LINE
8
BLACK
6
CONTINUOUS
10
1.4107244094488189
20
1.2173307086614173
11
1.4107244094488189
21
1.3492204724409449
0
LINE
8
BLACK
6
CONTINUOUS
10
1.4107244094488189
20
1.3492204724409449
11
1.251275590551181
21
1.3492204724409449
0
LINE
8
BLACK
6
CONTINUOUS
10
1.0717152362204725
20
1.3984605118110236
11
1.0722479133858267
21
1.3979278346456692
0
LINE
8
BLACK
6
CONTINUOUS
10
1.0722479133858267
20
1.3979278346456692
11
1.0723228346456692
21
1.3975511811023622
0
LINE
8
BLACK
6
CONTINUOUS
10
1.0723228346456692
20
1.3975511811023622
11
1.0723228346456692
21
1.2164488188976377
0
LINE
8
BLACK
6
CONTINUOUS
10
1.0723228346456692
20
1.2164488188976377
11
1.0722479133858267
21
1.2160721653543307
0
LINE
8
BLACK
6
CONTINUOUS
10
1.0722479133858267
20
1.2160721653543307
11
1.0717152362204725
21
1.2155394881889763
0
LINE
8
BLACK
6
CONTINUOUS
10
1.0717152362204725
20
1.2155394881889763
11
1.0713385826771653
21
1.2154645669291337
0
LINE
8
BLACK
6
CONTINUOUS
10
1.0713385826771653
20
1.2154645669291337
11
0.9886614173228346
21
1.2154645669291337
0
LINE
8
BLACK
6
CONTINUOUS
10
0.9886614173228346
20
1.2154645669291337
11
0.9882847637795276
21
1.2155394881889763
0
LINE
8
BLACK
6
CONTINUOUS
10
0.9882847637795276
20
1.2155394881889763
11
0.9877520866141732
21
1.2160721653543307
0
LINE
8
BLACK
6
CONTINUOUS
10
0.9877520866141732
20
1.2160721653543307
11
0.9876771653543307
21
1.2164488188976377
0
LINE
8
BLACK
6
CONTINUOUS
10
0.9876771653543307
20
1.2164488188976377
11
0.9876771653543307
21
1.3975511811023622
0
LINE
8
BLACK
6
CONTINUOUS
10
0.9876771653543307
20
1.3975511811023622
11
0.9877520866141732
21
1.3979278346456692
0
LINE
8
BLACK
6
CONTINUOUS
10
0.9877520866141732
20
1.3979278346456692
11
0.9882847637795276
21
1.3984605118110236
0
LINE
8
BLACK
6
CONTINUOUS
10
0.9882847637795276
20
1.3984605118110236
11
0.9886614173228346
21
1.3985354330708661
0
LINE
8
BLACK
6
CONTINUOUS
10
0.9886614173228346
20
1.3985354330708661
11
1.0713385826771653
21
1.3985354330708661
0
LINE
8
BLACK
6
CONTINUOUS
10
1.0713385826771653
20
1.3985354330708661
11
1.0717152362204725
21
1.3984605118110236
0
LINE
8
BLACK
6
CONTINUOUS
10
0.9896456692913386
20
1.3965669291338583
11
0.9896456692913386
21
1.2174330708661416
0
LINE
8
BLACK
6
CONTINUOUS
10
0.9896456692913386
20
1.2174330708661416
11
1.0703543307086614
21
1.2174330708661416
0
LINE
8
BLACK
6
CONTINUOUS
10
1.0703543307086614
20
1.2174330708661416
11
1.0703543307086614
21
1.3965669291338583
0
LINE
8
BLACK
6
CONTINUOUS
10
1.0703543307086614
20
1.3965669291338583
11
0.9896456692913386
21
1.3965669291338583
0
LINE
8
BLACK
6
CONTINUOUS
10
0.9749278346456692
20
1.3482479133858267
11
0.9754605118110236
21
1.3477152362204725
0
LINE
8
BLACK
6
CONTINUOUS
10
0.9754605118110236
20
1.3477152362204725
11
0.9755354330708661
21
1.3473385826771653
0
LINE
8
BLACK
6
CONTINUOUS
10
0.9755354330708661
20
1.3473385826771653
11
0.9755354330708661
21
1.2646614173228345
0
LINE
8
BLACK
6
CONTINUOUS
10
0.9755354330708661
20
1.2646614173228345
11
0.9754605118110236
21
1.2642847637795276
0
LINE
8
BLACK
6
CONTINUOUS
10
0.9754605118110236
20
1.2642847637795276
11
0.9749278346456692
21
1.2637520866141732
0
LINE
8
BLACK
6
CONTINUOUS
10
0.9749278346456692
20
1.2637520866141732
11
0.9745511811023622
21
1.2636771653543306
0
LINE
8
BLACK
6
CONTINUOUS
10
0.9745511811023622
20
1.2636771653543306
11
0.7934488188976377
21
1.2636771653543306
0
LINE
8
BLACK
6
CONTINUOUS
10
0.7934488188976377
20
1.2636771653543306
11
0.7930721653543307
21
1.2637520866141732
0
LINE
8
BLACK
6
CONTINUOUS
10
0.7930721653543307
20
1.2637520866141732
11
0.7925394881889763
21
1.2642847637795276
0
LINE
8
BLACK
6
CONTINUOUS
10
0.7925394881889763
20
1.2642847637795276
11
0.7924645669291338
21
1.2646614173228345
0
LINE
8
BLACK
6
CONTINUOUS
10
0.7924645669291338
20
1.2646614173228345
11
0.7924645669291338
21
1.3473385826771653
0
LINE
8
BLACK
6
CONTINUOUS
10
0.7924645669291338
20
1.3473385826771653
11
0.7925394881889763
21
1.3477152362204725
0
LINE
8
BLACK
6
CONTINUOUS
10
0.7925394881889763
20
1.3477152362204725
11
0.7930721653543307
21
1.3482479133858267
0
LINE
8
BLACK
6
CONTINUOUS
10
0.7930721653543307
20
1.3482479133858267
11
0.7934488188976377
21
1.3483228346456693
0
LINE
8
BLACK
6
CONTINUOUS
10
0.7934488188976377
20
1.3483228346456693
11
0.9745511811023622
21
1.3483228346456693
0
LINE
8
BLACK
6
CONTINUOUS
10
0.9745511811023622
20
1.3483228346456693
11
0.9749278346456692
21
1.3482479133858267
0
LINE
8
BLACK
6
CONTINUOUS
10
0.7944330708661417
20
1.3463543307086614
11
0.7944330708661417
21
1.2656456692913385
0
LINE
8
BLACK
6
CONTINUOUS
10
0.7944330708661417
20
1.2656456692913385
11
0.9735669291338582
21
1.2656456692913385
0
LINE
8
BLACK
6
CONTINUOUS
10
0.9735669291338582
20
1.2656456692913385
11
0.9735669291338582
21
1.3463543307086614
0
LINE
8
BLACK
6
CONTINUOUS
10
0.9735669291338582
20
1.3463543307086614
11
0.7944330708661417
21
1.3463543307086614
0
LINE
8
BLACK
6
CONTINUOUS
10
2.3067782283464568
20
1.413051062992126
11
2.3073109055118111
21
1.4125183858267716
0
LINE
8
BLACK
6
CONTINUOUS
10
2.3073109055118111
20
1.4125183858267716
11
2.3073858267716534
21
1.4121417322834646
0
LINE
8
BLACK
6
CONTINUOUS
10
2.3073858267716534
20
1.4121417322834646
11
2.3073858267716534
21
1.2798582677165353
0
LINE
8
BLACK
6
CONTINUOUS
10
2.3073858267716534
20
1.2798582677165353
11
2.3073109055118111
21
1.2794816141732284
0
LINE
8
BLACK
6
CONTINUOUS
10
2.3073109055118111
20
1.2794816141732284
11
2.3067782283464568
21
1.2789489370078739
0
LINE
8
BLACK
6
CONTINUOUS
10
2.3067782283464568
20
1.2789489370078739
11
2.3064015748031497
21
1.2788740157480314
0
LINE
8
BLACK
6
CONTINUOUS
10
2.3064015748031497
20
1.2788740157480314
11
2.2315984251968501
21
1.2788740157480314
0
LINE
8
BLACK
6
CONTINUOUS
10
2.2315984251968501
20
1.2788740157480314
11
2.2312217716535434
21
1.2789489370078739
0
LINE
8
BLACK
6
CONTINUOUS
10
2.2312217716535434
20
1.2789489370078739
11
2.2306890944881888
21
1.2794816141732284
0
LINE
8
BLACK
6
CONTINUOUS
10
2.2306890944881888
20
1.2794816141732284
11
2.2306141732283464
21
1.2798582677165353
0
LINE
8
BLACK
6
CONTINUOUS
10
2.2306141732283464
20
1.2798582677165353
11
2.2306141732283464
21
1.4121417322834646
0
LINE
8
BLACK
6
CONTINUOUS
10
2.2306141732283464
20
1.4121417322834646
11
2.2306890944881888
21
1.4125183858267716
0
LINE
8
BLACK
6
CONTINUOUS
10
2.2306890944881888
20
1.4125183858267716
11
2.2312217716535434
21
1.413051062992126
0
LINE
8
BLACK
6
CONTINUOUS
10
2.2312217716535434
20
1.413051062992126
11
2.2315984251968501
21
1.4131259842519686
0
LINE
8
BLACK
6
CONTINUOUS
10
2.2315984251968501
20
1.4131259842519686
11
2.3064015748031497
21
1.4131259842519686
0
LINE
8
BLACK
6
CONTINUOUS
10
2.3064015748031497
20
1.4131259842519686
11
2.3067782283464568
21
1.413051062992126
0
LINE
8
BLACK
6
CONTINUOUS
10
2.2325826771653543
20
1.4111574803149607
11
2.2325826771653543
21
1.2808425196850393
0
LINE
8
BLACK
6
CONTINUOUS
10
2.2325826771653543
20
1.2808425196850393
11
2.3054173228346455
21
1.2808425196850393
0
LINE
8
BLACK
6
CONTINUOUS
10
2.3054173228346455
20
1.2808425196850393
11
2.3054173228346455
21
1.4111574803149607
0
LINE
8
BLACK
6
CONTINUOUS
10
2.3054173228346455
20
1.4111574803149607
11
2.2325826771653543
21
1.4111574803149607
0
LINE
8
BLACK
6
CONTINUOUS
10
2.0559593307086614
20
1.4418384645669291
11
2.0564920078740156
21
1.4413057874015747
0
LINE
8
BLACK
6
CONTINUOUS
10
2.0564920078740156
20
1.4413057874015747
11
2.0565669291338584
21
1.4409291338582677
0
LINE
8
BLACK
6
CONTINUOUS
10
2.0565669291338584
20
1.4409291338582677
11
2.0565669291338584
21
1.3070708661417323
0
LINE
8
BLACK
6
CONTINUOUS
10
2.0565669291338584
20
1.3070708661417323
11
2.0564920078740156
21
1.3066942125984251
0
LINE
8
BLACK
6
CONTINUOUS
10
2.0564920078740156
20
1.3066942125984251
11
2.0559593307086614
21
1.3061615354330709
0
LINE
8
BLACK
6
CONTINUOUS
10
2.0559593307086614
20
1.3061615354330709
11
2.0555826771653543
21
1.3060866141732284
0
LINE
8
BLACK
6
CONTINUOUS
10
2.0555826771653543
20
1.3060866141732284
11
1.9784173228346456
21
1.3060866141732284
0
LINE
8
BLACK
6
CONTINUOUS
10
1.9784173228346456
20
1.3060866141732284
11
1.9780406692913386
21
1.3061615354330709
0
LINE
8
BLACK
6
CONTINUOUS
10
1.9780406692913386
20
1.3061615354330709
11
1.9775079921259842
21
1.3066942125984251
0
LINE
8
BLACK
6
CONTINUOUS
10
1.9775079921259842
20
1.3066942125984251
11
1.9774330708661416
21
1.3070708661417323
0
LINE
8
BLACK
6
CONTINUOUS
10
1.9774330708661416
20
1.3070708661417323
11
1.9774330708661416
21
1.4409291338582677
0
LINE
8
BLACK
6
CONTINUOUS
10
1.9774330708661416
20
1.4409291338582677
11
1.9775079921259842
21
1.4413057874015747
0
LINE
8
BLACK
6
CONTINUOUS
10
1.9775079921259842
20
1.4413057874015747
11
1.9780406692913386
21
1.4418384645669291
0
LINE
8
BLACK
6
CONTINUOUS
10
1.9780406692913386
20
1.4418384645669291
11
1.9784173228346456
21
1.4419133858267716
0
LINE
8
BLACK
6
CONTINUOUS
10
1.9784173228346456
20
1.4419133858267716
11
2.0555826771653543
21
1.4419133858267716
0
LINE
8
BLACK
6
CONTINUOUS
10
2.0555826771653543
20
1.4419133858267716
11
2.0559593307086614
21
1.4418384645669291
0
LINE
8
BLACK
6
CONTINUOUS
10
1.9794015748031495
20
1.4399448818897638
11
1.9794015748031495
21
1.3080551181102362
0
LINE
8
BLACK
6
CONTINUOUS
10
1.9794015748031495
20
1.3080551181102362
11
2.0545984251968505
21
1.3080551181102362
0
LINE
8
BLACK
6
CONTINUOUS
10
2.0545984251968505
20
1.3080551181102362
11
2.0545984251968505
21
1.4399448818897638
0
LINE
8
BLACK
6
CONTINUOUS
10
2.0545984251968505
20
1.4399448818897638
11
1.9794015748031495
21
1.4399448818897638
0
LINE
8
BLACK
6
CONTINUOUS
10
1.3603057874015747
20
1.4367675984251969
11
1.3608384645669291
21
1.4362349212598424
0
LINE
8
BLACK
6
CONTINUOUS
10
1.3608384645669291
20
1.4362349212598424
11
1.3609133858267717
21
1.4358582677165355
0
LINE
8
BLACK
6
CONTINUOUS
10
1.3609133858267717
20
1.4358582677165355
11
1.3609133858267717
21
1.3586929133858268
0
LINE
8
BLACK
6
CONTINUOUS
10
1.3609133858267717
20
1.3586929133858268
11
1.3608384645669291
21
1.3583162598425196
0
LINE
8
BLACK
6
CONTINUOUS
10
1.3608384645669291
20
1.3583162598425196
11
1.3603057874015747
21
1.3577835826771654
0
LINE
8
BLACK
6
CONTINUOUS
10
1.3603057874015747
20
1.3577835826771654
11
1.3599291338582677
21
1.3577086614173228
0
LINE
8
BLACK
6
CONTINUOUS
10
1.3599291338582677
20
1.3577086614173228
11
1.2260708661417323
21
1.3577086614173228
0
LINE
8
BLACK
6
CONTINUOUS
10
1.2260708661417323
20
1.3577086614173228
11
1.2256942125984251
21
1.3577835826771654
0
LINE
8
BLACK
6
CONTINUOUS
10
1.2256942125984251
20
1.3577835826771654
11
1.2251615354330709
21
1.3583162598425196
0
LINE
8
BLACK
6
CONTINUOUS
10
1.2251615354330709
20
1.3583162598425196
11
1.2250866141732284
21
1.3586929133858268
0
LINE
8
BLACK
6
CONTINUOUS
10
1.2250866141732284
20
1.3586929133858268
11
1.2250866141732284
21
1.4358582677165355
0
LINE
8
BLACK
6
CONTINUOUS
10
1.2250866141732284
20
1.4358582677165355
11
1.2251615354330709
21
1.4362349212598424
0
LINE
8
BLACK
6
CONTINUOUS
10
1.2251615354330709
20
1.4362349212598424
11
1.2256942125984251
21
1.4367675984251969
0
LINE
8
BLACK
6
CONTINUOUS
10
1.2256942125984251
20
1.4367675984251969
11
1.2260708661417323
21
1.4368425196850394
0
LINE
8
BLACK
6
CONTINUOUS
10
1.2260708661417323
20
1.4368425196850394
11
1.3599291338582677
21
1.4368425196850394
0
LINE
8
BLACK
6
CONTINUOUS
10
1.3599291338582677
20
1.4368425196850394
11
1.3603057874015747
21
1.4367675984251969
0
LINE
8
BLACK
6
CONTINUOUS
10
1.2270551181102363
20
1.4348740157480315
11
1.2270551181102363
21
1.3596771653543307
0
LINE
8
BLACK
6
CONTINUOUS
10
1.2270551181102363
20
1.3596771653543307
11
1.3589448818897638
21
1.3596771653543307
0
LINE
8
BLACK
6
CONTINUOUS
10
1.3589448818897638
20
1.3596771653543307
11
1.3589448818897638
21
1.4348740157480315
0
LINE
8
BLACK
6
CONTINUOUS
10
1.3589448818897638
20
1.4348740157480315
11
1.2270551181102363
21
1.4348740157480315
0
LINE
8
BLACK
6
CONTINUOUS
10
1.0169593307086613
20
1.5358384645669292
11
1.0174920078740157
21
1.5353057874015748
0
LINE
8
BLACK
6
CONTINUOUS
10
1.0174920078740157
20
1.5353057874015748
11
1.0175669291338583
21
1.5349291338582678
0
LINE
8
BLACK
6
CONTINUOUS
10
1.0175669291338583
20
1.5349291338582678
11
1.0175669291338583
21
1.4010708661417322
0
LINE
8
BLACK
6
CONTINUOUS
10
1.0175669291338583
20
1.4010708661417322
11
1.0174920078740157
21
1.4006942125984252
0
LINE
8
BLACK
6
CONTINUOUS
10
1.0174920078740157
20
1.4006942125984252
11
1.0169593307086613
21
1.4001615354330708
0
LINE
8
BLACK
6
CONTINUOUS
10
1.0169593307086613
20
1.4001615354330708
11
1.0165826771653543
21
1.4000866141732282
0
LINE
8
BLACK
6
CONTINUOUS
10
1.0165826771653543
20
1.4000866141732282
11
0.9394173228346456
21
1.4000866141732282
0
LINE
8
BLACK
6
CONTINUOUS
10
0.9394173228346456
20
1.4000866141732282
11
0.9390406692913386
21
1.4001615354330708
0
LINE
8
BLACK
6
CONTINUOUS
10
0.9390406692913386
20
1.4001615354330708
11
0.9385079921259842
21
1.4006942125984252
0
LINE
8
BLACK
6
CONTINUOUS
10
0.9385079921259842
20
1.4006942125984252
11
0.9384330708661417
21
1.4010708661417322
0
LINE
8
BLACK
6
CONTINUOUS
10
0.9384330708661417
20
1.4010708661417322
11
0.9384330708661417
21
1.5349291338582678
0
LINE
8
BLACK
6
CONTINUOUS
10
0.9384330708661417
20
1.5349291338582678
11
0.9385079921259842
21
1.5353057874015748
0
LINE
8
BLACK
6
CONTINUOUS
10
0.9385079921259842
20
1.5353057874015748
11
0.9390406692913386
21
1.5358384645669292
0
LINE
8
BLACK
6
CONTINUOUS
10
0.9390406692913386
20
1.5358384645669292
11
0.9394173228346456
21
1.5359133858267717
0
LINE
8
BLACK
6
CONTINUOUS
10
0.9394173228346456
20
1.5359133858267717
11
1.0165826771653543
21
1.5359133858267717
0
LINE
8
BLACK
6
CONTINUOUS
10
1.0165826771653543
20
1.5359133858267717
11
1.0169593307086613
21
1.5358384645669292
0
LINE
8
BLACK
6
CONTINUOUS
10
0.9404015748031496
20
1.5339448818897636
11
0.9404015748031496
21
1.4020551181102361
0
LINE
8
BLACK
6
CONTINUOUS
10
0.9404015748031496
20
1.4020551181102361
11
1.0155984251968504
21
1.4020551181102361
0
LINE
8
BLACK
6
CONTINUOUS
10
1.0155984251968504
20
1.4020551181102361
11
1.0155984251968504
21
1.5339448818897636
0
LINE
8
BLACK
6
CONTINUOUS
10
1.0155984251968504
20
1.5339448818897636
11
0.9404015748031496
21
1.5339448818897636
0
LINE
8
BLACK
6
CONTINUOUS
10
2.2246994881889761
20
1.5583424409448818
11
2.2252321653543308
21
1.5578097637795276
0
LINE
8
BLACK
6
CONTINUOUS
10
2.2252321653543308
20
1.5578097637795276
11
2.2253070866141731
21
1.5574331102362204
0
LINE
8
BLACK
6
CONTINUOUS
10
2.2253070866141731
20
1.5574331102362204
11
2.2253070866141731
21
1.423574842519685
0
LINE
8
BLACK
6
CONTINUOUS
10
2.2253070866141731
20
1.423574842519685
11
2.2252321653543308
21
1.4231981889763778
0
LINE
8
BLACK
6
CONTINUOUS
10
2.2252321653543308
20
1.4231981889763778
11
2.2246994881889761
21
1.4226655118110236
0
LINE
8
BLACK
6
CONTINUOUS
10
2.2246994881889761
20
1.4226655118110236
11
2.2243228346456694
21
1.4225905905511811
0
LINE
8
BLACK
6
CONTINUOUS
10
2.2243228346456694
20
1.4225905905511811
11
2.1471574803149607
21
1.4225905905511811
0
LINE
8
BLACK
6
CONTINUOUS
10
2.1471574803149607
20
1.4225905905511811
11
2.1467808267716535
21
1.4226655118110236
0
LINE
8
BLACK
6
CONTINUOUS
10
2.1467808267716535
20
1.4226655118110236
11
2.1462481496062993
21
1.4231981889763778
0
LINE
8
BLACK
6
CONTINUOUS
10
2.1462481496062993
20
1.4231981889763778
11
2.1461732283464565
21
1.423574842519685
0
LINE
8
BLACK
6
CONTINUOUS
10
2.1461732283464565
20
1.423574842519685
11
2.1461732283464565
21
1.5574331102362204
0
LINE
8
BLACK
6
CONTINUOUS
10
2.1461732283464565
20
1.5574331102362204
11
2.1462481496062993
21
1.5578097637795276
0
LINE
8
BLACK
6
CONTINUOUS
10
2.1462481496062993
20
1.5578097637795276
11
2.1467808267716535
21
1.5583424409448818
0
LINE
8
BLACK
6
CONTINUOUS
10
2.1467808267716535
20
1.5583424409448818
11
2.1471574803149607
21
1.5584173622047244
0
LINE
8
BLACK
6
CONTINUOUS
10
2.1471574803149607
20
1.5584173622047244
11
2.2243228346456694
21
1.5584173622047244
0
LINE
8
BLACK
6
CONTINUOUS
10
2.2243228346456694
20
1.5584173622047244
11
2.2246994881889761
21
1.5583424409448818
0
LINE
8
BLACK
6
CONTINUOUS
10
2.1481417322834644
20
1.5564488582677165
11
2.1481417322834644
21
1.424559094488189
0
LINE
8
BLACK
6
CONTINUOUS
10
2.1481417322834644
20
1.424559094488189
11
2.2233385826771652
21
1.424559094488189
0
LINE
8
BLACK
6
CONTINUOUS
10
2.2233385826771652
20
1.424559094488189
11
2.2233385826771652
21
1.5564488582677165
0
LINE
8
BLACK
6
CONTINUOUS
10
2.2233385826771652
20
1.5564488582677165
11
2.1481417322834644
21
1.5564488582677165
0
LINE
8
BLACK
6
CONTINUOUS
10
2.3700459448818898
20
1.5454683858267717
11
2.370578622047244
21
1.5449357086614173
0
LINE
8
BLACK
6
CONTINUOUS
10
2.370578622047244
20
1.5449357086614173
11
2.3706535433070868
21
1.5445590551181101
0
LINE
8
BLACK
6
CONTINUOUS
10
2.3706535433070868
20
1.5445590551181101
11
2.3706535433070868
21
1.4264488188976379
0
LINE
8
BLACK
6
CONTINUOUS
10
2.3706535433070868
20
1.4264488188976379
11
2.370578622047244
21
1.4260721653543307
0
LINE
8
BLACK
6
CONTINUOUS
10
2.370578622047244
20
1.4260721653543307
11
2.3700459448818898
21
1.4255394881889762
0
LINE
8
BLACK
6
CONTINUOUS
10
2.3700459448818898
20
1.4255394881889762
11
2.3696692913385826
21
1.4254645669291339
0
LINE
8
BLACK
6
CONTINUOUS
10
2.3696692913385826
20
1.4254645669291339
11
2.235811023622047
21
1.4254645669291339
0
LINE
8
BLACK
6
CONTINUOUS
10
2.235811023622047
20
1.4254645669291339
11
2.2354343700787402
21
1.4255394881889762
0
LINE
8
BLACK
6
CONTINUOUS
10
2.2354343700787402
20
1.4255394881889762
11
2.2349016929133856
21
1.4260721653543307
0
LINE
8
BLACK
6
CONTINUOUS
10
2.2349016929133856
20
1.4260721653543307
11
2.2348267716535433
21
1.4264488188976379
0
LINE
8
BLACK
6
CONTINUOUS
10
2.2348267716535433
20
1.4264488188976379
11
2.2348267716535433
21
1.5445590551181101
0
LINE
8
BLACK
6
CONTINUOUS
10
2.2348267716535433
20
1.5445590551181101
11
2.2349016929133856
21
1.5449357086614173
0
LINE
8
BLACK
6
CONTINUOUS
10
2.2349016929133856
20
1.5449357086614173
11
2.2354343700787402
21
1.5454683858267717
0
LINE
8
BLACK
6
CONTINUOUS
10
2.2354343700787402
20
1.5454683858267717
11
2.235811023622047
21
1.5455433070866142
0
LINE
8
BLACK
6
CONTINUOUS
10
2.235811023622047
20
1.5455433070866142
11
2.3696692913385826
21
1.5455433070866142
0
LINE
8
BLACK
6
CONTINUOUS
10
2.3696692913385826
20
1.5455433070866142
11
2.3700459448818898
21
1.5454683858267717
0
LINE
8
BLACK
6
CONTINUOUS
10
2.2367952755905511
20
1.5435748031496062
11
2.2367952755905511
21
1.4274330708661418
0
LINE
8
BLACK
6
CONTINUOUS
10
2.2367952755905511
20
1.4274330708661418
11
2.3686850393700789
21
1.4274330708661418
0
LINE
8
BLACK
6
CONTINUOUS
10
2.3686850393700789
20
1.4274330708661418
11
2.3686850393700789
21
1.5435748031496062
0
LINE
8
BLACK
6
CONTINUOUS
10
2.3686850393700789
20
1.5435748031496062
11
2.2367952755905511
21
1.5435748031496062
0
LINE
8
BLACK
6
CONTINUOUS
10
1.4089278346456693
20
1.5276731102362204
11
1.4094605118110235
21
1.527140433070866
0
LINE
8
BLACK
6
CONTINUOUS
10
1.4094605118110235
20
1.527140433070866
11
1.409535433070866
21
1.526763779527559
0
LINE
8
BLACK
6
CONTINUOUS
10
1.409535433070866
20
1.526763779527559
11
1.409535433070866
21
1.4440866141732283
0
LINE
8
BLACK
6
CONTINUOUS
10
1.409535433070866
20
1.4440866141732283
11
1.4094605118110235
21
1.4437099606299213
0
LINE
8
BLACK
6
CONTINUOUS
10
1.4094605118110235
20
1.4437099606299213
11
1.4089278346456693
21
1.4431772834645669
0
LINE
8
BLACK
6
CONTINUOUS
10
1.4089278346456693
20
1.4431772834645669
11
1.4085511811023621
21
1.4431023622047243
0
LINE
8
BLACK
6
CONTINUOUS
10
1.4085511811023621
20
1.4431023622047243
11
1.2274488188976378
21
1.4431023622047243
0
LINE
8
BLACK
6
CONTINUOUS
10
1.2274488188976378
20
1.4431023622047243
11
1.2270721653543306
21
1.4431772834645669
0
LINE
8
BLACK
6
CONTINUOUS
10
1.2270721653543306
20
1.4431772834645669
11
1.2265394881889764
21
1.4437099606299213
0
LINE
8
BLACK
6
CONTINUOUS
10
1.2265394881889764
20
1.4437099606299213
11
1.2264645669291339
21
1.4440866141732283
0
LINE
8
BLACK
6
CONTINUOUS
10
1.2264645669291339
20
1.4440866141732283
11
1.2264645669291339
21
1.526763779527559
0
LINE
8
BLACK
6
CONTINUOUS
10
1.2264645669291339
20
1.526763779527559
11
1.2265394881889764
21
1.527140433070866
0
LINE
8
BLACK
6
CONTINUOUS
10
1.2265394881889764
20
1.527140433070866
11
1.2270721653543306
21
1.5276731102362204
0
LINE
8
BLACK
6
CONTINUOUS
10
1.2270721653543306
20
1.5276731102362204
11
1.2274488188976378
21
1.527748031496063
0
LINE
8
BLACK
6
CONTINUOUS
10
1.2274488188976378
20
1.527748031496063
11
1.4085511811023621
21
1.527748031496063
0
LINE
8
BLACK
6
CONTINUOUS
10
1.4085511811023621
20
1.527748031496063
11
1.4089278346456693
21
1.5276731102362204
0
LINE
8
BLACK
6
CONTINUOUS
10
1.2284330708661417
20
1.5257795275590551
11
1.2284330708661417
21
1.4450708661417322
0
LINE
8
BLACK
6
CONTINUOUS
10
1.2284330708661417
20
1.4450708661417322
11
1.4075669291338582
21
1.4450708661417322
0
LINE
8
BLACK
6
CONTINUOUS
10
1.4075669291338582
20
1.4450708661417322
11
1.4075669291338582
21
1.5257795275590551
0
LINE
8
BLACK
6
CONTINUOUS
10
1.4075669291338582
20
1.5257795275590551
11
1.2284330708661417
21
1.5257795275590551
0
LINE
8
BLACK
6
CONTINUOUS
10
1.1985183858267716
20
1.5223109055118109
11
1.199051062992126
21
1.5217782283464567
0
LINE
8
BLACK
6
CONTINUOUS
10
1.199051062992126
20
1.5217782283464567
11
1.1991259842519684
21
1.5214015748031495
0
LINE
8
BLACK
6
CONTINUOUS
10
1.1991259842519684
20
1.5214015748031495
11
1.1991259842519684
21
1.4465984251968504
0
LINE
8
BLACK
6
CONTINUOUS
10
1.1991259842519684
20
1.4465984251968504
11
1.199051062992126
21
1.4462217716535433
0
LINE
8
BLACK
6
CONTINUOUS
10
1.199051062992126
20
1.4462217716535433
11
1.1985183858267716
21
1.4456890944881891
0
LINE
8
BLACK
6
CONTINUOUS
10
1.1985183858267716
20
1.4456890944881891
11
1.1981417322834644
21
1.4456141732283465
0
LINE
8
BLACK
6
CONTINUOUS
10
1.1981417322834644
20
1.4456141732283465
11
1.0658582677165354
21
1.4456141732283465
0
LINE
8
BLACK
6
CONTINUOUS
10
1.0658582677165354
20
1.4456141732283465
11
1.0654816141732284
21
1.4456890944881891
0
LINE
8
BLACK
6
CONTINUOUS
10
1.0654816141732284
20
1.4456890944881891
11
1.064948937007874
21
1.4462217716535433
0
LINE
8
BLACK
6
CONTINUOUS
10
1.064948937007874
20
1.4462217716535433
11
1.0648740157480314
21
1.4465984251968504
0
LINE
8
BLACK
6
CONTINUOUS
10
1.0648740157480314
20
1.4465984251968504
11
1.0648740157480314
21
1.5214015748031495
0
LINE
8
BLACK
6
CONTINUOUS
10
1.0648740157480314
20
1.5214015748031495
11
1.064948937007874
21
1.5217782283464567
0
LINE
8
BLACK
6
CONTINUOUS
10
1.064948937007874
20
1.5217782283464567
11
1.0654816141732284
21
1.5223109055118109
0
LINE
8
BLACK
6
CONTINUOUS
10
1.0654816141732284
20
1.5223109055118109
11
1.0658582677165354
21
1.5223858267716535
0
LINE
8
BLACK
6
CONTINUOUS
10
1.0658582677165354
20
1.5223858267716535
11
1.1981417322834644
21
1.5223858267716535
0
LINE
8
BLACK
6
CONTINUOUS
10
1.1981417322834644
20
1.5223858267716535
11
1.1985183858267716
21
1.5223109055118109
0
LINE
8
BLACK
6
CONTINUOUS
10
1.0668425196850393
20
1.5204173228346456
11
1.0668425196850393
21
1.4475826771653544
0
LINE
8
BLACK
6
CONTINUOUS
10
1.0668425196850393
20
1.4475826771653544
11
1.1971574803149605
21
1.4475826771653544
0
LINE
8
BLACK
6
CONTINUOUS
10
1.1971574803149605
20
1.4475826771653544
11
1.1971574803149605
21
1.5204173228346456
0
LINE
8
BLACK
6
CONTINUOUS
10
1.1971574803149605
20
1.5204173228346456
11
1.0668425196850393
21
1.5204173228346456
0
LINE
8
BLACK
6
CONTINUOUS
10
0.9043372834645669
20
1.51007468503937
11
0.9048699606299212
21
1.5095420078740158
0
LINE
8
BLACK
6
CONTINUOUS
10
0.9048699606299212
20
1.5095420078740158
11
0.9049448818897637
21
1.5091653543307086
0
LINE
8
BLACK
6
CONTINUOUS
10
0.9049448818897637
20
1.5091653543307086
11
0.9049448818897637
21
1.4516850393700786
0
LINE
8
BLACK
6
CONTINUOUS
10
0.9049448818897637
20
1.4516850393700786
11
0.9048699606299212
21
1.4513083858267717
0
LINE
8
BLACK
6
CONTINUOUS
10
0.9048699606299212
20
1.4513083858267717
11
0.9043372834645669
21
1.4507757086614173
0
LINE
8
BLACK
6
CONTINUOUS
10
0.9043372834645669
20
1.4507757086614173
11
0.9039606299212598
21
1.4507007874015747
0
LINE
8
BLACK
6
CONTINUOUS
10
0.9039606299212598
20
1.4507007874015747
11
0.7740393700787401
21
1.4507007874015747
0
LINE
8
BLACK
6
CONTINUOUS
10
0.7740393700787401
20
1.4507007874015747
11
0.7736627165354331
21
1.4507757086614173
0
LINE
8
BLACK
6
CONTINUOUS
10
0.7736627165354331
20
1.4507757086614173
11
0.7731300393700787
21
1.4513083858267717
0
LINE
8
BLACK
6
CONTINUOUS
10
0.7731300393700787
20
1.4513083858267717
11
0.7730551181102362
21
1.4516850393700786
0
LINE
8
BLACK
6
CONTINUOUS
10
0.7730551181102362
20
1.4516850393700786
11
0.7730551181102362
21
1.5091653543307086
0
LINE
8
BLACK
6
CONTINUOUS
10
0.7730551181102362
20
1.5091653543307086
11
0.7731300393700787
21
1.5095420078740158
0
LINE
8
BLACK
6
CONTINUOUS
10
0.7731300393700787
20
1.5095420078740158
11
0.7736627165354331
21
1.51007468503937
0
LINE
8
BLACK
6
CONTINUOUS
10
0.7736627165354331
20
1.51007468503937
11
0.7740393700787401
21
1.5101496062992126
0
LINE
8
BLACK
6
CONTINUOUS
10
0.7740393700787401
20
1.5101496062992126
11
0.9039606299212598
21
1.5101496062992126
0
LINE
8
BLACK
6
CONTINUOUS
10
0.9039606299212598
20
1.5101496062992126
11
0.9043372834645669
21
1.51007468503937
0
LINE
8
BLACK
6
CONTINUOUS
10
0.7750236220472441
20
1.5081811023622047
11
0.7750236220472441
21
1.4526692913385826
0
LINE
8
BLACK
6
CONTINUOUS
10
0.7750236220472441
20
1.4526692913385826
11
0.9029763779527559
21
1.4526692913385826
0
LINE
8
BLACK
6
CONTINUOUS
10
0.9029763779527559
20
1.4526692913385826
11
0.9029763779527559
21
1.5081811023622047
0
LINE
8
BLACK
6
CONTINUOUS
10
0.9029763779527559
20
1.5081811023622047
11
0.7750236220472441
21
1.5081811023622047
0
LINE
8
BLACK
6
CONTINUOUS
10
2.4330538188976378
20
1.5822636614173229
11
2.433586496062992
21
1.5817309842519685
0
LINE
8
BLACK
6
CONTINUOUS
10
2.433586496062992
20
1.5817309842519685
11
2.4336614173228348
21
1.5813543307086613
0
LINE
8
BLACK
6
CONTINUOUS
10
2.4336614173228348
20
1.5813543307086613
11
2.4336614173228348
21
0.447496062992126
0
LINE
8
BLACK
6
CONTINUOUS
10
2.4336614173228348
20
0.447496062992126
11
2.433586496062992
21
0.4471194094488189
0
LINE
8
BLACK
6
CONTINUOUS
10
2.433586496062992
20
0.4471194094488189
11
2.4330538188976378
21
0.4465867322834646
0
LINE
8
BLACK
6
CONTINUOUS
10
2.4330538188976378
20
0.4465867322834646
11
2.4326771653543307
21
0.446511811023622
0
LINE
8
BLACK
6
CONTINUOUS
10
2.4326771653543307
20
0.446511811023622
11
0.7673228346456693
21
0.446511811023622
0
LINE
8
BLACK
6
CONTINUOUS
10
0.7673228346456693
20
0.446511811023622
11
0.7669461811023622
21
0.4465867322834646
0
LINE
8
BLACK
6
CONTINUOUS
10
0.7669461811023622
20
0.4465867322834646
11
0.7664135039370079
21
0.4471194094488189
0
LINE
8
BLACK
6
CONTINUOUS
10
0.7664135039370079
20
0.4471194094488189
11
0.7663385826771654
21
0.447496062992126
0
LINE
8
BLACK
6
CONTINUOUS
10
0.7663385826771654
20
0.447496062992126
11
0.7663385826771654
21
1.5813543307086613
0
LINE
8
BLACK
6
CONTINUOUS
10
0.7663385826771654
20
1.5813543307086613
11
0.7664135039370079
21
1.5817309842519685
0
LINE
8
BLACK
6
CONTINUOUS
10
0.7664135039370079
20
1.5817309842519685
11
0.7669461811023622
21
1.5822636614173229
0
LINE
8
BLACK
6
CONTINUOUS
10
0.7669461811023622
20
1.5822636614173229
11
0.7673228346456693
21
1.5823385826771654
0
LINE
8
BLACK
6
CONTINUOUS
10
0.7673228346456693
20
1.5823385826771654
11
2.4326771653543307
21
1.5823385826771654
0
LINE
8
BLACK
6
CONTINUOUS
10
2.4326771653543307
20
1.5823385826771654
11
2.4330538188976378
21
1.5822636614173229
0
LINE
8
BLACK
6
CONTINUOUS
10
0.7683070866141732
20
1.5803700787401573
11
0.7683070866141732
21
0.4484803149606299
0
LINE
8
BLACK
6
CONTINUOUS
10
0.7683070866141732
20
0.4484803149606299
11
2.4316929133858269
21
0.4484803149606299
0
LINE
8
BLACK
6
CONTINUOUS
10
2.4316929133858269
20
0.4484803149606299
11
2.4316929133858269
21
1.5803700787401573
0
LINE
8
BLACK
6
CONTINUOUS
10
2.4316929133858269
20
1.5803700787401573
11
0.7683070866141732
21
1.5803700787401573
0
LINE
8
BLACK
6
CONTINUOUS
10
2.4921089370078739
20
1.641318779527559
11
2.4926416141732282
21
1.6407861023622048
0
LINE
8
BLACK
6
CONTINUOUS
10
2.4926416141732282
20
1.6407861023622048
11
2.4927165354330709
21
1.6404094488188976
0
LINE
8
BLACK
6
CONTINUOUS
10
2.4927165354330709
20
1.6404094488188976
11
2.4927165354330709
21
0.3884409448818897
0
LINE
8
BLACK
6
CONTINUOUS
10
2.4927165354330709
20
0.3884409448818897
11
2.4926416141732282
21
0.3880642913385827
0
LINE
8
BLACK
6
CONTINUOUS
10
2.4926416141732282
20
0.3880642913385827
11
2.4921089370078739
21
0.3875316141732283
0
LINE
8
BLACK
6
CONTINUOUS
10
2.4921089370078739
20
0.3875316141732283
11
2.4917322834645668
21
0.3874566929133858
0
LINE
8
BLACK
6
CONTINUOUS
10
2.4917322834645668
20
0.3874566929133858
11
0.7082677165354331
21
0.3874566929133858
0
LINE
8
BLACK
6
CONTINUOUS
10
0.7082677165354331
20
0.3874566929133858
11
0.707891062992126
21
0.3875316141732283
0
LINE
8
BLACK
6
CONTINUOUS
10
0.707891062992126
20
0.3875316141732283
11
0.7073583858267717
21
0.3880642913385827
0
LINE
8
BLACK
6
CONTINUOUS
10
0.7073583858267717
20
0.3880642913385827
11
0.7072834645669291
21
0.3884409448818897
0
LINE
8
BLACK
6
CONTINUOUS
10
0.7072834645669291
20
0.3884409448818897
11
0.7072834645669291
21
1.6404094488188976
0
LINE
8
BLACK
6
CONTINUOUS
10
0.7072834645669291
20
1.6404094488188976
11
0.7073583858267717
21
1.6407861023622048
0
LINE
8
BLACK
6
CONTINUOUS
10
0.7073583858267717
20
1.6407861023622048
11
0.707891062992126
21
1.641318779527559
0
LINE
8
BLACK
6
CONTINUOUS
10
0.707891062992126
20
1.641318779527559
11
0.7082677165354331
21
1.6413937007874015
0
LINE
8
BLACK
6
CONTINUOUS
10
0.7082677165354331
20
1.6413937007874015
11
2.4917322834645668
21
1.6413937007874015
0
LINE
8
BLACK
6
CONTINUOUS
10
2.4917322834645668
20
1.6413937007874015
11
2.4921089370078739
21
1.641318779527559
0
LINE
8
BLACK
6
CONTINUOUS
10
0.709251968503937
20
1.6394251968503937
11
0.709251968503937
21
0.3894251968503937
0
LINE
8
BLACK
6
CONTINUOUS
10
0.709251968503937
20
0.3894251968503937
11
2.4907480314960631
21
0.3894251968503937
0
LINE
8
BLACK
6
CONTINUOUS
10
2.4907480314960631
20
0.3894251968503937
11
2.4907480314960631
21
1.6394251968503937
0
LINE
8
BLACK
6
CONTINUOUS
10
2.4907480314960631
20
1.6394251968503937
11
0.709251968503937
21
1.6394251968503937
0
LINE
8
BLACK
6
CONTINUOUS
10
2.8862598818897638
20
0.6822925196850393
11
2.8947116535433071
21
0.680027874015748
0
LINE
8
BLACK
6
CONTINUOUS
10
2.8947116535433071
20
0.680027874015748
11
2.9026417322834646
21
0.67633
0
LINE
8
BLACK
6
CONTINUOUS
10
2.9026417322834646
20
0.67633
11
2.9098092125984252
21
0.6713112992125984
0
LINE
8
BLACK
6
CONTINUOUS
10
2.9098092125984252
20
0.6713112992125984
11
2.9159963385826773
21
0.6651241732283465
0
LINE
8
BLACK
6
CONTINUOUS
10
2.9159963385826773
20
0.6651241732283465
11
2.9210150393700789
21
0.6579566929133858
0
LINE
8
BLACK
6
CONTINUOUS
10
2.9210150393700789
20
0.6579566929133858
11
2.9247129133858265
21
0.6500266141732284
0
LINE
8
BLACK
6
CONTINUOUS
10
2.9247129133858265
20
0.6500266141732284
11
2.9269775590551181
21
0.641574842519685
0
LINE
8
BLACK
6
CONTINUOUS
10
2.9269775590551181
20
0.641574842519685
11
2.927740157480315
21
0.6328582677165354
0
LINE
8
BLACK
6
CONTINUOUS
10
2.927740157480315
20
0.6328582677165354
11
2.9269775590551181
21
0.6241416929133858
0
LINE
8
BLACK
6
CONTINUOUS
10
2.9269775590551181
20
0.6241416929133858
11
2.9247129133858265
21
0.6156899212598425
0
LINE
8
BLACK
6
CONTINUOUS
10
2.9247129133858265
20
0.6156899212598425
11
2.9210150393700789
21
0.6077598425196851
0
LINE
8
BLACK
6
CONTINUOUS
10
2.9210150393700789
20
0.6077598425196851
11
2.9159963385826773
21
0.6005923622047245
0
LINE
8
BLACK
6
CONTINUOUS
10
2.9159963385826773
20
0.6005923622047245
11
2.9098092125984252
21
0.5944052362204725
0
LINE
8
BLACK
6
CONTINUOUS
10
2.9098092125984252
20
0.5944052362204725
11
2.9026417322834646
21
0.5893865354330708
0
LINE
8
BLACK
6
CONTINUOUS
10
2.9026417322834646
20
0.5893865354330708
11
2.8947116535433071
21
0.5856886614173228
0
LINE
8
BLACK
6
CONTINUOUS
10
2.8947116535433071
20
0.5856886614173228
11
2.8862598818897638
21
0.5834240157480315
0
LINE
8
BLACK
6
CONTINUOUS
10
2.8862598818897638
20
0.5834240157480315
11
2.8775433070866141
21
0.5826614173228346
0
LINE
8
BLACK
6
CONTINUOUS
10
2.8775433070866141
20
0.5826614173228346
11
2.8688267322834644
21
0.5834240157480315
0
LINE
8
BLACK
6
CONTINUOUS
10
2.8688267322834644
20
0.5834240157480315
11
2.8603749606299211
21
0.5856886614173228
0
LINE
8
BLACK
6
CONTINUOUS
10
2.8603749606299211
20
0.5856886614173228
11
2.8524448818897636
21
0.5893865354330708
0
LINE
8
BLACK
6
CONTINUOUS
10
2.8524448818897636
20
0.5893865354330708
11
2.845277401574803
21
0.5944052362204725
0
LINE
8
BLACK
6
CONTINUOUS
10
2.845277401574803
20
0.5944052362204725
11
2.8390902755905509
21
0.6005923622047245
0
LINE
8
BLACK
6
CONTINUOUS
10
2.8390902755905509
20
0.6005923622047245
11
2.8340715748031498
21
0.6077598425196851
0
LINE
8
BLACK
6
CONTINUOUS
10
2.8340715748031498
20
0.6077598425196851
11
2.8303737007874017
21
0.6156899212598425
0
LINE
8
BLACK
6
CONTINUOUS
10
2.8303737007874017
20
0.6156899212598425
11
2.8281090551181101
21
0.6241416929133858
0
LINE
8
BLACK
6
CONTINUOUS
10
2.8281090551181101
20
0.6241416929133858
11
2.8273464566929132
21
0.6328582677165354
0
LINE
8
BLACK
6
CONTINUOUS
10
2.8273464566929132
20
0.6328582677165354
11
2.8281090551181101
21
0.641574842519685
0
LINE
8
BLACK
6
CONTINUOUS
10
2.8281090551181101
20
0.641574842519685
11
2.8303737007874017
21
0.6500266141732284
0
LINE
8
BLACK
6
CONTINUOUS
10
2.8303737007874017
20
0.6500266141732284
11
2.8340715748031498
21
0.6579566929133858
0
LINE
8
BLACK
6
CONTINUOUS
10
2.8340715748031498
20
0.6579566929133858
11
2.8390902755905509
21
0.6651241732283465
0
LINE
8
BLACK
6
CONTINUOUS
10
2.8390902755905509
20
0.6651241732283465
11
2.845277401574803
21
0.6713112992125984
0
LINE
8
BLACK
6
CONTINUOUS
10
2.845277401574803
20
0.6713112992125984
11
2.8524448818897636
21
0.67633
0
LINE
8
BLACK
6
CONTINUOUS
10
2.8524448818897636
20
0.67633
11
2.8603749606299211
21
0.680027874015748
0
LINE
8
BLACK
6
CONTINUOUS
10
2.8603749606299211
20
0.680027874015748
11
2.8688267322834644
21
0.6822925196850393
0
LINE
8
BLACK
6
CONTINUOUS
10
2.8688267322834644
20
0.6822925196850393
11
2.8775433070866141
21
0.6830551181102362
0
LINE
8
BLACK
6
CONTINUOUS
10
2.8775433070866141
20
0.6830551181102362
11
2.8862598818897638
21
0.6822925196850393
0
LINE
8
BLACK
6
CONTINUOUS
10
2.8298662598425195
20
0.6244514960629921
11
2.8320503937007873
21
0.6163001968503937
0
LINE
8
BLACK
6
CONTINUOUS
10
2.8320503937007873
20
0.6163001968503937
11
2.835616811023622
21
0.608651968503937
0
LINE
8
BLACK
6
CONTINUOUS
10
2.835616811023622
20
0.608651968503937
11
2.8404571259842517
21
0.6017392913385826
0
LINE
8
BLACK
6
CONTINUOUS
10
2.8404571259842517
20
0.6017392913385826
11
2.8464243307086612
21
0.5957720866141732
0
LINE
8
BLACK
6
CONTINUOUS
10
2.8464243307086612
20
0.5957720866141732
11
2.8533370078740159
21
0.5909317716535433
0
LINE
8
BLACK
6
CONTINUOUS
10
2.8533370078740159
20
0.5909317716535433
11
2.8609852362204724
21
0.5873653543307087
0
LINE
8
BLACK
6
CONTINUOUS
10
2.8609852362204724
20
0.5873653543307087
11
2.8691365354330709
21
0.5851812204724409
0
LINE
8
BLACK
6
CONTINUOUS
10
2.8691365354330709
20
0.5851812204724409
11
2.8775433070866141
21
0.5844457086614173
0
LINE
8
BLACK
6
CONTINUOUS
10
2.8775433070866141
20
0.5844457086614173
11
2.8859500787401573
21
0.5851812204724409
0
LINE
8
BLACK
6
CONTINUOUS
10
2.8859500787401573
20
0.5851812204724409
11
2.8941013779527558
21
0.5873653543307087
0
LINE
8
BLACK
6
CONTINUOUS
10
2.8941013779527558
20
0.5873653543307087
11
2.9017496062992127
21
0.5909317716535433
0
LINE
8
BLACK
6
CONTINUOUS
10
2.9017496062992127
20
0.5909317716535433
11
2.908662283464567
21
0.5957720866141732
0
LINE
8
BLACK
6
CONTINUOUS
10
2.908662283464567
20
0.5957720866141732
11
2.9146294881889765
21
0.6017392913385826
0
LINE
8
BLACK
6
CONTINUOUS
10
2.9146294881889765
20
0.6017392913385826
11
2.9194698031496062
21
0.608651968503937
0
LINE
8
BLACK
6
CONTINUOUS
10
2.9194698031496062
20
0.608651968503937
11
2.9230362204724409
21
0.6163001968503937
0
LINE
8
BLACK
6
CONTINUOUS
10
2.9230362204724409
20
0.6163001968503937
11
2.9252203543307087
21
0.6244514960629921
0
LINE
8
BLACK
6
CONTINUOUS
10
2.9252203543307087
20
0.6244514960629921
11
2.9259558661417322
21
0.6328582677165354
0
LINE
8
BLACK
6
CONTINUOUS
10
2.9259558661417322
20
0.6328582677165354
11
2.9252203543307087
21
0.6412650393700787
0
LINE
8
BLACK
6
CONTINUOUS
10
2.9252203543307087
20
0.6412650393700787
11
2.9230362204724409
21
0.6494163385826771
0
LINE
8
BLACK
6
CONTINUOUS
10
2.9230362204724409
20
0.6494163385826771
11
2.9194698031496062
21
0.6570645275590551
0
LINE
8
BLACK
6
CONTINUOUS
10
2.9194698031496062
20
0.6570645275590551
11
2.9146294881889765
21
0.6639772440944882
0
LINE
8
BLACK
6
CONTINUOUS
10
2.9146294881889765
20
0.6639772440944882
11
2.908662283464567
21
0.6699444488188976
0
LINE
8
BLACK
6
CONTINUOUS
10
2.908662283464567
20
0.6699444488188976
11
2.9017496062992127
21
0.6747847637795276
0
LINE
8
BLACK
6
CONTINUOUS
10
2.9017496062992127
20
0.6747847637795276
11
2.8941013779527558
21
0.6783511811023621
0
LINE
8
BLACK
6
CONTINUOUS
10
2.8941013779527558
20
0.6783511811023621
11
2.8859500787401573
21
0.6805353149606299
0
LINE
8
BLACK
6
CONTINUOUS
10
2.8859500787401573
20
0.6805353149606299
11
2.8775433070866141
21
0.6812708267716535
0
LINE
8
BLACK
6
CONTINUOUS
10
2.8775433070866141
20
0.6812708267716535
11
2.8691365354330709
21
0.6805353149606299
0
LINE
8
BLACK
6
CONTINUOUS
10
2.8691365354330709
20
0.6805353149606299
11
2.8609852362204724
21
0.6783511811023621
0
LINE
8
BLACK
6
CONTINUOUS
10
2.8609852362204724
20
0.6783511811023621
11
2.8533370472440942
21
0.6747847637795276
0
LINE
8
BLACK
6
CONTINUOUS
10
2.8533370472440942
20
0.6747847637795276
11
2.8464243307086612
21
0.6699444488188976
0
LINE
8
BLACK
6
CONTINUOUS
10
2.8464243307086612
20
0.6699444488188976
11
2.8404571259842517
21
0.6639772440944882
0
LINE
8
BLACK
6
CONTINUOUS
10
2.8404571259842517
20
0.6639772440944882
11
2.835616811023622
21
0.6570645275590551
0
LINE
8
BLACK
6
CONTINUOUS
10
2.835616811023622
20
0.6570645275590551
11
2.8320503937007873
21
0.6494163385826771
0
LINE
8
BLACK
6
CONTINUOUS
10
2.8320503937007873
20
0.6494163385826771
11
2.8298662598425195
21
0.6412650393700787
0
LINE
8
BLACK
6
CONTINUOUS
10
2.8298662598425195
20
0.6412650393700787
11
2.829130748031496
21
0.6328582677165354
0
LINE
8
BLACK
6
CONTINUOUS
10
2.829130748031496
20
0.6328582677165354
11
2.8298662598425195
21
0.6244514960629921
0
LINE
8
BLACK
6
CONTINUOUS
10
0.5589593307086614
20
0.7211219291338582
11
0.5594920078740158
21
0.7205892519685039
0
LINE
8
BLACK
6
CONTINUOUS
10
0.5594920078740158
20
0.7205892519685039
11
0.5595669291338583
21
0.7202125984251968
0
LINE
8
BLACK
6
CONTINUOUS
10
0.5595669291338583
20
0.7202125984251968
11
0.5595669291338583
21
0.6217874015748032
0
LINE
8
BLACK
6
CONTINUOUS
10
0.5595669291338583
20
0.6217874015748032
11
0.5594920078740158
21
0.6214107480314961
0
LINE
8
BLACK
6
CONTINUOUS
10
0.5594920078740158
20
0.6214107480314961
11
0.5589593307086614
21
0.6208780708661418
0
LINE
8
BLACK
6
CONTINUOUS
10
0.5589593307086614
20
0.6208780708661418
11
0.5585826771653544
21
0.6208031496062992
0
LINE
8
BLACK
6
CONTINUOUS
10
0.5585826771653544
20
0.6208031496062992
11
0.3814173228346456
21
0.6208031496062992
0
LINE
8
BLACK
6
CONTINUOUS
10
0.3814173228346456
20
0.6208031496062992
11
0.3810406692913386
21
0.6208780708661418
0
LINE
8
BLACK
6
CONTINUOUS
10
0.3810406692913386
20
0.6208780708661418
11
0.3805079921259842
21
0.6214107480314961
0
LINE
8
BLACK
6
CONTINUOUS
10
0.3805079921259842
20
0.6214107480314961
11
0.3804330708661417
21
0.6217874015748032
0
LINE
8
BLACK
6
CONTINUOUS
10
0.3804330708661417
20
0.6217874015748032
11
0.3804330708661417
21
0.7202125984251968
0
LINE
8
BLACK
6
CONTINUOUS
10
0.3804330708661417
20
0.7202125984251968
11
0.3805079921259842
21
0.7205892519685039
0
LINE
8
BLACK
6
CONTINUOUS
10
0.3805079921259842
20
0.7205892519685039
11
0.3810406692913386
21
0.7211219291338582
0
LINE
8
BLACK
6
CONTINUOUS
10
0.3810406692913386
20
0.7211219291338582
11
0.3814173228346456
21
0.7211968503937007
0
LINE
8
BLACK
6
CONTINUOUS
10
0.3814173228346456
20
0.7211968503937007
11
0.5585826771653544
21
0.7211968503937007
0
LINE
8
BLACK
6
CONTINUOUS
10
0.5585826771653544
20
0.7211968503937007
11
0.5589593307086614
21
0.7211219291338582
0
LINE
8
BLACK
6
CONTINUOUS
10
0.3824015748031496
20
0.7192283464566929
11
0.3824015748031496
21
0.6227716535433071
0
LINE
8
BLACK
6
CONTINUOUS
10
0.3824015748031496
20
0.6227716535433071
11
0.5575984251968504
21
0.6227716535433071
0
LINE
8
BLACK
6
CONTINUOUS
10
0.5575984251968504
20
0.6227716535433071
11
0.5575984251968504
21
0.7192283464566929
0
LINE
8
BLACK
6
CONTINUOUS
10
0.5575984251968504
20
0.7192283464566929
11
0.3824015748031496
21
0.7192283464566929
0
LINE
8
BLACK
6
CONTINUOUS
10
0.5183057874015748
20
0.8094920078740158
11
0.5188384645669292
21
0.8089593307086614
0
LINE
8
BLACK
6
CONTINUOUS
10
0.5188384645669292
20
0.8089593307086614
11
0.5189133858267716
21
0.8085826771653543
0
LINE
8
BLACK
6
CONTINUOUS
10
0.5189133858267716
20
0.8085826771653543
11
0.5189133858267716
21
0.7314173228346457
0
LINE
8
BLACK
6
CONTINUOUS
10
0.5189133858267716
20
0.7314173228346457
11
0.5188384645669292
21
0.7310406692913386
0
LINE
8
BLACK
6
CONTINUOUS
10
0.5188384645669292
20
0.7310406692913386
11
0.5183057874015748
21
0.7305079921259843
0
LINE
8
BLACK
6
CONTINUOUS
10
0.5183057874015748
20
0.7305079921259843
11
0.5179291338582677
21
0.7304330708661417
0
LINE
8
BLACK
6
CONTINUOUS
10
0.5179291338582677
20
0.7304330708661417
11
0.3840708661417322
21
0.7304330708661417
0
LINE
8
BLACK
6
CONTINUOUS
10
0.3840708661417322
20
0.7304330708661417
11
0.3836942125984252
21
0.7305079921259843
0
LINE
8
BLACK
6
CONTINUOUS
10
0.3836942125984252
20
0.7305079921259843
11
0.3831615354330709
21
0.7310406692913386
0
LINE
8
BLACK
6
CONTINUOUS
10
0.3831615354330709
20
0.7310406692913386
11
0.3830866141732283
21
0.7314173228346457
0
LINE
8
BLACK
6
CONTINUOUS
10
0.3830866141732283
20
0.7314173228346457
11
0.3830866141732283
21
0.8085826771653543
0
LINE
8
BLACK
6
CONTINUOUS
10
0.3830866141732283
20
0.8085826771653543
11
0.3831615354330709
21
0.8089593307086614
0
LINE
8
BLACK
6
CONTINUOUS
10
0.3831615354330709
20
0.8089593307086614
11
0.3836942125984252
21
0.8094920078740158
0
LINE
8
BLACK
6
CONTINUOUS
10
0.3836942125984252
20
0.8094920078740158
11
0.3840708661417322
21
0.8095669291338583
0
LINE
8
BLACK
6
CONTINUOUS
10
0.3840708661417322
20
0.8095669291338583
11
0.5179291338582677
21
0.8095669291338583
0
LINE
8
BLACK
6
CONTINUOUS
10
0.5179291338582677
20
0.8095669291338583
11
0.5183057874015748
21
0.8094920078740158
0
LINE
8
BLACK
6
CONTINUOUS
10
0.3850551181102362
20
0.8075984251968503
11
0.3850551181102362
21
0.7324015748031496
0
LINE
8
BLACK
6
CONTINUOUS
10
0.3850551181102362
20
0.7324015748031496
11
0.5169448818897637
21
0.7324015748031496
0
LINE
8
BLACK
6
CONTINUOUS
10
0.5169448818897637
20
0.7324015748031496
11
0.5169448818897637
21
0.8075984251968503
0
LINE
8
BLACK
6
CONTINUOUS
10
0.5169448818897637
20
0.8075984251968503
11
0.3850551181102362
21
0.8075984251968503
0
LINE
8
BLACK
6
CONTINUOUS
10
0.6499593307086614
20
0.9748384645669291
11
0.6504920078740157
21
0.9743057874015748
0
LINE
8
BLACK
6
CONTINUOUS
10
0.6504920078740157
20
0.9743057874015748
11
0.6505669291338583
21
0.9739291338582677
0
LINE
8
BLACK
6
CONTINUOUS
10
0.6505669291338583
20
0.9739291338582677
11
0.6505669291338583
21
0.8400708661417323
0
LINE
8
BLACK
6
CONTINUOUS
10
0.6505669291338583
20
0.8400708661417323
11
0.6504920078740157
21
0.8396942125984251
0
LINE
8
BLACK
6
CONTINUOUS
10
0.6504920078740157
20
0.8396942125984251
11
0.6499593307086614
21
0.8391615354330708
0
LINE
8
BLACK
6
CONTINUOUS
10
0.6499593307086614
20
0.8391615354330708
11
0.6495826771653543
21
0.8390866141732283
0
LINE
8
BLACK
6
CONTINUOUS
10
0.6495826771653543
20
0.8390866141732283
11
0.5724173228346456
21
0.8390866141732283
0
LINE
8
BLACK
6
CONTINUOUS
10
0.5724173228346456
20
0.8390866141732283
11
0.5720406692913386
21
0.8391615354330708
0
LINE
8
BLACK
6
CONTINUOUS
10
0.5720406692913386
20
0.8391615354330708
11
0.5715079921259842
21
0.8396942125984251
0
LINE
8
BLACK
6
CONTINUOUS
10
0.5715079921259842
20
0.8396942125984251
11
0.5714330708661417
21
0.8400708661417323
0
LINE
8
BLACK
6
CONTINUOUS
10
0.5714330708661417
20
0.8400708661417323
11
0.5714330708661417
21
0.9739291338582677
0
LINE
8
BLACK
6
CONTINUOUS
10
0.5714330708661417
20
0.9739291338582677
11
0.5715079921259842
21
0.9743057874015748
0
LINE
8
BLACK
6
CONTINUOUS
10
0.5715079921259842
20
0.9743057874015748
11
0.5720406692913386
21
0.9748384645669291
0
LINE
8
BLACK
6
CONTINUOUS
10
0.5720406692913386
20
0.9748384645669291
11
0.5724173228346456
21
0.9749133858267717
0
LINE
8
BLACK
6
CONTINUOUS
10
0.5724173228346456
20
0.9749133858267717
11
0.6495826771653543
21
0.9749133858267717
0
LINE
8
BLACK
6
CONTINUOUS
10
0.6495826771653543
20
0.9749133858267717
11
0.6499593307086614
21
0.9748384645669291
0
LINE
8
BLACK
6
CONTINUOUS
10
0.5734015748031496
20
0.9729448818897638
11
0.5734015748031496
21
0.8410551181102363
0
LINE
8
BLACK
6
CONTINUOUS
10
0.5734015748031496
20
0.8410551181102363
11
0.6485984251968504
21
0.8410551181102363
0
LINE
8
BLACK
6
CONTINUOUS
10
0.6485984251968504
20
0.8410551181102363
11
0.6485984251968504
21
0.9729448818897638
0
LINE
8
BLACK
6
CONTINUOUS
10
0.6485984251968504
20
0.9729448818897638
11
0.5734015748031496
21
0.9729448818897638
0
LINE
8
BLACK
6
CONTINUOUS
10
0.5193057874015747
20
0.9244920078740158
11
0.5198384645669292
21
0.9239593307086614
0
LINE
8
BLACK
6
CONTINUOUS
10
0.5198384645669292
20
0.9239593307086614
11
0.5199133858267716
21
0.9235826771653544
0
LINE
8
BLACK
6
CONTINUOUS
10
0.5199133858267716
20
0.9235826771653544
11
0.5199133858267716
21
0.8464173228346457
0
LINE
8
BLACK
6
CONTINUOUS
10
0.5199133858267716
20
0.8464173228346457
11
0.5198384645669292
21
0.8460406692913386
0
LINE
8
BLACK
6
CONTINUOUS
10
0.5198384645669292
20
0.8460406692913386
11
0.5193057874015747
21
0.8455079921259843
0
LINE
8
BLACK
6
CONTINUOUS
10
0.5193057874015747
20
0.8455079921259843
11
0.5189291338582677
21
0.8454330708661417
0
LINE
8
BLACK
6
CONTINUOUS
10
0.5189291338582677
20
0.8454330708661417
11
0.3850708661417322
21
0.8454330708661417
0
LINE
8
BLACK
6
CONTINUOUS
10
0.3850708661417322
20
0.8454330708661417
11
0.3846942125984252
21
0.8455079921259843
0
LINE
8
BLACK
6
CONTINUOUS
10
0.3846942125984252
20
0.8455079921259843
11
0.3841615354330709
21
0.8460406692913386
0
LINE
8
BLACK
6
CONTINUOUS
10
0.3841615354330709
20
0.8460406692913386
11
0.3840866141732283
21
0.8464173228346457
0
LINE
8
BLACK
6
CONTINUOUS
10
0.3840866141732283
20
0.8464173228346457
11
0.3840866141732283
21
0.9235826771653544
0
LINE
8
BLACK
6
CONTINUOUS
10
0.3840866141732283
20
0.9235826771653544
11
0.3841615354330709
21
0.9239593307086614
0
LINE
8
BLACK
6
CONTINUOUS
10
0.3841615354330709
20
0.9239593307086614
11
0.3846942125984252
21
0.9244920078740158
0
LINE
8
BLACK
6
CONTINUOUS
10
0.3846942125984252
20
0.9244920078740158
11
0.3850708661417322
21
0.9245669291338583
0
LINE
8
BLACK
6
CONTINUOUS
10
0.3850708661417322
20
0.9245669291338583
11
0.5189291338582677
21
0.9245669291338583
0
LINE
8
BLACK
6
CONTINUOUS
10
0.5189291338582677
20
0.9245669291338583
11
0.5193057874015747
21
0.9244920078740158
0
LINE
8
BLACK
6
CONTINUOUS
10
0.3860551181102362
20
0.9225984251968504
11
0.3860551181102362
21
0.8474015748031496
0
LINE
8
BLACK
6
CONTINUOUS
10
0.3860551181102362
20
0.8474015748031496
11
0.5179448818897637
21
0.8474015748031496
0
LINE
8
BLACK
6
CONTINUOUS
10
0.5179448818897637
20
0.8474015748031496
11
0.5179448818897637
21
0.9225984251968504
0
LINE
8
BLACK
6
CONTINUOUS
10
0.5179448818897637
20
0.9225984251968504
11
0.3860551181102362
21
0.9225984251968504
0
LINE
8
BLACK
6
CONTINUOUS
10
2.6983057874015746
20
1.0034920078740157
11
2.6988384645669292
21
1.0029593307086615
0
LINE
8
BLACK
6
CONTINUOUS
10
2.6988384645669292
20
1.0029593307086615
11
2.6989133858267715
21
1.0025826771653543
0
LINE
8
BLACK
6
CONTINUOUS
10
2.6989133858267715
20
1.0025826771653543
11
2.6989133858267715
21
0.9254173228346456
0
LINE
8
BLACK
6
CONTINUOUS
10
2.6989133858267715
20
0.9254173228346456
11
2.6988384645669292
21
0.9250406692913385
0
LINE
8
BLACK
6
CONTINUOUS
10
2.6988384645669292
20
0.9250406692913385
11
2.6983057874015746
21
0.9245079921259842
0
LINE
8
BLACK
6
CONTINUOUS
10
2.6983057874015746
20
0.9245079921259842
11
2.6979291338582678
21
0.9244330708661417
0
LINE
8
BLACK
6
CONTINUOUS
10
2.6979291338582678
20
0.9244330708661417
11
2.5640708661417322
21
0.9244330708661417
0
LINE
8
BLACK
6
CONTINUOUS
10
2.5640708661417322
20
0.9244330708661417
11
2.563694212598425
21
0.9245079921259842
0
LINE
8
BLACK
6
CONTINUOUS
10
2.563694212598425
20
0.9245079921259842
11
2.5631615354330708
21
0.9250406692913385
0
LINE
8
BLACK
6
CONTINUOUS
10
2.5631615354330708
20
0.9250406692913385
11
2.5630866141732285
21
0.9254173228346456
0
LINE
8
BLACK
6
CONTINUOUS
10
2.5630866141732285
20
0.9254173228346456
11
2.5630866141732285
21
1.0025826771653543
0
LINE
8
BLACK
6
CONTINUOUS
10
2.5630866141732285
20
1.0025826771653543
11
2.5631615354330708
21
1.0029593307086615
0
LINE
8
BLACK
6
CONTINUOUS
10
2.5631615354330708
20
1.0029593307086615
11
2.563694212598425
21
1.0034920078740157
0
LINE
8
BLACK
6
CONTINUOUS
10
2.563694212598425
20
1.0034920078740157
11
2.5640708661417322
21
1.0035669291338583
0
LINE
8
BLACK
6
CONTINUOUS
10
2.5640708661417322
20
1.0035669291338583
11
2.6979291338582678
21
1.0035669291338583
0
LINE
8
BLACK
6
CONTINUOUS
10
2.6979291338582678
20
1.0035669291338583
11
2.6983057874015746
21
1.0034920078740157
0
LINE
8
BLACK
6
CONTINUOUS
10
2.5650551181102363
20
1.0015984251968504
11
2.5650551181102363
21
0.9264015748031496
0
LINE
8
BLACK
6
CONTINUOUS
10
2.5650551181102363
20
0.9264015748031496
11
2.6969448818897637
21
0.9264015748031496
0
LINE
8
BLACK
6
CONTINUOUS
10
2.6969448818897637
20
0.9264015748031496
11
2.6969448818897637
21
1.0015984251968504
0
LINE
8
BLACK
6
CONTINUOUS
10
2.6969448818897637
20
1.0015984251968504
11
2.5650551181102363
21
1.0015984251968504
0
LINE
8
BLACK
6
CONTINUOUS
10
0.5629593307086614
20
1.0351219291338583
11
0.5634920078740158
21
1.0345892519685038
0
LINE
8
BLACK
6
CONTINUOUS
10
0.5634920078740158
20
1.0345892519685038
11
0.5635669291338583
21
1.0342125984251969
0
LINE
8
BLACK
6
CONTINUOUS
10
0.5635669291338583
20
1.0342125984251969
11
0.5635669291338583
21
0.9357874015748031
0
LINE
8
BLACK
6
CONTINUOUS
10
0.5635669291338583
20
0.9357874015748031
11
0.5634920078740158
21
0.935410748031496
0
LINE
8
BLACK
6
CONTINUOUS
10
0.5634920078740158
20
0.935410748031496
11
0.5629593307086614
21
0.9348780708661417
0
LINE
8
BLACK
6
CONTINUOUS
10
0.5629593307086614
20
0.9348780708661417
11
0.5625826771653544
21
0.9348031496062992
0
LINE
8
BLACK
6
CONTINUOUS
10
0.5625826771653544
20
0.9348031496062992
11
0.3854173228346456
21
0.9348031496062992
0
LINE
8
BLACK
6
CONTINUOUS
10
0.3854173228346456
20
0.9348031496062992
11
0.3850406692913386
21
0.9348780708661417
0
LINE
8
BLACK
6
CONTINUOUS
10
0.3850406692913386
20
0.9348780708661417
11
0.3845079921259842
21
0.935410748031496
0
LINE
8
BLACK
6
CONTINUOUS
10
0.3845079921259842
20
0.935410748031496
11
0.3844330708661417
21
0.9357874015748031
0
LINE
8
BLACK
6
CONTINUOUS
10
0.3844330708661417
20
0.9357874015748031
11
0.3844330708661417
21
1.0342125984251969
0
LINE
8
BLACK
6
CONTINUOUS
10
0.3844330708661417
20
1.0342125984251969
11
0.3845079921259842
21
1.0345892519685038
0
LINE
8
BLACK
6
CONTINUOUS
10
0.3845079921259842
20
1.0345892519685038
11
0.3850406692913386
21
1.0351219291338583
0
LINE
8
BLACK
6
CONTINUOUS
10
0.3850406692913386
20
1.0351219291338583
11
0.3854173228346456
21
1.0351968503937008
0
LINE
8
BLACK
6
CONTINUOUS
10
0.3854173228346456
20
1.0351968503937008
11
0.5625826771653544
21
1.0351968503937008
0
LINE
8
BLACK
6
CONTINUOUS
10
0.5625826771653544
20
1.0351968503937008
11
0.5629593307086614
21
1.0351219291338583
0
LINE
8
BLACK
6
CONTINUOUS
10
0.3864015748031496
20
1.0332283464566929
11
0.3864015748031496
21
0.936771653543307
0
LINE
8
BLACK
6
CONTINUOUS
10
0.3864015748031496
20
0.936771653543307
11
0.5615984251968503
21
0.936771653543307
0
LINE
8
BLACK
6
CONTINUOUS
10
0.5615984251968503
20
0.936771653543307
11
0.5615984251968503
21
1.0332283464566929
0
LINE
8
BLACK
6
CONTINUOUS
10
0.5615984251968503
20
1.0332283464566929
11
0.3864015748031496
21
1.0332283464566929
0
LINE
8
BLACK
6
CONTINUOUS
10
2.6983057874015746
20
1.0954920078740158
11
2.6988384645669292
21
1.0949593307086614
0
LINE
8
BLACK
6
CONTINUOUS
10
2.6988384645669292
20
1.0949593307086614
11
2.6989133858267715
21
1.0945826771653544
0
LINE
8
BLACK
6
CONTINUOUS
10
2.6989133858267715
20
1.0945826771653544
11
2.6989133858267715
21
1.0174173228346457
0
LINE
8
BLACK
6
CONTINUOUS
10
2.6989133858267715
20
1.0174173228346457
11
2.6988384645669292
21
1.0170406692913385
0
LINE
8
BLACK
6
CONTINUOUS
10
2.6988384645669292
20
1.0170406692913385
11
2.6983057874015746
21
1.0165079921259843
0
LINE
8
BLACK
6
CONTINUOUS
10
2.6983057874015746
20
1.0165079921259843
11
2.6979291338582678
21
1.0164330708661418
0
LINE
8
BLACK
6
CONTINUOUS
10
2.6979291338582678
20
1.0164330708661418
11
2.5640708661417322
21
1.0164330708661418
0
LINE
8
BLACK
6
CONTINUOUS
10
2.5640708661417322
20
1.0164330708661418
11
2.563694212598425
21
1.0165079921259843
0
LINE
8
BLACK
6
CONTINUOUS
10
2.563694212598425
20
1.0165079921259843
11
2.5631615354330708
21
1.0170406692913385
0
LINE
8
BLACK
6
CONTINUOUS
10
2.5631615354330708
20
1.0170406692913385
11
2.5630866141732285
21
1.0174173228346457
0
LINE
8
BLACK
6
CONTINUOUS
10
2.5630866141732285
20
1.0174173228346457
11
2.5630866141732285
21
1.0945826771653544
0
LINE
8
BLACK
6
CONTINUOUS
10
2.5630866141732285
20
1.0945826771653544
11
2.5631615354330708
21
1.0949593307086614
0
LINE
8
BLACK
6
CONTINUOUS
10
2.5631615354330708
20
1.0949593307086614
11
2.563694212598425
21
1.0954920078740158
0
LINE
8
BLACK
6
CONTINUOUS
10
2.563694212598425
20
1.0954920078740158
11
2.5640708661417322
21
1.0955669291338583
0
LINE
8
BLACK
6
CONTINUOUS
10
2.5640708661417322
20
1.0955669291338583
11
2.6979291338582678
21
1.0955669291338583
0
LINE
8
BLACK
6
CONTINUOUS
10
2.6979291338582678
20
1.0955669291338583
11
2.6983057874015746
21
1.0954920078740158
0
LINE
8
BLACK
6
CONTINUOUS
10
2.5650551181102363
20
1.0935984251968505
11
2.5650551181102363
21
1.0184015748031496
0
LINE
8
BLACK
6
CONTINUOUS
10
2.5650551181102363
20
1.0184015748031496
11
2.6969448818897637
21
1.0184015748031496
0
LINE
8
BLACK
6
CONTINUOUS
10
2.6969448818897637
20
1.0184015748031496
11
2.6969448818897637
21
1.0935984251968505
0
LINE
8
BLACK
6
CONTINUOUS
10
2.6969448818897637
20
1.0935984251968505
11
2.5650551181102363
21
1.0935984251968505
0
LINE
8
BLACK
6
CONTINUOUS
10
0.6679593307086614
20
1.202838464566929
11
0.6684920078740157
21
1.2023057874015748
0
LINE
8
BLACK
6
CONTINUOUS
10
0.6684920078740157
20
1.2023057874015748
11
0.6685669291338583
21
1.2019291338582676
0
LINE
8
BLACK
6
CONTINUOUS
10
0.6685669291338583
20
1.2019291338582676
11
0.6685669291338583
21
1.0680708661417322
0
LINE
8
BLACK
6
CONTINUOUS
10
0.6685669291338583
20
1.0680708661417322
11
0.6684920078740157
21
1.0676942125984252
0
LINE
8
BLACK
6
CONTINUOUS
10
0.6684920078740157
20
1.0676942125984252
11
0.6679593307086614
21
1.0671615354330708
0
LINE
8
BLACK
6
CONTINUOUS
10
0.6679593307086614
20
1.0671615354330708
11
0.6675826771653544
21
1.0670866141732283
0
LINE
8
BLACK
6
CONTINUOUS
10
0.6675826771653544
20
1.0670866141732283
11
0.5904173228346457
21
1.0670866141732283
0
LINE
8
BLACK
6
CONTINUOUS
10
0.5904173228346457
20
1.0670866141732283
11
0.5900406692913386
21
1.0671615354330708
0
LINE
8
BLACK
6
CONTINUOUS
10
0.5900406692913386
20
1.0671615354330708
11
0.5895079921259843
21
1.0676942125984252
0
LINE
8
BLACK
6
CONTINUOUS
10
0.5895079921259843
20
1.0676942125984252
11
0.5894330708661417
21
1.0680708661417322
0
LINE
8
BLACK
6
CONTINUOUS
10
0.5894330708661417
20
1.0680708661417322
11
0.5894330708661417
21
1.2019291338582676
0
LINE
8
BLACK
6
CONTINUOUS
10
0.5894330708661417
20
1.2019291338582676
11
0.5895079921259843
21
1.2023057874015748
0
LINE
8
BLACK
6
CONTINUOUS
10
0.5895079921259843
20
1.2023057874015748
11
0.5900406692913386
21
1.202838464566929
0
LINE
8
BLACK
6
CONTINUOUS
10
0.5900406692913386
20
1.202838464566929
11
0.5904173228346457
21
1.2029133858267715
0
LINE
8
BLACK
6
CONTINUOUS
10
0.5904173228346457
20
1.2029133858267715
11
0.6675826771653544
21
1.2029133858267715
0
LINE
8
BLACK
6
CONTINUOUS
10
0.6675826771653544
20
1.2029133858267715
11
0.6679593307086614
21
1.202838464566929
0
LINE
8
BLACK
6
CONTINUOUS
10
0.5914015748031496
20
1.2009448818897637
11
0.5914015748031496
21
1.0690551181102361
0
LINE
8
BLACK
6
CONTINUOUS
10
0.5914015748031496
20
1.0690551181102361
11
0.6665984251968504
21
1.0690551181102361
0
LINE
8
BLACK
6
CONTINUOUS
10
0.6665984251968504
20
1.0690551181102361
11
0.6665984251968504
21
1.2009448818897637
0
LINE
8
BLACK
6
CONTINUOUS
10
0.6665984251968504
20
1.2009448818897637
11
0.5914015748031496
21
1.2009448818897637
0
LINE
8
BLACK
6
CONTINUOUS
10
0.536849094488189
20
1.1613502755905512
11
0.5373817716535433
21
1.1608175984251967
0
LINE
8
BLACK
6
CONTINUOUS
10
0.5373817716535433
20
1.1608175984251967
11
0.5374566929133858
21
1.1604409448818898
0
LINE
8
BLACK
6
CONTINUOUS
10
0.5374566929133858
20
1.1604409448818898
11
0.5374566929133858
21
1.0832755905511811
0
LINE
8
BLACK
6
CONTINUOUS
10
0.5374566929133858
20
1.0832755905511811
11
0.5373817716535433
21
1.0828989370078741
0
LINE
8
BLACK
6
CONTINUOUS
10
0.5373817716535433
20
1.0828989370078741
11
0.536849094488189
21
1.0823662598425197
0
LINE
8
BLACK
6
CONTINUOUS
10
0.536849094488189
20
1.0823662598425197
11
0.5364724409448819
21
1.0822913385826771
0
LINE
8
BLACK
6
CONTINUOUS
10
0.5364724409448819
20
1.0822913385826771
11
0.4026141732283465
21
1.0822913385826771
0
LINE
8
BLACK
6
CONTINUOUS
10
0.4026141732283465
20
1.0822913385826771
11
0.4022375196850393
21
1.0823662598425197
0
LINE
8
BLACK
6
CONTINUOUS
10
0.4022375196850393
20
1.0823662598425197
11
0.401704842519685
21
1.0828989370078741
0
LINE
8
BLACK
6
CONTINUOUS
10
0.401704842519685
20
1.0828989370078741
11
0.4016299212598425
21
1.0832755905511811
0
LINE
8
BLACK
6
CONTINUOUS
10
0.4016299212598425
20
1.0832755905511811
11
0.4016299212598425
21
1.1604409448818898
0
LINE
8
BLACK
6
CONTINUOUS
10
0.4016299212598425
20
1.1604409448818898
11
0.401704842519685
21
1.1608175984251967
0
LINE
8
BLACK
6
CONTINUOUS
10
0.401704842519685
20
1.1608175984251967
11
0.4022375196850393
21
1.1613502755905512
0
LINE
8
BLACK
6
CONTINUOUS
10
0.4022375196850393
20
1.1613502755905512
11
0.4026141732283465
21
1.1614251968503937
0
LINE
8
BLACK
6
CONTINUOUS
10
0.4026141732283465
20
1.1614251968503937
11
0.5364724409448819
21
1.1614251968503937
0
LINE
8
BLACK
6
CONTINUOUS
10
0.5364724409448819
20
1.1614251968503937
11
0.536849094488189
21
1.1613502755905512
0
LINE
8
BLACK
6
CONTINUOUS
10
0.4035984251968504
20
1.1594566929133858
11
0.4035984251968504
21
1.084259842519685
0
LINE
8
BLACK
6
CONTINUOUS
10
0.4035984251968504
20
1.084259842519685
11
0.535488188976378
21
1.084259842519685
0
LINE
8
BLACK
6
CONTINUOUS
10
0.535488188976378
20
1.084259842519685
11
0.535488188976378
21
1.1594566929133858
0
LINE
8
BLACK
6
CONTINUOUS
10
0.535488188976378
20
1.1594566929133858
11
0.4035984251968504
21
1.1594566929133858
0
LINE
8
BLACK
6
CONTINUOUS
10
2.777675866141732
20
1.4101376771653542
11
2.7782085433070867
21
1.409605
0
LINE
8
BLACK
6
CONTINUOUS
10
2.7782085433070867
20
1.409605
11
2.778283464566929
21
1.4092283464566928
0
LINE
8
BLACK
6
CONTINUOUS
10
2.778283464566929
20
1.4092283464566928
11
2.778283464566929
21
1.1178897637795275
0
LINE
8
BLACK
6
CONTINUOUS
10
2.778283464566929
20
1.1178897637795275
11
2.7782085433070867
21
1.1175131102362204
0
LINE
8
BLACK
6
CONTINUOUS
10
2.7782085433070867
20
1.1175131102362204
11
2.777675866141732
21
1.1169804330708661
0
LINE
8
BLACK
6
CONTINUOUS
10
2.777675866141732
20
1.1169804330708661
11
2.7772992125984253
21
1.1169055118110236
0
LINE
8
BLACK
6
CONTINUOUS
10
2.7772992125984253
20
1.1169055118110236
11
2.5647007874015748
21
1.1169055118110236
0
LINE
8
BLACK
6
CONTINUOUS
10
2.5647007874015748
20
1.1169055118110236
11
2.5643241338582676
21
1.1169804330708661
0
LINE
8
BLACK
6
CONTINUOUS
10
2.5643241338582676
20
1.1169804330708661
11
2.5637914566929134
21
1.1175131102362204
0
LINE
8
BLACK
6
CONTINUOUS
10
2.5637914566929134
20
1.1175131102362204
11
2.5637165354330707
21
1.1178897637795275
0
LINE
8
BLACK
6
CONTINUOUS
10
2.5637165354330707
20
1.1178897637795275
11
2.5637165354330707
21
1.4092283464566928
0
LINE
8
BLACK
6
CONTINUOUS
10
2.5637165354330707
20
1.4092283464566928
11
2.5637914566929134
21
1.409605
0
LINE
8
BLACK
6
CONTINUOUS
10
2.5637914566929134
20
1.409605
11
2.5643241338582676
21
1.4101376771653542
0
LINE
8
BLACK
6
CONTINUOUS
10
2.5643241338582676
20
1.4101376771653542
11
2.5647007874015748
21
1.4102125984251968
0
LINE
8
BLACK
6
CONTINUOUS
10
2.5647007874015748
20
1.4102125984251968
11
2.7772992125984253
21
1.4102125984251968
0
LINE
8
BLACK
6
CONTINUOUS
10
2.7772992125984253
20
1.4102125984251968
11
2.777675866141732
21
1.4101376771653542
0
LINE
8
BLACK
6
CONTINUOUS
10
2.5656850393700785
20
1.4082440944881889
11
2.5656850393700785
21
1.1188740157480315
0
LINE
8
BLACK
6
CONTINUOUS
10
2.5656850393700785
20
1.1188740157480315
11
2.7763149606299211
21
1.1188740157480315
0
LINE
8
BLACK
6
CONTINUOUS
10
2.7763149606299211
20
1.1188740157480315
11
2.7763149606299211
21
1.4082440944881889
0
LINE
8
BLACK
6
CONTINUOUS
10
2.7763149606299211
20
1.4082440944881889
11
2.5656850393700785
21
1.4082440944881889
0
LINE
8
BLACK
6
CONTINUOUS
10
0.5829593307086613
20
1.2691219291338582
11
0.5834920078740158
21
1.2685892519685038
0
LINE
8
BLACK
6
CONTINUOUS
10
0.5834920078740158
20
1.2685892519685038
11
0.5835669291338582
21
1.2682125984251968
0
LINE
8
BLACK
6
CONTINUOUS
10
0.5835669291338582
20
1.2682125984251968
11
0.5835669291338582
21
1.1697874015748031
0
LINE
8
BLACK
6
CONTINUOUS
10
0.5835669291338582
20
1.1697874015748031
11
0.5834920078740158
21
1.1694107480314961
0
LINE
8
BLACK
6
CONTINUOUS
10
0.5834920078740158
20
1.1694107480314961
11
0.5829593307086613
21
1.1688780708661417
0
LINE
8
BLACK
6
CONTINUOUS
10
0.5829593307086613
20
1.1688780708661417
11
0.5825826771653543
21
1.1688031496062992
0
LINE
8
BLACK
6
CONTINUOUS
10
0.5825826771653543
20
1.1688031496062992
11
0.4054173228346457
21
1.1688031496062992
0
LINE
8
BLACK
6
CONTINUOUS
10
0.4054173228346457
20
1.1688031496062992
11
0.4050406692913386
21
1.1688780708661417
0
LINE
8
BLACK
6
CONTINUOUS
10
0.4050406692913386
20
1.1688780708661417
11
0.4045079921259843
21
1.1694107480314961
0
LINE
8
BLACK
6
CONTINUOUS
10
0.4045079921259843
20
1.1694107480314961
11
0.4044330708661417
21
1.1697874015748031
0
LINE
8
BLACK
6
CONTINUOUS
10
0.4044330708661417
20
1.1697874015748031
11
0.4044330708661417
21
1.2682125984251968
0
LINE
8
BLACK
6
CONTINUOUS
10
0.4044330708661417
20
1.2682125984251968
11
0.4045079921259843
21
1.2685892519685038
0
LINE
8
BLACK
6
CONTINUOUS
10
0.4045079921259843
20
1.2685892519685038
11
0.4050406692913386
21
1.2691219291338582
0
LINE
8
BLACK
6
CONTINUOUS
10
0.4050406692913386
20
1.2691219291338582
11
0.4054173228346457
21
1.2691968503937008
0
LINE
8
BLACK
6
CONTINUOUS
10
0.4054173228346457
20
1.2691968503937008
11
0.5825826771653543
21
1.2691968503937008
0
LINE
8
BLACK
6
CONTINUOUS
10
0.5825826771653543
20
1.2691968503937008
11
0.5829593307086613
21
1.2691219291338582
0
LINE
8
BLACK
6
CONTINUOUS
10
0.4064015748031496
20
1.2672283464566929
11
0.4064015748031496
21
1.170771653543307
0
LINE
8
BLACK
6
CONTINUOUS
10
0.4064015748031496
20
1.170771653543307
11
0.5815984251968503
21
1.170771653543307
0
LINE
8
BLACK
6
CONTINUOUS
10
0.5815984251968503
20
1.170771653543307
11
0.5815984251968503
21
1.2672283464566929
0
LINE
8
BLACK
6
CONTINUOUS
10
0.5815984251968503
20
1.2672283464566929
11
0.4064015748031496
21
1.2672283464566929
0
LINE
8
BLACK
6
CONTINUOUS
10
2.7344711417322833
20
1.5349801968503938
11
2.7350038188976376
21
1.5344475196850393
0
LINE
8
BLACK
6
CONTINUOUS
10
2.7350038188976376
20
1.5344475196850393
11
2.7350787401574803
21
1.5340708661417322
0
LINE
8
BLACK
6
CONTINUOUS
10
2.7350787401574803
20
1.5340708661417322
11
2.7350787401574803
21
1.4356456692913386
0
LINE
8
BLACK
6
CONTINUOUS
10
2.7350787401574803
20
1.4356456692913386
11
2.7350038188976376
21
1.4352690157480315
0
LINE
8
BLACK
6
CONTINUOUS
10
2.7350038188976376
20
1.4352690157480315
11
2.7344711417322833
21
1.4347363385826772
0
LINE
8
BLACK
6
CONTINUOUS
10
2.7344711417322833
20
1.4347363385826772
11
2.7340944881889762
21
1.4346614173228347
0
LINE
8
BLACK
6
CONTINUOUS
10
2.7340944881889762
20
1.4346614173228347
11
2.5529921259842521
21
1.4346614173228347
0
LINE
8
BLACK
6
CONTINUOUS
10
2.5529921259842521
20
1.4346614173228347
11
2.5526154724409449
21
1.4347363385826772
0
LINE
8
BLACK
6
CONTINUOUS
10
2.5526154724409449
20
1.4347363385826772
11
2.5520827952755907
21
1.4352690157480315
0
LINE
8
BLACK
6
CONTINUOUS
10
2.5520827952755907
20
1.4352690157480315
11
2.5520078740157479
21
1.4356456692913386
0
LINE
8
BLACK
6
CONTINUOUS
10
2.5520078740157479
20
1.4356456692913386
11
2.5520078740157479
21
1.5340708661417322
0
LINE
8
BLACK
6
CONTINUOUS
10
2.5520078740157479
20
1.5340708661417322
11
2.5520827952755907
21
1.5344475196850393
0
LINE
8
BLACK
6
CONTINUOUS
10
2.5520827952755907
20
1.5344475196850393
11
2.5526154724409449
21
1.5349801968503938
0
LINE
8
BLACK
6
CONTINUOUS
10
2.5526154724409449
20
1.5349801968503938
11
2.5529921259842521
21
1.5350551181102361
0
LINE
8
BLACK
6
CONTINUOUS
10
2.5529921259842521
20
1.5350551181102361
11
2.7340944881889762
21
1.5350551181102361
0
LINE
8
BLACK
6
CONTINUOUS
10
2.7340944881889762
20
1.5350551181102361
11
2.7344711417322833
21
1.5349801968503938
0
LINE
8
BLACK
6
CONTINUOUS
10
2.5539763779527558
20
1.5330866141732282
11
2.5539763779527558
21
1.4366299212598426
0
LINE
8
BLACK
6
CONTINUOUS
10
2.5539763779527558
20
1.4366299212598426
11
2.7331102362204724
21
1.4366299212598426
0
LINE
8
BLACK
6
CONTINUOUS
10
2.7331102362204724
20
1.4366299212598426
11
2.7331102362204724
21
1.5330866141732282
0
LINE
8
BLACK
6
CONTINUOUS
10
2.7331102362204724
20
1.5330866141732282
11
2.5539763779527558
21
1.5330866141732282
0
LINE
8
BLACK
6
CONTINUOUS
10
0.5325026377952756
20
1.6056967322834645
11
0.5330353149606299
21
1.6051640551181101
0
LINE
8
BLACK
6
CONTINUOUS
10
0.5330353149606299
20
1.6051640551181101
11
0.5331102362204724
21
1.6047874015748032
0
LINE
8
BLACK
6
CONTINUOUS
10
0.5331102362204724
20
1.6047874015748032
11
0.5331102362204724
21
1.4709291338582677
0
LINE
8
BLACK
6
CONTINUOUS
10
0.5331102362204724
20
1.4709291338582677
11
0.5330353149606299
21
1.4705524803149606
0
LINE
8
BLACK
6
CONTINUOUS
10
0.5330353149606299
20
1.4705524803149606
11
0.5325026377952756
21
1.4700198031496063
0
LINE
8
BLACK
6
CONTINUOUS
10
0.5325026377952756
20
1.4700198031496063
11
0.5321259842519684
21
1.4699448818897638
0
LINE
8
BLACK
6
CONTINUOUS
10
0.5321259842519684
20
1.4699448818897638
11
0.4549606299212599
21
1.4699448818897638
0
LINE
8
BLACK
6
CONTINUOUS
10
0.4549606299212599
20
1.4699448818897638
11
0.4545839763779527
21
1.4700198031496063
0
LINE
8
BLACK
6
CONTINUOUS
10
0.4545839763779527
20
1.4700198031496063
11
0.4540512992125984
21
1.4705524803149606
0
LINE
8
BLACK
6
CONTINUOUS
10
0.4540512992125984
20
1.4705524803149606
11
0.4539763779527559
21
1.4709291338582677
0
LINE
8
BLACK
6
CONTINUOUS
10
0.4539763779527559
20
1.4709291338582677
11
0.4539763779527559
21
1.6047874015748032
0
LINE
8
BLACK
6
CONTINUOUS
10
0.4539763779527559
20
1.6047874015748032
11
0.4540512992125984
21
1.6051640551181101
0
LINE
8
BLACK
6
CONTINUOUS
10
0.4540512992125984
20
1.6051640551181101
11
0.4545839763779527
21
1.6056967322834645
0
LINE
8
BLACK
6
CONTINUOUS
10
0.4545839763779527
20
1.6056967322834645
11
0.4549606299212599
21
1.6057716535433071
0
LINE
8
BLACK
6
CONTINUOUS
10
0.4549606299212599
20
1.6057716535433071
11
0.5321259842519684
21
1.6057716535433071
0
LINE
8
BLACK
6
CONTINUOUS
10
0.5321259842519684
20
1.6057716535433071
11
0.5325026377952756
21
1.6056967322834645
0
LINE
8
BLACK
6
CONTINUOUS
10
0.4559448818897638
20
1.6038031496062992
11
0.4559448818897638
21
1.4719133858267717
0
LINE
8
BLACK
6
CONTINUOUS
10
0.4559448818897638
20
1.4719133858267717
11
0.5311417322834645
21
1.4719133858267717
0
LINE
8
BLACK
6
CONTINUOUS
10
0.5311417322834645
20
1.4719133858267717
11
0.5311417322834645
21
1.6038031496062992
0
LINE
8
BLACK
6
CONTINUOUS
10
0.5311417322834645
20
1.6038031496062992
11
0.4559448818897638
21
1.6038031496062992
0
LINE
8
BLACK
6
CONTINUOUS
10
2.7834711417322833
20
1.6515904330708662
11
2.7840038188976379
21
1.6510577559055117
0
LINE
8
BLACK
6
CONTINUOUS
10
2.7840038188976379
20
1.6510577559055117
11
2.7840787401574802
21
1.6506811023622048
0
LINE
8
BLACK
6
CONTINUOUS
10
2.7840787401574802
20
1.6506811023622048
11
2.7840787401574802
21
1.552255905511811
0
LINE
8
BLACK
6
CONTINUOUS
10
2.7840787401574802
20
1.552255905511811
11
2.7840038188976379
21
1.5518792519685038
0
LINE
8
BLACK
6
CONTINUOUS
10
2.7840038188976379
20
1.5518792519685038
11
2.7834711417322833
21
1.5513465748031496
0
LINE
8
BLACK
6
CONTINUOUS
10
2.7834711417322833
20
1.5513465748031496
11
2.7830944881889765
21
1.5512716535433071
0
LINE
8
BLACK
6
CONTINUOUS
10
2.7830944881889765
20
1.5512716535433071
11
2.601992125984252
21
1.5512716535433071
0
LINE
8
BLACK
6
CONTINUOUS
10
2.601992125984252
20
1.5512716535433071
11
2.6016154724409448
21
1.5513465748031496
0
LINE
8
BLACK
6
CONTINUOUS
10
2.6016154724409448
20
1.5513465748031496
11
2.6010827952755906
21
1.5518792519685038
0
LINE
8
BLACK
6
CONTINUOUS
10
2.6010827952755906
20
1.5518792519685038
11
2.6010078740157478
21
1.552255905511811
0
LINE
8
BLACK
6
CONTINUOUS
10
2.6010078740157478
20
1.552255905511811
11
2.6010078740157478
21
1.6506811023622048
0
LINE
8
BLACK
6
CONTINUOUS
10
2.6010078740157478
20
1.6506811023622048
11
2.6010827952755906
21
1.6510577559055117
0
LINE
8
BLACK
6
CONTINUOUS
10
2.6010827952755906
20
1.6510577559055117
11
2.6016154724409448
21
1.6515904330708662
0
LINE
8
BLACK
6
CONTINUOUS
10
2.6016154724409448
20
1.6515904330708662
11
2.601992125984252
21
1.6516653543307087
0
LINE
8
BLACK
6
CONTINUOUS
10
2.601992125984252
20
1.6516653543307087
11
2.7830944881889765
21
1.6516653543307087
0
LINE
8
BLACK
6
CONTINUOUS
10
2.7830944881889765
20
1.6516653543307087
11
2.7834711417322833
21
1.6515904330708662
0
LINE
8
BLACK
6
CONTINUOUS
10
2.6029763779527557
20
1.6496968503937008
11
2.6029763779527557
21
1.553240157480315
0
LINE
8
BLACK
6
CONTINUOUS
10
2.6029763779527557
20
1.553240157480315
11
2.7821102362204724
21
1.553240157480315
0
LINE
8
BLACK
6
CONTINUOUS
10
2.7821102362204724
20
1.553240157480315
11
2.7821102362204724
21
1.6496968503937008
0
LINE
8
BLACK
6
CONTINUOUS
10
2.7821102362204724
20
1.6496968503937008
11
2.6029763779527557
21
1.6496968503937008
0
LINE
8
BLACK
6
CONTINUOUS
10
2.6995183858267717
20
1.747310905511811
11
2.7000510629921259
21
1.7467782283464566
0
LINE
8
BLACK
6
CONTINUOUS
10
2.7000510629921259
20
1.7467782283464566
11
2.7001259842519683
21
1.7464015748031496
0
LINE
8
BLACK
6
CONTINUOUS
10
2.7001259842519683
20
1.7464015748031496
11
2.7001259842519683
21
1.6715984251968503
0
LINE
8
BLACK
6
CONTINUOUS
10
2.7001259842519683
20
1.6715984251968503
11
2.7000510629921259
21
1.6712217716535434
0
LINE
8
BLACK
6
CONTINUOUS
10
2.7000510629921259
20
1.6712217716535434
11
2.6995183858267717
21
1.6706890944881889
0
LINE
8
BLACK
6
CONTINUOUS
10
2.6995183858267717
20
1.6706890944881889
11
2.6991417322834645
21
1.6706141732283464
0
LINE
8
BLACK
6
CONTINUOUS
10
2.6991417322834645
20
1.6706141732283464
11
2.5668582677165355
21
1.6706141732283464
0
LINE
8
BLACK
6
CONTINUOUS
10
2.5668582677165355
20
1.6706141732283464
11
2.5664816141732283
21
1.6706890944881889
0
LINE
8
BLACK
6
CONTINUOUS
10
2.5664816141732283
20
1.6706890944881889
11
2.5659489370078741
21
1.6712217716535434
0
LINE
8
BLACK
6
CONTINUOUS
10
2.5659489370078741
20
1.6712217716535434
11
2.5658740157480313
21
1.6715984251968503
0
LINE
8
BLACK
6
CONTINUOUS
10
2.5658740157480313
20
1.6715984251968503
11
2.5658740157480313
21
1.7464015748031496
0
LINE
8
BLACK
6
CONTINUOUS
10
2.5658740157480313
20
1.7464015748031496
11
2.5659489370078741
21
1.7467782283464566
0
LINE
8
BLACK
6
CONTINUOUS
10
2.5659489370078741
20
1.7467782283464566
11
2.5664816141732283
21
1.747310905511811
0
LINE
8
BLACK
6
CONTINUOUS
10
2.5664816141732283
20
1.747310905511811
11
2.5668582677165355
21
1.7473858267716535
0
LINE
8
BLACK
6
CONTINUOUS
10
2.5668582677165355
20
1.7473858267716535
11
2.6991417322834645
21
1.7473858267716535
0
LINE
8
BLACK
6
CONTINUOUS
10
2.6991417322834645
20
1.7473858267716535
11
2.6995183858267717
21
1.747310905511811
0
LINE
8
BLACK
6
CONTINUOUS
10
2.5678425196850392
20
1.7454173228346457
11
2.5678425196850392
21
1.6725826771653542
0
LINE
8
BLACK
6
CONTINUOUS
10
2.5678425196850392
20
1.6725826771653542
11
2.6981574803149604
21
1.6725826771653542
0
LINE
8
BLACK
6
CONTINUOUS
10
2.6981574803149604
20
1.6725826771653542
11
2.6981574803149604
21
1.7454173228346457
0
LINE
8
BLACK
6
CONTINUOUS
10
2.6981574803149604
20
1.7454173228346457
11
2.5678425196850392
21
1.7454173228346457
0
LINE
8
BLACK
6
CONTINUOUS
10
2.8867165748031494
20
1.8074342519685038
11
2.8951683464566926
21
1.8051696062992126
0
LINE
8
BLACK
6
CONTINUOUS
10
2.8951683464566926
20
1.8051696062992126
11
2.9030984251968501
21
1.8014717322834646
0
LINE
8
BLACK
6
CONTINUOUS
10
2.9030984251968501
20
1.8014717322834646
11
2.9102659055118107
21
1.7964530314960629
0
LINE
8
BLACK
6
CONTINUOUS
10
2.9102659055118107
20
1.7964530314960629
11
2.9164530314960628
21
1.7902659055118111
0
LINE
8
BLACK
6
CONTINUOUS
10
2.9164530314960628
20
1.7902659055118111
11
2.9214717322834645
21
1.7830984251968502
0
LINE
8
BLACK
6
CONTINUOUS
10
2.9214717322834645
20
1.7830984251968502
11
2.9251696062992125
21
1.775168346456693
0
LINE
8
BLACK
6
CONTINUOUS
10
2.9251696062992125
20
1.775168346456693
11
2.9274342519685037
21
1.7667165748031495
0
LINE
8
BLACK
6
CONTINUOUS
10
2.9274342519685037
20
1.7667165748031495
11
2.9281968503937006
21
1.758
0
LINE
8
BLACK
6
CONTINUOUS
10
2.9281968503937006
20
1.758
11
2.9274342519685037
21
1.7492834251968503
0
LINE
8
BLACK
6
CONTINUOUS
10
2.9274342519685037
20
1.7492834251968503
11
2.9251696062992125
21
1.740831653543307
0
LINE
8
BLACK
6
CONTINUOUS
10
2.9251696062992125
20
1.740831653543307
11
2.9214717322834645
21
1.7329015748031495
0
LINE
8
BLACK
6
CONTINUOUS
10
2.9214717322834645
20
1.7329015748031495
11
2.9164530314960628
21
1.7257340944881889
0
LINE
8
BLACK
6
CONTINUOUS
10
2.9164530314960628
20
1.7257340944881889
11
2.9102659055118107
21
1.7195469685039371
0
LINE
8
BLACK
6
CONTINUOUS
10
2.9102659055118107
20
1.7195469685039371
11
2.9030984251968501
21
1.7145282677165354
0
LINE
8
BLACK
6
CONTINUOUS
10
2.9030984251968501
20
1.7145282677165354
11
2.8951683464566926
21
1.7108303937007874
0
LINE
8
BLACK
6
CONTINUOUS
10
2.8951683464566926
20
1.7108303937007874
11
2.8867165748031494
21
1.708565748031496
0
LINE
8
BLACK
6
CONTINUOUS
10
2.8867165748031494
20
1.708565748031496
11
2.8780000000000001
21
1.7078031496062991
0
LINE
8
BLACK
6
CONTINUOUS
10
2.8780000000000001
20
1.7078031496062991
11
2.8692834251968504
21
1.708565748031496
0
LINE
8
BLACK
6
CONTINUOUS
10
2.8692834251968504
20
1.708565748031496
11
2.8608316535433072
21
1.7108303937007874
0
LINE
8
BLACK
6
CONTINUOUS
10
2.8608316535433072
20
1.7108303937007874
11
2.8529015748031497
21
1.7145282677165354
0
LINE
8
BLACK
6
CONTINUOUS
10
2.8529015748031497
20
1.7145282677165354
11
2.845734094488189
21
1.7195469685039371
0
LINE
8
BLACK
6
CONTINUOUS
10
2.845734094488189
20
1.7195469685039371
11
2.839546968503937
21
1.7257340944881889
0
LINE
8
BLACK
6
CONTINUOUS
10
2.839546968503937
20
1.7257340944881889
11
2.8345282677165353
21
1.7329015748031495
0
LINE
8
BLACK
6
CONTINUOUS
10
2.8345282677165353
20
1.7329015748031495
11
2.8308303937007873
21
1.740831653543307
0
LINE
8
BLACK
6
CONTINUOUS
10
2.8308303937007873
20
1.740831653543307
11
2.8285657480314961
21
1.7492834251968503
0
LINE
8
BLACK
6
CONTINUOUS
10
2.8285657480314961
20
1.7492834251968503
11
2.8278031496062992
21
1.758
0
LINE
8
BLACK
6
CONTINUOUS
10
2.8278031496062992
20
1.758
11
2.8285657480314961
21
1.7667165748031495
0
LINE
8
BLACK
6
CONTINUOUS
10
2.8285657480314961
20
1.7667165748031495
11
2.8308303937007873
21
1.775168346456693
0
LINE
8
BLACK
6
CONTINUOUS
10
2.8308303937007873
20
1.775168346456693
11
2.8345282677165353
21
1.7830984251968502
0
LINE
8
BLACK
6
CONTINUOUS
10
2.8345282677165353
20
1.7830984251968502
11
2.839546968503937
21
1.7902659055118111
0
LINE
8
BLACK
6
CONTINUOUS
10
2.839546968503937
20
1.7902659055118111
11
2.845734094488189
21
1.7964530314960629
0
LINE
8
BLACK
6
CONTINUOUS
10
2.845734094488189
20
1.7964530314960629
11
2.8529015748031497
21
1.8014717322834646
0
LINE
8
BLACK
6
CONTINUOUS
10
2.8529015748031497
20
1.8014717322834646
11
2.8608316535433072
21
1.8051696062992126
0
LINE
8
BLACK
6
CONTINUOUS
10
2.8608316535433072
20
1.8051696062992126
11
2.8692834251968504
21
1.8074342519685038
0
LINE
8
BLACK
6
CONTINUOUS
10
2.8692834251968504
20
1.8074342519685038
11
2.8780000000000001
21
1.8081968503937007
0
LINE
8
BLACK
6
CONTINUOUS
10
2.8780000000000001
20
1.8081968503937007
11
2.8867165748031494
21
1.8074342519685038
0
LINE
8
BLACK
6
CONTINUOUS
10
2.8303229527559055
20
1.7495932283464566
11
2.8325070866141733
21
1.7414419291338583
0
LINE
8
BLACK
6
CONTINUOUS
10
2.8325070866141733
20
1.7414419291338583
11
2.836073503937008
21
1.7337937007874016
0
LINE
8
BLACK
6
CONTINUOUS
10
2.836073503937008
20
1.7337937007874016
11
2.8409138188976377
21
1.7268810236220471
0
LINE
8
BLACK
6
CONTINUOUS
10
2.8409138188976377
20
1.7268810236220471
11
2.8468810236220472
21
1.7209138188976378
0
LINE
8
BLACK
6
CONTINUOUS
10
2.8468810236220472
20
1.7209138188976378
11
2.8537937007874015
21
1.7160735039370079
0
LINE
8
BLACK
6
CONTINUOUS
10
2.8537937007874015
20
1.7160735039370079
11
2.8614419291338584
21
1.7125070866141732
0
LINE
8
BLACK
6
CONTINUOUS
10
2.8614419291338584
20
1.7125070866141732
11
2.8695932283464565
21
1.7103229527559054
0
LINE
8
BLACK
6
CONTINUOUS
10
2.8695932283464565
20
1.7103229527559054
11
2.8780000000000001
21
1.7095874409448819
0
LINE
8
BLACK
6
CONTINUOUS
10
2.8780000000000001
20
1.7095874409448819
11
2.8864067716535433
21
1.7103229527559054
0
LINE
8
BLACK
6
CONTINUOUS
10
2.8864067716535433
20
1.7103229527559054
11
2.8945580708661418
21
1.7125070866141732
0
LINE
8
BLACK
6
CONTINUOUS
10
2.8945580708661418
20
1.7125070866141732
11
2.9022062992125983
21
1.7160735039370079
0
LINE
8
BLACK
6
CONTINUOUS
10
2.9022062992125983
20
1.7160735039370079
11
2.9091189763779526
21
1.7209138188976378
0
LINE
8
BLACK
6
CONTINUOUS
10
2.9091189763779526
20
1.7209138188976378
11
2.9150861811023621
21
1.7268810236220471
0
LINE
8
BLACK
6
CONTINUOUS
10
2.9150861811023621
20
1.7268810236220471
11
2.9199264960629923
21
1.7337937007874016
0
LINE
8
BLACK
6
CONTINUOUS
10
2.9199264960629923
20
1.7337937007874016
11
2.9234929133858265
21
1.7414419291338583
0
LINE
8
BLACK
6
CONTINUOUS
10
2.9234929133858265
20
1.7414419291338583
11
2.9256770472440943
21
1.7495932283464566
0
LINE
8
BLACK
6
CONTINUOUS
10
2.9256770472440943
20
1.7495932283464566
11
2.9264125590551182
21
1.758
0
LINE
8
BLACK
6
CONTINUOUS
10
2.9264125590551182
20
1.758
11
2.9256770472440943
21
1.7664067716535432
0
LINE
8
BLACK
6
CONTINUOUS
10
2.9256770472440943
20
1.7664067716535432
11
2.9234929133858265
21
1.7745580708661417
0
LINE
8
BLACK
6
CONTINUOUS
10
2.9234929133858265
20
1.7745580708661417
11
2.9199264960629923
21
1.7822062598425197
0
LINE
8
BLACK
6
CONTINUOUS
10
2.9199264960629923
20
1.7822062598425197
11
2.9150861811023621
21
1.7891189763779527
0
LINE
8
BLACK
6
CONTINUOUS
10
2.9150861811023621
20
1.7891189763779527
11
2.9091189763779526
21
1.7950861811023622
0
LINE
8
BLACK
6
CONTINUOUS
10
2.9091189763779526
20
1.7950861811023622
11
2.9022062992125983
21
1.7999264960629922
0
LINE
8
BLACK
6
CONTINUOUS
10
2.9022062992125983
20
1.7999264960629922
11
2.8945580708661418
21
1.8034929133858266
0
LINE
8
BLACK
6
CONTINUOUS
10
2.8945580708661418
20
1.8034929133858266
11
2.8864067716535433
21
1.8056770472440944
0
LINE
8
BLACK
6
CONTINUOUS
10
2.8864067716535433
20
1.8056770472440944
11
2.8780000000000001
21
1.8064125590551181
0
LINE
8
BLACK
6
CONTINUOUS
10
2.8780000000000001
20
1.8064125590551181
11
2.8695932283464565
21
1.8056770472440944
0
LINE
8
BLACK
6
CONTINUOUS
10
2.8695932283464565
20
1.8056770472440944
11
2.8614419291338584
21
1.8034929133858266
0
LINE
8
BLACK
6
CONTINUOUS
10
2.8614419291338584
20
1.8034929133858266
11
2.8537937401574802
21
1.7999264960629922
0
LINE
8
BLACK
6
CONTINUOUS
10
2.8537937401574802
20
1.7999264960629922
11
2.8468810236220472
21
1.7950861811023622
0
LINE
8
BLACK
6
CONTINUOUS
10
2.8468810236220472
20
1.7950861811023622
11
2.8409138188976377
21
1.7891189763779527
0
LINE
8
BLACK
6
CONTINUOUS
10
2.8409138188976377
20
1.7891189763779527
11
2.836073503937008
21
1.7822062598425197
0
LINE
8
BLACK
6
CONTINUOUS
10
2.836073503937008
20
1.7822062598425197
11
2.8325070866141733
21
1.7745580708661417
0
LINE
8
BLACK
6
CONTINUOUS
10
2.8325070866141733
20
1.7745580708661417
11
2.8303229527559055
21
1.7664067716535432
0
LINE
8
BLACK
6
CONTINUOUS
10
2.8303229527559055
20
1.7664067716535432
11
2.829587440944882
21
1.758
0
LINE
8
BLACK
6
CONTINUOUS
10
2.829587440944882
20
1.758
11
2.8303229527559055
21
1.7495932283464566
0
LINE
8
BLACK
6
CONTINUOUS
10
1.5529593307086613
20
1.8661219291338582
11
1.5534920078740158
21
1.865589251968504
0
LINE
8
BLACK
6
CONTINUOUS
10
1.5534920078740158
20
1.865589251968504
11
1.5535669291338583
21
1.8652125984251968
0
LINE
8
BLACK
6
CONTINUOUS
10
1.5535669291338583
20
1.8652125984251968
11
1.5535669291338583
21
1.7667874015748031
0
LINE
8
BLACK
6
CONTINUOUS
10
1.5535669291338583
20
1.7667874015748031
11
1.5534920078740158
21
1.7664107480314961
0
LINE
8
BLACK
6
CONTINUOUS
10
1.5534920078740158
20
1.7664107480314961
11
1.5529593307086613
21
1.7658780708661417
0
LINE
8
BLACK
6
CONTINUOUS
10
1.5529593307086613
20
1.7658780708661417
11
1.5525826771653544
21
1.7658031496062991
0
LINE
8
BLACK
6
CONTINUOUS
10
1.5525826771653544
20
1.7658031496062991
11
1.3754173228346456
21
1.7658031496062991
0
LINE
8
BLACK
6
CONTINUOUS
10
1.3754173228346456
20
1.7658031496062991
11
1.3750406692913386
21
1.7658780708661417
0
LINE
8
BLACK
6
CONTINUOUS
10
1.3750406692913386
20
1.7658780708661417
11
1.3745079921259842
21
1.7664107480314961
0
LINE
8
BLACK
6
CONTINUOUS
10
1.3745079921259842
20
1.7664107480314961
11
1.3744330708661416
21
1.7667874015748031
0
LINE
8
BLACK
6
CONTINUOUS
10
1.3744330708661416
20
1.7667874015748031
11
1.3744330708661416
21
1.8652125984251968
0
LINE
8
BLACK
6
CONTINUOUS
10
1.3744330708661416
20
1.8652125984251968
11
1.3745079921259842
21
1.865589251968504
0
LINE
8
BLACK
6
CONTINUOUS
10
1.3745079921259842
20
1.865589251968504
11
1.3750406692913386
21
1.8661219291338582
0
LINE
8
BLACK
6
CONTINUOUS
10
1.3750406692913386
20
1.8661219291338582
11
1.3754173228346456
21
1.8661968503937008
0
LINE
8
BLACK
6
CONTINUOUS
10
1.3754173228346456
20
1.8661968503937008
11
1.5525826771653544
21
1.8661968503937008
0
LINE
8
BLACK
6
CONTINUOUS
10
1.5525826771653544
20
1.8661968503937008
11
1.5529593307086613
21
1.8661219291338582
0
LINE
8
BLACK
6
CONTINUOUS
10
1.3764015748031495
20
1.8642283464566929
11
1.3764015748031495
21
1.767771653543307
0
LINE
8
BLACK
6
CONTINUOUS
10
1.3764015748031495
20
1.767771653543307
11
1.5515984251968504
21
1.767771653543307
0
LINE
8
BLACK
6
CONTINUOUS
10
1.5515984251968504
20
1.767771653543307
11
1.5515984251968504
21
1.8642283464566929
0
LINE
8
BLACK
6
CONTINUOUS
10
1.5515984251968504
20
1.8642283464566929
11
1.3764015748031495
21
1.8642283464566929
0
LINE
8
BLACK
6
CONTINUOUS
10
2.3457782283464566
20
1.9220510629921259
11
2.3463109055118108
21
1.9215183858267717
0
LINE
8
BLACK
6
CONTINUOUS
10
2.3463109055118108
20
1.9215183858267717
11
2.3463858267716535
21
1.9211417322834645
0
LINE
8
BLACK
6
CONTINUOUS
10
2.3463858267716535
20
1.9211417322834645
11
2.3463858267716535
21
1.7888582677165354
0
LINE
8
BLACK
6
CONTINUOUS
10
2.3463858267716535
20
1.7888582677165354
11
2.3463109055118108
21
1.7884816141732283
0
LINE
8
BLACK
6
CONTINUOUS
10
2.3463109055118108
20
1.7884816141732283
11
2.3457782283464566
21
1.7879489370078741
0
LINE
8
BLACK
6
CONTINUOUS
10
2.3457782283464566
20
1.7879489370078741
11
2.3454015748031494
21
1.7878740157480315
0
LINE
8
BLACK
6
CONTINUOUS
10
2.3454015748031494
20
1.7878740157480315
11
2.2705984251968503
21
1.7878740157480315
0
LINE
8
BLACK
6
CONTINUOUS
10
2.2705984251968503
20
1.7878740157480315
11
2.2702217716535431
21
1.7879489370078741
0
LINE
8
BLACK
6
CONTINUOUS
10
2.2702217716535431
20
1.7879489370078741
11
2.2696890944881889
21
1.7884816141732283
0
LINE
8
BLACK
6
CONTINUOUS
10
2.2696890944881889
20
1.7884816141732283
11
2.2696141732283466
21
1.7888582677165354
0
LINE
8
BLACK
6
CONTINUOUS
10
2.2696141732283466
20
1.7888582677165354
11
2.2696141732283466
21
1.9211417322834645
0
LINE
8
BLACK
6
CONTINUOUS
10
2.2696141732283466
20
1.9211417322834645
11
2.2696890944881889
21
1.9215183858267717
0
LINE
8
BLACK
6
CONTINUOUS
10
2.2696890944881889
20
1.9215183858267717
11
2.2702217716535431
21
1.9220510629921259
0
LINE
8
BLACK
6
CONTINUOUS
10
2.2702217716535431
20
1.9220510629921259
11
2.2705984251968503
21
1.9221259842519685
0
LINE
8
BLACK
6
CONTINUOUS
10
2.2705984251968503
20
1.9221259842519685
11
2.3454015748031494
21
1.9221259842519685
0
LINE
8
BLACK
6
CONTINUOUS
10
2.3454015748031494
20
1.9221259842519685
11
2.3457782283464566
21
1.9220510629921259
0
LINE
8
BLACK
6
CONTINUOUS
10
2.2715826771653544
20
1.9201574803149606
11
2.2715826771653544
21
1.7898425196850394
0
LINE
8
BLACK
6
CONTINUOUS
10
2.2715826771653544
20
1.7898425196850394
11
2.3444173228346457
21
1.7898425196850394
0
LINE
8
BLACK
6
CONTINUOUS
10
2.3444173228346457
20
1.7898425196850394
11
2.3444173228346457
21
1.9201574803149606
0
LINE
8
BLACK
6
CONTINUOUS
10
2.3444173228346457
20
1.9201574803149606
11
2.2715826771653544
21
1.9201574803149606
0
LINE
8
BLACK
6
CONTINUOUS
10
1.707849094488189
20
1.8913502755905511
11
1.7083817716535432
21
1.8908175984251967
0
LINE
8
BLACK
6
CONTINUOUS
10
1.7083817716535432
20
1.8908175984251967
11
1.7084566929133858
21
1.8904409448818897
0
LINE
8
BLACK
6
CONTINUOUS
10
1.7084566929133858
20
1.8904409448818897
11
1.7084566929133858
21
1.813275590551181
0
LINE
8
BLACK
6
CONTINUOUS
10
1.7084566929133858
20
1.813275590551181
11
1.7083817716535432
21
1.8128989370078741
0
LINE
8
BLACK
6
CONTINUOUS
10
1.7083817716535432
20
1.8128989370078741
11
1.707849094488189
21
1.8123662598425196
0
LINE
8
BLACK
6
CONTINUOUS
10
1.707849094488189
20
1.8123662598425196
11
1.7074724409448818
21
1.8122913385826771
0
LINE
8
BLACK
6
CONTINUOUS
10
1.7074724409448818
20
1.8122913385826771
11
1.5736141732283464
21
1.8122913385826771
0
LINE
8
BLACK
6
CONTINUOUS
10
1.5736141732283464
20
1.8122913385826771
11
1.5732375196850394
21
1.8123662598425196
0
LINE
8
BLACK
6
CONTINUOUS
10
1.5732375196850394
20
1.8123662598425196
11
1.572704842519685
21
1.8128989370078741
0
LINE
8
BLACK
6
CONTINUOUS
10
1.572704842519685
20
1.8128989370078741
11
1.5726299212598425
21
1.813275590551181
0
LINE
8
BLACK
6
CONTINUOUS
10
1.5726299212598425
20
1.813275590551181
11
1.5726299212598425
21
1.8904409448818897
0
LINE
8
BLACK
6
CONTINUOUS
10
1.5726299212598425
20
1.8904409448818897
11
1.572704842519685
21
1.8908175984251967
0
LINE
8
BLACK
6
CONTINUOUS
10
1.572704842519685
20
1.8908175984251967
11
1.5732375196850394
21
1.8913502755905511
0
LINE
8
BLACK
6
CONTINUOUS
10
1.5732375196850394
20
1.8913502755905511
11
1.5736141732283464
21
1.8914251968503937
0
LINE
8
BLACK
6
CONTINUOUS
10
1.5736141732283464
20
1.8914251968503937
11
1.7074724409448818
21
1.8914251968503937
0
LINE
8
BLACK
6
CONTINUOUS
10
1.7074724409448818
20
1.8914251968503937
11
1.707849094488189
21
1.8913502755905511
0
LINE
8
BLACK
6
CONTINUOUS
10
1.5745984251968503
20
1.8894566929133858
11
1.5745984251968503
21
1.814259842519685
0
LINE
8
BLACK
6
CONTINUOUS
10
1.5745984251968503
20
1.814259842519685
11
1.7064881889763779
21
1.814259842519685
0
LINE
8
BLACK
6
CONTINUOUS
10
1.7064881889763779
20
1.814259842519685
11
1.7064881889763779
21
1.8894566929133858
0
LINE
8
BLACK
6
CONTINUOUS
10
1.7064881889763779
20
1.8894566929133858
11
1.5745984251968503
21
1.8894566929133858
0
LINE
8
BLACK
6
CONTINUOUS
10
1.3539593307086615
20
1.9498384645669291
11
1.3544920078740157
21
1.9493057874015747
0
LINE
8
BLACK
6
CONTINUOUS
10
1.3544920078740157
20
1.9493057874015747
11
1.3545669291338582
21
1.9489291338582677
0
LINE
8
BLACK
6
CONTINUOUS
10
1.3545669291338582
20
1.9489291338582677
11
1.3545669291338582
21
1.8150708661417323
0
LINE
8
BLACK
6
CONTINUOUS
10
1.3545669291338582
20
1.8150708661417323
11
1.3544920078740157
21
1.8146942125984251
0
LINE
8
BLACK
6
CONTINUOUS
10
1.3544920078740157
20
1.8146942125984251
11
1.3539593307086615
21
1.8141615354330709
0
LINE
8
BLACK
6
CONTINUOUS
10
1.3539593307086615
20
1.8141615354330709
11
1.3535826771653543
21
1.8140866141732284
0
LINE
8
BLACK
6
CONTINUOUS
10
1.3535826771653543
20
1.8140866141732284
11
1.2764173228346456
21
1.8140866141732284
0
LINE
8
BLACK
6
CONTINUOUS
10
1.2764173228346456
20
1.8140866141732284
11
1.2760406692913386
21
1.8141615354330709
0
LINE
8
BLACK
6
CONTINUOUS
10
1.2760406692913386
20
1.8141615354330709
11
1.2755079921259842
21
1.8146942125984251
0
LINE
8
BLACK
6
CONTINUOUS
10
1.2755079921259842
20
1.8146942125984251
11
1.2754330708661417
21
1.8150708661417323
0
LINE
8
BLACK
6
CONTINUOUS
10
1.2754330708661417
20
1.8150708661417323
11
1.2754330708661417
21
1.9489291338582677
0
LINE
8
BLACK
6
CONTINUOUS
10
1.2754330708661417
20
1.9489291338582677
11
1.2755079921259842
21
1.9493057874015747
0
LINE
8
BLACK
6
CONTINUOUS
10
1.2755079921259842
20
1.9493057874015747
11
1.2760406692913386
21
1.9498384645669291
0
LINE
8
BLACK
6
CONTINUOUS
10
1.2760406692913386
20
1.9498384645669291
11
1.2764173228346456
21
1.9499133858267717
0
LINE
8
BLACK
6
CONTINUOUS
10
1.2764173228346456
20
1.9499133858267717
11
1.3535826771653543
21
1.9499133858267717
0
LINE
8
BLACK
6
CONTINUOUS
10
1.3535826771653543
20
1.9499133858267717
11
1.3539593307086615
21
1.9498384645669291
0
LINE
8
BLACK
6
CONTINUOUS
10
1.2774015748031495
20
1.9479448818897638
11
1.2774015748031495
21
1.8160551181102362
0
LINE
8
BLACK
6
CONTINUOUS
10
1.2774015748031495
20
1.8160551181102362
11
1.3525984251968504
21
1.8160551181102362
0
LINE
8
BLACK
6
CONTINUOUS
10
1.3525984251968504
20
1.8160551181102362
11
1.3525984251968504
21
1.9479448818897638
0
LINE
8
BLACK
6
CONTINUOUS
10
1.3525984251968504
20
1.9479448818897638
11
1.2774015748031495
21
1.9479448818897638
0
LINE
8
BLACK
6
CONTINUOUS
10
0.6665026377952755
20
1.9926967322834646
11
0.66703531496063
21
1.9921640551181101
0
LINE
8
BLACK
6
CONTINUOUS
10
0.66703531496063
20
1.9921640551181101
11
0.6671102362204724
21
1.9917874015748032
0
LINE
8
BLACK
6
CONTINUOUS
10
0.6671102362204724
20
1.9917874015748032
11
0.6671102362204724
21
1.8579291338582677
0
LINE
8
BLACK
6
CONTINUOUS
10
0.6671102362204724
20
1.8579291338582677
11
0.66703531496063
21
1.8575524803149606
0
LINE
8
BLACK
6
CONTINUOUS
10
0.66703531496063
20
1.8575524803149606
11
0.6665026377952755
21
1.8570198031496064
0
LINE
8
BLACK
6
CONTINUOUS
10
0.6665026377952755
20
1.8570198031496064
11
0.6661259842519685
21
1.8569448818897638
0
LINE
8
BLACK
6
CONTINUOUS
10
0.6661259842519685
20
1.8569448818897638
11
0.5889606299212599
21
1.8569448818897638
0
LINE
8
BLACK
6
CONTINUOUS
10
0.5889606299212599
20
1.8569448818897638
11
0.5885839763779528
21
1.8570198031496064
0
LINE
8
BLACK
6
CONTINUOUS
10
0.5885839763779528
20
1.8570198031496064
11
0.5880512992125985
21
1.8575524803149606
0
LINE
8
BLACK
6
CONTINUOUS
10
0.5880512992125985
20
1.8575524803149606
11
0.5879763779527559
21
1.8579291338582677
0
LINE
8
BLACK
6
CONTINUOUS
10
0.5879763779527559
20
1.8579291338582677
11
0.5879763779527559
21
1.9917874015748032
0
LINE
8
BLACK
6
CONTINUOUS
10
0.5879763779527559
20
1.9917874015748032
11
0.5880512992125985
21
1.9921640551181101
0
LINE
8
BLACK
6
CONTINUOUS
10
0.5880512992125985
20
1.9921640551181101
11
0.5885839763779528
21
1.9926967322834646
0
LINE
8
BLACK
6
CONTINUOUS
10
0.5885839763779528
20
1.9926967322834646
11
0.5889606299212599
21
1.9927716535433071
0
LINE
8
BLACK
6
CONTINUOUS
10
0.5889606299212599
20
1.9927716535433071
11
0.6661259842519685
21
1.9927716535433071
0
LINE
8
BLACK
6
CONTINUOUS
10
0.6661259842519685
20
1.9927716535433071
11
0.6665026377952755
21
1.9926967322834646
0
LINE
8
BLACK
6
CONTINUOUS
10
0.5899448818897638
20
1.9908031496062992
11
0.5899448818897638
21
1.8589133858267717
0
LINE
8
BLACK
6
CONTINUOUS
10
0.5899448818897638
20
1.8589133858267717
11
0.6651417322834645
21
1.8589133858267717
0
LINE
8
BLACK
6
CONTINUOUS
10
0.6651417322834645
20
1.8589133858267717
11
0.6651417322834645
21
1.9908031496062992
0
LINE
8
BLACK
6
CONTINUOUS
10
0.6651417322834645
20
1.9908031496062992
11
0.5899448818897638
21
1.9908031496062992
0
LINE
8
BLACK
6
CONTINUOUS
10
0.8336286220472441
20
1.9936967322834644
11
0.8341612992125984
21
1.9931640551181102
0
LINE
8
BLACK
6
CONTINUOUS
10
0.8341612992125984
20
1.9931640551181102
11
0.8342362204724409
21
1.9927874015748031
0
LINE
8
BLACK
6
CONTINUOUS
10
0.8342362204724409
20
1.9927874015748031
11
0.8342362204724409
21
1.8589291338582676
0
LINE
8
BLACK
6
CONTINUOUS
10
0.8342362204724409
20
1.8589291338582676
11
0.8341612992125984
21
1.8585524803149607
0
LINE
8
BLACK
6
CONTINUOUS
10
0.8341612992125984
20
1.8585524803149607
11
0.8336286220472441
21
1.8580198031496062
0
LINE
8
BLACK
6
CONTINUOUS
10
0.8336286220472441
20
1.8580198031496062
11
0.833251968503937
21
1.8579448818897637
0
LINE
8
BLACK
6
CONTINUOUS
10
0.833251968503937
20
1.8579448818897637
11
0.6718346456692913
21
1.8579448818897637
0
LINE
8
BLACK
6
CONTINUOUS
10
0.6718346456692913
20
1.8579448818897637
11
0.6714579921259842
21
1.8580198031496062
0
LINE
8
BLACK
6
CONTINUOUS
10
0.6714579921259842
20
1.8580198031496062
11
0.6709253149606299
21
1.8585524803149607
0
LINE
8
BLACK
6
CONTINUOUS
10
0.6709253149606299
20
1.8585524803149607
11
0.6708503937007874
21
1.8589291338582676
0
LINE
8
BLACK
6
CONTINUOUS
10
0.6708503937007874
20
1.8589291338582676
11
0.6708503937007874
21
1.9927874015748031
0
LINE
8
BLACK
6
CONTINUOUS
10
0.6708503937007874
20
1.9927874015748031
11
0.6709253149606299
21
1.9931640551181102
0
LINE
8
BLACK
6
CONTINUOUS
10
0.6709253149606299
20
1.9931640551181102
11
0.6714579921259842
21
1.9936967322834644
0
LINE
8
BLACK
6
CONTINUOUS
10
0.6714579921259842
20
1.9936967322834644
11
0.6718346456692913
21
1.993771653543307
0
LINE
8
BLACK
6
CONTINUOUS
10
0.6718346456692913
20
1.993771653543307
11
0.833251968503937
21
1.993771653543307
0
LINE
8
BLACK
6
CONTINUOUS
10
0.833251968503937
20
1.993771653543307
11
0.8336286220472441
21
1.9936967322834644
0
LINE
8
BLACK
6
CONTINUOUS
10
0.6728188976377952
20
1.9918031496062991
11
0.6728188976377952
21
1.8599133858267716
0
LINE
8
BLACK
6
CONTINUOUS
10
0.6728188976377952
20
1.8599133858267716
11
0.8322677165354331
21
1.8599133858267716
0
LINE
8
BLACK
6
CONTINUOUS
10
0.8322677165354331
20
1.8599133858267716
11
0.8322677165354331
21
1.9918031496062991
0
LINE
8
BLACK
6
CONTINUOUS
10
0.8322677165354331
20
1.9918031496062991
11
0.6728188976377952
21
1.9918031496062991
0
LINE
8
BLACK
6
CONTINUOUS
10
1.1668490944881889
20
1.9373502755905512
11
1.1673817716535433
21
1.9368175984251967
0
LINE
8
BLACK
6
CONTINUOUS
10
1.1673817716535433
20
1.9368175984251967
11
1.1674566929133858
21
1.9364409448818898
0
LINE
8
BLACK
6
CONTINUOUS
10
1.1674566929133858
20
1.9364409448818898
11
1.1674566929133858
21
1.8592755905511811
0
LINE
8
BLACK
6
CONTINUOUS
10
1.1674566929133858
20
1.8592755905511811
11
1.1673817716535433
21
1.8588989370078739
0
LINE
8
BLACK
6
CONTINUOUS
10
1.1673817716535433
20
1.8588989370078739
11
1.1668490944881889
21
1.8583662598425197
0
LINE
8
BLACK
6
CONTINUOUS
10
1.1668490944881889
20
1.8583662598425197
11
1.1664724409448819
21
1.8582913385826771
0
LINE
8
BLACK
6
CONTINUOUS
10
1.1664724409448819
20
1.8582913385826771
11
1.0326141732283465
21
1.8582913385826771
0
LINE
8
BLACK
6
CONTINUOUS
10
1.0326141732283465
20
1.8582913385826771
11
1.0322375196850393
21
1.8583662598425197
0
LINE
8
BLACK
6
CONTINUOUS
10
1.0322375196850393
20
1.8583662598425197
11
1.0317048425196851
21
1.8588989370078739
0
LINE
8
BLACK
6
CONTINUOUS
10
1.0317048425196851
20
1.8588989370078739
11
1.0316299212598425
21
1.8592755905511811
0
LINE
8
BLACK
6
CONTINUOUS
10
1.0316299212598425
20
1.8592755905511811
11
1.0316299212598425
21
1.9364409448818898
0
LINE
8
BLACK
6
CONTINUOUS
10
1.0316299212598425
20
1.9364409448818898
11
1.0317048425196851
21
1.9368175984251967
0
LINE
8
BLACK
6
CONTINUOUS
10
1.0317048425196851
20
1.9368175984251967
11
1.0322375196850393
21
1.9373502755905512
0
LINE
8
BLACK
6
CONTINUOUS
10
1.0322375196850393
20
1.9373502755905512
11
1.0326141732283465
21
1.9374251968503937
0
LINE
8
BLACK
6
CONTINUOUS
10
1.0326141732283465
20
1.9374251968503937
11
1.1664724409448819
21
1.9374251968503937
0
LINE
8
BLACK
6
CONTINUOUS
10
1.1664724409448819
20
1.9374251968503937
11
1.1668490944881889
21
1.9373502755905512
0
LINE
8
BLACK
6
CONTINUOUS
10
1.0335984251968504
20
1.9354566929133858
11
1.0335984251968504
21
1.860259842519685
0
LINE
8
BLACK
6
CONTINUOUS
10
1.0335984251968504
20
1.860259842519685
11
1.165488188976378
21
1.860259842519685
0
LINE
8
BLACK
6
CONTINUOUS
10
1.165488188976378
20
1.860259842519685
11
1.165488188976378
21
1.9354566929133858
0
LINE
8
BLACK
6
CONTINUOUS
10
1.165488188976378
20
1.9354566929133858
11
1.0335984251968504
21
1.9354566929133858
0
LINE
8
BLACK
6
CONTINUOUS
10
1.0273057874015747
20
1.9374920078740157
11
1.0278384645669292
21
1.9369593307086614
0
LINE
8
BLACK
6
CONTINUOUS
10
1.0278384645669292
20
1.9369593307086614
11
1.0279133858267717
21
1.9365826771653543
0
LINE
8
BLACK
6
CONTINUOUS
10
1.0279133858267717
20
1.9365826771653543
11
1.0279133858267717
21
1.8594173228346456
0
LINE
8
BLACK
6
CONTINUOUS
10
1.0279133858267717
20
1.8594173228346456
11
1.0278384645669292
21
1.8590406692913386
0
LINE
8
BLACK
6
CONTINUOUS
10
1.0278384645669292
20
1.8590406692913386
11
1.0273057874015747
21
1.8585079921259842
0
LINE
8
BLACK
6
CONTINUOUS
10
1.0273057874015747
20
1.8585079921259842
11
1.0269291338582678
21
1.8584330708661416
0
LINE
8
BLACK
6
CONTINUOUS
10
1.0269291338582678
20
1.8584330708661416
11
0.8930708661417323
21
1.8584330708661416
0
LINE
8
BLACK
6
CONTINUOUS
10
0.8930708661417323
20
1.8584330708661416
11
0.8926942125984252
21
1.8585079921259842
0
LINE
8
BLACK
6
CONTINUOUS
10
0.8926942125984252
20
1.8585079921259842
11
0.8921615354330709
21
1.8590406692913386
0
LINE
8
BLACK
6
CONTINUOUS
10
0.8921615354330709
20
1.8590406692913386
11
0.8920866141732283
21
1.8594173228346456
0
LINE
8
BLACK
6
CONTINUOUS
10
0.8920866141732283
20
1.8594173228346456
11
0.8920866141732283
21
1.9365826771653543
0
LINE
8
BLACK
6
CONTINUOUS
10
0.8920866141732283
20
1.9365826771653543
11
0.8921615354330709
21
1.9369593307086614
0
LINE
8
BLACK
6
CONTINUOUS
10
0.8921615354330709
20
1.9369593307086614
11
0.8926942125984252
21
1.9374920078740157
0
LINE
8
BLACK
6
CONTINUOUS
10
0.8926942125984252
20
1.9374920078740157
11
0.8930708661417323
21
1.9375669291338582
0
LINE
8
BLACK
6
CONTINUOUS
10
0.8930708661417323
20
1.9375669291338582
11
1.0269291338582678
21
1.9375669291338582
0
LINE
8
BLACK
6
CONTINUOUS
10
1.0269291338582678
20
1.9375669291338582
11
1.0273057874015747
21
1.9374920078740157
0
LINE
8
BLACK
6
CONTINUOUS
10
0.8940551181102362
20
1.9355984251968503
11
0.8940551181102362
21
1.8604015748031495
0
LINE
8
BLACK
6
CONTINUOUS
10
0.8940551181102362
20
1.8604015748031495
11
1.0259448818897638
21
1.8604015748031495
0
LINE
8
BLACK
6
CONTINUOUS
10
1.0259448818897638
20
1.8604015748031495
11
1.0259448818897638
21
1.9355984251968503
0
LINE
8
BLACK
6
CONTINUOUS
10
1.0259448818897638
20
1.9355984251968503
11
0.8940551181102362
21
1.9355984251968503
0
LINE
8
BLACK
6
CONTINUOUS
10
0.7408490944881889
20
2.0793502755905511
11
0.7413817716535432
21
2.0788175984251969
0
LINE
8
BLACK
6
CONTINUOUS
10
0.7413817716535432
20
2.0788175984251969
11
0.7414566929133858
21
2.0784409448818897
0
LINE
8
BLACK
6
CONTINUOUS
10
0.7414566929133858
20
2.0784409448818897
11
0.7414566929133858
21
2.001275590551181
0
LINE
8
BLACK
6
CONTINUOUS
10
0.7414566929133858
20
2.001275590551181
11
0.7413817716535432
21
2.0008989370078738
0
LINE
8
BLACK
6
CONTINUOUS
10
0.7413817716535432
20
2.0008989370078738
11
0.7408490944881889
21
2.0003662598425196
0
LINE
8
BLACK
6
CONTINUOUS
10
0.7408490944881889
20
2.0003662598425196
11
0.7404724409448818
21
2.0002913385826773
0
LINE
8
BLACK
6
CONTINUOUS
10
0.7404724409448818
20
2.0002913385826773
11
0.6066141732283464
21
2.0002913385826773
0
LINE
8
BLACK
6
CONTINUOUS
10
0.6066141732283464
20
2.0002913385826773
11
0.6062375196850394
21
2.0003662598425196
0
LINE
8
BLACK
6
CONTINUOUS
10
0.6062375196850394
20
2.0003662598425196
11
0.605704842519685
21
2.0008989370078738
0
LINE
8
BLACK
6
CONTINUOUS
10
0.605704842519685
20
2.0008989370078738
11
0.6056299212598425
21
2.001275590551181
0
LINE
8
BLACK
6
CONTINUOUS
10
0.6056299212598425
20
2.001275590551181
11
0.6056299212598425
21
2.0784409448818897
0
LINE
8
BLACK
6
CONTINUOUS
10
0.6056299212598425
20
2.0784409448818897
11
0.605704842519685
21
2.0788175984251969
0
LINE
8
BLACK
6
CONTINUOUS
10
0.605704842519685
20
2.0788175984251969
11
0.6062375196850394
21
2.0793502755905511
0
LINE
8
BLACK
6
CONTINUOUS
10
0.6062375196850394
20
2.0793502755905511
11
0.6066141732283464
21
2.0794251968503938
0
LINE
8
BLACK
6
CONTINUOUS
10
0.6066141732283464
20
2.0794251968503938
11
0.7404724409448818
21
2.0794251968503938
0
LINE
8
BLACK
6
CONTINUOUS
10
0.7404724409448818
20
2.0794251968503938
11
0.7408490944881889
21
2.0793502755905511
0
LINE
8
BLACK
6
CONTINUOUS
10
0.6075984251968504
20
2.077456692913386
11
0.6075984251968504
21
2.0022598425196851
0
LINE
8
BLACK
6
CONTINUOUS
10
0.6075984251968504
20
2.0022598425196851
11
0.7394881889763779
21
2.0022598425196851
0
LINE
8
BLACK
6
CONTINUOUS
10
0.7394881889763779
20
2.0022598425196851
11
0.7394881889763779
21
2.077456692913386
0
LINE
8
BLACK
6
CONTINUOUS
10
0.7394881889763779
20
2.077456692913386
11
0.6075984251968504
21
2.077456692913386
0
LINE
8
BLACK
6
CONTINUOUS
10
0.8315026377952756
20
2.1366967322834647
11
0.8320353149606299
21
2.13616405511811
0
LINE
8
BLACK
6
CONTINUOUS
10
0.8320353149606299
20
2.13616405511811
11
0.8321102362204724
21
2.1357874015748033
0
LINE
8
BLACK
6
CONTINUOUS
10
0.8321102362204724
20
2.1357874015748033
11
0.8321102362204724
21
2.0019291338582677
0
LINE
8
BLACK
6
CONTINUOUS
10
0.8321102362204724
20
2.0019291338582677
11
0.8320353149606299
21
2.0015524803149605
0
LINE
8
BLACK
6
CONTINUOUS
10
0.8320353149606299
20
2.0015524803149605
11
0.8315026377952756
21
2.0010198031496063
0
LINE
8
BLACK
6
CONTINUOUS
10
0.8315026377952756
20
2.0010198031496063
11
0.8311259842519685
21
2.0009448818897639
0
LINE
8
BLACK
6
CONTINUOUS
10
0.8311259842519685
20
2.0009448818897639
11
0.7539606299212598
21
2.0009448818897639
0
LINE
8
BLACK
6
CONTINUOUS
10
0.7539606299212598
20
2.0009448818897639
11
0.7535839763779527
21
2.0010198031496063
0
LINE
8
BLACK
6
CONTINUOUS
10
0.7535839763779527
20
2.0010198031496063
11
0.7530512992125984
21
2.0015524803149605
0
LINE
8
BLACK
6
CONTINUOUS
10
0.7530512992125984
20
2.0015524803149605
11
0.7529763779527558
21
2.0019291338582677
0
LINE
8
BLACK
6
CONTINUOUS
10
0.7529763779527558
20
2.0019291338582677
11
0.7529763779527558
21
2.1357874015748033
0
LINE
8
BLACK
6
CONTINUOUS
10
0.7529763779527558
20
2.1357874015748033
11
0.7530512992125984
21
2.13616405511811
0
LINE
8
BLACK
6
CONTINUOUS
10
0.7530512992125984
20
2.13616405511811
11
0.7535839763779527
21
2.1366967322834647
0
LINE
8
BLACK
6
CONTINUOUS
10
0.7535839763779527
20
2.1366967322834647
11
0.7539606299212598
21
2.136771653543307
0
LINE
8
BLACK
6
CONTINUOUS
10
0.7539606299212598
20
2.136771653543307
11
0.8311259842519685
21
2.136771653543307
0
LINE
8
BLACK
6
CONTINUOUS
10
0.8311259842519685
20
2.136771653543307
11
0.8315026377952756
21
2.1366967322834647
0
LINE
8
BLACK
6
CONTINUOUS
10
0.7549448818897637
20
2.1348031496062991
11
0.7549448818897637
21
2.0029133858267718
0
LINE
8
BLACK
6
CONTINUOUS
10
0.7549448818897637
20
2.0029133858267718
11
0.8301417322834646
21
2.0029133858267718
0
LINE
8
BLACK
6
CONTINUOUS
10
0.8301417322834646
20
2.0029133858267718
11
0.8301417322834646
21
2.1348031496062991
0
LINE
8
BLACK
6
CONTINUOUS
10
0.8301417322834646
20
2.1348031496062991
11
0.7549448818897637
21
2.1348031496062991
0
LINE
8
BLACK
6
CONTINUOUS
10
0.5802598818897637
20
2.1682925196850391
11
0.5887116535433071
21
2.1660278740157479
0
LINE
8
BLACK
6
CONTINUOUS
10
0.5887116535433071
20
2.1660278740157479
11
0.5966417322834645
21
2.1623299999999999
0
LINE
8
BLACK
6
CONTINUOUS
10
0.5966417322834645
20
2.1623299999999999
11
0.6038092125984252
21
2.1573112992125982
0
LINE
8
BLACK
6
CONTINUOUS
10
0.6038092125984252
20
2.1573112992125982
11
0.6099963385826771
21
2.1511241732283466
0
LINE
8
BLACK
6
CONTINUOUS
10
0.6099963385826771
20
2.1511241732283466
11
0.6150150393700787
21
2.143956692913386
0
LINE
8
BLACK
6
CONTINUOUS
10
0.6150150393700787
20
2.143956692913386
11
0.6187129133858268
21
2.1360266141732285
0
LINE
8
BLACK
6
CONTINUOUS
10
0.6187129133858268
20
2.1360266141732285
11
0.6209775590551181
21
2.1275748425196852
0
LINE
8
BLACK
6
CONTINUOUS
10
0.6209775590551181
20
2.1275748425196852
11
0.621740157480315
21
2.1188582677165355
0
LINE
8
BLACK
6
CONTINUOUS
10
0.621740157480315
20
2.1188582677165355
11
0.6209775590551181
21
2.1101416929133858
0
LINE
8
BLACK
6
CONTINUOUS
10
0.6209775590551181
20
2.1101416929133858
11
0.6187129133858268
21
2.1016899212598426
0
LINE
8
BLACK
6
CONTINUOUS
10
0.6187129133858268
20
2.1016899212598426
11
0.6150150393700787
21
2.0937598425196851
0
LINE
8
BLACK
6
CONTINUOUS
10
0.6150150393700787
20
2.0937598425196851
11
0.6099963385826771
21
2.0865923622047244
0
LINE
8
BLACK
6
CONTINUOUS
10
0.6099963385826771
20
2.0865923622047244
11
0.6038092125984252
21
2.0804052362204724
0
LINE
8
BLACK
6
CONTINUOUS
10
0.6038092125984252
20
2.0804052362204724
11
0.5966417322834645
21
2.0753865354330707
0
LINE
8
BLACK
6
CONTINUOUS
10
0.5966417322834645
20
2.0753865354330707
11
0.5887116535433071
21
2.0716886614173227
0
LINE
8
BLACK
6
CONTINUOUS
10
0.5887116535433071
20
2.0716886614173227
11
0.5802598818897637
21
2.0694240157480315
0
LINE
8
BLACK
6
CONTINUOUS
10
0.5802598818897637
20
2.0694240157480315
11
0.5715433070866142
21
2.0686614173228346
0
LINE
8
BLACK
6
CONTINUOUS
10
0.5715433070866142
20
2.0686614173228346
11
0.5628267322834646
21
2.0694240157480315
0
LINE
8
BLACK
6
CONTINUOUS
10
0.5628267322834646
20
2.0694240157480315
11
0.5543749606299212
21
2.0716886614173227
0
LINE
8
BLACK
6
CONTINUOUS
10
0.5543749606299212
20
2.0716886614173227
11
0.5464448818897638
21
2.0753865354330707
0
LINE
8
BLACK
6
CONTINUOUS
10
0.5464448818897638
20
2.0753865354330707
11
0.5392774015748031
21
2.0804052362204724
0
LINE
8
BLACK
6
CONTINUOUS
10
0.5392774015748031
20
2.0804052362204724
11
0.5330902755905512
21
2.0865923622047244
0
LINE
8
BLACK
6
CONTINUOUS
10
0.5330902755905512
20
2.0865923622047244
11
0.5280715748031496
21
2.0937598425196851
0
LINE
8
BLACK
6
CONTINUOUS
10
0.5280715748031496
20
2.0937598425196851
11
0.5243737007874015
21
2.1016899212598426
0
LINE
8
BLACK
6
CONTINUOUS
10
0.5243737007874015
20
2.1016899212598426
11
0.5221090551181102
21
2.1101416929133858
0
LINE
8
BLACK
6
CONTINUOUS
10
0.5221090551181102
20
2.1101416929133858
11
0.5213464566929134
21
2.1188582677165355
0
LINE
8
BLACK
6
CONTINUOUS
10
0.5213464566929134
20
2.1188582677165355
11
0.5221090551181102
21
2.1275748425196852
0
LINE
8
BLACK
6
CONTINUOUS
10
0.5221090551181102
20
2.1275748425196852
11
0.5243737007874015
21
2.1360266141732285
0
LINE
8
BLACK
6
CONTINUOUS
10
0.5243737007874015
20
2.1360266141732285
11
0.5280715748031496
21
2.143956692913386
0
LINE
8
BLACK
6
CONTINUOUS
10
0.5280715748031496
20
2.143956692913386
11
0.5330902755905512
21
2.1511241732283466
0
LINE
8
BLACK
6
CONTINUOUS
10
0.5330902755905512
20
2.1511241732283466
11
0.5392774015748031
21
2.1573112992125982
0
LINE
8
BLACK
6
CONTINUOUS
10
0.5392774015748031
20
2.1573112992125982
11
0.5464448818897638
21
2.1623299999999999
0
LINE
8
BLACK
6
CONTINUOUS
10
0.5464448818897638
20
2.1623299999999999
11
0.5543749606299212
21
2.1660278740157479
0
LINE
8
BLACK
6
CONTINUOUS
10
0.5543749606299212
20
2.1660278740157479
11
0.5628267322834646
21
2.1682925196850391
0
LINE
8
BLACK
6
CONTINUOUS
10
0.5628267322834646
20
2.1682925196850391
11
0.5715433070866142
21
2.169055118110236
0
LINE
8
BLACK
6
CONTINUOUS
10
0.5715433070866142
20
2.169055118110236
11
0.5802598818897637
21
2.1682925196850391
0
LINE
8
BLACK
6
CONTINUOUS
10
0.5238662598425197
20
2.1104514960629919
11
0.5260503937007874
21
2.1023001968503938
0
LINE
8
BLACK
6
CONTINUOUS
10
0.5260503937007874
20
2.1023001968503938
11
0.529616811023622
21
2.0946519685039369
0
LINE
8
BLACK
6
CONTINUOUS
10
0.529616811023622
20
2.0946519685039369
11
0.534457125984252
21
2.0877392913385826
0
LINE
8
BLACK
6
CONTINUOUS
10
0.534457125984252
20
2.0877392913385826
11
0.5404243307086614
21
2.0817720866141731
0
LINE
8
BLACK
6
CONTINUOUS
10
0.5404243307086614
20
2.0817720866141731
11
0.5473370078740157
21
2.0769317716535434
0
LINE
8
BLACK
6
CONTINUOUS
10
0.5473370078740157
20
2.0769317716535434
11
0.5549852362204725
21
2.0733653543307087
0
LINE
8
BLACK
6
CONTINUOUS
10
0.5549852362204725
20
2.0733653543307087
11
0.5631365354330709
21
2.0711812204724409
0
LINE
8
BLACK
6
CONTINUOUS
10
0.5631365354330709
20
2.0711812204724409
11
0.5715433070866142
21
2.0704457086614174
0
LINE
8
BLACK
6
CONTINUOUS
10
0.5715433070866142
20
2.0704457086614174
11
0.5799500787401575
21
2.0711812204724409
0
LINE
8
BLACK
6
CONTINUOUS
10
0.5799500787401575
20
2.0711812204724409
11
0.5881013779527559
21
2.0733653543307087
0
LINE
8
BLACK
6
CONTINUOUS
10
0.5881013779527559
20
2.0733653543307087
11
0.5957496062992126
21
2.0769317716535434
0
LINE
8
BLACK
6
CONTINUOUS
10
0.5957496062992126
20
2.0769317716535434
11
0.602662283464567
21
2.0817720866141731
0
LINE
8
BLACK
6
CONTINUOUS
10
0.602662283464567
20
2.0817720866141731
11
0.6086294881889763
21
2.0877392913385826
0
LINE
8
BLACK
6
CONTINUOUS
10
0.6086294881889763
20
2.0877392913385826
11
0.6134698031496063
21
2.0946519685039369
0
LINE
8
BLACK
6
CONTINUOUS
10
0.6134698031496063
20
2.0946519685039369
11
0.6170362204724409
21
2.1023001968503938
0
LINE
8
BLACK
6
CONTINUOUS
10
0.6170362204724409
20
2.1023001968503938
11
0.6192203543307087
21
2.1104514960629919
0
LINE
8
BLACK
6
CONTINUOUS
10
0.6192203543307087
20
2.1104514960629919
11
0.6199558661417323
21
2.1188582677165355
0
LINE
8
BLACK
6
CONTINUOUS
10
0.6199558661417323
20
2.1188582677165355
11
0.6192203543307087
21
2.1272650393700787
0
LINE
8
BLACK
6
CONTINUOUS
10
0.6192203543307087
20
2.1272650393700787
11
0.6170362204724409
21
2.1354163385826772
0
LINE
8
BLACK
6
CONTINUOUS
10
0.6170362204724409
20
2.1354163385826772
11
0.6134698031496063
21
2.143064527559055
0
LINE
8
BLACK
6
CONTINUOUS
10
0.6134698031496063
20
2.143064527559055
11
0.6086294881889763
21
2.149977244094488
0
LINE
8
BLACK
6
CONTINUOUS
10
0.6086294881889763
20
2.149977244094488
11
0.602662283464567
21
2.1559444488188975
0
LINE
8
BLACK
6
CONTINUOUS
10
0.602662283464567
20
2.1559444488188975
11
0.5957496062992126
21
2.1607847637795277
0
LINE
8
BLACK
6
CONTINUOUS
10
0.5957496062992126
20
2.1607847637795277
11
0.5881013779527559
21
2.1643511811023624
0
LINE
8
BLACK
6
CONTINUOUS
10
0.5881013779527559
20
2.1643511811023624
11
0.5799500787401575
21
2.1665353149606297
0
LINE
8
BLACK
6
CONTINUOUS
10
0.5799500787401575
20
2.1665353149606297
11
0.5715433070866142
21
2.1672708267716536
0
LINE
8
BLACK
6
CONTINUOUS
10
0.5715433070866142
20
2.1672708267716536
11
0.5631365354330709
21
2.1665353149606297
0
LINE
8
BLACK
6
CONTINUOUS
10
0.5631365354330709
20
2.1665353149606297
11
0.5549852362204725
21
2.1643511811023624
0
LINE
8
BLACK
6
CONTINUOUS
10
0.5549852362204725
20
2.1643511811023624
11
0.5473370472440945
21
2.1607847637795277
0
LINE
8
BLACK
6
CONTINUOUS
10
0.5473370472440945
20
2.1607847637795277
11
0.5404243307086614
21
2.1559444488188975
0
LINE
8
BLACK
6
CONTINUOUS
10
0.5404243307086614
20
2.1559444488188975
11
0.534457125984252
21
2.149977244094488
0
LINE
8
BLACK
6
CONTINUOUS
10
0.534457125984252
20
2.149977244094488
11
0.529616811023622
21
2.143064527559055
0
LINE
8
BLACK
6
CONTINUOUS
10
0.529616811023622
20
2.143064527559055
11
0.5260503937007874
21
2.1354163385826772
0
LINE
8
BLACK
6
CONTINUOUS
10
0.5260503937007874
20
2.1354163385826772
11
0.5238662598425197
21
2.1272650393700787
0
LINE
8
BLACK
6
CONTINUOUS
10
0.5238662598425197
20
2.1272650393700787
11
0.5231307480314961
21
2.1188582677165355
0
LINE
8
BLACK
6
CONTINUOUS
10
0.5231307480314961
20
2.1188582677165355
11
0.5238662598425197
21
2.1104514960629919
0
CIRCLE
8
BLACK
10
0.4
20
2.
40
0.0068897637795276
0
CIRCLE
8
BLACK
10
2.7999999999999998
20
2.
40
0.0068897637795276
0
CIRCLE
8
BLACK
10
0.4
20
0.4
40
0.0068897637795276
0
CIRCLE
8
BLACK
10
2.7999999999999998
20
0.4
40
0.0068897637795276
0
CIRCLE
8
BLACK
10
2.3395433070866143
20
0.9159999999999999
40
0.0068897637795276
0
CIRCLE
8
BLACK
10
2.3395433070866143
20
1.1128503937007874
40
0.0068897637795276
0
CIRCLE
8
BLACK
10
0.9
20
2.1000000000000001
40
0.0068897637795276
0
CIRCLE
8
BLACK
10
0.9
20
2.
40
0.0068897637795276
0
CIRCLE
8
BLACK
10
1.
20
2.1000000000000001
40
0.0068897637795276
0
CIRCLE
8
BLACK
10
1.
20
2.
40
0.0068897637795276
0
CIRCLE
8
BLACK
10
1.0999999999999999
20
2.1000000000000001
40
0.0068897637795276
0
CIRCLE
8
BLACK
10
1.0999999999999999
20
2.
40
0.0068897637795276
0
CIRCLE
8
BLACK
10
1.2
20
2.1000000000000001
40
0.0068897637795276
0
CIRCLE
8
BLACK
10
1.2
20
2.
40
0.0068897637795276
0
CIRCLE
8
BLACK
10
1.3
20
2.1000000000000001
40
0.0068897637795276
0
CIRCLE
8
BLACK
10
1.3
20
2.
40
0.0068897637795276
0
CIRCLE
8
BLACK
10
1.3999999999999999
20
2.1000000000000001
40
0.0068897637795276
0
CIRCLE
8
BLACK
10
1.3999999999999999
20
2.
40
0.0068897637795276
0
CIRCLE
8
BLACK
10
1.5
20
2.1000000000000001
40
0.0068897637795276
0
CIRCLE
8
BLACK
10
1.5
20
2.
40
0.0068897637795276
0
CIRCLE
8
BLACK
10
1.5999999999999999
20
2.1000000000000001
40
0.0068897637795276
0
CIRCLE
8
BLACK
10
1.5999999999999999
20
2.
40
0.0068897637795276
0
CIRCLE
8
BLACK
10
1.7
20
2.1000000000000001
40
0.0068897637795276
0
CIRCLE
8
BLACK
10
1.7
20
2.
40
0.0068897637795276
0
CIRCLE
8
BLACK
10
1.8
20
2.1000000000000001
40
0.0068897637795276
0
CIRCLE
8
BLACK
10
1.8
20
2.
40
0.0068897637795276
0
CIRCLE
8
BLACK
10
1.8999999999999999
20
2.1000000000000001
40
0.0068897637795276
0
CIRCLE
8
BLACK
10
1.8999999999999999
20
2.
40
0.0068897637795276
0
CIRCLE
8
BLACK
10
2.
20
2.1000000000000001
40
0.0068897637795276
0
CIRCLE
8
BLACK
10
2.
20
2.
40
0.0068897637795276
0
CIRCLE
8
BLACK
10
2.1000000000000001
20
2.1000000000000001
40
0.0068897637795276
0
CIRCLE
8
BLACK
10
2.1000000000000001
20
2.
40
0.0068897637795276
0
CIRCLE
8
BLACK
10
2.1999999999999997
20
2.1000000000000001
40
0.0068897637795276
0
CIRCLE
8
BLACK
10
2.1999999999999997
20
2.
40
0.0068897637795276
0
CIRCLE
8
BLACK
10
2.2999999999999998
20
2.1000000000000001
40
0.0068897637795276
0
CIRCLE
8
BLACK
10
2.2999999999999998
20
2.
40
0.0068897637795276
  0
ENDSEC
  0
EOF
