  0
SECTION
  2
HEADER
  9
$ANGBASE
  50
0.0
  9
$ANGDIR
  70
1
  9
$MEASUREMENT
  70
0
  0
ENDSEC
  0
SECTION
  2
TABLES
  0
TABLE
  2
LTYPE
  70
4
  0
LTYPE
  5
40F
  2
CONTINUOUS
  70
0
  3
Solid line
  72
65
  73
0
  40
0.0
  0
LTYPE
  5
410
  2
DASHDOT
 70
0
  3
Dash Dot ____ _ ____ _
 72
65
 73
4
 40
2.0
 49
1.25
 49
-0.25
 49
0.25
 49
-0.25
  0
LTYPE
  5
411
  2
DASHED
 70
0
  3
Dashed __ __ __ __ __
 72
65
 73
2
 40
0.75
 49
0.5
 49
-0.25
  0
LTYPE
  5
43B
  2
DOTTED
 70
0
  3
Dotted .  .  .  .
 72
65
 73
2
 40
0.2
 49
0.0
 49
-0.2
  0
ENDTAB
  0
TABLE
  2
STYLE
  70
4
  0
STYLE
  2
KICAD
  70
0
  40
0
  41
1
  42
1
  50
0
  71
0
  3
isocp.shx
  0
STYLE
  2
KICADB
  70
0
  40
0
  41
1
  42
1
  50
0
  71
0
  3
isocp.shx
  0
STYLE
  2
KICADI
  70
0
  40
0
  41
1
  42
1
  50
15
  71
0
  3
isocp.shx
  0
STYLE
  2
KICADBI
  70
0
  40
0
  41
1
  42
1
  50
15
  71
0
  3
isocp.shx
  0
ENDTAB
  0
TABLE
  2
LAYER
  70
1
  0
LAYER
  2
BLACK
  70
0
  62
7
  6
CONTINUOUS
  0
ENDTAB
  0
ENDSEC
  0
SECTION
  2
ENTITIES
0
LINE
8
BLACK
6
CONTINUOUS
10
0.6262240157480314
20
0.3404718503937008
11
0.6336095669291338
21
0.3382314960629921
0
LINE
8
BLACK
6
CONTINUOUS
10
0.6336095669291338
20
0.3382314960629921
11
0.6404161417322835
21
0.3345933070866142
0
LINE
8
BLACK
6
CONTINUOUS
10
0.6404161417322835
20
0.3345933070866142
11
0.6463821653543307
21
0.3296971259842519
0
LINE
8
BLACK
6
CONTINUOUS
10
0.6463821653543307
20
0.3296971259842519
11
0.6512783464566929
21
0.3237311023622047
0
LINE
8
BLACK
6
CONTINUOUS
10
0.6512783464566929
20
0.3237311023622047
11
0.6549165354330708
21
0.3169245275590551
0
LINE
8
BLACK
6
CONTINUOUS
10
0.6549165354330708
20
0.3169245275590551
11
0.6571568897637795
21
0.3095389763779527
0
LINE
8
BLACK
6
CONTINUOUS
10
0.6571568897637795
20
0.3095389763779527
11
0.6579133858267716
21
0.3018582677165354
0
LINE
8
BLACK
6
CONTINUOUS
10
0.6579133858267716
20
0.3018582677165354
11
0.6571568897637795
21
0.2941775590551181
0
LINE
8
BLACK
6
CONTINUOUS
10
0.6571568897637795
20
0.2941775590551181
11
0.6549165354330708
21
0.2867920078740158
0
LINE
8
BLACK
6
CONTINUOUS
10
0.6549165354330708
20
0.2867920078740158
11
0.6512783464566929
21
0.2799854330708662
0
LINE
8
BLACK
6
CONTINUOUS
10
0.6512783464566929
20
0.2799854330708662
11
0.6463821653543307
21
0.2740194094488189
0
LINE
8
BLACK
6
CONTINUOUS
10
0.6463821653543307
20
0.2740194094488189
11
0.6404161417322835
21
0.2691232283464567
0
LINE
8
BLACK
6
CONTINUOUS
10
0.6404161417322835
20
0.2691232283464567
11
0.6336095669291338
21
0.2654850393700787
0
LINE
8
BLACK
6
CONTINUOUS
10
0.6336095669291338
20
0.2654850393700787
11
0.6262240157480314
21
0.2632446850393701
0
LINE
8
BLACK
6
CONTINUOUS
10
0.6262240157480314
20
0.2632446850393701
11
0.6185433070866142
21
0.2624881889763779
0
LINE
8
BLACK
6
CONTINUOUS
10
0.6185433070866142
20
0.2624881889763779
11
0.6108625984251969
21
0.2632446850393701
0
LINE
8
BLACK
6
CONTINUOUS
10
0.6108625984251969
20
0.2632446850393701
11
0.6034770472440945
21
0.2654850393700787
0
LINE
8
BLACK
6
CONTINUOUS
10
0.6034770472440945
20
0.2654850393700787
11
0.5966704724409448
21
0.2691232283464567
0
LINE
8
BLACK
6
CONTINUOUS
10
0.5966704724409448
20
0.2691232283464567
11
0.5907044488188976
21
0.2740194094488189
0
LINE
8
BLACK
6
CONTINUOUS
10
0.5907044488188976
20
0.2740194094488189
11
0.5858082677165354
21
0.2799854330708662
0
LINE
8
BLACK
6
CONTINUOUS
10
0.5858082677165354
20
0.2799854330708662
11
0.5821700787401575
21
0.2867920078740158
0
LINE
8
BLACK
6
CONTINUOUS
10
0.5821700787401575
20
0.2867920078740158
11
0.5799297244094488
21
0.2941775590551181
0
LINE
8
BLACK
6
CONTINUOUS
10
0.5799297244094488
20
0.2941775590551181
11
0.5791732283464567
21
0.3018582677165354
0
LINE
8
BLACK
6
CONTINUOUS
10
0.5791732283464567
20
0.3018582677165354
11
0.5799297244094488
21
0.3095389763779527
0
LINE
8
BLACK
6
CONTINUOUS
10
0.5799297244094488
20
0.3095389763779527
11
0.5821700787401575
21
0.3169245275590551
0
LINE
8
BLACK
6
CONTINUOUS
10
0.5821700787401575
20
0.3169245275590551
11
0.5858082677165354
21
0.3237311023622047
0
LINE
8
BLACK
6
CONTINUOUS
10
0.5858082677165354
20
0.3237311023622047
11
0.5907044488188976
21
0.3296971259842519
0
LINE
8
BLACK
6
CONTINUOUS
10
0.5907044488188976
20
0.3296971259842519
11
0.5966704724409448
21
0.3345933070866142
0
LINE
8
BLACK
6
CONTINUOUS
10
0.5966704724409448
20
0.3345933070866142
11
0.6034770472440945
21
0.3382314960629921
0
LINE
8
BLACK
6
CONTINUOUS
10
0.6034770472440945
20
0.3382314960629921
11
0.6108625984251969
21
0.3404718503937008
0
LINE
8
BLACK
6
CONTINUOUS
10
0.6108625984251969
20
0.3404718503937008
11
0.6185433070866142
21
0.3412283464566929
0
LINE
8
BLACK
6
CONTINUOUS
10
0.6185433070866142
20
0.3412283464566929
11
0.6262240157480314
21
0.3404718503937008
0
LINE
8
BLACK
6
CONTINUOUS
10
0.413576811023622
20
0.5204974015748032
11
0.4269828346456693
21
0.5182196062992126
0
LINE
8
BLACK
6
CONTINUOUS
10
0.4269828346456693
20
0.5182196062992126
11
0.4400496062992126
21
0.5144551574803149
0
LINE
8
BLACK
6
CONTINUOUS
10
0.4400496062992126
20
0.5144551574803149
11
0.4526126771653543
21
0.5092513385826771
0
LINE
8
BLACK
6
CONTINUOUS
10
0.4526126771653543
20
0.5092513385826771
11
0.4645141338582677
21
0.5026736614173228
0
LINE
8
BLACK
6
CONTINUOUS
10
0.4645141338582677
20
0.5026736614173228
11
0.4756042913385827
21
0.4948047637795275
0
LINE
8
BLACK
6
CONTINUOUS
10
0.4756042913385827
20
0.4948047637795275
11
0.4857436614173228
21
0.4857436614173228
0
LINE
8
BLACK
6
CONTINUOUS
10
0.4857436614173228
20
0.4857436614173228
11
0.4948047637795275
21
0.4756042913385827
0
LINE
8
BLACK
6
CONTINUOUS
10
0.4948047637795275
20
0.4756042913385827
11
0.5026736614173228
21
0.4645141338582677
0
LINE
8
BLACK
6
CONTINUOUS
10
0.5026736614173228
20
0.4645141338582677
11
0.5092513385826771
21
0.4526126771653543
0
LINE
8
BLACK
6
CONTINUOUS
10
0.5092513385826771
20
0.4526126771653543
11
0.5144551574803149
21
0.4400496062992126
0
LINE
8
BLACK
6
CONTINUOUS
10
0.5144551574803149
20
0.4400496062992126
11
0.5182196062992126
21
0.4269828346456693
0
LINE
8
BLACK
6
CONTINUOUS
10
0.5182196062992126
20
0.4269828346456693
11
0.5204974015748032
21
0.413576811023622
0
LINE
8
BLACK
6
CONTINUOUS
10
0.5204974015748032
20
0.413576811023622
11
0.521259842519685
21
0.4
0
LINE
8
BLACK
6
CONTINUOUS
10
0.521259842519685
20
0.4
11
0.5204974015748032
21
0.386423188976378
0
LINE
8
BLACK
6
CONTINUOUS
10
0.5204974015748032
20
0.386423188976378
11
0.5182196062992126
21
0.3730171653543307
0
LINE
8
BLACK
6
CONTINUOUS
10
0.5182196062992126
20
0.3730171653543307
11
0.5144551574803149
21
0.3599503937007874
0
LINE
8
BLACK
6
CONTINUOUS
10
0.5144551574803149
20
0.3599503937007874
11
0.5092513385826771
21
0.3473873228346457
0
LINE
8
BLACK
6
CONTINUOUS
10
0.5092513385826771
20
0.3473873228346457
11
0.5026736614173228
21
0.3354858661417323
0
LINE
8
BLACK
6
CONTINUOUS
10
0.5026736614173228
20
0.3354858661417323
11
0.4948047637795275
21
0.3243957086614173
0
LINE
8
BLACK
6
CONTINUOUS
10
0.4948047637795275
20
0.3243957086614173
11
0.4857436614173228
21
0.3142563385826772
0
LINE
8
BLACK
6
CONTINUOUS
10
0.4857436614173228
20
0.3142563385826772
11
0.4756042913385827
21
0.3051952362204725
0
LINE
8
BLACK
6
CONTINUOUS
10
0.4756042913385827
20
0.3051952362204725
11
0.4645141338582677
21
0.2973263385826772
0
LINE
8
BLACK
6
CONTINUOUS
10
0.4645141338582677
20
0.2973263385826772
11
0.4526126771653543
21
0.2907486614173228
0
LINE
8
BLACK
6
CONTINUOUS
10
0.4526126771653543
20
0.2907486614173228
11
0.4400496062992126
21
0.285544842519685
0
LINE
8
BLACK
6
CONTINUOUS
10
0.4400496062992126
20
0.285544842519685
11
0.4269828346456693
21
0.2817803937007874
0
LINE
8
BLACK
6
CONTINUOUS
10
0.4269828346456693
20
0.2817803937007874
11
0.413576811023622
21
0.2795025984251969
0
LINE
8
BLACK
6
CONTINUOUS
10
0.413576811023622
20
0.2795025984251969
11
0.4
21
0.2787401574803149
0
LINE
8
BLACK
6
CONTINUOUS
10
0.4
20
0.2787401574803149
11
0.386423188976378
21
0.2795025984251969
0
LINE
8
BLACK
6
CONTINUOUS
10
0.386423188976378
20
0.2795025984251969
11
0.3730171653543307
21
0.2817803937007874
0
LINE
8
BLACK
6
CONTINUOUS
10
0.3730171653543307
20
0.2817803937007874
11
0.3599503937007874
21
0.285544842519685
0
LINE
8
BLACK
6
CONTINUOUS
10
0.3599503937007874
20
0.285544842519685
11
0.3473873228346457
21
0.2907486614173228
0
LINE
8
BLACK
6
CONTINUOUS
10
0.3473873228346457
20
0.2907486614173228
11
0.3354858661417323
21
0.2973263385826772
0
LINE
8
BLACK
6
CONTINUOUS
10
0.3354858661417323
20
0.2973263385826772
11
0.3243957086614173
21
0.3051952362204725
0
LINE
8
BLACK
6
CONTINUOUS
10
0.3243957086614173
20
0.3051952362204725
11
0.3142563385826772
21
0.3142563385826772
0
LINE
8
BLACK
6
CONTINUOUS
10
0.3142563385826772
20
0.3142563385826772
11
0.3051952362204725
21
0.3243957086614173
0
LINE
8
BLACK
6
CONTINUOUS
10
0.3051952362204725
20
0.3243957086614173
11
0.2973263385826772
21
0.3354858661417323
0
LINE
8
BLACK
6
CONTINUOUS
10
0.2973263385826772
20
0.3354858661417323
11
0.2907486614173228
21
0.3473873228346457
0
LINE
8
BLACK
6
CONTINUOUS
10
0.2907486614173228
20
0.3473873228346457
11
0.285544842519685
21
0.3599503937007874
0
LINE
8
BLACK
6
CONTINUOUS
10
0.285544842519685
20
0.3599503937007874
11
0.2817803937007874
21
0.3730171653543307
0
LINE
8
BLACK
6
CONTINUOUS
10
0.2817803937007874
20
0.3730171653543307
11
0.2795025984251969
21
0.386423188976378
0
LINE
8
BLACK
6
CONTINUOUS
10
0.2795025984251969
20
0.386423188976378
11
0.2787401574803149
21
0.4
0
LINE
8
BLACK
6
CONTINUOUS
10
0.2787401574803149
20
0.4
11
0.2795025984251969
21
0.413576811023622
0
LINE
8
BLACK
6
CONTINUOUS
10
0.2795025984251969
20
0.413576811023622
11
0.2817803937007874
21
0.4269828346456693
0
LINE
8
BLACK
6
CONTINUOUS
10
0.2817803937007874
20
0.4269828346456693
11
0.285544842519685
21
0.4400496062992126
0
LINE
8
BLACK
6
CONTINUOUS
10
0.285544842519685
20
0.4400496062992126
11
0.2907486614173228
21
0.4526126771653543
0
LINE
8
BLACK
6
CONTINUOUS
10
0.2907486614173228
20
0.4526126771653543
11
0.2973263385826772
21
0.4645141338582677
0
LINE
8
BLACK
6
CONTINUOUS
10
0.2973263385826772
20
0.4645141338582677
11
0.3051952362204725
21
0.4756042913385827
0
LINE
8
BLACK
6
CONTINUOUS
10
0.3051952362204725
20
0.4756042913385827
11
0.3142563385826772
21
0.4857436614173228
0
LINE
8
BLACK
6
CONTINUOUS
10
0.3142563385826772
20
0.4857436614173228
11
0.3243957086614173
21
0.4948047637795275
0
LINE
8
BLACK
6
CONTINUOUS
10
0.3243957086614173
20
0.4948047637795275
11
0.3354858661417323
21
0.5026736614173228
0
LINE
8
BLACK
6
CONTINUOUS
10
0.3354858661417323
20
0.5026736614173228
11
0.3473873228346457
21
0.5092513385826771
0
LINE
8
BLACK
6
CONTINUOUS
10
0.3473873228346457
20
0.5092513385826771
11
0.3599503937007874
21
0.5144551574803149
0
LINE
8
BLACK
6
CONTINUOUS
10
0.3599503937007874
20
0.5144551574803149
11
0.3730171653543307
21
0.5182196062992126
0
LINE
8
BLACK
6
CONTINUOUS
10
0.3730171653543307
20
0.5182196062992126
11
0.386423188976378
21
0.5204974015748032
0
LINE
8
BLACK
6
CONTINUOUS
10
0.386423188976378
20
0.5204974015748032
11
0.4
21
0.521259842519685
0
LINE
8
BLACK
6
CONTINUOUS
10
0.4
20
0.521259842519685
11
0.413576811023622
21
0.5204974015748032
0
LINE
8
BLACK
6
CONTINUOUS
10
2.8135768110236219
20
0.5204974015748032
11
2.8269828346456691
21
0.5182196062992126
0
LINE
8
BLACK
6
CONTINUOUS
10
2.8269828346456691
20
0.5182196062992126
11
2.8400496062992127
21
0.5144551574803149
0
LINE
8
BLACK
6
CONTINUOUS
10
2.8400496062992127
20
0.5144551574803149
11
2.8526126771653542
21
0.5092513385826771
0
LINE
8
BLACK
6
CONTINUOUS
10
2.8526126771653542
20
0.5092513385826771
11
2.8645141338582678
21
0.5026736614173228
0
LINE
8
BLACK
6
CONTINUOUS
10
2.8645141338582678
20
0.5026736614173228
11
2.8756042913385826
21
0.4948047637795275
0
LINE
8
BLACK
6
CONTINUOUS
10
2.8756042913385826
20
0.4948047637795275
11
2.8857436614173229
21
0.4857436614173228
0
LINE
8
BLACK
6
CONTINUOUS
10
2.8857436614173229
20
0.4857436614173228
11
2.8948047637795273
21
0.4756042913385827
0
LINE
8
BLACK
6
CONTINUOUS
10
2.8948047637795273
20
0.4756042913385827
11
2.9026736614173227
21
0.4645141338582677
0
LINE
8
BLACK
6
CONTINUOUS
10
2.9026736614173227
20
0.4645141338582677
11
2.9092513385826773
21
0.4526126771653543
0
LINE
8
BLACK
6
CONTINUOUS
10
2.9092513385826773
20
0.4526126771653543
11
2.9144551574803148
21
0.4400496062992126
0
LINE
8
BLACK
6
CONTINUOUS
10
2.9144551574803148
20
0.4400496062992126
11
2.9182196062992127
21
0.4269828346456693
0
LINE
8
BLACK
6
CONTINUOUS
10
2.9182196062992127
20
0.4269828346456693
11
2.9204974015748029
21
0.413576811023622
0
LINE
8
BLACK
6
CONTINUOUS
10
2.9204974015748029
20
0.413576811023622
11
2.9212598425196852
21
0.4
0
LINE
8
BLACK
6
CONTINUOUS
10
2.9212598425196852
20
0.4
11
2.9204974015748029
21
0.386423188976378
0
LINE
8
BLACK
6
CONTINUOUS
10
2.9204974015748029
20
0.386423188976378
11
2.9182196062992127
21
0.3730171653543307
0
LINE
8
BLACK
6
CONTINUOUS
10
2.9182196062992127
20
0.3730171653543307
11
2.9144551574803148
21
0.3599503937007874
0
LINE
8
BLACK
6
CONTINUOUS
10
2.9144551574803148
20
0.3599503937007874
11
2.9092513385826773
21
0.3473873228346457
0
LINE
8
BLACK
6
CONTINUOUS
10
2.9092513385826773
20
0.3473873228346457
11
2.9026736614173227
21
0.3354858661417323
0
LINE
8
BLACK
6
CONTINUOUS
10
2.9026736614173227
20
0.3354858661417323
11
2.8948047637795273
21
0.3243957086614173
0
LINE
8
BLACK
6
CONTINUOUS
10
2.8948047637795273
20
0.3243957086614173
11
2.8857436614173229
21
0.3142563385826772
0
LINE
8
BLACK
6
CONTINUOUS
10
2.8857436614173229
20
0.3142563385826772
11
2.8756042913385826
21
0.3051952362204725
0
LINE
8
BLACK
6
CONTINUOUS
10
2.8756042913385826
20
0.3051952362204725
11
2.8645141338582678
21
0.2973263385826772
0
LINE
8
BLACK
6
CONTINUOUS
10
2.8645141338582678
20
0.2973263385826772
11
2.8526126771653542
21
0.2907486614173228
0
LINE
8
BLACK
6
CONTINUOUS
10
2.8526126771653542
20
0.2907486614173228
11
2.8400496062992127
21
0.285544842519685
0
LINE
8
BLACK
6
CONTINUOUS
10
2.8400496062992127
20
0.285544842519685
11
2.8269828346456691
21
0.2817803937007874
0
LINE
8
BLACK
6
CONTINUOUS
10
2.8269828346456691
20
0.2817803937007874
11
2.8135768110236219
21
0.2795025984251969
0
LINE
8
BLACK
6
CONTINUOUS
10
2.8135768110236219
20
0.2795025984251969
11
2.7999999999999998
21
0.2787401574803149
0
LINE
8
BLACK
6
CONTINUOUS
10
2.7999999999999998
20
0.2787401574803149
11
2.7864231889763778
21
0.2795025984251969
0
LINE
8
BLACK
6
CONTINUOUS
10
2.7864231889763778
20
0.2795025984251969
11
2.7730171653543305
21
0.2817803937007874
0
LINE
8
BLACK
6
CONTINUOUS
10
2.7730171653543305
20
0.2817803937007874
11
2.7599503937007874
21
0.285544842519685
0
LINE
8
BLACK
6
CONTINUOUS
10
2.7599503937007874
20
0.285544842519685
11
2.7473873228346455
21
0.2907486614173228
0
LINE
8
BLACK
6
CONTINUOUS
10
2.7473873228346455
20
0.2907486614173228
11
2.7354858661417323
21
0.2973263385826772
0
LINE
8
BLACK
6
CONTINUOUS
10
2.7354858661417323
20
0.2973263385826772
11
2.7243957086614174
21
0.3051952362204725
0
LINE
8
BLACK
6
CONTINUOUS
10
2.7243957086614174
20
0.3051952362204725
11
2.7142563385826772
21
0.3142563385826772
0
LINE
8
BLACK
6
CONTINUOUS
10
2.7142563385826772
20
0.3142563385826772
11
2.7051952362204723
21
0.3243957086614173
0
LINE
8
BLACK
6
CONTINUOUS
10
2.7051952362204723
20
0.3243957086614173
11
2.6973263385826769
21
0.3354858661417323
0
LINE
8
BLACK
6
CONTINUOUS
10
2.6973263385826769
20
0.3354858661417323
11
2.6907486614173228
21
0.3473873228346457
0
LINE
8
BLACK
6
CONTINUOUS
10
2.6907486614173228
20
0.3473873228346457
11
2.6855448425196848
21
0.3599503937007874
0
LINE
8
BLACK
6
CONTINUOUS
10
2.6855448425196848
20
0.3599503937007874
11
2.6817803937007874
21
0.3730171653543307
0
LINE
8
BLACK
6
CONTINUOUS
10
2.6817803937007874
20
0.3730171653543307
11
2.6795025984251968
21
0.386423188976378
0
LINE
8
BLACK
6
CONTINUOUS
10
2.6795025984251968
20
0.386423188976378
11
2.6787401574803149
21
0.4
0
LINE
8
BLACK
6
CONTINUOUS
10
2.6787401574803149
20
0.4
11
2.6795025984251968
21
0.413576811023622
0
LINE
8
BLACK
6
CONTINUOUS
10
2.6795025984251968
20
0.413576811023622
11
2.6817803937007874
21
0.4269828346456693
0
LINE
8
BLACK
6
CONTINUOUS
10
2.6817803937007874
20
0.4269828346456693
11
2.6855448425196848
21
0.4400496062992126
0
LINE
8
BLACK
6
CONTINUOUS
10
2.6855448425196848
20
0.4400496062992126
11
2.6907486614173228
21
0.4526126771653543
0
LINE
8
BLACK
6
CONTINUOUS
10
2.6907486614173228
20
0.4526126771653543
11
2.6973263385826769
21
0.4645141338582677
0
LINE
8
BLACK
6
CONTINUOUS
10
2.6973263385826769
20
0.4645141338582677
11
2.7051952362204723
21
0.4756042913385827
0
LINE
8
BLACK
6
CONTINUOUS
10
2.7051952362204723
20
0.4756042913385827
11
2.7142563385826772
21
0.4857436614173228
0
LINE
8
BLACK
6
CONTINUOUS
10
2.7142563385826772
20
0.4857436614173228
11
2.7243957086614174
21
0.4948047637795275
0
LINE
8
BLACK
6
CONTINUOUS
10
2.7243957086614174
20
0.4948047637795275
11
2.7354858661417323
21
0.5026736614173228
0
LINE
8
BLACK
6
CONTINUOUS
10
2.7354858661417323
20
0.5026736614173228
11
2.7473873228346455
21
0.5092513385826771
0
LINE
8
BLACK
6
CONTINUOUS
10
2.7473873228346455
20
0.5092513385826771
11
2.7599503937007874
21
0.5144551574803149
0
LINE
8
BLACK
6
CONTINUOUS
10
2.7599503937007874
20
0.5144551574803149
11
2.7730171653543305
21
0.5182196062992126
0
LINE
8
BLACK
6
CONTINUOUS
10
2.7730171653543305
20
0.5182196062992126
11
2.7864231889763778
21
0.5204974015748032
0
LINE
8
BLACK
6
CONTINUOUS
10
2.7864231889763778
20
0.5204974015748032
11
2.7999999999999998
21
0.521259842519685
0
LINE
8
BLACK
6
CONTINUOUS
10
2.7999999999999998
20
0.521259842519685
11
2.8135768110236219
21
0.5204974015748032
0
LINE
8
BLACK
6
CONTINUOUS
10
0.7586856299212599
20
0.5015870078740158
11
0.7597074409448819
21
0.5009042913385827
0
LINE
8
BLACK
6
CONTINUOUS
10
0.7597074409448819
20
0.5009042913385827
11
0.7603901574803149
21
0.4998824803149606
0
LINE
8
BLACK
6
CONTINUOUS
10
0.7603901574803149
20
0.4998824803149606
11
0.7606299212598425
21
0.4986771653543307
0
LINE
8
BLACK
6
CONTINUOUS
10
0.7606299212598425
20
0.4986771653543307
11
0.7606299212598425
21
0.4408031496062992
0
LINE
8
BLACK
6
CONTINUOUS
10
0.7606299212598425
20
0.4408031496062992
11
0.8480314960629921
21
0.4408031496062992
0
LINE
8
BLACK
6
CONTINUOUS
10
0.8480314960629921
20
0.4408031496062992
11
0.849236811023622
21
0.4405633858267716
0
LINE
8
BLACK
6
CONTINUOUS
10
0.849236811023622
20
0.4405633858267716
11
0.8502586220472441
21
0.4398806692913386
0
LINE
8
BLACK
6
CONTINUOUS
10
0.8502586220472441
20
0.4398806692913386
11
0.8509413385826772
21
0.4388588582677165
0
LINE
8
BLACK
6
CONTINUOUS
10
0.8509413385826772
20
0.4388588582677165
11
0.8511811023622047
21
0.4376535433070866
0
LINE
8
BLACK
6
CONTINUOUS
10
0.8511811023622047
20
0.4376535433070866
11
0.8511811023622047
21
0.3982834645669291
0
LINE
8
BLACK
6
CONTINUOUS
10
0.8511811023622047
20
0.3982834645669291
11
0.8509413385826772
21
0.3970781496062992
0
LINE
8
BLACK
6
CONTINUOUS
10
0.8509413385826772
20
0.3970781496062992
11
0.8502586220472441
21
0.3960563385826771
0
LINE
8
BLACK
6
CONTINUOUS
10
0.8502586220472441
20
0.3960563385826771
11
0.849236811023622
21
0.3953736220472441
0
LINE
8
BLACK
6
CONTINUOUS
10
0.849236811023622
20
0.3953736220472441
11
0.8480314960629921
21
0.3951338582677165
0
LINE
8
BLACK
6
CONTINUOUS
10
0.8480314960629921
20
0.3951338582677165
11
0.75748031496063
21
0.3951338582677165
0
LINE
8
BLACK
6
CONTINUOUS
10
0.75748031496063
20
0.3951338582677165
11
0.7181102362204724
21
0.3951338582677165
0
LINE
8
BLACK
6
CONTINUOUS
10
0.7181102362204724
20
0.3951338582677165
11
0.7169049212598425
21
0.3953736220472441
0
LINE
8
BLACK
6
CONTINUOUS
10
0.7169049212598425
20
0.3953736220472441
11
0.7158831102362204
21
0.3960563385826771
0
LINE
8
BLACK
6
CONTINUOUS
10
0.7158831102362204
20
0.3960563385826771
11
0.7152003937007874
21
0.3970781496062992
0
LINE
8
BLACK
6
CONTINUOUS
10
0.7152003937007874
20
0.3970781496062992
11
0.7149606299212599
21
0.3982834645669291
0
LINE
8
BLACK
6
CONTINUOUS
10
0.7149606299212599
20
0.3982834645669291
11
0.7149606299212599
21
0.4376535433070866
0
LINE
8
BLACK
6
CONTINUOUS
10
0.7149606299212599
20
0.4376535433070866
11
0.7149606299212599
21
0.4986771653543307
0
LINE
8
BLACK
6
CONTINUOUS
10
0.7149606299212599
20
0.4986771653543307
11
0.7152003937007874
21
0.4998824803149606
0
LINE
8
BLACK
6
CONTINUOUS
10
0.7152003937007874
20
0.4998824803149606
11
0.7158831102362204
21
0.5009042913385827
0
LINE
8
BLACK
6
CONTINUOUS
10
0.7158831102362204
20
0.5009042913385827
11
0.7169049212598425
21
0.5015870078740158
0
LINE
8
BLACK
6
CONTINUOUS
10
0.7169049212598425
20
0.5015870078740158
11
0.7181102362204724
21
0.5018267716535433
0
LINE
8
BLACK
6
CONTINUOUS
10
0.7181102362204724
20
0.5018267716535433
11
0.75748031496063
21
0.5018267716535433
0
LINE
8
BLACK
6
CONTINUOUS
10
0.75748031496063
20
0.5018267716535433
11
0.7586856299212599
21
0.5015870078740158
0
LINE
8
BLACK
6
CONTINUOUS
10
1.0854572834645668
20
0.4405633858267716
11
1.086479094488189
21
0.4398806692913386
0
LINE
8
BLACK
6
CONTINUOUS
10
1.086479094488189
20
0.4398806692913386
11
1.0871618110236221
21
0.4388588582677165
0
LINE
8
BLACK
6
CONTINUOUS
10
1.0871618110236221
20
0.4388588582677165
11
1.0874015748031496
21
0.4376535433070866
0
LINE
8
BLACK
6
CONTINUOUS
10
1.0874015748031496
20
0.4376535433070866
11
1.0874015748031496
21
0.3982834645669291
0
LINE
8
BLACK
6
CONTINUOUS
10
1.0874015748031496
20
0.3982834645669291
11
1.0871618110236221
21
0.3970781496062992
0
LINE
8
BLACK
6
CONTINUOUS
10
1.0871618110236221
20
0.3970781496062992
11
1.086479094488189
21
0.3960563385826771
0
LINE
8
BLACK
6
CONTINUOUS
10
1.086479094488189
20
0.3960563385826771
11
1.0854572834645668
21
0.3953736220472441
0
LINE
8
BLACK
6
CONTINUOUS
10
1.0854572834645668
20
0.3953736220472441
11
1.0842519685039369
21
0.3951338582677165
0
LINE
8
BLACK
6
CONTINUOUS
10
1.0842519685039369
20
0.3951338582677165
11
0.9346456692913385
21
0.3951338582677165
0
LINE
8
BLACK
6
CONTINUOUS
10
0.9346456692913385
20
0.3951338582677165
11
0.9334403543307086
21
0.3953736220472441
0
LINE
8
BLACK
6
CONTINUOUS
10
0.9334403543307086
20
0.3953736220472441
11
0.9324185433070866
21
0.3960563385826771
0
LINE
8
BLACK
6
CONTINUOUS
10
0.9324185433070866
20
0.3960563385826771
11
0.9317358267716536
21
0.3970781496062992
0
LINE
8
BLACK
6
CONTINUOUS
10
0.9317358267716536
20
0.3970781496062992
11
0.931496062992126
21
0.3982834645669291
0
LINE
8
BLACK
6
CONTINUOUS
10
0.931496062992126
20
0.3982834645669291
11
0.931496062992126
21
0.4376535433070866
0
LINE
8
BLACK
6
CONTINUOUS
10
0.931496062992126
20
0.4376535433070866
11
0.9317358267716536
21
0.4388588582677165
0
LINE
8
BLACK
6
CONTINUOUS
10
0.9317358267716536
20
0.4388588582677165
11
0.9324185433070866
21
0.4398806692913386
0
LINE
8
BLACK
6
CONTINUOUS
10
0.9324185433070866
20
0.4398806692913386
11
0.9334403543307086
21
0.4405633858267716
0
LINE
8
BLACK
6
CONTINUOUS
10
0.9334403543307086
20
0.4405633858267716
11
0.9346456692913385
21
0.4408031496062992
0
LINE
8
BLACK
6
CONTINUOUS
10
0.9346456692913385
20
0.4408031496062992
11
1.0842519685039369
21
0.4408031496062992
0
LINE
8
BLACK
6
CONTINUOUS
10
1.0842519685039369
20
0.4408031496062992
11
1.0854572834645668
21
0.4405633858267716
0
LINE
8
BLACK
6
CONTINUOUS
10
1.3216777559055117
20
0.4405633858267716
11
1.3226995669291339
21
0.4398806692913386
0
LINE
8
BLACK
6
CONTINUOUS
10
1.3226995669291339
20
0.4398806692913386
11
1.323382283464567
21
0.4388588582677165
0
LINE
8
BLACK
6
CONTINUOUS
10
1.323382283464567
20
0.4388588582677165
11
1.3236220472440945
21
0.4376535433070866
0
LINE
8
BLACK
6
CONTINUOUS
10
1.3236220472440945
20
0.4376535433070866
11
1.3236220472440945
21
0.3982834645669291
0
LINE
8
BLACK
6
CONTINUOUS
10
1.3236220472440945
20
0.3982834645669291
11
1.323382283464567
21
0.3970781496062992
0
LINE
8
BLACK
6
CONTINUOUS
10
1.323382283464567
20
0.3970781496062992
11
1.3226995669291339
21
0.3960563385826771
0
LINE
8
BLACK
6
CONTINUOUS
10
1.3226995669291339
20
0.3960563385826771
11
1.3216777559055117
21
0.3953736220472441
0
LINE
8
BLACK
6
CONTINUOUS
10
1.3216777559055117
20
0.3953736220472441
11
1.3204724409448818
21
0.3951338582677165
0
LINE
8
BLACK
6
CONTINUOUS
10
1.3204724409448818
20
0.3951338582677165
11
1.1708661417322834
21
0.3951338582677165
0
LINE
8
BLACK
6
CONTINUOUS
10
1.1708661417322834
20
0.3951338582677165
11
1.1696608267716535
21
0.3953736220472441
0
LINE
8
BLACK
6
CONTINUOUS
10
1.1696608267716535
20
0.3953736220472441
11
1.1686390157480315
21
0.3960563385826771
0
LINE
8
BLACK
6
CONTINUOUS
10
1.1686390157480315
20
0.3960563385826771
11
1.1679562992125985
21
0.3970781496062992
0
LINE
8
BLACK
6
CONTINUOUS
10
1.1679562992125985
20
0.3970781496062992
11
1.1677165354330707
21
0.3982834645669291
0
LINE
8
BLACK
6
CONTINUOUS
10
1.1677165354330707
20
0.3982834645669291
11
1.1677165354330707
21
0.4376535433070866
0
LINE
8
BLACK
6
CONTINUOUS
10
1.1677165354330707
20
0.4376535433070866
11
1.1679562992125985
21
0.4388588582677165
0
LINE
8
BLACK
6
CONTINUOUS
10
1.1679562992125985
20
0.4388588582677165
11
1.1686390157480315
21
0.4398806692913386
0
LINE
8
BLACK
6
CONTINUOUS
10
1.1686390157480315
20
0.4398806692913386
11
1.1696608267716535
21
0.4405633858267716
0
LINE
8
BLACK
6
CONTINUOUS
10
1.1696608267716535
20
0.4405633858267716
11
1.1708661417322834
21
0.4408031496062992
0
LINE
8
BLACK
6
CONTINUOUS
10
1.1708661417322834
20
0.4408031496062992
11
1.3204724409448818
21
0.4408031496062992
0
LINE
8
BLACK
6
CONTINUOUS
10
1.3204724409448818
20
0.4408031496062992
11
1.3216777559055117
21
0.4405633858267716
0
LINE
8
BLACK
6
CONTINUOUS
10
1.5578982283464566
20
0.4405633858267716
11
1.5589200393700786
21
0.4398806692913386
0
LINE
8
BLACK
6
CONTINUOUS
10
1.5589200393700786
20
0.4398806692913386
11
1.5596027559055117
21
0.4388588582677165
0
LINE
8
BLACK
6
CONTINUOUS
10
1.5596027559055117
20
0.4388588582677165
11
1.5598425196850394
21
0.4376535433070866
0
LINE
8
BLACK
6
CONTINUOUS
10
1.5598425196850394
20
0.4376535433070866
11
1.5598425196850394
21
0.3982834645669291
0
LINE
8
BLACK
6
CONTINUOUS
10
1.5598425196850394
20
0.3982834645669291
11
1.5596027559055117
21
0.3970781496062992
0
LINE
8
BLACK
6
CONTINUOUS
10
1.5596027559055117
20
0.3970781496062992
11
1.5589200393700786
21
0.3960563385826771
0
LINE
8
BLACK
6
CONTINUOUS
10
1.5589200393700786
20
0.3960563385826771
11
1.5578982283464566
21
0.3953736220472441
0
LINE
8
BLACK
6
CONTINUOUS
10
1.5578982283464566
20
0.3953736220472441
11
1.5566929133858267
21
0.3951338582677165
0
LINE
8
BLACK
6
CONTINUOUS
10
1.5566929133858267
20
0.3951338582677165
11
1.4070866141732283
21
0.3951338582677165
0
LINE
8
BLACK
6
CONTINUOUS
10
1.4070866141732283
20
0.3951338582677165
11
1.4058812992125984
21
0.3953736220472441
0
LINE
8
BLACK
6
CONTINUOUS
10
1.4058812992125984
20
0.3953736220472441
11
1.4048594881889764
21
0.3960563385826771
0
LINE
8
BLACK
6
CONTINUOUS
10
1.4048594881889764
20
0.3960563385826771
11
1.4041767716535434
21
0.3970781496062992
0
LINE
8
BLACK
6
CONTINUOUS
10
1.4041767716535434
20
0.3970781496062992
11
1.4039370078740157
21
0.3982834645669291
0
LINE
8
BLACK
6
CONTINUOUS
10
1.4039370078740157
20
0.3982834645669291
11
1.4039370078740157
21
0.4376535433070866
0
LINE
8
BLACK
6
CONTINUOUS
10
1.4039370078740157
20
0.4376535433070866
11
1.4041767716535434
21
0.4388588582677165
0
LINE
8
BLACK
6
CONTINUOUS
10
1.4041767716535434
20
0.4388588582677165
11
1.4048594881889764
21
0.4398806692913386
0
LINE
8
BLACK
6
CONTINUOUS
10
1.4048594881889764
20
0.4398806692913386
11
1.4058812992125984
21
0.4405633858267716
0
LINE
8
BLACK
6
CONTINUOUS
10
1.4058812992125984
20
0.4405633858267716
11
1.4070866141732283
21
0.4408031496062992
0
LINE
8
BLACK
6
CONTINUOUS
10
1.4070866141732283
20
0.4408031496062992
11
1.5566929133858267
21
0.4408031496062992
0
LINE
8
BLACK
6
CONTINUOUS
10
1.5566929133858267
20
0.4408031496062992
11
1.5578982283464566
21
0.4405633858267716
0
LINE
8
BLACK
6
CONTINUOUS
10
1.7941187007874015
20
0.4405633858267716
11
1.7951405118110235
21
0.4398806692913386
0
LINE
8
BLACK
6
CONTINUOUS
10
1.7951405118110235
20
0.4398806692913386
11
1.7958232283464566
21
0.4388588582677165
0
LINE
8
BLACK
6
CONTINUOUS
10
1.7958232283464566
20
0.4388588582677165
11
1.7960629921259843
21
0.4376535433070866
0
LINE
8
BLACK
6
CONTINUOUS
10
1.7960629921259843
20
0.4376535433070866
11
1.7960629921259843
21
0.3982834645669291
0
LINE
8
BLACK
6
CONTINUOUS
10
1.7960629921259843
20
0.3982834645669291
11
1.7958232283464566
21
0.3970781496062992
0
LINE
8
BLACK
6
CONTINUOUS
10
1.7958232283464566
20
0.3970781496062992
11
1.7951405118110235
21
0.3960563385826771
0
LINE
8
BLACK
6
CONTINUOUS
10
1.7951405118110235
20
0.3960563385826771
11
1.7941187007874015
21
0.3953736220472441
0
LINE
8
BLACK
6
CONTINUOUS
10
1.7941187007874015
20
0.3953736220472441
11
1.7929133858267716
21
0.3951338582677165
0
LINE
8
BLACK
6
CONTINUOUS
10
1.7929133858267716
20
0.3951338582677165
11
1.6433070866141732
21
0.3951338582677165
0
LINE
8
BLACK
6
CONTINUOUS
10
1.6433070866141732
20
0.3951338582677165
11
1.6421017716535433
21
0.3953736220472441
0
LINE
8
BLACK
6
CONTINUOUS
10
1.6421017716535433
20
0.3953736220472441
11
1.6410799606299211
21
0.3960563385826771
0
LINE
8
BLACK
6
CONTINUOUS
10
1.6410799606299211
20
0.3960563385826771
11
1.6403972440944881
21
0.3970781496062992
0
LINE
8
BLACK
6
CONTINUOUS
10
1.6403972440944881
20
0.3970781496062992
11
1.6401574803149606
21
0.3982834645669291
0
LINE
8
BLACK
6
CONTINUOUS
10
1.6401574803149606
20
0.3982834645669291
11
1.6401574803149606
21
0.4376535433070866
0
LINE
8
BLACK
6
CONTINUOUS
10
1.6401574803149606
20
0.4376535433070866
11
1.6403972440944881
21
0.4388588582677165
0
LINE
8
BLACK
6
CONTINUOUS
10
1.6403972440944881
20
0.4388588582677165
11
1.6410799606299211
21
0.4398806692913386
0
LINE
8
BLACK
6
CONTINUOUS
10
1.6410799606299211
20
0.4398806692913386
11
1.6421017716535433
21
0.4405633858267716
0
LINE
8
BLACK
6
CONTINUOUS
10
1.6421017716535433
20
0.4405633858267716
11
1.6433070866141732
21
0.4408031496062992
0
LINE
8
BLACK
6
CONTINUOUS
10
1.6433070866141732
20
0.4408031496062992
11
1.7929133858267716
21
0.4408031496062992
0
LINE
8
BLACK
6
CONTINUOUS
10
1.7929133858267716
20
0.4408031496062992
11
1.7941187007874015
21
0.4405633858267716
0
LINE
8
BLACK
6
CONTINUOUS
10
2.0303391732283464
20
0.4405633858267716
11
2.0313609842519686
21
0.4398806692913386
0
LINE
8
BLACK
6
CONTINUOUS
10
2.0313609842519686
20
0.4398806692913386
11
2.0320437007874017
21
0.4388588582677165
0
LINE
8
BLACK
6
CONTINUOUS
10
2.0320437007874017
20
0.4388588582677165
11
2.032283464566929
21
0.4376535433070866
0
LINE
8
BLACK
6
CONTINUOUS
10
2.032283464566929
20
0.4376535433070866
11
2.032283464566929
21
0.3982834645669291
0
LINE
8
BLACK
6
CONTINUOUS
10
2.032283464566929
20
0.3982834645669291
11
2.0320437007874017
21
0.3970781496062992
0
LINE
8
BLACK
6
CONTINUOUS
10
2.0320437007874017
20
0.3970781496062992
11
2.0313609842519686
21
0.3960563385826771
0
LINE
8
BLACK
6
CONTINUOUS
10
2.0313609842519686
20
0.3960563385826771
11
2.0303391732283464
21
0.3953736220472441
0
LINE
8
BLACK
6
CONTINUOUS
10
2.0303391732283464
20
0.3953736220472441
11
2.0291338582677163
21
0.3951338582677165
0
LINE
8
BLACK
6
CONTINUOUS
10
2.0291338582677163
20
0.3951338582677165
11
1.8795275590551181
21
0.3951338582677165
0
LINE
8
BLACK
6
CONTINUOUS
10
1.8795275590551181
20
0.3951338582677165
11
1.8783222440944882
21
0.3953736220472441
0
LINE
8
BLACK
6
CONTINUOUS
10
1.8783222440944882
20
0.3953736220472441
11
1.877300433070866
21
0.3960563385826771
0
LINE
8
BLACK
6
CONTINUOUS
10
1.877300433070866
20
0.3960563385826771
11
1.876617716535433
21
0.3970781496062992
0
LINE
8
BLACK
6
CONTINUOUS
10
1.876617716535433
20
0.3970781496062992
11
1.8763779527559055
21
0.3982834645669291
0
LINE
8
BLACK
6
CONTINUOUS
10
1.8763779527559055
20
0.3982834645669291
11
1.8763779527559055
21
0.4376535433070866
0
LINE
8
BLACK
6
CONTINUOUS
10
1.8763779527559055
20
0.4376535433070866
11
1.876617716535433
21
0.4388588582677165
0
LINE
8
BLACK
6
CONTINUOUS
10
1.876617716535433
20
0.4388588582677165
11
1.877300433070866
21
0.4398806692913386
0
LINE
8
BLACK
6
CONTINUOUS
10
1.877300433070866
20
0.4398806692913386
11
1.8783222440944882
21
0.4405633858267716
0
LINE
8
BLACK
6
CONTINUOUS
10
1.8783222440944882
20
0.4405633858267716
11
1.8795275590551181
21
0.4408031496062992
0
LINE
8
BLACK
6
CONTINUOUS
10
1.8795275590551181
20
0.4408031496062992
11
2.0291338582677163
21
0.4408031496062992
0
LINE
8
BLACK
6
CONTINUOUS
10
2.0291338582677163
20
0.4408031496062992
11
2.0303391732283464
21
0.4405633858267716
0
LINE
8
BLACK
6
CONTINUOUS
10
2.2665596456692914
20
0.4405633858267716
11
2.2675814566929136
21
0.4398806692913386
0
LINE
8
BLACK
6
CONTINUOUS
10
2.2675814566929136
20
0.4398806692913386
11
2.2682641732283466
21
0.4388588582677165
0
LINE
8
BLACK
6
CONTINUOUS
10
2.2682641732283466
20
0.4388588582677165
11
2.2685039370078739
21
0.4376535433070866
0
LINE
8
BLACK
6
CONTINUOUS
10
2.2685039370078739
20
0.4376535433070866
11
2.2685039370078739
21
0.3982834645669291
0
LINE
8
BLACK
6
CONTINUOUS
10
2.2685039370078739
20
0.3982834645669291
11
2.2682641732283466
21
0.3970781496062992
0
LINE
8
BLACK
6
CONTINUOUS
10
2.2682641732283466
20
0.3970781496062992
11
2.2675814566929136
21
0.3960563385826771
0
LINE
8
BLACK
6
CONTINUOUS
10
2.2675814566929136
20
0.3960563385826771
11
2.2665596456692914
21
0.3953736220472441
0
LINE
8
BLACK
6
CONTINUOUS
10
2.2665596456692914
20
0.3953736220472441
11
2.2653543307086612
21
0.3951338582677165
0
LINE
8
BLACK
6
CONTINUOUS
10
2.2653543307086612
20
0.3951338582677165
11
2.1157480314960631
21
0.3951338582677165
0
LINE
8
BLACK
6
CONTINUOUS
10
2.1157480314960631
20
0.3951338582677165
11
2.1145427165354329
21
0.3953736220472441
0
LINE
8
BLACK
6
CONTINUOUS
10
2.1145427165354329
20
0.3953736220472441
11
2.1135209055118112
21
0.3960563385826771
0
LINE
8
BLACK
6
CONTINUOUS
10
2.1135209055118112
20
0.3960563385826771
11
2.1128381889763781
21
0.3970781496062992
0
LINE
8
BLACK
6
CONTINUOUS
10
2.1128381889763781
20
0.3970781496062992
11
2.1125984251968504
21
0.3982834645669291
0
LINE
8
BLACK
6
CONTINUOUS
10
2.1125984251968504
20
0.3982834645669291
11
2.1125984251968504
21
0.4376535433070866
0
LINE
8
BLACK
6
CONTINUOUS
10
2.1125984251968504
20
0.4376535433070866
11
2.1128381889763781
21
0.4388588582677165
0
LINE
8
BLACK
6
CONTINUOUS
10
2.1128381889763781
20
0.4388588582677165
11
2.1135209055118112
21
0.4398806692913386
0
LINE
8
BLACK
6
CONTINUOUS
10
2.1135209055118112
20
0.4398806692913386
11
2.1145427165354329
21
0.4405633858267716
0
LINE
8
BLACK
6
CONTINUOUS
10
2.1145427165354329
20
0.4405633858267716
11
2.1157480314960631
21
0.4408031496062992
0
LINE
8
BLACK
6
CONTINUOUS
10
2.1157480314960631
20
0.4408031496062992
11
2.2653543307086612
21
0.4408031496062992
0
LINE
8
BLACK
6
CONTINUOUS
10
2.2653543307086612
20
0.4408031496062992
11
2.2665596456692914
21
0.4405633858267716
0
LINE
8
BLACK
6
CONTINUOUS
10
2.4830950787401576
20
0.5015870078740158
11
2.4841168897637793
21
0.5009042913385827
0
LINE
8
BLACK
6
CONTINUOUS
10
2.4841168897637793
20
0.5009042913385827
11
2.4847996062992124
21
0.4998824803149606
0
LINE
8
BLACK
6
CONTINUOUS
10
2.4847996062992124
20
0.4998824803149606
11
2.4850393700787401
21
0.4986771653543307
0
LINE
8
BLACK
6
CONTINUOUS
10
2.4850393700787401
20
0.4986771653543307
11
2.4850393700787401
21
0.4376535433070866
0
LINE
8
BLACK
6
CONTINUOUS
10
2.4850393700787401
20
0.4376535433070866
11
2.4850393700787401
21
0.3982834645669291
0
LINE
8
BLACK
6
CONTINUOUS
10
2.4850393700787401
20
0.3982834645669291
11
2.4847996062992124
21
0.3970781496062992
0
LINE
8
BLACK
6
CONTINUOUS
10
2.4847996062992124
20
0.3970781496062992
11
2.4841168897637793
21
0.3960563385826771
0
LINE
8
BLACK
6
CONTINUOUS
10
2.4841168897637793
20
0.3960563385826771
11
2.4830950787401576
21
0.3953736220472441
0
LINE
8
BLACK
6
CONTINUOUS
10
2.4830950787401576
20
0.3953736220472441
11
2.4818897637795274
21
0.3951338582677165
0
LINE
8
BLACK
6
CONTINUOUS
10
2.4818897637795274
20
0.3951338582677165
11
2.44251968503937
21
0.3951338582677165
0
LINE
8
BLACK
6
CONTINUOUS
10
2.44251968503937
20
0.3951338582677165
11
2.351968503937008
21
0.3951338582677165
0
LINE
8
BLACK
6
CONTINUOUS
10
2.351968503937008
20
0.3951338582677165
11
2.3507631889763778
21
0.3953736220472441
0
LINE
8
BLACK
6
CONTINUOUS
10
2.3507631889763778
20
0.3953736220472441
11
2.3497413779527561
21
0.3960563385826771
0
LINE
8
BLACK
6
CONTINUOUS
10
2.3497413779527561
20
0.3960563385826771
11
2.349058661417323
21
0.3970781496062992
0
LINE
8
BLACK
6
CONTINUOUS
10
2.349058661417323
20
0.3970781496062992
11
2.3488188976377953
21
0.3982834645669291
0
LINE
8
BLACK
6
CONTINUOUS
10
2.3488188976377953
20
0.3982834645669291
11
2.3488188976377953
21
0.4376535433070866
0
LINE
8
BLACK
6
CONTINUOUS
10
2.3488188976377953
20
0.4376535433070866
11
2.349058661417323
21
0.4388588582677165
0
LINE
8
BLACK
6
CONTINUOUS
10
2.349058661417323
20
0.4388588582677165
11
2.3497413779527561
21
0.4398806692913386
0
LINE
8
BLACK
6
CONTINUOUS
10
2.3497413779527561
20
0.4398806692913386
11
2.3507631889763778
21
0.4405633858267716
0
LINE
8
BLACK
6
CONTINUOUS
10
2.3507631889763778
20
0.4405633858267716
11
2.351968503937008
21
0.4408031496062992
0
LINE
8
BLACK
6
CONTINUOUS
10
2.351968503937008
20
0.4408031496062992
11
2.4393700787401573
21
0.4408031496062992
0
LINE
8
BLACK
6
CONTINUOUS
10
2.4393700787401573
20
0.4408031496062992
11
2.4393700787401573
21
0.4986771653543307
0
LINE
8
BLACK
6
CONTINUOUS
10
2.4393700787401573
20
0.4986771653543307
11
2.439609842519685
21
0.4998824803149606
0
LINE
8
BLACK
6
CONTINUOUS
10
2.439609842519685
20
0.4998824803149606
11
2.4402925590551181
21
0.5009042913385827
0
LINE
8
BLACK
6
CONTINUOUS
10
2.4402925590551181
20
0.5009042913385827
11
2.4413143700787403
21
0.5015870078740158
0
LINE
8
BLACK
6
CONTINUOUS
10
2.4413143700787403
20
0.5015870078740158
11
2.44251968503937
21
0.5018267716535433
0
LINE
8
BLACK
6
CONTINUOUS
10
2.44251968503937
20
0.5018267716535433
11
2.4818897637795274
21
0.5018267716535433
0
LINE
8
BLACK
6
CONTINUOUS
10
2.4818897637795274
20
0.5018267716535433
11
2.4830950787401576
21
0.5015870078740158
0
LINE
8
BLACK
6
CONTINUOUS
10
2.0249295275590549
20
0.5382502362204724
11
2.0290188976377954
21
0.5363433070866142
0
LINE
8
BLACK
6
CONTINUOUS
10
2.0290188976377954
20
0.5363433070866142
11
2.0322094488188975
21
0.5331527559055118
0
LINE
8
BLACK
6
CONTINUOUS
10
2.0322094488188975
20
0.5331527559055118
11
2.0341163779527558
21
0.5290633858267716
0
LINE
8
BLACK
6
CONTINUOUS
10
2.0341163779527558
20
0.5290633858267716
11
2.0345590551181103
21
0.5257007874015748
0
LINE
8
BLACK
6
CONTINUOUS
10
2.0345590551181103
20
0.5257007874015748
11
2.0345590551181103
21
0.4902677165354331
0
LINE
8
BLACK
6
CONTINUOUS
10
2.0345590551181103
20
0.4902677165354331
11
2.0341163779527558
21
0.4869051181102362
0
LINE
8
BLACK
6
CONTINUOUS
10
2.0341163779527558
20
0.4869051181102362
11
2.0322094488188975
21
0.4828157480314961
0
LINE
8
BLACK
6
CONTINUOUS
10
2.0322094488188975
20
0.4828157480314961
11
2.0290188976377954
21
0.4796251968503937
0
LINE
8
BLACK
6
CONTINUOUS
10
2.0290188976377954
20
0.4796251968503937
11
2.0249295275590549
21
0.4777182677165354
0
LINE
8
BLACK
6
CONTINUOUS
10
2.0249295275590549
20
0.4777182677165354
11
2.0215669291338583
21
0.4772755905511811
0
LINE
8
BLACK
6
CONTINUOUS
10
2.0215669291338583
20
0.4772755905511811
11
2.0008976377952754
21
0.4772755905511811
0
LINE
8
BLACK
6
CONTINUOUS
10
2.0008976377952754
20
0.4772755905511811
11
1.9975350393700786
21
0.4777182677165354
0
LINE
8
BLACK
6
CONTINUOUS
10
1.9975350393700786
20
0.4777182677165354
11
1.9934456692913385
21
0.4796251968503937
0
LINE
8
BLACK
6
CONTINUOUS
10
1.9934456692913385
20
0.4796251968503937
11
1.9902551181102361
21
0.4828157480314961
0
LINE
8
BLACK
6
CONTINUOUS
10
1.9902551181102361
20
0.4828157480314961
11
1.9883481889763779
21
0.4869051181102362
0
LINE
8
BLACK
6
CONTINUOUS
10
1.9883481889763779
20
0.4869051181102362
11
1.9879055118110236
21
0.4902677165354331
0
LINE
8
BLACK
6
CONTINUOUS
10
1.9879055118110236
20
0.4902677165354331
11
1.9879055118110236
21
0.5257007874015748
0
LINE
8
BLACK
6
CONTINUOUS
10
1.9879055118110236
20
0.5257007874015748
11
1.9883481889763779
21
0.5290633858267716
0
LINE
8
BLACK
6
CONTINUOUS
10
1.9883481889763779
20
0.5290633858267716
11
1.9902551181102361
21
0.5331527559055118
0
LINE
8
BLACK
6
CONTINUOUS
10
1.9902551181102361
20
0.5331527559055118
11
1.9934456692913385
21
0.5363433070866142
0
LINE
8
BLACK
6
CONTINUOUS
10
1.9934456692913385
20
0.5363433070866142
11
1.9975350393700786
21
0.5382502362204724
0
LINE
8
BLACK
6
CONTINUOUS
10
1.9975350393700786
20
0.5382502362204724
11
2.0008976377952754
21
0.5386929133858268
0
LINE
8
BLACK
6
CONTINUOUS
10
2.0008976377952754
20
0.5386929133858268
11
2.0215669291338583
21
0.5386929133858268
0
LINE
8
BLACK
6
CONTINUOUS
10
2.0215669291338583
20
0.5386929133858268
11
2.0249295275590549
21
0.5382502362204724
0
LINE
8
BLACK
6
CONTINUOUS
10
2.0967799212598424
20
0.5382502362204724
11
2.1008692913385825
21
0.5363433070866142
0
LINE
8
BLACK
6
CONTINUOUS
10
2.1008692913385825
20
0.5363433070866142
11
2.104059842519685
21
0.5331527559055118
0
LINE
8
BLACK
6
CONTINUOUS
10
2.104059842519685
20
0.5331527559055118
11
2.1059667716535433
21
0.5290633858267716
0
LINE
8
BLACK
6
CONTINUOUS
10
2.1059667716535433
20
0.5290633858267716
11
2.1064094488188978
21
0.5257007874015748
0
LINE
8
BLACK
6
CONTINUOUS
10
2.1064094488188978
20
0.5257007874015748
11
2.1064094488188978
21
0.4902677165354331
0
LINE
8
BLACK
6
CONTINUOUS
10
2.1064094488188978
20
0.4902677165354331
11
2.1059667716535433
21
0.4869051181102362
0
LINE
8
BLACK
6
CONTINUOUS
10
2.1059667716535433
20
0.4869051181102362
11
2.104059842519685
21
0.4828157480314961
0
LINE
8
BLACK
6
CONTINUOUS
10
2.104059842519685
20
0.4828157480314961
11
2.1008692913385825
21
0.4796251968503937
0
LINE
8
BLACK
6
CONTINUOUS
10
2.1008692913385825
20
0.4796251968503937
11
2.0967799212598424
21
0.4777182677165354
0
LINE
8
BLACK
6
CONTINUOUS
10
2.0967799212598424
20
0.4777182677165354
11
2.0934173228346458
21
0.4772755905511811
0
LINE
8
BLACK
6
CONTINUOUS
10
2.0934173228346458
20
0.4772755905511811
11
2.0727480314960629
21
0.4772755905511811
0
LINE
8
BLACK
6
CONTINUOUS
10
2.0727480314960629
20
0.4772755905511811
11
2.0693854330708663
21
0.4777182677165354
0
LINE
8
BLACK
6
CONTINUOUS
10
2.0693854330708663
20
0.4777182677165354
11
2.0652960629921258
21
0.4796251968503937
0
LINE
8
BLACK
6
CONTINUOUS
10
2.0652960629921258
20
0.4796251968503937
11
2.0621055118110236
21
0.4828157480314961
0
LINE
8
BLACK
6
CONTINUOUS
10
2.0621055118110236
20
0.4828157480314961
11
2.0601985826771654
21
0.4869051181102362
0
LINE
8
BLACK
6
CONTINUOUS
10
2.0601985826771654
20
0.4869051181102362
11
2.0597559055118109
21
0.4902677165354331
0
LINE
8
BLACK
6
CONTINUOUS
10
2.0597559055118109
20
0.4902677165354331
11
2.0597559055118109
21
0.5257007874015748
0
LINE
8
BLACK
6
CONTINUOUS
10
2.0597559055118109
20
0.5257007874015748
11
2.0601985826771654
21
0.5290633858267716
0
LINE
8
BLACK
6
CONTINUOUS
10
2.0601985826771654
20
0.5290633858267716
11
2.0621055118110236
21
0.5331527559055118
0
LINE
8
BLACK
6
CONTINUOUS
10
2.0621055118110236
20
0.5331527559055118
11
2.0652960629921258
21
0.5363433070866142
0
LINE
8
BLACK
6
CONTINUOUS
10
2.0652960629921258
20
0.5363433070866142
11
2.0693854330708663
21
0.5382502362204724
0
LINE
8
BLACK
6
CONTINUOUS
10
2.0693854330708663
20
0.5382502362204724
11
2.0727480314960629
21
0.5386929133858268
0
LINE
8
BLACK
6
CONTINUOUS
10
2.0727480314960629
20
0.5386929133858268
11
2.0934173228346458
21
0.5386929133858268
0
LINE
8
BLACK
6
CONTINUOUS
10
2.0934173228346458
20
0.5386929133858268
11
2.0967799212598424
21
0.5382502362204724
0
LINE
8
BLACK
6
CONTINUOUS
10
2.1872523622047244
20
0.5401006299212598
11
2.1913417322834645
21
0.5381937007874016
0
LINE
8
BLACK
6
CONTINUOUS
10
2.1913417322834645
20
0.5381937007874016
11
2.1945322834645671
21
0.5350031496062992
0
LINE
8
BLACK
6
CONTINUOUS
10
2.1945322834645671
20
0.5350031496062992
11
2.1964392125984253
21
0.530913779527559
0
LINE
8
BLACK
6
CONTINUOUS
10
2.1964392125984253
20
0.530913779527559
11
2.1968818897637794
21
0.5275511811023622
0
LINE
8
BLACK
6
CONTINUOUS
10
2.1968818897637794
20
0.5275511811023622
11
2.1968818897637794
21
0.4921181102362205
0
LINE
8
BLACK
6
CONTINUOUS
10
2.1968818897637794
20
0.4921181102362205
11
2.1964392125984253
21
0.4887555118110236
0
LINE
8
BLACK
6
CONTINUOUS
10
2.1964392125984253
20
0.4887555118110236
11
2.1945322834645671
21
0.4846661417322835
0
LINE
8
BLACK
6
CONTINUOUS
10
2.1945322834645671
20
0.4846661417322835
11
2.1913417322834645
21
0.4814755905511811
0
LINE
8
BLACK
6
CONTINUOUS
10
2.1913417322834645
20
0.4814755905511811
11
2.1872523622047244
21
0.4795686614173229
0
LINE
8
BLACK
6
CONTINUOUS
10
2.1872523622047244
20
0.4795686614173229
11
2.1838897637795274
21
0.4791259842519685
0
LINE
8
BLACK
6
CONTINUOUS
10
2.1838897637795274
20
0.4791259842519685
11
2.1504251968503936
21
0.4791259842519685
0
LINE
8
BLACK
6
CONTINUOUS
10
2.1504251968503936
20
0.4791259842519685
11
2.147062598425197
21
0.4795686614173229
0
LINE
8
BLACK
6
CONTINUOUS
10
2.147062598425197
20
0.4795686614173229
11
2.1429732283464564
21
0.4814755905511811
0
LINE
8
BLACK
6
CONTINUOUS
10
2.1429732283464564
20
0.4814755905511811
11
2.1397826771653543
21
0.4846661417322835
0
LINE
8
BLACK
6
CONTINUOUS
10
2.1397826771653543
20
0.4846661417322835
11
2.137875748031496
21
0.4887555118110236
0
LINE
8
BLACK
6
CONTINUOUS
10
2.137875748031496
20
0.4887555118110236
11
2.1374330708661415
21
0.4921181102362205
0
LINE
8
BLACK
6
CONTINUOUS
10
2.1374330708661415
20
0.4921181102362205
11
2.1374330708661415
21
0.5275511811023622
0
LINE
8
BLACK
6
CONTINUOUS
10
2.1374330708661415
20
0.5275511811023622
11
2.137875748031496
21
0.530913779527559
0
LINE
8
BLACK
6
CONTINUOUS
10
2.137875748031496
20
0.530913779527559
11
2.1397826771653543
21
0.5350031496062992
0
LINE
8
BLACK
6
CONTINUOUS
10
2.1397826771653543
20
0.5350031496062992
11
2.1429732283464564
21
0.5381937007874016
0
LINE
8
BLACK
6
CONTINUOUS
10
2.1429732283464564
20
0.5381937007874016
11
2.147062598425197
21
0.5401006299212598
0
LINE
8
BLACK
6
CONTINUOUS
10
2.147062598425197
20
0.5401006299212598
11
2.1504251968503936
21
0.5405433070866141
0
LINE
8
BLACK
6
CONTINUOUS
10
2.1504251968503936
20
0.5405433070866141
11
2.1838897637795274
21
0.5405433070866141
0
LINE
8
BLACK
6
CONTINUOUS
10
2.1838897637795274
20
0.5405433070866141
11
2.1872523622047244
21
0.5401006299212598
0
LINE
8
BLACK
6
CONTINUOUS
10
1.9509374015748031
20
0.5411006299212598
11
1.9550267716535432
21
0.5391937007874016
0
LINE
8
BLACK
6
CONTINUOUS
10
1.9550267716535432
20
0.5391937007874016
11
1.9582173228346456
21
0.5360031496062992
0
LINE
8
BLACK
6
CONTINUOUS
10
1.9582173228346456
20
0.5360031496062992
11
1.9601242519685038
21
0.531913779527559
0
LINE
8
BLACK
6
CONTINUOUS
10
1.9601242519685038
20
0.531913779527559
11
1.9605669291338583
21
0.5285511811023622
0
LINE
8
BLACK
6
CONTINUOUS
10
1.9605669291338583
20
0.5285511811023622
11
1.9605669291338583
21
0.4931181102362205
0
LINE
8
BLACK
6
CONTINUOUS
10
1.9605669291338583
20
0.4931181102362205
11
1.9601242519685038
21
0.4897555118110236
0
LINE
8
BLACK
6
CONTINUOUS
10
1.9601242519685038
20
0.4897555118110236
11
1.9582173228346456
21
0.4856661417322835
0
LINE
8
BLACK
6
CONTINUOUS
10
1.9582173228346456
20
0.4856661417322835
11
1.9550267716535432
21
0.4824755905511811
0
LINE
8
BLACK
6
CONTINUOUS
10
1.9550267716535432
20
0.4824755905511811
11
1.9509374015748031
21
0.4805686614173229
0
LINE
8
BLACK
6
CONTINUOUS
10
1.9509374015748031
20
0.4805686614173229
11
1.9475748031496063
21
0.4801259842519685
0
LINE
8
BLACK
6
CONTINUOUS
10
1.9475748031496063
20
0.4801259842519685
11
1.9141102362204725
21
0.4801259842519685
0
LINE
8
BLACK
6
CONTINUOUS
10
1.9141102362204725
20
0.4801259842519685
11
1.9107476377952755
21
0.4805686614173229
0
LINE
8
BLACK
6
CONTINUOUS
10
1.9107476377952755
20
0.4805686614173229
11
1.9066582677165353
21
0.4824755905511811
0
LINE
8
BLACK
6
CONTINUOUS
10
1.9066582677165353
20
0.4824755905511811
11
1.903467716535433
21
0.4856661417322835
0
LINE
8
BLACK
6
CONTINUOUS
10
1.903467716535433
20
0.4856661417322835
11
1.9015607874015747
21
0.4897555118110236
0
LINE
8
BLACK
6
CONTINUOUS
10
1.9015607874015747
20
0.4897555118110236
11
1.9011181102362205
21
0.4931181102362205
0
LINE
8
BLACK
6
CONTINUOUS
10
1.9011181102362205
20
0.4931181102362205
11
1.9011181102362205
21
0.5285511811023622
0
LINE
8
BLACK
6
CONTINUOUS
10
1.9011181102362205
20
0.5285511811023622
11
1.9015607874015747
21
0.531913779527559
0
LINE
8
BLACK
6
CONTINUOUS
10
1.9015607874015747
20
0.531913779527559
11
1.903467716535433
21
0.5360031496062992
0
LINE
8
BLACK
6
CONTINUOUS
10
1.903467716535433
20
0.5360031496062992
11
1.9066582677165353
21
0.5391937007874016
0
LINE
8
BLACK
6
CONTINUOUS
10
1.9066582677165353
20
0.5391937007874016
11
1.9107476377952755
21
0.5411006299212598
0
LINE
8
BLACK
6
CONTINUOUS
10
1.9107476377952755
20
0.5411006299212598
11
1.9141102362204725
21
0.5415433070866141
0
LINE
8
BLACK
6
CONTINUOUS
10
1.9141102362204725
20
0.5415433070866141
11
1.9475748031496063
21
0.5415433070866141
0
LINE
8
BLACK
6
CONTINUOUS
10
1.9475748031496063
20
0.5415433070866141
11
1.9509374015748031
21
0.5411006299212598
0
LINE
8
BLACK
6
CONTINUOUS
10
1.7896145669291339
20
0.5432502362204724
11
1.793703937007874
21
0.5413433070866142
0
LINE
8
BLACK
6
CONTINUOUS
10
1.793703937007874
20
0.5413433070866142
11
1.7968944881889763
21
0.5381527559055118
0
LINE
8
BLACK
6
CONTINUOUS
10
1.7968944881889763
20
0.5381527559055118
11
1.7988014173228346
21
0.5340633858267716
0
LINE
8
BLACK
6
CONTINUOUS
10
1.7988014173228346
20
0.5340633858267716
11
1.7992440944881889
21
0.5307007874015748
0
LINE
8
BLACK
6
CONTINUOUS
10
1.7992440944881889
20
0.5307007874015748
11
1.7992440944881889
21
0.4952677165354331
0
LINE
8
BLACK
6
CONTINUOUS
10
1.7992440944881889
20
0.4952677165354331
11
1.7988014173228346
21
0.4919051181102362
0
LINE
8
BLACK
6
CONTINUOUS
10
1.7988014173228346
20
0.4919051181102362
11
1.7968944881889763
21
0.4878157480314961
0
LINE
8
BLACK
6
CONTINUOUS
10
1.7968944881889763
20
0.4878157480314961
11
1.793703937007874
21
0.4846251968503937
0
LINE
8
BLACK
6
CONTINUOUS
10
1.793703937007874
20
0.4846251968503937
11
1.7896145669291339
21
0.4827182677165354
0
LINE
8
BLACK
6
CONTINUOUS
10
1.7896145669291339
20
0.4827182677165354
11
1.7862519685039369
21
0.4822755905511811
0
LINE
8
BLACK
6
CONTINUOUS
10
1.7862519685039369
20
0.4822755905511811
11
1.7655826771653542
21
0.4822755905511811
0
LINE
8
BLACK
6
CONTINUOUS
10
1.7655826771653542
20
0.4822755905511811
11
1.7622200787401574
21
0.4827182677165354
0
LINE
8
BLACK
6
CONTINUOUS
10
1.7622200787401574
20
0.4827182677165354
11
1.7581307086614173
21
0.4846251968503937
0
LINE
8
BLACK
6
CONTINUOUS
10
1.7581307086614173
20
0.4846251968503937
11
1.754940157480315
21
0.4878157480314961
0
LINE
8
BLACK
6
CONTINUOUS
10
1.754940157480315
20
0.4878157480314961
11
1.7530332283464567
21
0.4919051181102362
0
LINE
8
BLACK
6
CONTINUOUS
10
1.7530332283464567
20
0.4919051181102362
11
1.7525905511811024
21
0.4952677165354331
0
LINE
8
BLACK
6
CONTINUOUS
10
1.7525905511811024
20
0.4952677165354331
11
1.7525905511811024
21
0.5307007874015748
0
LINE
8
BLACK
6
CONTINUOUS
10
1.7525905511811024
20
0.5307007874015748
11
1.7530332283464567
21
0.5340633858267716
0
LINE
8
BLACK
6
CONTINUOUS
10
1.7530332283464567
20
0.5340633858267716
11
1.754940157480315
21
0.5381527559055118
0
LINE
8
BLACK
6
CONTINUOUS
10
1.754940157480315
20
0.5381527559055118
11
1.7581307086614173
21
0.5413433070866142
0
LINE
8
BLACK
6
CONTINUOUS
10
1.7581307086614173
20
0.5413433070866142
11
1.7622200787401574
21
0.5432502362204724
0
LINE
8
BLACK
6
CONTINUOUS
10
1.7622200787401574
20
0.5432502362204724
11
1.7655826771653542
21
0.5436929133858267
0
LINE
8
BLACK
6
CONTINUOUS
10
1.7655826771653542
20
0.5436929133858267
11
1.7862519685039369
21
0.5436929133858267
0
LINE
8
BLACK
6
CONTINUOUS
10
1.7862519685039369
20
0.5436929133858267
11
1.7896145669291339
21
0.5432502362204724
0
LINE
8
BLACK
6
CONTINUOUS
10
1.8614649606299212
20
0.5432502362204724
11
1.8655543307086613
21
0.5413433070866142
0
LINE
8
BLACK
6
CONTINUOUS
10
1.8655543307086613
20
0.5413433070866142
11
1.8687448818897638
21
0.5381527559055118
0
LINE
8
BLACK
6
CONTINUOUS
10
1.8687448818897638
20
0.5381527559055118
11
1.8706518110236221
21
0.5340633858267716
0
LINE
8
BLACK
6
CONTINUOUS
10
1.8706518110236221
20
0.5340633858267716
11
1.8710944881889764
21
0.5307007874015748
0
LINE
8
BLACK
6
CONTINUOUS
10
1.8710944881889764
20
0.5307007874015748
11
1.8710944881889764
21
0.4952677165354331
0
LINE
8
BLACK
6
CONTINUOUS
10
1.8710944881889764
20
0.4952677165354331
11
1.8706518110236221
21
0.4919051181102362
0
LINE
8
BLACK
6
CONTINUOUS
10
1.8706518110236221
20
0.4919051181102362
11
1.8687448818897638
21
0.4878157480314961
0
LINE
8
BLACK
6
CONTINUOUS
10
1.8687448818897638
20
0.4878157480314961
11
1.8655543307086613
21
0.4846251968503937
0
LINE
8
BLACK
6
CONTINUOUS
10
1.8655543307086613
20
0.4846251968503937
11
1.8614649606299212
21
0.4827182677165354
0
LINE
8
BLACK
6
CONTINUOUS
10
1.8614649606299212
20
0.4827182677165354
11
1.8581023622047244
21
0.4822755905511811
0
LINE
8
BLACK
6
CONTINUOUS
10
1.8581023622047244
20
0.4822755905511811
11
1.8374330708661417
21
0.4822755905511811
0
LINE
8
BLACK
6
CONTINUOUS
10
1.8374330708661417
20
0.4822755905511811
11
1.8340704724409449
21
0.4827182677165354
0
LINE
8
BLACK
6
CONTINUOUS
10
1.8340704724409449
20
0.4827182677165354
11
1.8299811023622048
21
0.4846251968503937
0
LINE
8
BLACK
6
CONTINUOUS
10
1.8299811023622048
20
0.4846251968503937
11
1.8267905511811022
21
0.4878157480314961
0
LINE
8
BLACK
6
CONTINUOUS
10
1.8267905511811022
20
0.4878157480314961
11
1.824883622047244
21
0.4919051181102362
0
LINE
8
BLACK
6
CONTINUOUS
10
1.824883622047244
20
0.4919051181102362
11
1.8244409448818897
21
0.4952677165354331
0
LINE
8
BLACK
6
CONTINUOUS
10
1.8244409448818897
20
0.4952677165354331
11
1.8244409448818897
21
0.5307007874015748
0
LINE
8
BLACK
6
CONTINUOUS
10
1.8244409448818897
20
0.5307007874015748
11
1.824883622047244
21
0.5340633858267716
0
LINE
8
BLACK
6
CONTINUOUS
10
1.824883622047244
20
0.5340633858267716
11
1.8267905511811022
21
0.5381527559055118
0
LINE
8
BLACK
6
CONTINUOUS
10
1.8267905511811022
20
0.5381527559055118
11
1.8299811023622048
21
0.5413433070866142
0
LINE
8
BLACK
6
CONTINUOUS
10
1.8299811023622048
20
0.5413433070866142
11
1.8340704724409449
21
0.5432502362204724
0
LINE
8
BLACK
6
CONTINUOUS
10
1.8340704724409449
20
0.5432502362204724
11
1.8374330708661417
21
0.5436929133858267
0
LINE
8
BLACK
6
CONTINUOUS
10
1.8374330708661417
20
0.5436929133858267
11
1.8581023622047244
21
0.5436929133858267
0
LINE
8
BLACK
6
CONTINUOUS
10
1.8581023622047244
20
0.5436929133858267
11
1.8614649606299212
21
0.5432502362204724
0
LINE
8
BLACK
6
CONTINUOUS
10
2.284220866141732
20
0.5279746456692913
11
2.2883102362204726
21
0.526067716535433
0
LINE
8
BLACK
6
CONTINUOUS
10
2.2883102362204726
20
0.526067716535433
11
2.2915007874015747
21
0.5228771653543307
0
LINE
8
BLACK
6
CONTINUOUS
10
2.2915007874015747
20
0.5228771653543307
11
2.293407716535433
21
0.5187877952755905
0
LINE
8
BLACK
6
CONTINUOUS
10
2.293407716535433
20
0.5187877952755905
11
2.2938503937007875
21
0.5154251968503937
0
LINE
8
BLACK
6
CONTINUOUS
10
2.2938503937007875
20
0.5154251968503937
11
2.2938503937007875
21
0.495740157480315
0
LINE
8
BLACK
6
CONTINUOUS
10
2.2938503937007875
20
0.495740157480315
11
2.293407716535433
21
0.4923775590551181
0
LINE
8
BLACK
6
CONTINUOUS
10
2.293407716535433
20
0.4923775590551181
11
2.2915007874015747
21
0.4882881889763779
0
LINE
8
BLACK
6
CONTINUOUS
10
2.2915007874015747
20
0.4882881889763779
11
2.2883102362204726
21
0.4850976377952756
0
LINE
8
BLACK
6
CONTINUOUS
10
2.2883102362204726
20
0.4850976377952756
11
2.284220866141732
21
0.4831907086614173
0
LINE
8
BLACK
6
CONTINUOUS
10
2.284220866141732
20
0.4831907086614173
11
2.2808582677165354
21
0.482748031496063
0
LINE
8
BLACK
6
CONTINUOUS
10
2.2808582677165354
20
0.482748031496063
11
2.2434566929133859
21
0.482748031496063
0
LINE
8
BLACK
6
CONTINUOUS
10
2.2434566929133859
20
0.482748031496063
11
2.2400940944881889
21
0.4831907086614173
0
LINE
8
BLACK
6
CONTINUOUS
10
2.2400940944881889
20
0.4831907086614173
11
2.2360047244094488
21
0.4850976377952756
0
LINE
8
BLACK
6
CONTINUOUS
10
2.2360047244094488
20
0.4850976377952756
11
2.2328141732283462
21
0.4882881889763779
0
LINE
8
BLACK
6
CONTINUOUS
10
2.2328141732283462
20
0.4882881889763779
11
2.2309072440944879
21
0.4923775590551181
0
LINE
8
BLACK
6
CONTINUOUS
10
2.2309072440944879
20
0.4923775590551181
11
2.2304645669291339
21
0.495740157480315
0
LINE
8
BLACK
6
CONTINUOUS
10
2.2304645669291339
20
0.495740157480315
11
2.2304645669291339
21
0.5154251968503937
0
LINE
8
BLACK
6
CONTINUOUS
10
2.2304645669291339
20
0.5154251968503937
11
2.2309072440944879
21
0.5187877952755905
0
LINE
8
BLACK
6
CONTINUOUS
10
2.2309072440944879
20
0.5187877952755905
11
2.2328141732283462
21
0.5228771653543307
0
LINE
8
BLACK
6
CONTINUOUS
10
2.2328141732283462
20
0.5228771653543307
11
2.2360047244094488
21
0.526067716535433
0
LINE
8
BLACK
6
CONTINUOUS
10
2.2360047244094488
20
0.526067716535433
11
2.2400940944881889
21
0.5279746456692913
0
LINE
8
BLACK
6
CONTINUOUS
10
2.2400940944881889
20
0.5279746456692913
11
2.2434566929133859
21
0.5284173228346457
0
LINE
8
BLACK
6
CONTINUOUS
10
2.2434566929133859
20
0.5284173228346457
11
2.2808582677165354
21
0.5284173228346457
0
LINE
8
BLACK
6
CONTINUOUS
10
2.2808582677165354
20
0.5284173228346457
11
2.284220866141732
21
0.5279746456692913
0
LINE
8
BLACK
6
CONTINUOUS
10
2.3732366141732282
20
0.5299431496062992
11
2.3773259842519683
21
0.5280362204724409
0
LINE
8
BLACK
6
CONTINUOUS
10
2.3773259842519683
20
0.5280362204724409
11
2.3805165354330708
21
0.5248456692913386
0
LINE
8
BLACK
6
CONTINUOUS
10
2.3805165354330708
20
0.5248456692913386
11
2.3824234645669291
21
0.5207562992125984
0
LINE
8
BLACK
6
CONTINUOUS
10
2.3824234645669291
20
0.5207562992125984
11
2.3828661417322836
21
0.5173937007874015
0
LINE
8
BLACK
6
CONTINUOUS
10
2.3828661417322836
20
0.5173937007874015
11
2.3828661417322836
21
0.4967244094488189
0
LINE
8
BLACK
6
CONTINUOUS
10
2.3828661417322836
20
0.4967244094488189
11
2.3824234645669291
21
0.493361811023622
0
LINE
8
BLACK
6
CONTINUOUS
10
2.3824234645669291
20
0.493361811023622
11
2.3805165354330708
21
0.4892724409448819
0
LINE
8
BLACK
6
CONTINUOUS
10
2.3805165354330708
20
0.4892724409448819
11
2.3773259842519683
21
0.4860818897637795
0
LINE
8
BLACK
6
CONTINUOUS
10
2.3773259842519683
20
0.4860818897637795
11
2.3732366141732282
21
0.4841749606299213
0
LINE
8
BLACK
6
CONTINUOUS
10
2.3732366141732282
20
0.4841749606299213
11
2.3698740157480316
21
0.4837322834645669
0
LINE
8
BLACK
6
CONTINUOUS
10
2.3698740157480316
20
0.4837322834645669
11
2.3344409448818899
21
0.4837322834645669
0
LINE
8
BLACK
6
CONTINUOUS
10
2.3344409448818899
20
0.4837322834645669
11
2.3310783464566929
21
0.4841749606299213
0
LINE
8
BLACK
6
CONTINUOUS
10
2.3310783464566929
20
0.4841749606299213
11
2.3269889763779528
21
0.4860818897637795
0
LINE
8
BLACK
6
CONTINUOUS
10
2.3269889763779528
20
0.4860818897637795
11
2.3237984251968502
21
0.4892724409448819
0
LINE
8
BLACK
6
CONTINUOUS
10
2.3237984251968502
20
0.4892724409448819
11
2.3218914960629919
21
0.493361811023622
0
LINE
8
BLACK
6
CONTINUOUS
10
2.3218914960629919
20
0.493361811023622
11
2.3214488188976379
21
0.4967244094488189
0
LINE
8
BLACK
6
CONTINUOUS
10
2.3214488188976379
20
0.4967244094488189
11
2.3214488188976379
21
0.5173937007874015
0
LINE
8
BLACK
6
CONTINUOUS
10
2.3214488188976379
20
0.5173937007874015
11
2.3218914960629919
21
0.5207562992125984
0
LINE
8
BLACK
6
CONTINUOUS
10
2.3218914960629919
20
0.5207562992125984
11
2.3237984251968502
21
0.5248456692913386
0
LINE
8
BLACK
6
CONTINUOUS
10
2.3237984251968502
20
0.5248456692913386
11
2.3269889763779528
21
0.5280362204724409
0
LINE
8
BLACK
6
CONTINUOUS
10
2.3269889763779528
20
0.5280362204724409
11
2.3310783464566929
21
0.5299431496062992
0
LINE
8
BLACK
6
CONTINUOUS
10
2.3310783464566929
20
0.5299431496062992
11
2.3344409448818899
21
0.5303858267716536
0
LINE
8
BLACK
6
CONTINUOUS
10
2.3344409448818899
20
0.5303858267716536
11
2.3698740157480316
21
0.5303858267716536
0
LINE
8
BLACK
6
CONTINUOUS
10
2.3698740157480316
20
0.5303858267716536
11
2.3732366141732282
21
0.5299431496062992
0
LINE
8
BLACK
6
CONTINUOUS
10
1.7072208661417323
20
0.5329746456692913
11
1.7113102362204724
21
0.5310677165354331
0
LINE
8
BLACK
6
CONTINUOUS
10
1.7113102362204724
20
0.5310677165354331
11
1.7145007874015747
21
0.5278771653543307
0
LINE
8
BLACK
6
CONTINUOUS
10
1.7145007874015747
20
0.5278771653543307
11
1.716407716535433
21
0.5237877952755905
0
LINE
8
BLACK
6
CONTINUOUS
10
1.716407716535433
20
0.5237877952755905
11
1.7168503937007873
21
0.5204251968503937
0
LINE
8
BLACK
6
CONTINUOUS
10
1.7168503937007873
20
0.5204251968503937
11
1.7168503937007873
21
0.500740157480315
0
LINE
8
BLACK
6
CONTINUOUS
10
1.7168503937007873
20
0.500740157480315
11
1.716407716535433
21
0.4973775590551181
0
LINE
8
BLACK
6
CONTINUOUS
10
1.716407716535433
20
0.4973775590551181
11
1.7145007874015747
21
0.4932881889763779
0
LINE
8
BLACK
6
CONTINUOUS
10
1.7145007874015747
20
0.4932881889763779
11
1.7113102362204724
21
0.4900976377952756
0
LINE
8
BLACK
6
CONTINUOUS
10
1.7113102362204724
20
0.4900976377952756
11
1.7072208661417323
21
0.4881907086614173
0
LINE
8
BLACK
6
CONTINUOUS
10
1.7072208661417323
20
0.4881907086614173
11
1.7038582677165355
21
0.487748031496063
0
LINE
8
BLACK
6
CONTINUOUS
10
1.7038582677165355
20
0.487748031496063
11
1.6664566929133857
21
0.487748031496063
0
LINE
8
BLACK
6
CONTINUOUS
10
1.6664566929133857
20
0.487748031496063
11
1.6630940944881889
21
0.4881907086614173
0
LINE
8
BLACK
6
CONTINUOUS
10
1.6630940944881889
20
0.4881907086614173
11
1.6590047244094488
21
0.4900976377952756
0
LINE
8
BLACK
6
CONTINUOUS
10
1.6590047244094488
20
0.4900976377952756
11
1.6558141732283465
21
0.4932881889763779
0
LINE
8
BLACK
6
CONTINUOUS
10
1.6558141732283465
20
0.4932881889763779
11
1.6539072440944882
21
0.4973775590551181
0
LINE
8
BLACK
6
CONTINUOUS
10
1.6539072440944882
20
0.4973775590551181
11
1.6534645669291339
21
0.500740157480315
0
LINE
8
BLACK
6
CONTINUOUS
10
1.6534645669291339
20
0.500740157480315
11
1.6534645669291339
21
0.5204251968503937
0
LINE
8
BLACK
6
CONTINUOUS
10
1.6534645669291339
20
0.5204251968503937
11
1.6539072440944882
21
0.5237877952755905
0
LINE
8
BLACK
6
CONTINUOUS
10
1.6539072440944882
20
0.5237877952755905
11
1.6558141732283465
21
0.5278771653543307
0
LINE
8
BLACK
6
CONTINUOUS
10
1.6558141732283465
20
0.5278771653543307
11
1.6590047244094488
21
0.5310677165354331
0
LINE
8
BLACK
6
CONTINUOUS
10
1.6590047244094488
20
0.5310677165354331
11
1.6630940944881889
21
0.5329746456692913
0
LINE
8
BLACK
6
CONTINUOUS
10
1.6630940944881889
20
0.5329746456692913
11
1.6664566929133857
21
0.5334173228346456
0
LINE
8
BLACK
6
CONTINUOUS
10
1.6664566929133857
20
0.5334173228346456
11
1.7038582677165355
21
0.5334173228346456
0
LINE
8
BLACK
6
CONTINUOUS
10
1.7038582677165355
20
0.5334173228346456
11
1.7072208661417323
21
0.5329746456692913
0
LINE
8
BLACK
6
CONTINUOUS
10
1.0317720472440945
20
0.5502659842519685
11
1.0358614173228347
21
0.5483590551181102
0
LINE
8
BLACK
6
CONTINUOUS
10
1.0358614173228347
20
0.5483590551181102
11
1.039051968503937
21
0.5451685039370079
0
LINE
8
BLACK
6
CONTINUOUS
10
1.039051968503937
20
0.5451685039370079
11
1.0409588976377953
21
0.5410791338582677
0
LINE
8
BLACK
6
CONTINUOUS
10
1.0409588976377953
20
0.5410791338582677
11
1.0414015748031495
21
0.5377165354330709
0
LINE
8
BLACK
6
CONTINUOUS
10
1.0414015748031495
20
0.5377165354330709
11
1.0414015748031495
21
0.5022834645669291
0
LINE
8
BLACK
6
CONTINUOUS
10
1.0414015748031495
20
0.5022834645669291
11
1.0409588976377953
21
0.4989208661417323
0
LINE
8
BLACK
6
CONTINUOUS
10
1.0409588976377953
20
0.4989208661417323
11
1.039051968503937
21
0.4948314960629921
0
LINE
8
BLACK
6
CONTINUOUS
10
1.039051968503937
20
0.4948314960629921
11
1.0358614173228347
21
0.4916409448818898
0
LINE
8
BLACK
6
CONTINUOUS
10
1.0358614173228347
20
0.4916409448818898
11
1.0317720472440945
21
0.4897340157480315
0
LINE
8
BLACK
6
CONTINUOUS
10
1.0317720472440945
20
0.4897340157480315
11
1.0284094488188975
21
0.4892913385826771
0
LINE
8
BLACK
6
CONTINUOUS
10
1.0284094488188975
20
0.4892913385826771
11
1.0077401574803149
21
0.4892913385826771
0
LINE
8
BLACK
6
CONTINUOUS
10
1.0077401574803149
20
0.4892913385826771
11
1.0043775590551181
21
0.4897340157480315
0
LINE
8
BLACK
6
CONTINUOUS
10
1.0043775590551181
20
0.4897340157480315
11
1.0002881889763779
21
0.4916409448818898
0
LINE
8
BLACK
6
CONTINUOUS
10
1.0002881889763779
20
0.4916409448818898
11
0.9970976377952756
21
0.4948314960629921
0
LINE
8
BLACK
6
CONTINUOUS
10
0.9970976377952756
20
0.4948314960629921
11
0.9951907086614173
21
0.4989208661417323
0
LINE
8
BLACK
6
CONTINUOUS
10
0.9951907086614173
20
0.4989208661417323
11
0.9947480314960629
21
0.5022834645669291
0
LINE
8
BLACK
6
CONTINUOUS
10
0.9947480314960629
20
0.5022834645669291
11
0.9947480314960629
21
0.5377165354330709
0
LINE
8
BLACK
6
CONTINUOUS
10
0.9947480314960629
20
0.5377165354330709
11
0.9951907086614173
21
0.5410791338582677
0
LINE
8
BLACK
6
CONTINUOUS
10
0.9951907086614173
20
0.5410791338582677
11
0.9970976377952756
21
0.5451685039370079
0
LINE
8
BLACK
6
CONTINUOUS
10
0.9970976377952756
20
0.5451685039370079
11
1.0002881889763779
21
0.5483590551181102
0
LINE
8
BLACK
6
CONTINUOUS
10
1.0002881889763779
20
0.5483590551181102
11
1.0043775590551181
21
0.5502659842519685
0
LINE
8
BLACK
6
CONTINUOUS
10
1.0043775590551181
20
0.5502659842519685
11
1.0077401574803149
21
0.5507086614173228
0
LINE
8
BLACK
6
CONTINUOUS
10
1.0077401574803149
20
0.5507086614173228
11
1.0284094488188975
21
0.5507086614173228
0
LINE
8
BLACK
6
CONTINUOUS
10
1.0284094488188975
20
0.5507086614173228
11
1.0317720472440945
21
0.5502659842519685
0
LINE
8
BLACK
6
CONTINUOUS
10
1.1036224409448818
20
0.5502659842519685
11
1.1077118110236219
21
0.5483590551181102
0
LINE
8
BLACK
6
CONTINUOUS
10
1.1077118110236219
20
0.5483590551181102
11
1.1109023622047245
21
0.5451685039370079
0
LINE
8
BLACK
6
CONTINUOUS
10
1.1109023622047245
20
0.5451685039370079
11
1.1128092913385828
21
0.5410791338582677
0
LINE
8
BLACK
6
CONTINUOUS
10
1.1128092913385828
20
0.5410791338582677
11
1.113251968503937
21
0.5377165354330709
0
LINE
8
BLACK
6
CONTINUOUS
10
1.113251968503937
20
0.5377165354330709
11
1.113251968503937
21
0.5022834645669291
0
LINE
8
BLACK
6
CONTINUOUS
10
1.113251968503937
20
0.5022834645669291
11
1.1128092913385828
21
0.4989208661417323
0
LINE
8
BLACK
6
CONTINUOUS
10
1.1128092913385828
20
0.4989208661417323
11
1.1109023622047245
21
0.4948314960629921
0
LINE
8
BLACK
6
CONTINUOUS
10
1.1109023622047245
20
0.4948314960629921
11
1.1077118110236219
21
0.4916409448818898
0
LINE
8
BLACK
6
CONTINUOUS
10
1.1077118110236219
20
0.4916409448818898
11
1.1036224409448818
21
0.4897340157480315
0
LINE
8
BLACK
6
CONTINUOUS
10
1.1036224409448818
20
0.4897340157480315
11
1.100259842519685
21
0.4892913385826771
0
LINE
8
BLACK
6
CONTINUOUS
10
1.100259842519685
20
0.4892913385826771
11
1.0795905511811024
21
0.4892913385826771
0
LINE
8
BLACK
6
CONTINUOUS
10
1.0795905511811024
20
0.4892913385826771
11
1.0762279527559055
21
0.4897340157480315
0
LINE
8
BLACK
6
CONTINUOUS
10
1.0762279527559055
20
0.4897340157480315
11
1.0721385826771652
21
0.4916409448818898
0
LINE
8
BLACK
6
CONTINUOUS
10
1.0721385826771652
20
0.4916409448818898
11
1.0689480314960629
21
0.4948314960629921
0
LINE
8
BLACK
6
CONTINUOUS
10
1.0689480314960629
20
0.4948314960629921
11
1.0670411023622046
21
0.4989208661417323
0
LINE
8
BLACK
6
CONTINUOUS
10
1.0670411023622046
20
0.4989208661417323
11
1.0665984251968503
21
0.5022834645669291
0
LINE
8
BLACK
6
CONTINUOUS
10
1.0665984251968503
20
0.5022834645669291
11
1.0665984251968503
21
0.5377165354330709
0
LINE
8
BLACK
6
CONTINUOUS
10
1.0665984251968503
20
0.5377165354330709
11
1.0670411023622046
21
0.5410791338582677
0
LINE
8
BLACK
6
CONTINUOUS
10
1.0670411023622046
20
0.5410791338582677
11
1.0689480314960629
21
0.5451685039370079
0
LINE
8
BLACK
6
CONTINUOUS
10
1.0689480314960629
20
0.5451685039370079
11
1.0721385826771652
21
0.5483590551181102
0
LINE
8
BLACK
6
CONTINUOUS
10
1.0721385826771652
20
0.5483590551181102
11
1.0762279527559055
21
0.5502659842519685
0
LINE
8
BLACK
6
CONTINUOUS
10
1.0762279527559055
20
0.5502659842519685
11
1.0795905511811024
21
0.5507086614173228
0
LINE
8
BLACK
6
CONTINUOUS
10
1.0795905511811024
20
0.5507086614173228
11
1.100259842519685
21
0.5507086614173228
0
LINE
8
BLACK
6
CONTINUOUS
10
1.100259842519685
20
0.5507086614173228
11
1.1036224409448818
21
0.5502659842519685
0
LINE
8
BLACK
6
CONTINUOUS
10
0.8469295275590552
20
0.5502817322834646
11
0.8510188976377953
21
0.5483748031496063
0
LINE
8
BLACK
6
CONTINUOUS
10
0.8510188976377953
20
0.5483748031496063
11
0.8542094488188976
21
0.545184251968504
0
LINE
8
BLACK
6
CONTINUOUS
10
0.8542094488188976
20
0.545184251968504
11
0.8561163779527559
21
0.5410948818897637
0
LINE
8
BLACK
6
CONTINUOUS
10
0.8561163779527559
20
0.5410948818897637
11
0.8565590551181103
21
0.5377322834645669
0
LINE
8
BLACK
6
CONTINUOUS
10
0.8565590551181103
20
0.5377322834645669
11
0.8565590551181103
21
0.504267716535433
0
LINE
8
BLACK
6
CONTINUOUS
10
0.8565590551181103
20
0.504267716535433
11
0.8561163779527559
21
0.5009051181102362
0
LINE
8
BLACK
6
CONTINUOUS
10
0.8561163779527559
20
0.5009051181102362
11
0.8542094488188976
21
0.496815748031496
0
LINE
8
BLACK
6
CONTINUOUS
10
0.8542094488188976
20
0.496815748031496
11
0.8510188976377953
21
0.4936251968503937
0
LINE
8
BLACK
6
CONTINUOUS
10
0.8510188976377953
20
0.4936251968503937
11
0.8469295275590552
21
0.4917182677165354
0
LINE
8
BLACK
6
CONTINUOUS
10
0.8469295275590552
20
0.4917182677165354
11
0.8435669291338582
21
0.4912755905511811
0
LINE
8
BLACK
6
CONTINUOUS
10
0.8435669291338582
20
0.4912755905511811
11
0.8081338582677166
21
0.4912755905511811
0
LINE
8
BLACK
6
CONTINUOUS
10
0.8081338582677166
20
0.4912755905511811
11
0.8047712598425196
21
0.4917182677165354
0
LINE
8
BLACK
6
CONTINUOUS
10
0.8047712598425196
20
0.4917182677165354
11
0.8006818897637795
21
0.4936251968503937
0
LINE
8
BLACK
6
CONTINUOUS
10
0.8006818897637795
20
0.4936251968503937
11
0.7974913385826772
21
0.496815748031496
0
LINE
8
BLACK
6
CONTINUOUS
10
0.7974913385826772
20
0.496815748031496
11
0.7955844094488189
21
0.5009051181102362
0
LINE
8
BLACK
6
CONTINUOUS
10
0.7955844094488189
20
0.5009051181102362
11
0.7951417322834645
21
0.504267716535433
0
LINE
8
BLACK
6
CONTINUOUS
10
0.7951417322834645
20
0.504267716535433
11
0.7951417322834645
21
0.5377322834645669
0
LINE
8
BLACK
6
CONTINUOUS
10
0.7951417322834645
20
0.5377322834645669
11
0.7955844094488189
21
0.5410948818897637
0
LINE
8
BLACK
6
CONTINUOUS
10
0.7955844094488189
20
0.5410948818897637
11
0.7974913385826772
21
0.545184251968504
0
LINE
8
BLACK
6
CONTINUOUS
10
0.7974913385826772
20
0.545184251968504
11
0.8006818897637795
21
0.5483748031496063
0
LINE
8
BLACK
6
CONTINUOUS
10
0.8006818897637795
20
0.5483748031496063
11
0.8047712598425196
21
0.5502817322834646
0
LINE
8
BLACK
6
CONTINUOUS
10
0.8047712598425196
20
0.5502817322834646
11
0.8081338582677166
21
0.5507244094488188
0
LINE
8
BLACK
6
CONTINUOUS
10
0.8081338582677166
20
0.5507244094488188
11
0.8435669291338582
21
0.5507244094488188
0
LINE
8
BLACK
6
CONTINUOUS
10
0.8435669291338582
20
0.5507244094488188
11
0.8469295275590552
21
0.5502817322834646
0
LINE
8
BLACK
6
CONTINUOUS
10
0.9532287401574803
20
0.5502817322834646
11
0.9573181102362205
21
0.5483748031496063
0
LINE
8
BLACK
6
CONTINUOUS
10
0.9573181102362205
20
0.5483748031496063
11
0.9605086614173228
21
0.545184251968504
0
LINE
8
BLACK
6
CONTINUOUS
10
0.9605086614173228
20
0.545184251968504
11
0.9624155905511811
21
0.5410948818897637
0
LINE
8
BLACK
6
CONTINUOUS
10
0.9624155905511811
20
0.5410948818897637
11
0.9628582677165354
21
0.5377322834645669
0
LINE
8
BLACK
6
CONTINUOUS
10
0.9628582677165354
20
0.5377322834645669
11
0.9628582677165354
21
0.504267716535433
0
LINE
8
BLACK
6
CONTINUOUS
10
0.9628582677165354
20
0.504267716535433
11
0.9624155905511811
21
0.5009051181102362
0
LINE
8
BLACK
6
CONTINUOUS
10
0.9624155905511811
20
0.5009051181102362
11
0.9605086614173228
21
0.496815748031496
0
LINE
8
BLACK
6
CONTINUOUS
10
0.9605086614173228
20
0.496815748031496
11
0.9573181102362205
21
0.4936251968503937
0
LINE
8
BLACK
6
CONTINUOUS
10
0.9573181102362205
20
0.4936251968503937
11
0.9532287401574803
21
0.4917182677165354
0
LINE
8
BLACK
6
CONTINUOUS
10
0.9532287401574803
20
0.4917182677165354
11
0.9498661417322835
21
0.4912755905511811
0
LINE
8
BLACK
6
CONTINUOUS
10
0.9498661417322835
20
0.4912755905511811
11
0.9144330708661417
21
0.4912755905511811
0
LINE
8
BLACK
6
CONTINUOUS
10
0.9144330708661417
20
0.4912755905511811
11
0.9110704724409449
21
0.4917182677165354
0
LINE
8
BLACK
6
CONTINUOUS
10
0.9110704724409449
20
0.4917182677165354
11
0.9069811023622047
21
0.4936251968503937
0
LINE
8
BLACK
6
CONTINUOUS
10
0.9069811023622047
20
0.4936251968503937
11
0.9037905511811023
21
0.496815748031496
0
LINE
8
BLACK
6
CONTINUOUS
10
0.9037905511811023
20
0.496815748031496
11
0.901883622047244
21
0.5009051181102362
0
LINE
8
BLACK
6
CONTINUOUS
10
0.901883622047244
20
0.5009051181102362
11
0.9014409448818897
21
0.504267716535433
0
LINE
8
BLACK
6
CONTINUOUS
10
0.9014409448818897
20
0.504267716535433
11
0.9014409448818897
21
0.5377322834645669
0
LINE
8
BLACK
6
CONTINUOUS
10
0.9014409448818897
20
0.5377322834645669
11
0.901883622047244
21
0.5410948818897637
0
LINE
8
BLACK
6
CONTINUOUS
10
0.901883622047244
20
0.5410948818897637
11
0.9037905511811023
21
0.545184251968504
0
LINE
8
BLACK
6
CONTINUOUS
10
0.9037905511811023
20
0.545184251968504
11
0.9069811023622047
21
0.5483748031496063
0
LINE
8
BLACK
6
CONTINUOUS
10
0.9069811023622047
20
0.5483748031496063
11
0.9110704724409449
21
0.5502817322834646
0
LINE
8
BLACK
6
CONTINUOUS
10
0.9110704724409449
20
0.5502817322834646
11
0.9144330708661417
21
0.5507244094488188
0
LINE
8
BLACK
6
CONTINUOUS
10
0.9144330708661417
20
0.5507244094488188
11
0.9498661417322835
21
0.5507244094488188
0
LINE
8
BLACK
6
CONTINUOUS
10
0.9498661417322835
20
0.5507244094488188
11
0.9532287401574803
21
0.5502817322834646
0
LINE
8
BLACK
6
CONTINUOUS
10
1.5510791338582677
20
0.5959588976377953
11
1.5551685039370078
21
0.594051968503937
0
LINE
8
BLACK
6
CONTINUOUS
10
1.5551685039370078
20
0.594051968503937
11
1.5583590551181101
21
0.5908614173228346
0
LINE
8
BLACK
6
CONTINUOUS
10
1.5583590551181101
20
0.5908614173228346
11
1.5602659842519684
21
0.5867720472440945
0
LINE
8
BLACK
6
CONTINUOUS
10
1.5602659842519684
20
0.5867720472440945
11
1.5607086614173229
21
0.5834094488188977
0
LINE
8
BLACK
6
CONTINUOUS
10
1.5607086614173229
20
0.5834094488188977
11
1.5607086614173229
21
0.5627401574803149
0
LINE
8
BLACK
6
CONTINUOUS
10
1.5607086614173229
20
0.5627401574803149
11
1.5602659842519684
21
0.5593775590551181
0
LINE
8
BLACK
6
CONTINUOUS
10
1.5602659842519684
20
0.5593775590551181
11
1.5583590551181101
21
0.555288188976378
0
LINE
8
BLACK
6
CONTINUOUS
10
1.5583590551181101
20
0.555288188976378
11
1.5551685039370078
21
0.5520976377952755
0
LINE
8
BLACK
6
CONTINUOUS
10
1.5551685039370078
20
0.5520976377952755
11
1.5510791338582677
21
0.5501907086614173
0
LINE
8
BLACK
6
CONTINUOUS
10
1.5510791338582677
20
0.5501907086614173
11
1.5477165354330709
21
0.549748031496063
0
LINE
8
BLACK
6
CONTINUOUS
10
1.5477165354330709
20
0.549748031496063
11
1.5122834645669292
21
0.549748031496063
0
LINE
8
BLACK
6
CONTINUOUS
10
1.5122834645669292
20
0.549748031496063
11
1.5089208661417322
21
0.5501907086614173
0
LINE
8
BLACK
6
CONTINUOUS
10
1.5089208661417322
20
0.5501907086614173
11
1.504831496062992
21
0.5520976377952755
0
LINE
8
BLACK
6
CONTINUOUS
10
1.504831496062992
20
0.5520976377952755
11
1.5016409448818897
21
0.555288188976378
0
LINE
8
BLACK
6
CONTINUOUS
10
1.5016409448818897
20
0.555288188976378
11
1.4997340157480314
21
0.5593775590551181
0
LINE
8
BLACK
6
CONTINUOUS
10
1.4997340157480314
20
0.5593775590551181
11
1.4992913385826772
21
0.5627401574803149
0
LINE
8
BLACK
6
CONTINUOUS
10
1.4992913385826772
20
0.5627401574803149
11
1.4992913385826772
21
0.5834094488188977
0
LINE
8
BLACK
6
CONTINUOUS
10
1.4992913385826772
20
0.5834094488188977
11
1.4997340157480314
21
0.5867720472440945
0
LINE
8
BLACK
6
CONTINUOUS
10
1.4997340157480314
20
0.5867720472440945
11
1.5016409448818897
21
0.5908614173228346
0
LINE
8
BLACK
6
CONTINUOUS
10
1.5016409448818897
20
0.5908614173228346
11
1.504831496062992
21
0.594051968503937
0
LINE
8
BLACK
6
CONTINUOUS
10
1.504831496062992
20
0.594051968503937
11
1.5089208661417322
21
0.5959588976377953
0
LINE
8
BLACK
6
CONTINUOUS
10
1.5089208661417322
20
0.5959588976377953
11
1.5122834645669292
21
0.5964015748031496
0
LINE
8
BLACK
6
CONTINUOUS
10
1.5122834645669292
20
0.5964015748031496
11
1.5477165354330709
21
0.5964015748031496
0
LINE
8
BLACK
6
CONTINUOUS
10
1.5477165354330709
20
0.5964015748031496
11
1.5510791338582677
21
0.5959588976377953
0
LINE
8
BLACK
6
CONTINUOUS
10
2.3732366141732282
20
0.6017935433070866
11
2.3773259842519683
21
0.5998866141732283
0
LINE
8
BLACK
6
CONTINUOUS
10
2.3773259842519683
20
0.5998866141732283
11
2.3805165354330708
21
0.596696062992126
0
LINE
8
BLACK
6
CONTINUOUS
10
2.3805165354330708
20
0.596696062992126
11
2.3824234645669291
21
0.5926066929133859
0
LINE
8
BLACK
6
CONTINUOUS
10
2.3824234645669291
20
0.5926066929133859
11
2.3828661417322836
21
0.5892440944881889
0
LINE
8
BLACK
6
CONTINUOUS
10
2.3828661417322836
20
0.5892440944881889
11
2.3828661417322836
21
0.5685748031496063
0
LINE
8
BLACK
6
CONTINUOUS
10
2.3828661417322836
20
0.5685748031496063
11
2.3824234645669291
21
0.5652122047244095
0
LINE
8
BLACK
6
CONTINUOUS
10
2.3824234645669291
20
0.5652122047244095
11
2.3805165354330708
21
0.5611228346456693
0
LINE
8
BLACK
6
CONTINUOUS
10
2.3805165354330708
20
0.5611228346456693
11
2.3773259842519683
21
0.5579322834645669
0
LINE
8
BLACK
6
CONTINUOUS
10
2.3773259842519683
20
0.5579322834645669
11
2.3732366141732282
21
0.5560253543307087
0
LINE
8
BLACK
6
CONTINUOUS
10
2.3732366141732282
20
0.5560253543307087
11
2.3698740157480316
21
0.5555826771653544
0
LINE
8
BLACK
6
CONTINUOUS
10
2.3698740157480316
20
0.5555826771653544
11
2.3344409448818899
21
0.5555826771653544
0
LINE
8
BLACK
6
CONTINUOUS
10
2.3344409448818899
20
0.5555826771653544
11
2.3310783464566929
21
0.5560253543307087
0
LINE
8
BLACK
6
CONTINUOUS
10
2.3310783464566929
20
0.5560253543307087
11
2.3269889763779528
21
0.5579322834645669
0
LINE
8
BLACK
6
CONTINUOUS
10
2.3269889763779528
20
0.5579322834645669
11
2.3237984251968502
21
0.5611228346456693
0
LINE
8
BLACK
6
CONTINUOUS
10
2.3237984251968502
20
0.5611228346456693
11
2.3218914960629919
21
0.5652122047244095
0
LINE
8
BLACK
6
CONTINUOUS
10
2.3218914960629919
20
0.5652122047244095
11
2.3214488188976379
21
0.5685748031496063
0
LINE
8
BLACK
6
CONTINUOUS
10
2.3214488188976379
20
0.5685748031496063
11
2.3214488188976379
21
0.5892440944881889
0
LINE
8
BLACK
6
CONTINUOUS
10
2.3214488188976379
20
0.5892440944881889
11
2.3218914960629919
21
0.5926066929133859
0
LINE
8
BLACK
6
CONTINUOUS
10
2.3218914960629919
20
0.5926066929133859
11
2.3237984251968502
21
0.596696062992126
0
LINE
8
BLACK
6
CONTINUOUS
10
2.3237984251968502
20
0.596696062992126
11
2.3269889763779528
21
0.5998866141732283
0
LINE
8
BLACK
6
CONTINUOUS
10
2.3269889763779528
20
0.5998866141732283
11
2.3310783464566929
21
0.6017935433070866
0
LINE
8
BLACK
6
CONTINUOUS
10
2.3310783464566929
20
0.6017935433070866
11
2.3344409448818899
21
0.602236220472441
0
LINE
8
BLACK
6
CONTINUOUS
10
2.3344409448818899
20
0.602236220472441
11
2.3698740157480316
21
0.602236220472441
0
LINE
8
BLACK
6
CONTINUOUS
10
2.3698740157480316
20
0.602236220472441
11
2.3732366141732282
21
0.6017935433070866
0
LINE
8
BLACK
6
CONTINUOUS
10
2.284220866141732
20
0.6027777952755905
11
2.2883102362204726
21
0.6008708661417322
0
LINE
8
BLACK
6
CONTINUOUS
10
2.2883102362204726
20
0.6008708661417322
11
2.2915007874015747
21
0.5976803149606299
0
LINE
8
BLACK
6
CONTINUOUS
10
2.2915007874015747
20
0.5976803149606299
11
2.293407716535433
21
0.5935909448818898
0
LINE
8
BLACK
6
CONTINUOUS
10
2.293407716535433
20
0.5935909448818898
11
2.2938503937007875
21
0.5902283464566929
0
LINE
8
BLACK
6
CONTINUOUS
10
2.2938503937007875
20
0.5902283464566929
11
2.2938503937007875
21
0.5705433070866142
0
LINE
8
BLACK
6
CONTINUOUS
10
2.2938503937007875
20
0.5705433070866142
11
2.293407716535433
21
0.5671807086614173
0
LINE
8
BLACK
6
CONTINUOUS
10
2.293407716535433
20
0.5671807086614173
11
2.2915007874015747
21
0.5630913385826771
0
LINE
8
BLACK
6
CONTINUOUS
10
2.2915007874015747
20
0.5630913385826771
11
2.2883102362204726
21
0.5599007874015748
0
LINE
8
BLACK
6
CONTINUOUS
10
2.2883102362204726
20
0.5599007874015748
11
2.284220866141732
21
0.5579938582677165
0
LINE
8
BLACK
6
CONTINUOUS
10
2.284220866141732
20
0.5579938582677165
11
2.2808582677165354
21
0.5575511811023622
0
LINE
8
BLACK
6
CONTINUOUS
10
2.2808582677165354
20
0.5575511811023622
11
2.2434566929133859
21
0.5575511811023622
0
LINE
8
BLACK
6
CONTINUOUS
10
2.2434566929133859
20
0.5575511811023622
11
2.2400940944881889
21
0.5579938582677165
0
LINE
8
BLACK
6
CONTINUOUS
10
2.2400940944881889
20
0.5579938582677165
11
2.2360047244094488
21
0.5599007874015748
0
LINE
8
BLACK
6
CONTINUOUS
10
2.2360047244094488
20
0.5599007874015748
11
2.2328141732283462
21
0.5630913385826771
0
LINE
8
BLACK
6
CONTINUOUS
10
2.2328141732283462
20
0.5630913385826771
11
2.2309072440944879
21
0.5671807086614173
0
LINE
8
BLACK
6
CONTINUOUS
10
2.2309072440944879
20
0.5671807086614173
11
2.2304645669291339
21
0.5705433070866142
0
LINE
8
BLACK
6
CONTINUOUS
10
2.2304645669291339
20
0.5705433070866142
11
2.2304645669291339
21
0.5902283464566929
0
LINE
8
BLACK
6
CONTINUOUS
10
2.2304645669291339
20
0.5902283464566929
11
2.2309072440944879
21
0.5935909448818898
0
LINE
8
BLACK
6
CONTINUOUS
10
2.2309072440944879
20
0.5935909448818898
11
2.2328141732283462
21
0.5976803149606299
0
LINE
8
BLACK
6
CONTINUOUS
10
2.2328141732283462
20
0.5976803149606299
11
2.2360047244094488
21
0.6008708661417322
0
LINE
8
BLACK
6
CONTINUOUS
10
2.2360047244094488
20
0.6008708661417322
11
2.2400940944881889
21
0.6027777952755905
0
LINE
8
BLACK
6
CONTINUOUS
10
2.2400940944881889
20
0.6027777952755905
11
2.2434566929133859
21
0.6032204724409449
0
LINE
8
BLACK
6
CONTINUOUS
10
2.2434566929133859
20
0.6032204724409449
11
2.2808582677165354
21
0.6032204724409449
0
LINE
8
BLACK
6
CONTINUOUS
10
2.2808582677165354
20
0.6032204724409449
11
2.284220866141732
21
0.6027777952755905
0
LINE
8
BLACK
6
CONTINUOUS
10
1.7072208661417323
20
0.6077777952755905
11
1.7113102362204724
21
0.6058708661417322
0
LINE
8
BLACK
6
CONTINUOUS
10
1.7113102362204724
20
0.6058708661417322
11
1.7145007874015747
21
0.6026803149606299
0
LINE
8
BLACK
6
CONTINUOUS
10
1.7145007874015747
20
0.6026803149606299
11
1.716407716535433
21
0.5985909448818898
0
LINE
8
BLACK
6
CONTINUOUS
10
1.716407716535433
20
0.5985909448818898
11
1.7168503937007873
21
0.5952283464566929
0
LINE
8
BLACK
6
CONTINUOUS
10
1.7168503937007873
20
0.5952283464566929
11
1.7168503937007873
21
0.5755433070866142
0
LINE
8
BLACK
6
CONTINUOUS
10
1.7168503937007873
20
0.5755433070866142
11
1.716407716535433
21
0.5721807086614173
0
LINE
8
BLACK
6
CONTINUOUS
10
1.716407716535433
20
0.5721807086614173
11
1.7145007874015747
21
0.5680913385826771
0
LINE
8
BLACK
6
CONTINUOUS
10
1.7145007874015747
20
0.5680913385826771
11
1.7113102362204724
21
0.5649007874015748
0
LINE
8
BLACK
6
CONTINUOUS
10
1.7113102362204724
20
0.5649007874015748
11
1.7072208661417323
21
0.5629938582677165
0
LINE
8
BLACK
6
CONTINUOUS
10
1.7072208661417323
20
0.5629938582677165
11
1.7038582677165355
21
0.5625511811023622
0
LINE
8
BLACK
6
CONTINUOUS
10
1.7038582677165355
20
0.5625511811023622
11
1.6664566929133857
21
0.5625511811023622
0
LINE
8
BLACK
6
CONTINUOUS
10
1.6664566929133857
20
0.5625511811023622
11
1.6630940944881889
21
0.5629938582677165
0
LINE
8
BLACK
6
CONTINUOUS
10
1.6630940944881889
20
0.5629938582677165
11
1.6590047244094488
21
0.5649007874015748
0
LINE
8
BLACK
6
CONTINUOUS
10
1.6590047244094488
20
0.5649007874015748
11
1.6558141732283465
21
0.5680913385826771
0
LINE
8
BLACK
6
CONTINUOUS
10
1.6558141732283465
20
0.5680913385826771
11
1.6539072440944882
21
0.5721807086614173
0
LINE
8
BLACK
6
CONTINUOUS
10
1.6539072440944882
20
0.5721807086614173
11
1.6534645669291339
21
0.5755433070866142
0
LINE
8
BLACK
6
CONTINUOUS
10
1.6534645669291339
20
0.5755433070866142
11
1.6534645669291339
21
0.5952283464566929
0
LINE
8
BLACK
6
CONTINUOUS
10
1.6534645669291339
20
0.5952283464566929
11
1.6539072440944882
21
0.5985909448818898
0
LINE
8
BLACK
6
CONTINUOUS
10
1.6539072440944882
20
0.5985909448818898
11
1.6558141732283465
21
0.6026803149606299
0
LINE
8
BLACK
6
CONTINUOUS
10
1.6558141732283465
20
0.6026803149606299
11
1.6590047244094488
21
0.6058708661417322
0
LINE
8
BLACK
6
CONTINUOUS
10
1.6590047244094488
20
0.6058708661417322
11
1.6630940944881889
21
0.6077777952755905
0
LINE
8
BLACK
6
CONTINUOUS
10
1.6630940944881889
20
0.6077777952755905
11
1.6664566929133857
21
0.6082204724409449
0
LINE
8
BLACK
6
CONTINUOUS
10
1.6664566929133857
20
0.6082204724409449
11
1.7038582677165355
21
0.6082204724409449
0
LINE
8
BLACK
6
CONTINUOUS
10
1.7038582677165355
20
0.6082204724409449
11
1.7072208661417323
21
0.6077777952755905
0
LINE
8
BLACK
6
CONTINUOUS
10
2.0710791338582677
20
0.6189588976377952
11
2.0751685039370078
21
0.617051968503937
0
LINE
8
BLACK
6
CONTINUOUS
10
2.0751685039370078
20
0.617051968503937
11
2.0783590551181104
21
0.6138614173228346
0
LINE
8
BLACK
6
CONTINUOUS
10
2.0783590551181104
20
0.6138614173228346
11
2.0802659842519686
21
0.6097720472440945
0
LINE
8
BLACK
6
CONTINUOUS
10
2.0802659842519686
20
0.6097720472440945
11
2.0807086614173227
21
0.6064094488188976
0
LINE
8
BLACK
6
CONTINUOUS
10
2.0807086614173227
20
0.6064094488188976
11
2.0807086614173227
21
0.5857401574803149
0
LINE
8
BLACK
6
CONTINUOUS
10
2.0807086614173227
20
0.5857401574803149
11
2.0802659842519686
21
0.5823775590551181
0
LINE
8
BLACK
6
CONTINUOUS
10
2.0802659842519686
20
0.5823775590551181
11
2.0783590551181104
21
0.5782881889763779
0
LINE
8
BLACK
6
CONTINUOUS
10
2.0783590551181104
20
0.5782881889763779
11
2.0751685039370078
21
0.5750976377952756
0
LINE
8
BLACK
6
CONTINUOUS
10
2.0751685039370078
20
0.5750976377952756
11
2.0710791338582677
21
0.5731907086614173
0
LINE
8
BLACK
6
CONTINUOUS
10
2.0710791338582677
20
0.5731907086614173
11
2.0677165354330707
21
0.572748031496063
0
LINE
8
BLACK
6
CONTINUOUS
10
2.0677165354330707
20
0.572748031496063
11
2.032283464566929
21
0.572748031496063
0
LINE
8
BLACK
6
CONTINUOUS
10
2.032283464566929
20
0.572748031496063
11
2.0289208661417324
21
0.5731907086614173
0
LINE
8
BLACK
6
CONTINUOUS
10
2.0289208661417324
20
0.5731907086614173
11
2.0248314960629923
21
0.5750976377952756
0
LINE
8
BLACK
6
CONTINUOUS
10
2.0248314960629923
20
0.5750976377952756
11
2.0216409448818897
21
0.5782881889763779
0
LINE
8
BLACK
6
CONTINUOUS
10
2.0216409448818897
20
0.5782881889763779
11
2.0197340157480315
21
0.5823775590551181
0
LINE
8
BLACK
6
CONTINUOUS
10
2.0197340157480315
20
0.5823775590551181
11
2.019291338582677
21
0.5857401574803149
0
LINE
8
BLACK
6
CONTINUOUS
10
2.019291338582677
20
0.5857401574803149
11
2.019291338582677
21
0.6064094488188976
0
LINE
8
BLACK
6
CONTINUOUS
10
2.019291338582677
20
0.6064094488188976
11
2.0197340157480315
21
0.6097720472440945
0
LINE
8
BLACK
6
CONTINUOUS
10
2.0197340157480315
20
0.6097720472440945
11
2.0216409448818897
21
0.6138614173228346
0
LINE
8
BLACK
6
CONTINUOUS
10
2.0216409448818897
20
0.6138614173228346
11
2.0248314960629923
21
0.617051968503937
0
LINE
8
BLACK
6
CONTINUOUS
10
2.0248314960629923
20
0.617051968503937
11
2.0289208661417324
21
0.6189588976377952
0
LINE
8
BLACK
6
CONTINUOUS
10
2.0289208661417324
20
0.6189588976377952
11
2.032283464566929
21
0.6194015748031496
0
LINE
8
BLACK
6
CONTINUOUS
10
2.032283464566929
20
0.6194015748031496
11
2.0677165354330707
21
0.6194015748031496
0
LINE
8
BLACK
6
CONTINUOUS
10
2.0677165354330707
20
0.6194015748031496
11
2.0710791338582677
21
0.6189588976377952
0
LINE
8
BLACK
6
CONTINUOUS
10
0.8778035433070865
20
0.6372502362204724
11
0.8818929133858268
21
0.6353433070866141
0
LINE
8
BLACK
6
CONTINUOUS
10
0.8818929133858268
20
0.6353433070866141
11
0.8850834645669291
21
0.6321527559055118
0
LINE
8
BLACK
6
CONTINUOUS
10
0.8850834645669291
20
0.6321527559055118
11
0.8869903937007874
21
0.6280633858267717
0
LINE
8
BLACK
6
CONTINUOUS
10
0.8869903937007874
20
0.6280633858267717
11
0.8874330708661418
21
0.6247007874015748
0
LINE
8
BLACK
6
CONTINUOUS
10
0.8874330708661418
20
0.6247007874015748
11
0.8874330708661418
21
0.5872992125984252
0
LINE
8
BLACK
6
CONTINUOUS
10
0.8874330708661418
20
0.5872992125984252
11
0.8869903937007874
21
0.5839366141732283
0
LINE
8
BLACK
6
CONTINUOUS
10
0.8869903937007874
20
0.5839366141732283
11
0.8850834645669291
21
0.5798472440944882
0
LINE
8
BLACK
6
CONTINUOUS
10
0.8850834645669291
20
0.5798472440944882
11
0.8818929133858268
21
0.5766566929133858
0
LINE
8
BLACK
6
CONTINUOUS
10
0.8818929133858268
20
0.5766566929133858
11
0.8778035433070865
21
0.5747497637795276
0
LINE
8
BLACK
6
CONTINUOUS
10
0.8778035433070865
20
0.5747497637795276
11
0.8744409448818897
21
0.5743070866141732
0
LINE
8
BLACK
6
CONTINUOUS
10
0.8744409448818897
20
0.5743070866141732
11
0.854755905511811
21
0.5743070866141732
0
LINE
8
BLACK
6
CONTINUOUS
10
0.854755905511811
20
0.5743070866141732
11
0.8513933070866142
21
0.5747497637795276
0
LINE
8
BLACK
6
CONTINUOUS
10
0.8513933070866142
20
0.5747497637795276
11
0.847303937007874
21
0.5766566929133858
0
LINE
8
BLACK
6
CONTINUOUS
10
0.847303937007874
20
0.5766566929133858
11
0.8441133858267716
21
0.5798472440944882
0
LINE
8
BLACK
6
CONTINUOUS
10
0.8441133858267716
20
0.5798472440944882
11
0.8422064566929134
21
0.5839366141732283
0
LINE
8
BLACK
6
CONTINUOUS
10
0.8422064566929134
20
0.5839366141732283
11
0.841763779527559
21
0.5872992125984252
0
LINE
8
BLACK
6
CONTINUOUS
10
0.841763779527559
20
0.5872992125984252
11
0.841763779527559
21
0.6247007874015748
0
LINE
8
BLACK
6
CONTINUOUS
10
0.841763779527559
20
0.6247007874015748
11
0.8422064566929134
21
0.6280633858267717
0
LINE
8
BLACK
6
CONTINUOUS
10
0.8422064566929134
20
0.6280633858267717
11
0.8441133858267716
21
0.6321527559055118
0
LINE
8
BLACK
6
CONTINUOUS
10
0.8441133858267716
20
0.6321527559055118
11
0.847303937007874
21
0.6353433070866141
0
LINE
8
BLACK
6
CONTINUOUS
10
0.847303937007874
20
0.6353433070866141
11
0.8513933070866142
21
0.6372502362204724
0
LINE
8
BLACK
6
CONTINUOUS
10
0.8513933070866142
20
0.6372502362204724
11
0.854755905511811
21
0.6376929133858268
0
LINE
8
BLACK
6
CONTINUOUS
10
0.854755905511811
20
0.6376929133858268
11
0.8744409448818897
21
0.6376929133858268
0
LINE
8
BLACK
6
CONTINUOUS
10
0.8744409448818897
20
0.6376929133858268
11
0.8778035433070865
21
0.6372502362204724
0
LINE
8
BLACK
6
CONTINUOUS
10
0.9526066929133858
20
0.6372502362204724
11
0.956696062992126
21
0.6353433070866141
0
LINE
8
BLACK
6
CONTINUOUS
10
0.956696062992126
20
0.6353433070866141
11
0.9598866141732283
21
0.6321527559055118
0
LINE
8
BLACK
6
CONTINUOUS
10
0.9598866141732283
20
0.6321527559055118
11
0.9617935433070866
21
0.6280633858267717
0
LINE
8
BLACK
6
CONTINUOUS
10
0.9617935433070866
20
0.6280633858267717
11
0.962236220472441
21
0.6247007874015748
0
LINE
8
BLACK
6
CONTINUOUS
10
0.962236220472441
20
0.6247007874015748
11
0.962236220472441
21
0.5872992125984252
0
LINE
8
BLACK
6
CONTINUOUS
10
0.962236220472441
20
0.5872992125984252
11
0.9617935433070866
21
0.5839366141732283
0
LINE
8
BLACK
6
CONTINUOUS
10
0.9617935433070866
20
0.5839366141732283
11
0.9598866141732283
21
0.5798472440944882
0
LINE
8
BLACK
6
CONTINUOUS
10
0.9598866141732283
20
0.5798472440944882
11
0.956696062992126
21
0.5766566929133858
0
LINE
8
BLACK
6
CONTINUOUS
10
0.956696062992126
20
0.5766566929133858
11
0.9526066929133858
21
0.5747497637795276
0
LINE
8
BLACK
6
CONTINUOUS
10
0.9526066929133858
20
0.5747497637795276
11
0.9492440944881889
21
0.5743070866141732
0
LINE
8
BLACK
6
CONTINUOUS
10
0.9492440944881889
20
0.5743070866141732
11
0.9295590551181102
21
0.5743070866141732
0
LINE
8
BLACK
6
CONTINUOUS
10
0.9295590551181102
20
0.5743070866141732
11
0.9261964566929134
21
0.5747497637795276
0
LINE
8
BLACK
6
CONTINUOUS
10
0.9261964566929134
20
0.5747497637795276
11
0.9221070866141732
21
0.5766566929133858
0
LINE
8
BLACK
6
CONTINUOUS
10
0.9221070866141732
20
0.5766566929133858
11
0.9189165354330708
21
0.5798472440944882
0
LINE
8
BLACK
6
CONTINUOUS
10
0.9189165354330708
20
0.5798472440944882
11
0.9170096062992126
21
0.5839366141732283
0
LINE
8
BLACK
6
CONTINUOUS
10
0.9170096062992126
20
0.5839366141732283
11
0.9165669291338583
21
0.5872992125984252
0
LINE
8
BLACK
6
CONTINUOUS
10
0.9165669291338583
20
0.5872992125984252
11
0.9165669291338583
21
0.6247007874015748
0
LINE
8
BLACK
6
CONTINUOUS
10
0.9165669291338583
20
0.6247007874015748
11
0.9170096062992126
21
0.6280633858267717
0
LINE
8
BLACK
6
CONTINUOUS
10
0.9170096062992126
20
0.6280633858267717
11
0.9189165354330708
21
0.6321527559055118
0
LINE
8
BLACK
6
CONTINUOUS
10
0.9189165354330708
20
0.6321527559055118
11
0.9221070866141732
21
0.6353433070866141
0
LINE
8
BLACK
6
CONTINUOUS
10
0.9221070866141732
20
0.6353433070866141
11
0.9261964566929134
21
0.6372502362204724
0
LINE
8
BLACK
6
CONTINUOUS
10
0.9261964566929134
20
0.6372502362204724
11
0.9295590551181102
21
0.6376929133858268
0
LINE
8
BLACK
6
CONTINUOUS
10
0.9295590551181102
20
0.6376929133858268
11
0.9492440944881889
21
0.6376929133858268
0
LINE
8
BLACK
6
CONTINUOUS
10
0.9492440944881889
20
0.6376929133858268
11
0.9526066929133858
21
0.6372502362204724
0
LINE
8
BLACK
6
CONTINUOUS
10
0.7586856299212599
20
0.7378074803149606
11
0.7597074409448819
21
0.7371247637795275
0
LINE
8
BLACK
6
CONTINUOUS
10
0.7597074409448819
20
0.7371247637795275
11
0.7603901574803149
21
0.7361029527559055
0
LINE
8
BLACK
6
CONTINUOUS
10
0.7603901574803149
20
0.7361029527559055
11
0.7606299212598425
21
0.7348976377952756
0
LINE
8
BLACK
6
CONTINUOUS
10
0.7606299212598425
20
0.7348976377952756
11
0.7606299212598425
21
0.5852913385826771
0
LINE
8
BLACK
6
CONTINUOUS
10
0.7606299212598425
20
0.5852913385826771
11
0.7603901574803149
21
0.5840860236220472
0
LINE
8
BLACK
6
CONTINUOUS
10
0.7603901574803149
20
0.5840860236220472
11
0.7597074409448819
21
0.5830642125984252
0
LINE
8
BLACK
6
CONTINUOUS
10
0.7597074409448819
20
0.5830642125984252
11
0.7586856299212599
21
0.5823814960629922
0
LINE
8
BLACK
6
CONTINUOUS
10
0.7586856299212599
20
0.5823814960629922
11
0.75748031496063
21
0.5821417322834646
0
LINE
8
BLACK
6
CONTINUOUS
10
0.75748031496063
20
0.5821417322834646
11
0.7181102362204724
21
0.5821417322834646
0
LINE
8
BLACK
6
CONTINUOUS
10
0.7181102362204724
20
0.5821417322834646
11
0.7169049212598425
21
0.5823814960629922
0
LINE
8
BLACK
6
CONTINUOUS
10
0.7169049212598425
20
0.5823814960629922
11
0.7158831102362204
21
0.5830642125984252
0
LINE
8
BLACK
6
CONTINUOUS
10
0.7158831102362204
20
0.5830642125984252
11
0.7152003937007874
21
0.5840860236220472
0
LINE
8
BLACK
6
CONTINUOUS
10
0.7152003937007874
20
0.5840860236220472
11
0.7149606299212599
21
0.5852913385826771
0
LINE
8
BLACK
6
CONTINUOUS
10
0.7149606299212599
20
0.5852913385826771
11
0.7149606299212599
21
0.7348976377952756
0
LINE
8
BLACK
6
CONTINUOUS
10
0.7149606299212599
20
0.7348976377952756
11
0.7152003937007874
21
0.7361029527559055
0
LINE
8
BLACK
6
CONTINUOUS
10
0.7152003937007874
20
0.7361029527559055
11
0.7158831102362204
21
0.7371247637795275
0
LINE
8
BLACK
6
CONTINUOUS
10
0.7158831102362204
20
0.7371247637795275
11
0.7169049212598425
21
0.7378074803149606
0
LINE
8
BLACK
6
CONTINUOUS
10
0.7169049212598425
20
0.7378074803149606
11
0.7181102362204724
21
0.7380472440944882
0
LINE
8
BLACK
6
CONTINUOUS
10
0.7181102362204724
20
0.7380472440944882
11
0.75748031496063
21
0.7380472440944882
0
LINE
8
BLACK
6
CONTINUOUS
10
0.75748031496063
20
0.7380472440944882
11
0.7586856299212599
21
0.7378074803149606
0
LINE
8
BLACK
6
CONTINUOUS
10
2.4830950787401576
20
0.7378074803149606
11
2.4841168897637793
21
0.7371247637795275
0
LINE
8
BLACK
6
CONTINUOUS
10
2.4841168897637793
20
0.7371247637795275
11
2.4847996062992124
21
0.7361029527559055
0
LINE
8
BLACK
6
CONTINUOUS
10
2.4847996062992124
20
0.7361029527559055
11
2.4850393700787401
21
0.7348976377952756
0
LINE
8
BLACK
6
CONTINUOUS
10
2.4850393700787401
20
0.7348976377952756
11
2.4850393700787401
21
0.5852913385826771
0
LINE
8
BLACK
6
CONTINUOUS
10
2.4850393700787401
20
0.5852913385826771
11
2.4847996062992124
21
0.5840860236220472
0
LINE
8
BLACK
6
CONTINUOUS
10
2.4847996062992124
20
0.5840860236220472
11
2.4841168897637793
21
0.5830642125984252
0
LINE
8
BLACK
6
CONTINUOUS
10
2.4841168897637793
20
0.5830642125984252
11
2.4830950787401576
21
0.5823814960629922
0
LINE
8
BLACK
6
CONTINUOUS
10
2.4830950787401576
20
0.5823814960629922
11
2.4818897637795274
21
0.5821417322834646
0
LINE
8
BLACK
6
CONTINUOUS
10
2.4818897637795274
20
0.5821417322834646
11
2.44251968503937
21
0.5821417322834646
0
LINE
8
BLACK
6
CONTINUOUS
10
2.44251968503937
20
0.5821417322834646
11
2.4413143700787403
21
0.5823814960629922
0
LINE
8
BLACK
6
CONTINUOUS
10
2.4413143700787403
20
0.5823814960629922
11
2.4402925590551181
21
0.5830642125984252
0
LINE
8
BLACK
6
CONTINUOUS
10
2.4402925590551181
20
0.5830642125984252
11
2.439609842519685
21
0.5840860236220472
0
LINE
8
BLACK
6
CONTINUOUS
10
2.439609842519685
20
0.5840860236220472
11
2.4393700787401573
21
0.5852913385826771
0
LINE
8
BLACK
6
CONTINUOUS
10
2.4393700787401573
20
0.5852913385826771
11
2.4393700787401573
21
0.7348976377952756
0
LINE
8
BLACK
6
CONTINUOUS
10
2.4393700787401573
20
0.7348976377952756
11
2.439609842519685
21
0.7361029527559055
0
LINE
8
BLACK
6
CONTINUOUS
10
2.439609842519685
20
0.7361029527559055
11
2.4402925590551181
21
0.7371247637795275
0
LINE
8
BLACK
6
CONTINUOUS
10
2.4402925590551181
20
0.7371247637795275
11
2.4413143700787403
21
0.7378074803149606
0
LINE
8
BLACK
6
CONTINUOUS
10
2.4413143700787403
20
0.7378074803149606
11
2.44251968503937
21
0.7380472440944882
0
LINE
8
BLACK
6
CONTINUOUS
10
2.44251968503937
20
0.7380472440944882
11
2.4818897637795274
21
0.7380472440944882
0
LINE
8
BLACK
6
CONTINUOUS
10
2.4818897637795274
20
0.7380472440944882
11
2.4830950787401576
21
0.7378074803149606
0
LINE
8
BLACK
6
CONTINUOUS
10
2.1872523622047244
20
0.6463998425196851
11
2.1913417322834645
21
0.6444929133858267
0
LINE
8
BLACK
6
CONTINUOUS
10
2.1913417322834645
20
0.6444929133858267
11
2.1945322834645671
21
0.6413023622047244
0
LINE
8
BLACK
6
CONTINUOUS
10
2.1945322834645671
20
0.6413023622047244
11
2.1964392125984253
21
0.6372129921259843
0
LINE
8
BLACK
6
CONTINUOUS
10
2.1964392125984253
20
0.6372129921259843
11
2.1968818897637794
21
0.6338503937007874
0
LINE
8
BLACK
6
CONTINUOUS
10
2.1968818897637794
20
0.6338503937007874
11
2.1968818897637794
21
0.5984173228346457
0
LINE
8
BLACK
6
CONTINUOUS
10
2.1968818897637794
20
0.5984173228346457
11
2.1964392125984253
21
0.5950547244094488
0
LINE
8
BLACK
6
CONTINUOUS
10
2.1964392125984253
20
0.5950547244094488
11
2.1945322834645671
21
0.5909653543307086
0
LINE
8
BLACK
6
CONTINUOUS
10
2.1945322834645671
20
0.5909653543307086
11
2.1913417322834645
21
0.5877748031496063
0
LINE
8
BLACK
6
CONTINUOUS
10
2.1913417322834645
20
0.5877748031496063
11
2.1872523622047244
21
0.585867874015748
0
LINE
8
BLACK
6
CONTINUOUS
10
2.1872523622047244
20
0.585867874015748
11
2.1838897637795274
21
0.5854251968503937
0
LINE
8
BLACK
6
CONTINUOUS
10
2.1838897637795274
20
0.5854251968503937
11
2.1504251968503936
21
0.5854251968503937
0
LINE
8
BLACK
6
CONTINUOUS
10
2.1504251968503936
20
0.5854251968503937
11
2.147062598425197
21
0.585867874015748
0
LINE
8
BLACK
6
CONTINUOUS
10
2.147062598425197
20
0.585867874015748
11
2.1429732283464564
21
0.5877748031496063
0
LINE
8
BLACK
6
CONTINUOUS
10
2.1429732283464564
20
0.5877748031496063
11
2.1397826771653543
21
0.5909653543307086
0
LINE
8
BLACK
6
CONTINUOUS
10
2.1397826771653543
20
0.5909653543307086
11
2.137875748031496
21
0.5950547244094488
0
LINE
8
BLACK
6
CONTINUOUS
10
2.137875748031496
20
0.5950547244094488
11
2.1374330708661415
21
0.5984173228346457
0
LINE
8
BLACK
6
CONTINUOUS
10
2.1374330708661415
20
0.5984173228346457
11
2.1374330708661415
21
0.6338503937007874
0
LINE
8
BLACK
6
CONTINUOUS
10
2.1374330708661415
20
0.6338503937007874
11
2.137875748031496
21
0.6372129921259843
0
LINE
8
BLACK
6
CONTINUOUS
10
2.137875748031496
20
0.6372129921259843
11
2.1397826771653543
21
0.6413023622047244
0
LINE
8
BLACK
6
CONTINUOUS
10
2.1397826771653543
20
0.6413023622047244
11
2.1429732283464564
21
0.6444929133858267
0
LINE
8
BLACK
6
CONTINUOUS
10
2.1429732283464564
20
0.6444929133858267
11
2.147062598425197
21
0.6463998425196851
0
LINE
8
BLACK
6
CONTINUOUS
10
2.147062598425197
20
0.6463998425196851
11
2.1504251968503936
21
0.6468425196850394
0
LINE
8
BLACK
6
CONTINUOUS
10
2.1504251968503936
20
0.6468425196850394
11
2.1838897637795274
21
0.6468425196850394
0
LINE
8
BLACK
6
CONTINUOUS
10
2.1838897637795274
20
0.6468425196850394
11
2.1872523622047244
21
0.6463998425196851
0
LINE
8
BLACK
6
CONTINUOUS
10
1.9509374015748031
20
0.6473998425196851
11
1.9550267716535432
21
0.6454929133858267
0
LINE
8
BLACK
6
CONTINUOUS
10
1.9550267716535432
20
0.6454929133858267
11
1.9582173228346456
21
0.6423023622047244
0
LINE
8
BLACK
6
CONTINUOUS
10
1.9582173228346456
20
0.6423023622047244
11
1.9601242519685038
21
0.6382129921259843
0
LINE
8
BLACK
6
CONTINUOUS
10
1.9601242519685038
20
0.6382129921259843
11
1.9605669291338583
21
0.6348503937007874
0
LINE
8
BLACK
6
CONTINUOUS
10
1.9605669291338583
20
0.6348503937007874
11
1.9605669291338583
21
0.5994173228346457
0
LINE
8
BLACK
6
CONTINUOUS
10
1.9605669291338583
20
0.5994173228346457
11
1.9601242519685038
21
0.5960547244094488
0
LINE
8
BLACK
6
CONTINUOUS
10
1.9601242519685038
20
0.5960547244094488
11
1.9582173228346456
21
0.5919653543307086
0
LINE
8
BLACK
6
CONTINUOUS
10
1.9582173228346456
20
0.5919653543307086
11
1.9550267716535432
21
0.5887748031496063
0
LINE
8
BLACK
6
CONTINUOUS
10
1.9550267716535432
20
0.5887748031496063
11
1.9509374015748031
21
0.586867874015748
0
LINE
8
BLACK
6
CONTINUOUS
10
1.9509374015748031
20
0.586867874015748
11
1.9475748031496063
21
0.5864251968503937
0
LINE
8
BLACK
6
CONTINUOUS
10
1.9475748031496063
20
0.5864251968503937
11
1.9141102362204725
21
0.5864251968503937
0
LINE
8
BLACK
6
CONTINUOUS
10
1.9141102362204725
20
0.5864251968503937
11
1.9107476377952755
21
0.586867874015748
0
LINE
8
BLACK
6
CONTINUOUS
10
1.9107476377952755
20
0.586867874015748
11
1.9066582677165353
21
0.5887748031496063
0
LINE
8
BLACK
6
CONTINUOUS
10
1.9066582677165353
20
0.5887748031496063
11
1.903467716535433
21
0.5919653543307086
0
LINE
8
BLACK
6
CONTINUOUS
10
1.903467716535433
20
0.5919653543307086
11
1.9015607874015747
21
0.5960547244094488
0
LINE
8
BLACK
6
CONTINUOUS
10
1.9015607874015747
20
0.5960547244094488
11
1.9011181102362205
21
0.5994173228346457
0
LINE
8
BLACK
6
CONTINUOUS
10
1.9011181102362205
20
0.5994173228346457
11
1.9011181102362205
21
0.6348503937007874
0
LINE
8
BLACK
6
CONTINUOUS
10
1.9011181102362205
20
0.6348503937007874
11
1.9015607874015747
21
0.6382129921259843
0
LINE
8
BLACK
6
CONTINUOUS
10
1.9015607874015747
20
0.6382129921259843
11
1.903467716535433
21
0.6423023622047244
0
LINE
8
BLACK
6
CONTINUOUS
10
1.903467716535433
20
0.6423023622047244
11
1.9066582677165353
21
0.6454929133858267
0
LINE
8
BLACK
6
CONTINUOUS
10
1.9066582677165353
20
0.6454929133858267
11
1.9107476377952755
21
0.6473998425196851
0
LINE
8
BLACK
6
CONTINUOUS
10
1.9107476377952755
20
0.6473998425196851
11
1.9141102362204725
21
0.6478425196850394
0
LINE
8
BLACK
6
CONTINUOUS
10
1.9141102362204725
20
0.6478425196850394
11
1.9475748031496063
21
0.6478425196850394
0
LINE
8
BLACK
6
CONTINUOUS
10
1.9475748031496063
20
0.6478425196850394
11
1.9509374015748031
21
0.6473998425196851
0
LINE
8
BLACK
6
CONTINUOUS
10
1.8670633858267716
20
0.6359903937007874
11
1.8711527559055117
21
0.6340834645669291
0
LINE
8
BLACK
6
CONTINUOUS
10
1.8711527559055117
20
0.6340834645669291
11
1.8743433070866142
21
0.6308929133858268
0
LINE
8
BLACK
6
CONTINUOUS
10
1.8743433070866142
20
0.6308929133858268
11
1.8762502362204725
21
0.6268035433070867
0
LINE
8
BLACK
6
CONTINUOUS
10
1.8762502362204725
20
0.6268035433070867
11
1.8766929133858268
21
0.6234409448818897
0
LINE
8
BLACK
6
CONTINUOUS
10
1.8766929133858268
20
0.6234409448818897
11
1.8766929133858268
21
0.603755905511811
0
LINE
8
BLACK
6
CONTINUOUS
10
1.8766929133858268
20
0.603755905511811
11
1.8762502362204725
21
0.6003933070866142
0
LINE
8
BLACK
6
CONTINUOUS
10
1.8762502362204725
20
0.6003933070866142
11
1.8743433070866142
21
0.596303937007874
0
LINE
8
BLACK
6
CONTINUOUS
10
1.8743433070866142
20
0.596303937007874
11
1.8711527559055117
21
0.5931133858267716
0
LINE
8
BLACK
6
CONTINUOUS
10
1.8711527559055117
20
0.5931133858267716
11
1.8670633858267716
21
0.5912064566929134
0
LINE
8
BLACK
6
CONTINUOUS
10
1.8670633858267716
20
0.5912064566929134
11
1.8637007874015747
21
0.5907637795275591
0
LINE
8
BLACK
6
CONTINUOUS
10
1.8637007874015747
20
0.5907637795275591
11
1.8262992125984252
21
0.5907637795275591
0
LINE
8
BLACK
6
CONTINUOUS
10
1.8262992125984252
20
0.5907637795275591
11
1.8229366141732284
21
0.5912064566929134
0
LINE
8
BLACK
6
CONTINUOUS
10
1.8229366141732284
20
0.5912064566929134
11
1.8188472440944881
21
0.5931133858267716
0
LINE
8
BLACK
6
CONTINUOUS
10
1.8188472440944881
20
0.5931133858267716
11
1.8156566929133857
21
0.596303937007874
0
LINE
8
BLACK
6
CONTINUOUS
10
1.8156566929133857
20
0.596303937007874
11
1.8137497637795275
21
0.6003933070866142
0
LINE
8
BLACK
6
CONTINUOUS
10
1.8137497637795275
20
0.6003933070866142
11
1.8133070866141732
21
0.603755905511811
0
LINE
8
BLACK
6
CONTINUOUS
10
1.8133070866141732
20
0.603755905511811
11
1.8133070866141732
21
0.6234409448818897
0
LINE
8
BLACK
6
CONTINUOUS
10
1.8133070866141732
20
0.6234409448818897
11
1.8137497637795275
21
0.6268035433070867
0
LINE
8
BLACK
6
CONTINUOUS
10
1.8137497637795275
20
0.6268035433070867
11
1.8156566929133857
21
0.6308929133858268
0
LINE
8
BLACK
6
CONTINUOUS
10
1.8156566929133857
20
0.6308929133858268
11
1.8188472440944881
21
0.6340834645669291
0
LINE
8
BLACK
6
CONTINUOUS
10
1.8188472440944881
20
0.6340834645669291
11
1.8229366141732284
21
0.6359903937007874
0
LINE
8
BLACK
6
CONTINUOUS
10
1.8229366141732284
20
0.6359903937007874
11
1.8262992125984252
21
0.6364330708661418
0
LINE
8
BLACK
6
CONTINUOUS
10
1.8262992125984252
20
0.6364330708661418
11
1.8637007874015747
21
0.6364330708661418
0
LINE
8
BLACK
6
CONTINUOUS
10
1.8637007874015747
20
0.6364330708661418
11
1.8670633858267716
21
0.6359903937007874
0
LINE
8
BLACK
6
CONTINUOUS
10
2.8852240157480313
20
0.6714718503937007
11
2.8926095669291336
21
0.6692314960629921
0
LINE
8
BLACK
6
CONTINUOUS
10
2.8926095669291336
20
0.6692314960629921
11
2.8994161417322832
21
0.6655933070866141
0
LINE
8
BLACK
6
CONTINUOUS
10
2.8994161417322832
20
0.6655933070866141
11
2.9053821653543306
21
0.6606971259842519
0
LINE
8
BLACK
6
CONTINUOUS
10
2.9053821653543306
20
0.6606971259842519
11
2.910278346456693
21
0.6547311023622047
0
LINE
8
BLACK
6
CONTINUOUS
10
2.910278346456693
20
0.6547311023622047
11
2.9139165354330707
21
0.6479245275590551
0
LINE
8
BLACK
6
CONTINUOUS
10
2.9139165354330707
20
0.6479245275590551
11
2.9161568897637795
21
0.6405389763779528
0
LINE
8
BLACK
6
CONTINUOUS
10
2.9161568897637795
20
0.6405389763779528
11
2.9169133858267715
21
0.6328582677165354
0
LINE
8
BLACK
6
CONTINUOUS
10
2.9169133858267715
20
0.6328582677165354
11
2.9161568897637795
21
0.6251775590551181
0
LINE
8
BLACK
6
CONTINUOUS
10
2.9161568897637795
20
0.6251775590551181
11
2.9139165354330707
21
0.6177920078740158
0
LINE
8
BLACK
6
CONTINUOUS
10
2.9139165354330707
20
0.6177920078740158
11
2.910278346456693
21
0.6109854330708662
0
LINE
8
BLACK
6
CONTINUOUS
10
2.910278346456693
20
0.6109854330708662
11
2.9053821653543306
21
0.6050194094488189
0
LINE
8
BLACK
6
CONTINUOUS
10
2.9053821653543306
20
0.6050194094488189
11
2.8994161417322832
21
0.6001232283464567
0
LINE
8
BLACK
6
CONTINUOUS
10
2.8994161417322832
20
0.6001232283464567
11
2.8926095669291336
21
0.5964850393700787
0
LINE
8
BLACK
6
CONTINUOUS
10
2.8926095669291336
20
0.5964850393700787
11
2.8852240157480313
21
0.5942446850393701
0
LINE
8
BLACK
6
CONTINUOUS
10
2.8852240157480313
20
0.5942446850393701
11
2.8775433070866141
21
0.5934881889763779
0
LINE
8
BLACK
6
CONTINUOUS
10
2.8775433070866141
20
0.5934881889763779
11
2.8698625984251969
21
0.5942446850393701
0
LINE
8
BLACK
6
CONTINUOUS
10
2.8698625984251969
20
0.5942446850393701
11
2.8624770472440946
21
0.5964850393700787
0
LINE
8
BLACK
6
CONTINUOUS
10
2.8624770472440946
20
0.5964850393700787
11
2.855670472440945
21
0.6001232283464567
0
LINE
8
BLACK
6
CONTINUOUS
10
2.855670472440945
20
0.6001232283464567
11
2.8497044488188976
21
0.6050194094488189
0
LINE
8
BLACK
6
CONTINUOUS
10
2.8497044488188976
20
0.6050194094488189
11
2.8448082677165352
21
0.6109854330708662
0
LINE
8
BLACK
6
CONTINUOUS
10
2.8448082677165352
20
0.6109854330708662
11
2.8411700787401575
21
0.6177920078740158
0
LINE
8
BLACK
6
CONTINUOUS
10
2.8411700787401575
20
0.6177920078740158
11
2.8389297244094487
21
0.6251775590551181
0
LINE
8
BLACK
6
CONTINUOUS
10
2.8389297244094487
20
0.6251775590551181
11
2.8381732283464567
21
0.6328582677165354
0
LINE
8
BLACK
6
CONTINUOUS
10
2.8381732283464567
20
0.6328582677165354
11
2.8389297244094487
21
0.6405389763779528
0
LINE
8
BLACK
6
CONTINUOUS
10
2.8389297244094487
20
0.6405389763779528
11
2.8411700787401575
21
0.6479245275590551
0
LINE
8
BLACK
6
CONTINUOUS
10
2.8411700787401575
20
0.6479245275590551
11
2.8448082677165352
21
0.6547311023622047
0
LINE
8
BLACK
6
CONTINUOUS
10
2.8448082677165352
20
0.6547311023622047
11
2.8497044488188976
21
0.6606971259842519
0
LINE
8
BLACK
6
CONTINUOUS
10
2.8497044488188976
20
0.6606971259842519
11
2.855670472440945
21
0.6655933070866141
0
LINE
8
BLACK
6
CONTINUOUS
10
2.855670472440945
20
0.6655933070866141
11
2.8624770472440946
21
0.6692314960629921
0
LINE
8
BLACK
6
CONTINUOUS
10
2.8624770472440946
20
0.6692314960629921
11
2.8698625984251969
21
0.6714718503937007
0
LINE
8
BLACK
6
CONTINUOUS
10
2.8698625984251969
20
0.6714718503937007
11
2.8775433070866141
21
0.6722283464566929
0
LINE
8
BLACK
6
CONTINUOUS
10
2.8775433070866141
20
0.6722283464566929
11
2.8852240157480313
21
0.6714718503937007
0
LINE
8
BLACK
6
CONTINUOUS
10
1.3569295275590552
20
0.6782817322834646
11
1.3610188976377953
21
0.6763748031496063
0
LINE
8
BLACK
6
CONTINUOUS
10
1.3610188976377953
20
0.6763748031496063
11
1.3642094488188976
21
0.673184251968504
0
LINE
8
BLACK
6
CONTINUOUS
10
1.3642094488188976
20
0.673184251968504
11
1.3661163779527559
21
0.6690948818897637
0
LINE
8
BLACK
6
CONTINUOUS
10
1.3661163779527559
20
0.6690948818897637
11
1.3665590551181102
21
0.6657322834645669
0
LINE
8
BLACK
6
CONTINUOUS
10
1.3665590551181102
20
0.6657322834645669
11
1.3665590551181102
21
0.632267716535433
0
LINE
8
BLACK
6
CONTINUOUS
10
1.3665590551181102
20
0.632267716535433
11
1.3661163779527559
21
0.6289051181102362
0
LINE
8
BLACK
6
CONTINUOUS
10
1.3661163779527559
20
0.6289051181102362
11
1.3642094488188976
21
0.6248157480314961
0
LINE
8
BLACK
6
CONTINUOUS
10
1.3642094488188976
20
0.6248157480314961
11
1.3610188976377953
21
0.6216251968503936
0
LINE
8
BLACK
6
CONTINUOUS
10
1.3610188976377953
20
0.6216251968503936
11
1.3569295275590552
21
0.6197182677165354
0
LINE
8
BLACK
6
CONTINUOUS
10
1.3569295275590552
20
0.6197182677165354
11
1.3535669291338583
21
0.6192755905511811
0
LINE
8
BLACK
6
CONTINUOUS
10
1.3535669291338583
20
0.6192755905511811
11
1.3181338582677165
21
0.6192755905511811
0
LINE
8
BLACK
6
CONTINUOUS
10
1.3181338582677165
20
0.6192755905511811
11
1.3147712598425196
21
0.6197182677165354
0
LINE
8
BLACK
6
CONTINUOUS
10
1.3147712598425196
20
0.6197182677165354
11
1.3106818897637795
21
0.6216251968503936
0
LINE
8
BLACK
6
CONTINUOUS
10
1.3106818897637795
20
0.6216251968503936
11
1.3074913385826772
21
0.6248157480314961
0
LINE
8
BLACK
6
CONTINUOUS
10
1.3074913385826772
20
0.6248157480314961
11
1.3055844094488189
21
0.6289051181102362
0
LINE
8
BLACK
6
CONTINUOUS
10
1.3055844094488189
20
0.6289051181102362
11
1.3051417322834646
21
0.632267716535433
0
LINE
8
BLACK
6
CONTINUOUS
10
1.3051417322834646
20
0.632267716535433
11
1.3051417322834646
21
0.6657322834645669
0
LINE
8
BLACK
6
CONTINUOUS
10
1.3051417322834646
20
0.6657322834645669
11
1.3055844094488189
21
0.6690948818897637
0
LINE
8
BLACK
6
CONTINUOUS
10
1.3055844094488189
20
0.6690948818897637
11
1.3074913385826772
21
0.673184251968504
0
LINE
8
BLACK
6
CONTINUOUS
10
1.3074913385826772
20
0.673184251968504
11
1.3106818897637795
21
0.6763748031496063
0
LINE
8
BLACK
6
CONTINUOUS
10
1.3106818897637795
20
0.6763748031496063
11
1.3147712598425196
21
0.6782817322834646
0
LINE
8
BLACK
6
CONTINUOUS
10
1.3147712598425196
20
0.6782817322834646
11
1.3181338582677165
21
0.6787244094488188
0
LINE
8
BLACK
6
CONTINUOUS
10
1.3181338582677165
20
0.6787244094488188
11
1.3535669291338583
21
0.6787244094488188
0
LINE
8
BLACK
6
CONTINUOUS
10
1.3535669291338583
20
0.6787244094488188
11
1.3569295275590552
21
0.6782817322834646
0
LINE
8
BLACK
6
CONTINUOUS
10
1.4632287401574804
20
0.6782817322834646
11
1.4673181102362205
21
0.6763748031496063
0
LINE
8
BLACK
6
CONTINUOUS
10
1.4673181102362205
20
0.6763748031496063
11
1.4705086614173228
21
0.673184251968504
0
LINE
8
BLACK
6
CONTINUOUS
10
1.4705086614173228
20
0.673184251968504
11
1.4724155905511811
21
0.6690948818897637
0
LINE
8
BLACK
6
CONTINUOUS
10
1.4724155905511811
20
0.6690948818897637
11
1.4728582677165354
21
0.6657322834645669
0
LINE
8
BLACK
6
CONTINUOUS
10
1.4728582677165354
20
0.6657322834645669
11
1.4728582677165354
21
0.632267716535433
0
LINE
8
BLACK
6
CONTINUOUS
10
1.4728582677165354
20
0.632267716535433
11
1.4724155905511811
21
0.6289051181102362
0
LINE
8
BLACK
6
CONTINUOUS
10
1.4724155905511811
20
0.6289051181102362
11
1.4705086614173228
21
0.6248157480314961
0
LINE
8
BLACK
6
CONTINUOUS
10
1.4705086614173228
20
0.6248157480314961
11
1.4673181102362205
21
0.6216251968503936
0
LINE
8
BLACK
6
CONTINUOUS
10
1.4673181102362205
20
0.6216251968503936
11
1.4632287401574804
21
0.6197182677165354
0
LINE
8
BLACK
6
CONTINUOUS
10
1.4632287401574804
20
0.6197182677165354
11
1.4598661417322834
21
0.6192755905511811
0
LINE
8
BLACK
6
CONTINUOUS
10
1.4598661417322834
20
0.6192755905511811
11
1.4244330708661417
21
0.6192755905511811
0
LINE
8
BLACK
6
CONTINUOUS
10
1.4244330708661417
20
0.6192755905511811
11
1.4210704724409449
21
0.6197182677165354
0
LINE
8
BLACK
6
CONTINUOUS
10
1.4210704724409449
20
0.6197182677165354
11
1.4169811023622048
21
0.6216251968503936
0
LINE
8
BLACK
6
CONTINUOUS
10
1.4169811023622048
20
0.6216251968503936
11
1.4137905511811024
21
0.6248157480314961
0
LINE
8
BLACK
6
CONTINUOUS
10
1.4137905511811024
20
0.6248157480314961
11
1.4118836220472442
21
0.6289051181102362
0
LINE
8
BLACK
6
CONTINUOUS
10
1.4118836220472442
20
0.6289051181102362
11
1.4114409448818896
21
0.632267716535433
0
LINE
8
BLACK
6
CONTINUOUS
10
1.4114409448818896
20
0.632267716535433
11
1.4114409448818896
21
0.6657322834645669
0
LINE
8
BLACK
6
CONTINUOUS
10
1.4114409448818896
20
0.6657322834645669
11
1.4118836220472442
21
0.6690948818897637
0
LINE
8
BLACK
6
CONTINUOUS
10
1.4118836220472442
20
0.6690948818897637
11
1.4137905511811024
21
0.673184251968504
0
LINE
8
BLACK
6
CONTINUOUS
10
1.4137905511811024
20
0.673184251968504
11
1.4169811023622048
21
0.6763748031496063
0
LINE
8
BLACK
6
CONTINUOUS
10
1.4169811023622048
20
0.6763748031496063
11
1.4210704724409449
21
0.6782817322834646
0
LINE
8
BLACK
6
CONTINUOUS
10
1.4210704724409449
20
0.6782817322834646
11
1.4244330708661417
21
0.6787244094488188
0
LINE
8
BLACK
6
CONTINUOUS
10
1.4244330708661417
20
0.6787244094488188
11
1.4598661417322834
21
0.6787244094488188
0
LINE
8
BLACK
6
CONTINUOUS
10
1.4598661417322834
20
0.6787244094488188
11
1.4632287401574804
21
0.6782817322834646
0
LINE
8
BLACK
6
CONTINUOUS
10
1.5510791338582677
20
0.6678092913385827
11
1.5551685039370078
21
0.6659023622047244
0
LINE
8
BLACK
6
CONTINUOUS
10
1.5551685039370078
20
0.6659023622047244
11
1.5583590551181101
21
0.662711811023622
0
LINE
8
BLACK
6
CONTINUOUS
10
1.5583590551181101
20
0.662711811023622
11
1.5602659842519684
21
0.6586224409448819
0
LINE
8
BLACK
6
CONTINUOUS
10
1.5602659842519684
20
0.6586224409448819
11
1.5607086614173229
21
0.6552598425196851
0
LINE
8
BLACK
6
CONTINUOUS
10
1.5607086614173229
20
0.6552598425196851
11
1.5607086614173229
21
0.6345905511811023
0
LINE
8
BLACK
6
CONTINUOUS
10
1.5607086614173229
20
0.6345905511811023
11
1.5602659842519684
21
0.6312279527559055
0
LINE
8
BLACK
6
CONTINUOUS
10
1.5602659842519684
20
0.6312279527559055
11
1.5583590551181101
21
0.6271385826771654
0
LINE
8
BLACK
6
CONTINUOUS
10
1.5583590551181101
20
0.6271385826771654
11
1.5551685039370078
21
0.6239480314960629
0
LINE
8
BLACK
6
CONTINUOUS
10
1.5551685039370078
20
0.6239480314960629
11
1.5510791338582677
21
0.6220411023622047
0
LINE
8
BLACK
6
CONTINUOUS
10
1.5510791338582677
20
0.6220411023622047
11
1.5477165354330709
21
0.6215984251968504
0
LINE
8
BLACK
6
CONTINUOUS
10
1.5477165354330709
20
0.6215984251968504
11
1.5122834645669292
21
0.6215984251968504
0
LINE
8
BLACK
6
CONTINUOUS
10
1.5122834645669292
20
0.6215984251968504
11
1.5089208661417322
21
0.6220411023622047
0
LINE
8
BLACK
6
CONTINUOUS
10
1.5089208661417322
20
0.6220411023622047
11
1.504831496062992
21
0.6239480314960629
0
LINE
8
BLACK
6
CONTINUOUS
10
1.504831496062992
20
0.6239480314960629
11
1.5016409448818897
21
0.6271385826771654
0
LINE
8
BLACK
6
CONTINUOUS
10
1.5016409448818897
20
0.6271385826771654
11
1.4997340157480314
21
0.6312279527559055
0
LINE
8
BLACK
6
CONTINUOUS
10
1.4997340157480314
20
0.6312279527559055
11
1.4992913385826772
21
0.6345905511811023
0
LINE
8
BLACK
6
CONTINUOUS
10
1.4992913385826772
20
0.6345905511811023
11
1.4992913385826772
21
0.6552598425196851
0
LINE
8
BLACK
6
CONTINUOUS
10
1.4992913385826772
20
0.6552598425196851
11
1.4997340157480314
21
0.6586224409448819
0
LINE
8
BLACK
6
CONTINUOUS
10
1.4997340157480314
20
0.6586224409448819
11
1.5016409448818897
21
0.662711811023622
0
LINE
8
BLACK
6
CONTINUOUS
10
1.5016409448818897
20
0.662711811023622
11
1.504831496062992
21
0.6659023622047244
0
LINE
8
BLACK
6
CONTINUOUS
10
1.504831496062992
20
0.6659023622047244
11
1.5089208661417322
21
0.6678092913385827
0
LINE
8
BLACK
6
CONTINUOUS
10
1.5089208661417322
20
0.6678092913385827
11
1.5122834645669292
21
0.668251968503937
0
LINE
8
BLACK
6
CONTINUOUS
10
1.5122834645669292
20
0.668251968503937
11
1.5477165354330709
21
0.668251968503937
0
LINE
8
BLACK
6
CONTINUOUS
10
1.5477165354330709
20
0.668251968503937
11
1.5510791338582677
21
0.6678092913385827
0
LINE
8
BLACK
6
CONTINUOUS
10
2.3097720472440946
20
0.6932659842519685
11
2.3138614173228347
21
0.6913590551181102
0
LINE
8
BLACK
6
CONTINUOUS
10
2.3138614173228347
20
0.6913590551181102
11
2.3170519685039368
21
0.6881685039370079
0
LINE
8
BLACK
6
CONTINUOUS
10
2.3170519685039368
20
0.6881685039370079
11
2.3189588976377951
21
0.6840791338582677
0
LINE
8
BLACK
6
CONTINUOUS
10
2.3189588976377951
20
0.6840791338582677
11
2.3194015748031496
21
0.6807165354330709
0
LINE
8
BLACK
6
CONTINUOUS
10
2.3194015748031496
20
0.6807165354330709
11
2.3194015748031496
21
0.6452834645669291
0
LINE
8
BLACK
6
CONTINUOUS
10
2.3194015748031496
20
0.6452834645669291
11
2.3189588976377951
21
0.6419208661417323
0
LINE
8
BLACK
6
CONTINUOUS
10
2.3189588976377951
20
0.6419208661417323
11
2.3170519685039368
21
0.6378314960629922
0
LINE
8
BLACK
6
CONTINUOUS
10
2.3170519685039368
20
0.6378314960629922
11
2.3138614173228347
21
0.6346409448818897
0
LINE
8
BLACK
6
CONTINUOUS
10
2.3138614173228347
20
0.6346409448818897
11
2.3097720472440946
21
0.6327340157480315
0
LINE
8
BLACK
6
CONTINUOUS
10
2.3097720472440946
20
0.6327340157480315
11
2.3064094488188975
21
0.6322913385826772
0
LINE
8
BLACK
6
CONTINUOUS
10
2.3064094488188975
20
0.6322913385826772
11
2.2857401574803151
21
0.6322913385826772
0
LINE
8
BLACK
6
CONTINUOUS
10
2.2857401574803151
20
0.6322913385826772
11
2.2823775590551181
21
0.6327340157480315
0
LINE
8
BLACK
6
CONTINUOUS
10
2.2823775590551181
20
0.6327340157480315
11
2.278288188976378
21
0.6346409448818897
0
LINE
8
BLACK
6
CONTINUOUS
10
2.278288188976378
20
0.6346409448818897
11
2.2750976377952754
21
0.6378314960629922
0
LINE
8
BLACK
6
CONTINUOUS
10
2.2750976377952754
20
0.6378314960629922
11
2.2731907086614171
21
0.6419208661417323
0
LINE
8
BLACK
6
CONTINUOUS
10
2.2731907086614171
20
0.6419208661417323
11
2.2727480314960631
21
0.6452834645669291
0
LINE
8
BLACK
6
CONTINUOUS
10
2.2727480314960631
20
0.6452834645669291
11
2.2727480314960631
21
0.6807165354330709
0
LINE
8
BLACK
6
CONTINUOUS
10
2.2727480314960631
20
0.6807165354330709
11
2.2731907086614171
21
0.6840791338582677
0
LINE
8
BLACK
6
CONTINUOUS
10
2.2731907086614171
20
0.6840791338582677
11
2.2750976377952754
21
0.6881685039370079
0
LINE
8
BLACK
6
CONTINUOUS
10
2.2750976377952754
20
0.6881685039370079
11
2.278288188976378
21
0.6913590551181102
0
LINE
8
BLACK
6
CONTINUOUS
10
2.278288188976378
20
0.6913590551181102
11
2.2823775590551181
21
0.6932659842519685
0
LINE
8
BLACK
6
CONTINUOUS
10
2.2823775590551181
20
0.6932659842519685
11
2.2857401574803151
21
0.6937086614173228
0
LINE
8
BLACK
6
CONTINUOUS
10
2.2857401574803151
20
0.6937086614173228
11
2.3064094488188975
21
0.6937086614173228
0
LINE
8
BLACK
6
CONTINUOUS
10
2.3064094488188975
20
0.6937086614173228
11
2.3097720472440946
21
0.6932659842519685
0
LINE
8
BLACK
6
CONTINUOUS
10
2.3816224409448816
20
0.6932659842519685
11
2.3857118110236222
21
0.6913590551181102
0
LINE
8
BLACK
6
CONTINUOUS
10
2.3857118110236222
20
0.6913590551181102
11
2.3889023622047243
21
0.6881685039370079
0
LINE
8
BLACK
6
CONTINUOUS
10
2.3889023622047243
20
0.6881685039370079
11
2.3908092913385826
21
0.6840791338582677
0
LINE
8
BLACK
6
CONTINUOUS
10
2.3908092913385826
20
0.6840791338582677
11
2.3912519685039371
21
0.6807165354330709
0
LINE
8
BLACK
6
CONTINUOUS
10
2.3912519685039371
20
0.6807165354330709
11
2.3912519685039371
21
0.6452834645669291
0
LINE
8
BLACK
6
CONTINUOUS
10
2.3912519685039371
20
0.6452834645669291
11
2.3908092913385826
21
0.6419208661417323
0
LINE
8
BLACK
6
CONTINUOUS
10
2.3908092913385826
20
0.6419208661417323
11
2.3889023622047243
21
0.6378314960629922
0
LINE
8
BLACK
6
CONTINUOUS
10
2.3889023622047243
20
0.6378314960629922
11
2.3857118110236222
21
0.6346409448818897
0
LINE
8
BLACK
6
CONTINUOUS
10
2.3857118110236222
20
0.6346409448818897
11
2.3816224409448816
21
0.6327340157480315
0
LINE
8
BLACK
6
CONTINUOUS
10
2.3816224409448816
20
0.6327340157480315
11
2.378259842519685
21
0.6322913385826772
0
LINE
8
BLACK
6
CONTINUOUS
10
2.378259842519685
20
0.6322913385826772
11
2.3575905511811022
21
0.6322913385826772
0
LINE
8
BLACK
6
CONTINUOUS
10
2.3575905511811022
20
0.6322913385826772
11
2.3542279527559056
21
0.6327340157480315
0
LINE
8
BLACK
6
CONTINUOUS
10
2.3542279527559056
20
0.6327340157480315
11
2.3501385826771655
21
0.6346409448818897
0
LINE
8
BLACK
6
CONTINUOUS
10
2.3501385826771655
20
0.6346409448818897
11
2.3469480314960629
21
0.6378314960629922
0
LINE
8
BLACK
6
CONTINUOUS
10
2.3469480314960629
20
0.6378314960629922
11
2.3450411023622046
21
0.6419208661417323
0
LINE
8
BLACK
6
CONTINUOUS
10
2.3450411023622046
20
0.6419208661417323
11
2.3445984251968501
21
0.6452834645669291
0
LINE
8
BLACK
6
CONTINUOUS
10
2.3445984251968501
20
0.6452834645669291
11
2.3445984251968501
21
0.6807165354330709
0
LINE
8
BLACK
6
CONTINUOUS
10
2.3445984251968501
20
0.6807165354330709
11
2.3450411023622046
21
0.6840791338582677
0
LINE
8
BLACK
6
CONTINUOUS
10
2.3450411023622046
20
0.6840791338582677
11
2.3469480314960629
21
0.6881685039370079
0
LINE
8
BLACK
6
CONTINUOUS
10
2.3469480314960629
20
0.6881685039370079
11
2.3501385826771655
21
0.6913590551181102
0
LINE
8
BLACK
6
CONTINUOUS
10
2.3501385826771655
20
0.6913590551181102
11
2.3542279527559056
21
0.6932659842519685
0
LINE
8
BLACK
6
CONTINUOUS
10
2.3542279527559056
20
0.6932659842519685
11
2.3575905511811022
21
0.6937086614173228
0
LINE
8
BLACK
6
CONTINUOUS
10
2.3575905511811022
20
0.6937086614173228
11
2.378259842519685
21
0.6937086614173228
0
LINE
8
BLACK
6
CONTINUOUS
10
2.378259842519685
20
0.6937086614173228
11
2.3816224409448816
21
0.6932659842519685
0
LINE
8
BLACK
6
CONTINUOUS
10
0.4259297244094488
20
0.6502877952755906
11
0.4269515354330709
21
0.6496050787401575
0
LINE
8
BLACK
6
CONTINUOUS
10
0.4269515354330709
20
0.6496050787401575
11
0.4276342519685039
21
0.6485832677165354
0
LINE
8
BLACK
6
CONTINUOUS
10
0.4276342519685039
20
0.6485832677165354
11
0.4278740157480315
21
0.6473779527559055
0
LINE
8
BLACK
6
CONTINUOUS
10
0.4278740157480315
20
0.6473779527559055
11
0.4278740157480315
21
0.6355669291338583
0
LINE
8
BLACK
6
CONTINUOUS
10
0.4278740157480315
20
0.6355669291338583
11
0.4276342519685039
21
0.6343616141732283
0
LINE
8
BLACK
6
CONTINUOUS
10
0.4276342519685039
20
0.6343616141732283
11
0.4269515354330709
21
0.6333398031496063
0
LINE
8
BLACK
6
CONTINUOUS
10
0.4269515354330709
20
0.6333398031496063
11
0.4259297244094488
21
0.6326570866141732
0
LINE
8
BLACK
6
CONTINUOUS
10
0.4259297244094488
20
0.6326570866141732
11
0.4247244094488189
21
0.6324173228346457
0
LINE
8
BLACK
6
CONTINUOUS
10
0.4247244094488189
20
0.6324173228346457
11
0.3932283464566929
21
0.6324173228346457
0
LINE
8
BLACK
6
CONTINUOUS
10
0.3932283464566929
20
0.6324173228346457
11
0.392023031496063
21
0.6326570866141732
0
LINE
8
BLACK
6
CONTINUOUS
10
0.392023031496063
20
0.6326570866141732
11
0.391001220472441
21
0.6333398031496063
0
LINE
8
BLACK
6
CONTINUOUS
10
0.391001220472441
20
0.6333398031496063
11
0.3903185039370078
21
0.6343616141732283
0
LINE
8
BLACK
6
CONTINUOUS
10
0.3903185039370078
20
0.6343616141732283
11
0.3900787401574803
21
0.6355669291338583
0
LINE
8
BLACK
6
CONTINUOUS
10
0.3900787401574803
20
0.6355669291338583
11
0.3900787401574803
21
0.6473779527559055
0
LINE
8
BLACK
6
CONTINUOUS
10
0.3900787401574803
20
0.6473779527559055
11
0.3903185039370078
21
0.6485832677165354
0
LINE
8
BLACK
6
CONTINUOUS
10
0.3903185039370078
20
0.6485832677165354
11
0.391001220472441
21
0.6496050787401575
0
LINE
8
BLACK
6
CONTINUOUS
10
0.391001220472441
20
0.6496050787401575
11
0.392023031496063
21
0.6502877952755906
0
LINE
8
BLACK
6
CONTINUOUS
10
0.392023031496063
20
0.6502877952755906
11
0.3932283464566929
21
0.6505275590551181
0
LINE
8
BLACK
6
CONTINUOUS
10
0.3932283464566929
20
0.6505275590551181
11
0.4247244094488189
21
0.6505275590551181
0
LINE
8
BLACK
6
CONTINUOUS
10
0.4247244094488189
20
0.6505275590551181
11
0.4259297244094488
21
0.6502877952755906
0
LINE
8
BLACK
6
CONTINUOUS
10
0.547976968503937
20
0.6502877952755906
11
0.548998779527559
21
0.6496050787401575
0
LINE
8
BLACK
6
CONTINUOUS
10
0.548998779527559
20
0.6496050787401575
11
0.5496814960629921
21
0.6485832677165354
0
LINE
8
BLACK
6
CONTINUOUS
10
0.5496814960629921
20
0.6485832677165354
11
0.5499212598425197
21
0.6473779527559055
0
LINE
8
BLACK
6
CONTINUOUS
10
0.5499212598425197
20
0.6473779527559055
11
0.5499212598425197
21
0.6355669291338583
0
LINE
8
BLACK
6
CONTINUOUS
10
0.5499212598425197
20
0.6355669291338583
11
0.5496814960629921
21
0.6343616141732283
0
LINE
8
BLACK
6
CONTINUOUS
10
0.5496814960629921
20
0.6343616141732283
11
0.548998779527559
21
0.6333398031496063
0
LINE
8
BLACK
6
CONTINUOUS
10
0.548998779527559
20
0.6333398031496063
11
0.547976968503937
21
0.6326570866141732
0
LINE
8
BLACK
6
CONTINUOUS
10
0.547976968503937
20
0.6326570866141732
11
0.546771653543307
21
0.6324173228346457
0
LINE
8
BLACK
6
CONTINUOUS
10
0.546771653543307
20
0.6324173228346457
11
0.5152755905511811
21
0.6324173228346457
0
LINE
8
BLACK
6
CONTINUOUS
10
0.5152755905511811
20
0.6324173228346457
11
0.5140702755905512
21
0.6326570866141732
0
LINE
8
BLACK
6
CONTINUOUS
10
0.5140702755905512
20
0.6326570866141732
11
0.5130484645669291
21
0.6333398031496063
0
LINE
8
BLACK
6
CONTINUOUS
10
0.5130484645669291
20
0.6333398031496063
11
0.512365748031496
21
0.6343616141732283
0
LINE
8
BLACK
6
CONTINUOUS
10
0.512365748031496
20
0.6343616141732283
11
0.5121259842519685
21
0.6355669291338583
0
LINE
8
BLACK
6
CONTINUOUS
10
0.5121259842519685
20
0.6355669291338583
11
0.5121259842519685
21
0.6473779527559055
0
LINE
8
BLACK
6
CONTINUOUS
10
0.5121259842519685
20
0.6473779527559055
11
0.512365748031496
21
0.6485832677165354
0
LINE
8
BLACK
6
CONTINUOUS
10
0.512365748031496
20
0.6485832677165354
11
0.5130484645669291
21
0.6496050787401575
0
LINE
8
BLACK
6
CONTINUOUS
10
0.5130484645669291
20
0.6496050787401575
11
0.5140702755905512
21
0.6502877952755906
0
LINE
8
BLACK
6
CONTINUOUS
10
0.5140702755905512
20
0.6502877952755906
11
0.5152755905511811
21
0.6505275590551181
0
LINE
8
BLACK
6
CONTINUOUS
10
0.5152755905511811
20
0.6505275590551181
11
0.546771653543307
21
0.6505275590551181
0
LINE
8
BLACK
6
CONTINUOUS
10
0.546771653543307
20
0.6505275590551181
11
0.547976968503937
21
0.6502877952755906
0
LINE
8
BLACK
6
CONTINUOUS
10
2.0710791338582677
20
0.6908092913385827
11
2.0751685039370078
21
0.6889023622047243
0
LINE
8
BLACK
6
CONTINUOUS
10
2.0751685039370078
20
0.6889023622047243
11
2.0783590551181104
21
0.685711811023622
0
LINE
8
BLACK
6
CONTINUOUS
10
2.0783590551181104
20
0.685711811023622
11
2.0802659842519686
21
0.6816224409448819
0
LINE
8
BLACK
6
CONTINUOUS
10
2.0802659842519686
20
0.6816224409448819
11
2.0807086614173227
21
0.6782598425196851
0
LINE
8
BLACK
6
CONTINUOUS
10
2.0807086614173227
20
0.6782598425196851
11
2.0807086614173227
21
0.6575905511811023
0
LINE
8
BLACK
6
CONTINUOUS
10
2.0807086614173227
20
0.6575905511811023
11
2.0802659842519686
21
0.6542279527559055
0
LINE
8
BLACK
6
CONTINUOUS
10
2.0802659842519686
20
0.6542279527559055
11
2.0783590551181104
21
0.6501385826771653
0
LINE
8
BLACK
6
CONTINUOUS
10
2.0783590551181104
20
0.6501385826771653
11
2.0751685039370078
21
0.6469480314960629
0
LINE
8
BLACK
6
CONTINUOUS
10
2.0751685039370078
20
0.6469480314960629
11
2.0710791338582677
21
0.6450411023622047
0
LINE
8
BLACK
6
CONTINUOUS
10
2.0710791338582677
20
0.6450411023622047
11
2.0677165354330707
21
0.6445984251968504
0
LINE
8
BLACK
6
CONTINUOUS
10
2.0677165354330707
20
0.6445984251968504
11
2.032283464566929
21
0.6445984251968504
0
LINE
8
BLACK
6
CONTINUOUS
10
2.032283464566929
20
0.6445984251968504
11
2.0289208661417324
21
0.6450411023622047
0
LINE
8
BLACK
6
CONTINUOUS
10
2.0289208661417324
20
0.6450411023622047
11
2.0248314960629923
21
0.6469480314960629
0
LINE
8
BLACK
6
CONTINUOUS
10
2.0248314960629923
20
0.6469480314960629
11
2.0216409448818897
21
0.6501385826771653
0
LINE
8
BLACK
6
CONTINUOUS
10
2.0216409448818897
20
0.6501385826771653
11
2.0197340157480315
21
0.6542279527559055
0
LINE
8
BLACK
6
CONTINUOUS
10
2.0197340157480315
20
0.6542279527559055
11
2.019291338582677
21
0.6575905511811023
0
LINE
8
BLACK
6
CONTINUOUS
10
2.019291338582677
20
0.6575905511811023
11
2.019291338582677
21
0.6782598425196851
0
LINE
8
BLACK
6
CONTINUOUS
10
2.019291338582677
20
0.6782598425196851
11
2.0197340157480315
21
0.6816224409448819
0
LINE
8
BLACK
6
CONTINUOUS
10
2.0197340157480315
20
0.6816224409448819
11
2.0216409448818897
21
0.685711811023622
0
LINE
8
BLACK
6
CONTINUOUS
10
2.0216409448818897
20
0.685711811023622
11
2.0248314960629923
21
0.6889023622047243
0
LINE
8
BLACK
6
CONTINUOUS
10
2.0248314960629923
20
0.6889023622047243
11
2.0289208661417324
21
0.6908092913385827
0
LINE
8
BLACK
6
CONTINUOUS
10
2.0289208661417324
20
0.6908092913385827
11
2.032283464566929
21
0.691251968503937
0
LINE
8
BLACK
6
CONTINUOUS
10
2.032283464566929
20
0.691251968503937
11
2.0677165354330707
21
0.691251968503937
0
LINE
8
BLACK
6
CONTINUOUS
10
2.0677165354330707
20
0.691251968503937
11
2.0710791338582677
21
0.6908092913385827
0
LINE
8
BLACK
6
CONTINUOUS
10
1.7118468503937008
20
0.7102659842519685
11
1.7159362204724409
21
0.7083590551181103
0
LINE
8
BLACK
6
CONTINUOUS
10
1.7159362204724409
20
0.7083590551181103
11
1.7191267716535432
21
0.7051685039370078
0
LINE
8
BLACK
6
CONTINUOUS
10
1.7191267716535432
20
0.7051685039370078
11
1.7210337007874015
21
0.7010791338582677
0
LINE
8
BLACK
6
CONTINUOUS
10
1.7210337007874015
20
0.7010791338582677
11
1.7214763779527558
21
0.6977165354330709
0
LINE
8
BLACK
6
CONTINUOUS
10
1.7214763779527558
20
0.6977165354330709
11
1.7214763779527558
21
0.6622834645669291
0
LINE
8
BLACK
6
CONTINUOUS
10
1.7214763779527558
20
0.6622834645669291
11
1.7210337007874015
21
0.6589208661417323
0
LINE
8
BLACK
6
CONTINUOUS
10
1.7210337007874015
20
0.6589208661417323
11
1.7191267716535432
21
0.6548314960629921
0
LINE
8
BLACK
6
CONTINUOUS
10
1.7191267716535432
20
0.6548314960629921
11
1.7159362204724409
21
0.6516409448818897
0
LINE
8
BLACK
6
CONTINUOUS
10
1.7159362204724409
20
0.6516409448818897
11
1.7118468503937008
21
0.6497340157480315
0
LINE
8
BLACK
6
CONTINUOUS
10
1.7118468503937008
20
0.6497340157480315
11
1.708484251968504
21
0.6492913385826772
0
LINE
8
BLACK
6
CONTINUOUS
10
1.708484251968504
20
0.6492913385826772
11
1.6878149606299213
21
0.6492913385826772
0
LINE
8
BLACK
6
CONTINUOUS
10
1.6878149606299213
20
0.6492913385826772
11
1.6844523622047243
21
0.6497340157480315
0
LINE
8
BLACK
6
CONTINUOUS
10
1.6844523622047243
20
0.6497340157480315
11
1.6803629921259842
21
0.6516409448818897
0
LINE
8
BLACK
6
CONTINUOUS
10
1.6803629921259842
20
0.6516409448818897
11
1.6771724409448818
21
0.6548314960629921
0
LINE
8
BLACK
6
CONTINUOUS
10
1.6771724409448818
20
0.6548314960629921
11
1.6752655118110236
21
0.6589208661417323
0
LINE
8
BLACK
6
CONTINUOUS
10
1.6752655118110236
20
0.6589208661417323
11
1.6748228346456693
21
0.6622834645669291
0
LINE
8
BLACK
6
CONTINUOUS
10
1.6748228346456693
20
0.6622834645669291
11
1.6748228346456693
21
0.6977165354330709
0
LINE
8
BLACK
6
CONTINUOUS
10
1.6748228346456693
20
0.6977165354330709
11
1.6752655118110236
21
0.7010791338582677
0
LINE
8
BLACK
6
CONTINUOUS
10
1.6752655118110236
20
0.7010791338582677
11
1.6771724409448818
21
0.7051685039370078
0
LINE
8
BLACK
6
CONTINUOUS
10
1.6771724409448818
20
0.7051685039370078
11
1.6803629921259842
21
0.7083590551181103
0
LINE
8
BLACK
6
CONTINUOUS
10
1.6803629921259842
20
0.7083590551181103
11
1.6844523622047243
21
0.7102659842519685
0
LINE
8
BLACK
6
CONTINUOUS
10
1.6844523622047243
20
0.7102659842519685
11
1.6878149606299213
21
0.7107086614173228
0
LINE
8
BLACK
6
CONTINUOUS
10
1.6878149606299213
20
0.7107086614173228
11
1.708484251968504
21
0.7107086614173228
0
LINE
8
BLACK
6
CONTINUOUS
10
1.708484251968504
20
0.7107086614173228
11
1.7118468503937008
21
0.7102659842519685
0
LINE
8
BLACK
6
CONTINUOUS
10
1.783697244094488
20
0.7102659842519685
11
1.7877866141732284
21
0.7083590551181103
0
LINE
8
BLACK
6
CONTINUOUS
10
1.7877866141732284
20
0.7083590551181103
11
1.7909771653543307
21
0.7051685039370078
0
LINE
8
BLACK
6
CONTINUOUS
10
1.7909771653543307
20
0.7051685039370078
11
1.792884094488189
21
0.7010791338582677
0
LINE
8
BLACK
6
CONTINUOUS
10
1.792884094488189
20
0.7010791338582677
11
1.7933267716535433
21
0.6977165354330709
0
LINE
8
BLACK
6
CONTINUOUS
10
1.7933267716535433
20
0.6977165354330709
11
1.7933267716535433
21
0.6622834645669291
0
LINE
8
BLACK
6
CONTINUOUS
10
1.7933267716535433
20
0.6622834645669291
11
1.792884094488189
21
0.6589208661417323
0
LINE
8
BLACK
6
CONTINUOUS
10
1.792884094488189
20
0.6589208661417323
11
1.7909771653543307
21
0.6548314960629921
0
LINE
8
BLACK
6
CONTINUOUS
10
1.7909771653543307
20
0.6548314960629921
11
1.7877866141732284
21
0.6516409448818897
0
LINE
8
BLACK
6
CONTINUOUS
10
1.7877866141732284
20
0.6516409448818897
11
1.783697244094488
21
0.6497340157480315
0
LINE
8
BLACK
6
CONTINUOUS
10
1.783697244094488
20
0.6497340157480315
11
1.7803346456692912
21
0.6492913385826772
0
LINE
8
BLACK
6
CONTINUOUS
10
1.7803346456692912
20
0.6492913385826772
11
1.7596653543307086
21
0.6492913385826772
0
LINE
8
BLACK
6
CONTINUOUS
10
1.7596653543307086
20
0.6492913385826772
11
1.7563027559055118
21
0.6497340157480315
0
LINE
8
BLACK
6
CONTINUOUS
10
1.7563027559055118
20
0.6497340157480315
11
1.7522133858267717
21
0.6516409448818897
0
LINE
8
BLACK
6
CONTINUOUS
10
1.7522133858267717
20
0.6516409448818897
11
1.7490228346456693
21
0.6548314960629921
0
LINE
8
BLACK
6
CONTINUOUS
10
1.7490228346456693
20
0.6548314960629921
11
1.7471159055118111
21
0.6589208661417323
0
LINE
8
BLACK
6
CONTINUOUS
10
1.7471159055118111
20
0.6589208661417323
11
1.7466732283464566
21
0.6622834645669291
0
LINE
8
BLACK
6
CONTINUOUS
10
1.7466732283464566
20
0.6622834645669291
11
1.7466732283464566
21
0.6977165354330709
0
LINE
8
BLACK
6
CONTINUOUS
10
1.7466732283464566
20
0.6977165354330709
11
1.7471159055118111
21
0.7010791338582677
0
LINE
8
BLACK
6
CONTINUOUS
10
1.7471159055118111
20
0.7010791338582677
11
1.7490228346456693
21
0.7051685039370078
0
LINE
8
BLACK
6
CONTINUOUS
10
1.7490228346456693
20
0.7051685039370078
11
1.7522133858267717
21
0.7083590551181103
0
LINE
8
BLACK
6
CONTINUOUS
10
1.7522133858267717
20
0.7083590551181103
11
1.7563027559055118
21
0.7102659842519685
0
LINE
8
BLACK
6
CONTINUOUS
10
1.7563027559055118
20
0.7102659842519685
11
1.7596653543307086
21
0.7107086614173228
0
LINE
8
BLACK
6
CONTINUOUS
10
1.7596653543307086
20
0.7107086614173228
11
1.7803346456692912
21
0.7107086614173228
0
LINE
8
BLACK
6
CONTINUOUS
10
1.7803346456692912
20
0.7107086614173228
11
1.783697244094488
21
0.7102659842519685
0
LINE
8
BLACK
6
CONTINUOUS
10
0.4259297244094488
20
0.6699728346456693
11
0.4269515354330709
21
0.6692901181102362
0
LINE
8
BLACK
6
CONTINUOUS
10
0.4269515354330709
20
0.6692901181102362
11
0.4276342519685039
21
0.6682683070866141
0
LINE
8
BLACK
6
CONTINUOUS
10
0.4276342519685039
20
0.6682683070866141
11
0.4278740157480315
21
0.6670629921259842
0
LINE
8
BLACK
6
CONTINUOUS
10
0.4278740157480315
20
0.6670629921259842
11
0.4278740157480315
21
0.655251968503937
0
LINE
8
BLACK
6
CONTINUOUS
10
0.4278740157480315
20
0.655251968503937
11
0.4276342519685039
21
0.654046653543307
0
LINE
8
BLACK
6
CONTINUOUS
10
0.4276342519685039
20
0.654046653543307
11
0.4269515354330709
21
0.6530248425196851
0
LINE
8
BLACK
6
CONTINUOUS
10
0.4269515354330709
20
0.6530248425196851
11
0.4259297244094488
21
0.652342125984252
0
LINE
8
BLACK
6
CONTINUOUS
10
0.4259297244094488
20
0.652342125984252
11
0.4247244094488189
21
0.6521023622047244
0
LINE
8
BLACK
6
CONTINUOUS
10
0.4247244094488189
20
0.6521023622047244
11
0.3932283464566929
21
0.6521023622047244
0
LINE
8
BLACK
6
CONTINUOUS
10
0.3932283464566929
20
0.6521023622047244
11
0.392023031496063
21
0.652342125984252
0
LINE
8
BLACK
6
CONTINUOUS
10
0.392023031496063
20
0.652342125984252
11
0.391001220472441
21
0.6530248425196851
0
LINE
8
BLACK
6
CONTINUOUS
10
0.391001220472441
20
0.6530248425196851
11
0.3903185039370078
21
0.654046653543307
0
LINE
8
BLACK
6
CONTINUOUS
10
0.3903185039370078
20
0.654046653543307
11
0.3900787401574803
21
0.655251968503937
0
LINE
8
BLACK
6
CONTINUOUS
10
0.3900787401574803
20
0.655251968503937
11
0.3900787401574803
21
0.6670629921259842
0
LINE
8
BLACK
6
CONTINUOUS
10
0.3900787401574803
20
0.6670629921259842
11
0.3903185039370078
21
0.6682683070866141
0
LINE
8
BLACK
6
CONTINUOUS
10
0.3903185039370078
20
0.6682683070866141
11
0.391001220472441
21
0.6692901181102362
0
LINE
8
BLACK
6
CONTINUOUS
10
0.391001220472441
20
0.6692901181102362
11
0.392023031496063
21
0.6699728346456693
0
LINE
8
BLACK
6
CONTINUOUS
10
0.392023031496063
20
0.6699728346456693
11
0.3932283464566929
21
0.6702125984251969
0
LINE
8
BLACK
6
CONTINUOUS
10
0.3932283464566929
20
0.6702125984251969
11
0.4247244094488189
21
0.6702125984251969
0
LINE
8
BLACK
6
CONTINUOUS
10
0.4247244094488189
20
0.6702125984251969
11
0.4259297244094488
21
0.6699728346456693
0
LINE
8
BLACK
6
CONTINUOUS
10
0.547976968503937
20
0.6699728346456693
11
0.548998779527559
21
0.6692901181102362
0
LINE
8
BLACK
6
CONTINUOUS
10
0.548998779527559
20
0.6692901181102362
11
0.5496814960629921
21
0.6682683070866141
0
LINE
8
BLACK
6
CONTINUOUS
10
0.5496814960629921
20
0.6682683070866141
11
0.5499212598425197
21
0.6670629921259842
0
LINE
8
BLACK
6
CONTINUOUS
10
0.5499212598425197
20
0.6670629921259842
11
0.5499212598425197
21
0.655251968503937
0
LINE
8
BLACK
6
CONTINUOUS
10
0.5499212598425197
20
0.655251968503937
11
0.5496814960629921
21
0.654046653543307
0
LINE
8
BLACK
6
CONTINUOUS
10
0.5496814960629921
20
0.654046653543307
11
0.548998779527559
21
0.6530248425196851
0
LINE
8
BLACK
6
CONTINUOUS
10
0.548998779527559
20
0.6530248425196851
11
0.547976968503937
21
0.652342125984252
0
LINE
8
BLACK
6
CONTINUOUS
10
0.547976968503937
20
0.652342125984252
11
0.546771653543307
21
0.6521023622047244
0
LINE
8
BLACK
6
CONTINUOUS
10
0.546771653543307
20
0.6521023622047244
11
0.5152755905511811
21
0.6521023622047244
0
LINE
8
BLACK
6
CONTINUOUS
10
0.5152755905511811
20
0.6521023622047244
11
0.5140702755905512
21
0.652342125984252
0
LINE
8
BLACK
6
CONTINUOUS
10
0.5140702755905512
20
0.652342125984252
11
0.5130484645669291
21
0.6530248425196851
0
LINE
8
BLACK
6
CONTINUOUS
10
0.5130484645669291
20
0.6530248425196851
11
0.512365748031496
21
0.654046653543307
0
LINE
8
BLACK
6
CONTINUOUS
10
0.512365748031496
20
0.654046653543307
11
0.5121259842519685
21
0.655251968503937
0
LINE
8
BLACK
6
CONTINUOUS
10
0.5121259842519685
20
0.655251968503937
11
0.5121259842519685
21
0.6670629921259842
0
LINE
8
BLACK
6
CONTINUOUS
10
0.5121259842519685
20
0.6670629921259842
11
0.512365748031496
21
0.6682683070866141
0
LINE
8
BLACK
6
CONTINUOUS
10
0.512365748031496
20
0.6682683070866141
11
0.5130484645669291
21
0.6692901181102362
0
LINE
8
BLACK
6
CONTINUOUS
10
0.5130484645669291
20
0.6692901181102362
11
0.5140702755905512
21
0.6699728346456693
0
LINE
8
BLACK
6
CONTINUOUS
10
0.5140702755905512
20
0.6699728346456693
11
0.5152755905511811
21
0.6702125984251969
0
LINE
8
BLACK
6
CONTINUOUS
10
0.5152755905511811
20
0.6702125984251969
11
0.546771653543307
21
0.6702125984251969
0
LINE
8
BLACK
6
CONTINUOUS
10
0.546771653543307
20
0.6702125984251969
11
0.547976968503937
21
0.6699728346456693
0
LINE
8
BLACK
6
CONTINUOUS
10
1.8670633858267716
20
0.7107935433070866
11
1.8711527559055117
21
0.7088866141732283
0
LINE
8
BLACK
6
CONTINUOUS
10
1.8711527559055117
20
0.7088866141732283
11
1.8743433070866142
21
0.7056960629921259
0
LINE
8
BLACK
6
CONTINUOUS
10
1.8743433070866142
20
0.7056960629921259
11
1.8762502362204725
21
0.7016066929133858
0
LINE
8
BLACK
6
CONTINUOUS
10
1.8762502362204725
20
0.7016066929133858
11
1.8766929133858268
21
0.6982440944881889
0
LINE
8
BLACK
6
CONTINUOUS
10
1.8766929133858268
20
0.6982440944881889
11
1.8766929133858268
21
0.6785590551181102
0
LINE
8
BLACK
6
CONTINUOUS
10
1.8766929133858268
20
0.6785590551181102
11
1.8762502362204725
21
0.6751964566929134
0
LINE
8
BLACK
6
CONTINUOUS
10
1.8762502362204725
20
0.6751964566929134
11
1.8743433070866142
21
0.6711070866141732
0
LINE
8
BLACK
6
CONTINUOUS
10
1.8743433070866142
20
0.6711070866141732
11
1.8711527559055117
21
0.6679165354330708
0
LINE
8
BLACK
6
CONTINUOUS
10
1.8711527559055117
20
0.6679165354330708
11
1.8670633858267716
21
0.6660096062992126
0
LINE
8
BLACK
6
CONTINUOUS
10
1.8670633858267716
20
0.6660096062992126
11
1.8637007874015747
21
0.6655669291338583
0
LINE
8
BLACK
6
CONTINUOUS
10
1.8637007874015747
20
0.6655669291338583
11
1.8262992125984252
21
0.6655669291338583
0
LINE
8
BLACK
6
CONTINUOUS
10
1.8262992125984252
20
0.6655669291338583
11
1.8229366141732284
21
0.6660096062992126
0
LINE
8
BLACK
6
CONTINUOUS
10
1.8229366141732284
20
0.6660096062992126
11
1.8188472440944881
21
0.6679165354330708
0
LINE
8
BLACK
6
CONTINUOUS
10
1.8188472440944881
20
0.6679165354330708
11
1.8156566929133857
21
0.6711070866141732
0
LINE
8
BLACK
6
CONTINUOUS
10
1.8156566929133857
20
0.6711070866141732
11
1.8137497637795275
21
0.6751964566929134
0
LINE
8
BLACK
6
CONTINUOUS
10
1.8137497637795275
20
0.6751964566929134
11
1.8133070866141732
21
0.6785590551181102
0
LINE
8
BLACK
6
CONTINUOUS
10
1.8133070866141732
20
0.6785590551181102
11
1.8133070866141732
21
0.6982440944881889
0
LINE
8
BLACK
6
CONTINUOUS
10
1.8133070866141732
20
0.6982440944881889
11
1.8137497637795275
21
0.7016066929133858
0
LINE
8
BLACK
6
CONTINUOUS
10
1.8137497637795275
20
0.7016066929133858
11
1.8156566929133857
21
0.7056960629921259
0
LINE
8
BLACK
6
CONTINUOUS
10
1.8156566929133857
20
0.7056960629921259
11
1.8188472440944881
21
0.7088866141732283
0
LINE
8
BLACK
6
CONTINUOUS
10
1.8188472440944881
20
0.7088866141732283
11
1.8229366141732284
21
0.7107935433070866
0
LINE
8
BLACK
6
CONTINUOUS
10
1.8229366141732284
20
0.7107935433070866
11
1.8262992125984252
21
0.7112362204724409
0
LINE
8
BLACK
6
CONTINUOUS
10
1.8262992125984252
20
0.7112362204724409
11
1.8637007874015747
21
0.7112362204724409
0
LINE
8
BLACK
6
CONTINUOUS
10
1.8637007874015747
20
0.7112362204724409
11
1.8670633858267716
21
0.7107935433070866
0
LINE
8
BLACK
6
CONTINUOUS
10
0.4259297244094488
20
0.689657874015748
11
0.4269515354330709
21
0.6889751574803149
0
LINE
8
BLACK
6
CONTINUOUS
10
0.4269515354330709
20
0.6889751574803149
11
0.4276342519685039
21
0.6879533464566929
0
LINE
8
BLACK
6
CONTINUOUS
10
0.4276342519685039
20
0.6879533464566929
11
0.4278740157480315
21
0.686748031496063
0
LINE
8
BLACK
6
CONTINUOUS
10
0.4278740157480315
20
0.686748031496063
11
0.4278740157480315
21
0.6749370078740158
0
LINE
8
BLACK
6
CONTINUOUS
10
0.4278740157480315
20
0.6749370078740158
11
0.4276342519685039
21
0.6737316929133859
0
LINE
8
BLACK
6
CONTINUOUS
10
0.4276342519685039
20
0.6737316929133859
11
0.4269515354330709
21
0.6727098818897638
0
LINE
8
BLACK
6
CONTINUOUS
10
0.4269515354330709
20
0.6727098818897638
11
0.4259297244094488
21
0.6720271653543307
0
LINE
8
BLACK
6
CONTINUOUS
10
0.4259297244094488
20
0.6720271653543307
11
0.4247244094488189
21
0.6717874015748031
0
LINE
8
BLACK
6
CONTINUOUS
10
0.4247244094488189
20
0.6717874015748031
11
0.3932283464566929
21
0.6717874015748031
0
LINE
8
BLACK
6
CONTINUOUS
10
0.3932283464566929
20
0.6717874015748031
11
0.392023031496063
21
0.6720271653543307
0
LINE
8
BLACK
6
CONTINUOUS
10
0.392023031496063
20
0.6720271653543307
11
0.391001220472441
21
0.6727098818897638
0
LINE
8
BLACK
6
CONTINUOUS
10
0.391001220472441
20
0.6727098818897638
11
0.3903185039370078
21
0.6737316929133859
0
LINE
8
BLACK
6
CONTINUOUS
10
0.3903185039370078
20
0.6737316929133859
11
0.3900787401574803
21
0.6749370078740158
0
LINE
8
BLACK
6
CONTINUOUS
10
0.3900787401574803
20
0.6749370078740158
11
0.3900787401574803
21
0.686748031496063
0
LINE
8
BLACK
6
CONTINUOUS
10
0.3900787401574803
20
0.686748031496063
11
0.3903185039370078
21
0.6879533464566929
0
LINE
8
BLACK
6
CONTINUOUS
10
0.3903185039370078
20
0.6879533464566929
11
0.391001220472441
21
0.6889751574803149
0
LINE
8
BLACK
6
CONTINUOUS
10
0.391001220472441
20
0.6889751574803149
11
0.392023031496063
21
0.689657874015748
0
LINE
8
BLACK
6
CONTINUOUS
10
0.392023031496063
20
0.689657874015748
11
0.3932283464566929
21
0.6898976377952756
0
LINE
8
BLACK
6
CONTINUOUS
10
0.3932283464566929
20
0.6898976377952756
11
0.4247244094488189
21
0.6898976377952756
0
LINE
8
BLACK
6
CONTINUOUS
10
0.4247244094488189
20
0.6898976377952756
11
0.4259297244094488
21
0.689657874015748
0
LINE
8
BLACK
6
CONTINUOUS
10
0.547976968503937
20
0.689657874015748
11
0.548998779527559
21
0.6889751574803149
0
LINE
8
BLACK
6
CONTINUOUS
10
0.548998779527559
20
0.6889751574803149
11
0.5496814960629921
21
0.6879533464566929
0
LINE
8
BLACK
6
CONTINUOUS
10
0.5496814960629921
20
0.6879533464566929
11
0.5499212598425197
21
0.686748031496063
0
LINE
8
BLACK
6
CONTINUOUS
10
0.5499212598425197
20
0.686748031496063
11
0.5499212598425197
21
0.6749370078740158
0
LINE
8
BLACK
6
CONTINUOUS
10
0.5499212598425197
20
0.6749370078740158
11
0.5496814960629921
21
0.6737316929133859
0
LINE
8
BLACK
6
CONTINUOUS
10
0.5496814960629921
20
0.6737316929133859
11
0.548998779527559
21
0.6727098818897638
0
LINE
8
BLACK
6
CONTINUOUS
10
0.548998779527559
20
0.6727098818897638
11
0.547976968503937
21
0.6720271653543307
0
LINE
8
BLACK
6
CONTINUOUS
10
0.547976968503937
20
0.6720271653543307
11
0.546771653543307
21
0.6717874015748031
0
LINE
8
BLACK
6
CONTINUOUS
10
0.546771653543307
20
0.6717874015748031
11
0.5152755905511811
21
0.6717874015748031
0
LINE
8
BLACK
6
CONTINUOUS
10
0.5152755905511811
20
0.6717874015748031
11
0.5140702755905512
21
0.6720271653543307
0
LINE
8
BLACK
6
CONTINUOUS
10
0.5140702755905512
20
0.6720271653543307
11
0.5130484645669291
21
0.6727098818897638
0
LINE
8
BLACK
6
CONTINUOUS
10
0.5130484645669291
20
0.6727098818897638
11
0.512365748031496
21
0.6737316929133859
0
LINE
8
BLACK
6
CONTINUOUS
10
0.512365748031496
20
0.6737316929133859
11
0.5121259842519685
21
0.6749370078740158
0
LINE
8
BLACK
6
CONTINUOUS
10
0.5121259842519685
20
0.6749370078740158
11
0.5121259842519685
21
0.686748031496063
0
LINE
8
BLACK
6
CONTINUOUS
10
0.5121259842519685
20
0.686748031496063
11
0.512365748031496
21
0.6879533464566929
0
LINE
8
BLACK
6
CONTINUOUS
10
0.512365748031496
20
0.6879533464566929
11
0.5130484645669291
21
0.6889751574803149
0
LINE
8
BLACK
6
CONTINUOUS
10
0.5130484645669291
20
0.6889751574803149
11
0.5140702755905512
21
0.689657874015748
0
LINE
8
BLACK
6
CONTINUOUS
10
0.5140702755905512
20
0.689657874015748
11
0.5152755905511811
21
0.6898976377952756
0
LINE
8
BLACK
6
CONTINUOUS
10
0.5152755905511811
20
0.6898976377952756
11
0.546771653543307
21
0.6898976377952756
0
LINE
8
BLACK
6
CONTINUOUS
10
0.546771653543307
20
0.6898976377952756
11
0.547976968503937
21
0.689657874015748
0
LINE
8
BLACK
6
CONTINUOUS
10
0.9399691732283464
20
0.7387595275590551
11
0.9429068897637795
21
0.736796653543307
0
LINE
8
BLACK
6
CONTINUOUS
10
0.9429068897637795
20
0.736796653543307
11
0.9448697637795276
21
0.733858937007874
0
LINE
8
BLACK
6
CONTINUOUS
10
0.9448697637795276
20
0.733858937007874
11
0.9455590551181102
21
0.7303937007874015
0
LINE
8
BLACK
6
CONTINUOUS
10
0.9455590551181102
20
0.7303937007874015
11
0.9455590551181102
21
0.6900393700787402
0
LINE
8
BLACK
6
CONTINUOUS
10
0.9455590551181102
20
0.6900393700787402
11
0.9448697637795276
21
0.6865741338582677
0
LINE
8
BLACK
6
CONTINUOUS
10
0.9448697637795276
20
0.6865741338582677
11
0.9429068897637795
21
0.6836364173228346
0
LINE
8
BLACK
6
CONTINUOUS
10
0.9429068897637795
20
0.6836364173228346
11
0.9399691732283464
21
0.6816735433070866
0
LINE
8
BLACK
6
CONTINUOUS
10
0.9399691732283464
20
0.6816735433070866
11
0.936503937007874
21
0.6809842519685039
0
LINE
8
BLACK
6
CONTINUOUS
10
0.936503937007874
20
0.6809842519685039
11
0.9246929133858267
21
0.6809842519685039
0
LINE
8
BLACK
6
CONTINUOUS
10
0.9246929133858267
20
0.6809842519685039
11
0.9212276771653544
21
0.6816735433070866
0
LINE
8
BLACK
6
CONTINUOUS
10
0.9212276771653544
20
0.6816735433070866
11
0.9182899606299212
21
0.6836364173228346
0
LINE
8
BLACK
6
CONTINUOUS
10
0.9182899606299212
20
0.6836364173228346
11
0.9163270866141732
21
0.6865741338582677
0
LINE
8
BLACK
6
CONTINUOUS
10
0.9163270866141732
20
0.6865741338582677
11
0.9156377952755905
21
0.6900393700787402
0
LINE
8
BLACK
6
CONTINUOUS
10
0.9156377952755905
20
0.6900393700787402
11
0.9156377952755905
21
0.7303937007874015
0
LINE
8
BLACK
6
CONTINUOUS
10
0.9156377952755905
20
0.7303937007874015
11
0.9163270866141732
21
0.733858937007874
0
LINE
8
BLACK
6
CONTINUOUS
10
0.9163270866141732
20
0.733858937007874
11
0.9182899606299212
21
0.736796653543307
0
LINE
8
BLACK
6
CONTINUOUS
10
0.9182899606299212
20
0.736796653543307
11
0.9212276771653544
21
0.7387595275590551
0
LINE
8
BLACK
6
CONTINUOUS
10
0.9212276771653544
20
0.7387595275590551
11
0.9246929133858267
21
0.7394488188976378
0
LINE
8
BLACK
6
CONTINUOUS
10
0.9246929133858267
20
0.7394488188976378
11
0.936503937007874
21
0.7394488188976378
0
LINE
8
BLACK
6
CONTINUOUS
10
0.936503937007874
20
0.7394488188976378
11
0.9399691732283464
21
0.7387595275590551
0
LINE
8
BLACK
6
CONTINUOUS
10
1.0147723228346457
20
0.7387595275590551
11
1.0177100393700786
21
0.736796653543307
0
LINE
8
BLACK
6
CONTINUOUS
10
1.0177100393700786
20
0.736796653543307
11
1.0196729133858267
21
0.733858937007874
0
LINE
8
BLACK
6
CONTINUOUS
10
1.0196729133858267
20
0.733858937007874
11
1.0203622047244094
21
0.7303937007874015
0
LINE
8
BLACK
6
CONTINUOUS
10
1.0203622047244094
20
0.7303937007874015
11
1.0203622047244094
21
0.6900393700787402
0
LINE
8
BLACK
6
CONTINUOUS
10
1.0203622047244094
20
0.6900393700787402
11
1.0196729133858267
21
0.6865741338582677
0
LINE
8
BLACK
6
CONTINUOUS
10
1.0196729133858267
20
0.6865741338582677
11
1.0177100393700786
21
0.6836364173228346
0
LINE
8
BLACK
6
CONTINUOUS
10
1.0177100393700786
20
0.6836364173228346
11
1.0147723228346457
21
0.6816735433070866
0
LINE
8
BLACK
6
CONTINUOUS
10
1.0147723228346457
20
0.6816735433070866
11
1.0113070866141731
21
0.6809842519685039
0
LINE
8
BLACK
6
CONTINUOUS
10
1.0113070866141731
20
0.6809842519685039
11
0.999496062992126
21
0.6809842519685039
0
LINE
8
BLACK
6
CONTINUOUS
10
0.999496062992126
20
0.6809842519685039
11
0.9960308267716536
21
0.6816735433070866
0
LINE
8
BLACK
6
CONTINUOUS
10
0.9960308267716536
20
0.6816735433070866
11
0.9930931102362205
21
0.6836364173228346
0
LINE
8
BLACK
6
CONTINUOUS
10
0.9930931102362205
20
0.6836364173228346
11
0.9911302362204725
21
0.6865741338582677
0
LINE
8
BLACK
6
CONTINUOUS
10
0.9911302362204725
20
0.6865741338582677
11
0.9904409448818897
21
0.6900393700787402
0
LINE
8
BLACK
6
CONTINUOUS
10
0.9904409448818897
20
0.6900393700787402
11
0.9904409448818897
21
0.7303937007874015
0
LINE
8
BLACK
6
CONTINUOUS
10
0.9904409448818897
20
0.7303937007874015
11
0.9911302362204725
21
0.733858937007874
0
LINE
8
BLACK
6
CONTINUOUS
10
0.9911302362204725
20
0.733858937007874
11
0.9930931102362205
21
0.736796653543307
0
LINE
8
BLACK
6
CONTINUOUS
10
0.9930931102362205
20
0.736796653543307
11
0.9960308267716536
21
0.7387595275590551
0
LINE
8
BLACK
6
CONTINUOUS
10
0.9960308267716536
20
0.7387595275590551
11
0.999496062992126
21
0.7394488188976378
0
LINE
8
BLACK
6
CONTINUOUS
10
0.999496062992126
20
0.7394488188976378
11
1.0113070866141731
21
0.7394488188976378
0
LINE
8
BLACK
6
CONTINUOUS
10
1.0113070866141731
20
0.7394488188976378
11
1.0147723228346457
21
0.7387595275590551
0
LINE
8
BLACK
6
CONTINUOUS
10
0.4259297244094488
20
0.7093429133858268
11
0.4269515354330709
21
0.7086601968503937
0
LINE
8
BLACK
6
CONTINUOUS
10
0.4269515354330709
20
0.7086601968503937
11
0.4276342519685039
21
0.7076383858267716
0
LINE
8
BLACK
6
CONTINUOUS
10
0.4276342519685039
20
0.7076383858267716
11
0.4278740157480315
21
0.7064330708661417
0
LINE
8
BLACK
6
CONTINUOUS
10
0.4278740157480315
20
0.7064330708661417
11
0.4278740157480315
21
0.6946220472440945
0
LINE
8
BLACK
6
CONTINUOUS
10
0.4278740157480315
20
0.6946220472440945
11
0.4276342519685039
21
0.6934167322834646
0
LINE
8
BLACK
6
CONTINUOUS
10
0.4276342519685039
20
0.6934167322834646
11
0.4269515354330709
21
0.6923949212598425
0
LINE
8
BLACK
6
CONTINUOUS
10
0.4269515354330709
20
0.6923949212598425
11
0.4259297244094488
21
0.6917122047244094
0
LINE
8
BLACK
6
CONTINUOUS
10
0.4259297244094488
20
0.6917122047244094
11
0.4247244094488189
21
0.6914724409448819
0
LINE
8
BLACK
6
CONTINUOUS
10
0.4247244094488189
20
0.6914724409448819
11
0.3932283464566929
21
0.6914724409448819
0
LINE
8
BLACK
6
CONTINUOUS
10
0.3932283464566929
20
0.6914724409448819
11
0.392023031496063
21
0.6917122047244094
0
LINE
8
BLACK
6
CONTINUOUS
10
0.392023031496063
20
0.6917122047244094
11
0.391001220472441
21
0.6923949212598425
0
LINE
8
BLACK
6
CONTINUOUS
10
0.391001220472441
20
0.6923949212598425
11
0.3903185039370078
21
0.6934167322834646
0
LINE
8
BLACK
6
CONTINUOUS
10
0.3903185039370078
20
0.6934167322834646
11
0.3900787401574803
21
0.6946220472440945
0
LINE
8
BLACK
6
CONTINUOUS
10
0.3900787401574803
20
0.6946220472440945
11
0.3900787401574803
21
0.7064330708661417
0
LINE
8
BLACK
6
CONTINUOUS
10
0.3900787401574803
20
0.7064330708661417
11
0.3903185039370078
21
0.7076383858267716
0
LINE
8
BLACK
6
CONTINUOUS
10
0.3903185039370078
20
0.7076383858267716
11
0.391001220472441
21
0.7086601968503937
0
LINE
8
BLACK
6
CONTINUOUS
10
0.391001220472441
20
0.7086601968503937
11
0.392023031496063
21
0.7093429133858268
0
LINE
8
BLACK
6
CONTINUOUS
10
0.392023031496063
20
0.7093429133858268
11
0.3932283464566929
21
0.7095826771653543
0
LINE
8
BLACK
6
CONTINUOUS
10
0.3932283464566929
20
0.7095826771653543
11
0.4247244094488189
21
0.7095826771653543
0
LINE
8
BLACK
6
CONTINUOUS
10
0.4247244094488189
20
0.7095826771653543
11
0.4259297244094488
21
0.7093429133858268
0
LINE
8
BLACK
6
CONTINUOUS
10
0.547976968503937
20
0.7093429133858268
11
0.548998779527559
21
0.7086601968503937
0
LINE
8
BLACK
6
CONTINUOUS
10
0.548998779527559
20
0.7086601968503937
11
0.5496814960629921
21
0.7076383858267716
0
LINE
8
BLACK
6
CONTINUOUS
10
0.5496814960629921
20
0.7076383858267716
11
0.5499212598425197
21
0.7064330708661417
0
LINE
8
BLACK
6
CONTINUOUS
10
0.5499212598425197
20
0.7064330708661417
11
0.5499212598425197
21
0.6946220472440945
0
LINE
8
BLACK
6
CONTINUOUS
10
0.5499212598425197
20
0.6946220472440945
11
0.5496814960629921
21
0.6934167322834646
0
LINE
8
BLACK
6
CONTINUOUS
10
0.5496814960629921
20
0.6934167322834646
11
0.548998779527559
21
0.6923949212598425
0
LINE
8
BLACK
6
CONTINUOUS
10
0.548998779527559
20
0.6923949212598425
11
0.547976968503937
21
0.6917122047244094
0
LINE
8
BLACK
6
CONTINUOUS
10
0.547976968503937
20
0.6917122047244094
11
0.546771653543307
21
0.6914724409448819
0
LINE
8
BLACK
6
CONTINUOUS
10
0.546771653543307
20
0.6914724409448819
11
0.5152755905511811
21
0.6914724409448819
0
LINE
8
BLACK
6
CONTINUOUS
10
0.5152755905511811
20
0.6914724409448819
11
0.5140702755905512
21
0.6917122047244094
0
LINE
8
BLACK
6
CONTINUOUS
10
0.5140702755905512
20
0.6917122047244094
11
0.5130484645669291
21
0.6923949212598425
0
LINE
8
BLACK
6
CONTINUOUS
10
0.5130484645669291
20
0.6923949212598425
11
0.512365748031496
21
0.6934167322834646
0
LINE
8
BLACK
6
CONTINUOUS
10
0.512365748031496
20
0.6934167322834646
11
0.5121259842519685
21
0.6946220472440945
0
LINE
8
BLACK
6
CONTINUOUS
10
0.5121259842519685
20
0.6946220472440945
11
0.5121259842519685
21
0.7064330708661417
0
LINE
8
BLACK
6
CONTINUOUS
10
0.5121259842519685
20
0.7064330708661417
11
0.512365748031496
21
0.7076383858267716
0
LINE
8
BLACK
6
CONTINUOUS
10
0.512365748031496
20
0.7076383858267716
11
0.5130484645669291
21
0.7086601968503937
0
LINE
8
BLACK
6
CONTINUOUS
10
0.5130484645669291
20
0.7086601968503937
11
0.5140702755905512
21
0.7093429133858268
0
LINE
8
BLACK
6
CONTINUOUS
10
0.5140702755905512
20
0.7093429133858268
11
0.5152755905511811
21
0.7095826771653543
0
LINE
8
BLACK
6
CONTINUOUS
10
0.5152755905511811
20
0.7095826771653543
11
0.546771653543307
21
0.7095826771653543
0
LINE
8
BLACK
6
CONTINUOUS
10
0.546771653543307
20
0.7095826771653543
11
0.547976968503937
21
0.7093429133858268
0
LINE
8
BLACK
6
CONTINUOUS
10
1.3888035433070867
20
0.7732502362204724
11
1.3928929133858268
21
0.7713433070866141
0
LINE
8
BLACK
6
CONTINUOUS
10
1.3928929133858268
20
0.7713433070866141
11
1.3960834645669291
21
0.7681527559055118
0
LINE
8
BLACK
6
CONTINUOUS
10
1.3960834645669291
20
0.7681527559055118
11
1.3979903937007874
21
0.7640633858267717
0
LINE
8
BLACK
6
CONTINUOUS
10
1.3979903937007874
20
0.7640633858267717
11
1.3984330708661417
21
0.7607007874015748
0
LINE
8
BLACK
6
CONTINUOUS
10
1.3984330708661417
20
0.7607007874015748
11
1.3984330708661417
21
0.7232992125984252
0
LINE
8
BLACK
6
CONTINUOUS
10
1.3984330708661417
20
0.7232992125984252
11
1.3979903937007874
21
0.7199366141732283
0
LINE
8
BLACK
6
CONTINUOUS
10
1.3979903937007874
20
0.7199366141732283
11
1.3960834645669291
21
0.7158472440944882
0
LINE
8
BLACK
6
CONTINUOUS
10
1.3960834645669291
20
0.7158472440944882
11
1.3928929133858268
21
0.7126566929133858
0
LINE
8
BLACK
6
CONTINUOUS
10
1.3928929133858268
20
0.7126566929133858
11
1.3888035433070867
21
0.7107497637795276
0
LINE
8
BLACK
6
CONTINUOUS
10
1.3888035433070867
20
0.7107497637795276
11
1.3854409448818896
21
0.7103070866141732
0
LINE
8
BLACK
6
CONTINUOUS
10
1.3854409448818896
20
0.7103070866141732
11
1.3657559055118109
21
0.7103070866141732
0
LINE
8
BLACK
6
CONTINUOUS
10
1.3657559055118109
20
0.7103070866141732
11
1.3623933070866141
21
0.7107497637795276
0
LINE
8
BLACK
6
CONTINUOUS
10
1.3623933070866141
20
0.7107497637795276
11
1.358303937007874
21
0.7126566929133858
0
LINE
8
BLACK
6
CONTINUOUS
10
1.358303937007874
20
0.7126566929133858
11
1.3551133858267717
21
0.7158472440944882
0
LINE
8
BLACK
6
CONTINUOUS
10
1.3551133858267717
20
0.7158472440944882
11
1.3532064566929134
21
0.7199366141732283
0
LINE
8
BLACK
6
CONTINUOUS
10
1.3532064566929134
20
0.7199366141732283
11
1.3527637795275591
21
0.7232992125984252
0
LINE
8
BLACK
6
CONTINUOUS
10
1.3527637795275591
20
0.7232992125984252
11
1.3527637795275591
21
0.7607007874015748
0
LINE
8
BLACK
6
CONTINUOUS
10
1.3527637795275591
20
0.7607007874015748
11
1.3532064566929134
21
0.7640633858267717
0
LINE
8
BLACK
6
CONTINUOUS
10
1.3532064566929134
20
0.7640633858267717
11
1.3551133858267717
21
0.7681527559055118
0
LINE
8
BLACK
6
CONTINUOUS
10
1.3551133858267717
20
0.7681527559055118
11
1.358303937007874
21
0.7713433070866141
0
LINE
8
BLACK
6
CONTINUOUS
10
1.358303937007874
20
0.7713433070866141
11
1.3623933070866141
21
0.7732502362204724
0
LINE
8
BLACK
6
CONTINUOUS
10
1.3623933070866141
20
0.7732502362204724
11
1.3657559055118109
21
0.7736929133858268
0
LINE
8
BLACK
6
CONTINUOUS
10
1.3657559055118109
20
0.7736929133858268
11
1.3854409448818896
21
0.7736929133858268
0
LINE
8
BLACK
6
CONTINUOUS
10
1.3854409448818896
20
0.7736929133858268
11
1.3888035433070867
21
0.7732502362204724
0
LINE
8
BLACK
6
CONTINUOUS
10
1.4636066929133857
20
0.7732502362204724
11
1.4676960629921258
21
0.7713433070866141
0
LINE
8
BLACK
6
CONTINUOUS
10
1.4676960629921258
20
0.7713433070866141
11
1.4708866141732284
21
0.7681527559055118
0
LINE
8
BLACK
6
CONTINUOUS
10
1.4708866141732284
20
0.7681527559055118
11
1.4727935433070867
21
0.7640633858267717
0
LINE
8
BLACK
6
CONTINUOUS
10
1.4727935433070867
20
0.7640633858267717
11
1.473236220472441
21
0.7607007874015748
0
LINE
8
BLACK
6
CONTINUOUS
10
1.473236220472441
20
0.7607007874015748
11
1.473236220472441
21
0.7232992125984252
0
LINE
8
BLACK
6
CONTINUOUS
10
1.473236220472441
20
0.7232992125984252
11
1.4727935433070867
21
0.7199366141732283
0
LINE
8
BLACK
6
CONTINUOUS
10
1.4727935433070867
20
0.7199366141732283
11
1.4708866141732284
21
0.7158472440944882
0
LINE
8
BLACK
6
CONTINUOUS
10
1.4708866141732284
20
0.7158472440944882
11
1.4676960629921258
21
0.7126566929133858
0
LINE
8
BLACK
6
CONTINUOUS
10
1.4676960629921258
20
0.7126566929133858
11
1.4636066929133857
21
0.7107497637795276
0
LINE
8
BLACK
6
CONTINUOUS
10
1.4636066929133857
20
0.7107497637795276
11
1.4602440944881889
21
0.7103070866141732
0
LINE
8
BLACK
6
CONTINUOUS
10
1.4602440944881889
20
0.7103070866141732
11
1.4405590551181102
21
0.7103070866141732
0
LINE
8
BLACK
6
CONTINUOUS
10
1.4405590551181102
20
0.7103070866141732
11
1.4371964566929134
21
0.7107497637795276
0
LINE
8
BLACK
6
CONTINUOUS
10
1.4371964566929134
20
0.7107497637795276
11
1.4331070866141733
21
0.7126566929133858
0
LINE
8
BLACK
6
CONTINUOUS
10
1.4331070866141733
20
0.7126566929133858
11
1.4299165354330707
21
0.7158472440944882
0
LINE
8
BLACK
6
CONTINUOUS
10
1.4299165354330707
20
0.7158472440944882
11
1.4280096062992125
21
0.7199366141732283
0
LINE
8
BLACK
6
CONTINUOUS
10
1.4280096062992125
20
0.7199366141732283
11
1.4275669291338582
21
0.7232992125984252
0
LINE
8
BLACK
6
CONTINUOUS
10
1.4275669291338582
20
0.7232992125984252
11
1.4275669291338582
21
0.7607007874015748
0
LINE
8
BLACK
6
CONTINUOUS
10
1.4275669291338582
20
0.7607007874015748
11
1.4280096062992125
21
0.7640633858267717
0
LINE
8
BLACK
6
CONTINUOUS
10
1.4280096062992125
20
0.7640633858267717
11
1.4299165354330707
21
0.7681527559055118
0
LINE
8
BLACK
6
CONTINUOUS
10
1.4299165354330707
20
0.7681527559055118
11
1.4331070866141733
21
0.7713433070866141
0
LINE
8
BLACK
6
CONTINUOUS
10
1.4331070866141733
20
0.7713433070866141
11
1.4371964566929134
21
0.7732502362204724
0
LINE
8
BLACK
6
CONTINUOUS
10
1.4371964566929134
20
0.7732502362204724
11
1.4405590551181102
21
0.7736929133858268
0
LINE
8
BLACK
6
CONTINUOUS
10
1.4405590551181102
20
0.7736929133858268
11
1.4602440944881889
21
0.7736929133858268
0
LINE
8
BLACK
6
CONTINUOUS
10
1.4602440944881889
20
0.7736929133858268
11
1.4636066929133857
21
0.7732502362204724
0
LINE
8
BLACK
6
CONTINUOUS
10
2.2750870078740157
20
0.8308565354330708
11
2.2791763779527558
21
0.8289496062992125
0
LINE
8
BLACK
6
CONTINUOUS
10
2.2791763779527558
20
0.8289496062992125
11
2.2823669291338584
21
0.8257590551181102
0
LINE
8
BLACK
6
CONTINUOUS
10
2.2823669291338584
20
0.8257590551181102
11
2.2842738582677167
21
0.8216696850393701
0
LINE
8
BLACK
6
CONTINUOUS
10
2.2842738582677167
20
0.8216696850393701
11
2.2847165354330707
21
0.8183070866141732
0
LINE
8
BLACK
6
CONTINUOUS
10
2.2847165354330707
20
0.8183070866141732
11
2.2847165354330707
21
0.7316929133858268
0
LINE
8
BLACK
6
CONTINUOUS
10
2.2847165354330707
20
0.7316929133858268
11
2.2842738582677167
21
0.7283303149606299
0
LINE
8
BLACK
6
CONTINUOUS
10
2.2842738582677167
20
0.7283303149606299
11
2.2823669291338584
21
0.7242409448818897
0
LINE
8
BLACK
6
CONTINUOUS
10
2.2823669291338584
20
0.7242409448818897
11
2.2791763779527558
21
0.7210503937007874
0
LINE
8
BLACK
6
CONTINUOUS
10
2.2791763779527558
20
0.7210503937007874
11
2.2750870078740157
21
0.7191434645669291
0
LINE
8
BLACK
6
CONTINUOUS
10
2.2750870078740157
20
0.7191434645669291
11
2.2717244094488187
21
0.7187007874015748
0
LINE
8
BLACK
6
CONTINUOUS
10
2.2717244094488187
20
0.7187007874015748
11
2.2461338582677164
21
0.7187007874015748
0
LINE
8
BLACK
6
CONTINUOUS
10
2.2461338582677164
20
0.7187007874015748
11
2.2427712598425198
21
0.7191434645669291
0
LINE
8
BLACK
6
CONTINUOUS
10
2.2427712598425198
20
0.7191434645669291
11
2.2386818897637797
21
0.7210503937007874
0
LINE
8
BLACK
6
CONTINUOUS
10
2.2386818897637797
20
0.7210503937007874
11
2.2354913385826771
21
0.7242409448818897
0
LINE
8
BLACK
6
CONTINUOUS
10
2.2354913385826771
20
0.7242409448818897
11
2.2335844094488189
21
0.7283303149606299
0
LINE
8
BLACK
6
CONTINUOUS
10
2.2335844094488189
20
0.7283303149606299
11
2.2331417322834644
21
0.7316929133858268
0
LINE
8
BLACK
6
CONTINUOUS
10
2.2331417322834644
20
0.7316929133858268
11
2.2331417322834644
21
0.8183070866141732
0
LINE
8
BLACK
6
CONTINUOUS
10
2.2331417322834644
20
0.8183070866141732
11
2.2335844094488189
21
0.8216696850393701
0
LINE
8
BLACK
6
CONTINUOUS
10
2.2335844094488189
20
0.8216696850393701
11
2.2354913385826771
21
0.8257590551181102
0
LINE
8
BLACK
6
CONTINUOUS
10
2.2354913385826771
20
0.8257590551181102
11
2.2386818897637797
21
0.8289496062992125
0
LINE
8
BLACK
6
CONTINUOUS
10
2.2386818897637797
20
0.8289496062992125
11
2.2427712598425198
21
0.8308565354330708
0
LINE
8
BLACK
6
CONTINUOUS
10
2.2427712598425198
20
0.8308565354330708
11
2.2461338582677164
21
0.8312992125984252
0
LINE
8
BLACK
6
CONTINUOUS
10
2.2461338582677164
20
0.8312992125984252
11
2.2717244094488187
21
0.8312992125984252
0
LINE
8
BLACK
6
CONTINUOUS
10
2.2717244094488187
20
0.8312992125984252
11
2.2750870078740157
21
0.8308565354330708
0
LINE
8
BLACK
6
CONTINUOUS
10
2.3912287401574801
20
0.8308565354330708
11
2.3953181102362202
21
0.8289496062992125
0
LINE
8
BLACK
6
CONTINUOUS
10
2.3953181102362202
20
0.8289496062992125
11
2.3985086614173228
21
0.8257590551181102
0
LINE
8
BLACK
6
CONTINUOUS
10
2.3985086614173228
20
0.8257590551181102
11
2.400415590551181
21
0.8216696850393701
0
LINE
8
BLACK
6
CONTINUOUS
10
2.400415590551181
20
0.8216696850393701
11
2.4008582677165355
21
0.8183070866141732
0
LINE
8
BLACK
6
CONTINUOUS
10
2.4008582677165355
20
0.8183070866141732
11
2.4008582677165355
21
0.7316929133858268
0
LINE
8
BLACK
6
CONTINUOUS
10
2.4008582677165355
20
0.7316929133858268
11
2.400415590551181
21
0.7283303149606299
0
LINE
8
BLACK
6
CONTINUOUS
10
2.400415590551181
20
0.7283303149606299
11
2.3985086614173228
21
0.7242409448818897
0
LINE
8
BLACK
6
CONTINUOUS
10
2.3985086614173228
20
0.7242409448818897
11
2.3953181102362202
21
0.7210503937007874
0
LINE
8
BLACK
6
CONTINUOUS
10
2.3953181102362202
20
0.7210503937007874
11
2.3912287401574801
21
0.7191434645669291
0
LINE
8
BLACK
6
CONTINUOUS
10
2.3912287401574801
20
0.7191434645669291
11
2.3878661417322835
21
0.7187007874015748
0
LINE
8
BLACK
6
CONTINUOUS
10
2.3878661417322835
20
0.7187007874015748
11
2.3622755905511812
21
0.7187007874015748
0
LINE
8
BLACK
6
CONTINUOUS
10
2.3622755905511812
20
0.7187007874015748
11
2.3589129921259842
21
0.7191434645669291
0
LINE
8
BLACK
6
CONTINUOUS
10
2.3589129921259842
20
0.7191434645669291
11
2.354823622047244
21
0.7210503937007874
0
LINE
8
BLACK
6
CONTINUOUS
10
2.354823622047244
20
0.7210503937007874
11
2.3516330708661415
21
0.7242409448818897
0
LINE
8
BLACK
6
CONTINUOUS
10
2.3516330708661415
20
0.7242409448818897
11
2.3497261417322832
21
0.7283303149606299
0
LINE
8
BLACK
6
CONTINUOUS
10
2.3497261417322832
20
0.7283303149606299
11
2.3492834645669292
21
0.7316929133858268
0
LINE
8
BLACK
6
CONTINUOUS
10
2.3492834645669292
20
0.7316929133858268
11
2.3492834645669292
21
0.8183070866141732
0
LINE
8
BLACK
6
CONTINUOUS
10
2.3492834645669292
20
0.8183070866141732
11
2.3497261417322832
21
0.8216696850393701
0
LINE
8
BLACK
6
CONTINUOUS
10
2.3497261417322832
20
0.8216696850393701
11
2.3516330708661415
21
0.8257590551181102
0
LINE
8
BLACK
6
CONTINUOUS
10
2.3516330708661415
20
0.8257590551181102
11
2.354823622047244
21
0.8289496062992125
0
LINE
8
BLACK
6
CONTINUOUS
10
2.354823622047244
20
0.8289496062992125
11
2.3589129921259842
21
0.8308565354330708
0
LINE
8
BLACK
6
CONTINUOUS
10
2.3589129921259842
20
0.8308565354330708
11
2.3622755905511812
21
0.8312992125984252
0
LINE
8
BLACK
6
CONTINUOUS
10
2.3622755905511812
20
0.8312992125984252
11
2.3878661417322835
21
0.8312992125984252
0
LINE
8
BLACK
6
CONTINUOUS
10
2.3878661417322835
20
0.8312992125984252
11
2.3912287401574801
21
0.8308565354330708
0
LINE
8
BLACK
6
CONTINUOUS
10
2.0070870078740155
20
0.8348565354330708
11
2.0111763779527561
21
0.8329496062992126
0
LINE
8
BLACK
6
CONTINUOUS
10
2.0111763779527561
20
0.8329496062992126
11
2.0143669291338582
21
0.8297590551181102
0
LINE
8
BLACK
6
CONTINUOUS
10
2.0143669291338582
20
0.8297590551181102
11
2.0162738582677164
21
0.8256696850393701
0
LINE
8
BLACK
6
CONTINUOUS
10
2.0162738582677164
20
0.8256696850393701
11
2.0167165354330709
21
0.8223070866141732
0
LINE
8
BLACK
6
CONTINUOUS
10
2.0167165354330709
20
0.8223070866141732
11
2.0167165354330709
21
0.7356929133858268
0
LINE
8
BLACK
6
CONTINUOUS
10
2.0167165354330709
20
0.7356929133858268
11
2.0162738582677164
21
0.7323303149606299
0
LINE
8
BLACK
6
CONTINUOUS
10
2.0162738582677164
20
0.7323303149606299
11
2.0143669291338582
21
0.7282409448818897
0
LINE
8
BLACK
6
CONTINUOUS
10
2.0143669291338582
20
0.7282409448818897
11
2.0111763779527561
21
0.7250503937007874
0
LINE
8
BLACK
6
CONTINUOUS
10
2.0111763779527561
20
0.7250503937007874
11
2.0070870078740155
21
0.7231434645669291
0
LINE
8
BLACK
6
CONTINUOUS
10
2.0070870078740155
20
0.7231434645669291
11
2.0037244094488189
21
0.7227007874015748
0
LINE
8
BLACK
6
CONTINUOUS
10
2.0037244094488189
20
0.7227007874015748
11
1.9781338582677166
21
0.7227007874015748
0
LINE
8
BLACK
6
CONTINUOUS
10
1.9781338582677166
20
0.7227007874015748
11
1.9747712598425196
21
0.7231434645669291
0
LINE
8
BLACK
6
CONTINUOUS
10
1.9747712598425196
20
0.7231434645669291
11
1.9706818897637794
21
0.7250503937007874
0
LINE
8
BLACK
6
CONTINUOUS
10
1.9706818897637794
20
0.7250503937007874
11
1.9674913385826771
21
0.7282409448818897
0
LINE
8
BLACK
6
CONTINUOUS
10
1.9674913385826771
20
0.7282409448818897
11
1.9655844094488188
21
0.7323303149606299
0
LINE
8
BLACK
6
CONTINUOUS
10
1.9655844094488188
20
0.7323303149606299
11
1.9651417322834646
21
0.7356929133858268
0
LINE
8
BLACK
6
CONTINUOUS
10
1.9651417322834646
20
0.7356929133858268
11
1.9651417322834646
21
0.8223070866141732
0
LINE
8
BLACK
6
CONTINUOUS
10
1.9651417322834646
20
0.8223070866141732
11
1.9655844094488188
21
0.8256696850393701
0
LINE
8
BLACK
6
CONTINUOUS
10
1.9655844094488188
20
0.8256696850393701
11
1.9674913385826771
21
0.8297590551181102
0
LINE
8
BLACK
6
CONTINUOUS
10
1.9674913385826771
20
0.8297590551181102
11
1.9706818897637794
21
0.8329496062992126
0
LINE
8
BLACK
6
CONTINUOUS
10
1.9706818897637794
20
0.8329496062992126
11
1.9747712598425196
21
0.8348565354330708
0
LINE
8
BLACK
6
CONTINUOUS
10
1.9747712598425196
20
0.8348565354330708
11
1.9781338582677166
21
0.8352992125984252
0
LINE
8
BLACK
6
CONTINUOUS
10
1.9781338582677166
20
0.8352992125984252
11
2.0037244094488189
21
0.8352992125984252
0
LINE
8
BLACK
6
CONTINUOUS
10
2.0037244094488189
20
0.8352992125984252
11
2.0070870078740155
21
0.8348565354330708
0
LINE
8
BLACK
6
CONTINUOUS
10
2.1232287401574803
20
0.8348565354330708
11
2.1273181102362204
21
0.8329496062992126
0
LINE
8
BLACK
6
CONTINUOUS
10
2.1273181102362204
20
0.8329496062992126
11
2.130508661417323
21
0.8297590551181102
0
LINE
8
BLACK
6
CONTINUOUS
10
2.130508661417323
20
0.8297590551181102
11
2.1324155905511812
21
0.8256696850393701
0
LINE
8
BLACK
6
CONTINUOUS
10
2.1324155905511812
20
0.8256696850393701
11
2.1328582677165353
21
0.8223070866141732
0
LINE
8
BLACK
6
CONTINUOUS
10
2.1328582677165353
20
0.8223070866141732
11
2.1328582677165353
21
0.7356929133858268
0
LINE
8
BLACK
6
CONTINUOUS
10
2.1328582677165353
20
0.7356929133858268
11
2.1324155905511812
21
0.7323303149606299
0
LINE
8
BLACK
6
CONTINUOUS
10
2.1324155905511812
20
0.7323303149606299
11
2.130508661417323
21
0.7282409448818897
0
LINE
8
BLACK
6
CONTINUOUS
10
2.130508661417323
20
0.7282409448818897
11
2.1273181102362204
21
0.7250503937007874
0
LINE
8
BLACK
6
CONTINUOUS
10
2.1273181102362204
20
0.7250503937007874
11
2.1232287401574803
21
0.7231434645669291
0
LINE
8
BLACK
6
CONTINUOUS
10
2.1232287401574803
20
0.7231434645669291
11
2.1198661417322833
21
0.7227007874015748
0
LINE
8
BLACK
6
CONTINUOUS
10
2.1198661417322833
20
0.7227007874015748
11
2.094275590551181
21
0.7227007874015748
0
LINE
8
BLACK
6
CONTINUOUS
10
2.094275590551181
20
0.7227007874015748
11
2.0909129921259844
21
0.7231434645669291
0
LINE
8
BLACK
6
CONTINUOUS
10
2.0909129921259844
20
0.7231434645669291
11
2.0868236220472443
21
0.7250503937007874
0
LINE
8
BLACK
6
CONTINUOUS
10
2.0868236220472443
20
0.7250503937007874
11
2.0836330708661417
21
0.7282409448818897
0
LINE
8
BLACK
6
CONTINUOUS
10
2.0836330708661417
20
0.7282409448818897
11
2.0817261417322834
21
0.7323303149606299
0
LINE
8
BLACK
6
CONTINUOUS
10
2.0817261417322834
20
0.7323303149606299
11
2.0812834645669289
21
0.7356929133858268
0
LINE
8
BLACK
6
CONTINUOUS
10
2.0812834645669289
20
0.7356929133858268
11
2.0812834645669289
21
0.8223070866141732
0
LINE
8
BLACK
6
CONTINUOUS
10
2.0812834645669289
20
0.8223070866141732
11
2.0817261417322834
21
0.8256696850393701
0
LINE
8
BLACK
6
CONTINUOUS
10
2.0817261417322834
20
0.8256696850393701
11
2.0836330708661417
21
0.8297590551181102
0
LINE
8
BLACK
6
CONTINUOUS
10
2.0836330708661417
20
0.8297590551181102
11
2.0868236220472443
21
0.8329496062992126
0
LINE
8
BLACK
6
CONTINUOUS
10
2.0868236220472443
20
0.8329496062992126
11
2.0909129921259844
21
0.8348565354330708
0
LINE
8
BLACK
6
CONTINUOUS
10
2.0909129921259844
20
0.8348565354330708
11
2.094275590551181
21
0.8352992125984252
0
LINE
8
BLACK
6
CONTINUOUS
10
2.094275590551181
20
0.8352992125984252
11
2.1198661417322833
21
0.8352992125984252
0
LINE
8
BLACK
6
CONTINUOUS
10
2.1198661417322833
20
0.8352992125984252
11
2.1232287401574803
21
0.8348565354330708
0
LINE
8
BLACK
6
CONTINUOUS
10
1.7726857086614174
20
0.7648697637795275
11
1.7756234251968503
21
0.7629068897637795
0
LINE
8
BLACK
6
CONTINUOUS
10
1.7756234251968503
20
0.7629068897637795
11
1.7775862992125984
21
0.7599691732283465
0
LINE
8
BLACK
6
CONTINUOUS
10
1.7775862992125984
20
0.7599691732283465
11
1.7782755905511811
21
0.756503937007874
0
LINE
8
BLACK
6
CONTINUOUS
10
1.7782755905511811
20
0.756503937007874
11
1.7782755905511811
21
0.7446929133858268
0
LINE
8
BLACK
6
CONTINUOUS
10
1.7782755905511811
20
0.7446929133858268
11
1.7775862992125984
21
0.7412276771653543
0
LINE
8
BLACK
6
CONTINUOUS
10
1.7775862992125984
20
0.7412276771653543
11
1.7756234251968503
21
0.7382899606299212
0
LINE
8
BLACK
6
CONTINUOUS
10
1.7756234251968503
20
0.7382899606299212
11
1.7726857086614174
21
0.7363270866141732
0
LINE
8
BLACK
6
CONTINUOUS
10
1.7726857086614174
20
0.7363270866141732
11
1.7692204724409448
21
0.7356377952755906
0
LINE
8
BLACK
6
CONTINUOUS
10
1.7692204724409448
20
0.7356377952755906
11
1.7229606299212599
21
0.7356377952755906
0
LINE
8
BLACK
6
CONTINUOUS
10
1.7229606299212599
20
0.7356377952755906
11
1.7194953937007873
21
0.7363270866141732
0
LINE
8
BLACK
6
CONTINUOUS
10
1.7194953937007873
20
0.7363270866141732
11
1.7165576771653543
21
0.7382899606299212
0
LINE
8
BLACK
6
CONTINUOUS
10
1.7165576771653543
20
0.7382899606299212
11
1.7145948031496063
21
0.7412276771653543
0
LINE
8
BLACK
6
CONTINUOUS
10
1.7145948031496063
20
0.7412276771653543
11
1.7139055118110236
21
0.7446929133858268
0
LINE
8
BLACK
6
CONTINUOUS
10
1.7139055118110236
20
0.7446929133858268
11
1.7139055118110236
21
0.756503937007874
0
LINE
8
BLACK
6
CONTINUOUS
10
1.7139055118110236
20
0.756503937007874
11
1.7145948031496063
21
0.7599691732283465
0
LINE
8
BLACK
6
CONTINUOUS
10
1.7145948031496063
20
0.7599691732283465
11
1.7165576771653543
21
0.7629068897637795
0
LINE
8
BLACK
6
CONTINUOUS
10
1.7165576771653543
20
0.7629068897637795
11
1.7194953937007873
21
0.7648697637795275
0
LINE
8
BLACK
6
CONTINUOUS
10
1.7194953937007873
20
0.7648697637795275
11
1.7229606299212599
21
0.7655590551181102
0
LINE
8
BLACK
6
CONTINUOUS
10
1.7229606299212599
20
0.7655590551181102
11
1.7692204724409448
21
0.7655590551181102
0
LINE
8
BLACK
6
CONTINUOUS
10
1.7692204724409448
20
0.7655590551181102
11
1.7726857086614174
21
0.7648697637795275
0
LINE
8
BLACK
6
CONTINUOUS
10
0.4268035433070866
20
0.8012502362204724
11
0.4308929133858267
21
0.7993433070866142
0
LINE
8
BLACK
6
CONTINUOUS
10
0.4308929133858267
20
0.7993433070866142
11
0.4340834645669291
21
0.7961527559055118
0
LINE
8
BLACK
6
CONTINUOUS
10
0.4340834645669291
20
0.7961527559055118
11
0.4359903937007874
21
0.7920633858267716
0
LINE
8
BLACK
6
CONTINUOUS
10
0.4359903937007874
20
0.7920633858267716
11
0.4364330708661417
21
0.7887007874015748
0
LINE
8
BLACK
6
CONTINUOUS
10
0.4364330708661417
20
0.7887007874015748
11
0.4364330708661417
21
0.7512992125984251
0
LINE
8
BLACK
6
CONTINUOUS
10
0.4364330708661417
20
0.7512992125984251
11
0.4359903937007874
21
0.7479366141732283
0
LINE
8
BLACK
6
CONTINUOUS
10
0.4359903937007874
20
0.7479366141732283
11
0.4340834645669291
21
0.7438472440944882
0
LINE
8
BLACK
6
CONTINUOUS
10
0.4340834645669291
20
0.7438472440944882
11
0.4308929133858267
21
0.7406566929133858
0
LINE
8
BLACK
6
CONTINUOUS
10
0.4308929133858267
20
0.7406566929133858
11
0.4268035433070866
21
0.7387497637795275
0
LINE
8
BLACK
6
CONTINUOUS
10
0.4268035433070866
20
0.7387497637795275
11
0.4234409448818898
21
0.7383070866141732
0
LINE
8
BLACK
6
CONTINUOUS
10
0.4234409448818898
20
0.7383070866141732
11
0.403755905511811
21
0.7383070866141732
0
LINE
8
BLACK
6
CONTINUOUS
10
0.403755905511811
20
0.7383070866141732
11
0.4003933070866141
21
0.7387497637795275
0
LINE
8
BLACK
6
CONTINUOUS
10
0.4003933070866141
20
0.7387497637795275
11
0.396303937007874
21
0.7406566929133858
0
LINE
8
BLACK
6
CONTINUOUS
10
0.396303937007874
20
0.7406566929133858
11
0.3931133858267716
21
0.7438472440944882
0
LINE
8
BLACK
6
CONTINUOUS
10
0.3931133858267716
20
0.7438472440944882
11
0.3912064566929134
21
0.7479366141732283
0
LINE
8
BLACK
6
CONTINUOUS
10
0.3912064566929134
20
0.7479366141732283
11
0.390763779527559
21
0.7512992125984251
0
LINE
8
BLACK
6
CONTINUOUS
10
0.390763779527559
20
0.7512992125984251
11
0.390763779527559
21
0.7887007874015748
0
LINE
8
BLACK
6
CONTINUOUS
10
0.390763779527559
20
0.7887007874015748
11
0.3912064566929134
21
0.7920633858267716
0
LINE
8
BLACK
6
CONTINUOUS
10
0.3912064566929134
20
0.7920633858267716
11
0.3931133858267716
21
0.7961527559055118
0
LINE
8
BLACK
6
CONTINUOUS
10
0.3931133858267716
20
0.7961527559055118
11
0.396303937007874
21
0.7993433070866142
0
LINE
8
BLACK
6
CONTINUOUS
10
0.396303937007874
20
0.7993433070866142
11
0.4003933070866141
21
0.8012502362204724
0
LINE
8
BLACK
6
CONTINUOUS
10
0.4003933070866141
20
0.8012502362204724
11
0.403755905511811
21
0.8016929133858267
0
LINE
8
BLACK
6
CONTINUOUS
10
0.403755905511811
20
0.8016929133858267
11
0.4234409448818898
21
0.8016929133858267
0
LINE
8
BLACK
6
CONTINUOUS
10
0.4234409448818898
20
0.8016929133858267
11
0.4268035433070866
21
0.8012502362204724
0
LINE
8
BLACK
6
CONTINUOUS
10
0.5016066929133858
20
0.8012502362204724
11
0.505696062992126
21
0.7993433070866142
0
LINE
8
BLACK
6
CONTINUOUS
10
0.505696062992126
20
0.7993433070866142
11
0.5088866141732283
21
0.7961527559055118
0
LINE
8
BLACK
6
CONTINUOUS
10
0.5088866141732283
20
0.7961527559055118
11
0.5107935433070866
21
0.7920633858267716
0
LINE
8
BLACK
6
CONTINUOUS
10
0.5107935433070866
20
0.7920633858267716
11
0.5112362204724409
21
0.7887007874015748
0
LINE
8
BLACK
6
CONTINUOUS
10
0.5112362204724409
20
0.7887007874015748
11
0.5112362204724409
21
0.7512992125984251
0
LINE
8
BLACK
6
CONTINUOUS
10
0.5112362204724409
20
0.7512992125984251
11
0.5107935433070866
21
0.7479366141732283
0
LINE
8
BLACK
6
CONTINUOUS
10
0.5107935433070866
20
0.7479366141732283
11
0.5088866141732283
21
0.7438472440944882
0
LINE
8
BLACK
6
CONTINUOUS
10
0.5088866141732283
20
0.7438472440944882
11
0.505696062992126
21
0.7406566929133858
0
LINE
8
BLACK
6
CONTINUOUS
10
0.505696062992126
20
0.7406566929133858
11
0.5016066929133858
21
0.7387497637795275
0
LINE
8
BLACK
6
CONTINUOUS
10
0.5016066929133858
20
0.7387497637795275
11
0.498244094488189
21
0.7383070866141732
0
LINE
8
BLACK
6
CONTINUOUS
10
0.498244094488189
20
0.7383070866141732
11
0.4785590551181102
21
0.7383070866141732
0
LINE
8
BLACK
6
CONTINUOUS
10
0.4785590551181102
20
0.7383070866141732
11
0.4751964566929134
21
0.7387497637795275
0
LINE
8
BLACK
6
CONTINUOUS
10
0.4751964566929134
20
0.7387497637795275
11
0.4711070866141732
21
0.7406566929133858
0
LINE
8
BLACK
6
CONTINUOUS
10
0.4711070866141732
20
0.7406566929133858
11
0.4679165354330709
21
0.7438472440944882
0
LINE
8
BLACK
6
CONTINUOUS
10
0.4679165354330709
20
0.7438472440944882
11
0.4660096062992126
21
0.7479366141732283
0
LINE
8
BLACK
6
CONTINUOUS
10
0.4660096062992126
20
0.7479366141732283
11
0.4655669291338583
21
0.7512992125984251
0
LINE
8
BLACK
6
CONTINUOUS
10
0.4655669291338583
20
0.7512992125984251
11
0.4655669291338583
21
0.7887007874015748
0
LINE
8
BLACK
6
CONTINUOUS
10
0.4655669291338583
20
0.7887007874015748
11
0.4660096062992126
21
0.7920633858267716
0
LINE
8
BLACK
6
CONTINUOUS
10
0.4660096062992126
20
0.7920633858267716
11
0.4679165354330709
21
0.7961527559055118
0
LINE
8
BLACK
6
CONTINUOUS
10
0.4679165354330709
20
0.7961527559055118
11
0.4711070866141732
21
0.7993433070866142
0
LINE
8
BLACK
6
CONTINUOUS
10
0.4711070866141732
20
0.7993433070866142
11
0.4751964566929134
21
0.8012502362204724
0
LINE
8
BLACK
6
CONTINUOUS
10
0.4751964566929134
20
0.8012502362204724
11
0.4785590551181102
21
0.8016929133858267
0
LINE
8
BLACK
6
CONTINUOUS
10
0.4785590551181102
20
0.8016929133858267
11
0.498244094488189
21
0.8016929133858267
0
LINE
8
BLACK
6
CONTINUOUS
10
0.498244094488189
20
0.8016929133858267
11
0.5016066929133858
21
0.8012502362204724
0
LINE
8
BLACK
6
CONTINUOUS
10
0.9399691732283464
20
0.8283264566929134
11
0.9429068897637795
21
0.8263635826771654
0
LINE
8
BLACK
6
CONTINUOUS
10
0.9429068897637795
20
0.8263635826771654
11
0.9448697637795276
21
0.8234258661417323
0
LINE
8
BLACK
6
CONTINUOUS
10
0.9448697637795276
20
0.8234258661417323
11
0.9455590551181102
21
0.8199606299212598
0
LINE
8
BLACK
6
CONTINUOUS
10
0.9455590551181102
20
0.8199606299212598
11
0.9455590551181102
21
0.7796062992125984
0
LINE
8
BLACK
6
CONTINUOUS
10
0.9455590551181102
20
0.7796062992125984
11
0.9448697637795276
21
0.7761410629921259
0
LINE
8
BLACK
6
CONTINUOUS
10
0.9448697637795276
20
0.7761410629921259
11
0.9429068897637795
21
0.7732033464566929
0
LINE
8
BLACK
6
CONTINUOUS
10
0.9429068897637795
20
0.7732033464566929
11
0.9399691732283464
21
0.7712404724409448
0
LINE
8
BLACK
6
CONTINUOUS
10
0.9399691732283464
20
0.7712404724409448
11
0.936503937007874
21
0.7705511811023622
0
LINE
8
BLACK
6
CONTINUOUS
10
0.936503937007874
20
0.7705511811023622
11
0.9246929133858267
21
0.7705511811023622
0
LINE
8
BLACK
6
CONTINUOUS
10
0.9246929133858267
20
0.7705511811023622
11
0.9212276771653544
21
0.7712404724409448
0
LINE
8
BLACK
6
CONTINUOUS
10
0.9212276771653544
20
0.7712404724409448
11
0.9182899606299212
21
0.7732033464566929
0
LINE
8
BLACK
6
CONTINUOUS
10
0.9182899606299212
20
0.7732033464566929
11
0.9163270866141732
21
0.7761410629921259
0
LINE
8
BLACK
6
CONTINUOUS
10
0.9163270866141732
20
0.7761410629921259
11
0.9156377952755905
21
0.7796062992125984
0
LINE
8
BLACK
6
CONTINUOUS
10
0.9156377952755905
20
0.7796062992125984
11
0.9156377952755905
21
0.8199606299212598
0
LINE
8
BLACK
6
CONTINUOUS
10
0.9156377952755905
20
0.8199606299212598
11
0.9163270866141732
21
0.8234258661417323
0
LINE
8
BLACK
6
CONTINUOUS
10
0.9163270866141732
20
0.8234258661417323
11
0.9182899606299212
21
0.8263635826771654
0
LINE
8
BLACK
6
CONTINUOUS
10
0.9182899606299212
20
0.8263635826771654
11
0.9212276771653544
21
0.8283264566929134
0
LINE
8
BLACK
6
CONTINUOUS
10
0.9212276771653544
20
0.8283264566929134
11
0.9246929133858267
21
0.829015748031496
0
LINE
8
BLACK
6
CONTINUOUS
10
0.9246929133858267
20
0.829015748031496
11
0.936503937007874
21
0.829015748031496
0
LINE
8
BLACK
6
CONTINUOUS
10
0.936503937007874
20
0.829015748031496
11
0.9399691732283464
21
0.8283264566929134
0
LINE
8
BLACK
6
CONTINUOUS
10
0.977370748031496
20
0.8283264566929134
11
0.9803084645669291
21
0.8263635826771654
0
LINE
8
BLACK
6
CONTINUOUS
10
0.9803084645669291
20
0.8263635826771654
11
0.9822713385826771
21
0.8234258661417323
0
LINE
8
BLACK
6
CONTINUOUS
10
0.9822713385826771
20
0.8234258661417323
11
0.9829606299212598
21
0.8199606299212598
0
LINE
8
BLACK
6
CONTINUOUS
10
0.9829606299212598
20
0.8199606299212598
11
0.9829606299212598
21
0.7796062992125984
0
LINE
8
BLACK
6
CONTINUOUS
10
0.9829606299212598
20
0.7796062992125984
11
0.9822713385826771
21
0.7761410629921259
0
LINE
8
BLACK
6
CONTINUOUS
10
0.9822713385826771
20
0.7761410629921259
11
0.9803084645669291
21
0.7732033464566929
0
LINE
8
BLACK
6
CONTINUOUS
10
0.9803084645669291
20
0.7732033464566929
11
0.977370748031496
21
0.7712404724409448
0
LINE
8
BLACK
6
CONTINUOUS
10
0.977370748031496
20
0.7712404724409448
11
0.9739055118110236
21
0.7705511811023622
0
LINE
8
BLACK
6
CONTINUOUS
10
0.9739055118110236
20
0.7705511811023622
11
0.9620944881889764
21
0.7705511811023622
0
LINE
8
BLACK
6
CONTINUOUS
10
0.9620944881889764
20
0.7705511811023622
11
0.9586292519685039
21
0.7712404724409448
0
LINE
8
BLACK
6
CONTINUOUS
10
0.9586292519685039
20
0.7712404724409448
11
0.9556915354330708
21
0.7732033464566929
0
LINE
8
BLACK
6
CONTINUOUS
10
0.9556915354330708
20
0.7732033464566929
11
0.9537286614173228
21
0.7761410629921259
0
LINE
8
BLACK
6
CONTINUOUS
10
0.9537286614173228
20
0.7761410629921259
11
0.9530393700787402
21
0.7796062992125984
0
LINE
8
BLACK
6
CONTINUOUS
10
0.9530393700787402
20
0.7796062992125984
11
0.9530393700787402
21
0.8199606299212598
0
LINE
8
BLACK
6
CONTINUOUS
10
0.9530393700787402
20
0.8199606299212598
11
0.9537286614173228
21
0.8234258661417323
0
LINE
8
BLACK
6
CONTINUOUS
10
0.9537286614173228
20
0.8234258661417323
11
0.9556915354330708
21
0.8263635826771654
0
LINE
8
BLACK
6
CONTINUOUS
10
0.9556915354330708
20
0.8263635826771654
11
0.9586292519685039
21
0.8283264566929134
0
LINE
8
BLACK
6
CONTINUOUS
10
0.9586292519685039
20
0.8283264566929134
11
0.9620944881889764
21
0.829015748031496
0
LINE
8
BLACK
6
CONTINUOUS
10
0.9620944881889764
20
0.829015748031496
11
0.9739055118110236
21
0.829015748031496
0
LINE
8
BLACK
6
CONTINUOUS
10
0.9739055118110236
20
0.829015748031496
11
0.977370748031496
21
0.8283264566929134
0
LINE
8
BLACK
6
CONTINUOUS
10
1.0147723228346457
20
0.8283264566929134
11
1.0177100393700786
21
0.8263635826771654
0
LINE
8
BLACK
6
CONTINUOUS
10
1.0177100393700786
20
0.8263635826771654
11
1.0196729133858267
21
0.8234258661417323
0
LINE
8
BLACK
6
CONTINUOUS
10
1.0196729133858267
20
0.8234258661417323
11
1.0203622047244094
21
0.8199606299212598
0
LINE
8
BLACK
6
CONTINUOUS
10
1.0203622047244094
20
0.8199606299212598
11
1.0203622047244094
21
0.7796062992125984
0
LINE
8
BLACK
6
CONTINUOUS
10
1.0203622047244094
20
0.7796062992125984
11
1.0196729133858267
21
0.7761410629921259
0
LINE
8
BLACK
6
CONTINUOUS
10
1.0196729133858267
20
0.7761410629921259
11
1.0177100393700786
21
0.7732033464566929
0
LINE
8
BLACK
6
CONTINUOUS
10
1.0177100393700786
20
0.7732033464566929
11
1.0147723228346457
21
0.7712404724409448
0
LINE
8
BLACK
6
CONTINUOUS
10
1.0147723228346457
20
0.7712404724409448
11
1.0113070866141731
21
0.7705511811023622
0
LINE
8
BLACK
6
CONTINUOUS
10
1.0113070866141731
20
0.7705511811023622
11
0.999496062992126
21
0.7705511811023622
0
LINE
8
BLACK
6
CONTINUOUS
10
0.999496062992126
20
0.7705511811023622
11
0.9960308267716536
21
0.7712404724409448
0
LINE
8
BLACK
6
CONTINUOUS
10
0.9960308267716536
20
0.7712404724409448
11
0.9930931102362205
21
0.7732033464566929
0
LINE
8
BLACK
6
CONTINUOUS
10
0.9930931102362205
20
0.7732033464566929
11
0.9911302362204725
21
0.7761410629921259
0
LINE
8
BLACK
6
CONTINUOUS
10
0.9911302362204725
20
0.7761410629921259
11
0.9904409448818897
21
0.7796062992125984
0
LINE
8
BLACK
6
CONTINUOUS
10
0.9904409448818897
20
0.7796062992125984
11
0.9904409448818897
21
0.8199606299212598
0
LINE
8
BLACK
6
CONTINUOUS
10
0.9904409448818897
20
0.8199606299212598
11
0.9911302362204725
21
0.8234258661417323
0
LINE
8
BLACK
6
CONTINUOUS
10
0.9911302362204725
20
0.8234258661417323
11
0.9930931102362205
21
0.8263635826771654
0
LINE
8
BLACK
6
CONTINUOUS
10
0.9930931102362205
20
0.8263635826771654
11
0.9960308267716536
21
0.8283264566929134
0
LINE
8
BLACK
6
CONTINUOUS
10
0.9960308267716536
20
0.8283264566929134
11
0.999496062992126
21
0.829015748031496
0
LINE
8
BLACK
6
CONTINUOUS
10
0.999496062992126
20
0.829015748031496
11
1.0113070866141731
21
0.829015748031496
0
LINE
8
BLACK
6
CONTINUOUS
10
1.0113070866141731
20
0.829015748031496
11
1.0147723228346457
21
0.8283264566929134
0
LINE
8
BLACK
6
CONTINUOUS
10
1.8465046062992125
20
0.8022713385826772
11
1.8494423228346457
21
0.8003084645669292
0
LINE
8
BLACK
6
CONTINUOUS
10
1.8494423228346457
20
0.8003084645669292
11
1.8514051968503937
21
0.797370748031496
0
LINE
8
BLACK
6
CONTINUOUS
10
1.8514051968503937
20
0.797370748031496
11
1.8520944881889763
21
0.7939055118110236
0
LINE
8
BLACK
6
CONTINUOUS
10
1.8520944881889763
20
0.7939055118110236
11
1.8520944881889763
21
0.7820944881889763
0
LINE
8
BLACK
6
CONTINUOUS
10
1.8520944881889763
20
0.7820944881889763
11
1.8514051968503937
21
0.778629251968504
0
LINE
8
BLACK
6
CONTINUOUS
10
1.8514051968503937
20
0.778629251968504
11
1.8494423228346457
21
0.7756915354330709
0
LINE
8
BLACK
6
CONTINUOUS
10
1.8494423228346457
20
0.7756915354330709
11
1.8465046062992125
21
0.7737286614173228
0
LINE
8
BLACK
6
CONTINUOUS
10
1.8465046062992125
20
0.7737286614173228
11
1.8430393700787402
21
0.7730393700787401
0
LINE
8
BLACK
6
CONTINUOUS
10
1.8430393700787402
20
0.7730393700787401
11
1.796779527559055
21
0.7730393700787401
0
LINE
8
BLACK
6
CONTINUOUS
10
1.796779527559055
20
0.7730393700787401
11
1.7933142913385827
21
0.7737286614173228
0
LINE
8
BLACK
6
CONTINUOUS
10
1.7933142913385827
20
0.7737286614173228
11
1.7903765748031495
21
0.7756915354330709
0
LINE
8
BLACK
6
CONTINUOUS
10
1.7903765748031495
20
0.7756915354330709
11
1.7884137007874015
21
0.778629251968504
0
LINE
8
BLACK
6
CONTINUOUS
10
1.7884137007874015
20
0.778629251968504
11
1.7877244094488189
21
0.7820944881889763
0
LINE
8
BLACK
6
CONTINUOUS
10
1.7877244094488189
20
0.7820944881889763
11
1.7877244094488189
21
0.7939055118110236
0
LINE
8
BLACK
6
CONTINUOUS
10
1.7877244094488189
20
0.7939055118110236
11
1.7884137007874015
21
0.797370748031496
0
LINE
8
BLACK
6
CONTINUOUS
10
1.7884137007874015
20
0.797370748031496
11
1.7903765748031495
21
0.8003084645669292
0
LINE
8
BLACK
6
CONTINUOUS
10
1.7903765748031495
20
0.8003084645669292
11
1.7933142913385827
21
0.8022713385826772
0
LINE
8
BLACK
6
CONTINUOUS
10
1.7933142913385827
20
0.8022713385826772
11
1.796779527559055
21
0.8029606299212598
0
LINE
8
BLACK
6
CONTINUOUS
10
1.796779527559055
20
0.8029606299212598
11
1.8430393700787402
21
0.8029606299212598
0
LINE
8
BLACK
6
CONTINUOUS
10
1.8430393700787402
20
0.8029606299212598
11
1.8465046062992125
21
0.8022713385826772
0
LINE
8
BLACK
6
CONTINUOUS
10
1.7726857086614174
20
0.8396729133858267
11
1.7756234251968503
21
0.8377100393700787
0
LINE
8
BLACK
6
CONTINUOUS
10
1.7756234251968503
20
0.8377100393700787
11
1.7775862992125984
21
0.8347723228346456
0
LINE
8
BLACK
6
CONTINUOUS
10
1.7775862992125984
20
0.8347723228346456
11
1.7782755905511811
21
0.8313070866141732
0
LINE
8
BLACK
6
CONTINUOUS
10
1.7782755905511811
20
0.8313070866141732
11
1.7782755905511811
21
0.819496062992126
0
LINE
8
BLACK
6
CONTINUOUS
10
1.7782755905511811
20
0.819496062992126
11
1.7775862992125984
21
0.8160308267716535
0
LINE
8
BLACK
6
CONTINUOUS
10
1.7775862992125984
20
0.8160308267716535
11
1.7756234251968503
21
0.8130931102362204
0
LINE
8
BLACK
6
CONTINUOUS
10
1.7756234251968503
20
0.8130931102362204
11
1.7726857086614174
21
0.8111302362204724
0
LINE
8
BLACK
6
CONTINUOUS
10
1.7726857086614174
20
0.8111302362204724
11
1.7692204724409448
21
0.8104409448818898
0
LINE
8
BLACK
6
CONTINUOUS
10
1.7692204724409448
20
0.8104409448818898
11
1.7229606299212599
21
0.8104409448818898
0
LINE
8
BLACK
6
CONTINUOUS
10
1.7229606299212599
20
0.8104409448818898
11
1.7194953937007873
21
0.8111302362204724
0
LINE
8
BLACK
6
CONTINUOUS
10
1.7194953937007873
20
0.8111302362204724
11
1.7165576771653543
21
0.8130931102362204
0
LINE
8
BLACK
6
CONTINUOUS
10
1.7165576771653543
20
0.8130931102362204
11
1.7145948031496063
21
0.8160308267716535
0
LINE
8
BLACK
6
CONTINUOUS
10
1.7145948031496063
20
0.8160308267716535
11
1.7139055118110236
21
0.819496062992126
0
LINE
8
BLACK
6
CONTINUOUS
10
1.7139055118110236
20
0.819496062992126
11
1.7139055118110236
21
0.8313070866141732
0
LINE
8
BLACK
6
CONTINUOUS
10
1.7139055118110236
20
0.8313070866141732
11
1.7145948031496063
21
0.8347723228346456
0
LINE
8
BLACK
6
CONTINUOUS
10
1.7145948031496063
20
0.8347723228346456
11
1.7165576771653543
21
0.8377100393700787
0
LINE
8
BLACK
6
CONTINUOUS
10
1.7165576771653543
20
0.8377100393700787
11
1.7194953937007873
21
0.8396729133858267
0
LINE
8
BLACK
6
CONTINUOUS
10
1.7194953937007873
20
0.8396729133858267
11
1.7229606299212599
21
0.8403622047244095
0
LINE
8
BLACK
6
CONTINUOUS
10
1.7229606299212599
20
0.8403622047244095
11
1.7692204724409448
21
0.8403622047244095
0
LINE
8
BLACK
6
CONTINUOUS
10
1.7692204724409448
20
0.8403622047244095
11
1.7726857086614174
21
0.8396729133858267
0
LINE
8
BLACK
6
CONTINUOUS
10
0.7586856299212599
20
0.9740279527559055
11
0.7597074409448819
21
0.9733452362204724
0
LINE
8
BLACK
6
CONTINUOUS
10
0.7597074409448819
20
0.9733452362204724
11
0.7603901574803149
21
0.9723234251968503
0
LINE
8
BLACK
6
CONTINUOUS
10
0.7603901574803149
20
0.9723234251968503
11
0.7606299212598425
21
0.9711181102362204
0
LINE
8
BLACK
6
CONTINUOUS
10
0.7606299212598425
20
0.9711181102362204
11
0.7606299212598425
21
0.821511811023622
0
LINE
8
BLACK
6
CONTINUOUS
10
0.7606299212598425
20
0.821511811023622
11
0.7603901574803149
21
0.8203064960629921
0
LINE
8
BLACK
6
CONTINUOUS
10
0.7603901574803149
20
0.8203064960629921
11
0.7597074409448819
21
0.81928468503937
0
LINE
8
BLACK
6
CONTINUOUS
10
0.7597074409448819
20
0.81928468503937
11
0.7586856299212599
21
0.818601968503937
0
LINE
8
BLACK
6
CONTINUOUS
10
0.7586856299212599
20
0.818601968503937
11
0.75748031496063
21
0.8183622047244095
0
LINE
8
BLACK
6
CONTINUOUS
10
0.75748031496063
20
0.8183622047244095
11
0.7181102362204724
21
0.8183622047244095
0
LINE
8
BLACK
6
CONTINUOUS
10
0.7181102362204724
20
0.8183622047244095
11
0.7169049212598425
21
0.818601968503937
0
LINE
8
BLACK
6
CONTINUOUS
10
0.7169049212598425
20
0.818601968503937
11
0.7158831102362204
21
0.81928468503937
0
LINE
8
BLACK
6
CONTINUOUS
10
0.7158831102362204
20
0.81928468503937
11
0.7152003937007874
21
0.8203064960629921
0
LINE
8
BLACK
6
CONTINUOUS
10
0.7152003937007874
20
0.8203064960629921
11
0.7149606299212599
21
0.821511811023622
0
LINE
8
BLACK
6
CONTINUOUS
10
0.7149606299212599
20
0.821511811023622
11
0.7149606299212599
21
0.9711181102362204
0
LINE
8
BLACK
6
CONTINUOUS
10
0.7149606299212599
20
0.9711181102362204
11
0.7152003937007874
21
0.9723234251968503
0
LINE
8
BLACK
6
CONTINUOUS
10
0.7152003937007874
20
0.9723234251968503
11
0.7158831102362204
21
0.9733452362204724
0
LINE
8
BLACK
6
CONTINUOUS
10
0.7158831102362204
20
0.9733452362204724
11
0.7169049212598425
21
0.9740279527559055
0
LINE
8
BLACK
6
CONTINUOUS
10
0.7169049212598425
20
0.9740279527559055
11
0.7181102362204724
21
0.9742677165354331
0
LINE
8
BLACK
6
CONTINUOUS
10
0.7181102362204724
20
0.9742677165354331
11
0.75748031496063
21
0.9742677165354331
0
LINE
8
BLACK
6
CONTINUOUS
10
0.75748031496063
20
0.9742677165354331
11
0.7586856299212599
21
0.9740279527559055
0
LINE
8
BLACK
6
CONTINUOUS
10
2.4830950787401576
20
0.9740279527559055
11
2.4841168897637793
21
0.9733452362204724
0
LINE
8
BLACK
6
CONTINUOUS
10
2.4841168897637793
20
0.9733452362204724
11
2.4847996062992124
21
0.9723234251968503
0
LINE
8
BLACK
6
CONTINUOUS
10
2.4847996062992124
20
0.9723234251968503
11
2.4850393700787401
21
0.9711181102362204
0
LINE
8
BLACK
6
CONTINUOUS
10
2.4850393700787401
20
0.9711181102362204
11
2.4850393700787401
21
0.821511811023622
0
LINE
8
BLACK
6
CONTINUOUS
10
2.4850393700787401
20
0.821511811023622
11
2.4847996062992124
21
0.8203064960629921
0
LINE
8
BLACK
6
CONTINUOUS
10
2.4847996062992124
20
0.8203064960629921
11
2.4841168897637793
21
0.81928468503937
0
LINE
8
BLACK
6
CONTINUOUS
10
2.4841168897637793
20
0.81928468503937
11
2.4830950787401576
21
0.818601968503937
0
LINE
8
BLACK
6
CONTINUOUS
10
2.4830950787401576
20
0.818601968503937
11
2.4818897637795274
21
0.8183622047244095
0
LINE
8
BLACK
6
CONTINUOUS
10
2.4818897637795274
20
0.8183622047244095
11
2.44251968503937
21
0.8183622047244095
0
LINE
8
BLACK
6
CONTINUOUS
10
2.44251968503937
20
0.8183622047244095
11
2.4413143700787403
21
0.818601968503937
0
LINE
8
BLACK
6
CONTINUOUS
10
2.4413143700787403
20
0.818601968503937
11
2.4402925590551181
21
0.81928468503937
0
LINE
8
BLACK
6
CONTINUOUS
10
2.4402925590551181
20
0.81928468503937
11
2.439609842519685
21
0.8203064960629921
0
LINE
8
BLACK
6
CONTINUOUS
10
2.439609842519685
20
0.8203064960629921
11
2.4393700787401573
21
0.821511811023622
0
LINE
8
BLACK
6
CONTINUOUS
10
2.4393700787401573
20
0.821511811023622
11
2.4393700787401573
21
0.9711181102362204
0
LINE
8
BLACK
6
CONTINUOUS
10
2.4393700787401573
20
0.9711181102362204
11
2.439609842519685
21
0.9723234251968503
0
LINE
8
BLACK
6
CONTINUOUS
10
2.439609842519685
20
0.9723234251968503
11
2.4402925590551181
21
0.9733452362204724
0
LINE
8
BLACK
6
CONTINUOUS
10
2.4402925590551181
20
0.9733452362204724
11
2.4413143700787403
21
0.9740279527559055
0
LINE
8
BLACK
6
CONTINUOUS
10
2.4413143700787403
20
0.9740279527559055
11
2.44251968503937
21
0.9742677165354331
0
LINE
8
BLACK
6
CONTINUOUS
10
2.44251968503937
20
0.9742677165354331
11
2.4818897637795274
21
0.9742677165354331
0
LINE
8
BLACK
6
CONTINUOUS
10
2.4818897637795274
20
0.9742677165354331
11
2.4830950787401576
21
0.9740279527559055
0
LINE
8
BLACK
6
CONTINUOUS
10
1.3970633858267716
20
0.8789903937007874
11
1.4011527559055117
21
0.8770834645669291
0
LINE
8
BLACK
6
CONTINUOUS
10
1.4011527559055117
20
0.8770834645669291
11
1.404343307086614
21
0.8738929133858268
0
LINE
8
BLACK
6
CONTINUOUS
10
1.404343307086614
20
0.8738929133858268
11
1.4062502362204725
21
0.8698035433070866
0
LINE
8
BLACK
6
CONTINUOUS
10
1.4062502362204725
20
0.8698035433070866
11
1.4066929133858268
21
0.8664409448818897
0
LINE
8
BLACK
6
CONTINUOUS
10
1.4066929133858268
20
0.8664409448818897
11
1.4066929133858268
21
0.846755905511811
0
LINE
8
BLACK
6
CONTINUOUS
10
1.4066929133858268
20
0.846755905511811
11
1.4062502362204725
21
0.8433933070866142
0
LINE
8
BLACK
6
CONTINUOUS
10
1.4062502362204725
20
0.8433933070866142
11
1.404343307086614
21
0.839303937007874
0
LINE
8
BLACK
6
CONTINUOUS
10
1.404343307086614
20
0.839303937007874
11
1.4011527559055117
21
0.8361133858267716
0
LINE
8
BLACK
6
CONTINUOUS
10
1.4011527559055117
20
0.8361133858267716
11
1.3970633858267716
21
0.8342064566929134
0
LINE
8
BLACK
6
CONTINUOUS
10
1.3970633858267716
20
0.8342064566929134
11
1.3937007874015748
21
0.8337637795275591
0
LINE
8
BLACK
6
CONTINUOUS
10
1.3937007874015748
20
0.8337637795275591
11
1.3562992125984252
21
0.8337637795275591
0
LINE
8
BLACK
6
CONTINUOUS
10
1.3562992125984252
20
0.8337637795275591
11
1.3529366141732284
21
0.8342064566929134
0
LINE
8
BLACK
6
CONTINUOUS
10
1.3529366141732284
20
0.8342064566929134
11
1.3488472440944881
21
0.8361133858267716
0
LINE
8
BLACK
6
CONTINUOUS
10
1.3488472440944881
20
0.8361133858267716
11
1.3456566929133857
21
0.839303937007874
0
LINE
8
BLACK
6
CONTINUOUS
10
1.3456566929133857
20
0.839303937007874
11
1.3437497637795275
21
0.8433933070866142
0
LINE
8
BLACK
6
CONTINUOUS
10
1.3437497637795275
20
0.8433933070866142
11
1.3433070866141732
21
0.846755905511811
0
LINE
8
BLACK
6
CONTINUOUS
10
1.3433070866141732
20
0.846755905511811
11
1.3433070866141732
21
0.8664409448818897
0
LINE
8
BLACK
6
CONTINUOUS
10
1.3433070866141732
20
0.8664409448818897
11
1.3437497637795275
21
0.8698035433070866
0
LINE
8
BLACK
6
CONTINUOUS
10
1.3437497637795275
20
0.8698035433070866
11
1.3456566929133857
21
0.8738929133858268
0
LINE
8
BLACK
6
CONTINUOUS
10
1.3456566929133857
20
0.8738929133858268
11
1.3488472440944881
21
0.8770834645669291
0
LINE
8
BLACK
6
CONTINUOUS
10
1.3488472440944881
20
0.8770834645669291
11
1.3529366141732284
21
0.8789903937007874
0
LINE
8
BLACK
6
CONTINUOUS
10
1.3529366141732284
20
0.8789903937007874
11
1.3562992125984252
21
0.8794330708661418
0
LINE
8
BLACK
6
CONTINUOUS
10
1.3562992125984252
20
0.8794330708661418
11
1.3937007874015748
21
0.8794330708661418
0
LINE
8
BLACK
6
CONTINUOUS
10
1.3937007874015748
20
0.8794330708661418
11
1.3970633858267716
21
0.8789903937007874
0
LINE
8
BLACK
6
CONTINUOUS
10
1.3165279527559055
20
0.8815494881889764
11
1.3206173228346456
21
0.8796425590551181
0
LINE
8
BLACK
6
CONTINUOUS
10
1.3206173228346456
20
0.8796425590551181
11
1.323807874015748
21
0.8764520078740158
0
LINE
8
BLACK
6
CONTINUOUS
10
1.323807874015748
20
0.8764520078740158
11
1.3257148031496062
21
0.8723626377952756
0
LINE
8
BLACK
6
CONTINUOUS
10
1.3257148031496062
20
0.8723626377952756
11
1.3261574803149605
21
0.8690000393700787
0
LINE
8
BLACK
6
CONTINUOUS
10
1.3261574803149605
20
0.8690000393700787
11
1.3261574803149605
21
0.848330748031496
0
LINE
8
BLACK
6
CONTINUOUS
10
1.3261574803149605
20
0.848330748031496
11
1.3257148031496062
21
0.8449681496062992
0
LINE
8
BLACK
6
CONTINUOUS
10
1.3257148031496062
20
0.8449681496062992
11
1.323807874015748
21
0.8408787795275591
0
LINE
8
BLACK
6
CONTINUOUS
10
1.323807874015748
20
0.8408787795275591
11
1.3206173228346456
21
0.8376882283464566
0
LINE
8
BLACK
6
CONTINUOUS
10
1.3206173228346456
20
0.8376882283464566
11
1.3165279527559055
21
0.8357812992125984
0
LINE
8
BLACK
6
CONTINUOUS
10
1.3165279527559055
20
0.8357812992125984
11
1.3131653543307087
21
0.8353386220472441
0
LINE
8
BLACK
6
CONTINUOUS
10
1.3131653543307087
20
0.8353386220472441
11
1.2777322834645668
21
0.8353386220472441
0
LINE
8
BLACK
6
CONTINUOUS
10
1.2777322834645668
20
0.8353386220472441
11
1.27436968503937
21
0.8357812992125984
0
LINE
8
BLACK
6
CONTINUOUS
10
1.27436968503937
20
0.8357812992125984
11
1.2702803149606299
21
0.8376882283464566
0
LINE
8
BLACK
6
CONTINUOUS
10
1.2702803149606299
20
0.8376882283464566
11
1.2670897637795275
21
0.8408787795275591
0
LINE
8
BLACK
6
CONTINUOUS
10
1.2670897637795275
20
0.8408787795275591
11
1.2651828346456693
21
0.8449681496062992
0
LINE
8
BLACK
6
CONTINUOUS
10
1.2651828346456693
20
0.8449681496062992
11
1.264740157480315
21
0.848330748031496
0
LINE
8
BLACK
6
CONTINUOUS
10
1.264740157480315
20
0.848330748031496
11
1.264740157480315
21
0.8690000393700787
0
LINE
8
BLACK
6
CONTINUOUS
10
1.264740157480315
20
0.8690000393700787
11
1.2651828346456693
21
0.8723626377952756
0
LINE
8
BLACK
6
CONTINUOUS
10
1.2651828346456693
20
0.8723626377952756
11
1.2670897637795275
21
0.8764520078740158
0
LINE
8
BLACK
6
CONTINUOUS
10
1.2670897637795275
20
0.8764520078740158
11
1.2702803149606299
21
0.8796425590551181
0
LINE
8
BLACK
6
CONTINUOUS
10
1.2702803149606299
20
0.8796425590551181
11
1.27436968503937
21
0.8815494881889764
0
LINE
8
BLACK
6
CONTINUOUS
10
1.27436968503937
20
0.8815494881889764
11
1.2777322834645668
21
0.8819921653543307
0
LINE
8
BLACK
6
CONTINUOUS
10
1.2777322834645668
20
0.8819921653543307
11
1.3131653543307087
21
0.8819921653543307
0
LINE
8
BLACK
6
CONTINUOUS
10
1.3131653543307087
20
0.8819921653543307
11
1.3165279527559055
21
0.8815494881889764
0
LINE
8
BLACK
6
CONTINUOUS
10
1.4604179921259841
20
0.8967753149606299
11
1.4633557086614173
21
0.8948124409448819
0
LINE
8
BLACK
6
CONTINUOUS
10
1.4633557086614173
20
0.8948124409448819
11
1.4653185826771653
21
0.8918747244094488
0
LINE
8
BLACK
6
CONTINUOUS
10
1.4653185826771653
20
0.8918747244094488
11
1.4660078740157481
21
0.8884094881889764
0
LINE
8
BLACK
6
CONTINUOUS
10
1.4660078740157481
20
0.8884094881889764
11
1.4660078740157481
21
0.8480551574803149
0
LINE
8
BLACK
6
CONTINUOUS
10
1.4660078740157481
20
0.8480551574803149
11
1.4653185826771653
21
0.8445899212598424
0
LINE
8
BLACK
6
CONTINUOUS
10
1.4653185826771653
20
0.8445899212598424
11
1.4633557086614173
21
0.8416522047244094
0
LINE
8
BLACK
6
CONTINUOUS
10
1.4633557086614173
20
0.8416522047244094
11
1.4604179921259841
21
0.8396893307086614
0
LINE
8
BLACK
6
CONTINUOUS
10
1.4604179921259841
20
0.8396893307086614
11
1.4569527559055118
21
0.8390000393700787
0
LINE
8
BLACK
6
CONTINUOUS
10
1.4569527559055118
20
0.8390000393700787
11
1.4451417322834645
21
0.8390000393700787
0
LINE
8
BLACK
6
CONTINUOUS
10
1.4451417322834645
20
0.8390000393700787
11
1.4416764960629922
21
0.8396893307086614
0
LINE
8
BLACK
6
CONTINUOUS
10
1.4416764960629922
20
0.8396893307086614
11
1.438738779527559
21
0.8416522047244094
0
LINE
8
BLACK
6
CONTINUOUS
10
1.438738779527559
20
0.8416522047244094
11
1.436775905511811
21
0.8445899212598424
0
LINE
8
BLACK
6
CONTINUOUS
10
1.436775905511811
20
0.8445899212598424
11
1.4360866141732282
21
0.8480551574803149
0
LINE
8
BLACK
6
CONTINUOUS
10
1.4360866141732282
20
0.8480551574803149
11
1.4360866141732282
21
0.8884094881889764
0
LINE
8
BLACK
6
CONTINUOUS
10
1.4360866141732282
20
0.8884094881889764
11
1.436775905511811
21
0.8918747244094488
0
LINE
8
BLACK
6
CONTINUOUS
10
1.436775905511811
20
0.8918747244094488
11
1.438738779527559
21
0.8948124409448819
0
LINE
8
BLACK
6
CONTINUOUS
10
1.438738779527559
20
0.8948124409448819
11
1.4416764960629922
21
0.8967753149606299
0
LINE
8
BLACK
6
CONTINUOUS
10
1.4416764960629922
20
0.8967753149606299
11
1.4451417322834645
21
0.8974646062992125
0
LINE
8
BLACK
6
CONTINUOUS
10
1.4451417322834645
20
0.8974646062992125
11
1.4569527559055118
21
0.8974646062992125
0
LINE
8
BLACK
6
CONTINUOUS
10
1.4569527559055118
20
0.8974646062992125
11
1.4604179921259841
21
0.8967753149606299
0
LINE
8
BLACK
6
CONTINUOUS
10
1.5352211417322834
20
0.8967753149606299
11
1.5381588582677166
21
0.8948124409448819
0
LINE
8
BLACK
6
CONTINUOUS
10
1.5381588582677166
20
0.8948124409448819
11
1.5401217322834646
21
0.8918747244094488
0
LINE
8
BLACK
6
CONTINUOUS
10
1.5401217322834646
20
0.8918747244094488
11
1.5408110236220471
21
0.8884094881889764
0
LINE
8
BLACK
6
CONTINUOUS
10
1.5408110236220471
20
0.8884094881889764
11
1.5408110236220471
21
0.8480551574803149
0
LINE
8
BLACK
6
CONTINUOUS
10
1.5408110236220471
20
0.8480551574803149
11
1.5401217322834646
21
0.8445899212598424
0
LINE
8
BLACK
6
CONTINUOUS
10
1.5401217322834646
20
0.8445899212598424
11
1.5381588582677166
21
0.8416522047244094
0
LINE
8
BLACK
6
CONTINUOUS
10
1.5381588582677166
20
0.8416522047244094
11
1.5352211417322834
21
0.8396893307086614
0
LINE
8
BLACK
6
CONTINUOUS
10
1.5352211417322834
20
0.8396893307086614
11
1.5317559055118111
21
0.8390000393700787
0
LINE
8
BLACK
6
CONTINUOUS
10
1.5317559055118111
20
0.8390000393700787
11
1.5199448818897638
21
0.8390000393700787
0
LINE
8
BLACK
6
CONTINUOUS
10
1.5199448818897638
20
0.8390000393700787
11
1.5164796456692913
21
0.8396893307086614
0
LINE
8
BLACK
6
CONTINUOUS
10
1.5164796456692913
20
0.8396893307086614
11
1.5135419291338583
21
0.8416522047244094
0
LINE
8
BLACK
6
CONTINUOUS
10
1.5135419291338583
20
0.8416522047244094
11
1.5115790551181103
21
0.8445899212598424
0
LINE
8
BLACK
6
CONTINUOUS
10
1.5115790551181103
20
0.8445899212598424
11
1.5108897637795276
21
0.8480551574803149
0
LINE
8
BLACK
6
CONTINUOUS
10
1.5108897637795276
20
0.8480551574803149
11
1.5108897637795276
21
0.8884094881889764
0
LINE
8
BLACK
6
CONTINUOUS
10
1.5108897637795276
20
0.8884094881889764
11
1.5115790551181103
21
0.8918747244094488
0
LINE
8
BLACK
6
CONTINUOUS
10
1.5115790551181103
20
0.8918747244094488
11
1.5135419291338583
21
0.8948124409448819
0
LINE
8
BLACK
6
CONTINUOUS
10
1.5135419291338583
20
0.8948124409448819
11
1.5164796456692913
21
0.8967753149606299
0
LINE
8
BLACK
6
CONTINUOUS
10
1.5164796456692913
20
0.8967753149606299
11
1.5199448818897638
21
0.8974646062992125
0
LINE
8
BLACK
6
CONTINUOUS
10
1.5199448818897638
20
0.8974646062992125
11
1.5317559055118111
21
0.8974646062992125
0
LINE
8
BLACK
6
CONTINUOUS
10
1.5317559055118111
20
0.8974646062992125
11
1.5352211417322834
21
0.8967753149606299
0
LINE
8
BLACK
6
CONTINUOUS
10
0.6330633858267717
20
0.8919903937007874
11
0.6371527559055118
21
0.8900834645669291
0
LINE
8
BLACK
6
CONTINUOUS
10
0.6371527559055118
20
0.8900834645669291
11
0.6403433070866141
21
0.8868929133858268
0
LINE
8
BLACK
6
CONTINUOUS
10
0.6403433070866141
20
0.8868929133858268
11
0.6422502362204724
21
0.8828035433070865
0
LINE
8
BLACK
6
CONTINUOUS
10
0.6422502362204724
20
0.8828035433070865
11
0.6426929133858268
21
0.8794409448818897
0
LINE
8
BLACK
6
CONTINUOUS
10
0.6426929133858268
20
0.8794409448818897
11
0.6426929133858268
21
0.859755905511811
0
LINE
8
BLACK
6
CONTINUOUS
10
0.6426929133858268
20
0.859755905511811
11
0.6422502362204724
21
0.8563933070866142
0
LINE
8
BLACK
6
CONTINUOUS
10
0.6422502362204724
20
0.8563933070866142
11
0.6403433070866141
21
0.852303937007874
0
LINE
8
BLACK
6
CONTINUOUS
10
0.6403433070866141
20
0.852303937007874
11
0.6371527559055118
21
0.8491133858267716
0
LINE
8
BLACK
6
CONTINUOUS
10
0.6371527559055118
20
0.8491133858267716
11
0.6330633858267717
21
0.8472064566929134
0
LINE
8
BLACK
6
CONTINUOUS
10
0.6330633858267717
20
0.8472064566929134
11
0.6297007874015748
21
0.846763779527559
0
LINE
8
BLACK
6
CONTINUOUS
10
0.6297007874015748
20
0.846763779527559
11
0.5922992125984252
21
0.846763779527559
0
LINE
8
BLACK
6
CONTINUOUS
10
0.5922992125984252
20
0.846763779527559
11
0.5889366141732283
21
0.8472064566929134
0
LINE
8
BLACK
6
CONTINUOUS
10
0.5889366141732283
20
0.8472064566929134
11
0.5848472440944882
21
0.8491133858267716
0
LINE
8
BLACK
6
CONTINUOUS
10
0.5848472440944882
20
0.8491133858267716
11
0.5816566929133858
21
0.852303937007874
0
LINE
8
BLACK
6
CONTINUOUS
10
0.5816566929133858
20
0.852303937007874
11
0.5797497637795276
21
0.8563933070866142
0
LINE
8
BLACK
6
CONTINUOUS
10
0.5797497637795276
20
0.8563933070866142
11
0.5793070866141732
21
0.859755905511811
0
LINE
8
BLACK
6
CONTINUOUS
10
0.5793070866141732
20
0.859755905511811
11
0.5793070866141732
21
0.8794409448818897
0
LINE
8
BLACK
6
CONTINUOUS
10
0.5793070866141732
20
0.8794409448818897
11
0.5797497637795276
21
0.8828035433070865
0
LINE
8
BLACK
6
CONTINUOUS
10
0.5797497637795276
20
0.8828035433070865
11
0.5816566929133858
21
0.8868929133858268
0
LINE
8
BLACK
6
CONTINUOUS
10
0.5816566929133858
20
0.8868929133858268
11
0.5848472440944882
21
0.8900834645669291
0
LINE
8
BLACK
6
CONTINUOUS
10
0.5848472440944882
20
0.8900834645669291
11
0.5889366141732283
21
0.8919903937007874
0
LINE
8
BLACK
6
CONTINUOUS
10
0.5889366141732283
20
0.8919903937007874
11
0.5922992125984252
21
0.8924330708661418
0
LINE
8
BLACK
6
CONTINUOUS
10
0.5922992125984252
20
0.8924330708661418
11
0.6297007874015748
21
0.8924330708661418
0
LINE
8
BLACK
6
CONTINUOUS
10
0.6297007874015748
20
0.8924330708661418
11
0.6330633858267717
21
0.8919903937007874
0
LINE
8
BLACK
6
CONTINUOUS
10
0.4278035433070866
20
0.9162502362204724
11
0.4318929133858267
21
0.9143433070866142
0
LINE
8
BLACK
6
CONTINUOUS
10
0.4318929133858267
20
0.9143433070866142
11
0.4350834645669291
21
0.9111527559055118
0
LINE
8
BLACK
6
CONTINUOUS
10
0.4350834645669291
20
0.9111527559055118
11
0.4369903937007874
21
0.9070633858267716
0
LINE
8
BLACK
6
CONTINUOUS
10
0.4369903937007874
20
0.9070633858267716
11
0.4374330708661417
21
0.9037007874015748
0
LINE
8
BLACK
6
CONTINUOUS
10
0.4374330708661417
20
0.9037007874015748
11
0.4374330708661417
21
0.8662992125984251
0
LINE
8
BLACK
6
CONTINUOUS
10
0.4374330708661417
20
0.8662992125984251
11
0.4369903937007874
21
0.8629366141732283
0
LINE
8
BLACK
6
CONTINUOUS
10
0.4369903937007874
20
0.8629366141732283
11
0.4350834645669291
21
0.8588472440944882
0
LINE
8
BLACK
6
CONTINUOUS
10
0.4350834645669291
20
0.8588472440944882
11
0.4318929133858267
21
0.8556566929133858
0
LINE
8
BLACK
6
CONTINUOUS
10
0.4318929133858267
20
0.8556566929133858
11
0.4278035433070866
21
0.8537497637795275
0
LINE
8
BLACK
6
CONTINUOUS
10
0.4278035433070866
20
0.8537497637795275
11
0.4244409448818898
21
0.8533070866141732
0
LINE
8
BLACK
6
CONTINUOUS
10
0.4244409448818898
20
0.8533070866141732
11
0.404755905511811
21
0.8533070866141732
0
LINE
8
BLACK
6
CONTINUOUS
10
0.404755905511811
20
0.8533070866141732
11
0.4013933070866141
21
0.8537497637795275
0
LINE
8
BLACK
6
CONTINUOUS
10
0.4013933070866141
20
0.8537497637795275
11
0.397303937007874
21
0.8556566929133858
0
LINE
8
BLACK
6
CONTINUOUS
10
0.397303937007874
20
0.8556566929133858
11
0.3941133858267716
21
0.8588472440944882
0
LINE
8
BLACK
6
CONTINUOUS
10
0.3941133858267716
20
0.8588472440944882
11
0.3922064566929134
21
0.8629366141732283
0
LINE
8
BLACK
6
CONTINUOUS
10
0.3922064566929134
20
0.8629366141732283
11
0.391763779527559
21
0.8662992125984251
0
LINE
8
BLACK
6
CONTINUOUS
10
0.391763779527559
20
0.8662992125984251
11
0.391763779527559
21
0.9037007874015748
0
LINE
8
BLACK
6
CONTINUOUS
10
0.391763779527559
20
0.9037007874015748
11
0.3922064566929134
21
0.9070633858267716
0
LINE
8
BLACK
6
CONTINUOUS
10
0.3922064566929134
20
0.9070633858267716
11
0.3941133858267716
21
0.9111527559055118
0
LINE
8
BLACK
6
CONTINUOUS
10
0.3941133858267716
20
0.9111527559055118
11
0.397303937007874
21
0.9143433070866142
0
LINE
8
BLACK
6
CONTINUOUS
10
0.397303937007874
20
0.9143433070866142
11
0.4013933070866141
21
0.9162502362204724
0
LINE
8
BLACK
6
CONTINUOUS
10
0.4013933070866141
20
0.9162502362204724
11
0.404755905511811
21
0.9166929133858267
0
LINE
8
BLACK
6
CONTINUOUS
10
0.404755905511811
20
0.9166929133858267
11
0.4244409448818898
21
0.9166929133858267
0
LINE
8
BLACK
6
CONTINUOUS
10
0.4244409448818898
20
0.9166929133858267
11
0.4278035433070866
21
0.9162502362204724
0
LINE
8
BLACK
6
CONTINUOUS
10
0.5026066929133858
20
0.9162502362204724
11
0.506696062992126
21
0.9143433070866142
0
LINE
8
BLACK
6
CONTINUOUS
10
0.506696062992126
20
0.9143433070866142
11
0.5098866141732283
21
0.9111527559055118
0
LINE
8
BLACK
6
CONTINUOUS
10
0.5098866141732283
20
0.9111527559055118
11
0.5117935433070866
21
0.9070633858267716
0
LINE
8
BLACK
6
CONTINUOUS
10
0.5117935433070866
20
0.9070633858267716
11
0.5122362204724409
21
0.9037007874015748
0
LINE
8
BLACK
6
CONTINUOUS
10
0.5122362204724409
20
0.9037007874015748
11
0.5122362204724409
21
0.8662992125984251
0
LINE
8
BLACK
6
CONTINUOUS
10
0.5122362204724409
20
0.8662992125984251
11
0.5117935433070866
21
0.8629366141732283
0
LINE
8
BLACK
6
CONTINUOUS
10
0.5117935433070866
20
0.8629366141732283
11
0.5098866141732283
21
0.8588472440944882
0
LINE
8
BLACK
6
CONTINUOUS
10
0.5098866141732283
20
0.8588472440944882
11
0.506696062992126
21
0.8556566929133858
0
LINE
8
BLACK
6
CONTINUOUS
10
0.506696062992126
20
0.8556566929133858
11
0.5026066929133858
21
0.8537497637795275
0
LINE
8
BLACK
6
CONTINUOUS
10
0.5026066929133858
20
0.8537497637795275
11
0.499244094488189
21
0.8533070866141732
0
LINE
8
BLACK
6
CONTINUOUS
10
0.499244094488189
20
0.8533070866141732
11
0.4795590551181102
21
0.8533070866141732
0
LINE
8
BLACK
6
CONTINUOUS
10
0.4795590551181102
20
0.8533070866141732
11
0.4761964566929134
21
0.8537497637795275
0
LINE
8
BLACK
6
CONTINUOUS
10
0.4761964566929134
20
0.8537497637795275
11
0.4721070866141732
21
0.8556566929133858
0
LINE
8
BLACK
6
CONTINUOUS
10
0.4721070866141732
20
0.8556566929133858
11
0.4689165354330709
21
0.8588472440944882
0
LINE
8
BLACK
6
CONTINUOUS
10
0.4689165354330709
20
0.8588472440944882
11
0.4670096062992126
21
0.8629366141732283
0
LINE
8
BLACK
6
CONTINUOUS
10
0.4670096062992126
20
0.8629366141732283
11
0.4665669291338583
21
0.8662992125984251
0
LINE
8
BLACK
6
CONTINUOUS
10
0.4665669291338583
20
0.8662992125984251
11
0.4665669291338583
21
0.9037007874015748
0
LINE
8
BLACK
6
CONTINUOUS
10
0.4665669291338583
20
0.9037007874015748
11
0.4670096062992126
21
0.9070633858267716
0
LINE
8
BLACK
6
CONTINUOUS
10
0.4670096062992126
20
0.9070633858267716
11
0.4689165354330709
21
0.9111527559055118
0
LINE
8
BLACK
6
CONTINUOUS
10
0.4689165354330709
20
0.9111527559055118
11
0.4721070866141732
21
0.9143433070866142
0
LINE
8
BLACK
6
CONTINUOUS
10
0.4721070866141732
20
0.9143433070866142
11
0.4761964566929134
21
0.9162502362204724
0
LINE
8
BLACK
6
CONTINUOUS
10
0.4761964566929134
20
0.9162502362204724
11
0.4795590551181102
21
0.9166929133858267
0
LINE
8
BLACK
6
CONTINUOUS
10
0.4795590551181102
20
0.9166929133858267
11
0.499244094488189
21
0.9166929133858267
0
LINE
8
BLACK
6
CONTINUOUS
10
0.499244094488189
20
0.9166929133858267
11
0.5026066929133858
21
0.9162502362204724
0
LINE
8
BLACK
6
CONTINUOUS
10
1.8709295275590552
20
0.9292817322834646
11
1.8750188976377953
21
0.9273748031496063
0
LINE
8
BLACK
6
CONTINUOUS
10
1.8750188976377953
20
0.9273748031496063
11
1.8782094488188976
21
0.924184251968504
0
LINE
8
BLACK
6
CONTINUOUS
10
1.8782094488188976
20
0.924184251968504
11
1.8801163779527559
21
0.9200948818897637
0
LINE
8
BLACK
6
CONTINUOUS
10
1.8801163779527559
20
0.9200948818897637
11
1.8805590551181102
21
0.9167322834645669
0
LINE
8
BLACK
6
CONTINUOUS
10
1.8805590551181102
20
0.9167322834645669
11
1.8805590551181102
21
0.883267716535433
0
LINE
8
BLACK
6
CONTINUOUS
10
1.8805590551181102
20
0.883267716535433
11
1.8801163779527559
21
0.8799051181102362
0
LINE
8
BLACK
6
CONTINUOUS
10
1.8801163779527559
20
0.8799051181102362
11
1.8782094488188976
21
0.8758157480314961
0
LINE
8
BLACK
6
CONTINUOUS
10
1.8782094488188976
20
0.8758157480314961
11
1.8750188976377953
21
0.8726251968503936
0
LINE
8
BLACK
6
CONTINUOUS
10
1.8750188976377953
20
0.8726251968503936
11
1.8709295275590552
21
0.8707182677165354
0
LINE
8
BLACK
6
CONTINUOUS
10
1.8709295275590552
20
0.8707182677165354
11
1.8675669291338581
21
0.8702755905511811
0
LINE
8
BLACK
6
CONTINUOUS
10
1.8675669291338581
20
0.8702755905511811
11
1.8321338582677165
21
0.8702755905511811
0
LINE
8
BLACK
6
CONTINUOUS
10
1.8321338582677165
20
0.8702755905511811
11
1.8287712598425196
21
0.8707182677165354
0
LINE
8
BLACK
6
CONTINUOUS
10
1.8287712598425196
20
0.8707182677165354
11
1.8246818897637795
21
0.8726251968503936
0
LINE
8
BLACK
6
CONTINUOUS
10
1.8246818897637795
20
0.8726251968503936
11
1.8214913385826772
21
0.8758157480314961
0
LINE
8
BLACK
6
CONTINUOUS
10
1.8214913385826772
20
0.8758157480314961
11
1.8195844094488189
21
0.8799051181102362
0
LINE
8
BLACK
6
CONTINUOUS
10
1.8195844094488189
20
0.8799051181102362
11
1.8191417322834644
21
0.883267716535433
0
LINE
8
BLACK
6
CONTINUOUS
10
1.8191417322834644
20
0.883267716535433
11
1.8191417322834644
21
0.9167322834645669
0
LINE
8
BLACK
6
CONTINUOUS
10
1.8191417322834644
20
0.9167322834645669
11
1.8195844094488189
21
0.9200948818897637
0
LINE
8
BLACK
6
CONTINUOUS
10
1.8195844094488189
20
0.9200948818897637
11
1.8214913385826772
21
0.924184251968504
0
LINE
8
BLACK
6
CONTINUOUS
10
1.8214913385826772
20
0.924184251968504
11
1.8246818897637795
21
0.9273748031496063
0
LINE
8
BLACK
6
CONTINUOUS
10
1.8246818897637795
20
0.9273748031496063
11
1.8287712598425196
21
0.9292817322834646
0
LINE
8
BLACK
6
CONTINUOUS
10
1.8287712598425196
20
0.9292817322834646
11
1.8321338582677165
21
0.9297244094488188
0
LINE
8
BLACK
6
CONTINUOUS
10
1.8321338582677165
20
0.9297244094488188
11
1.8675669291338581
21
0.9297244094488188
0
LINE
8
BLACK
6
CONTINUOUS
10
1.8675669291338581
20
0.9297244094488188
11
1.8709295275590552
21
0.9292817322834646
0
LINE
8
BLACK
6
CONTINUOUS
10
1.9772287401574802
20
0.9292817322834646
11
1.9813181102362205
21
0.9273748031496063
0
LINE
8
BLACK
6
CONTINUOUS
10
1.9813181102362205
20
0.9273748031496063
11
1.9845086614173229
21
0.924184251968504
0
LINE
8
BLACK
6
CONTINUOUS
10
1.9845086614173229
20
0.924184251968504
11
1.9864155905511811
21
0.9200948818897637
0
LINE
8
BLACK
6
CONTINUOUS
10
1.9864155905511811
20
0.9200948818897637
11
1.9868582677165354
21
0.9167322834645669
0
LINE
8
BLACK
6
CONTINUOUS
10
1.9868582677165354
20
0.9167322834645669
11
1.9868582677165354
21
0.883267716535433
0
LINE
8
BLACK
6
CONTINUOUS
10
1.9868582677165354
20
0.883267716535433
11
1.9864155905511811
21
0.8799051181102362
0
LINE
8
BLACK
6
CONTINUOUS
10
1.9864155905511811
20
0.8799051181102362
11
1.9845086614173229
21
0.8758157480314961
0
LINE
8
BLACK
6
CONTINUOUS
10
1.9845086614173229
20
0.8758157480314961
11
1.9813181102362205
21
0.8726251968503936
0
LINE
8
BLACK
6
CONTINUOUS
10
1.9813181102362205
20
0.8726251968503936
11
1.9772287401574802
21
0.8707182677165354
0
LINE
8
BLACK
6
CONTINUOUS
10
1.9772287401574802
20
0.8707182677165354
11
1.9738661417322834
21
0.8702755905511811
0
LINE
8
BLACK
6
CONTINUOUS
10
1.9738661417322834
20
0.8702755905511811
11
1.9384330708661417
21
0.8702755905511811
0
LINE
8
BLACK
6
CONTINUOUS
10
1.9384330708661417
20
0.8702755905511811
11
1.9350704724409449
21
0.8707182677165354
0
LINE
8
BLACK
6
CONTINUOUS
10
1.9350704724409449
20
0.8707182677165354
11
1.9309811023622048
21
0.8726251968503936
0
LINE
8
BLACK
6
CONTINUOUS
10
1.9309811023622048
20
0.8726251968503936
11
1.9277905511811022
21
0.8758157480314961
0
LINE
8
BLACK
6
CONTINUOUS
10
1.9277905511811022
20
0.8758157480314961
11
1.9258836220472439
21
0.8799051181102362
0
LINE
8
BLACK
6
CONTINUOUS
10
1.9258836220472439
20
0.8799051181102362
11
1.9254409448818897
21
0.883267716535433
0
LINE
8
BLACK
6
CONTINUOUS
10
1.9254409448818897
20
0.883267716535433
11
1.9254409448818897
21
0.9167322834645669
0
LINE
8
BLACK
6
CONTINUOUS
10
1.9254409448818897
20
0.9167322834645669
11
1.9258836220472439
21
0.9200948818897637
0
LINE
8
BLACK
6
CONTINUOUS
10
1.9258836220472439
20
0.9200948818897637
11
1.9277905511811022
21
0.924184251968504
0
LINE
8
BLACK
6
CONTINUOUS
10
1.9277905511811022
20
0.924184251968504
11
1.9309811023622048
21
0.9273748031496063
0
LINE
8
BLACK
6
CONTINUOUS
10
1.9309811023622048
20
0.9273748031496063
11
1.9350704724409449
21
0.9292817322834646
0
LINE
8
BLACK
6
CONTINUOUS
10
1.9350704724409449
20
0.9292817322834646
11
1.9384330708661417
21
0.9297244094488188
0
LINE
8
BLACK
6
CONTINUOUS
10
1.9384330708661417
20
0.9297244094488188
11
1.9738661417322834
21
0.9297244094488188
0
LINE
8
BLACK
6
CONTINUOUS
10
1.9738661417322834
20
0.9297244094488188
11
1.9772287401574802
21
0.9292817322834646
0
LINE
8
BLACK
6
CONTINUOUS
10
2.0443940944881889
20
0.9379510236220472
11
2.048483464566929
21
0.9360440944881889
0
LINE
8
BLACK
6
CONTINUOUS
10
2.048483464566929
20
0.9360440944881889
11
2.0516740157480315
21
0.9328535433070866
0
LINE
8
BLACK
6
CONTINUOUS
10
2.0516740157480315
20
0.9328535433070866
11
2.0535809448818898
21
0.9287641732283465
0
LINE
8
BLACK
6
CONTINUOUS
10
2.0535809448818898
20
0.9287641732283465
11
2.0540236220472439
21
0.9254015748031496
0
LINE
8
BLACK
6
CONTINUOUS
10
2.0540236220472439
20
0.9254015748031496
11
2.0540236220472439
21
0.888
0
LINE
8
BLACK
6
CONTINUOUS
10
2.0540236220472439
20
0.888
11
2.0535809448818898
21
0.8846374015748031
0
LINE
8
BLACK
6
CONTINUOUS
10
2.0535809448818898
20
0.8846374015748031
11
2.0516740157480315
21
0.880548031496063
0
LINE
8
BLACK
6
CONTINUOUS
10
2.0516740157480315
20
0.880548031496063
11
2.048483464566929
21
0.8773574803149606
0
LINE
8
BLACK
6
CONTINUOUS
10
2.048483464566929
20
0.8773574803149606
11
2.0443940944881889
21
0.8754505511811024
0
LINE
8
BLACK
6
CONTINUOUS
10
2.0443940944881889
20
0.8754505511811024
11
2.0410314960629923
21
0.875007874015748
0
LINE
8
BLACK
6
CONTINUOUS
10
2.0410314960629923
20
0.875007874015748
11
2.0213464566929131
21
0.875007874015748
0
LINE
8
BLACK
6
CONTINUOUS
10
2.0213464566929131
20
0.875007874015748
11
2.0179838582677165
21
0.8754505511811024
0
LINE
8
BLACK
6
CONTINUOUS
10
2.0179838582677165
20
0.8754505511811024
11
2.0138944881889764
21
0.8773574803149606
0
LINE
8
BLACK
6
CONTINUOUS
10
2.0138944881889764
20
0.8773574803149606
11
2.0107039370078739
21
0.880548031496063
0
LINE
8
BLACK
6
CONTINUOUS
10
2.0107039370078739
20
0.880548031496063
11
2.0087970078740156
21
0.8846374015748031
0
LINE
8
BLACK
6
CONTINUOUS
10
2.0087970078740156
20
0.8846374015748031
11
2.0083543307086615
21
0.888
0
LINE
8
BLACK
6
CONTINUOUS
10
2.0083543307086615
20
0.888
11
2.0083543307086615
21
0.9254015748031496
0
LINE
8
BLACK
6
CONTINUOUS
10
2.0083543307086615
20
0.9254015748031496
11
2.0087970078740156
21
0.9287641732283465
0
LINE
8
BLACK
6
CONTINUOUS
10
2.0087970078740156
20
0.9287641732283465
11
2.0107039370078739
21
0.9328535433070866
0
LINE
8
BLACK
6
CONTINUOUS
10
2.0107039370078739
20
0.9328535433070866
11
2.0138944881889764
21
0.9360440944881889
0
LINE
8
BLACK
6
CONTINUOUS
10
2.0138944881889764
20
0.9360440944881889
11
2.0179838582677165
21
0.9379510236220472
0
LINE
8
BLACK
6
CONTINUOUS
10
2.0179838582677165
20
0.9379510236220472
11
2.0213464566929131
21
0.9383937007874016
0
LINE
8
BLACK
6
CONTINUOUS
10
2.0213464566929131
20
0.9383937007874016
11
2.0410314960629923
21
0.9383937007874016
0
LINE
8
BLACK
6
CONTINUOUS
10
2.0410314960629923
20
0.9383937007874016
11
2.0443940944881889
21
0.9379510236220472
0
LINE
8
BLACK
6
CONTINUOUS
10
2.119197244094488
20
0.9379510236220472
11
2.1232866141732285
21
0.9360440944881889
0
LINE
8
BLACK
6
CONTINUOUS
10
2.1232866141732285
20
0.9360440944881889
11
2.1264771653543306
21
0.9328535433070866
0
LINE
8
BLACK
6
CONTINUOUS
10
2.1264771653543306
20
0.9328535433070866
11
2.1283840944881889
21
0.9287641732283465
0
LINE
8
BLACK
6
CONTINUOUS
10
2.1283840944881889
20
0.9287641732283465
11
2.1288267716535434
21
0.9254015748031496
0
LINE
8
BLACK
6
CONTINUOUS
10
2.1288267716535434
20
0.9254015748031496
11
2.1288267716535434
21
0.888
0
LINE
8
BLACK
6
CONTINUOUS
10
2.1288267716535434
20
0.888
11
2.1283840944881889
21
0.8846374015748031
0
LINE
8
BLACK
6
CONTINUOUS
10
2.1283840944881889
20
0.8846374015748031
11
2.1264771653543306
21
0.880548031496063
0
LINE
8
BLACK
6
CONTINUOUS
10
2.1264771653543306
20
0.880548031496063
11
2.1232866141732285
21
0.8773574803149606
0
LINE
8
BLACK
6
CONTINUOUS
10
2.1232866141732285
20
0.8773574803149606
11
2.119197244094488
21
0.8754505511811024
0
LINE
8
BLACK
6
CONTINUOUS
10
2.119197244094488
20
0.8754505511811024
11
2.1158346456692914
21
0.875007874015748
0
LINE
8
BLACK
6
CONTINUOUS
10
2.1158346456692914
20
0.875007874015748
11
2.0961496062992127
21
0.875007874015748
0
LINE
8
BLACK
6
CONTINUOUS
10
2.0961496062992127
20
0.875007874015748
11
2.0927870078740156
21
0.8754505511811024
0
LINE
8
BLACK
6
CONTINUOUS
10
2.0927870078740156
20
0.8754505511811024
11
2.0886976377952755
21
0.8773574803149606
0
LINE
8
BLACK
6
CONTINUOUS
10
2.0886976377952755
20
0.8773574803149606
11
2.0855070866141734
21
0.880548031496063
0
LINE
8
BLACK
6
CONTINUOUS
10
2.0855070866141734
20
0.880548031496063
11
2.0836001574803151
21
0.8846374015748031
0
LINE
8
BLACK
6
CONTINUOUS
10
2.0836001574803151
20
0.8846374015748031
11
2.0831574803149606
21
0.888
0
LINE
8
BLACK
6
CONTINUOUS
10
2.0831574803149606
20
0.888
11
2.0831574803149606
21
0.9254015748031496
0
LINE
8
BLACK
6
CONTINUOUS
10
2.0831574803149606
20
0.9254015748031496
11
2.0836001574803151
21
0.9287641732283465
0
LINE
8
BLACK
6
CONTINUOUS
10
2.0836001574803151
20
0.9287641732283465
11
2.0855070866141734
21
0.9328535433070866
0
LINE
8
BLACK
6
CONTINUOUS
10
2.0855070866141734
20
0.9328535433070866
11
2.0886976377952755
21
0.9360440944881889
0
LINE
8
BLACK
6
CONTINUOUS
10
2.0886976377952755
20
0.9360440944881889
11
2.0927870078740156
21
0.9379510236220472
0
LINE
8
BLACK
6
CONTINUOUS
10
2.0927870078740156
20
0.9379510236220472
11
2.0961496062992127
21
0.9383937007874016
0
LINE
8
BLACK
6
CONTINUOUS
10
2.0961496062992127
20
0.9383937007874016
11
2.1158346456692914
21
0.9383937007874016
0
LINE
8
BLACK
6
CONTINUOUS
10
2.1158346456692914
20
0.9383937007874016
11
2.119197244094488
21
0.9379510236220472
0
LINE
8
BLACK
6
CONTINUOUS
10
2.1857720472440945
20
0.9362659842519685
11
2.1898614173228346
21
0.9343590551181102
0
LINE
8
BLACK
6
CONTINUOUS
10
2.1898614173228346
20
0.9343590551181102
11
2.1930519685039371
21
0.9311685039370079
0
LINE
8
BLACK
6
CONTINUOUS
10
2.1930519685039371
20
0.9311685039370079
11
2.1949588976377954
21
0.9270791338582677
0
LINE
8
BLACK
6
CONTINUOUS
10
2.1949588976377954
20
0.9270791338582677
11
2.1954015748031495
21
0.9237165354330709
0
LINE
8
BLACK
6
CONTINUOUS
10
2.1954015748031495
20
0.9237165354330709
11
2.1954015748031495
21
0.8882834645669291
0
LINE
8
BLACK
6
CONTINUOUS
10
2.1954015748031495
20
0.8882834645669291
11
2.1949588976377954
21
0.8849208661417323
0
LINE
8
BLACK
6
CONTINUOUS
10
2.1949588976377954
20
0.8849208661417323
11
2.1930519685039371
21
0.8808314960629922
0
LINE
8
BLACK
6
CONTINUOUS
10
2.1930519685039371
20
0.8808314960629922
11
2.1898614173228346
21
0.8776409448818897
0
LINE
8
BLACK
6
CONTINUOUS
10
2.1898614173228346
20
0.8776409448818897
11
2.1857720472440945
21
0.8757340157480314
0
LINE
8
BLACK
6
CONTINUOUS
10
2.1857720472440945
20
0.8757340157480314
11
2.1824094488188974
21
0.8752913385826772
0
LINE
8
BLACK
6
CONTINUOUS
10
2.1824094488188974
20
0.8752913385826772
11
2.161740157480315
21
0.8752913385826772
0
LINE
8
BLACK
6
CONTINUOUS
10
2.161740157480315
20
0.8752913385826772
11
2.158377559055118
21
0.8757340157480314
0
LINE
8
BLACK
6
CONTINUOUS
10
2.158377559055118
20
0.8757340157480314
11
2.1542881889763779
21
0.8776409448818897
0
LINE
8
BLACK
6
CONTINUOUS
10
2.1542881889763779
20
0.8776409448818897
11
2.1510976377952757
21
0.8808314960629922
0
LINE
8
BLACK
6
CONTINUOUS
10
2.1510976377952757
20
0.8808314960629922
11
2.1491907086614175
21
0.8849208661417323
0
LINE
8
BLACK
6
CONTINUOUS
10
2.1491907086614175
20
0.8849208661417323
11
2.148748031496063
21
0.8882834645669291
0
LINE
8
BLACK
6
CONTINUOUS
10
2.148748031496063
20
0.8882834645669291
11
2.148748031496063
21
0.9237165354330709
0
LINE
8
BLACK
6
CONTINUOUS
10
2.148748031496063
20
0.9237165354330709
11
2.1491907086614175
21
0.9270791338582677
0
LINE
8
BLACK
6
CONTINUOUS
10
2.1491907086614175
20
0.9270791338582677
11
2.1510976377952757
21
0.9311685039370079
0
LINE
8
BLACK
6
CONTINUOUS
10
2.1510976377952757
20
0.9311685039370079
11
2.1542881889763779
21
0.9343590551181102
0
LINE
8
BLACK
6
CONTINUOUS
10
2.1542881889763779
20
0.9343590551181102
11
2.158377559055118
21
0.9362659842519685
0
LINE
8
BLACK
6
CONTINUOUS
10
2.158377559055118
20
0.9362659842519685
11
2.161740157480315
21
0.9367086614173228
0
LINE
8
BLACK
6
CONTINUOUS
10
2.161740157480315
20
0.9367086614173228
11
2.1824094488188974
21
0.9367086614173228
0
LINE
8
BLACK
6
CONTINUOUS
10
2.1824094488188974
20
0.9367086614173228
11
2.1857720472440945
21
0.9362659842519685
0
LINE
8
BLACK
6
CONTINUOUS
10
2.257622440944882
20
0.9362659842519685
11
2.2617118110236221
21
0.9343590551181102
0
LINE
8
BLACK
6
CONTINUOUS
10
2.2617118110236221
20
0.9343590551181102
11
2.2649023622047242
21
0.9311685039370079
0
LINE
8
BLACK
6
CONTINUOUS
10
2.2649023622047242
20
0.9311685039370079
11
2.2668092913385824
21
0.9270791338582677
0
LINE
8
BLACK
6
CONTINUOUS
10
2.2668092913385824
20
0.9270791338582677
11
2.267251968503937
21
0.9237165354330709
0
LINE
8
BLACK
6
CONTINUOUS
10
2.267251968503937
20
0.9237165354330709
11
2.267251968503937
21
0.8882834645669291
0
LINE
8
BLACK
6
CONTINUOUS
10
2.267251968503937
20
0.8882834645669291
11
2.2668092913385824
21
0.8849208661417323
0
LINE
8
BLACK
6
CONTINUOUS
10
2.2668092913385824
20
0.8849208661417323
11
2.2649023622047242
21
0.8808314960629922
0
LINE
8
BLACK
6
CONTINUOUS
10
2.2649023622047242
20
0.8808314960629922
11
2.2617118110236221
21
0.8776409448818897
0
LINE
8
BLACK
6
CONTINUOUS
10
2.2617118110236221
20
0.8776409448818897
11
2.257622440944882
21
0.8757340157480314
0
LINE
8
BLACK
6
CONTINUOUS
10
2.257622440944882
20
0.8757340157480314
11
2.2542598425196849
21
0.8752913385826772
0
LINE
8
BLACK
6
CONTINUOUS
10
2.2542598425196849
20
0.8752913385826772
11
2.2335905511811025
21
0.8752913385826772
0
LINE
8
BLACK
6
CONTINUOUS
10
2.2335905511811025
20
0.8752913385826772
11
2.2302279527559055
21
0.8757340157480314
0
LINE
8
BLACK
6
CONTINUOUS
10
2.2302279527559055
20
0.8757340157480314
11
2.2261385826771654
21
0.8776409448818897
0
LINE
8
BLACK
6
CONTINUOUS
10
2.2261385826771654
20
0.8776409448818897
11
2.2229480314960628
21
0.8808314960629922
0
LINE
8
BLACK
6
CONTINUOUS
10
2.2229480314960628
20
0.8808314960629922
11
2.2210411023622045
21
0.8849208661417323
0
LINE
8
BLACK
6
CONTINUOUS
10
2.2210411023622045
20
0.8849208661417323
11
2.2205984251968505
21
0.8882834645669291
0
LINE
8
BLACK
6
CONTINUOUS
10
2.2205984251968505
20
0.8882834645669291
11
2.2205984251968505
21
0.9237165354330709
0
LINE
8
BLACK
6
CONTINUOUS
10
2.2205984251968505
20
0.9237165354330709
11
2.2210411023622045
21
0.9270791338582677
0
LINE
8
BLACK
6
CONTINUOUS
10
2.2210411023622045
20
0.9270791338582677
11
2.2229480314960628
21
0.9311685039370079
0
LINE
8
BLACK
6
CONTINUOUS
10
2.2229480314960628
20
0.9311685039370079
11
2.2261385826771654
21
0.9343590551181102
0
LINE
8
BLACK
6
CONTINUOUS
10
2.2261385826771654
20
0.9343590551181102
11
2.2302279527559055
21
0.9362659842519685
0
LINE
8
BLACK
6
CONTINUOUS
10
2.2302279527559055
20
0.9362659842519685
11
2.2335905511811025
21
0.9367086614173228
0
LINE
8
BLACK
6
CONTINUOUS
10
2.2335905511811025
20
0.9367086614173228
11
2.2542598425196849
21
0.9367086614173228
0
LINE
8
BLACK
6
CONTINUOUS
10
2.2542598425196849
20
0.9367086614173228
11
2.257622440944882
21
0.9362659842519685
0
LINE
8
BLACK
6
CONTINUOUS
10
2.3497870866141732
20
0.9475271653543307
11
2.3561181102362205
21
0.9447083858267716
0
LINE
8
BLACK
6
CONTINUOUS
10
2.3561181102362205
20
0.9447083858267716
11
2.3617247244094486
21
0.9406349606299212
0
LINE
8
BLACK
6
CONTINUOUS
10
2.3617247244094486
20
0.9406349606299212
11
2.3663618897637795
21
0.935484842519685
0
LINE
8
BLACK
6
CONTINUOUS
10
2.3663618897637795
20
0.935484842519685
11
2.3698269685039368
21
0.9294831496062992
0
LINE
8
BLACK
6
CONTINUOUS
10
2.3698269685039368
20
0.9294831496062992
11
2.371968503937008
21
0.9228922047244095
0
LINE
8
BLACK
6
CONTINUOUS
10
2.371968503937008
20
0.9228922047244095
11
2.3726929133858268
21
0.9159999999999999
0
LINE
8
BLACK
6
CONTINUOUS
10
2.3726929133858268
20
0.9159999999999999
11
2.371968503937008
21
0.9091077952755905
0
LINE
8
BLACK
6
CONTINUOUS
10
2.371968503937008
20
0.9091077952755905
11
2.3698269685039368
21
0.9025168503937008
0
LINE
8
BLACK
6
CONTINUOUS
10
2.3698269685039368
20
0.9025168503937008
11
2.3663618897637795
21
0.896515157480315
0
LINE
8
BLACK
6
CONTINUOUS
10
2.3663618897637795
20
0.896515157480315
11
2.3617247244094486
21
0.8913650393700787
0
LINE
8
BLACK
6
CONTINUOUS
10
2.3617247244094486
20
0.8913650393700787
11
2.3561181102362205
21
0.8872916141732283
0
LINE
8
BLACK
6
CONTINUOUS
10
2.3561181102362205
20
0.8872916141732283
11
2.3497870866141732
21
0.8844728346456693
0
LINE
8
BLACK
6
CONTINUOUS
10
2.3497870866141732
20
0.8844728346456693
11
2.3430083858267716
21
0.8830320078740157
0
LINE
8
BLACK
6
CONTINUOUS
10
2.3430083858267716
20
0.8830320078740157
11
2.3360782283464565
21
0.8830320078740157
0
LINE
8
BLACK
6
CONTINUOUS
10
2.3360782283464565
20
0.8830320078740157
11
2.3292995275590549
21
0.8844728346456693
0
LINE
8
BLACK
6
CONTINUOUS
10
2.3292995275590549
20
0.8844728346456693
11
2.3229685039370076
21
0.8872916141732283
0
LINE
8
BLACK
6
CONTINUOUS
10
2.3229685039370076
20
0.8872916141732283
11
2.3173618897637795
21
0.8913650393700787
0
LINE
8
BLACK
6
CONTINUOUS
10
2.3173618897637795
20
0.8913650393700787
11
2.3127247244094487
21
0.896515157480315
0
LINE
8
BLACK
6
CONTINUOUS
10
2.3127247244094487
20
0.896515157480315
11
2.3092596456692913
21
0.9025168503937008
0
LINE
8
BLACK
6
CONTINUOUS
10
2.3092596456692913
20
0.9025168503937008
11
2.3071181102362206
21
0.9091077952755905
0
LINE
8
BLACK
6
CONTINUOUS
10
2.3071181102362206
20
0.9091077952755905
11
2.3063937007874014
21
0.9159999999999999
0
LINE
8
BLACK
6
CONTINUOUS
10
2.3063937007874014
20
0.9159999999999999
11
2.3071181102362206
21
0.9228922047244095
0
LINE
8
BLACK
6
CONTINUOUS
10
2.3071181102362206
20
0.9228922047244095
11
2.3092596456692913
21
0.9294831496062992
0
LINE
8
BLACK
6
CONTINUOUS
10
2.3092596456692913
20
0.9294831496062992
11
2.3127247244094487
21
0.935484842519685
0
LINE
8
BLACK
6
CONTINUOUS
10
2.3127247244094487
20
0.935484842519685
11
2.3173618897637795
21
0.9406349606299212
0
LINE
8
BLACK
6
CONTINUOUS
10
2.3173618897637795
20
0.9406349606299212
11
2.3229685039370076
21
0.9447083858267716
0
LINE
8
BLACK
6
CONTINUOUS
10
2.3229685039370076
20
0.9447083858267716
11
2.3292995275590549
21
0.9475271653543307
0
LINE
8
BLACK
6
CONTINUOUS
10
2.3292995275590549
20
0.9475271653543307
11
2.3360782283464565
21
0.9489679921259843
0
LINE
8
BLACK
6
CONTINUOUS
10
2.3360782283464565
20
0.9489679921259843
11
2.3430083858267716
21
0.9489679921259843
0
LINE
8
BLACK
6
CONTINUOUS
10
2.3430083858267716
20
0.9489679921259843
11
2.3497870866141732
21
0.9475271653543307
0
LINE
8
BLACK
6
CONTINUOUS
10
1.6310791338582677
20
0.9399588976377953
11
1.6351685039370079
21
0.938051968503937
0
LINE
8
BLACK
6
CONTINUOUS
10
1.6351685039370079
20
0.938051968503937
11
1.6383590551181102
21
0.9348614173228347
0
LINE
8
BLACK
6
CONTINUOUS
10
1.6383590551181102
20
0.9348614173228347
11
1.6402659842519685
21
0.9307720472440945
0
LINE
8
BLACK
6
CONTINUOUS
10
1.6402659842519685
20
0.9307720472440945
11
1.6407086614173227
21
0.9274094488188976
0
LINE
8
BLACK
6
CONTINUOUS
10
1.6407086614173227
20
0.9274094488188976
11
1.6407086614173227
21
0.9067401574803149
0
LINE
8
BLACK
6
CONTINUOUS
10
1.6407086614173227
20
0.9067401574803149
11
1.6402659842519685
21
0.9033775590551181
0
LINE
8
BLACK
6
CONTINUOUS
10
1.6402659842519685
20
0.9033775590551181
11
1.6383590551181102
21
0.899288188976378
0
LINE
8
BLACK
6
CONTINUOUS
10
1.6383590551181102
20
0.899288188976378
11
1.6351685039370079
21
0.8960976377952756
0
LINE
8
BLACK
6
CONTINUOUS
10
1.6351685039370079
20
0.8960976377952756
11
1.6310791338582677
21
0.8941907086614173
0
LINE
8
BLACK
6
CONTINUOUS
10
1.6310791338582677
20
0.8941907086614173
11
1.6277165354330709
21
0.893748031496063
0
LINE
8
BLACK
6
CONTINUOUS
10
1.6277165354330709
20
0.893748031496063
11
1.592283464566929
21
0.893748031496063
0
LINE
8
BLACK
6
CONTINUOUS
10
1.592283464566929
20
0.893748031496063
11
1.5889208661417322
21
0.8941907086614173
0
LINE
8
BLACK
6
CONTINUOUS
10
1.5889208661417322
20
0.8941907086614173
11
1.5848314960629921
21
0.8960976377952756
0
LINE
8
BLACK
6
CONTINUOUS
10
1.5848314960629921
20
0.8960976377952756
11
1.5816409448818898
21
0.899288188976378
0
LINE
8
BLACK
6
CONTINUOUS
10
1.5816409448818898
20
0.899288188976378
11
1.5797340157480315
21
0.9033775590551181
0
LINE
8
BLACK
6
CONTINUOUS
10
1.5797340157480315
20
0.9033775590551181
11
1.5792913385826772
21
0.9067401574803149
0
LINE
8
BLACK
6
CONTINUOUS
10
1.5792913385826772
20
0.9067401574803149
11
1.5792913385826772
21
0.9274094488188976
0
LINE
8
BLACK
6
CONTINUOUS
10
1.5792913385826772
20
0.9274094488188976
11
1.5797340157480315
21
0.9307720472440945
0
LINE
8
BLACK
6
CONTINUOUS
10
1.5797340157480315
20
0.9307720472440945
11
1.5816409448818898
21
0.9348614173228347
0
LINE
8
BLACK
6
CONTINUOUS
10
1.5816409448818898
20
0.9348614173228347
11
1.5848314960629921
21
0.938051968503937
0
LINE
8
BLACK
6
CONTINUOUS
10
1.5848314960629921
20
0.938051968503937
11
1.5889208661417322
21
0.9399588976377953
0
LINE
8
BLACK
6
CONTINUOUS
10
1.5889208661417322
20
0.9399588976377953
11
1.592283464566929
21
0.9404015748031496
0
LINE
8
BLACK
6
CONTINUOUS
10
1.592283464566929
20
0.9404015748031496
11
1.6277165354330709
21
0.9404015748031496
0
LINE
8
BLACK
6
CONTINUOUS
10
1.6277165354330709
20
0.9404015748031496
11
1.6310791338582677
21
0.9399588976377953
0
LINE
8
BLACK
6
CONTINUOUS
10
1.1980633858267715
20
0.9409903937007874
11
1.2021527559055118
21
0.9390834645669291
0
LINE
8
BLACK
6
CONTINUOUS
10
1.2021527559055118
20
0.9390834645669291
11
1.2053433070866142
21
0.9358929133858267
0
LINE
8
BLACK
6
CONTINUOUS
10
1.2053433070866142
20
0.9358929133858267
11
1.2072502362204725
21
0.9318035433070866
0
LINE
8
BLACK
6
CONTINUOUS
10
1.2072502362204725
20
0.9318035433070866
11
1.2076929133858267
21
0.9284409448818898
0
LINE
8
BLACK
6
CONTINUOUS
10
1.2076929133858267
20
0.9284409448818898
11
1.2076929133858267
21
0.908755905511811
0
LINE
8
BLACK
6
CONTINUOUS
10
1.2076929133858267
20
0.908755905511811
11
1.2072502362204725
21
0.9053933070866141
0
LINE
8
BLACK
6
CONTINUOUS
10
1.2072502362204725
20
0.9053933070866141
11
1.2053433070866142
21
0.901303937007874
0
LINE
8
BLACK
6
CONTINUOUS
10
1.2053433070866142
20
0.901303937007874
11
1.2021527559055118
21
0.8981133858267716
0
LINE
8
BLACK
6
CONTINUOUS
10
1.2021527559055118
20
0.8981133858267716
11
1.1980633858267715
21
0.8962064566929133
0
LINE
8
BLACK
6
CONTINUOUS
10
1.1980633858267715
20
0.8962064566929133
11
1.1947007874015747
21
0.895763779527559
0
LINE
8
BLACK
6
CONTINUOUS
10
1.1947007874015747
20
0.895763779527559
11
1.1572992125984252
21
0.895763779527559
0
LINE
8
BLACK
6
CONTINUOUS
10
1.1572992125984252
20
0.895763779527559
11
1.1539366141732283
21
0.8962064566929133
0
LINE
8
BLACK
6
CONTINUOUS
10
1.1539366141732283
20
0.8962064566929133
11
1.1498472440944882
21
0.8981133858267716
0
LINE
8
BLACK
6
CONTINUOUS
10
1.1498472440944882
20
0.8981133858267716
11
1.1466566929133859
21
0.901303937007874
0
LINE
8
BLACK
6
CONTINUOUS
10
1.1466566929133859
20
0.901303937007874
11
1.1447497637795276
21
0.9053933070866141
0
LINE
8
BLACK
6
CONTINUOUS
10
1.1447497637795276
20
0.9053933070866141
11
1.1443070866141731
21
0.908755905511811
0
LINE
8
BLACK
6
CONTINUOUS
10
1.1443070866141731
20
0.908755905511811
11
1.1443070866141731
21
0.9284409448818898
0
LINE
8
BLACK
6
CONTINUOUS
10
1.1443070866141731
20
0.9284409448818898
11
1.1447497637795276
21
0.9318035433070866
0
LINE
8
BLACK
6
CONTINUOUS
10
1.1447497637795276
20
0.9318035433070866
11
1.1466566929133859
21
0.9358929133858267
0
LINE
8
BLACK
6
CONTINUOUS
10
1.1466566929133859
20
0.9358929133858267
11
1.1498472440944882
21
0.9390834645669291
0
LINE
8
BLACK
6
CONTINUOUS
10
1.1498472440944882
20
0.9390834645669291
11
1.1539366141732283
21
0.9409903937007874
0
LINE
8
BLACK
6
CONTINUOUS
10
1.1539366141732283
20
0.9409903937007874
11
1.1572992125984252
21
0.9414330708661417
0
LINE
8
BLACK
6
CONTINUOUS
10
1.1572992125984252
20
0.9414330708661417
11
1.1947007874015747
21
0.9414330708661417
0
LINE
8
BLACK
6
CONTINUOUS
10
1.1947007874015747
20
0.9414330708661417
11
1.1980633858267715
21
0.9409903937007874
0
LINE
8
BLACK
6
CONTINUOUS
10
1.3165279527559055
20
0.9533998818897638
11
1.3206173228346456
21
0.9514929527559055
0
LINE
8
BLACK
6
CONTINUOUS
10
1.3206173228346456
20
0.9514929527559055
11
1.323807874015748
21
0.9483024015748032
0
LINE
8
BLACK
6
CONTINUOUS
10
1.323807874015748
20
0.9483024015748032
11
1.3257148031496062
21
0.9442130314960629
0
LINE
8
BLACK
6
CONTINUOUS
10
1.3257148031496062
20
0.9442130314960629
11
1.3261574803149605
21
0.9408504330708661
0
LINE
8
BLACK
6
CONTINUOUS
10
1.3261574803149605
20
0.9408504330708661
11
1.3261574803149605
21
0.9201811417322835
0
LINE
8
BLACK
6
CONTINUOUS
10
1.3261574803149605
20
0.9201811417322835
11
1.3257148031496062
21
0.9168185433070866
0
LINE
8
BLACK
6
CONTINUOUS
10
1.3257148031496062
20
0.9168185433070866
11
1.323807874015748
21
0.9127291732283465
0
LINE
8
BLACK
6
CONTINUOUS
10
1.323807874015748
20
0.9127291732283465
11
1.3206173228346456
21
0.9095386220472441
0
LINE
8
BLACK
6
CONTINUOUS
10
1.3206173228346456
20
0.9095386220472441
11
1.3165279527559055
21
0.9076316929133859
0
LINE
8
BLACK
6
CONTINUOUS
10
1.3165279527559055
20
0.9076316929133859
11
1.3131653543307087
21
0.9071890157480315
0
LINE
8
BLACK
6
CONTINUOUS
10
1.3131653543307087
20
0.9071890157480315
11
1.2777322834645668
21
0.9071890157480315
0
LINE
8
BLACK
6
CONTINUOUS
10
1.2777322834645668
20
0.9071890157480315
11
1.27436968503937
21
0.9076316929133859
0
LINE
8
BLACK
6
CONTINUOUS
10
1.27436968503937
20
0.9076316929133859
11
1.2702803149606299
21
0.9095386220472441
0
LINE
8
BLACK
6
CONTINUOUS
10
1.2702803149606299
20
0.9095386220472441
11
1.2670897637795275
21
0.9127291732283465
0
LINE
8
BLACK
6
CONTINUOUS
10
1.2670897637795275
20
0.9127291732283465
11
1.2651828346456693
21
0.9168185433070866
0
LINE
8
BLACK
6
CONTINUOUS
10
1.2651828346456693
20
0.9168185433070866
11
1.264740157480315
21
0.9201811417322835
0
LINE
8
BLACK
6
CONTINUOUS
10
1.264740157480315
20
0.9201811417322835
11
1.264740157480315
21
0.9408504330708661
0
LINE
8
BLACK
6
CONTINUOUS
10
1.264740157480315
20
0.9408504330708661
11
1.2651828346456693
21
0.9442130314960629
0
LINE
8
BLACK
6
CONTINUOUS
10
1.2651828346456693
20
0.9442130314960629
11
1.2670897637795275
21
0.9483024015748032
0
LINE
8
BLACK
6
CONTINUOUS
10
1.2670897637795275
20
0.9483024015748032
11
1.2702803149606299
21
0.9514929527559055
0
LINE
8
BLACK
6
CONTINUOUS
10
1.2702803149606299
20
0.9514929527559055
11
1.27436968503937
21
0.9533998818897638
0
LINE
8
BLACK
6
CONTINUOUS
10
1.27436968503937
20
0.9533998818897638
11
1.2777322834645668
21
0.9538425590551181
0
LINE
8
BLACK
6
CONTINUOUS
10
1.2777322834645668
20
0.9538425590551181
11
1.3131653543307087
21
0.9538425590551181
0
LINE
8
BLACK
6
CONTINUOUS
10
1.3131653543307087
20
0.9538425590551181
11
1.3165279527559055
21
0.9533998818897638
0
LINE
8
BLACK
6
CONTINUOUS
10
1.3970633858267716
20
0.9537935433070865
11
1.4011527559055117
21
0.9518866141732283
0
LINE
8
BLACK
6
CONTINUOUS
10
1.4011527559055117
20
0.9518866141732283
11
1.404343307086614
21
0.9486960629921259
0
LINE
8
BLACK
6
CONTINUOUS
10
1.404343307086614
20
0.9486960629921259
11
1.4062502362204725
21
0.9446066929133858
0
LINE
8
BLACK
6
CONTINUOUS
10
1.4062502362204725
20
0.9446066929133858
11
1.4066929133858268
21
0.9412440944881889
0
LINE
8
BLACK
6
CONTINUOUS
10
1.4066929133858268
20
0.9412440944881889
11
1.4066929133858268
21
0.9215590551181102
0
LINE
8
BLACK
6
CONTINUOUS
10
1.4066929133858268
20
0.9215590551181102
11
1.4062502362204725
21
0.9181964566929134
0
LINE
8
BLACK
6
CONTINUOUS
10
1.4062502362204725
20
0.9181964566929134
11
1.404343307086614
21
0.9141070866141732
0
LINE
8
BLACK
6
CONTINUOUS
10
1.404343307086614
20
0.9141070866141732
11
1.4011527559055117
21
0.9109165354330708
0
LINE
8
BLACK
6
CONTINUOUS
10
1.4011527559055117
20
0.9109165354330708
11
1.3970633858267716
21
0.9090096062992126
0
LINE
8
BLACK
6
CONTINUOUS
10
1.3970633858267716
20
0.9090096062992126
11
1.3937007874015748
21
0.9085669291338583
0
LINE
8
BLACK
6
CONTINUOUS
10
1.3937007874015748
20
0.9085669291338583
11
1.3562992125984252
21
0.9085669291338583
0
LINE
8
BLACK
6
CONTINUOUS
10
1.3562992125984252
20
0.9085669291338583
11
1.3529366141732284
21
0.9090096062992126
0
LINE
8
BLACK
6
CONTINUOUS
10
1.3529366141732284
20
0.9090096062992126
11
1.3488472440944881
21
0.9109165354330708
0
LINE
8
BLACK
6
CONTINUOUS
10
1.3488472440944881
20
0.9109165354330708
11
1.3456566929133857
21
0.9141070866141732
0
LINE
8
BLACK
6
CONTINUOUS
10
1.3456566929133857
20
0.9141070866141732
11
1.3437497637795275
21
0.9181964566929134
0
LINE
8
BLACK
6
CONTINUOUS
10
1.3437497637795275
20
0.9181964566929134
11
1.3433070866141732
21
0.9215590551181102
0
LINE
8
BLACK
6
CONTINUOUS
10
1.3433070866141732
20
0.9215590551181102
11
1.3433070866141732
21
0.9412440944881889
0
LINE
8
BLACK
6
CONTINUOUS
10
1.3433070866141732
20
0.9412440944881889
11
1.3437497637795275
21
0.9446066929133858
0
LINE
8
BLACK
6
CONTINUOUS
10
1.3437497637795275
20
0.9446066929133858
11
1.3456566929133857
21
0.9486960629921259
0
LINE
8
BLACK
6
CONTINUOUS
10
1.3456566929133857
20
0.9486960629921259
11
1.3488472440944881
21
0.9518866141732283
0
LINE
8
BLACK
6
CONTINUOUS
10
1.3488472440944881
20
0.9518866141732283
11
1.3529366141732284
21
0.9537935433070865
0
LINE
8
BLACK
6
CONTINUOUS
10
1.3529366141732284
20
0.9537935433070865
11
1.3562992125984252
21
0.9542362204724409
0
LINE
8
BLACK
6
CONTINUOUS
10
1.3562992125984252
20
0.9542362204724409
11
1.3937007874015748
21
0.9542362204724409
0
LINE
8
BLACK
6
CONTINUOUS
10
1.3937007874015748
20
0.9542362204724409
11
1.3970633858267716
21
0.9537935433070865
0
LINE
8
BLACK
6
CONTINUOUS
10
0.6330633858267717
20
0.9667935433070866
11
0.6371527559055118
21
0.9648866141732283
0
LINE
8
BLACK
6
CONTINUOUS
10
0.6371527559055118
20
0.9648866141732283
11
0.6403433070866141
21
0.961696062992126
0
LINE
8
BLACK
6
CONTINUOUS
10
0.6403433070866141
20
0.961696062992126
11
0.6422502362204724
21
0.9576066929133858
0
LINE
8
BLACK
6
CONTINUOUS
10
0.6422502362204724
20
0.9576066929133858
11
0.6426929133858268
21
0.9542440944881889
0
LINE
8
BLACK
6
CONTINUOUS
10
0.6426929133858268
20
0.9542440944881889
11
0.6426929133858268
21
0.9345590551181102
0
LINE
8
BLACK
6
CONTINUOUS
10
0.6426929133858268
20
0.9345590551181102
11
0.6422502362204724
21
0.9311964566929134
0
LINE
8
BLACK
6
CONTINUOUS
10
0.6422502362204724
20
0.9311964566929134
11
0.6403433070866141
21
0.9271070866141732
0
LINE
8
BLACK
6
CONTINUOUS
10
0.6403433070866141
20
0.9271070866141732
11
0.6371527559055118
21
0.9239165354330708
0
LINE
8
BLACK
6
CONTINUOUS
10
0.6371527559055118
20
0.9239165354330708
11
0.6330633858267717
21
0.9220096062992126
0
LINE
8
BLACK
6
CONTINUOUS
10
0.6330633858267717
20
0.9220096062992126
11
0.6297007874015748
21
0.9215669291338583
0
LINE
8
BLACK
6
CONTINUOUS
10
0.6297007874015748
20
0.9215669291338583
11
0.5922992125984252
21
0.9215669291338583
0
LINE
8
BLACK
6
CONTINUOUS
10
0.5922992125984252
20
0.9215669291338583
11
0.5889366141732283
21
0.9220096062992126
0
LINE
8
BLACK
6
CONTINUOUS
10
0.5889366141732283
20
0.9220096062992126
11
0.5848472440944882
21
0.9239165354330708
0
LINE
8
BLACK
6
CONTINUOUS
10
0.5848472440944882
20
0.9239165354330708
11
0.5816566929133858
21
0.9271070866141732
0
LINE
8
BLACK
6
CONTINUOUS
10
0.5816566929133858
20
0.9271070866141732
11
0.5797497637795276
21
0.9311964566929134
0
LINE
8
BLACK
6
CONTINUOUS
10
0.5797497637795276
20
0.9311964566929134
11
0.5793070866141732
21
0.9345590551181102
0
LINE
8
BLACK
6
CONTINUOUS
10
0.5793070866141732
20
0.9345590551181102
11
0.5793070866141732
21
0.9542440944881889
0
LINE
8
BLACK
6
CONTINUOUS
10
0.5793070866141732
20
0.9542440944881889
11
0.5797497637795276
21
0.9576066929133858
0
LINE
8
BLACK
6
CONTINUOUS
10
0.5797497637795276
20
0.9576066929133858
11
0.5816566929133858
21
0.961696062992126
0
LINE
8
BLACK
6
CONTINUOUS
10
0.5816566929133858
20
0.961696062992126
11
0.5848472440944882
21
0.9648866141732283
0
LINE
8
BLACK
6
CONTINUOUS
10
0.5848472440944882
20
0.9648866141732283
11
0.5889366141732283
21
0.9667935433070866
0
LINE
8
BLACK
6
CONTINUOUS
10
0.5889366141732283
20
0.9667935433070866
11
0.5922992125984252
21
0.967236220472441
0
LINE
8
BLACK
6
CONTINUOUS
10
0.5922992125984252
20
0.967236220472441
11
0.6297007874015748
21
0.967236220472441
0
LINE
8
BLACK
6
CONTINUOUS
10
0.6297007874015748
20
0.967236220472441
11
0.6330633858267717
21
0.9667935433070866
0
LINE
8
BLACK
6
CONTINUOUS
10
1.4604179921259841
20
0.9863422440944881
11
1.4633557086614173
21
0.9843793700787401
0
LINE
8
BLACK
6
CONTINUOUS
10
1.4633557086614173
20
0.9843793700787401
11
1.4653185826771653
21
0.981441653543307
0
LINE
8
BLACK
6
CONTINUOUS
10
1.4653185826771653
20
0.981441653543307
11
1.4660078740157481
21
0.9779764173228346
0
LINE
8
BLACK
6
CONTINUOUS
10
1.4660078740157481
20
0.9779764173228346
11
1.4660078740157481
21
0.9376220866141732
0
LINE
8
BLACK
6
CONTINUOUS
10
1.4660078740157481
20
0.9376220866141732
11
1.4653185826771653
21
0.9341568503937008
0
LINE
8
BLACK
6
CONTINUOUS
10
1.4653185826771653
20
0.9341568503937008
11
1.4633557086614173
21
0.9312191338582677
0
LINE
8
BLACK
6
CONTINUOUS
10
1.4633557086614173
20
0.9312191338582677
11
1.4604179921259841
21
0.9292562598425197
0
LINE
8
BLACK
6
CONTINUOUS
10
1.4604179921259841
20
0.9292562598425197
11
1.4569527559055118
21
0.9285669685039369
0
LINE
8
BLACK
6
CONTINUOUS
10
1.4569527559055118
20
0.9285669685039369
11
1.4451417322834645
21
0.9285669685039369
0
LINE
8
BLACK
6
CONTINUOUS
10
1.4451417322834645
20
0.9285669685039369
11
1.4416764960629922
21
0.9292562598425197
0
LINE
8
BLACK
6
CONTINUOUS
10
1.4416764960629922
20
0.9292562598425197
11
1.438738779527559
21
0.9312191338582677
0
LINE
8
BLACK
6
CONTINUOUS
10
1.438738779527559
20
0.9312191338582677
11
1.436775905511811
21
0.9341568503937008
0
LINE
8
BLACK
6
CONTINUOUS
10
1.436775905511811
20
0.9341568503937008
11
1.4360866141732282
21
0.9376220866141732
0
LINE
8
BLACK
6
CONTINUOUS
10
1.4360866141732282
20
0.9376220866141732
11
1.4360866141732282
21
0.9779764173228346
0
LINE
8
BLACK
6
CONTINUOUS
10
1.4360866141732282
20
0.9779764173228346
11
1.436775905511811
21
0.981441653543307
0
LINE
8
BLACK
6
CONTINUOUS
10
1.436775905511811
20
0.981441653543307
11
1.438738779527559
21
0.9843793700787401
0
LINE
8
BLACK
6
CONTINUOUS
10
1.438738779527559
20
0.9843793700787401
11
1.4416764960629922
21
0.9863422440944881
0
LINE
8
BLACK
6
CONTINUOUS
10
1.4416764960629922
20
0.9863422440944881
11
1.4451417322834645
21
0.9870315354330709
0
LINE
8
BLACK
6
CONTINUOUS
10
1.4451417322834645
20
0.9870315354330709
11
1.4569527559055118
21
0.9870315354330709
0
LINE
8
BLACK
6
CONTINUOUS
10
1.4569527559055118
20
0.9870315354330709
11
1.4604179921259841
21
0.9863422440944881
0
LINE
8
BLACK
6
CONTINUOUS
10
1.4978195669291339
20
0.9863422440944881
11
1.5007572834645668
21
0.9843793700787401
0
LINE
8
BLACK
6
CONTINUOUS
10
1.5007572834645668
20
0.9843793700787401
11
1.5027201574803148
21
0.981441653543307
0
LINE
8
BLACK
6
CONTINUOUS
10
1.5027201574803148
20
0.981441653543307
11
1.5034094488188976
21
0.9779764173228346
0
LINE
8
BLACK
6
CONTINUOUS
10
1.5034094488188976
20
0.9779764173228346
11
1.5034094488188976
21
0.9376220866141732
0
LINE
8
BLACK
6
CONTINUOUS
10
1.5034094488188976
20
0.9376220866141732
11
1.5027201574803148
21
0.9341568503937008
0
LINE
8
BLACK
6
CONTINUOUS
10
1.5027201574803148
20
0.9341568503937008
11
1.5007572834645668
21
0.9312191338582677
0
LINE
8
BLACK
6
CONTINUOUS
10
1.5007572834645668
20
0.9312191338582677
11
1.4978195669291339
21
0.9292562598425197
0
LINE
8
BLACK
6
CONTINUOUS
10
1.4978195669291339
20
0.9292562598425197
11
1.4943543307086613
21
0.9285669685039369
0
LINE
8
BLACK
6
CONTINUOUS
10
1.4943543307086613
20
0.9285669685039369
11
1.4825433070866141
21
0.9285669685039369
0
LINE
8
BLACK
6
CONTINUOUS
10
1.4825433070866141
20
0.9285669685039369
11
1.4790780708661417
21
0.9292562598425197
0
LINE
8
BLACK
6
CONTINUOUS
10
1.4790780708661417
20
0.9292562598425197
11
1.4761403543307086
21
0.9312191338582677
0
LINE
8
BLACK
6
CONTINUOUS
10
1.4761403543307086
20
0.9312191338582677
11
1.4741774803149605
21
0.9341568503937008
0
LINE
8
BLACK
6
CONTINUOUS
10
1.4741774803149605
20
0.9341568503937008
11
1.473488188976378
21
0.9376220866141732
0
LINE
8
BLACK
6
CONTINUOUS
10
1.473488188976378
20
0.9376220866141732
11
1.473488188976378
21
0.9779764173228346
0
LINE
8
BLACK
6
CONTINUOUS
10
1.473488188976378
20
0.9779764173228346
11
1.4741774803149605
21
0.981441653543307
0
LINE
8
BLACK
6
CONTINUOUS
10
1.4741774803149605
20
0.981441653543307
11
1.4761403543307086
21
0.9843793700787401
0
LINE
8
BLACK
6
CONTINUOUS
10
1.4761403543307086
20
0.9843793700787401
11
1.4790780708661417
21
0.9863422440944881
0
LINE
8
BLACK
6
CONTINUOUS
10
1.4790780708661417
20
0.9863422440944881
11
1.4825433070866141
21
0.9870315354330709
0
LINE
8
BLACK
6
CONTINUOUS
10
1.4825433070866141
20
0.9870315354330709
11
1.4943543307086613
21
0.9870315354330709
0
LINE
8
BLACK
6
CONTINUOUS
10
1.4943543307086613
20
0.9870315354330709
11
1.4978195669291339
21
0.9863422440944881
0
LINE
8
BLACK
6
CONTINUOUS
10
1.5352211417322834
20
0.9863422440944881
11
1.5381588582677166
21
0.9843793700787401
0
LINE
8
BLACK
6
CONTINUOUS
10
1.5381588582677166
20
0.9843793700787401
11
1.5401217322834646
21
0.981441653543307
0
LINE
8
BLACK
6
CONTINUOUS
10
1.5401217322834646
20
0.981441653543307
11
1.5408110236220471
21
0.9779764173228346
0
LINE
8
BLACK
6
CONTINUOUS
10
1.5408110236220471
20
0.9779764173228346
11
1.5408110236220471
21
0.9376220866141732
0
LINE
8
BLACK
6
CONTINUOUS
10
1.5408110236220471
20
0.9376220866141732
11
1.5401217322834646
21
0.9341568503937008
0
LINE
8
BLACK
6
CONTINUOUS
10
1.5401217322834646
20
0.9341568503937008
11
1.5381588582677166
21
0.9312191338582677
0
LINE
8
BLACK
6
CONTINUOUS
10
1.5381588582677166
20
0.9312191338582677
11
1.5352211417322834
21
0.9292562598425197
0
LINE
8
BLACK
6
CONTINUOUS
10
1.5352211417322834
20
0.9292562598425197
11
1.5317559055118111
21
0.9285669685039369
0
LINE
8
BLACK
6
CONTINUOUS
10
1.5317559055118111
20
0.9285669685039369
11
1.5199448818897638
21
0.9285669685039369
0
LINE
8
BLACK
6
CONTINUOUS
10
1.5199448818897638
20
0.9285669685039369
11
1.5164796456692913
21
0.9292562598425197
0
LINE
8
BLACK
6
CONTINUOUS
10
1.5164796456692913
20
0.9292562598425197
11
1.5135419291338583
21
0.9312191338582677
0
LINE
8
BLACK
6
CONTINUOUS
10
1.5135419291338583
20
0.9312191338582677
11
1.5115790551181103
21
0.9341568503937008
0
LINE
8
BLACK
6
CONTINUOUS
10
1.5115790551181103
20
0.9341568503937008
11
1.5108897637795276
21
0.9376220866141732
0
LINE
8
BLACK
6
CONTINUOUS
10
1.5108897637795276
20
0.9376220866141732
11
1.5108897637795276
21
0.9779764173228346
0
LINE
8
BLACK
6
CONTINUOUS
10
1.5108897637795276
20
0.9779764173228346
11
1.5115790551181103
21
0.981441653543307
0
LINE
8
BLACK
6
CONTINUOUS
10
1.5115790551181103
20
0.981441653543307
11
1.5135419291338583
21
0.9843793700787401
0
LINE
8
BLACK
6
CONTINUOUS
10
1.5135419291338583
20
0.9843793700787401
11
1.5164796456692913
21
0.9863422440944881
0
LINE
8
BLACK
6
CONTINUOUS
10
1.5164796456692913
20
0.9863422440944881
11
1.5199448818897638
21
0.9870315354330709
0
LINE
8
BLACK
6
CONTINUOUS
10
1.5199448818897638
20
0.9870315354330709
11
1.5317559055118111
21
0.9870315354330709
0
LINE
8
BLACK
6
CONTINUOUS
10
1.5317559055118111
20
0.9870315354330709
11
1.5352211417322834
21
0.9863422440944881
0
LINE
8
BLACK
6
CONTINUOUS
10
2.6068035433070866
20
0.9952502362204724
11
2.6108929133858267
21
0.9933433070866141
0
LINE
8
BLACK
6
CONTINUOUS
10
2.6108929133858267
20
0.9933433070866141
11
2.6140834645669289
21
0.9901527559055118
0
LINE
8
BLACK
6
CONTINUOUS
10
2.6140834645669289
20
0.9901527559055118
11
2.6159903937007876
21
0.9860633858267717
0
LINE
8
BLACK
6
CONTINUOUS
10
2.6159903937007876
20
0.9860633858267717
11
2.6164330708661416
21
0.9827007874015747
0
LINE
8
BLACK
6
CONTINUOUS
10
2.6164330708661416
20
0.9827007874015747
11
2.6164330708661416
21
0.9452992125984252
0
LINE
8
BLACK
6
CONTINUOUS
10
2.6164330708661416
20
0.9452992125984252
11
2.6159903937007876
21
0.9419366141732283
0
LINE
8
BLACK
6
CONTINUOUS
10
2.6159903937007876
20
0.9419366141732283
11
2.6140834645669289
21
0.9378472440944882
0
LINE
8
BLACK
6
CONTINUOUS
10
2.6140834645669289
20
0.9378472440944882
11
2.6108929133858267
21
0.9346566929133858
0
LINE
8
BLACK
6
CONTINUOUS
10
2.6108929133858267
20
0.9346566929133858
11
2.6068035433070866
21
0.9327497637795276
0
LINE
8
BLACK
6
CONTINUOUS
10
2.6068035433070866
20
0.9327497637795276
11
2.6034409448818896
21
0.9323070866141732
0
LINE
8
BLACK
6
CONTINUOUS
10
2.6034409448818896
20
0.9323070866141732
11
2.5837559055118109
21
0.9323070866141732
0
LINE
8
BLACK
6
CONTINUOUS
10
2.5837559055118109
20
0.9323070866141732
11
2.5803933070866143
21
0.9327497637795276
0
LINE
8
BLACK
6
CONTINUOUS
10
2.5803933070866143
20
0.9327497637795276
11
2.5763039370078737
21
0.9346566929133858
0
LINE
8
BLACK
6
CONTINUOUS
10
2.5763039370078737
20
0.9346566929133858
11
2.5731133858267716
21
0.9378472440944882
0
LINE
8
BLACK
6
CONTINUOUS
10
2.5731133858267716
20
0.9378472440944882
11
2.5712064566929134
21
0.9419366141732283
0
LINE
8
BLACK
6
CONTINUOUS
10
2.5712064566929134
20
0.9419366141732283
11
2.5707637795275589
21
0.9452992125984252
0
LINE
8
BLACK
6
CONTINUOUS
10
2.5707637795275589
20
0.9452992125984252
11
2.5707637795275589
21
0.9827007874015747
0
LINE
8
BLACK
6
CONTINUOUS
10
2.5707637795275589
20
0.9827007874015747
11
2.5712064566929134
21
0.9860633858267717
0
LINE
8
BLACK
6
CONTINUOUS
10
2.5712064566929134
20
0.9860633858267717
11
2.5731133858267716
21
0.9901527559055118
0
LINE
8
BLACK
6
CONTINUOUS
10
2.5731133858267716
20
0.9901527559055118
11
2.5763039370078737
21
0.9933433070866141
0
LINE
8
BLACK
6
CONTINUOUS
10
2.5763039370078737
20
0.9933433070866141
11
2.5803933070866143
21
0.9952502362204724
0
LINE
8
BLACK
6
CONTINUOUS
10
2.5803933070866143
20
0.9952502362204724
11
2.5837559055118109
21
0.9956929133858268
0
LINE
8
BLACK
6
CONTINUOUS
10
2.5837559055118109
20
0.9956929133858268
11
2.6034409448818896
21
0.9956929133858268
0
LINE
8
BLACK
6
CONTINUOUS
10
2.6034409448818896
20
0.9956929133858268
11
2.6068035433070866
21
0.9952502362204724
0
LINE
8
BLACK
6
CONTINUOUS
10
2.6816066929133857
20
0.9952502362204724
11
2.6856960629921258
21
0.9933433070866141
0
LINE
8
BLACK
6
CONTINUOUS
10
2.6856960629921258
20
0.9933433070866141
11
2.6888866141732284
21
0.9901527559055118
0
LINE
8
BLACK
6
CONTINUOUS
10
2.6888866141732284
20
0.9901527559055118
11
2.6907935433070866
21
0.9860633858267717
0
LINE
8
BLACK
6
CONTINUOUS
10
2.6907935433070866
20
0.9860633858267717
11
2.6912362204724407
21
0.9827007874015747
0
LINE
8
BLACK
6
CONTINUOUS
10
2.6912362204724407
20
0.9827007874015747
11
2.6912362204724407
21
0.9452992125984252
0
LINE
8
BLACK
6
CONTINUOUS
10
2.6912362204724407
20
0.9452992125984252
11
2.6907935433070866
21
0.9419366141732283
0
LINE
8
BLACK
6
CONTINUOUS
10
2.6907935433070866
20
0.9419366141732283
11
2.6888866141732284
21
0.9378472440944882
0
LINE
8
BLACK
6
CONTINUOUS
10
2.6888866141732284
20
0.9378472440944882
11
2.6856960629921258
21
0.9346566929133858
0
LINE
8
BLACK
6
CONTINUOUS
10
2.6856960629921258
20
0.9346566929133858
11
2.6816066929133857
21
0.9327497637795276
0
LINE
8
BLACK
6
CONTINUOUS
10
2.6816066929133857
20
0.9327497637795276
11
2.6782440944881891
21
0.9323070866141732
0
LINE
8
BLACK
6
CONTINUOUS
10
2.6782440944881891
20
0.9323070866141732
11
2.65855905511811
21
0.9323070866141732
0
LINE
8
BLACK
6
CONTINUOUS
10
2.65855905511811
20
0.9323070866141732
11
2.6551964566929134
21
0.9327497637795276
0
LINE
8
BLACK
6
CONTINUOUS
10
2.6551964566929134
20
0.9327497637795276
11
2.6511070866141733
21
0.9346566929133858
0
LINE
8
BLACK
6
CONTINUOUS
10
2.6511070866141733
20
0.9346566929133858
11
2.6479165354330707
21
0.9378472440944882
0
LINE
8
BLACK
6
CONTINUOUS
10
2.6479165354330707
20
0.9378472440944882
11
2.6460096062992124
21
0.9419366141732283
0
LINE
8
BLACK
6
CONTINUOUS
10
2.6460096062992124
20
0.9419366141732283
11
2.6455669291338584
21
0.9452992125984252
0
LINE
8
BLACK
6
CONTINUOUS
10
2.6455669291338584
20
0.9452992125984252
11
2.6455669291338584
21
0.9827007874015747
0
LINE
8
BLACK
6
CONTINUOUS
10
2.6455669291338584
20
0.9827007874015747
11
2.6460096062992124
21
0.9860633858267717
0
LINE
8
BLACK
6
CONTINUOUS
10
2.6460096062992124
20
0.9860633858267717
11
2.6479165354330707
21
0.9901527559055118
0
LINE
8
BLACK
6
CONTINUOUS
10
2.6479165354330707
20
0.9901527559055118
11
2.6511070866141733
21
0.9933433070866141
0
LINE
8
BLACK
6
CONTINUOUS
10
2.6511070866141733
20
0.9933433070866141
11
2.6551964566929134
21
0.9952502362204724
0
LINE
8
BLACK
6
CONTINUOUS
10
2.6551964566929134
20
0.9952502362204724
11
2.65855905511811
21
0.9956929133858268
0
LINE
8
BLACK
6
CONTINUOUS
10
2.65855905511811
20
0.9956929133858268
11
2.6782440944881891
21
0.9956929133858268
0
LINE
8
BLACK
6
CONTINUOUS
10
2.6782440944881891
20
0.9956929133858268
11
2.6816066929133857
21
0.9952502362204724
0
LINE
8
BLACK
6
CONTINUOUS
10
0.4299297244094488
20
0.9642877952755905
11
0.4309515354330709
21
0.9636050787401574
0
LINE
8
BLACK
6
CONTINUOUS
10
0.4309515354330709
20
0.9636050787401574
11
0.4316342519685039
21
0.9625832677165355
0
LINE
8
BLACK
6
CONTINUOUS
10
0.4316342519685039
20
0.9625832677165355
11
0.4318740157480315
21
0.9613779527559055
0
LINE
8
BLACK
6
CONTINUOUS
10
0.4318740157480315
20
0.9613779527559055
11
0.4318740157480315
21
0.9495669291338582
0
LINE
8
BLACK
6
CONTINUOUS
10
0.4318740157480315
20
0.9495669291338582
11
0.4316342519685039
21
0.9483616141732283
0
LINE
8
BLACK
6
CONTINUOUS
10
0.4316342519685039
20
0.9483616141732283
11
0.4309515354330709
21
0.9473398031496063
0
LINE
8
BLACK
6
CONTINUOUS
10
0.4309515354330709
20
0.9473398031496063
11
0.4299297244094488
21
0.9466570866141732
0
LINE
8
BLACK
6
CONTINUOUS
10
0.4299297244094488
20
0.9466570866141732
11
0.4287244094488189
21
0.9464173228346456
0
LINE
8
BLACK
6
CONTINUOUS
10
0.4287244094488189
20
0.9464173228346456
11
0.3972283464566929
21
0.9464173228346456
0
LINE
8
BLACK
6
CONTINUOUS
10
0.3972283464566929
20
0.9464173228346456
11
0.396023031496063
21
0.9466570866141732
0
LINE
8
BLACK
6
CONTINUOUS
10
0.396023031496063
20
0.9466570866141732
11
0.395001220472441
21
0.9473398031496063
0
LINE
8
BLACK
6
CONTINUOUS
10
0.395001220472441
20
0.9473398031496063
11
0.3943185039370078
21
0.9483616141732283
0
LINE
8
BLACK
6
CONTINUOUS
10
0.3943185039370078
20
0.9483616141732283
11
0.3940787401574803
21
0.9495669291338582
0
LINE
8
BLACK
6
CONTINUOUS
10
0.3940787401574803
20
0.9495669291338582
11
0.3940787401574803
21
0.9613779527559055
0
LINE
8
BLACK
6
CONTINUOUS
10
0.3940787401574803
20
0.9613779527559055
11
0.3943185039370078
21
0.9625832677165355
0
LINE
8
BLACK
6
CONTINUOUS
10
0.3943185039370078
20
0.9625832677165355
11
0.395001220472441
21
0.9636050787401574
0
LINE
8
BLACK
6
CONTINUOUS
10
0.395001220472441
20
0.9636050787401574
11
0.396023031496063
21
0.9642877952755905
0
LINE
8
BLACK
6
CONTINUOUS
10
0.396023031496063
20
0.9642877952755905
11
0.3972283464566929
21
0.9645275590551181
0
LINE
8
BLACK
6
CONTINUOUS
10
0.3972283464566929
20
0.9645275590551181
11
0.4287244094488189
21
0.9645275590551181
0
LINE
8
BLACK
6
CONTINUOUS
10
0.4287244094488189
20
0.9645275590551181
11
0.4299297244094488
21
0.9642877952755905
0
LINE
8
BLACK
6
CONTINUOUS
10
0.551976968503937
20
0.9642877952755905
11
0.552998779527559
21
0.9636050787401574
0
LINE
8
BLACK
6
CONTINUOUS
10
0.552998779527559
20
0.9636050787401574
11
0.5536814960629921
21
0.9625832677165355
0
LINE
8
BLACK
6
CONTINUOUS
10
0.5536814960629921
20
0.9625832677165355
11
0.5539212598425197
21
0.9613779527559055
0
LINE
8
BLACK
6
CONTINUOUS
10
0.5539212598425197
20
0.9613779527559055
11
0.5539212598425197
21
0.9495669291338582
0
LINE
8
BLACK
6
CONTINUOUS
10
0.5539212598425197
20
0.9495669291338582
11
0.5536814960629921
21
0.9483616141732283
0
LINE
8
BLACK
6
CONTINUOUS
10
0.5536814960629921
20
0.9483616141732283
11
0.552998779527559
21
0.9473398031496063
0
LINE
8
BLACK
6
CONTINUOUS
10
0.552998779527559
20
0.9473398031496063
11
0.551976968503937
21
0.9466570866141732
0
LINE
8
BLACK
6
CONTINUOUS
10
0.551976968503937
20
0.9466570866141732
11
0.550771653543307
21
0.9464173228346456
0
LINE
8
BLACK
6
CONTINUOUS
10
0.550771653543307
20
0.9464173228346456
11
0.5192755905511811
21
0.9464173228346456
0
LINE
8
BLACK
6
CONTINUOUS
10
0.5192755905511811
20
0.9464173228346456
11
0.5180702755905512
21
0.9466570866141732
0
LINE
8
BLACK
6
CONTINUOUS
10
0.5180702755905512
20
0.9466570866141732
11
0.5170484645669291
21
0.9473398031496063
0
LINE
8
BLACK
6
CONTINUOUS
10
0.5170484645669291
20
0.9473398031496063
11
0.516365748031496
21
0.9483616141732283
0
LINE
8
BLACK
6
CONTINUOUS
10
0.516365748031496
20
0.9483616141732283
11
0.5161259842519685
21
0.9495669291338582
0
LINE
8
BLACK
6
CONTINUOUS
10
0.5161259842519685
20
0.9495669291338582
11
0.5161259842519685
21
0.9613779527559055
0
LINE
8
BLACK
6
CONTINUOUS
10
0.5161259842519685
20
0.9613779527559055
11
0.516365748031496
21
0.9625832677165355
0
LINE
8
BLACK
6
CONTINUOUS
10
0.516365748031496
20
0.9625832677165355
11
0.5170484645669291
21
0.9636050787401574
0
LINE
8
BLACK
6
CONTINUOUS
10
0.5170484645669291
20
0.9636050787401574
11
0.5180702755905512
21
0.9642877952755905
0
LINE
8
BLACK
6
CONTINUOUS
10
0.5180702755905512
20
0.9642877952755905
11
0.5192755905511811
21
0.9645275590551181
0
LINE
8
BLACK
6
CONTINUOUS
10
0.5192755905511811
20
0.9645275590551181
11
0.550771653543307
21
0.9645275590551181
0
LINE
8
BLACK
6
CONTINUOUS
10
0.550771653543307
20
0.9645275590551181
11
0.551976968503937
21
0.9642877952755905
0
LINE
8
BLACK
6
CONTINUOUS
10
1.8610870078740156
20
1.0648565354330708
11
1.8651763779527559
21
1.0629496062992125
0
LINE
8
BLACK
6
CONTINUOUS
10
1.8651763779527559
20
1.0629496062992125
11
1.8683669291338583
21
1.0597590551181102
0
LINE
8
BLACK
6
CONTINUOUS
10
1.8683669291338583
20
1.0597590551181102
11
1.8702738582677165
21
1.0556696850393701
0
LINE
8
BLACK
6
CONTINUOUS
10
1.8702738582677165
20
1.0556696850393701
11
1.8707165354330708
21
1.0523070866141733
0
LINE
8
BLACK
6
CONTINUOUS
10
1.8707165354330708
20
1.0523070866141733
11
1.8707165354330708
21
0.9656929133858267
0
LINE
8
BLACK
6
CONTINUOUS
10
1.8707165354330708
20
0.9656929133858267
11
1.8702738582677165
21
0.9623303149606299
0
LINE
8
BLACK
6
CONTINUOUS
10
1.8702738582677165
20
0.9623303149606299
11
1.8683669291338583
21
0.9582409448818897
0
LINE
8
BLACK
6
CONTINUOUS
10
1.8683669291338583
20
0.9582409448818897
11
1.8651763779527559
21
0.9550503937007874
0
LINE
8
BLACK
6
CONTINUOUS
10
1.8651763779527559
20
0.9550503937007874
11
1.8610870078740156
21
0.9531434645669291
0
LINE
8
BLACK
6
CONTINUOUS
10
1.8610870078740156
20
0.9531434645669291
11
1.8577244094488188
21
0.9527007874015748
0
LINE
8
BLACK
6
CONTINUOUS
10
1.8577244094488188
20
0.9527007874015748
11
1.8321338582677165
21
0.9527007874015748
0
LINE
8
BLACK
6
CONTINUOUS
10
1.8321338582677165
20
0.9527007874015748
11
1.8287712598425196
21
0.9531434645669291
0
LINE
8
BLACK
6
CONTINUOUS
10
1.8287712598425196
20
0.9531434645669291
11
1.8246818897637795
21
0.9550503937007874
0
LINE
8
BLACK
6
CONTINUOUS
10
1.8246818897637795
20
0.9550503937007874
11
1.8214913385826772
21
0.9582409448818897
0
LINE
8
BLACK
6
CONTINUOUS
10
1.8214913385826772
20
0.9582409448818897
11
1.8195844094488189
21
0.9623303149606299
0
LINE
8
BLACK
6
CONTINUOUS
10
1.8195844094488189
20
0.9623303149606299
11
1.8191417322834644
21
0.9656929133858267
0
LINE
8
BLACK
6
CONTINUOUS
10
1.8191417322834644
20
0.9656929133858267
11
1.8191417322834644
21
1.0523070866141733
0
LINE
8
BLACK
6
CONTINUOUS
10
1.8191417322834644
20
1.0523070866141733
11
1.8195844094488189
21
1.0556696850393701
0
LINE
8
BLACK
6
CONTINUOUS
10
1.8195844094488189
20
1.0556696850393701
11
1.8214913385826772
21
1.0597590551181102
0
LINE
8
BLACK
6
CONTINUOUS
10
1.8214913385826772
20
1.0597590551181102
11
1.8246818897637795
21
1.0629496062992125
0
LINE
8
BLACK
6
CONTINUOUS
10
1.8246818897637795
20
1.0629496062992125
11
1.8287712598425196
21
1.0648565354330708
0
LINE
8
BLACK
6
CONTINUOUS
10
1.8287712598425196
20
1.0648565354330708
11
1.8321338582677165
21
1.0652992125984251
0
LINE
8
BLACK
6
CONTINUOUS
10
1.8321338582677165
20
1.0652992125984251
11
1.8577244094488188
21
1.0652992125984251
0
LINE
8
BLACK
6
CONTINUOUS
10
1.8577244094488188
20
1.0652992125984251
11
1.8610870078740156
21
1.0648565354330708
0
LINE
8
BLACK
6
CONTINUOUS
10
1.9772287401574802
20
1.0648565354330708
11
1.9813181102362205
21
1.0629496062992125
0
LINE
8
BLACK
6
CONTINUOUS
10
1.9813181102362205
20
1.0629496062992125
11
1.9845086614173229
21
1.0597590551181102
0
LINE
8
BLACK
6
CONTINUOUS
10
1.9845086614173229
20
1.0597590551181102
11
1.9864155905511811
21
1.0556696850393701
0
LINE
8
BLACK
6
CONTINUOUS
10
1.9864155905511811
20
1.0556696850393701
11
1.9868582677165354
21
1.0523070866141733
0
LINE
8
BLACK
6
CONTINUOUS
10
1.9868582677165354
20
1.0523070866141733
11
1.9868582677165354
21
0.9656929133858267
0
LINE
8
BLACK
6
CONTINUOUS
10
1.9868582677165354
20
0.9656929133858267
11
1.9864155905511811
21
0.9623303149606299
0
LINE
8
BLACK
6
CONTINUOUS
10
1.9864155905511811
20
0.9623303149606299
11
1.9845086614173229
21
0.9582409448818897
0
LINE
8
BLACK
6
CONTINUOUS
10
1.9845086614173229
20
0.9582409448818897
11
1.9813181102362205
21
0.9550503937007874
0
LINE
8
BLACK
6
CONTINUOUS
10
1.9813181102362205
20
0.9550503937007874
11
1.9772287401574802
21
0.9531434645669291
0
LINE
8
BLACK
6
CONTINUOUS
10
1.9772287401574802
20
0.9531434645669291
11
1.9738661417322834
21
0.9527007874015748
0
LINE
8
BLACK
6
CONTINUOUS
10
1.9738661417322834
20
0.9527007874015748
11
1.948275590551181
21
0.9527007874015748
0
LINE
8
BLACK
6
CONTINUOUS
10
1.948275590551181
20
0.9527007874015748
11
1.9449129921259842
21
0.9531434645669291
0
LINE
8
BLACK
6
CONTINUOUS
10
1.9449129921259842
20
0.9531434645669291
11
1.9408236220472441
21
0.9550503937007874
0
LINE
8
BLACK
6
CONTINUOUS
10
1.9408236220472441
20
0.9550503937007874
11
1.9376330708661418
21
0.9582409448818897
0
LINE
8
BLACK
6
CONTINUOUS
10
1.9376330708661418
20
0.9582409448818897
11
1.9357261417322835
21
0.9623303149606299
0
LINE
8
BLACK
6
CONTINUOUS
10
1.9357261417322835
20
0.9623303149606299
11
1.935283464566929
21
0.9656929133858267
0
LINE
8
BLACK
6
CONTINUOUS
10
1.935283464566929
20
0.9656929133858267
11
1.935283464566929
21
1.0523070866141733
0
LINE
8
BLACK
6
CONTINUOUS
10
1.935283464566929
20
1.0523070866141733
11
1.9357261417322835
21
1.0556696850393701
0
LINE
8
BLACK
6
CONTINUOUS
10
1.9357261417322835
20
1.0556696850393701
11
1.9376330708661418
21
1.0597590551181102
0
LINE
8
BLACK
6
CONTINUOUS
10
1.9376330708661418
20
1.0597590551181102
11
1.9408236220472441
21
1.0629496062992125
0
LINE
8
BLACK
6
CONTINUOUS
10
1.9408236220472441
20
1.0629496062992125
11
1.9449129921259842
21
1.0648565354330708
0
LINE
8
BLACK
6
CONTINUOUS
10
1.9449129921259842
20
1.0648565354330708
11
1.948275590551181
21
1.0652992125984251
0
LINE
8
BLACK
6
CONTINUOUS
10
1.948275590551181
20
1.0652992125984251
11
1.9738661417322834
21
1.0652992125984251
0
LINE
8
BLACK
6
CONTINUOUS
10
1.9738661417322834
20
1.0652992125984251
11
1.9772287401574802
21
1.0648565354330708
0
LINE
8
BLACK
6
CONTINUOUS
10
2.0678589370078742
20
0.9928697637795275
11
2.0707966535433071
21
0.9909068897637795
0
LINE
8
BLACK
6
CONTINUOUS
10
2.0707966535433071
20
0.9909068897637795
11
2.0727595275590551
21
0.9879691732283464
0
LINE
8
BLACK
6
CONTINUOUS
10
2.0727595275590551
20
0.9879691732283464
11
2.0734488188976377
21
0.984503937007874
0
LINE
8
BLACK
6
CONTINUOUS
10
2.0734488188976377
20
0.984503937007874
11
2.0734488188976377
21
0.9726929133858268
0
LINE
8
BLACK
6
CONTINUOUS
10
2.0734488188976377
20
0.9726929133858268
11
2.0727595275590551
21
0.9692276771653543
0
LINE
8
BLACK
6
CONTINUOUS
10
2.0727595275590551
20
0.9692276771653543
11
2.0707966535433071
21
0.9662899606299212
0
LINE
8
BLACK
6
CONTINUOUS
10
2.0707966535433071
20
0.9662899606299212
11
2.0678589370078742
21
0.9643270866141732
0
LINE
8
BLACK
6
CONTINUOUS
10
2.0678589370078742
20
0.9643270866141732
11
2.0643937007874014
21
0.9636377952755906
0
LINE
8
BLACK
6
CONTINUOUS
10
2.0643937007874014
20
0.9636377952755906
11
2.0240393700787402
21
0.9636377952755906
0
LINE
8
BLACK
6
CONTINUOUS
10
2.0240393700787402
20
0.9636377952755906
11
2.0205741338582675
21
0.9643270866141732
0
LINE
8
BLACK
6
CONTINUOUS
10
2.0205741338582675
20
0.9643270866141732
11
2.0176364173228345
21
0.9662899606299212
0
LINE
8
BLACK
6
CONTINUOUS
10
2.0176364173228345
20
0.9662899606299212
11
2.0156735433070865
21
0.9692276771653543
0
LINE
8
BLACK
6
CONTINUOUS
10
2.0156735433070865
20
0.9692276771653543
11
2.0149842519685039
21
0.9726929133858268
0
LINE
8
BLACK
6
CONTINUOUS
10
2.0149842519685039
20
0.9726929133858268
11
2.0149842519685039
21
0.984503937007874
0
LINE
8
BLACK
6
CONTINUOUS
10
2.0149842519685039
20
0.984503937007874
11
2.0156735433070865
21
0.9879691732283464
0
LINE
8
BLACK
6
CONTINUOUS
10
2.0156735433070865
20
0.9879691732283464
11
2.0176364173228345
21
0.9909068897637795
0
LINE
8
BLACK
6
CONTINUOUS
10
2.0176364173228345
20
0.9909068897637795
11
2.0205741338582675
21
0.9928697637795275
0
LINE
8
BLACK
6
CONTINUOUS
10
2.0205741338582675
20
0.9928697637795275
11
2.0240393700787402
21
0.9935590551181103
0
LINE
8
BLACK
6
CONTINUOUS
10
2.0240393700787402
20
0.9935590551181103
11
2.0643937007874014
21
0.9935590551181103
0
LINE
8
BLACK
6
CONTINUOUS
10
2.0643937007874014
20
0.9935590551181103
11
2.0678589370078742
21
0.9928697637795275
0
LINE
8
BLACK
6
CONTINUOUS
10
2.157425866141732
20
0.9928697637795275
11
2.1603635826771654
21
0.9909068897637795
0
LINE
8
BLACK
6
CONTINUOUS
10
2.1603635826771654
20
0.9909068897637795
11
2.1623264566929135
21
0.9879691732283464
0
LINE
8
BLACK
6
CONTINUOUS
10
2.1623264566929135
20
0.9879691732283464
11
2.163015748031496
21
0.984503937007874
0
LINE
8
BLACK
6
CONTINUOUS
10
2.163015748031496
20
0.984503937007874
11
2.163015748031496
21
0.9726929133858268
0
LINE
8
BLACK
6
CONTINUOUS
10
2.163015748031496
20
0.9726929133858268
11
2.1623264566929135
21
0.9692276771653543
0
LINE
8
BLACK
6
CONTINUOUS
10
2.1623264566929135
20
0.9692276771653543
11
2.1603635826771654
21
0.9662899606299212
0
LINE
8
BLACK
6
CONTINUOUS
10
2.1603635826771654
20
0.9662899606299212
11
2.157425866141732
21
0.9643270866141732
0
LINE
8
BLACK
6
CONTINUOUS
10
2.157425866141732
20
0.9643270866141732
11
2.1539606299212597
21
0.9636377952755906
0
LINE
8
BLACK
6
CONTINUOUS
10
2.1539606299212597
20
0.9636377952755906
11
2.1136062992125986
21
0.9636377952755906
0
LINE
8
BLACK
6
CONTINUOUS
10
2.1136062992125986
20
0.9636377952755906
11
2.1101410629921258
21
0.9643270866141732
0
LINE
8
BLACK
6
CONTINUOUS
10
2.1101410629921258
20
0.9643270866141732
11
2.1072033464566928
21
0.9662899606299212
0
LINE
8
BLACK
6
CONTINUOUS
10
2.1072033464566928
20
0.9662899606299212
11
2.1052404724409448
21
0.9692276771653543
0
LINE
8
BLACK
6
CONTINUOUS
10
2.1052404724409448
20
0.9692276771653543
11
2.1045511811023623
21
0.9726929133858268
0
LINE
8
BLACK
6
CONTINUOUS
10
2.1045511811023623
20
0.9726929133858268
11
2.1045511811023623
21
0.984503937007874
0
LINE
8
BLACK
6
CONTINUOUS
10
2.1045511811023623
20
0.984503937007874
11
2.1052404724409448
21
0.9879691732283464
0
LINE
8
BLACK
6
CONTINUOUS
10
2.1052404724409448
20
0.9879691732283464
11
2.1072033464566928
21
0.9909068897637795
0
LINE
8
BLACK
6
CONTINUOUS
10
2.1072033464566928
20
0.9909068897637795
11
2.1101410629921258
21
0.9928697637795275
0
LINE
8
BLACK
6
CONTINUOUS
10
2.1101410629921258
20
0.9928697637795275
11
2.1136062992125986
21
0.9935590551181103
0
LINE
8
BLACK
6
CONTINUOUS
10
2.1136062992125986
20
0.9935590551181103
11
2.1539606299212597
21
0.9935590551181103
0
LINE
8
BLACK
6
CONTINUOUS
10
2.1539606299212597
20
0.9935590551181103
11
2.157425866141732
21
0.9928697637795275
0
LINE
8
BLACK
6
CONTINUOUS
10
2.2456857086614175
20
0.9928697637795275
11
2.2486234251968504
21
0.9909068897637795
0
LINE
8
BLACK
6
CONTINUOUS
10
2.2486234251968504
20
0.9909068897637795
11
2.2505862992125985
21
0.9879691732283464
0
LINE
8
BLACK
6
CONTINUOUS
10
2.2505862992125985
20
0.9879691732283464
11
2.251275590551181
21
0.984503937007874
0
LINE
8
BLACK
6
CONTINUOUS
10
2.251275590551181
20
0.984503937007874
11
2.251275590551181
21
0.9726929133858268
0
LINE
8
BLACK
6
CONTINUOUS
10
2.251275590551181
20
0.9726929133858268
11
2.2505862992125985
21
0.9692276771653543
0
LINE
8
BLACK
6
CONTINUOUS
10
2.2505862992125985
20
0.9692276771653543
11
2.2486234251968504
21
0.9662899606299212
0
LINE
8
BLACK
6
CONTINUOUS
10
2.2486234251968504
20
0.9662899606299212
11
2.2456857086614175
21
0.9643270866141732
0
LINE
8
BLACK
6
CONTINUOUS
10
2.2456857086614175
20
0.9643270866141732
11
2.2422204724409447
21
0.9636377952755906
0
LINE
8
BLACK
6
CONTINUOUS
10
2.2422204724409447
20
0.9636377952755906
11
2.19596062992126
21
0.9636377952755906
0
LINE
8
BLACK
6
CONTINUOUS
10
2.19596062992126
20
0.9636377952755906
11
2.1924953937007872
21
0.9643270866141732
0
LINE
8
BLACK
6
CONTINUOUS
10
2.1924953937007872
20
0.9643270866141732
11
2.1895576771653542
21
0.9662899606299212
0
LINE
8
BLACK
6
CONTINUOUS
10
2.1895576771653542
20
0.9662899606299212
11
2.1875948031496062
21
0.9692276771653543
0
LINE
8
BLACK
6
CONTINUOUS
10
2.1875948031496062
20
0.9692276771653543
11
2.1869055118110237
21
0.9726929133858268
0
LINE
8
BLACK
6
CONTINUOUS
10
2.1869055118110237
20
0.9726929133858268
11
2.1869055118110237
21
0.984503937007874
0
LINE
8
BLACK
6
CONTINUOUS
10
2.1869055118110237
20
0.984503937007874
11
2.1875948031496062
21
0.9879691732283464
0
LINE
8
BLACK
6
CONTINUOUS
10
2.1875948031496062
20
0.9879691732283464
11
2.1895576771653542
21
0.9909068897637795
0
LINE
8
BLACK
6
CONTINUOUS
10
2.1895576771653542
20
0.9909068897637795
11
2.1924953937007872
21
0.9928697637795275
0
LINE
8
BLACK
6
CONTINUOUS
10
2.1924953937007872
20
0.9928697637795275
11
2.19596062992126
21
0.9935590551181103
0
LINE
8
BLACK
6
CONTINUOUS
10
2.19596062992126
20
0.9935590551181103
11
2.2422204724409447
21
0.9935590551181103
0
LINE
8
BLACK
6
CONTINUOUS
10
2.2422204724409447
20
0.9935590551181103
11
2.2456857086614175
21
0.9928697637795275
0
LINE
8
BLACK
6
CONTINUOUS
10
1.6310791338582677
20
1.0118092913385826
11
1.6351685039370079
21
1.0099023622047243
0
LINE
8
BLACK
6
CONTINUOUS
10
1.6351685039370079
20
1.0099023622047243
11
1.6383590551181102
21
1.0067118110236219
0
LINE
8
BLACK
6
CONTINUOUS
10
1.6383590551181102
20
1.0067118110236219
11
1.6402659842519685
21
1.0026224409448818
0
LINE
8
BLACK
6
CONTINUOUS
10
1.6402659842519685
20
1.0026224409448818
11
1.6407086614173227
21
0.999259842519685
0
LINE
8
BLACK
6
CONTINUOUS
10
1.6407086614173227
20
0.999259842519685
11
1.6407086614173227
21
0.9785905511811024
0
LINE
8
BLACK
6
CONTINUOUS
10
1.6407086614173227
20
0.9785905511811024
11
1.6402659842519685
21
0.9752279527559055
0
LINE
8
BLACK
6
CONTINUOUS
10
1.6402659842519685
20
0.9752279527559055
11
1.6383590551181102
21
0.9711385826771654
0
LINE
8
BLACK
6
CONTINUOUS
10
1.6383590551181102
20
0.9711385826771654
11
1.6351685039370079
21
0.967948031496063
0
LINE
8
BLACK
6
CONTINUOUS
10
1.6351685039370079
20
0.967948031496063
11
1.6310791338582677
21
0.9660411023622048
0
LINE
8
BLACK
6
CONTINUOUS
10
1.6310791338582677
20
0.9660411023622048
11
1.6277165354330709
21
0.9655984251968504
0
LINE
8
BLACK
6
CONTINUOUS
10
1.6277165354330709
20
0.9655984251968504
11
1.592283464566929
21
0.9655984251968504
0
LINE
8
BLACK
6
CONTINUOUS
10
1.592283464566929
20
0.9655984251968504
11
1.5889208661417322
21
0.9660411023622048
0
LINE
8
BLACK
6
CONTINUOUS
10
1.5889208661417322
20
0.9660411023622048
11
1.5848314960629921
21
0.967948031496063
0
LINE
8
BLACK
6
CONTINUOUS
10
1.5848314960629921
20
0.967948031496063
11
1.5816409448818898
21
0.9711385826771654
0
LINE
8
BLACK
6
CONTINUOUS
10
1.5816409448818898
20
0.9711385826771654
11
1.5797340157480315
21
0.9752279527559055
0
LINE
8
BLACK
6
CONTINUOUS
10
1.5797340157480315
20
0.9752279527559055
11
1.5792913385826772
21
0.9785905511811024
0
LINE
8
BLACK
6
CONTINUOUS
10
1.5792913385826772
20
0.9785905511811024
11
1.5792913385826772
21
0.999259842519685
0
LINE
8
BLACK
6
CONTINUOUS
10
1.5792913385826772
20
0.999259842519685
11
1.5797340157480315
21
1.0026224409448818
0
LINE
8
BLACK
6
CONTINUOUS
10
1.5797340157480315
20
1.0026224409448818
11
1.5816409448818898
21
1.0067118110236219
0
LINE
8
BLACK
6
CONTINUOUS
10
1.5816409448818898
20
1.0067118110236219
11
1.5848314960629921
21
1.0099023622047243
0
LINE
8
BLACK
6
CONTINUOUS
10
1.5848314960629921
20
1.0099023622047243
11
1.5889208661417322
21
1.0118092913385826
0
LINE
8
BLACK
6
CONTINUOUS
10
1.5889208661417322
20
1.0118092913385826
11
1.592283464566929
21
1.0122519685039371
0
LINE
8
BLACK
6
CONTINUOUS
10
1.592283464566929
20
1.0122519685039371
11
1.6277165354330709
21
1.0122519685039371
0
LINE
8
BLACK
6
CONTINUOUS
10
1.6277165354330709
20
1.0122519685039371
11
1.6310791338582677
21
1.0118092913385826
0
LINE
8
BLACK
6
CONTINUOUS
10
0.4299297244094488
20
0.9839728346456693
11
0.4309515354330709
21
0.9832901181102361
0
LINE
8
BLACK
6
CONTINUOUS
10
0.4309515354330709
20
0.9832901181102361
11
0.4316342519685039
21
0.9822683070866142
0
LINE
8
BLACK
6
CONTINUOUS
10
0.4316342519685039
20
0.9822683070866142
11
0.4318740157480315
21
0.9810629921259842
0
LINE
8
BLACK
6
CONTINUOUS
10
0.4318740157480315
20
0.9810629921259842
11
0.4318740157480315
21
0.969251968503937
0
LINE
8
BLACK
6
CONTINUOUS
10
0.4318740157480315
20
0.969251968503937
11
0.4316342519685039
21
0.9680466535433071
0
LINE
8
BLACK
6
CONTINUOUS
10
0.4316342519685039
20
0.9680466535433071
11
0.4309515354330709
21
0.967024842519685
0
LINE
8
BLACK
6
CONTINUOUS
10
0.4309515354330709
20
0.967024842519685
11
0.4299297244094488
21
0.966342125984252
0
LINE
8
BLACK
6
CONTINUOUS
10
0.4299297244094488
20
0.966342125984252
11
0.4287244094488189
21
0.9661023622047243
0
LINE
8
BLACK
6
CONTINUOUS
10
0.4287244094488189
20
0.9661023622047243
11
0.3972283464566929
21
0.9661023622047243
0
LINE
8
BLACK
6
CONTINUOUS
10
0.3972283464566929
20
0.9661023622047243
11
0.396023031496063
21
0.966342125984252
0
LINE
8
BLACK
6
CONTINUOUS
10
0.396023031496063
20
0.966342125984252
11
0.395001220472441
21
0.967024842519685
0
LINE
8
BLACK
6
CONTINUOUS
10
0.395001220472441
20
0.967024842519685
11
0.3943185039370078
21
0.9680466535433071
0
LINE
8
BLACK
6
CONTINUOUS
10
0.3943185039370078
20
0.9680466535433071
11
0.3940787401574803
21
0.969251968503937
0
LINE
8
BLACK
6
CONTINUOUS
10
0.3940787401574803
20
0.969251968503937
11
0.3940787401574803
21
0.9810629921259842
0
LINE
8
BLACK
6
CONTINUOUS
10
0.3940787401574803
20
0.9810629921259842
11
0.3943185039370078
21
0.9822683070866142
0
LINE
8
BLACK
6
CONTINUOUS
10
0.3943185039370078
20
0.9822683070866142
11
0.395001220472441
21
0.9832901181102361
0
LINE
8
BLACK
6
CONTINUOUS
10
0.395001220472441
20
0.9832901181102361
11
0.396023031496063
21
0.9839728346456693
0
LINE
8
BLACK
6
CONTINUOUS
10
0.396023031496063
20
0.9839728346456693
11
0.3972283464566929
21
0.9842125984251968
0
LINE
8
BLACK
6
CONTINUOUS
10
0.3972283464566929
20
0.9842125984251968
11
0.4287244094488189
21
0.9842125984251968
0
LINE
8
BLACK
6
CONTINUOUS
10
0.4287244094488189
20
0.9842125984251968
11
0.4299297244094488
21
0.9839728346456693
0
LINE
8
BLACK
6
CONTINUOUS
10
0.551976968503937
20
0.9839728346456693
11
0.552998779527559
21
0.9832901181102361
0
LINE
8
BLACK
6
CONTINUOUS
10
0.552998779527559
20
0.9832901181102361
11
0.5536814960629921
21
0.9822683070866142
0
LINE
8
BLACK
6
CONTINUOUS
10
0.5536814960629921
20
0.9822683070866142
11
0.5539212598425197
21
0.9810629921259842
0
LINE
8
BLACK
6
CONTINUOUS
10
0.5539212598425197
20
0.9810629921259842
11
0.5539212598425197
21
0.969251968503937
0
LINE
8
BLACK
6
CONTINUOUS
10
0.5539212598425197
20
0.969251968503937
11
0.5536814960629921
21
0.9680466535433071
0
LINE
8
BLACK
6
CONTINUOUS
10
0.5536814960629921
20
0.9680466535433071
11
0.552998779527559
21
0.967024842519685
0
LINE
8
BLACK
6
CONTINUOUS
10
0.552998779527559
20
0.967024842519685
11
0.551976968503937
21
0.966342125984252
0
LINE
8
BLACK
6
CONTINUOUS
10
0.551976968503937
20
0.966342125984252
11
0.550771653543307
21
0.9661023622047243
0
LINE
8
BLACK
6
CONTINUOUS
10
0.550771653543307
20
0.9661023622047243
11
0.5192755905511811
21
0.9661023622047243
0
LINE
8
BLACK
6
CONTINUOUS
10
0.5192755905511811
20
0.9661023622047243
11
0.5180702755905512
21
0.966342125984252
0
LINE
8
BLACK
6
CONTINUOUS
10
0.5180702755905512
20
0.966342125984252
11
0.5170484645669291
21
0.967024842519685
0
LINE
8
BLACK
6
CONTINUOUS
10
0.5170484645669291
20
0.967024842519685
11
0.516365748031496
21
0.9680466535433071
0
LINE
8
BLACK
6
CONTINUOUS
10
0.516365748031496
20
0.9680466535433071
11
0.5161259842519685
21
0.969251968503937
0
LINE
8
BLACK
6
CONTINUOUS
10
0.5161259842519685
20
0.969251968503937
11
0.5161259842519685
21
0.9810629921259842
0
LINE
8
BLACK
6
CONTINUOUS
10
0.5161259842519685
20
0.9810629921259842
11
0.516365748031496
21
0.9822683070866142
0
LINE
8
BLACK
6
CONTINUOUS
10
0.516365748031496
20
0.9822683070866142
11
0.5170484645669291
21
0.9832901181102361
0
LINE
8
BLACK
6
CONTINUOUS
10
0.5170484645669291
20
0.9832901181102361
11
0.5180702755905512
21
0.9839728346456693
0
LINE
8
BLACK
6
CONTINUOUS
10
0.5180702755905512
20
0.9839728346456693
11
0.5192755905511811
21
0.9842125984251968
0
LINE
8
BLACK
6
CONTINUOUS
10
0.5192755905511811
20
0.9842125984251968
11
0.550771653543307
21
0.9842125984251968
0
LINE
8
BLACK
6
CONTINUOUS
10
0.550771653543307
20
0.9842125984251968
11
0.551976968503937
21
0.9839728346456693
0
LINE
8
BLACK
6
CONTINUOUS
10
1.1980633858267715
20
1.0157935433070866
11
1.2021527559055118
21
1.0138866141732283
0
LINE
8
BLACK
6
CONTINUOUS
10
1.2021527559055118
20
1.0138866141732283
11
1.2053433070866142
21
1.010696062992126
0
LINE
8
BLACK
6
CONTINUOUS
10
1.2053433070866142
20
1.010696062992126
11
1.2072502362204725
21
1.0066066929133859
0
LINE
8
BLACK
6
CONTINUOUS
10
1.2072502362204725
20
1.0066066929133859
11
1.2076929133858267
21
1.0032440944881889
0
LINE
8
BLACK
6
CONTINUOUS
10
1.2076929133858267
20
1.0032440944881889
11
1.2076929133858267
21
0.9835590551181103
0
LINE
8
BLACK
6
CONTINUOUS
10
1.2076929133858267
20
0.9835590551181103
11
1.2072502362204725
21
0.9801964566929133
0
LINE
8
BLACK
6
CONTINUOUS
10
1.2072502362204725
20
0.9801964566929133
11
1.2053433070866142
21
0.9761070866141732
0
LINE
8
BLACK
6
CONTINUOUS
10
1.2053433070866142
20
0.9761070866141732
11
1.2021527559055118
21
0.9729165354330709
0
LINE
8
BLACK
6
CONTINUOUS
10
1.2021527559055118
20
0.9729165354330709
11
1.1980633858267715
21
0.9710096062992126
0
LINE
8
BLACK
6
CONTINUOUS
10
1.1980633858267715
20
0.9710096062992126
11
1.1947007874015747
21
0.9705669291338582
0
LINE
8
BLACK
6
CONTINUOUS
10
1.1947007874015747
20
0.9705669291338582
11
1.1572992125984252
21
0.9705669291338582
0
LINE
8
BLACK
6
CONTINUOUS
10
1.1572992125984252
20
0.9705669291338582
11
1.1539366141732283
21
0.9710096062992126
0
LINE
8
BLACK
6
CONTINUOUS
10
1.1539366141732283
20
0.9710096062992126
11
1.1498472440944882
21
0.9729165354330709
0
LINE
8
BLACK
6
CONTINUOUS
10
1.1498472440944882
20
0.9729165354330709
11
1.1466566929133859
21
0.9761070866141732
0
LINE
8
BLACK
6
CONTINUOUS
10
1.1466566929133859
20
0.9761070866141732
11
1.1447497637795276
21
0.9801964566929133
0
LINE
8
BLACK
6
CONTINUOUS
10
1.1447497637795276
20
0.9801964566929133
11
1.1443070866141731
21
0.9835590551181103
0
LINE
8
BLACK
6
CONTINUOUS
10
1.1443070866141731
20
0.9835590551181103
11
1.1443070866141731
21
1.0032440944881889
0
LINE
8
BLACK
6
CONTINUOUS
10
1.1443070866141731
20
1.0032440944881889
11
1.1447497637795276
21
1.0066066929133859
0
LINE
8
BLACK
6
CONTINUOUS
10
1.1447497637795276
20
1.0066066929133859
11
1.1466566929133859
21
1.010696062992126
0
LINE
8
BLACK
6
CONTINUOUS
10
1.1466566929133859
20
1.010696062992126
11
1.1498472440944882
21
1.0138866141732283
0
LINE
8
BLACK
6
CONTINUOUS
10
1.1498472440944882
20
1.0138866141732283
11
1.1539366141732283
21
1.0157935433070866
0
LINE
8
BLACK
6
CONTINUOUS
10
1.1539366141732283
20
1.0157935433070866
11
1.1572992125984252
21
1.0162362204724409
0
LINE
8
BLACK
6
CONTINUOUS
10
1.1572992125984252
20
1.0162362204724409
11
1.1947007874015747
21
1.0162362204724409
0
LINE
8
BLACK
6
CONTINUOUS
10
1.1947007874015747
20
1.0162362204724409
11
1.1980633858267715
21
1.0157935433070866
0
LINE
8
BLACK
6
CONTINUOUS
10
0.9441501968503937
20
1.0034452755905512
11
0.9451720078740157
21
1.0027625590551181
0
LINE
8
BLACK
6
CONTINUOUS
10
0.9451720078740157
20
1.0027625590551181
11
0.9458547244094488
21
1.0017407480314959
0
LINE
8
BLACK
6
CONTINUOUS
10
0.9458547244094488
20
1.0017407480314959
11
0.9460944881889763
21
1.000535433070866
0
LINE
8
BLACK
6
CONTINUOUS
10
0.9460944881889763
20
1.000535433070866
11
0.9460944881889763
21
0.9887244094488189
0
LINE
8
BLACK
6
CONTINUOUS
10
0.9460944881889763
20
0.9887244094488189
11
0.9458547244094488
21
0.987519094488189
0
LINE
8
BLACK
6
CONTINUOUS
10
0.9458547244094488
20
0.987519094488189
11
0.9451720078740157
21
0.9864972834645669
0
LINE
8
BLACK
6
CONTINUOUS
10
0.9451720078740157
20
0.9864972834645669
11
0.9441501968503937
21
0.9858145669291338
0
LINE
8
BLACK
6
CONTINUOUS
10
0.9441501968503937
20
0.9858145669291338
11
0.9429448818897638
21
0.9855748031496063
0
LINE
8
BLACK
6
CONTINUOUS
10
0.9429448818897638
20
0.9855748031496063
11
0.8878267716535433
21
0.9855748031496063
0
LINE
8
BLACK
6
CONTINUOUS
10
0.8878267716535433
20
0.9855748031496063
11
0.8866214566929134
21
0.9858145669291338
0
LINE
8
BLACK
6
CONTINUOUS
10
0.8866214566929134
20
0.9858145669291338
11
0.8855996456692913
21
0.9864972834645669
0
LINE
8
BLACK
6
CONTINUOUS
10
0.8855996456692913
20
0.9864972834645669
11
0.8849169291338582
21
0.987519094488189
0
LINE
8
BLACK
6
CONTINUOUS
10
0.8849169291338582
20
0.987519094488189
11
0.8846771653543307
21
0.9887244094488189
0
LINE
8
BLACK
6
CONTINUOUS
10
0.8846771653543307
20
0.9887244094488189
11
0.8846771653543307
21
1.000535433070866
0
LINE
8
BLACK
6
CONTINUOUS
10
0.8846771653543307
20
1.000535433070866
11
0.8849169291338582
21
1.0017407480314959
0
LINE
8
BLACK
6
CONTINUOUS
10
0.8849169291338582
20
1.0017407480314959
11
0.8855996456692913
21
1.0027625590551181
0
LINE
8
BLACK
6
CONTINUOUS
10
0.8855996456692913
20
1.0027625590551181
11
0.8866214566929134
21
1.0034452755905512
0
LINE
8
BLACK
6
CONTINUOUS
10
0.8866214566929134
20
1.0034452755905512
11
0.8878267716535433
21
1.0036850393700787
0
LINE
8
BLACK
6
CONTINUOUS
10
0.8878267716535433
20
1.0036850393700787
11
0.9429448818897638
21
1.0036850393700787
0
LINE
8
BLACK
6
CONTINUOUS
10
0.9429448818897638
20
1.0036850393700787
11
0.9441501968503937
21
1.0034452755905512
0
LINE
8
BLACK
6
CONTINUOUS
10
1.1173785433070866
20
1.0034452755905512
11
1.1184003543307086
21
1.0027625590551181
0
LINE
8
BLACK
6
CONTINUOUS
10
1.1184003543307086
20
1.0027625590551181
11
1.1190830708661417
21
1.0017407480314959
0
LINE
8
BLACK
6
CONTINUOUS
10
1.1190830708661417
20
1.0017407480314959
11
1.1193228346456692
21
1.000535433070866
0
LINE
8
BLACK
6
CONTINUOUS
10
1.1193228346456692
20
1.000535433070866
11
1.1193228346456692
21
0.9887244094488189
0
LINE
8
BLACK
6
CONTINUOUS
10
1.1193228346456692
20
0.9887244094488189
11
1.1190830708661417
21
0.987519094488189
0
LINE
8
BLACK
6
CONTINUOUS
10
1.1190830708661417
20
0.987519094488189
11
1.1184003543307086
21
0.9864972834645669
0
LINE
8
BLACK
6
CONTINUOUS
10
1.1184003543307086
20
0.9864972834645669
11
1.1173785433070866
21
0.9858145669291338
0
LINE
8
BLACK
6
CONTINUOUS
10
1.1173785433070866
20
0.9858145669291338
11
1.1161732283464567
21
0.9855748031496063
0
LINE
8
BLACK
6
CONTINUOUS
10
1.1161732283464567
20
0.9855748031496063
11
1.0610551181102361
21
0.9855748031496063
0
LINE
8
BLACK
6
CONTINUOUS
10
1.0610551181102361
20
0.9855748031496063
11
1.0598498031496062
21
0.9858145669291338
0
LINE
8
BLACK
6
CONTINUOUS
10
1.0598498031496062
20
0.9858145669291338
11
1.0588279921259842
21
0.9864972834645669
0
LINE
8
BLACK
6
CONTINUOUS
10
1.0588279921259842
20
0.9864972834645669
11
1.0581452755905512
21
0.987519094488189
0
LINE
8
BLACK
6
CONTINUOUS
10
1.0581452755905512
20
0.987519094488189
11
1.0579055118110237
21
0.9887244094488189
0
LINE
8
BLACK
6
CONTINUOUS
10
1.0579055118110237
20
0.9887244094488189
11
1.0579055118110237
21
1.000535433070866
0
LINE
8
BLACK
6
CONTINUOUS
10
1.0579055118110237
20
1.000535433070866
11
1.0581452755905512
21
1.0017407480314959
0
LINE
8
BLACK
6
CONTINUOUS
10
1.0581452755905512
20
1.0017407480314959
11
1.0588279921259842
21
1.0027625590551181
0
LINE
8
BLACK
6
CONTINUOUS
10
1.0588279921259842
20
1.0027625590551181
11
1.0598498031496062
21
1.0034452755905512
0
LINE
8
BLACK
6
CONTINUOUS
10
1.0598498031496062
20
1.0034452755905512
11
1.0610551181102361
21
1.0036850393700787
0
LINE
8
BLACK
6
CONTINUOUS
10
1.0610551181102361
20
1.0036850393700787
11
1.1161732283464567
21
1.0036850393700787
0
LINE
8
BLACK
6
CONTINUOUS
10
1.1161732283464567
20
1.0036850393700787
11
1.1173785433070866
21
1.0034452755905512
0
LINE
8
BLACK
6
CONTINUOUS
10
0.4299297244094488
20
1.003657874015748
11
0.4309515354330709
21
1.002975157480315
0
LINE
8
BLACK
6
CONTINUOUS
10
0.4309515354330709
20
1.002975157480315
11
0.4316342519685039
21
1.001953346456693
0
LINE
8
BLACK
6
CONTINUOUS
10
0.4316342519685039
20
1.001953346456693
11
0.4318740157480315
21
1.0007480314960631
0
LINE
8
BLACK
6
CONTINUOUS
10
0.4318740157480315
20
1.0007480314960631
11
0.4318740157480315
21
0.9889370078740157
0
LINE
8
BLACK
6
CONTINUOUS
10
0.4318740157480315
20
0.9889370078740157
11
0.4316342519685039
21
0.9877316929133858
0
LINE
8
BLACK
6
CONTINUOUS
10
0.4316342519685039
20
0.9877316929133858
11
0.4309515354330709
21
0.9867098818897637
0
LINE
8
BLACK
6
CONTINUOUS
10
0.4309515354330709
20
0.9867098818897637
11
0.4299297244094488
21
0.9860271653543307
0
LINE
8
BLACK
6
CONTINUOUS
10
0.4299297244094488
20
0.9860271653543307
11
0.4287244094488189
21
0.9857874015748032
0
LINE
8
BLACK
6
CONTINUOUS
10
0.4287244094488189
20
0.9857874015748032
11
0.3972283464566929
21
0.9857874015748032
0
LINE
8
BLACK
6
CONTINUOUS
10
0.3972283464566929
20
0.9857874015748032
11
0.396023031496063
21
0.9860271653543307
0
LINE
8
BLACK
6
CONTINUOUS
10
0.396023031496063
20
0.9860271653543307
11
0.395001220472441
21
0.9867098818897637
0
LINE
8
BLACK
6
CONTINUOUS
10
0.395001220472441
20
0.9867098818897637
11
0.3943185039370078
21
0.9877316929133858
0
LINE
8
BLACK
6
CONTINUOUS
10
0.3943185039370078
20
0.9877316929133858
11
0.3940787401574803
21
0.9889370078740157
0
LINE
8
BLACK
6
CONTINUOUS
10
0.3940787401574803
20
0.9889370078740157
11
0.3940787401574803
21
1.0007480314960631
0
LINE
8
BLACK
6
CONTINUOUS
10
0.3940787401574803
20
1.0007480314960631
11
0.3943185039370078
21
1.001953346456693
0
LINE
8
BLACK
6
CONTINUOUS
10
0.3943185039370078
20
1.001953346456693
11
0.395001220472441
21
1.002975157480315
0
LINE
8
BLACK
6
CONTINUOUS
10
0.395001220472441
20
1.002975157480315
11
0.396023031496063
21
1.003657874015748
0
LINE
8
BLACK
6
CONTINUOUS
10
0.396023031496063
20
1.003657874015748
11
0.3972283464566929
21
1.0038976377952755
0
LINE
8
BLACK
6
CONTINUOUS
10
0.3972283464566929
20
1.0038976377952755
11
0.4287244094488189
21
1.0038976377952755
0
LINE
8
BLACK
6
CONTINUOUS
10
0.4287244094488189
20
1.0038976377952755
11
0.4299297244094488
21
1.003657874015748
0
LINE
8
BLACK
6
CONTINUOUS
10
0.551976968503937
20
1.003657874015748
11
0.552998779527559
21
1.002975157480315
0
LINE
8
BLACK
6
CONTINUOUS
10
0.552998779527559
20
1.002975157480315
11
0.5536814960629921
21
1.001953346456693
0
LINE
8
BLACK
6
CONTINUOUS
10
0.5536814960629921
20
1.001953346456693
11
0.5539212598425197
21
1.0007480314960631
0
LINE
8
BLACK
6
CONTINUOUS
10
0.5539212598425197
20
1.0007480314960631
11
0.5539212598425197
21
0.9889370078740157
0
LINE
8
BLACK
6
CONTINUOUS
10
0.5539212598425197
20
0.9889370078740157
11
0.5536814960629921
21
0.9877316929133858
0
LINE
8
BLACK
6
CONTINUOUS
10
0.5536814960629921
20
0.9877316929133858
11
0.552998779527559
21
0.9867098818897637
0
LINE
8
BLACK
6
CONTINUOUS
10
0.552998779527559
20
0.9867098818897637
11
0.551976968503937
21
0.9860271653543307
0
LINE
8
BLACK
6
CONTINUOUS
10
0.551976968503937
20
0.9860271653543307
11
0.550771653543307
21
0.9857874015748032
0
LINE
8
BLACK
6
CONTINUOUS
10
0.550771653543307
20
0.9857874015748032
11
0.5192755905511811
21
0.9857874015748032
0
LINE
8
BLACK
6
CONTINUOUS
10
0.5192755905511811
20
0.9857874015748032
11
0.5180702755905512
21
0.9860271653543307
0
LINE
8
BLACK
6
CONTINUOUS
10
0.5180702755905512
20
0.9860271653543307
11
0.5170484645669291
21
0.9867098818897637
0
LINE
8
BLACK
6
CONTINUOUS
10
0.5170484645669291
20
0.9867098818897637
11
0.516365748031496
21
0.9877316929133858
0
LINE
8
BLACK
6
CONTINUOUS
10
0.516365748031496
20
0.9877316929133858
11
0.5161259842519685
21
0.9889370078740157
0
LINE
8
BLACK
6
CONTINUOUS
10
0.5161259842519685
20
0.9889370078740157
11
0.5161259842519685
21
1.0007480314960631
0
LINE
8
BLACK
6
CONTINUOUS
10
0.5161259842519685
20
1.0007480314960631
11
0.516365748031496
21
1.001953346456693
0
LINE
8
BLACK
6
CONTINUOUS
10
0.516365748031496
20
1.001953346456693
11
0.5170484645669291
21
1.002975157480315
0
LINE
8
BLACK
6
CONTINUOUS
10
0.5170484645669291
20
1.002975157480315
11
0.5180702755905512
21
1.003657874015748
0
LINE
8
BLACK
6
CONTINUOUS
10
0.5180702755905512
20
1.003657874015748
11
0.5192755905511811
21
1.0038976377952755
0
LINE
8
BLACK
6
CONTINUOUS
10
0.5192755905511811
20
1.0038976377952755
11
0.550771653543307
21
1.0038976377952755
0
LINE
8
BLACK
6
CONTINUOUS
10
0.550771653543307
20
1.0038976377952755
11
0.551976968503937
21
1.003657874015748
0
LINE
8
BLACK
6
CONTINUOUS
10
2.0678589370078742
20
1.0302713385826772
11
2.0707966535433071
21
1.0283084645669291
0
LINE
8
BLACK
6
CONTINUOUS
10
2.0707966535433071
20
1.0283084645669291
11
2.0727595275590551
21
1.025370748031496
0
LINE
8
BLACK
6
CONTINUOUS
10
2.0727595275590551
20
1.025370748031496
11
2.0734488188976377
21
1.0219055118110236
0
LINE
8
BLACK
6
CONTINUOUS
10
2.0734488188976377
20
1.0219055118110236
11
2.0734488188976377
21
1.0100944881889764
0
LINE
8
BLACK
6
CONTINUOUS
10
2.0734488188976377
20
1.0100944881889764
11
2.0727595275590551
21
1.0066292519685038
0
LINE
8
BLACK
6
CONTINUOUS
10
2.0727595275590551
20
1.0066292519685038
11
2.0707966535433071
21
1.0036915354330709
0
LINE
8
BLACK
6
CONTINUOUS
10
2.0707966535433071
20
1.0036915354330709
11
2.0678589370078742
21
1.0017286614173229
0
LINE
8
BLACK
6
CONTINUOUS
10
2.0678589370078742
20
1.0017286614173229
11
2.0643937007874014
21
1.0010393700787401
0
LINE
8
BLACK
6
CONTINUOUS
10
2.0643937007874014
20
1.0010393700787401
11
2.0240393700787402
21
1.0010393700787401
0
LINE
8
BLACK
6
CONTINUOUS
10
2.0240393700787402
20
1.0010393700787401
11
2.0205741338582675
21
1.0017286614173229
0
LINE
8
BLACK
6
CONTINUOUS
10
2.0205741338582675
20
1.0017286614173229
11
2.0176364173228345
21
1.0036915354330709
0
LINE
8
BLACK
6
CONTINUOUS
10
2.0176364173228345
20
1.0036915354330709
11
2.0156735433070865
21
1.0066292519685038
0
LINE
8
BLACK
6
CONTINUOUS
10
2.0156735433070865
20
1.0066292519685038
11
2.0149842519685039
21
1.0100944881889764
0
LINE
8
BLACK
6
CONTINUOUS
10
2.0149842519685039
20
1.0100944881889764
11
2.0149842519685039
21
1.0219055118110236
0
LINE
8
BLACK
6
CONTINUOUS
10
2.0149842519685039
20
1.0219055118110236
11
2.0156735433070865
21
1.025370748031496
0
LINE
8
BLACK
6
CONTINUOUS
10
2.0156735433070865
20
1.025370748031496
11
2.0176364173228345
21
1.0283084645669291
0
LINE
8
BLACK
6
CONTINUOUS
10
2.0176364173228345
20
1.0283084645669291
11
2.0205741338582675
21
1.0302713385826772
0
LINE
8
BLACK
6
CONTINUOUS
10
2.0205741338582675
20
1.0302713385826772
11
2.0240393700787402
21
1.0309606299212599
0
LINE
8
BLACK
6
CONTINUOUS
10
2.0240393700787402
20
1.0309606299212599
11
2.0643937007874014
21
1.0309606299212599
0
LINE
8
BLACK
6
CONTINUOUS
10
2.0643937007874014
20
1.0309606299212599
11
2.0678589370078742
21
1.0302713385826772
0
LINE
8
BLACK
6
CONTINUOUS
10
2.3195046062992124
20
1.0302713385826772
11
2.3224423228346458
21
1.0283084645669291
0
LINE
8
BLACK
6
CONTINUOUS
10
2.3224423228346458
20
1.0283084645669291
11
2.3244051968503938
21
1.025370748031496
0
LINE
8
BLACK
6
CONTINUOUS
10
2.3244051968503938
20
1.025370748031496
11
2.3250944881889763
21
1.0219055118110236
0
LINE
8
BLACK
6
CONTINUOUS
10
2.3250944881889763
20
1.0219055118110236
11
2.3250944881889763
21
1.0100944881889764
0
LINE
8
BLACK
6
CONTINUOUS
10
2.3250944881889763
20
1.0100944881889764
11
2.3244051968503938
21
1.0066292519685038
0
LINE
8
BLACK
6
CONTINUOUS
10
2.3244051968503938
20
1.0066292519685038
11
2.3224423228346458
21
1.0036915354330709
0
LINE
8
BLACK
6
CONTINUOUS
10
2.3224423228346458
20
1.0036915354330709
11
2.3195046062992124
21
1.0017286614173229
0
LINE
8
BLACK
6
CONTINUOUS
10
2.3195046062992124
20
1.0017286614173229
11
2.3160393700787401
21
1.0010393700787401
0
LINE
8
BLACK
6
CONTINUOUS
10
2.3160393700787401
20
1.0010393700787401
11
2.2697795275590549
21
1.0010393700787401
0
LINE
8
BLACK
6
CONTINUOUS
10
2.2697795275590549
20
1.0010393700787401
11
2.2663142913385825
21
1.0017286614173229
0
LINE
8
BLACK
6
CONTINUOUS
10
2.2663142913385825
20
1.0017286614173229
11
2.2633765748031496
21
1.0036915354330709
0
LINE
8
BLACK
6
CONTINUOUS
10
2.2633765748031496
20
1.0036915354330709
11
2.2614137007874016
21
1.0066292519685038
0
LINE
8
BLACK
6
CONTINUOUS
10
2.2614137007874016
20
1.0066292519685038
11
2.260724409448819
21
1.0100944881889764
0
LINE
8
BLACK
6
CONTINUOUS
10
2.260724409448819
20
1.0100944881889764
11
2.260724409448819
21
1.0219055118110236
0
LINE
8
BLACK
6
CONTINUOUS
10
2.260724409448819
20
1.0219055118110236
11
2.2614137007874016
21
1.025370748031496
0
LINE
8
BLACK
6
CONTINUOUS
10
2.2614137007874016
20
1.025370748031496
11
2.2633765748031496
21
1.0283084645669291
0
LINE
8
BLACK
6
CONTINUOUS
10
2.2633765748031496
20
1.0283084645669291
11
2.2663142913385825
21
1.0302713385826772
0
LINE
8
BLACK
6
CONTINUOUS
10
2.2663142913385825
20
1.0302713385826772
11
2.2697795275590549
21
1.0309606299212599
0
LINE
8
BLACK
6
CONTINUOUS
10
2.2697795275590549
20
1.0309606299212599
11
2.3160393700787401
21
1.0309606299212599
0
LINE
8
BLACK
6
CONTINUOUS
10
2.3160393700787401
20
1.0309606299212599
11
2.3195046062992124
21
1.0302713385826772
0
LINE
8
BLACK
6
CONTINUOUS
10
0.9441501968503937
20
1.0231303149606299
11
0.9451720078740157
21
1.0224475984251968
0
LINE
8
BLACK
6
CONTINUOUS
10
0.9451720078740157
20
1.0224475984251968
11
0.9458547244094488
21
1.0214257874015749
0
LINE
8
BLACK
6
CONTINUOUS
10
0.9458547244094488
20
1.0214257874015749
11
0.9460944881889763
21
1.0202204724409449
0
LINE
8
BLACK
6
CONTINUOUS
10
0.9460944881889763
20
1.0202204724409449
11
0.9460944881889763
21
1.0084094488188977
0
LINE
8
BLACK
6
CONTINUOUS
10
0.9460944881889763
20
1.0084094488188977
11
0.9458547244094488
21
1.0072041338582678
0
LINE
8
BLACK
6
CONTINUOUS
10
0.9458547244094488
20
1.0072041338582678
11
0.9451720078740157
21
1.0061823228346456
0
LINE
8
BLACK
6
CONTINUOUS
10
0.9451720078740157
20
1.0061823228346456
11
0.9441501968503937
21
1.0054996062992125
0
LINE
8
BLACK
6
CONTINUOUS
10
0.9441501968503937
20
1.0054996062992125
11
0.9429448818897638
21
1.005259842519685
0
LINE
8
BLACK
6
CONTINUOUS
10
0.9429448818897638
20
1.005259842519685
11
0.8878267716535433
21
1.005259842519685
0
LINE
8
BLACK
6
CONTINUOUS
10
0.8878267716535433
20
1.005259842519685
11
0.8866214566929134
21
1.0054996062992125
0
LINE
8
BLACK
6
CONTINUOUS
10
0.8866214566929134
20
1.0054996062992125
11
0.8855996456692913
21
1.0061823228346456
0
LINE
8
BLACK
6
CONTINUOUS
10
0.8855996456692913
20
1.0061823228346456
11
0.8849169291338582
21
1.0072041338582678
0
LINE
8
BLACK
6
CONTINUOUS
10
0.8849169291338582
20
1.0072041338582678
11
0.8846771653543307
21
1.0084094488188977
0
LINE
8
BLACK
6
CONTINUOUS
10
0.8846771653543307
20
1.0084094488188977
11
0.8846771653543307
21
1.0202204724409449
0
LINE
8
BLACK
6
CONTINUOUS
10
0.8846771653543307
20
1.0202204724409449
11
0.8849169291338582
21
1.0214257874015749
0
LINE
8
BLACK
6
CONTINUOUS
10
0.8849169291338582
20
1.0214257874015749
11
0.8855996456692913
21
1.0224475984251968
0
LINE
8
BLACK
6
CONTINUOUS
10
0.8855996456692913
20
1.0224475984251968
11
0.8866214566929134
21
1.0231303149606299
0
LINE
8
BLACK
6
CONTINUOUS
10
0.8866214566929134
20
1.0231303149606299
11
0.8878267716535433
21
1.0233700787401574
0
LINE
8
BLACK
6
CONTINUOUS
10
0.8878267716535433
20
1.0233700787401574
11
0.9429448818897638
21
1.0233700787401574
0
LINE
8
BLACK
6
CONTINUOUS
10
0.9429448818897638
20
1.0233700787401574
11
0.9441501968503937
21
1.0231303149606299
0
LINE
8
BLACK
6
CONTINUOUS
10
1.1173785433070866
20
1.0231303149606299
11
1.1184003543307086
21
1.0224475984251968
0
LINE
8
BLACK
6
CONTINUOUS
10
1.1184003543307086
20
1.0224475984251968
11
1.1190830708661417
21
1.0214257874015749
0
LINE
8
BLACK
6
CONTINUOUS
10
1.1190830708661417
20
1.0214257874015749
11
1.1193228346456692
21
1.0202204724409449
0
LINE
8
BLACK
6
CONTINUOUS
10
1.1193228346456692
20
1.0202204724409449
11
1.1193228346456692
21
1.0084094488188977
0
LINE
8
BLACK
6
CONTINUOUS
10
1.1193228346456692
20
1.0084094488188977
11
1.1190830708661417
21
1.0072041338582678
0
LINE
8
BLACK
6
CONTINUOUS
10
1.1190830708661417
20
1.0072041338582678
11
1.1184003543307086
21
1.0061823228346456
0
LINE
8
BLACK
6
CONTINUOUS
10
1.1184003543307086
20
1.0061823228346456
11
1.1173785433070866
21
1.0054996062992125
0
LINE
8
BLACK
6
CONTINUOUS
10
1.1173785433070866
20
1.0054996062992125
11
1.1161732283464567
21
1.005259842519685
0
LINE
8
BLACK
6
CONTINUOUS
10
1.1161732283464567
20
1.005259842519685
11
1.0610551181102361
21
1.005259842519685
0
LINE
8
BLACK
6
CONTINUOUS
10
1.0610551181102361
20
1.005259842519685
11
1.0598498031496062
21
1.0054996062992125
0
LINE
8
BLACK
6
CONTINUOUS
10
1.0598498031496062
20
1.0054996062992125
11
1.0588279921259842
21
1.0061823228346456
0
LINE
8
BLACK
6
CONTINUOUS
10
1.0588279921259842
20
1.0061823228346456
11
1.0581452755905512
21
1.0072041338582678
0
LINE
8
BLACK
6
CONTINUOUS
10
1.0581452755905512
20
1.0072041338582678
11
1.0579055118110237
21
1.0084094488188977
0
LINE
8
BLACK
6
CONTINUOUS
10
1.0579055118110237
20
1.0084094488188977
11
1.0579055118110237
21
1.0202204724409449
0
LINE
8
BLACK
6
CONTINUOUS
10
1.0579055118110237
20
1.0202204724409449
11
1.0581452755905512
21
1.0214257874015749
0
LINE
8
BLACK
6
CONTINUOUS
10
1.0581452755905512
20
1.0214257874015749
11
1.0588279921259842
21
1.0224475984251968
0
LINE
8
BLACK
6
CONTINUOUS
10
1.0588279921259842
20
1.0224475984251968
11
1.0598498031496062
21
1.0231303149606299
0
LINE
8
BLACK
6
CONTINUOUS
10
1.0598498031496062
20
1.0231303149606299
11
1.0610551181102361
21
1.0233700787401574
0
LINE
8
BLACK
6
CONTINUOUS
10
1.0610551181102361
20
1.0233700787401574
11
1.1161732283464567
21
1.0233700787401574
0
LINE
8
BLACK
6
CONTINUOUS
10
1.1161732283464567
20
1.0233700787401574
11
1.1173785433070866
21
1.0231303149606299
0
LINE
8
BLACK
6
CONTINUOUS
10
0.4299297244094488
20
1.0233429133858267
11
0.4309515354330709
21
1.0226601968503937
0
LINE
8
BLACK
6
CONTINUOUS
10
0.4309515354330709
20
1.0226601968503937
11
0.4316342519685039
21
1.0216383858267717
0
LINE
8
BLACK
6
CONTINUOUS
10
0.4316342519685039
20
1.0216383858267717
11
0.4318740157480315
21
1.0204330708661418
0
LINE
8
BLACK
6
CONTINUOUS
10
0.4318740157480315
20
1.0204330708661418
11
0.4318740157480315
21
1.0086220472440945
0
LINE
8
BLACK
6
CONTINUOUS
10
0.4318740157480315
20
1.0086220472440945
11
0.4316342519685039
21
1.0074167322834646
0
LINE
8
BLACK
6
CONTINUOUS
10
0.4316342519685039
20
1.0074167322834646
11
0.4309515354330709
21
1.0063949212598424
0
LINE
8
BLACK
6
CONTINUOUS
10
0.4309515354330709
20
1.0063949212598424
11
0.4299297244094488
21
1.0057122047244094
0
LINE
8
BLACK
6
CONTINUOUS
10
0.4299297244094488
20
1.0057122047244094
11
0.4287244094488189
21
1.0054724409448819
0
LINE
8
BLACK
6
CONTINUOUS
10
0.4287244094488189
20
1.0054724409448819
11
0.3972283464566929
21
1.0054724409448819
0
LINE
8
BLACK
6
CONTINUOUS
10
0.3972283464566929
20
1.0054724409448819
11
0.396023031496063
21
1.0057122047244094
0
LINE
8
BLACK
6
CONTINUOUS
10
0.396023031496063
20
1.0057122047244094
11
0.395001220472441
21
1.0063949212598424
0
LINE
8
BLACK
6
CONTINUOUS
10
0.395001220472441
20
1.0063949212598424
11
0.3943185039370078
21
1.0074167322834646
0
LINE
8
BLACK
6
CONTINUOUS
10
0.3943185039370078
20
1.0074167322834646
11
0.3940787401574803
21
1.0086220472440945
0
LINE
8
BLACK
6
CONTINUOUS
10
0.3940787401574803
20
1.0086220472440945
11
0.3940787401574803
21
1.0204330708661418
0
LINE
8
BLACK
6
CONTINUOUS
10
0.3940787401574803
20
1.0204330708661418
11
0.3943185039370078
21
1.0216383858267717
0
LINE
8
BLACK
6
CONTINUOUS
10
0.3943185039370078
20
1.0216383858267717
11
0.395001220472441
21
1.0226601968503937
0
LINE
8
BLACK
6
CONTINUOUS
10
0.395001220472441
20
1.0226601968503937
11
0.396023031496063
21
1.0233429133858267
0
LINE
8
BLACK
6
CONTINUOUS
10
0.396023031496063
20
1.0233429133858267
11
0.3972283464566929
21
1.0235826771653542
0
LINE
8
BLACK
6
CONTINUOUS
10
0.3972283464566929
20
1.0235826771653542
11
0.4287244094488189
21
1.0235826771653542
0
LINE
8
BLACK
6
CONTINUOUS
10
0.4287244094488189
20
1.0235826771653542
11
0.4299297244094488
21
1.0233429133858267
0
LINE
8
BLACK
6
CONTINUOUS
10
0.551976968503937
20
1.0233429133858267
11
0.552998779527559
21
1.0226601968503937
0
LINE
8
BLACK
6
CONTINUOUS
10
0.552998779527559
20
1.0226601968503937
11
0.5536814960629921
21
1.0216383858267717
0
LINE
8
BLACK
6
CONTINUOUS
10
0.5536814960629921
20
1.0216383858267717
11
0.5539212598425197
21
1.0204330708661418
0
LINE
8
BLACK
6
CONTINUOUS
10
0.5539212598425197
20
1.0204330708661418
11
0.5539212598425197
21
1.0086220472440945
0
LINE
8
BLACK
6
CONTINUOUS
10
0.5539212598425197
20
1.0086220472440945
11
0.5536814960629921
21
1.0074167322834646
0
LINE
8
BLACK
6
CONTINUOUS
10
0.5536814960629921
20
1.0074167322834646
11
0.552998779527559
21
1.0063949212598424
0
LINE
8
BLACK
6
CONTINUOUS
10
0.552998779527559
20
1.0063949212598424
11
0.551976968503937
21
1.0057122047244094
0
LINE
8
BLACK
6
CONTINUOUS
10
0.551976968503937
20
1.0057122047244094
11
0.550771653543307
21
1.0054724409448819
0
LINE
8
BLACK
6
CONTINUOUS
10
0.550771653543307
20
1.0054724409448819
11
0.5192755905511811
21
1.0054724409448819
0
LINE
8
BLACK
6
CONTINUOUS
10
0.5192755905511811
20
1.0054724409448819
11
0.5180702755905512
21
1.0057122047244094
0
LINE
8
BLACK
6
CONTINUOUS
10
0.5180702755905512
20
1.0057122047244094
11
0.5170484645669291
21
1.0063949212598424
0
LINE
8
BLACK
6
CONTINUOUS
10
0.5170484645669291
20
1.0063949212598424
11
0.516365748031496
21
1.0074167322834646
0
LINE
8
BLACK
6
CONTINUOUS
10
0.516365748031496
20
1.0074167322834646
11
0.5161259842519685
21
1.0086220472440945
0
LINE
8
BLACK
6
CONTINUOUS
10
0.5161259842519685
20
1.0086220472440945
11
0.5161259842519685
21
1.0204330708661418
0
LINE
8
BLACK
6
CONTINUOUS
10
0.5161259842519685
20
1.0204330708661418
11
0.516365748031496
21
1.0216383858267717
0
LINE
8
BLACK
6
CONTINUOUS
10
0.516365748031496
20
1.0216383858267717
11
0.5170484645669291
21
1.0226601968503937
0
LINE
8
BLACK
6
CONTINUOUS
10
0.5170484645669291
20
1.0226601968503937
11
0.5180702755905512
21
1.0233429133858267
0
LINE
8
BLACK
6
CONTINUOUS
10
0.5180702755905512
20
1.0233429133858267
11
0.5192755905511811
21
1.0235826771653542
0
LINE
8
BLACK
6
CONTINUOUS
10
0.5192755905511811
20
1.0235826771653542
11
0.550771653543307
21
1.0235826771653542
0
LINE
8
BLACK
6
CONTINUOUS
10
0.550771653543307
20
1.0235826771653542
11
0.551976968503937
21
1.0233429133858267
0
LINE
8
BLACK
6
CONTINUOUS
10
2.6068035433070866
20
1.0872502362204723
11
2.6108929133858267
21
1.0853433070866141
0
LINE
8
BLACK
6
CONTINUOUS
10
2.6108929133858267
20
1.0853433070866141
11
2.6140834645669289
21
1.0821527559055117
0
LINE
8
BLACK
6
CONTINUOUS
10
2.6140834645669289
20
1.0821527559055117
11
2.6159903937007876
21
1.0780633858267716
0
LINE
8
BLACK
6
CONTINUOUS
10
2.6159903937007876
20
1.0780633858267716
11
2.6164330708661416
21
1.0747007874015748
0
LINE
8
BLACK
6
CONTINUOUS
10
2.6164330708661416
20
1.0747007874015748
11
2.6164330708661416
21
1.0372992125984253
0
LINE
8
BLACK
6
CONTINUOUS
10
2.6164330708661416
20
1.0372992125984253
11
2.6159903937007876
21
1.0339366141732282
0
LINE
8
BLACK
6
CONTINUOUS
10
2.6159903937007876
20
1.0339366141732282
11
2.6140834645669289
21
1.0298472440944881
0
LINE
8
BLACK
6
CONTINUOUS
10
2.6140834645669289
20
1.0298472440944881
11
2.6108929133858267
21
1.0266566929133858
0
LINE
8
BLACK
6
CONTINUOUS
10
2.6108929133858267
20
1.0266566929133858
11
2.6068035433070866
21
1.0247497637795275
0
LINE
8
BLACK
6
CONTINUOUS
10
2.6068035433070866
20
1.0247497637795275
11
2.6034409448818896
21
1.0243070866141732
0
LINE
8
BLACK
6
CONTINUOUS
10
2.6034409448818896
20
1.0243070866141732
11
2.5837559055118109
21
1.0243070866141732
0
LINE
8
BLACK
6
CONTINUOUS
10
2.5837559055118109
20
1.0243070866141732
11
2.5803933070866143
21
1.0247497637795275
0
LINE
8
BLACK
6
CONTINUOUS
10
2.5803933070866143
20
1.0247497637795275
11
2.5763039370078737
21
1.0266566929133858
0
LINE
8
BLACK
6
CONTINUOUS
10
2.5763039370078737
20
1.0266566929133858
11
2.5731133858267716
21
1.0298472440944881
0
LINE
8
BLACK
6
CONTINUOUS
10
2.5731133858267716
20
1.0298472440944881
11
2.5712064566929134
21
1.0339366141732282
0
LINE
8
BLACK
6
CONTINUOUS
10
2.5712064566929134
20
1.0339366141732282
11
2.5707637795275589
21
1.0372992125984253
0
LINE
8
BLACK
6
CONTINUOUS
10
2.5707637795275589
20
1.0372992125984253
11
2.5707637795275589
21
1.0747007874015748
0
LINE
8
BLACK
6
CONTINUOUS
10
2.5707637795275589
20
1.0747007874015748
11
2.5712064566929134
21
1.0780633858267716
0
LINE
8
BLACK
6
CONTINUOUS
10
2.5712064566929134
20
1.0780633858267716
11
2.5731133858267716
21
1.0821527559055117
0
LINE
8
BLACK
6
CONTINUOUS
10
2.5731133858267716
20
1.0821527559055117
11
2.5763039370078737
21
1.0853433070866141
0
LINE
8
BLACK
6
CONTINUOUS
10
2.5763039370078737
20
1.0853433070866141
11
2.5803933070866143
21
1.0872502362204723
0
LINE
8
BLACK
6
CONTINUOUS
10
2.5803933070866143
20
1.0872502362204723
11
2.5837559055118109
21
1.0876929133858269
0
LINE
8
BLACK
6
CONTINUOUS
10
2.5837559055118109
20
1.0876929133858269
11
2.6034409448818896
21
1.0876929133858269
0
LINE
8
BLACK
6
CONTINUOUS
10
2.6034409448818896
20
1.0876929133858269
11
2.6068035433070866
21
1.0872502362204723
0
LINE
8
BLACK
6
CONTINUOUS
10
2.6816066929133857
20
1.0872502362204723
11
2.6856960629921258
21
1.0853433070866141
0
LINE
8
BLACK
6
CONTINUOUS
10
2.6856960629921258
20
1.0853433070866141
11
2.6888866141732284
21
1.0821527559055117
0
LINE
8
BLACK
6
CONTINUOUS
10
2.6888866141732284
20
1.0821527559055117
11
2.6907935433070866
21
1.0780633858267716
0
LINE
8
BLACK
6
CONTINUOUS
10
2.6907935433070866
20
1.0780633858267716
11
2.6912362204724407
21
1.0747007874015748
0
LINE
8
BLACK
6
CONTINUOUS
10
2.6912362204724407
20
1.0747007874015748
11
2.6912362204724407
21
1.0372992125984253
0
LINE
8
BLACK
6
CONTINUOUS
10
2.6912362204724407
20
1.0372992125984253
11
2.6907935433070866
21
1.0339366141732282
0
LINE
8
BLACK
6
CONTINUOUS
10
2.6907935433070866
20
1.0339366141732282
11
2.6888866141732284
21
1.0298472440944881
0
LINE
8
BLACK
6
CONTINUOUS
10
2.6888866141732284
20
1.0298472440944881
11
2.6856960629921258
21
1.0266566929133858
0
LINE
8
BLACK
6
CONTINUOUS
10
2.6856960629921258
20
1.0266566929133858
11
2.6816066929133857
21
1.0247497637795275
0
LINE
8
BLACK
6
CONTINUOUS
10
2.6816066929133857
20
1.0247497637795275
11
2.6782440944881891
21
1.0243070866141732
0
LINE
8
BLACK
6
CONTINUOUS
10
2.6782440944881891
20
1.0243070866141732
11
2.65855905511811
21
1.0243070866141732
0
LINE
8
BLACK
6
CONTINUOUS
10
2.65855905511811
20
1.0243070866141732
11
2.6551964566929134
21
1.0247497637795275
0
LINE
8
BLACK
6
CONTINUOUS
10
2.6551964566929134
20
1.0247497637795275
11
2.6511070866141733
21
1.0266566929133858
0
LINE
8
BLACK
6
CONTINUOUS
10
2.6511070866141733
20
1.0266566929133858
11
2.6479165354330707
21
1.0298472440944881
0
LINE
8
BLACK
6
CONTINUOUS
10
2.6479165354330707
20
1.0298472440944881
11
2.6460096062992124
21
1.0339366141732282
0
LINE
8
BLACK
6
CONTINUOUS
10
2.6460096062992124
20
1.0339366141732282
11
2.6455669291338584
21
1.0372992125984253
0
LINE
8
BLACK
6
CONTINUOUS
10
2.6455669291338584
20
1.0372992125984253
11
2.6455669291338584
21
1.0747007874015748
0
LINE
8
BLACK
6
CONTINUOUS
10
2.6455669291338584
20
1.0747007874015748
11
2.6460096062992124
21
1.0780633858267716
0
LINE
8
BLACK
6
CONTINUOUS
10
2.6460096062992124
20
1.0780633858267716
11
2.6479165354330707
21
1.0821527559055117
0
LINE
8
BLACK
6
CONTINUOUS
10
2.6479165354330707
20
1.0821527559055117
11
2.6511070866141733
21
1.0853433070866141
0
LINE
8
BLACK
6
CONTINUOUS
10
2.6511070866141733
20
1.0853433070866141
11
2.6551964566929134
21
1.0872502362204723
0
LINE
8
BLACK
6
CONTINUOUS
10
2.6551964566929134
20
1.0872502362204723
11
2.65855905511811
21
1.0876929133858269
0
LINE
8
BLACK
6
CONTINUOUS
10
2.65855905511811
20
1.0876929133858269
11
2.6782440944881891
21
1.0876929133858269
0
LINE
8
BLACK
6
CONTINUOUS
10
2.6782440944881891
20
1.0876929133858269
11
2.6816066929133857
21
1.0872502362204723
0
LINE
8
BLACK
6
CONTINUOUS
10
0.9441501968503937
20
1.0428153543307086
11
0.9451720078740157
21
1.0421326377952755
0
LINE
8
BLACK
6
CONTINUOUS
10
0.9451720078740157
20
1.0421326377952755
11
0.9458547244094488
21
1.0411108267716536
0
LINE
8
BLACK
6
CONTINUOUS
10
0.9458547244094488
20
1.0411108267716536
11
0.9460944881889763
21
1.0399055118110236
0
LINE
8
BLACK
6
CONTINUOUS
10
0.9460944881889763
20
1.0399055118110236
11
0.9460944881889763
21
1.0280944881889764
0
LINE
8
BLACK
6
CONTINUOUS
10
0.9460944881889763
20
1.0280944881889764
11
0.9458547244094488
21
1.0268891732283465
0
LINE
8
BLACK
6
CONTINUOUS
10
0.9458547244094488
20
1.0268891732283465
11
0.9451720078740157
21
1.0258673622047243
0
LINE
8
BLACK
6
CONTINUOUS
10
0.9451720078740157
20
1.0258673622047243
11
0.9441501968503937
21
1.0251846456692912
0
LINE
8
BLACK
6
CONTINUOUS
10
0.9441501968503937
20
1.0251846456692912
11
0.9429448818897638
21
1.0249448818897637
0
LINE
8
BLACK
6
CONTINUOUS
10
0.9429448818897638
20
1.0249448818897637
11
0.8878267716535433
21
1.0249448818897637
0
LINE
8
BLACK
6
CONTINUOUS
10
0.8878267716535433
20
1.0249448818897637
11
0.8866214566929134
21
1.0251846456692912
0
LINE
8
BLACK
6
CONTINUOUS
10
0.8866214566929134
20
1.0251846456692912
11
0.8855996456692913
21
1.0258673622047243
0
LINE
8
BLACK
6
CONTINUOUS
10
0.8855996456692913
20
1.0258673622047243
11
0.8849169291338582
21
1.0268891732283465
0
LINE
8
BLACK
6
CONTINUOUS
10
0.8849169291338582
20
1.0268891732283465
11
0.8846771653543307
21
1.0280944881889764
0
LINE
8
BLACK
6
CONTINUOUS
10
0.8846771653543307
20
1.0280944881889764
11
0.8846771653543307
21
1.0399055118110236
0
LINE
8
BLACK
6
CONTINUOUS
10
0.8846771653543307
20
1.0399055118110236
11
0.8849169291338582
21
1.0411108267716536
0
LINE
8
BLACK
6
CONTINUOUS
10
0.8849169291338582
20
1.0411108267716536
11
0.8855996456692913
21
1.0421326377952755
0
LINE
8
BLACK
6
CONTINUOUS
10
0.8855996456692913
20
1.0421326377952755
11
0.8866214566929134
21
1.0428153543307086
0
LINE
8
BLACK
6
CONTINUOUS
10
0.8866214566929134
20
1.0428153543307086
11
0.8878267716535433
21
1.0430551181102361
0
LINE
8
BLACK
6
CONTINUOUS
10
0.8878267716535433
20
1.0430551181102361
11
0.9429448818897638
21
1.0430551181102361
0
LINE
8
BLACK
6
CONTINUOUS
10
0.9429448818897638
20
1.0430551181102361
11
0.9441501968503937
21
1.0428153543307086
0
LINE
8
BLACK
6
CONTINUOUS
10
1.1173785433070866
20
1.0428153543307086
11
1.1184003543307086
21
1.0421326377952755
0
LINE
8
BLACK
6
CONTINUOUS
10
1.1184003543307086
20
1.0421326377952755
11
1.1190830708661417
21
1.0411108267716536
0
LINE
8
BLACK
6
CONTINUOUS
10
1.1190830708661417
20
1.0411108267716536
11
1.1193228346456692
21
1.0399055118110236
0
LINE
8
BLACK
6
CONTINUOUS
10
1.1193228346456692
20
1.0399055118110236
11
1.1193228346456692
21
1.0280944881889764
0
LINE
8
BLACK
6
CONTINUOUS
10
1.1193228346456692
20
1.0280944881889764
11
1.1190830708661417
21
1.0268891732283465
0
LINE
8
BLACK
6
CONTINUOUS
10
1.1190830708661417
20
1.0268891732283465
11
1.1184003543307086
21
1.0258673622047243
0
LINE
8
BLACK
6
CONTINUOUS
10
1.1184003543307086
20
1.0258673622047243
11
1.1173785433070866
21
1.0251846456692912
0
LINE
8
BLACK
6
CONTINUOUS
10
1.1173785433070866
20
1.0251846456692912
11
1.1161732283464567
21
1.0249448818897637
0
LINE
8
BLACK
6
CONTINUOUS
10
1.1161732283464567
20
1.0249448818897637
11
1.0610551181102361
21
1.0249448818897637
0
LINE
8
BLACK
6
CONTINUOUS
10
1.0610551181102361
20
1.0249448818897637
11
1.0598498031496062
21
1.0251846456692912
0
LINE
8
BLACK
6
CONTINUOUS
10
1.0598498031496062
20
1.0251846456692912
11
1.0588279921259842
21
1.0258673622047243
0
LINE
8
BLACK
6
CONTINUOUS
10
1.0588279921259842
20
1.0258673622047243
11
1.0581452755905512
21
1.0268891732283465
0
LINE
8
BLACK
6
CONTINUOUS
10
1.0581452755905512
20
1.0268891732283465
11
1.0579055118110237
21
1.0280944881889764
0
LINE
8
BLACK
6
CONTINUOUS
10
1.0579055118110237
20
1.0280944881889764
11
1.0579055118110237
21
1.0399055118110236
0
LINE
8
BLACK
6
CONTINUOUS
10
1.0579055118110237
20
1.0399055118110236
11
1.0581452755905512
21
1.0411108267716536
0
LINE
8
BLACK
6
CONTINUOUS
10
1.0581452755905512
20
1.0411108267716536
11
1.0588279921259842
21
1.0421326377952755
0
LINE
8
BLACK
6
CONTINUOUS
10
1.0588279921259842
20
1.0421326377952755
11
1.0598498031496062
21
1.0428153543307086
0
LINE
8
BLACK
6
CONTINUOUS
10
1.0598498031496062
20
1.0428153543307086
11
1.0610551181102361
21
1.0430551181102361
0
LINE
8
BLACK
6
CONTINUOUS
10
1.0610551181102361
20
1.0430551181102361
11
1.1161732283464567
21
1.0430551181102361
0
LINE
8
BLACK
6
CONTINUOUS
10
1.1161732283464567
20
1.0430551181102361
11
1.1173785433070866
21
1.0428153543307086
0
LINE
8
BLACK
6
CONTINUOUS
10
2.0678589370078742
20
1.0676729133858267
11
2.0707966535433071
21
1.0657100393700787
0
LINE
8
BLACK
6
CONTINUOUS
10
2.0707966535433071
20
1.0657100393700787
11
2.0727595275590551
21
1.0627723228346457
0
LINE
8
BLACK
6
CONTINUOUS
10
2.0727595275590551
20
1.0627723228346457
11
2.0734488188976377
21
1.0593070866141732
0
LINE
8
BLACK
6
CONTINUOUS
10
2.0734488188976377
20
1.0593070866141732
11
2.0734488188976377
21
1.0474960629921259
0
LINE
8
BLACK
6
CONTINUOUS
10
2.0734488188976377
20
1.0474960629921259
11
2.0727595275590551
21
1.0440308267716536
0
LINE
8
BLACK
6
CONTINUOUS
10
2.0727595275590551
20
1.0440308267716536
11
2.0707966535433071
21
1.0410931102362204
0
LINE
8
BLACK
6
CONTINUOUS
10
2.0707966535433071
20
1.0410931102362204
11
2.0678589370078742
21
1.0391302362204724
0
LINE
8
BLACK
6
CONTINUOUS
10
2.0678589370078742
20
1.0391302362204724
11
2.0643937007874014
21
1.0384409448818896
0
LINE
8
BLACK
6
CONTINUOUS
10
2.0643937007874014
20
1.0384409448818896
11
2.0240393700787402
21
1.0384409448818896
0
LINE
8
BLACK
6
CONTINUOUS
10
2.0240393700787402
20
1.0384409448818896
11
2.0205741338582675
21
1.0391302362204724
0
LINE
8
BLACK
6
CONTINUOUS
10
2.0205741338582675
20
1.0391302362204724
11
2.0176364173228345
21
1.0410931102362204
0
LINE
8
BLACK
6
CONTINUOUS
10
2.0176364173228345
20
1.0410931102362204
11
2.0156735433070865
21
1.0440308267716536
0
LINE
8
BLACK
6
CONTINUOUS
10
2.0156735433070865
20
1.0440308267716536
11
2.0149842519685039
21
1.0474960629921259
0
LINE
8
BLACK
6
CONTINUOUS
10
2.0149842519685039
20
1.0474960629921259
11
2.0149842519685039
21
1.0593070866141732
0
LINE
8
BLACK
6
CONTINUOUS
10
2.0149842519685039
20
1.0593070866141732
11
2.0156735433070865
21
1.0627723228346457
0
LINE
8
BLACK
6
CONTINUOUS
10
2.0156735433070865
20
1.0627723228346457
11
2.0176364173228345
21
1.0657100393700787
0
LINE
8
BLACK
6
CONTINUOUS
10
2.0176364173228345
20
1.0657100393700787
11
2.0205741338582675
21
1.0676729133858267
0
LINE
8
BLACK
6
CONTINUOUS
10
2.0205741338582675
20
1.0676729133858267
11
2.0240393700787402
21
1.0683622047244095
0
LINE
8
BLACK
6
CONTINUOUS
10
2.0240393700787402
20
1.0683622047244095
11
2.0643937007874014
21
1.0683622047244095
0
LINE
8
BLACK
6
CONTINUOUS
10
2.0643937007874014
20
1.0683622047244095
11
2.0678589370078742
21
1.0676729133858267
0
LINE
8
BLACK
6
CONTINUOUS
10
2.157425866141732
20
1.0676729133858267
11
2.1603635826771654
21
1.0657100393700787
0
LINE
8
BLACK
6
CONTINUOUS
10
2.1603635826771654
20
1.0657100393700787
11
2.1623264566929135
21
1.0627723228346457
0
LINE
8
BLACK
6
CONTINUOUS
10
2.1623264566929135
20
1.0627723228346457
11
2.163015748031496
21
1.0593070866141732
0
LINE
8
BLACK
6
CONTINUOUS
10
2.163015748031496
20
1.0593070866141732
11
2.163015748031496
21
1.0474960629921259
0
LINE
8
BLACK
6
CONTINUOUS
10
2.163015748031496
20
1.0474960629921259
11
2.1623264566929135
21
1.0440308267716536
0
LINE
8
BLACK
6
CONTINUOUS
10
2.1623264566929135
20
1.0440308267716536
11
2.1603635826771654
21
1.0410931102362204
0
LINE
8
BLACK
6
CONTINUOUS
10
2.1603635826771654
20
1.0410931102362204
11
2.157425866141732
21
1.0391302362204724
0
LINE
8
BLACK
6
CONTINUOUS
10
2.157425866141732
20
1.0391302362204724
11
2.1539606299212597
21
1.0384409448818896
0
LINE
8
BLACK
6
CONTINUOUS
10
2.1539606299212597
20
1.0384409448818896
11
2.1136062992125986
21
1.0384409448818896
0
LINE
8
BLACK
6
CONTINUOUS
10
2.1136062992125986
20
1.0384409448818896
11
2.1101410629921258
21
1.0391302362204724
0
LINE
8
BLACK
6
CONTINUOUS
10
2.1101410629921258
20
1.0391302362204724
11
2.1072033464566928
21
1.0410931102362204
0
LINE
8
BLACK
6
CONTINUOUS
10
2.1072033464566928
20
1.0410931102362204
11
2.1052404724409448
21
1.0440308267716536
0
LINE
8
BLACK
6
CONTINUOUS
10
2.1052404724409448
20
1.0440308267716536
11
2.1045511811023623
21
1.0474960629921259
0
LINE
8
BLACK
6
CONTINUOUS
10
2.1045511811023623
20
1.0474960629921259
11
2.1045511811023623
21
1.0593070866141732
0
LINE
8
BLACK
6
CONTINUOUS
10
2.1045511811023623
20
1.0593070866141732
11
2.1052404724409448
21
1.0627723228346457
0
LINE
8
BLACK
6
CONTINUOUS
10
2.1052404724409448
20
1.0627723228346457
11
2.1072033464566928
21
1.0657100393700787
0
LINE
8
BLACK
6
CONTINUOUS
10
2.1072033464566928
20
1.0657100393700787
11
2.1101410629921258
21
1.0676729133858267
0
LINE
8
BLACK
6
CONTINUOUS
10
2.1101410629921258
20
1.0676729133858267
11
2.1136062992125986
21
1.0683622047244095
0
LINE
8
BLACK
6
CONTINUOUS
10
2.1136062992125986
20
1.0683622047244095
11
2.1539606299212597
21
1.0683622047244095
0
LINE
8
BLACK
6
CONTINUOUS
10
2.1539606299212597
20
1.0683622047244095
11
2.157425866141732
21
1.0676729133858267
0
LINE
8
BLACK
6
CONTINUOUS
10
2.2456857086614175
20
1.0676729133858267
11
2.2486234251968504
21
1.0657100393700787
0
LINE
8
BLACK
6
CONTINUOUS
10
2.2486234251968504
20
1.0657100393700787
11
2.2505862992125985
21
1.0627723228346457
0
LINE
8
BLACK
6
CONTINUOUS
10
2.2505862992125985
20
1.0627723228346457
11
2.251275590551181
21
1.0593070866141732
0
LINE
8
BLACK
6
CONTINUOUS
10
2.251275590551181
20
1.0593070866141732
11
2.251275590551181
21
1.0474960629921259
0
LINE
8
BLACK
6
CONTINUOUS
10
2.251275590551181
20
1.0474960629921259
11
2.2505862992125985
21
1.0440308267716536
0
LINE
8
BLACK
6
CONTINUOUS
10
2.2505862992125985
20
1.0440308267716536
11
2.2486234251968504
21
1.0410931102362204
0
LINE
8
BLACK
6
CONTINUOUS
10
2.2486234251968504
20
1.0410931102362204
11
2.2456857086614175
21
1.0391302362204724
0
LINE
8
BLACK
6
CONTINUOUS
10
2.2456857086614175
20
1.0391302362204724
11
2.2422204724409447
21
1.0384409448818896
0
LINE
8
BLACK
6
CONTINUOUS
10
2.2422204724409447
20
1.0384409448818896
11
2.19596062992126
21
1.0384409448818896
0
LINE
8
BLACK
6
CONTINUOUS
10
2.19596062992126
20
1.0384409448818896
11
2.1924953937007872
21
1.0391302362204724
0
LINE
8
BLACK
6
CONTINUOUS
10
2.1924953937007872
20
1.0391302362204724
11
2.1895576771653542
21
1.0410931102362204
0
LINE
8
BLACK
6
CONTINUOUS
10
2.1895576771653542
20
1.0410931102362204
11
2.1875948031496062
21
1.0440308267716536
0
LINE
8
BLACK
6
CONTINUOUS
10
2.1875948031496062
20
1.0440308267716536
11
2.1869055118110237
21
1.0474960629921259
0
LINE
8
BLACK
6
CONTINUOUS
10
2.1869055118110237
20
1.0474960629921259
11
2.1869055118110237
21
1.0593070866141732
0
LINE
8
BLACK
6
CONTINUOUS
10
2.1869055118110237
20
1.0593070866141732
11
2.1875948031496062
21
1.0627723228346457
0
LINE
8
BLACK
6
CONTINUOUS
10
2.1875948031496062
20
1.0627723228346457
11
2.1895576771653542
21
1.0657100393700787
0
LINE
8
BLACK
6
CONTINUOUS
10
2.1895576771653542
20
1.0657100393700787
11
2.1924953937007872
21
1.0676729133858267
0
LINE
8
BLACK
6
CONTINUOUS
10
2.1924953937007872
20
1.0676729133858267
11
2.19596062992126
21
1.0683622047244095
0
LINE
8
BLACK
6
CONTINUOUS
10
2.19596062992126
20
1.0683622047244095
11
2.2422204724409447
21
1.0683622047244095
0
LINE
8
BLACK
6
CONTINUOUS
10
2.2422204724409447
20
1.0683622047244095
11
2.2456857086614175
21
1.0676729133858267
0
LINE
8
BLACK
6
CONTINUOUS
10
1.1827720472440946
20
1.1052659842519685
11
1.1868614173228347
21
1.1033590551181103
0
LINE
8
BLACK
6
CONTINUOUS
10
1.1868614173228347
20
1.1033590551181103
11
1.190051968503937
21
1.1001685039370079
0
LINE
8
BLACK
6
CONTINUOUS
10
1.190051968503937
20
1.1001685039370079
11
1.1919588976377953
21
1.0960791338582676
0
LINE
8
BLACK
6
CONTINUOUS
10
1.1919588976377953
20
1.0960791338582676
11
1.1924015748031496
21
1.0927165354330708
0
LINE
8
BLACK
6
CONTINUOUS
10
1.1924015748031496
20
1.0927165354330708
11
1.1924015748031496
21
1.0572834645669291
0
LINE
8
BLACK
6
CONTINUOUS
10
1.1924015748031496
20
1.0572834645669291
11
1.1919588976377953
21
1.0539208661417323
0
LINE
8
BLACK
6
CONTINUOUS
10
1.1919588976377953
20
1.0539208661417323
11
1.190051968503937
21
1.0498314960629922
0
LINE
8
BLACK
6
CONTINUOUS
10
1.190051968503937
20
1.0498314960629922
11
1.1868614173228347
21
1.0466409448818896
0
LINE
8
BLACK
6
CONTINUOUS
10
1.1868614173228347
20
1.0466409448818896
11
1.1827720472440946
21
1.0447340157480314
0
LINE
8
BLACK
6
CONTINUOUS
10
1.1827720472440946
20
1.0447340157480314
11
1.1794094488188975
21
1.0442913385826771
0
LINE
8
BLACK
6
CONTINUOUS
10
1.1794094488188975
20
1.0442913385826771
11
1.1587401574803149
21
1.0442913385826771
0
LINE
8
BLACK
6
CONTINUOUS
10
1.1587401574803149
20
1.0442913385826771
11
1.1553775590551181
21
1.0447340157480314
0
LINE
8
BLACK
6
CONTINUOUS
10
1.1553775590551181
20
1.0447340157480314
11
1.151288188976378
21
1.0466409448818896
0
LINE
8
BLACK
6
CONTINUOUS
10
1.151288188976378
20
1.0466409448818896
11
1.1480976377952756
21
1.0498314960629922
0
LINE
8
BLACK
6
CONTINUOUS
10
1.1480976377952756
20
1.0498314960629922
11
1.1461907086614174
21
1.0539208661417323
0
LINE
8
BLACK
6
CONTINUOUS
10
1.1461907086614174
20
1.0539208661417323
11
1.1457480314960629
21
1.0572834645669291
0
LINE
8
BLACK
6
CONTINUOUS
10
1.1457480314960629
20
1.0572834645669291
11
1.1457480314960629
21
1.0927165354330708
0
LINE
8
BLACK
6
CONTINUOUS
10
1.1457480314960629
20
1.0927165354330708
11
1.1461907086614174
21
1.0960791338582676
0
LINE
8
BLACK
6
CONTINUOUS
10
1.1461907086614174
20
1.0960791338582676
11
1.1480976377952756
21
1.1001685039370079
0
LINE
8
BLACK
6
CONTINUOUS
10
1.1480976377952756
20
1.1001685039370079
11
1.151288188976378
21
1.1033590551181103
0
LINE
8
BLACK
6
CONTINUOUS
10
1.151288188976378
20
1.1033590551181103
11
1.1553775590551181
21
1.1052659842519685
0
LINE
8
BLACK
6
CONTINUOUS
10
1.1553775590551181
20
1.1052659842519685
11
1.1587401574803149
21
1.1057086614173228
0
LINE
8
BLACK
6
CONTINUOUS
10
1.1587401574803149
20
1.1057086614173228
11
1.1794094488188975
21
1.1057086614173228
0
LINE
8
BLACK
6
CONTINUOUS
10
1.1794094488188975
20
1.1057086614173228
11
1.1827720472440946
21
1.1052659842519685
0
LINE
8
BLACK
6
CONTINUOUS
10
1.2546224409448818
20
1.1052659842519685
11
1.258711811023622
21
1.1033590551181103
0
LINE
8
BLACK
6
CONTINUOUS
10
1.258711811023622
20
1.1033590551181103
11
1.2619023622047243
21
1.1001685039370079
0
LINE
8
BLACK
6
CONTINUOUS
10
1.2619023622047243
20
1.1001685039370079
11
1.2638092913385826
21
1.0960791338582676
0
LINE
8
BLACK
6
CONTINUOUS
10
1.2638092913385826
20
1.0960791338582676
11
1.2642519685039371
21
1.0927165354330708
0
LINE
8
BLACK
6
CONTINUOUS
10
1.2642519685039371
20
1.0927165354330708
11
1.2642519685039371
21
1.0572834645669291
0
LINE
8
BLACK
6
CONTINUOUS
10
1.2642519685039371
20
1.0572834645669291
11
1.2638092913385826
21
1.0539208661417323
0
LINE
8
BLACK
6
CONTINUOUS
10
1.2638092913385826
20
1.0539208661417323
11
1.2619023622047243
21
1.0498314960629922
0
LINE
8
BLACK
6
CONTINUOUS
10
1.2619023622047243
20
1.0498314960629922
11
1.258711811023622
21
1.0466409448818896
0
LINE
8
BLACK
6
CONTINUOUS
10
1.258711811023622
20
1.0466409448818896
11
1.2546224409448818
21
1.0447340157480314
0
LINE
8
BLACK
6
CONTINUOUS
10
1.2546224409448818
20
1.0447340157480314
11
1.251259842519685
21
1.0442913385826771
0
LINE
8
BLACK
6
CONTINUOUS
10
1.251259842519685
20
1.0442913385826771
11
1.2305905511811024
21
1.0442913385826771
0
LINE
8
BLACK
6
CONTINUOUS
10
1.2305905511811024
20
1.0442913385826771
11
1.2272279527559056
21
1.0447340157480314
0
LINE
8
BLACK
6
CONTINUOUS
10
1.2272279527559056
20
1.0447340157480314
11
1.2231385826771652
21
1.0466409448818896
0
LINE
8
BLACK
6
CONTINUOUS
10
1.2231385826771652
20
1.0466409448818896
11
1.2199480314960629
21
1.0498314960629922
0
LINE
8
BLACK
6
CONTINUOUS
10
1.2199480314960629
20
1.0498314960629922
11
1.2180411023622046
21
1.0539208661417323
0
LINE
8
BLACK
6
CONTINUOUS
10
1.2180411023622046
20
1.0539208661417323
11
1.2175984251968504
21
1.0572834645669291
0
LINE
8
BLACK
6
CONTINUOUS
10
1.2175984251968504
20
1.0572834645669291
11
1.2175984251968504
21
1.0927165354330708
0
LINE
8
BLACK
6
CONTINUOUS
10
1.2175984251968504
20
1.0927165354330708
11
1.2180411023622046
21
1.0960791338582676
0
LINE
8
BLACK
6
CONTINUOUS
10
1.2180411023622046
20
1.0960791338582676
11
1.2199480314960629
21
1.1001685039370079
0
LINE
8
BLACK
6
CONTINUOUS
10
1.2199480314960629
20
1.1001685039370079
11
1.2231385826771652
21
1.1033590551181103
0
LINE
8
BLACK
6
CONTINUOUS
10
1.2231385826771652
20
1.1033590551181103
11
1.2272279527559056
21
1.1052659842519685
0
LINE
8
BLACK
6
CONTINUOUS
10
1.2272279527559056
20
1.1052659842519685
11
1.2305905511811024
21
1.1057086614173228
0
LINE
8
BLACK
6
CONTINUOUS
10
1.2305905511811024
20
1.1057086614173228
11
1.251259842519685
21
1.1057086614173228
0
LINE
8
BLACK
6
CONTINUOUS
10
1.251259842519685
20
1.1057086614173228
11
1.2546224409448818
21
1.1052659842519685
0
LINE
8
BLACK
6
CONTINUOUS
10
0.9441501968503937
20
1.0625003937007873
11
0.9451720078740157
21
1.0618176771653542
0
LINE
8
BLACK
6
CONTINUOUS
10
0.9451720078740157
20
1.0618176771653542
11
0.9458547244094488
21
1.0607958661417323
0
LINE
8
BLACK
6
CONTINUOUS
10
0.9458547244094488
20
1.0607958661417323
11
0.9460944881889763
21
1.0595905511811023
0
LINE
8
BLACK
6
CONTINUOUS
10
0.9460944881889763
20
1.0595905511811023
11
0.9460944881889763
21
1.0477795275590551
0
LINE
8
BLACK
6
CONTINUOUS
10
0.9460944881889763
20
1.0477795275590551
11
0.9458547244094488
21
1.0465742125984252
0
LINE
8
BLACK
6
CONTINUOUS
10
0.9458547244094488
20
1.0465742125984252
11
0.9451720078740157
21
1.0455524015748032
0
LINE
8
BLACK
6
CONTINUOUS
10
0.9451720078740157
20
1.0455524015748032
11
0.9441501968503937
21
1.0448696850393699
0
LINE
8
BLACK
6
CONTINUOUS
10
0.9441501968503937
20
1.0448696850393699
11
0.9429448818897638
21
1.0446299212598424
0
LINE
8
BLACK
6
CONTINUOUS
10
0.9429448818897638
20
1.0446299212598424
11
0.8878267716535433
21
1.0446299212598424
0
LINE
8
BLACK
6
CONTINUOUS
10
0.8878267716535433
20
1.0446299212598424
11
0.8866214566929134
21
1.0448696850393699
0
LINE
8
BLACK
6
CONTINUOUS
10
0.8866214566929134
20
1.0448696850393699
11
0.8855996456692913
21
1.0455524015748032
0
LINE
8
BLACK
6
CONTINUOUS
10
0.8855996456692913
20
1.0455524015748032
11
0.8849169291338582
21
1.0465742125984252
0
LINE
8
BLACK
6
CONTINUOUS
10
0.8849169291338582
20
1.0465742125984252
11
0.8846771653543307
21
1.0477795275590551
0
LINE
8
BLACK
6
CONTINUOUS
10
0.8846771653543307
20
1.0477795275590551
11
0.8846771653543307
21
1.0595905511811023
0
LINE
8
BLACK
6
CONTINUOUS
10
0.8846771653543307
20
1.0595905511811023
11
0.8849169291338582
21
1.0607958661417323
0
LINE
8
BLACK
6
CONTINUOUS
10
0.8849169291338582
20
1.0607958661417323
11
0.8855996456692913
21
1.0618176771653542
0
LINE
8
BLACK
6
CONTINUOUS
10
0.8855996456692913
20
1.0618176771653542
11
0.8866214566929134
21
1.0625003937007873
0
LINE
8
BLACK
6
CONTINUOUS
10
0.8866214566929134
20
1.0625003937007873
11
0.8878267716535433
21
1.062740157480315
0
LINE
8
BLACK
6
CONTINUOUS
10
0.8878267716535433
20
1.062740157480315
11
0.9429448818897638
21
1.062740157480315
0
LINE
8
BLACK
6
CONTINUOUS
10
0.9429448818897638
20
1.062740157480315
11
0.9441501968503937
21
1.0625003937007873
0
LINE
8
BLACK
6
CONTINUOUS
10
1.1173785433070866
20
1.0625003937007873
11
1.1184003543307086
21
1.0618176771653542
0
LINE
8
BLACK
6
CONTINUOUS
10
1.1184003543307086
20
1.0618176771653542
11
1.1190830708661417
21
1.0607958661417323
0
LINE
8
BLACK
6
CONTINUOUS
10
1.1190830708661417
20
1.0607958661417323
11
1.1193228346456692
21
1.0595905511811023
0
LINE
8
BLACK
6
CONTINUOUS
10
1.1193228346456692
20
1.0595905511811023
11
1.1193228346456692
21
1.0477795275590551
0
LINE
8
BLACK
6
CONTINUOUS
10
1.1193228346456692
20
1.0477795275590551
11
1.1190830708661417
21
1.0465742125984252
0
LINE
8
BLACK
6
CONTINUOUS
10
1.1190830708661417
20
1.0465742125984252
11
1.1184003543307086
21
1.0455524015748032
0
LINE
8
BLACK
6
CONTINUOUS
10
1.1184003543307086
20
1.0455524015748032
11
1.1173785433070866
21
1.0448696850393699
0
LINE
8
BLACK
6
CONTINUOUS
10
1.1173785433070866
20
1.0448696850393699
11
1.1161732283464567
21
1.0446299212598424
0
LINE
8
BLACK
6
CONTINUOUS
10
1.1161732283464567
20
1.0446299212598424
11
1.0610551181102361
21
1.0446299212598424
0
LINE
8
BLACK
6
CONTINUOUS
10
1.0610551181102361
20
1.0446299212598424
11
1.0598498031496062
21
1.0448696850393699
0
LINE
8
BLACK
6
CONTINUOUS
10
1.0598498031496062
20
1.0448696850393699
11
1.0588279921259842
21
1.0455524015748032
0
LINE
8
BLACK
6
CONTINUOUS
10
1.0588279921259842
20
1.0455524015748032
11
1.0581452755905512
21
1.0465742125984252
0
LINE
8
BLACK
6
CONTINUOUS
10
1.0581452755905512
20
1.0465742125984252
11
1.0579055118110237
21
1.0477795275590551
0
LINE
8
BLACK
6
CONTINUOUS
10
1.0579055118110237
20
1.0477795275590551
11
1.0579055118110237
21
1.0595905511811023
0
LINE
8
BLACK
6
CONTINUOUS
10
1.0579055118110237
20
1.0595905511811023
11
1.0581452755905512
21
1.0607958661417323
0
LINE
8
BLACK
6
CONTINUOUS
10
1.0581452755905512
20
1.0607958661417323
11
1.0588279921259842
21
1.0618176771653542
0
LINE
8
BLACK
6
CONTINUOUS
10
1.0588279921259842
20
1.0618176771653542
11
1.0598498031496062
21
1.0625003937007873
0
LINE
8
BLACK
6
CONTINUOUS
10
1.0598498031496062
20
1.0625003937007873
11
1.0610551181102361
21
1.062740157480315
0
LINE
8
BLACK
6
CONTINUOUS
10
1.0610551181102361
20
1.062740157480315
11
1.1161732283464567
21
1.062740157480315
0
LINE
8
BLACK
6
CONTINUOUS
10
1.1161732283464567
20
1.062740157480315
11
1.1173785433070866
21
1.0625003937007873
0
LINE
8
BLACK
6
CONTINUOUS
10
0.7586856299212599
20
1.2102484251968504
11
0.7597074409448819
21
1.2095657086614173
0
LINE
8
BLACK
6
CONTINUOUS
10
0.7597074409448819
20
1.2095657086614173
11
0.7603901574803149
21
1.2085438976377954
0
LINE
8
BLACK
6
CONTINUOUS
10
0.7603901574803149
20
1.2085438976377954
11
0.7606299212598425
21
1.2073385826771654
0
LINE
8
BLACK
6
CONTINUOUS
10
0.7606299212598425
20
1.2073385826771654
11
0.7606299212598425
21
1.0577322834645668
0
LINE
8
BLACK
6
CONTINUOUS
10
0.7606299212598425
20
1.0577322834645668
11
0.7603901574803149
21
1.0565269685039369
0
LINE
8
BLACK
6
CONTINUOUS
10
0.7603901574803149
20
1.0565269685039369
11
0.7597074409448819
21
1.0555051574803149
0
LINE
8
BLACK
6
CONTINUOUS
10
0.7597074409448819
20
1.0555051574803149
11
0.7586856299212599
21
1.0548224409448819
0
LINE
8
BLACK
6
CONTINUOUS
10
0.7586856299212599
20
1.0548224409448819
11
0.75748031496063
21
1.0545826771653544
0
LINE
8
BLACK
6
CONTINUOUS
10
0.75748031496063
20
1.0545826771653544
11
0.7181102362204724
21
1.0545826771653544
0
LINE
8
BLACK
6
CONTINUOUS
10
0.7181102362204724
20
1.0545826771653544
11
0.7169049212598425
21
1.0548224409448819
0
LINE
8
BLACK
6
CONTINUOUS
10
0.7169049212598425
20
1.0548224409448819
11
0.7158831102362204
21
1.0555051574803149
0
LINE
8
BLACK
6
CONTINUOUS
10
0.7158831102362204
20
1.0555051574803149
11
0.7152003937007874
21
1.0565269685039369
0
LINE
8
BLACK
6
CONTINUOUS
10
0.7152003937007874
20
1.0565269685039369
11
0.7149606299212599
21
1.0577322834645668
0
LINE
8
BLACK
6
CONTINUOUS
10
0.7149606299212599
20
1.0577322834645668
11
0.7149606299212599
21
1.2073385826771654
0
LINE
8
BLACK
6
CONTINUOUS
10
0.7149606299212599
20
1.2073385826771654
11
0.7152003937007874
21
1.2085438976377954
0
LINE
8
BLACK
6
CONTINUOUS
10
0.7152003937007874
20
1.2085438976377954
11
0.7158831102362204
21
1.2095657086614173
0
LINE
8
BLACK
6
CONTINUOUS
10
0.7158831102362204
20
1.2095657086614173
11
0.7169049212598425
21
1.2102484251968504
0
LINE
8
BLACK
6
CONTINUOUS
10
0.7169049212598425
20
1.2102484251968504
11
0.7181102362204724
21
1.2104881889763779
0
LINE
8
BLACK
6
CONTINUOUS
10
0.7181102362204724
20
1.2104881889763779
11
0.75748031496063
21
1.2104881889763779
0
LINE
8
BLACK
6
CONTINUOUS
10
0.75748031496063
20
1.2104881889763779
11
0.7586856299212599
21
1.2102484251968504
0
LINE
8
BLACK
6
CONTINUOUS
10
2.4830950787401576
20
1.2102484251968504
11
2.4841168897637793
21
1.2095657086614173
0
LINE
8
BLACK
6
CONTINUOUS
10
2.4841168897637793
20
1.2095657086614173
11
2.4847996062992124
21
1.2085438976377954
0
LINE
8
BLACK
6
CONTINUOUS
10
2.4847996062992124
20
1.2085438976377954
11
2.4850393700787401
21
1.2073385826771654
0
LINE
8
BLACK
6
CONTINUOUS
10
2.4850393700787401
20
1.2073385826771654
11
2.4850393700787401
21
1.0577322834645668
0
LINE
8
BLACK
6
CONTINUOUS
10
2.4850393700787401
20
1.0577322834645668
11
2.4847996062992124
21
1.0565269685039369
0
LINE
8
BLACK
6
CONTINUOUS
10
2.4847996062992124
20
1.0565269685039369
11
2.4841168897637793
21
1.0555051574803149
0
LINE
8
BLACK
6
CONTINUOUS
10
2.4841168897637793
20
1.0555051574803149
11
2.4830950787401576
21
1.0548224409448819
0
LINE
8
BLACK
6
CONTINUOUS
10
2.4830950787401576
20
1.0548224409448819
11
2.4818897637795274
21
1.0545826771653544
0
LINE
8
BLACK
6
CONTINUOUS
10
2.4818897637795274
20
1.0545826771653544
11
2.44251968503937
21
1.0545826771653544
0
LINE
8
BLACK
6
CONTINUOUS
10
2.44251968503937
20
1.0545826771653544
11
2.4413143700787403
21
1.0548224409448819
0
LINE
8
BLACK
6
CONTINUOUS
10
2.4413143700787403
20
1.0548224409448819
11
2.4402925590551181
21
1.0555051574803149
0
LINE
8
BLACK
6
CONTINUOUS
10
2.4402925590551181
20
1.0555051574803149
11
2.439609842519685
21
1.0565269685039369
0
LINE
8
BLACK
6
CONTINUOUS
10
2.439609842519685
20
1.0565269685039369
11
2.4393700787401573
21
1.0577322834645668
0
LINE
8
BLACK
6
CONTINUOUS
10
2.4393700787401573
20
1.0577322834645668
11
2.4393700787401573
21
1.2073385826771654
0
LINE
8
BLACK
6
CONTINUOUS
10
2.4393700787401573
20
1.2073385826771654
11
2.439609842519685
21
1.2085438976377954
0
LINE
8
BLACK
6
CONTINUOUS
10
2.439609842519685
20
1.2085438976377954
11
2.4402925590551181
21
1.2095657086614173
0
LINE
8
BLACK
6
CONTINUOUS
10
2.4402925590551181
20
1.2095657086614173
11
2.4413143700787403
21
1.2102484251968504
0
LINE
8
BLACK
6
CONTINUOUS
10
2.4413143700787403
20
1.2102484251968504
11
2.44251968503937
21
1.2104881889763779
0
LINE
8
BLACK
6
CONTINUOUS
10
2.44251968503937
20
1.2104881889763779
11
2.4818897637795274
21
1.2104881889763779
0
LINE
8
BLACK
6
CONTINUOUS
10
2.4818897637795274
20
1.2104881889763779
11
2.4830950787401576
21
1.2102484251968504
0
LINE
8
BLACK
6
CONTINUOUS
10
0.9441501968503937
20
1.082185433070866
11
0.9451720078740157
21
1.081502716535433
0
LINE
8
BLACK
6
CONTINUOUS
10
0.9451720078740157
20
1.081502716535433
11
0.9458547244094488
21
1.080480905511811
0
LINE
8
BLACK
6
CONTINUOUS
10
0.9458547244094488
20
1.080480905511811
11
0.9460944881889763
21
1.0792755905511811
0
LINE
8
BLACK
6
CONTINUOUS
10
0.9460944881889763
20
1.0792755905511811
11
0.9460944881889763
21
1.0674645669291338
0
LINE
8
BLACK
6
CONTINUOUS
10
0.9460944881889763
20
1.0674645669291338
11
0.9458547244094488
21
1.0662592519685039
0
LINE
8
BLACK
6
CONTINUOUS
10
0.9458547244094488
20
1.0662592519685039
11
0.9451720078740157
21
1.0652374409448819
0
LINE
8
BLACK
6
CONTINUOUS
10
0.9451720078740157
20
1.0652374409448819
11
0.9441501968503937
21
1.0645547244094489
0
LINE
8
BLACK
6
CONTINUOUS
10
0.9441501968503937
20
1.0645547244094489
11
0.9429448818897638
21
1.0643149606299211
0
LINE
8
BLACK
6
CONTINUOUS
10
0.9429448818897638
20
1.0643149606299211
11
0.8878267716535433
21
1.0643149606299211
0
LINE
8
BLACK
6
CONTINUOUS
10
0.8878267716535433
20
1.0643149606299211
11
0.8866214566929134
21
1.0645547244094489
0
LINE
8
BLACK
6
CONTINUOUS
10
0.8866214566929134
20
1.0645547244094489
11
0.8855996456692913
21
1.0652374409448819
0
LINE
8
BLACK
6
CONTINUOUS
10
0.8855996456692913
20
1.0652374409448819
11
0.8849169291338582
21
1.0662592519685039
0
LINE
8
BLACK
6
CONTINUOUS
10
0.8849169291338582
20
1.0662592519685039
11
0.8846771653543307
21
1.0674645669291338
0
LINE
8
BLACK
6
CONTINUOUS
10
0.8846771653543307
20
1.0674645669291338
11
0.8846771653543307
21
1.0792755905511811
0
LINE
8
BLACK
6
CONTINUOUS
10
0.8846771653543307
20
1.0792755905511811
11
0.8849169291338582
21
1.080480905511811
0
LINE
8
BLACK
6
CONTINUOUS
10
0.8849169291338582
20
1.080480905511811
11
0.8855996456692913
21
1.081502716535433
0
LINE
8
BLACK
6
CONTINUOUS
10
0.8855996456692913
20
1.081502716535433
11
0.8866214566929134
21
1.082185433070866
0
LINE
8
BLACK
6
CONTINUOUS
10
0.8866214566929134
20
1.082185433070866
11
0.8878267716535433
21
1.0824251968503937
0
LINE
8
BLACK
6
CONTINUOUS
10
0.8878267716535433
20
1.0824251968503937
11
0.9429448818897638
21
1.0824251968503937
0
LINE
8
BLACK
6
CONTINUOUS
10
0.9429448818897638
20
1.0824251968503937
11
0.9441501968503937
21
1.082185433070866
0
LINE
8
BLACK
6
CONTINUOUS
10
1.1173785433070866
20
1.082185433070866
11
1.1184003543307086
21
1.081502716535433
0
LINE
8
BLACK
6
CONTINUOUS
10
1.1184003543307086
20
1.081502716535433
11
1.1190830708661417
21
1.080480905511811
0
LINE
8
BLACK
6
CONTINUOUS
10
1.1190830708661417
20
1.080480905511811
11
1.1193228346456692
21
1.0792755905511811
0
LINE
8
BLACK
6
CONTINUOUS
10
1.1193228346456692
20
1.0792755905511811
11
1.1193228346456692
21
1.0674645669291338
0
LINE
8
BLACK
6
CONTINUOUS
10
1.1193228346456692
20
1.0674645669291338
11
1.1190830708661417
21
1.0662592519685039
0
LINE
8
BLACK
6
CONTINUOUS
10
1.1190830708661417
20
1.0662592519685039
11
1.1184003543307086
21
1.0652374409448819
0
LINE
8
BLACK
6
CONTINUOUS
10
1.1184003543307086
20
1.0652374409448819
11
1.1173785433070866
21
1.0645547244094489
0
LINE
8
BLACK
6
CONTINUOUS
10
1.1173785433070866
20
1.0645547244094489
11
1.1161732283464567
21
1.0643149606299211
0
LINE
8
BLACK
6
CONTINUOUS
10
1.1161732283464567
20
1.0643149606299211
11
1.0610551181102361
21
1.0643149606299211
0
LINE
8
BLACK
6
CONTINUOUS
10
1.0610551181102361
20
1.0643149606299211
11
1.0598498031496062
21
1.0645547244094489
0
LINE
8
BLACK
6
CONTINUOUS
10
1.0598498031496062
20
1.0645547244094489
11
1.0588279921259842
21
1.0652374409448819
0
LINE
8
BLACK
6
CONTINUOUS
10
1.0588279921259842
20
1.0652374409448819
11
1.0581452755905512
21
1.0662592519685039
0
LINE
8
BLACK
6
CONTINUOUS
10
1.0581452755905512
20
1.0662592519685039
11
1.0579055118110237
21
1.0674645669291338
0
LINE
8
BLACK
6
CONTINUOUS
10
1.0579055118110237
20
1.0674645669291338
11
1.0579055118110237
21
1.0792755905511811
0
LINE
8
BLACK
6
CONTINUOUS
10
1.0579055118110237
20
1.0792755905511811
11
1.0581452755905512
21
1.080480905511811
0
LINE
8
BLACK
6
CONTINUOUS
10
1.0581452755905512
20
1.080480905511811
11
1.0588279921259842
21
1.081502716535433
0
LINE
8
BLACK
6
CONTINUOUS
10
1.0588279921259842
20
1.081502716535433
11
1.0598498031496062
21
1.082185433070866
0
LINE
8
BLACK
6
CONTINUOUS
10
1.0598498031496062
20
1.082185433070866
11
1.0610551181102361
21
1.0824251968503937
0
LINE
8
BLACK
6
CONTINUOUS
10
1.0610551181102361
20
1.0824251968503937
11
1.1161732283464567
21
1.0824251968503937
0
LINE
8
BLACK
6
CONTINUOUS
10
1.1161732283464567
20
1.0824251968503937
11
1.1173785433070866
21
1.082185433070866
0
LINE
8
BLACK
6
CONTINUOUS
10
1.3540633858267717
20
1.1129903937007875
11
1.3581527559055118
21
1.1110834645669292
0
LINE
8
BLACK
6
CONTINUOUS
10
1.3581527559055118
20
1.1110834645669292
11
1.3613433070866141
21
1.1078929133858268
0
LINE
8
BLACK
6
CONTINUOUS
10
1.3613433070866141
20
1.1078929133858268
11
1.3632502362204724
21
1.1038035433070865
0
LINE
8
BLACK
6
CONTINUOUS
10
1.3632502362204724
20
1.1038035433070865
11
1.3636929133858267
21
1.1004409448818897
0
LINE
8
BLACK
6
CONTINUOUS
10
1.3636929133858267
20
1.1004409448818897
11
1.3636929133858267
21
1.080755905511811
0
LINE
8
BLACK
6
CONTINUOUS
10
1.3636929133858267
20
1.080755905511811
11
1.3632502362204724
21
1.0773933070866142
0
LINE
8
BLACK
6
CONTINUOUS
10
1.3632502362204724
20
1.0773933070866142
11
1.3613433070866141
21
1.0733039370078741
0
LINE
8
BLACK
6
CONTINUOUS
10
1.3613433070866141
20
1.0733039370078741
11
1.3581527559055118
21
1.0701133858267717
0
LINE
8
BLACK
6
CONTINUOUS
10
1.3581527559055118
20
1.0701133858267717
11
1.3540633858267717
21
1.0682064566929133
0
LINE
8
BLACK
6
CONTINUOUS
10
1.3540633858267717
20
1.0682064566929133
11
1.3507007874015748
21
1.067763779527559
0
LINE
8
BLACK
6
CONTINUOUS
10
1.3507007874015748
20
1.067763779527559
11
1.3132992125984251
21
1.067763779527559
0
LINE
8
BLACK
6
CONTINUOUS
10
1.3132992125984251
20
1.067763779527559
11
1.3099366141732283
21
1.0682064566929133
0
LINE
8
BLACK
6
CONTINUOUS
10
1.3099366141732283
20
1.0682064566929133
11
1.3058472440944882
21
1.0701133858267717
0
LINE
8
BLACK
6
CONTINUOUS
10
1.3058472440944882
20
1.0701133858267717
11
1.3026566929133858
21
1.0733039370078741
0
LINE
8
BLACK
6
CONTINUOUS
10
1.3026566929133858
20
1.0733039370078741
11
1.3007497637795276
21
1.0773933070866142
0
LINE
8
BLACK
6
CONTINUOUS
10
1.3007497637795276
20
1.0773933070866142
11
1.3003070866141733
21
1.080755905511811
0
LINE
8
BLACK
6
CONTINUOUS
10
1.3003070866141733
20
1.080755905511811
11
1.3003070866141733
21
1.1004409448818897
0
LINE
8
BLACK
6
CONTINUOUS
10
1.3003070866141733
20
1.1004409448818897
11
1.3007497637795276
21
1.1038035433070865
0
LINE
8
BLACK
6
CONTINUOUS
10
1.3007497637795276
20
1.1038035433070865
11
1.3026566929133858
21
1.1078929133858268
0
LINE
8
BLACK
6
CONTINUOUS
10
1.3026566929133858
20
1.1078929133858268
11
1.3058472440944882
21
1.1110834645669292
0
LINE
8
BLACK
6
CONTINUOUS
10
1.3058472440944882
20
1.1110834645669292
11
1.3099366141732283
21
1.1129903937007875
0
LINE
8
BLACK
6
CONTINUOUS
10
1.3099366141732283
20
1.1129903937007875
11
1.3132992125984251
21
1.1134330708661417
0
LINE
8
BLACK
6
CONTINUOUS
10
1.3132992125984251
20
1.1134330708661417
11
1.3507007874015748
21
1.1134330708661417
0
LINE
8
BLACK
6
CONTINUOUS
10
1.3507007874015748
20
1.1134330708661417
11
1.3540633858267717
21
1.1129903937007875
0
LINE
8
BLACK
6
CONTINUOUS
10
1.4360791338582677
20
1.115384094488189
11
1.4401685039370078
21
1.1134771653543307
0
LINE
8
BLACK
6
CONTINUOUS
10
1.4401685039370078
20
1.1134771653543307
11
1.4433590551181101
21
1.1102866141732284
0
LINE
8
BLACK
6
CONTINUOUS
10
1.4433590551181101
20
1.1102866141732284
11
1.4452659842519684
21
1.1061972440944883
0
LINE
8
BLACK
6
CONTINUOUS
10
1.4452659842519684
20
1.1061972440944883
11
1.4457086614173229
21
1.1028346456692912
0
LINE
8
BLACK
6
CONTINUOUS
10
1.4457086614173229
20
1.1028346456692912
11
1.4457086614173229
21
1.0821653543307086
0
LINE
8
BLACK
6
CONTINUOUS
10
1.4457086614173229
20
1.0821653543307086
11
1.4452659842519684
21
1.0788027559055118
0
LINE
8
BLACK
6
CONTINUOUS
10
1.4452659842519684
20
1.0788027559055118
11
1.4433590551181101
21
1.0747133858267717
0
LINE
8
BLACK
6
CONTINUOUS
10
1.4433590551181101
20
1.0747133858267717
11
1.4401685039370078
21
1.0715228346456693
0
LINE
8
BLACK
6
CONTINUOUS
10
1.4401685039370078
20
1.0715228346456693
11
1.4360791338582677
21
1.0696159055118111
0
LINE
8
BLACK
6
CONTINUOUS
10
1.4360791338582677
20
1.0696159055118111
11
1.4327165354330709
21
1.0691732283464566
0
LINE
8
BLACK
6
CONTINUOUS
10
1.4327165354330709
20
1.0691732283464566
11
1.3972834645669292
21
1.0691732283464566
0
LINE
8
BLACK
6
CONTINUOUS
10
1.3972834645669292
20
1.0691732283464566
11
1.3939208661417322
21
1.0696159055118111
0
LINE
8
BLACK
6
CONTINUOUS
10
1.3939208661417322
20
1.0696159055118111
11
1.3898314960629921
21
1.0715228346456693
0
LINE
8
BLACK
6
CONTINUOUS
10
1.3898314960629921
20
1.0715228346456693
11
1.3866409448818897
21
1.0747133858267717
0
LINE
8
BLACK
6
CONTINUOUS
10
1.3866409448818897
20
1.0747133858267717
11
1.3847340157480315
21
1.0788027559055118
0
LINE
8
BLACK
6
CONTINUOUS
10
1.3847340157480315
20
1.0788027559055118
11
1.3842913385826772
21
1.0821653543307086
0
LINE
8
BLACK
6
CONTINUOUS
10
1.3842913385826772
20
1.0821653543307086
11
1.3842913385826772
21
1.1028346456692912
0
LINE
8
BLACK
6
CONTINUOUS
10
1.3842913385826772
20
1.1028346456692912
11
1.3847340157480315
21
1.1061972440944883
0
LINE
8
BLACK
6
CONTINUOUS
10
1.3847340157480315
20
1.1061972440944883
11
1.3866409448818897
21
1.1102866141732284
0
LINE
8
BLACK
6
CONTINUOUS
10
1.3866409448818897
20
1.1102866141732284
11
1.3898314960629921
21
1.1134771653543307
0
LINE
8
BLACK
6
CONTINUOUS
10
1.3898314960629921
20
1.1134771653543307
11
1.3939208661417322
21
1.115384094488189
0
LINE
8
BLACK
6
CONTINUOUS
10
1.3939208661417322
20
1.115384094488189
11
1.3972834645669292
21
1.1158267716535433
0
LINE
8
BLACK
6
CONTINUOUS
10
1.3972834645669292
20
1.1158267716535433
11
1.4327165354330709
21
1.1158267716535433
0
LINE
8
BLACK
6
CONTINUOUS
10
1.4327165354330709
20
1.1158267716535433
11
1.4360791338582677
21
1.115384094488189
0
LINE
8
BLACK
6
CONTINUOUS
10
0.6510633858267716
20
1.1199903937007873
11
0.6551527559055118
21
1.1180834645669291
0
LINE
8
BLACK
6
CONTINUOUS
10
0.6551527559055118
20
1.1180834645669291
11
0.6583433070866141
21
1.1148929133858267
0
LINE
8
BLACK
6
CONTINUOUS
10
0.6583433070866141
20
1.1148929133858267
11
0.6602502362204724
21
1.1108035433070866
0
LINE
8
BLACK
6
CONTINUOUS
10
0.6602502362204724
20
1.1108035433070866
11
0.6606929133858268
21
1.1074409448818898
0
LINE
8
BLACK
6
CONTINUOUS
10
0.6606929133858268
20
1.1074409448818898
11
0.6606929133858268
21
1.0877559055118109
0
LINE
8
BLACK
6
CONTINUOUS
10
0.6606929133858268
20
1.0877559055118109
11
0.6602502362204724
21
1.0843933070866141
0
LINE
8
BLACK
6
CONTINUOUS
10
0.6602502362204724
20
1.0843933070866141
11
0.6583433070866141
21
1.080303937007874
0
LINE
8
BLACK
6
CONTINUOUS
10
0.6583433070866141
20
1.080303937007874
11
0.6551527559055118
21
1.0771133858267716
0
LINE
8
BLACK
6
CONTINUOUS
10
0.6551527559055118
20
1.0771133858267716
11
0.6510633858267716
21
1.0752064566929134
0
LINE
8
BLACK
6
CONTINUOUS
10
0.6510633858267716
20
1.0752064566929134
11
0.6477007874015748
21
1.0747637795275591
0
LINE
8
BLACK
6
CONTINUOUS
10
0.6477007874015748
20
1.0747637795275591
11
0.6102992125984252
21
1.0747637795275591
0
LINE
8
BLACK
6
CONTINUOUS
10
0.6102992125984252
20
1.0747637795275591
11
0.6069366141732283
21
1.0752064566929134
0
LINE
8
BLACK
6
CONTINUOUS
10
0.6069366141732283
20
1.0752064566929134
11
0.6028472440944882
21
1.0771133858267716
0
LINE
8
BLACK
6
CONTINUOUS
10
0.6028472440944882
20
1.0771133858267716
11
0.5996566929133859
21
1.080303937007874
0
LINE
8
BLACK
6
CONTINUOUS
10
0.5996566929133859
20
1.080303937007874
11
0.5977497637795276
21
1.0843933070866141
0
LINE
8
BLACK
6
CONTINUOUS
10
0.5977497637795276
20
1.0843933070866141
11
0.5973070866141732
21
1.0877559055118109
0
LINE
8
BLACK
6
CONTINUOUS
10
0.5973070866141732
20
1.0877559055118109
11
0.5973070866141732
21
1.1074409448818898
0
LINE
8
BLACK
6
CONTINUOUS
10
0.5973070866141732
20
1.1074409448818898
11
0.5977497637795276
21
1.1108035433070866
0
LINE
8
BLACK
6
CONTINUOUS
10
0.5977497637795276
20
1.1108035433070866
11
0.5996566929133859
21
1.1148929133858267
0
LINE
8
BLACK
6
CONTINUOUS
10
0.5996566929133859
20
1.1148929133858267
11
0.6028472440944882
21
1.1180834645669291
0
LINE
8
BLACK
6
CONTINUOUS
10
0.6028472440944882
20
1.1180834645669291
11
0.6069366141732283
21
1.1199903937007873
0
LINE
8
BLACK
6
CONTINUOUS
10
0.6069366141732283
20
1.1199903937007873
11
0.6102992125984252
21
1.1204330708661416
0
LINE
8
BLACK
6
CONTINUOUS
10
0.6102992125984252
20
1.1204330708661416
11
0.6477007874015748
21
1.1204330708661416
0
LINE
8
BLACK
6
CONTINUOUS
10
0.6477007874015748
20
1.1204330708661416
11
0.6510633858267716
21
1.1199903937007873
0
LINE
8
BLACK
6
CONTINUOUS
10
2.3497870866141732
20
1.1443775590551182
11
2.3561181102362205
21
1.141558779527559
0
LINE
8
BLACK
6
CONTINUOUS
10
2.3561181102362205
20
1.141558779527559
11
2.3617247244094486
21
1.1374853543307086
0
LINE
8
BLACK
6
CONTINUOUS
10
2.3617247244094486
20
1.1374853543307086
11
2.3663618897637795
21
1.1323352362204724
0
LINE
8
BLACK
6
CONTINUOUS
10
2.3663618897637795
20
1.1323352362204724
11
2.3698269685039368
21
1.1263335433070867
0
LINE
8
BLACK
6
CONTINUOUS
10
2.3698269685039368
20
1.1263335433070867
11
2.371968503937008
21
1.1197425984251967
0
LINE
8
BLACK
6
CONTINUOUS
10
2.371968503937008
20
1.1197425984251967
11
2.3726929133858268
21
1.1128503937007874
0
LINE
8
BLACK
6
CONTINUOUS
10
2.3726929133858268
20
1.1128503937007874
11
2.371968503937008
21
1.1059581889763779
0
LINE
8
BLACK
6
CONTINUOUS
10
2.371968503937008
20
1.1059581889763779
11
2.3698269685039368
21
1.0993672440944882
0
LINE
8
BLACK
6
CONTINUOUS
10
2.3698269685039368
20
1.0993672440944882
11
2.3663618897637795
21
1.0933655511811022
0
LINE
8
BLACK
6
CONTINUOUS
10
2.3663618897637795
20
1.0933655511811022
11
2.3617247244094486
21
1.0882154330708662
0
LINE
8
BLACK
6
CONTINUOUS
10
2.3617247244094486
20
1.0882154330708662
11
2.3561181102362205
21
1.0841420078740158
0
LINE
8
BLACK
6
CONTINUOUS
10
2.3561181102362205
20
1.0841420078740158
11
2.3497870866141732
21
1.0813232283464567
0
LINE
8
BLACK
6
CONTINUOUS
10
2.3497870866141732
20
1.0813232283464567
11
2.3430083858267716
21
1.0798824015748032
0
LINE
8
BLACK
6
CONTINUOUS
10
2.3430083858267716
20
1.0798824015748032
11
2.3360782283464565
21
1.0798824015748032
0
LINE
8
BLACK
6
CONTINUOUS
10
2.3360782283464565
20
1.0798824015748032
11
2.3292995275590549
21
1.0813232283464567
0
LINE
8
BLACK
6
CONTINUOUS
10
2.3292995275590549
20
1.0813232283464567
11
2.3229685039370076
21
1.0841420078740158
0
LINE
8
BLACK
6
CONTINUOUS
10
2.3229685039370076
20
1.0841420078740158
11
2.3173618897637795
21
1.0882154330708662
0
LINE
8
BLACK
6
CONTINUOUS
10
2.3173618897637795
20
1.0882154330708662
11
2.3127247244094487
21
1.0933655511811022
0
LINE
8
BLACK
6
CONTINUOUS
10
2.3127247244094487
20
1.0933655511811022
11
2.3092596456692913
21
1.0993672440944882
0
LINE
8
BLACK
6
CONTINUOUS
10
2.3092596456692913
20
1.0993672440944882
11
2.3071181102362206
21
1.1059581889763779
0
LINE
8
BLACK
6
CONTINUOUS
10
2.3071181102362206
20
1.1059581889763779
11
2.3063937007874014
21
1.1128503937007874
0
LINE
8
BLACK
6
CONTINUOUS
10
2.3063937007874014
20
1.1128503937007874
11
2.3071181102362206
21
1.1197425984251967
0
LINE
8
BLACK
6
CONTINUOUS
10
2.3071181102362206
20
1.1197425984251967
11
2.3092596456692913
21
1.1263335433070867
0
LINE
8
BLACK
6
CONTINUOUS
10
2.3092596456692913
20
1.1263335433070867
11
2.3127247244094487
21
1.1323352362204724
0
LINE
8
BLACK
6
CONTINUOUS
10
2.3127247244094487
20
1.1323352362204724
11
2.3173618897637795
21
1.1374853543307086
0
LINE
8
BLACK
6
CONTINUOUS
10
2.3173618897637795
20
1.1374853543307086
11
2.3229685039370076
21
1.141558779527559
0
LINE
8
BLACK
6
CONTINUOUS
10
2.3229685039370076
20
1.141558779527559
11
2.3292995275590549
21
1.1443775590551182
0
LINE
8
BLACK
6
CONTINUOUS
10
2.3292995275590549
20
1.1443775590551182
11
2.3360782283464565
21
1.1458183858267716
0
LINE
8
BLACK
6
CONTINUOUS
10
2.3360782283464565
20
1.1458183858267716
11
2.3430083858267716
21
1.1458183858267716
0
LINE
8
BLACK
6
CONTINUOUS
10
2.3430083858267716
20
1.1458183858267716
11
2.3497870866141732
21
1.1443775590551182
0
LINE
8
BLACK
6
CONTINUOUS
10
0.4453468503937008
20
1.1531085039370079
11
0.4494362204724409
21
1.1512015748031497
0
LINE
8
BLACK
6
CONTINUOUS
10
0.4494362204724409
20
1.1512015748031497
11
0.4526267716535433
21
1.1480110236220473
0
LINE
8
BLACK
6
CONTINUOUS
10
0.4526267716535433
20
1.1480110236220473
11
0.4545337007874016
21
1.143921653543307
0
LINE
8
BLACK
6
CONTINUOUS
10
0.4545337007874016
20
1.143921653543307
11
0.4549763779527559
21
1.1405590551181102
0
LINE
8
BLACK
6
CONTINUOUS
10
0.4549763779527559
20
1.1405590551181102
11
0.4549763779527559
21
1.1031574803149606
0
LINE
8
BLACK
6
CONTINUOUS
10
0.4549763779527559
20
1.1031574803149606
11
0.4545337007874016
21
1.0997948818897638
0
LINE
8
BLACK
6
CONTINUOUS
10
0.4545337007874016
20
1.0997948818897638
11
0.4526267716535433
21
1.0957055118110235
0
LINE
8
BLACK
6
CONTINUOUS
10
0.4526267716535433
20
1.0957055118110235
11
0.4494362204724409
21
1.0925149606299212
0
LINE
8
BLACK
6
CONTINUOUS
10
0.4494362204724409
20
1.0925149606299212
11
0.4453468503937008
21
1.0906080314960629
0
LINE
8
BLACK
6
CONTINUOUS
10
0.4453468503937008
20
1.0906080314960629
11
0.4419842519685039
21
1.0901653543307086
0
LINE
8
BLACK
6
CONTINUOUS
10
0.4419842519685039
20
1.0901653543307086
11
0.4222992125984252
21
1.0901653543307086
0
LINE
8
BLACK
6
CONTINUOUS
10
0.4222992125984252
20
1.0901653543307086
11
0.4189366141732284
21
1.0906080314960629
0
LINE
8
BLACK
6
CONTINUOUS
10
0.4189366141732284
20
1.0906080314960629
11
0.4148472440944882
21
1.0925149606299212
0
LINE
8
BLACK
6
CONTINUOUS
10
0.4148472440944882
20
1.0925149606299212
11
0.4116566929133858
21
1.0957055118110235
0
LINE
8
BLACK
6
CONTINUOUS
10
0.4116566929133858
20
1.0957055118110235
11
0.4097497637795275
21
1.0997948818897638
0
LINE
8
BLACK
6
CONTINUOUS
10
0.4097497637795275
20
1.0997948818897638
11
0.4093070866141732
21
1.1031574803149606
0
LINE
8
BLACK
6
CONTINUOUS
10
0.4093070866141732
20
1.1031574803149606
11
0.4093070866141732
21
1.1405590551181102
0
LINE
8
BLACK
6
CONTINUOUS
10
0.4093070866141732
20
1.1405590551181102
11
0.4097497637795275
21
1.143921653543307
0
LINE
8
BLACK
6
CONTINUOUS
10
0.4097497637795275
20
1.143921653543307
11
0.4116566929133858
21
1.1480110236220473
0
LINE
8
BLACK
6
CONTINUOUS
10
0.4116566929133858
20
1.1480110236220473
11
0.4148472440944882
21
1.1512015748031497
0
LINE
8
BLACK
6
CONTINUOUS
10
0.4148472440944882
20
1.1512015748031497
11
0.4189366141732284
21
1.1531085039370079
0
LINE
8
BLACK
6
CONTINUOUS
10
0.4189366141732284
20
1.1531085039370079
11
0.4222992125984252
21
1.1535511811023622
0
LINE
8
BLACK
6
CONTINUOUS
10
0.4222992125984252
20
1.1535511811023622
11
0.4419842519685039
21
1.1535511811023622
0
LINE
8
BLACK
6
CONTINUOUS
10
0.4419842519685039
20
1.1535511811023622
11
0.4453468503937008
21
1.1531085039370079
0
LINE
8
BLACK
6
CONTINUOUS
10
0.52015
20
1.1531085039370079
11
0.5242393700787401
21
1.1512015748031497
0
LINE
8
BLACK
6
CONTINUOUS
10
0.5242393700787401
20
1.1512015748031497
11
0.5274299212598426
21
1.1480110236220473
0
LINE
8
BLACK
6
CONTINUOUS
10
0.5274299212598426
20
1.1480110236220473
11
0.5293368503937008
21
1.143921653543307
0
LINE
8
BLACK
6
CONTINUOUS
10
0.5293368503937008
20
1.143921653543307
11
0.5297795275590551
21
1.1405590551181102
0
LINE
8
BLACK
6
CONTINUOUS
10
0.5297795275590551
20
1.1405590551181102
11
0.5297795275590551
21
1.1031574803149606
0
LINE
8
BLACK
6
CONTINUOUS
10
0.5297795275590551
20
1.1031574803149606
11
0.5293368503937008
21
1.0997948818897638
0
LINE
8
BLACK
6
CONTINUOUS
10
0.5293368503937008
20
1.0997948818897638
11
0.5274299212598426
21
1.0957055118110235
0
LINE
8
BLACK
6
CONTINUOUS
10
0.5274299212598426
20
1.0957055118110235
11
0.5242393700787401
21
1.0925149606299212
0
LINE
8
BLACK
6
CONTINUOUS
10
0.5242393700787401
20
1.0925149606299212
11
0.52015
21
1.0906080314960629
0
LINE
8
BLACK
6
CONTINUOUS
10
0.52015
20
1.0906080314960629
11
0.5167874015748032
21
1.0901653543307086
0
LINE
8
BLACK
6
CONTINUOUS
10
0.5167874015748032
20
1.0901653543307086
11
0.4971023622047244
21
1.0901653543307086
0
LINE
8
BLACK
6
CONTINUOUS
10
0.4971023622047244
20
1.0901653543307086
11
0.4937397637795276
21
1.0906080314960629
0
LINE
8
BLACK
6
CONTINUOUS
10
0.4937397637795276
20
1.0906080314960629
11
0.4896503937007874
21
1.0925149606299212
0
LINE
8
BLACK
6
CONTINUOUS
10
0.4896503937007874
20
1.0925149606299212
11
0.486459842519685
21
1.0957055118110235
0
LINE
8
BLACK
6
CONTINUOUS
10
0.486459842519685
20
1.0957055118110235
11
0.4845529133858267
21
1.0997948818897638
0
LINE
8
BLACK
6
CONTINUOUS
10
0.4845529133858267
20
1.0997948818897638
11
0.4841102362204724
21
1.1031574803149606
0
LINE
8
BLACK
6
CONTINUOUS
10
0.4841102362204724
20
1.1031574803149606
11
0.4841102362204724
21
1.1405590551181102
0
LINE
8
BLACK
6
CONTINUOUS
10
0.4841102362204724
20
1.1405590551181102
11
0.4845529133858267
21
1.143921653543307
0
LINE
8
BLACK
6
CONTINUOUS
10
0.4845529133858267
20
1.143921653543307
11
0.486459842519685
21
1.1480110236220473
0
LINE
8
BLACK
6
CONTINUOUS
10
0.486459842519685
20
1.1480110236220473
11
0.4896503937007874
21
1.1512015748031497
0
LINE
8
BLACK
6
CONTINUOUS
10
0.4896503937007874
20
1.1512015748031497
11
0.4937397637795276
21
1.1531085039370079
0
LINE
8
BLACK
6
CONTINUOUS
10
0.4937397637795276
20
1.1531085039370079
11
0.4971023622047244
21
1.1535511811023622
0
LINE
8
BLACK
6
CONTINUOUS
10
0.4971023622047244
20
1.1535511811023622
11
0.5167874015748032
21
1.1535511811023622
0
LINE
8
BLACK
6
CONTINUOUS
10
0.5167874015748032
20
1.1535511811023622
11
0.52015
21
1.1531085039370079
0
LINE
8
BLACK
6
CONTINUOUS
10
1.5048035433070865
20
1.1566754330708662
11
1.5088929133858267
21
1.1547685039370079
0
LINE
8
BLACK
6
CONTINUOUS
10
1.5088929133858267
20
1.1547685039370079
11
1.512083464566929
21
1.1515779527559056
0
LINE
8
BLACK
6
CONTINUOUS
10
1.512083464566929
20
1.1515779527559056
11
1.5139903937007875
21
1.1474885826771652
0
LINE
8
BLACK
6
CONTINUOUS
10
1.5139903937007875
20
1.1474885826771652
11
1.5144330708661418
21
1.1441259842519684
0
LINE
8
BLACK
6
CONTINUOUS
10
1.5144330708661418
20
1.1441259842519684
11
1.5144330708661418
21
1.1067244094488189
0
LINE
8
BLACK
6
CONTINUOUS
10
1.5144330708661418
20
1.1067244094488189
11
1.5139903937007875
21
1.1033618110236221
0
LINE
8
BLACK
6
CONTINUOUS
10
1.5139903937007875
20
1.1033618110236221
11
1.512083464566929
21
1.099272440944882
0
LINE
8
BLACK
6
CONTINUOUS
10
1.512083464566929
20
1.099272440944882
11
1.5088929133858267
21
1.0960818897637794
0
LINE
8
BLACK
6
CONTINUOUS
10
1.5088929133858267
20
1.0960818897637794
11
1.5048035433070865
21
1.0941749606299211
0
LINE
8
BLACK
6
CONTINUOUS
10
1.5048035433070865
20
1.0941749606299211
11
1.5014409448818897
21
1.0937322834645669
0
LINE
8
BLACK
6
CONTINUOUS
10
1.5014409448818897
20
1.0937322834645669
11
1.481755905511811
21
1.0937322834645669
0
LINE
8
BLACK
6
CONTINUOUS
10
1.481755905511811
20
1.0937322834645669
11
1.4783933070866142
21
1.0941749606299211
0
LINE
8
BLACK
6
CONTINUOUS
10
1.4783933070866142
20
1.0941749606299211
11
1.4743039370078739
21
1.0960818897637794
0
LINE
8
BLACK
6
CONTINUOUS
10
1.4743039370078739
20
1.0960818897637794
11
1.4711133858267715
21
1.099272440944882
0
LINE
8
BLACK
6
CONTINUOUS
10
1.4711133858267715
20
1.099272440944882
11
1.4692064566929133
21
1.1033618110236221
0
LINE
8
BLACK
6
CONTINUOUS
10
1.4692064566929133
20
1.1033618110236221
11
1.468763779527559
21
1.1067244094488189
0
LINE
8
BLACK
6
CONTINUOUS
10
1.468763779527559
20
1.1067244094488189
11
1.468763779527559
21
1.1441259842519684
0
LINE
8
BLACK
6
CONTINUOUS
10
1.468763779527559
20
1.1441259842519684
11
1.4692064566929133
21
1.1474885826771652
0
LINE
8
BLACK
6
CONTINUOUS
10
1.4692064566929133
20
1.1474885826771652
11
1.4711133858267715
21
1.1515779527559056
0
LINE
8
BLACK
6
CONTINUOUS
10
1.4711133858267715
20
1.1515779527559056
11
1.4743039370078739
21
1.1547685039370079
0
LINE
8
BLACK
6
CONTINUOUS
10
1.4743039370078739
20
1.1547685039370079
11
1.4783933070866142
21
1.1566754330708662
0
LINE
8
BLACK
6
CONTINUOUS
10
1.4783933070866142
20
1.1566754330708662
11
1.481755905511811
21
1.1571181102362205
0
LINE
8
BLACK
6
CONTINUOUS
10
1.481755905511811
20
1.1571181102362205
11
1.5014409448818897
21
1.1571181102362205
0
LINE
8
BLACK
6
CONTINUOUS
10
1.5014409448818897
20
1.1571181102362205
11
1.5048035433070865
21
1.1566754330708662
0
LINE
8
BLACK
6
CONTINUOUS
10
1.5796066929133858
20
1.1566754330708662
11
1.583696062992126
21
1.1547685039370079
0
LINE
8
BLACK
6
CONTINUOUS
10
1.583696062992126
20
1.1547685039370079
11
1.5868866141732283
21
1.1515779527559056
0
LINE
8
BLACK
6
CONTINUOUS
10
1.5868866141732283
20
1.1515779527559056
11
1.5887935433070866
21
1.1474885826771652
0
LINE
8
BLACK
6
CONTINUOUS
10
1.5887935433070866
20
1.1474885826771652
11
1.5892362204724408
21
1.1441259842519684
0
LINE
8
BLACK
6
CONTINUOUS
10
1.5892362204724408
20
1.1441259842519684
11
1.5892362204724408
21
1.1067244094488189
0
LINE
8
BLACK
6
CONTINUOUS
10
1.5892362204724408
20
1.1067244094488189
11
1.5887935433070866
21
1.1033618110236221
0
LINE
8
BLACK
6
CONTINUOUS
10
1.5887935433070866
20
1.1033618110236221
11
1.5868866141732283
21
1.099272440944882
0
LINE
8
BLACK
6
CONTINUOUS
10
1.5868866141732283
20
1.099272440944882
11
1.583696062992126
21
1.0960818897637794
0
LINE
8
BLACK
6
CONTINUOUS
10
1.583696062992126
20
1.0960818897637794
11
1.5796066929133858
21
1.0941749606299211
0
LINE
8
BLACK
6
CONTINUOUS
10
1.5796066929133858
20
1.0941749606299211
11
1.576244094488189
21
1.0937322834645669
0
LINE
8
BLACK
6
CONTINUOUS
10
1.576244094488189
20
1.0937322834645669
11
1.5565590551181101
21
1.0937322834645669
0
LINE
8
BLACK
6
CONTINUOUS
10
1.5565590551181101
20
1.0937322834645669
11
1.5531964566929133
21
1.0941749606299211
0
LINE
8
BLACK
6
CONTINUOUS
10
1.5531964566929133
20
1.0941749606299211
11
1.5491070866141732
21
1.0960818897637794
0
LINE
8
BLACK
6
CONTINUOUS
10
1.5491070866141732
20
1.0960818897637794
11
1.5459165354330708
21
1.099272440944882
0
LINE
8
BLACK
6
CONTINUOUS
10
1.5459165354330708
20
1.099272440944882
11
1.5440096062992126
21
1.1033618110236221
0
LINE
8
BLACK
6
CONTINUOUS
10
1.5440096062992126
20
1.1033618110236221
11
1.5435669291338583
21
1.1067244094488189
0
LINE
8
BLACK
6
CONTINUOUS
10
1.5435669291338583
20
1.1067244094488189
11
1.5435669291338583
21
1.1441259842519684
0
LINE
8
BLACK
6
CONTINUOUS
10
1.5435669291338583
20
1.1441259842519684
11
1.5440096062992126
21
1.1474885826771652
0
LINE
8
BLACK
6
CONTINUOUS
10
1.5440096062992126
20
1.1474885826771652
11
1.5459165354330708
21
1.1515779527559056
0
LINE
8
BLACK
6
CONTINUOUS
10
1.5459165354330708
20
1.1515779527559056
11
1.5491070866141732
21
1.1547685039370079
0
LINE
8
BLACK
6
CONTINUOUS
10
1.5491070866141732
20
1.1547685039370079
11
1.5531964566929133
21
1.1566754330708662
0
LINE
8
BLACK
6
CONTINUOUS
10
1.5531964566929133
20
1.1566754330708662
11
1.5565590551181101
21
1.1571181102362205
0
LINE
8
BLACK
6
CONTINUOUS
10
1.5565590551181101
20
1.1571181102362205
11
1.576244094488189
21
1.1571181102362205
0
LINE
8
BLACK
6
CONTINUOUS
10
1.576244094488189
20
1.1571181102362205
11
1.5796066929133858
21
1.1566754330708662
0
LINE
8
BLACK
6
CONTINUOUS
10
2.0503940944881891
20
1.1629510236220473
11
2.0544834645669292
21
1.161044094488189
0
LINE
8
BLACK
6
CONTINUOUS
10
2.0544834645669292
20
1.161044094488189
11
2.0576740157480313
21
1.1578535433070867
0
LINE
8
BLACK
6
CONTINUOUS
10
2.0576740157480313
20
1.1578535433070867
11
2.0595809448818896
21
1.1537641732283463
0
LINE
8
BLACK
6
CONTINUOUS
10
2.0595809448818896
20
1.1537641732283463
11
2.0600236220472441
21
1.1504015748031495
0
LINE
8
BLACK
6
CONTINUOUS
10
2.0600236220472441
20
1.1504015748031495
11
2.0600236220472441
21
1.113
0
LINE
8
BLACK
6
CONTINUOUS
10
2.0600236220472441
20
1.113
11
2.0595809448818896
21
1.1096374015748032
0
LINE
8
BLACK
6
CONTINUOUS
10
2.0595809448818896
20
1.1096374015748032
11
2.0576740157480313
21
1.1055480314960631
0
LINE
8
BLACK
6
CONTINUOUS
10
2.0576740157480313
20
1.1055480314960631
11
2.0544834645669292
21
1.1023574803149605
0
LINE
8
BLACK
6
CONTINUOUS
10
2.0544834645669292
20
1.1023574803149605
11
2.0503940944881891
21
1.1004505511811022
0
LINE
8
BLACK
6
CONTINUOUS
10
2.0503940944881891
20
1.1004505511811022
11
2.0470314960629921
21
1.100007874015748
0
LINE
8
BLACK
6
CONTINUOUS
10
2.0470314960629921
20
1.100007874015748
11
2.0273464566929134
21
1.100007874015748
0
LINE
8
BLACK
6
CONTINUOUS
10
2.0273464566929134
20
1.100007874015748
11
2.0239838582677163
21
1.1004505511811022
0
LINE
8
BLACK
6
CONTINUOUS
10
2.0239838582677163
20
1.1004505511811022
11
2.0198944881889762
21
1.1023574803149605
0
LINE
8
BLACK
6
CONTINUOUS
10
2.0198944881889762
20
1.1023574803149605
11
2.0167039370078741
21
1.1055480314960631
0
LINE
8
BLACK
6
CONTINUOUS
10
2.0167039370078741
20
1.1055480314960631
11
2.0147970078740158
21
1.1096374015748032
0
LINE
8
BLACK
6
CONTINUOUS
10
2.0147970078740158
20
1.1096374015748032
11
2.0143543307086613
21
1.113
0
LINE
8
BLACK
6
CONTINUOUS
10
2.0143543307086613
20
1.113
11
2.0143543307086613
21
1.1504015748031495
0
LINE
8
BLACK
6
CONTINUOUS
10
2.0143543307086613
20
1.1504015748031495
11
2.0147970078740158
21
1.1537641732283463
0
LINE
8
BLACK
6
CONTINUOUS
10
2.0147970078740158
20
1.1537641732283463
11
2.0167039370078741
21
1.1578535433070867
0
LINE
8
BLACK
6
CONTINUOUS
10
2.0167039370078741
20
1.1578535433070867
11
2.0198944881889762
21
1.161044094488189
0
LINE
8
BLACK
6
CONTINUOUS
10
2.0198944881889762
20
1.161044094488189
11
2.0239838582677163
21
1.1629510236220473
0
LINE
8
BLACK
6
CONTINUOUS
10
2.0239838582677163
20
1.1629510236220473
11
2.0273464566929134
21
1.1633937007874016
0
LINE
8
BLACK
6
CONTINUOUS
10
2.0273464566929134
20
1.1633937007874016
11
2.0470314960629921
21
1.1633937007874016
0
LINE
8
BLACK
6
CONTINUOUS
10
2.0470314960629921
20
1.1633937007874016
11
2.0503940944881891
21
1.1629510236220473
0
LINE
8
BLACK
6
CONTINUOUS
10
2.1251972440944882
20
1.1629510236220473
11
2.1292866141732283
21
1.161044094488189
0
LINE
8
BLACK
6
CONTINUOUS
10
2.1292866141732283
20
1.161044094488189
11
2.1324771653543309
21
1.1578535433070867
0
LINE
8
BLACK
6
CONTINUOUS
10
2.1324771653543309
20
1.1578535433070867
11
2.1343840944881891
21
1.1537641732283463
0
LINE
8
BLACK
6
CONTINUOUS
10
2.1343840944881891
20
1.1537641732283463
11
2.1348267716535432
21
1.1504015748031495
0
LINE
8
BLACK
6
CONTINUOUS
10
2.1348267716535432
20
1.1504015748031495
11
2.1348267716535432
21
1.113
0
LINE
8
BLACK
6
CONTINUOUS
10
2.1348267716535432
20
1.113
11
2.1343840944881891
21
1.1096374015748032
0
LINE
8
BLACK
6
CONTINUOUS
10
2.1343840944881891
20
1.1096374015748032
11
2.1324771653543309
21
1.1055480314960631
0
LINE
8
BLACK
6
CONTINUOUS
10
2.1324771653543309
20
1.1055480314960631
11
2.1292866141732283
21
1.1023574803149605
0
LINE
8
BLACK
6
CONTINUOUS
10
2.1292866141732283
20
1.1023574803149605
11
2.1251972440944882
21
1.1004505511811022
0
LINE
8
BLACK
6
CONTINUOUS
10
2.1251972440944882
20
1.1004505511811022
11
2.1218346456692911
21
1.100007874015748
0
LINE
8
BLACK
6
CONTINUOUS
10
2.1218346456692911
20
1.100007874015748
11
2.1021496062992124
21
1.100007874015748
0
LINE
8
BLACK
6
CONTINUOUS
10
2.1021496062992124
20
1.100007874015748
11
2.0987870078740158
21
1.1004505511811022
0
LINE
8
BLACK
6
CONTINUOUS
10
2.0987870078740158
20
1.1004505511811022
11
2.0946976377952757
21
1.1023574803149605
0
LINE
8
BLACK
6
CONTINUOUS
10
2.0946976377952757
20
1.1023574803149605
11
2.0915070866141732
21
1.1055480314960631
0
LINE
8
BLACK
6
CONTINUOUS
10
2.0915070866141732
20
1.1055480314960631
11
2.0896001574803149
21
1.1096374015748032
0
LINE
8
BLACK
6
CONTINUOUS
10
2.0896001574803149
20
1.1096374015748032
11
2.0891574803149604
21
1.113
0
LINE
8
BLACK
6
CONTINUOUS
10
2.0891574803149604
20
1.113
11
2.0891574803149604
21
1.1504015748031495
0
LINE
8
BLACK
6
CONTINUOUS
10
2.0891574803149604
20
1.1504015748031495
11
2.0896001574803149
21
1.1537641732283463
0
LINE
8
BLACK
6
CONTINUOUS
10
2.0896001574803149
20
1.1537641732283463
11
2.0915070866141732
21
1.1578535433070867
0
LINE
8
BLACK
6
CONTINUOUS
10
2.0915070866141732
20
1.1578535433070867
11
2.0946976377952757
21
1.161044094488189
0
LINE
8
BLACK
6
CONTINUOUS
10
2.0946976377952757
20
1.161044094488189
11
2.0987870078740158
21
1.1629510236220473
0
LINE
8
BLACK
6
CONTINUOUS
10
2.0987870078740158
20
1.1629510236220473
11
2.1021496062992124
21
1.1633937007874016
0
LINE
8
BLACK
6
CONTINUOUS
10
2.1021496062992124
20
1.1633937007874016
11
2.1218346456692911
21
1.1633937007874016
0
LINE
8
BLACK
6
CONTINUOUS
10
2.1218346456692911
20
1.1633937007874016
11
2.1251972440944882
21
1.1629510236220473
0
LINE
8
BLACK
6
CONTINUOUS
10
2.1873468503937006
20
1.1631085039370079
11
2.1914362204724407
21
1.1612015748031497
0
LINE
8
BLACK
6
CONTINUOUS
10
2.1914362204724407
20
1.1612015748031497
11
2.1946267716535433
21
1.1580110236220471
0
LINE
8
BLACK
6
CONTINUOUS
10
2.1946267716535433
20
1.1580110236220471
11
2.1965337007874015
21
1.153921653543307
0
LINE
8
BLACK
6
CONTINUOUS
10
2.1965337007874015
20
1.153921653543307
11
2.196976377952756
21
1.1505590551181102
0
LINE
8
BLACK
6
CONTINUOUS
10
2.196976377952756
20
1.1505590551181102
11
2.196976377952756
21
1.1131574803149606
0
LINE
8
BLACK
6
CONTINUOUS
10
2.196976377952756
20
1.1131574803149606
11
2.1965337007874015
21
1.1097948818897638
0
LINE
8
BLACK
6
CONTINUOUS
10
2.1965337007874015
20
1.1097948818897638
11
2.1946267716535433
21
1.1057055118110235
0
LINE
8
BLACK
6
CONTINUOUS
10
2.1946267716535433
20
1.1057055118110235
11
2.1914362204724407
21
1.1025149606299212
0
LINE
8
BLACK
6
CONTINUOUS
10
2.1914362204724407
20
1.1025149606299212
11
2.1873468503937006
21
1.1006080314960629
0
LINE
8
BLACK
6
CONTINUOUS
10
2.1873468503937006
20
1.1006080314960629
11
2.183984251968504
21
1.1001653543307086
0
LINE
8
BLACK
6
CONTINUOUS
10
2.183984251968504
20
1.1001653543307086
11
2.1642992125984253
21
1.1001653543307086
0
LINE
8
BLACK
6
CONTINUOUS
10
2.1642992125984253
20
1.1001653543307086
11
2.1609366141732282
21
1.1006080314960629
0
LINE
8
BLACK
6
CONTINUOUS
10
2.1609366141732282
20
1.1006080314960629
11
2.1568472440944881
21
1.1025149606299212
0
LINE
8
BLACK
6
CONTINUOUS
10
2.1568472440944881
20
1.1025149606299212
11
2.1536566929133856
21
1.1057055118110235
0
LINE
8
BLACK
6
CONTINUOUS
10
2.1536566929133856
20
1.1057055118110235
11
2.1517497637795273
21
1.1097948818897638
0
LINE
8
BLACK
6
CONTINUOUS
10
2.1517497637795273
20
1.1097948818897638
11
2.1513070866141732
21
1.1131574803149606
0
LINE
8
BLACK
6
CONTINUOUS
10
2.1513070866141732
20
1.1131574803149606
11
2.1513070866141732
21
1.1505590551181102
0
LINE
8
BLACK
6
CONTINUOUS
10
2.1513070866141732
20
1.1505590551181102
11
2.1517497637795273
21
1.153921653543307
0
LINE
8
BLACK
6
CONTINUOUS
10
2.1517497637795273
20
1.153921653543307
11
2.1536566929133856
21
1.1580110236220471
0
LINE
8
BLACK
6
CONTINUOUS
10
2.1536566929133856
20
1.1580110236220471
11
2.1568472440944881
21
1.1612015748031497
0
LINE
8
BLACK
6
CONTINUOUS
10
2.1568472440944881
20
1.1612015748031497
11
2.1609366141732282
21
1.1631085039370079
0
LINE
8
BLACK
6
CONTINUOUS
10
2.1609366141732282
20
1.1631085039370079
11
2.1642992125984253
21
1.1635511811023622
0
LINE
8
BLACK
6
CONTINUOUS
10
2.1642992125984253
20
1.1635511811023622
11
2.183984251968504
21
1.1635511811023622
0
LINE
8
BLACK
6
CONTINUOUS
10
2.183984251968504
20
1.1635511811023622
11
2.1873468503937006
21
1.1631085039370079
0
LINE
8
BLACK
6
CONTINUOUS
10
2.2621500000000001
20
1.1631085039370079
11
2.2662393700787402
21
1.1612015748031497
0
LINE
8
BLACK
6
CONTINUOUS
10
2.2662393700787402
20
1.1612015748031497
11
2.2694299212598423
21
1.1580110236220471
0
LINE
8
BLACK
6
CONTINUOUS
10
2.2694299212598423
20
1.1580110236220471
11
2.2713368503937006
21
1.153921653543307
0
LINE
8
BLACK
6
CONTINUOUS
10
2.2713368503937006
20
1.153921653543307
11
2.2717795275590551
21
1.1505590551181102
0
LINE
8
BLACK
6
CONTINUOUS
10
2.2717795275590551
20
1.1505590551181102
11
2.2717795275590551
21
1.1131574803149606
0
LINE
8
BLACK
6
CONTINUOUS
10
2.2717795275590551
20
1.1131574803149606
11
2.2713368503937006
21
1.1097948818897638
0
LINE
8
BLACK
6
CONTINUOUS
10
2.2713368503937006
20
1.1097948818897638
11
2.2694299212598423
21
1.1057055118110235
0
LINE
8
BLACK
6
CONTINUOUS
10
2.2694299212598423
20
1.1057055118110235
11
2.2662393700787402
21
1.1025149606299212
0
LINE
8
BLACK
6
CONTINUOUS
10
2.2662393700787402
20
1.1025149606299212
11
2.2621500000000001
21
1.1006080314960629
0
LINE
8
BLACK
6
CONTINUOUS
10
2.2621500000000001
20
1.1006080314960629
11
2.2587874015748031
21
1.1001653543307086
0
LINE
8
BLACK
6
CONTINUOUS
10
2.2587874015748031
20
1.1001653543307086
11
2.2391023622047244
21
1.1001653543307086
0
LINE
8
BLACK
6
CONTINUOUS
10
2.2391023622047244
20
1.1001653543307086
11
2.2357397637795273
21
1.1006080314960629
0
LINE
8
BLACK
6
CONTINUOUS
10
2.2357397637795273
20
1.1006080314960629
11
2.2316503937007872
21
1.1025149606299212
0
LINE
8
BLACK
6
CONTINUOUS
10
2.2316503937007872
20
1.1025149606299212
11
2.2284598425196851
21
1.1057055118110235
0
LINE
8
BLACK
6
CONTINUOUS
10
2.2284598425196851
20
1.1057055118110235
11
2.2265529133858268
21
1.1097948818897638
0
LINE
8
BLACK
6
CONTINUOUS
10
2.2265529133858268
20
1.1097948818897638
11
2.2261102362204723
21
1.1131574803149606
0
LINE
8
BLACK
6
CONTINUOUS
10
2.2261102362204723
20
1.1131574803149606
11
2.2261102362204723
21
1.1505590551181102
0
LINE
8
BLACK
6
CONTINUOUS
10
2.2261102362204723
20
1.1505590551181102
11
2.2265529133858268
21
1.153921653543307
0
LINE
8
BLACK
6
CONTINUOUS
10
2.2265529133858268
20
1.153921653543307
11
2.2284598425196851
21
1.1580110236220471
0
LINE
8
BLACK
6
CONTINUOUS
10
2.2284598425196851
20
1.1580110236220471
11
2.2316503937007872
21
1.1612015748031497
0
LINE
8
BLACK
6
CONTINUOUS
10
2.2316503937007872
20
1.1612015748031497
11
2.2357397637795273
21
1.1631085039370079
0
LINE
8
BLACK
6
CONTINUOUS
10
2.2357397637795273
20
1.1631085039370079
11
2.2391023622047244
21
1.1635511811023622
0
LINE
8
BLACK
6
CONTINUOUS
10
2.2391023622047244
20
1.1635511811023622
11
2.2587874015748031
21
1.1635511811023622
0
LINE
8
BLACK
6
CONTINUOUS
10
2.2587874015748031
20
1.1635511811023622
11
2.2621500000000001
21
1.1631085039370079
0
LINE
8
BLACK
6
CONTINUOUS
10
1.9068035433070867
20
1.1632502362204724
11
1.9108929133858268
21
1.1613433070866142
0
LINE
8
BLACK
6
CONTINUOUS
10
1.9108929133858268
20
1.1613433070866142
11
1.9140834645669291
21
1.1581527559055118
0
LINE
8
BLACK
6
CONTINUOUS
10
1.9140834645669291
20
1.1581527559055118
11
1.9159903937007874
21
1.1540633858267717
0
LINE
8
BLACK
6
CONTINUOUS
10
1.9159903937007874
20
1.1540633858267717
11
1.9164330708661417
21
1.1507007874015749
0
LINE
8
BLACK
6
CONTINUOUS
10
1.9164330708661417
20
1.1507007874015749
11
1.9164330708661417
21
1.1132992125984251
0
LINE
8
BLACK
6
CONTINUOUS
10
1.9164330708661417
20
1.1132992125984251
11
1.9159903937007874
21
1.1099366141732283
0
LINE
8
BLACK
6
CONTINUOUS
10
1.9159903937007874
20
1.1099366141732283
11
1.9140834645669291
21
1.1058472440944882
0
LINE
8
BLACK
6
CONTINUOUS
10
1.9140834645669291
20
1.1058472440944882
11
1.9108929133858268
21
1.1026566929133859
0
LINE
8
BLACK
6
CONTINUOUS
10
1.9108929133858268
20
1.1026566929133859
11
1.9068035433070867
21
1.1007497637795276
0
LINE
8
BLACK
6
CONTINUOUS
10
1.9068035433070867
20
1.1007497637795276
11
1.9034409448818896
21
1.1003070866141733
0
LINE
8
BLACK
6
CONTINUOUS
10
1.9034409448818896
20
1.1003070866141733
11
1.8837559055118109
21
1.1003070866141733
0
LINE
8
BLACK
6
CONTINUOUS
10
1.8837559055118109
20
1.1003070866141733
11
1.8803933070866141
21
1.1007497637795276
0
LINE
8
BLACK
6
CONTINUOUS
10
1.8803933070866141
20
1.1007497637795276
11
1.876303937007874
21
1.1026566929133859
0
LINE
8
BLACK
6
CONTINUOUS
10
1.876303937007874
20
1.1026566929133859
11
1.8731133858267717
21
1.1058472440944882
0
LINE
8
BLACK
6
CONTINUOUS
10
1.8731133858267717
20
1.1058472440944882
11
1.8712064566929134
21
1.1099366141732283
0
LINE
8
BLACK
6
CONTINUOUS
10
1.8712064566929134
20
1.1099366141732283
11
1.8707637795275591
21
1.1132992125984251
0
LINE
8
BLACK
6
CONTINUOUS
10
1.8707637795275591
20
1.1132992125984251
11
1.8707637795275591
21
1.1507007874015749
0
LINE
8
BLACK
6
CONTINUOUS
10
1.8707637795275591
20
1.1507007874015749
11
1.8712064566929134
21
1.1540633858267717
0
LINE
8
BLACK
6
CONTINUOUS
10
1.8712064566929134
20
1.1540633858267717
11
1.8731133858267717
21
1.1581527559055118
0
LINE
8
BLACK
6
CONTINUOUS
10
1.8731133858267717
20
1.1581527559055118
11
1.876303937007874
21
1.1613433070866142
0
LINE
8
BLACK
6
CONTINUOUS
10
1.876303937007874
20
1.1613433070866142
11
1.8803933070866141
21
1.1632502362204724
0
LINE
8
BLACK
6
CONTINUOUS
10
1.8803933070866141
20
1.1632502362204724
11
1.8837559055118109
21
1.1636929133858267
0
LINE
8
BLACK
6
CONTINUOUS
10
1.8837559055118109
20
1.1636929133858267
11
1.9034409448818896
21
1.1636929133858267
0
LINE
8
BLACK
6
CONTINUOUS
10
1.9034409448818896
20
1.1636929133858267
11
1.9068035433070867
21
1.1632502362204724
0
LINE
8
BLACK
6
CONTINUOUS
10
1.9816066929133858
20
1.1632502362204724
11
1.9856960629921259
21
1.1613433070866142
0
LINE
8
BLACK
6
CONTINUOUS
10
1.9856960629921259
20
1.1613433070866142
11
1.9888866141732282
21
1.1581527559055118
0
LINE
8
BLACK
6
CONTINUOUS
10
1.9888866141732282
20
1.1581527559055118
11
1.9907935433070865
21
1.1540633858267717
0
LINE
8
BLACK
6
CONTINUOUS
10
1.9907935433070865
20
1.1540633858267717
11
1.991236220472441
21
1.1507007874015749
0
LINE
8
BLACK
6
CONTINUOUS
10
1.991236220472441
20
1.1507007874015749
11
1.991236220472441
21
1.1132992125984251
0
LINE
8
BLACK
6
CONTINUOUS
10
1.991236220472441
20
1.1132992125984251
11
1.9907935433070865
21
1.1099366141732283
0
LINE
8
BLACK
6
CONTINUOUS
10
1.9907935433070865
20
1.1099366141732283
11
1.9888866141732282
21
1.1058472440944882
0
LINE
8
BLACK
6
CONTINUOUS
10
1.9888866141732282
20
1.1058472440944882
11
1.9856960629921259
21
1.1026566929133859
0
LINE
8
BLACK
6
CONTINUOUS
10
1.9856960629921259
20
1.1026566929133859
11
1.9816066929133858
21
1.1007497637795276
0
LINE
8
BLACK
6
CONTINUOUS
10
1.9816066929133858
20
1.1007497637795276
11
1.9782440944881889
21
1.1003070866141733
0
LINE
8
BLACK
6
CONTINUOUS
10
1.9782440944881889
20
1.1003070866141733
11
1.9585590551181102
21
1.1003070866141733
0
LINE
8
BLACK
6
CONTINUOUS
10
1.9585590551181102
20
1.1003070866141733
11
1.9551964566929134
21
1.1007497637795276
0
LINE
8
BLACK
6
CONTINUOUS
10
1.9551964566929134
20
1.1007497637795276
11
1.9511070866141731
21
1.1026566929133859
0
LINE
8
BLACK
6
CONTINUOUS
10
1.9511070866141731
20
1.1026566929133859
11
1.9479165354330708
21
1.1058472440944882
0
LINE
8
BLACK
6
CONTINUOUS
10
1.9479165354330708
20
1.1058472440944882
11
1.9460096062992125
21
1.1099366141732283
0
LINE
8
BLACK
6
CONTINUOUS
10
1.9460096062992125
20
1.1099366141732283
11
1.9455669291338582
21
1.1132992125984251
0
LINE
8
BLACK
6
CONTINUOUS
10
1.9455669291338582
20
1.1132992125984251
11
1.9455669291338582
21
1.1507007874015749
0
LINE
8
BLACK
6
CONTINUOUS
10
1.9455669291338582
20
1.1507007874015749
11
1.9460096062992125
21
1.1540633858267717
0
LINE
8
BLACK
6
CONTINUOUS
10
1.9460096062992125
20
1.1540633858267717
11
1.9479165354330708
21
1.1581527559055118
0
LINE
8
BLACK
6
CONTINUOUS
10
1.9479165354330708
20
1.1581527559055118
11
1.9511070866141731
21
1.1613433070866142
0
LINE
8
BLACK
6
CONTINUOUS
10
1.9511070866141731
20
1.1613433070866142
11
1.9551964566929134
21
1.1632502362204724
0
LINE
8
BLACK
6
CONTINUOUS
10
1.9551964566929134
20
1.1632502362204724
11
1.9585590551181102
21
1.1636929133858267
0
LINE
8
BLACK
6
CONTINUOUS
10
1.9585590551181102
20
1.1636929133858267
11
1.9782440944881889
21
1.1636929133858267
0
LINE
8
BLACK
6
CONTINUOUS
10
1.9782440944881889
20
1.1636929133858267
11
1.9816066929133858
21
1.1632502362204724
0
LINE
8
BLACK
6
CONTINUOUS
10
2.605370748031496
20
1.206964251968504
11
2.608308464566929
21
1.205001377952756
0
LINE
8
BLACK
6
CONTINUOUS
10
2.608308464566929
20
1.205001377952756
11
2.610271338582677
21
1.2020636614173228
0
LINE
8
BLACK
6
CONTINUOUS
10
2.610271338582677
20
1.2020636614173228
11
2.61096062992126
21
1.1985984251968504
0
LINE
8
BLACK
6
CONTINUOUS
10
2.61096062992126
20
1.1985984251968504
11
2.61096062992126
21
1.1336377952755905
0
LINE
8
BLACK
6
CONTINUOUS
10
2.61096062992126
20
1.1336377952755905
11
2.610271338582677
21
1.1301725590551182
0
LINE
8
BLACK
6
CONTINUOUS
10
2.610271338582677
20
1.1301725590551182
11
2.608308464566929
21
1.127234842519685
0
LINE
8
BLACK
6
CONTINUOUS
10
2.608308464566929
20
1.127234842519685
11
2.605370748031496
21
1.125271968503937
0
LINE
8
BLACK
6
CONTINUOUS
10
2.605370748031496
20
1.125271968503937
11
2.6019055118110237
21
1.1245826771653542
0
LINE
8
BLACK
6
CONTINUOUS
10
2.6019055118110237
20
1.1245826771653542
11
2.5900944881889765
21
1.1245826771653542
0
LINE
8
BLACK
6
CONTINUOUS
10
2.5900944881889765
20
1.1245826771653542
11
2.5866292519685037
21
1.125271968503937
0
LINE
8
BLACK
6
CONTINUOUS
10
2.5866292519685037
20
1.125271968503937
11
2.5836915354330707
21
1.127234842519685
0
LINE
8
BLACK
6
CONTINUOUS
10
2.5836915354330707
20
1.127234842519685
11
2.5817286614173227
21
1.1301725590551182
0
LINE
8
BLACK
6
CONTINUOUS
10
2.5817286614173227
20
1.1301725590551182
11
2.5810393700787402
21
1.1336377952755905
0
LINE
8
BLACK
6
CONTINUOUS
10
2.5810393700787402
20
1.1336377952755905
11
2.5810393700787402
21
1.1985984251968504
0
LINE
8
BLACK
6
CONTINUOUS
10
2.5810393700787402
20
1.1985984251968504
11
2.5817286614173227
21
1.2020636614173228
0
LINE
8
BLACK
6
CONTINUOUS
10
2.5817286614173227
20
1.2020636614173228
11
2.5836915354330707
21
1.205001377952756
0
LINE
8
BLACK
6
CONTINUOUS
10
2.5836915354330707
20
1.205001377952756
11
2.5866292519685037
21
1.206964251968504
0
LINE
8
BLACK
6
CONTINUOUS
10
2.5866292519685037
20
1.206964251968504
11
2.5900944881889765
21
1.2076535433070865
0
LINE
8
BLACK
6
CONTINUOUS
10
2.5900944881889765
20
1.2076535433070865
11
2.6019055118110237
21
1.2076535433070865
0
LINE
8
BLACK
6
CONTINUOUS
10
2.6019055118110237
20
1.2076535433070865
11
2.605370748031496
21
1.206964251968504
0
LINE
8
BLACK
6
CONTINUOUS
10
2.6553707480314959
20
1.206964251968504
11
2.6583084645669293
21
1.205001377952756
0
LINE
8
BLACK
6
CONTINUOUS
10
2.6583084645669293
20
1.205001377952756
11
2.6602713385826773
21
1.2020636614173228
0
LINE
8
BLACK
6
CONTINUOUS
10
2.6602713385826773
20
1.2020636614173228
11
2.6609606299212598
21
1.1985984251968504
0
LINE
8
BLACK
6
CONTINUOUS
10
2.6609606299212598
20
1.1985984251968504
11
2.6609606299212598
21
1.1336377952755905
0
LINE
8
BLACK
6
CONTINUOUS
10
2.6609606299212598
20
1.1336377952755905
11
2.6602713385826773
21
1.1301725590551182
0
LINE
8
BLACK
6
CONTINUOUS
10
2.6602713385826773
20
1.1301725590551182
11
2.6583084645669293
21
1.127234842519685
0
LINE
8
BLACK
6
CONTINUOUS
10
2.6583084645669293
20
1.127234842519685
11
2.6553707480314959
21
1.125271968503937
0
LINE
8
BLACK
6
CONTINUOUS
10
2.6553707480314959
20
1.125271968503937
11
2.6519055118110235
21
1.1245826771653542
0
LINE
8
BLACK
6
CONTINUOUS
10
2.6519055118110235
20
1.1245826771653542
11
2.6400944881889763
21
1.1245826771653542
0
LINE
8
BLACK
6
CONTINUOUS
10
2.6400944881889763
20
1.1245826771653542
11
2.636629251968504
21
1.125271968503937
0
LINE
8
BLACK
6
CONTINUOUS
10
2.636629251968504
20
1.125271968503937
11
2.633691535433071
21
1.127234842519685
0
LINE
8
BLACK
6
CONTINUOUS
10
2.633691535433071
20
1.127234842519685
11
2.631728661417323
21
1.1301725590551182
0
LINE
8
BLACK
6
CONTINUOUS
10
2.631728661417323
20
1.1301725590551182
11
2.63103937007874
21
1.1336377952755905
0
LINE
8
BLACK
6
CONTINUOUS
10
2.63103937007874
20
1.1336377952755905
11
2.63103937007874
21
1.1985984251968504
0
LINE
8
BLACK
6
CONTINUOUS
10
2.63103937007874
20
1.1985984251968504
11
2.631728661417323
21
1.2020636614173228
0
LINE
8
BLACK
6
CONTINUOUS
10
2.631728661417323
20
1.2020636614173228
11
2.633691535433071
21
1.205001377952756
0
LINE
8
BLACK
6
CONTINUOUS
10
2.633691535433071
20
1.205001377952756
11
2.636629251968504
21
1.206964251968504
0
LINE
8
BLACK
6
CONTINUOUS
10
2.636629251968504
20
1.206964251968504
11
2.6400944881889763
21
1.2076535433070865
0
LINE
8
BLACK
6
CONTINUOUS
10
2.6400944881889763
20
1.2076535433070865
11
2.6519055118110235
21
1.2076535433070865
0
LINE
8
BLACK
6
CONTINUOUS
10
2.6519055118110235
20
1.2076535433070865
11
2.6553707480314959
21
1.206964251968504
0
LINE
8
BLACK
6
CONTINUOUS
10
2.7053707480314961
20
1.206964251968504
11
2.7083084645669291
21
1.205001377952756
0
LINE
8
BLACK
6
CONTINUOUS
10
2.7083084645669291
20
1.205001377952756
11
2.7102713385826771
21
1.2020636614173228
0
LINE
8
BLACK
6
CONTINUOUS
10
2.7102713385826771
20
1.2020636614173228
11
2.7109606299212596
21
1.1985984251968504
0
LINE
8
BLACK
6
CONTINUOUS
10
2.7109606299212596
20
1.1985984251968504
11
2.7109606299212596
21
1.1336377952755905
0
LINE
8
BLACK
6
CONTINUOUS
10
2.7109606299212596
20
1.1336377952755905
11
2.7102713385826771
21
1.1301725590551182
0
LINE
8
BLACK
6
CONTINUOUS
10
2.7102713385826771
20
1.1301725590551182
11
2.7083084645669291
21
1.127234842519685
0
LINE
8
BLACK
6
CONTINUOUS
10
2.7083084645669291
20
1.127234842519685
11
2.7053707480314961
21
1.125271968503937
0
LINE
8
BLACK
6
CONTINUOUS
10
2.7053707480314961
20
1.125271968503937
11
2.7019055118110233
21
1.1245826771653542
0
LINE
8
BLACK
6
CONTINUOUS
10
2.7019055118110233
20
1.1245826771653542
11
2.6900944881889761
21
1.1245826771653542
0
LINE
8
BLACK
6
CONTINUOUS
10
2.6900944881889761
20
1.1245826771653542
11
2.6866292519685038
21
1.125271968503937
0
LINE
8
BLACK
6
CONTINUOUS
10
2.6866292519685038
20
1.125271968503937
11
2.6836915354330708
21
1.127234842519685
0
LINE
8
BLACK
6
CONTINUOUS
10
2.6836915354330708
20
1.127234842519685
11
2.6817286614173228
21
1.1301725590551182
0
LINE
8
BLACK
6
CONTINUOUS
10
2.6817286614173228
20
1.1301725590551182
11
2.6810393700787403
21
1.1336377952755905
0
LINE
8
BLACK
6
CONTINUOUS
10
2.6810393700787403
20
1.1336377952755905
11
2.6810393700787403
21
1.1985984251968504
0
LINE
8
BLACK
6
CONTINUOUS
10
2.6810393700787403
20
1.1985984251968504
11
2.6817286614173228
21
1.2020636614173228
0
LINE
8
BLACK
6
CONTINUOUS
10
2.6817286614173228
20
1.2020636614173228
11
2.6836915354330708
21
1.205001377952756
0
LINE
8
BLACK
6
CONTINUOUS
10
2.6836915354330708
20
1.205001377952756
11
2.6866292519685038
21
1.206964251968504
0
LINE
8
BLACK
6
CONTINUOUS
10
2.6866292519685038
20
1.206964251968504
11
2.6900944881889761
21
1.2076535433070865
0
LINE
8
BLACK
6
CONTINUOUS
10
2.6900944881889761
20
1.2076535433070865
11
2.7019055118110233
21
1.2076535433070865
0
LINE
8
BLACK
6
CONTINUOUS
10
2.7019055118110233
20
1.2076535433070865
11
2.7053707480314961
21
1.206964251968504
0
LINE
8
BLACK
6
CONTINUOUS
10
2.755370748031496
20
1.206964251968504
11
2.7583084645669289
21
1.205001377952756
0
LINE
8
BLACK
6
CONTINUOUS
10
2.7583084645669289
20
1.205001377952756
11
2.7602713385826769
21
1.2020636614173228
0
LINE
8
BLACK
6
CONTINUOUS
10
2.7602713385826769
20
1.2020636614173228
11
2.7609606299212599
21
1.1985984251968504
0
LINE
8
BLACK
6
CONTINUOUS
10
2.7609606299212599
20
1.1985984251968504
11
2.7609606299212599
21
1.1336377952755905
0
LINE
8
BLACK
6
CONTINUOUS
10
2.7609606299212599
20
1.1336377952755905
11
2.7602713385826769
21
1.1301725590551182
0
LINE
8
BLACK
6
CONTINUOUS
10
2.7602713385826769
20
1.1301725590551182
11
2.7583084645669289
21
1.127234842519685
0
LINE
8
BLACK
6
CONTINUOUS
10
2.7583084645669289
20
1.127234842519685
11
2.755370748031496
21
1.125271968503937
0
LINE
8
BLACK
6
CONTINUOUS
10
2.755370748031496
20
1.125271968503937
11
2.7519055118110236
21
1.1245826771653542
0
LINE
8
BLACK
6
CONTINUOUS
10
2.7519055118110236
20
1.1245826771653542
11
2.7400944881889764
21
1.1245826771653542
0
LINE
8
BLACK
6
CONTINUOUS
10
2.7400944881889764
20
1.1245826771653542
11
2.736629251968504
21
1.125271968503937
0
LINE
8
BLACK
6
CONTINUOUS
10
2.736629251968504
20
1.125271968503937
11
2.7336915354330706
21
1.127234842519685
0
LINE
8
BLACK
6
CONTINUOUS
10
2.7336915354330706
20
1.127234842519685
11
2.7317286614173226
21
1.1301725590551182
0
LINE
8
BLACK
6
CONTINUOUS
10
2.7317286614173226
20
1.1301725590551182
11
2.7310393700787401
21
1.1336377952755905
0
LINE
8
BLACK
6
CONTINUOUS
10
2.7310393700787401
20
1.1336377952755905
11
2.7310393700787401
21
1.1985984251968504
0
LINE
8
BLACK
6
CONTINUOUS
10
2.7310393700787401
20
1.1985984251968504
11
2.7317286614173226
21
1.2020636614173228
0
LINE
8
BLACK
6
CONTINUOUS
10
2.7317286614173226
20
1.2020636614173228
11
2.7336915354330706
21
1.205001377952756
0
LINE
8
BLACK
6
CONTINUOUS
10
2.7336915354330706
20
1.205001377952756
11
2.736629251968504
21
1.206964251968504
0
LINE
8
BLACK
6
CONTINUOUS
10
2.736629251968504
20
1.206964251968504
11
2.7400944881889764
21
1.2076535433070865
0
LINE
8
BLACK
6
CONTINUOUS
10
2.7400944881889764
20
1.2076535433070865
11
2.7519055118110236
21
1.2076535433070865
0
LINE
8
BLACK
6
CONTINUOUS
10
2.7519055118110236
20
1.2076535433070865
11
2.755370748031496
21
1.206964251968504
0
LINE
8
BLACK
6
CONTINUOUS
10
1.1418035433070866
20
1.1912502362204724
11
1.1458929133858267
21
1.1893433070866142
0
LINE
8
BLACK
6
CONTINUOUS
10
1.1458929133858267
20
1.1893433070866142
11
1.149083464566929
21
1.1861527559055118
0
LINE
8
BLACK
6
CONTINUOUS
10
1.149083464566929
20
1.1861527559055118
11
1.1509903937007875
21
1.1820633858267717
0
LINE
8
BLACK
6
CONTINUOUS
10
1.1509903937007875
20
1.1820633858267717
11
1.1514330708661418
21
1.1787007874015747
0
LINE
8
BLACK
6
CONTINUOUS
10
1.1514330708661418
20
1.1787007874015747
11
1.1514330708661418
21
1.1412992125984252
0
LINE
8
BLACK
6
CONTINUOUS
10
1.1514330708661418
20
1.1412992125984252
11
1.1509903937007875
21
1.1379366141732283
0
LINE
8
BLACK
6
CONTINUOUS
10
1.1509903937007875
20
1.1379366141732283
11
1.149083464566929
21
1.1338472440944882
0
LINE
8
BLACK
6
CONTINUOUS
10
1.149083464566929
20
1.1338472440944882
11
1.1458929133858267
21
1.1306566929133859
0
LINE
8
BLACK
6
CONTINUOUS
10
1.1458929133858267
20
1.1306566929133859
11
1.1418035433070866
21
1.1287497637795276
0
LINE
8
BLACK
6
CONTINUOUS
10
1.1418035433070866
20
1.1287497637795276
11
1.1384409448818897
21
1.1283070866141731
0
LINE
8
BLACK
6
CONTINUOUS
10
1.1384409448818897
20
1.1283070866141731
11
1.118755905511811
21
1.1283070866141731
0
LINE
8
BLACK
6
CONTINUOUS
10
1.118755905511811
20
1.1283070866141731
11
1.1153933070866142
21
1.1287497637795276
0
LINE
8
BLACK
6
CONTINUOUS
10
1.1153933070866142
20
1.1287497637795276
11
1.1113039370078739
21
1.1306566929133859
0
LINE
8
BLACK
6
CONTINUOUS
10
1.1113039370078739
20
1.1306566929133859
11
1.1081133858267715
21
1.1338472440944882
0
LINE
8
BLACK
6
CONTINUOUS
10
1.1081133858267715
20
1.1338472440944882
11
1.1062064566929133
21
1.1379366141732283
0
LINE
8
BLACK
6
CONTINUOUS
10
1.1062064566929133
20
1.1379366141732283
11
1.105763779527559
21
1.1412992125984252
0
LINE
8
BLACK
6
CONTINUOUS
10
1.105763779527559
20
1.1412992125984252
11
1.105763779527559
21
1.1787007874015747
0
LINE
8
BLACK
6
CONTINUOUS
10
1.105763779527559
20
1.1787007874015747
11
1.1062064566929133
21
1.1820633858267717
0
LINE
8
BLACK
6
CONTINUOUS
10
1.1062064566929133
20
1.1820633858267717
11
1.1081133858267715
21
1.1861527559055118
0
LINE
8
BLACK
6
CONTINUOUS
10
1.1081133858267715
20
1.1861527559055118
11
1.1113039370078739
21
1.1893433070866142
0
LINE
8
BLACK
6
CONTINUOUS
10
1.1113039370078739
20
1.1893433070866142
11
1.1153933070866142
21
1.1912502362204724
0
LINE
8
BLACK
6
CONTINUOUS
10
1.1153933070866142
20
1.1912502362204724
11
1.118755905511811
21
1.1916929133858267
0
LINE
8
BLACK
6
CONTINUOUS
10
1.118755905511811
20
1.1916929133858267
11
1.1384409448818897
21
1.1916929133858267
0
LINE
8
BLACK
6
CONTINUOUS
10
1.1384409448818897
20
1.1916929133858267
11
1.1418035433070866
21
1.1912502362204724
0
LINE
8
BLACK
6
CONTINUOUS
10
1.2166066929133859
20
1.1912502362204724
11
1.220696062992126
21
1.1893433070866142
0
LINE
8
BLACK
6
CONTINUOUS
10
1.220696062992126
20
1.1893433070866142
11
1.2238866141732283
21
1.1861527559055118
0
LINE
8
BLACK
6
CONTINUOUS
10
1.2238866141732283
20
1.1861527559055118
11
1.2257935433070866
21
1.1820633858267717
0
LINE
8
BLACK
6
CONTINUOUS
10
1.2257935433070866
20
1.1820633858267717
11
1.2262362204724409
21
1.1787007874015747
0
LINE
8
BLACK
6
CONTINUOUS
10
1.2262362204724409
20
1.1787007874015747
11
1.2262362204724409
21
1.1412992125984252
0
LINE
8
BLACK
6
CONTINUOUS
10
1.2262362204724409
20
1.1412992125984252
11
1.2257935433070866
21
1.1379366141732283
0
LINE
8
BLACK
6
CONTINUOUS
10
1.2257935433070866
20
1.1379366141732283
11
1.2238866141732283
21
1.1338472440944882
0
LINE
8
BLACK
6
CONTINUOUS
10
1.2238866141732283
20
1.1338472440944882
11
1.220696062992126
21
1.1306566929133859
0
LINE
8
BLACK
6
CONTINUOUS
10
1.220696062992126
20
1.1306566929133859
11
1.2166066929133859
21
1.1287497637795276
0
LINE
8
BLACK
6
CONTINUOUS
10
1.2166066929133859
20
1.1287497637795276
11
1.213244094488189
21
1.1283070866141731
0
LINE
8
BLACK
6
CONTINUOUS
10
1.213244094488189
20
1.1283070866141731
11
1.1935590551181101
21
1.1283070866141731
0
LINE
8
BLACK
6
CONTINUOUS
10
1.1935590551181101
20
1.1283070866141731
11
1.1901964566929133
21
1.1287497637795276
0
LINE
8
BLACK
6
CONTINUOUS
10
1.1901964566929133
20
1.1287497637795276
11
1.1861070866141732
21
1.1306566929133859
0
LINE
8
BLACK
6
CONTINUOUS
10
1.1861070866141732
20
1.1306566929133859
11
1.1829165354330708
21
1.1338472440944882
0
LINE
8
BLACK
6
CONTINUOUS
10
1.1829165354330708
20
1.1338472440944882
11
1.1810096062992126
21
1.1379366141732283
0
LINE
8
BLACK
6
CONTINUOUS
10
1.1810096062992126
20
1.1379366141732283
11
1.1805669291338583
21
1.1412992125984252
0
LINE
8
BLACK
6
CONTINUOUS
10
1.1805669291338583
20
1.1412992125984252
11
1.1805669291338583
21
1.1787007874015747
0
LINE
8
BLACK
6
CONTINUOUS
10
1.1805669291338583
20
1.1787007874015747
11
1.1810096062992126
21
1.1820633858267717
0
LINE
8
BLACK
6
CONTINUOUS
10
1.1810096062992126
20
1.1820633858267717
11
1.1829165354330708
21
1.1861527559055118
0
LINE
8
BLACK
6
CONTINUOUS
10
1.1829165354330708
20
1.1861527559055118
11
1.1861070866141732
21
1.1893433070866142
0
LINE
8
BLACK
6
CONTINUOUS
10
1.1861070866141732
20
1.1893433070866142
11
1.1901964566929133
21
1.1912502362204724
0
LINE
8
BLACK
6
CONTINUOUS
10
1.1901964566929133
20
1.1912502362204724
11
1.1935590551181101
21
1.1916929133858267
0
LINE
8
BLACK
6
CONTINUOUS
10
1.1935590551181101
20
1.1916929133858267
11
1.213244094488189
21
1.1916929133858267
0
LINE
8
BLACK
6
CONTINUOUS
10
1.213244094488189
20
1.1916929133858267
11
1.2166066929133859
21
1.1912502362204724
0
LINE
8
BLACK
6
CONTINUOUS
10
1.0008035433070865
20
1.1922502362204723
11
1.0048929133858266
21
1.1903433070866141
0
LINE
8
BLACK
6
CONTINUOUS
10
1.0048929133858266
20
1.1903433070866141
11
1.0080834645669292
21
1.1871527559055117
0
LINE
8
BLACK
6
CONTINUOUS
10
1.0080834645669292
20
1.1871527559055117
11
1.0099903937007875
21
1.1830633858267716
0
LINE
8
BLACK
6
CONTINUOUS
10
1.0099903937007875
20
1.1830633858267716
11
1.0104330708661418
21
1.1797007874015748
0
LINE
8
BLACK
6
CONTINUOUS
10
1.0104330708661418
20
1.1797007874015748
11
1.0104330708661418
21
1.1422992125984253
0
LINE
8
BLACK
6
CONTINUOUS
10
1.0104330708661418
20
1.1422992125984253
11
1.0099903937007875
21
1.1389366141732282
0
LINE
8
BLACK
6
CONTINUOUS
10
1.0099903937007875
20
1.1389366141732282
11
1.0080834645669292
21
1.1348472440944881
0
LINE
8
BLACK
6
CONTINUOUS
10
1.0080834645669292
20
1.1348472440944881
11
1.0048929133858266
21
1.1316566929133858
0
LINE
8
BLACK
6
CONTINUOUS
10
1.0048929133858266
20
1.1316566929133858
11
1.0008035433070865
21
1.1297497637795275
0
LINE
8
BLACK
6
CONTINUOUS
10
1.0008035433070865
20
1.1297497637795275
11
0.9974409448818897
21
1.1293070866141732
0
LINE
8
BLACK
6
CONTINUOUS
10
0.9974409448818897
20
1.1293070866141732
11
0.977755905511811
21
1.1293070866141732
0
LINE
8
BLACK
6
CONTINUOUS
10
0.977755905511811
20
1.1293070866141732
11
0.9743933070866142
21
1.1297497637795275
0
LINE
8
BLACK
6
CONTINUOUS
10
0.9743933070866142
20
1.1297497637795275
11
0.970303937007874
21
1.1316566929133858
0
LINE
8
BLACK
6
CONTINUOUS
10
0.970303937007874
20
1.1316566929133858
11
0.9671133858267716
21
1.1348472440944881
0
LINE
8
BLACK
6
CONTINUOUS
10
0.9671133858267716
20
1.1348472440944881
11
0.9652064566929134
21
1.1389366141732282
0
LINE
8
BLACK
6
CONTINUOUS
10
0.9652064566929134
20
1.1389366141732282
11
0.964763779527559
21
1.1422992125984253
0
LINE
8
BLACK
6
CONTINUOUS
10
0.964763779527559
20
1.1422992125984253
11
0.964763779527559
21
1.1797007874015748
0
LINE
8
BLACK
6
CONTINUOUS
10
0.964763779527559
20
1.1797007874015748
11
0.9652064566929134
21
1.1830633858267716
0
LINE
8
BLACK
6
CONTINUOUS
10
0.9652064566929134
20
1.1830633858267716
11
0.9671133858267716
21
1.1871527559055117
0
LINE
8
BLACK
6
CONTINUOUS
10
0.9671133858267716
20
1.1871527559055117
11
0.970303937007874
21
1.1903433070866141
0
LINE
8
BLACK
6
CONTINUOUS
10
0.970303937007874
20
1.1903433070866141
11
0.9743933070866142
21
1.1922502362204723
0
LINE
8
BLACK
6
CONTINUOUS
10
0.9743933070866142
20
1.1922502362204723
11
0.977755905511811
21
1.1926929133858268
0
LINE
8
BLACK
6
CONTINUOUS
10
0.977755905511811
20
1.1926929133858268
11
0.9974409448818897
21
1.1926929133858268
0
LINE
8
BLACK
6
CONTINUOUS
10
0.9974409448818897
20
1.1926929133858268
11
1.0008035433070865
21
1.1922502362204723
0
LINE
8
BLACK
6
CONTINUOUS
10
1.0756066929133858
20
1.1922502362204723
11
1.0796960629921259
21
1.1903433070866141
0
LINE
8
BLACK
6
CONTINUOUS
10
1.0796960629921259
20
1.1903433070866141
11
1.0828866141732283
21
1.1871527559055117
0
LINE
8
BLACK
6
CONTINUOUS
10
1.0828866141732283
20
1.1871527559055117
11
1.0847935433070865
21
1.1830633858267716
0
LINE
8
BLACK
6
CONTINUOUS
10
1.0847935433070865
20
1.1830633858267716
11
1.0852362204724408
21
1.1797007874015748
0
LINE
8
BLACK
6
CONTINUOUS
10
1.0852362204724408
20
1.1797007874015748
11
1.0852362204724408
21
1.1422992125984253
0
LINE
8
BLACK
6
CONTINUOUS
10
1.0852362204724408
20
1.1422992125984253
11
1.0847935433070865
21
1.1389366141732282
0
LINE
8
BLACK
6
CONTINUOUS
10
1.0847935433070865
20
1.1389366141732282
11
1.0828866141732283
21
1.1348472440944881
0
LINE
8
BLACK
6
CONTINUOUS
10
1.0828866141732283
20
1.1348472440944881
11
1.0796960629921259
21
1.1316566929133858
0
LINE
8
BLACK
6
CONTINUOUS
10
1.0796960629921259
20
1.1316566929133858
11
1.0756066929133858
21
1.1297497637795275
0
LINE
8
BLACK
6
CONTINUOUS
10
1.0756066929133858
20
1.1297497637795275
11
1.072244094488189
21
1.1293070866141732
0
LINE
8
BLACK
6
CONTINUOUS
10
1.072244094488189
20
1.1293070866141732
11
1.0525590551181103
21
1.1293070866141732
0
LINE
8
BLACK
6
CONTINUOUS
10
1.0525590551181103
20
1.1293070866141732
11
1.0491964566929133
21
1.1297497637795275
0
LINE
8
BLACK
6
CONTINUOUS
10
1.0491964566929133
20
1.1297497637795275
11
1.0451070866141732
21
1.1316566929133858
0
LINE
8
BLACK
6
CONTINUOUS
10
1.0451070866141732
20
1.1316566929133858
11
1.0419165354330708
21
1.1348472440944881
0
LINE
8
BLACK
6
CONTINUOUS
10
1.0419165354330708
20
1.1348472440944881
11
1.0400096062992126
21
1.1389366141732282
0
LINE
8
BLACK
6
CONTINUOUS
10
1.0400096062992126
20
1.1389366141732282
11
1.0395669291338583
21
1.1422992125984253
0
LINE
8
BLACK
6
CONTINUOUS
10
1.0395669291338583
20
1.1422992125984253
11
1.0395669291338583
21
1.1797007874015748
0
LINE
8
BLACK
6
CONTINUOUS
10
1.0395669291338583
20
1.1797007874015748
11
1.0400096062992126
21
1.1830633858267716
0
LINE
8
BLACK
6
CONTINUOUS
10
1.0400096062992126
20
1.1830633858267716
11
1.0419165354330708
21
1.1871527559055117
0
LINE
8
BLACK
6
CONTINUOUS
10
1.0419165354330708
20
1.1871527559055117
11
1.0451070866141732
21
1.1903433070866141
0
LINE
8
BLACK
6
CONTINUOUS
10
1.0451070866141732
20
1.1903433070866141
11
1.0491964566929133
21
1.1922502362204723
0
LINE
8
BLACK
6
CONTINUOUS
10
1.0491964566929133
20
1.1922502362204723
11
1.0525590551181103
21
1.1926929133858268
0
LINE
8
BLACK
6
CONTINUOUS
10
1.0525590551181103
20
1.1926929133858268
11
1.072244094488189
21
1.1926929133858268
0
LINE
8
BLACK
6
CONTINUOUS
10
1.072244094488189
20
1.1926929133858268
11
1.0756066929133858
21
1.1922502362204723
0
LINE
8
BLACK
6
CONTINUOUS
10
0.8608035433070866
20
1.1932502362204724
11
0.8648929133858267
21
1.1913433070866142
0
LINE
8
BLACK
6
CONTINUOUS
10
0.8648929133858267
20
1.1913433070866142
11
0.8680834645669291
21
1.1881527559055118
0
LINE
8
BLACK
6
CONTINUOUS
10
0.8680834645669291
20
1.1881527559055118
11
0.8699903937007873
21
1.1840633858267717
0
LINE
8
BLACK
6
CONTINUOUS
10
0.8699903937007873
20
1.1840633858267717
11
0.8704330708661417
21
1.1807007874015747
0
LINE
8
BLACK
6
CONTINUOUS
10
0.8704330708661417
20
1.1807007874015747
11
0.8704330708661417
21
1.1432992125984252
0
LINE
8
BLACK
6
CONTINUOUS
10
0.8704330708661417
20
1.1432992125984252
11
0.8699903937007873
21
1.1399366141732283
0
LINE
8
BLACK
6
CONTINUOUS
10
0.8699903937007873
20
1.1399366141732283
11
0.8680834645669291
21
1.1358472440944882
0
LINE
8
BLACK
6
CONTINUOUS
10
0.8680834645669291
20
1.1358472440944882
11
0.8648929133858267
21
1.1326566929133859
0
LINE
8
BLACK
6
CONTINUOUS
10
0.8648929133858267
20
1.1326566929133859
11
0.8608035433070866
21
1.1307497637795276
0
LINE
8
BLACK
6
CONTINUOUS
10
0.8608035433070866
20
1.1307497637795276
11
0.8574409448818897
21
1.1303070866141731
0
LINE
8
BLACK
6
CONTINUOUS
10
0.8574409448818897
20
1.1303070866141731
11
0.837755905511811
21
1.1303070866141731
0
LINE
8
BLACK
6
CONTINUOUS
10
0.837755905511811
20
1.1303070866141731
11
0.8343933070866142
21
1.1307497637795276
0
LINE
8
BLACK
6
CONTINUOUS
10
0.8343933070866142
20
1.1307497637795276
11
0.830303937007874
21
1.1326566929133859
0
LINE
8
BLACK
6
CONTINUOUS
10
0.830303937007874
20
1.1326566929133859
11
0.8271133858267716
21
1.1358472440944882
0
LINE
8
BLACK
6
CONTINUOUS
10
0.8271133858267716
20
1.1358472440944882
11
0.8252064566929134
21
1.1399366141732283
0
LINE
8
BLACK
6
CONTINUOUS
10
0.8252064566929134
20
1.1399366141732283
11
0.8247637795275591
21
1.1432992125984252
0
LINE
8
BLACK
6
CONTINUOUS
10
0.8247637795275591
20
1.1432992125984252
11
0.8247637795275591
21
1.1807007874015747
0
LINE
8
BLACK
6
CONTINUOUS
10
0.8247637795275591
20
1.1807007874015747
11
0.8252064566929134
21
1.1840633858267717
0
LINE
8
BLACK
6
CONTINUOUS
10
0.8252064566929134
20
1.1840633858267717
11
0.8271133858267716
21
1.1881527559055118
0
LINE
8
BLACK
6
CONTINUOUS
10
0.8271133858267716
20
1.1881527559055118
11
0.830303937007874
21
1.1913433070866142
0
LINE
8
BLACK
6
CONTINUOUS
10
0.830303937007874
20
1.1913433070866142
11
0.8343933070866142
21
1.1932502362204724
0
LINE
8
BLACK
6
CONTINUOUS
10
0.8343933070866142
20
1.1932502362204724
11
0.837755905511811
21
1.1936929133858267
0
LINE
8
BLACK
6
CONTINUOUS
10
0.837755905511811
20
1.1936929133858267
11
0.8574409448818897
21
1.1936929133858267
0
LINE
8
BLACK
6
CONTINUOUS
10
0.8574409448818897
20
1.1936929133858267
11
0.8608035433070866
21
1.1932502362204724
0
LINE
8
BLACK
6
CONTINUOUS
10
0.9356066929133858
20
1.1932502362204724
11
0.9396960629921259
21
1.1913433070866142
0
LINE
8
BLACK
6
CONTINUOUS
10
0.9396960629921259
20
1.1913433070866142
11
0.9428866141732283
21
1.1881527559055118
0
LINE
8
BLACK
6
CONTINUOUS
10
0.9428866141732283
20
1.1881527559055118
11
0.9447935433070866
21
1.1840633858267717
0
LINE
8
BLACK
6
CONTINUOUS
10
0.9447935433070866
20
1.1840633858267717
11
0.9452362204724409
21
1.1807007874015747
0
LINE
8
BLACK
6
CONTINUOUS
10
0.9452362204724409
20
1.1807007874015747
11
0.9452362204724409
21
1.1432992125984252
0
LINE
8
BLACK
6
CONTINUOUS
10
0.9452362204724409
20
1.1432992125984252
11
0.9447935433070866
21
1.1399366141732283
0
LINE
8
BLACK
6
CONTINUOUS
10
0.9447935433070866
20
1.1399366141732283
11
0.9428866141732283
21
1.1358472440944882
0
LINE
8
BLACK
6
CONTINUOUS
10
0.9428866141732283
20
1.1358472440944882
11
0.9396960629921259
21
1.1326566929133859
0
LINE
8
BLACK
6
CONTINUOUS
10
0.9396960629921259
20
1.1326566929133859
11
0.9356066929133858
21
1.1307497637795276
0
LINE
8
BLACK
6
CONTINUOUS
10
0.9356066929133858
20
1.1307497637795276
11
0.9322440944881889
21
1.1303070866141731
0
LINE
8
BLACK
6
CONTINUOUS
10
0.9322440944881889
20
1.1303070866141731
11
0.9125590551181102
21
1.1303070866141731
0
LINE
8
BLACK
6
CONTINUOUS
10
0.9125590551181102
20
1.1303070866141731
11
0.9091964566929134
21
1.1307497637795276
0
LINE
8
BLACK
6
CONTINUOUS
10
0.9091964566929134
20
1.1307497637795276
11
0.9051070866141732
21
1.1326566929133859
0
LINE
8
BLACK
6
CONTINUOUS
10
0.9051070866141732
20
1.1326566929133859
11
0.9019165354330708
21
1.1358472440944882
0
LINE
8
BLACK
6
CONTINUOUS
10
0.9019165354330708
20
1.1358472440944882
11
0.9000096062992126
21
1.1399366141732283
0
LINE
8
BLACK
6
CONTINUOUS
10
0.9000096062992126
20
1.1399366141732283
11
0.8995669291338583
21
1.1432992125984252
0
LINE
8
BLACK
6
CONTINUOUS
10
0.8995669291338583
20
1.1432992125984252
11
0.8995669291338583
21
1.1807007874015747
0
LINE
8
BLACK
6
CONTINUOUS
10
0.8995669291338583
20
1.1807007874015747
11
0.9000096062992126
21
1.1840633858267717
0
LINE
8
BLACK
6
CONTINUOUS
10
0.9000096062992126
20
1.1840633858267717
11
0.9019165354330708
21
1.1881527559055118
0
LINE
8
BLACK
6
CONTINUOUS
10
0.9019165354330708
20
1.1881527559055118
11
0.9051070866141732
21
1.1913433070866142
0
LINE
8
BLACK
6
CONTINUOUS
10
0.9051070866141732
20
1.1913433070866142
11
0.9091964566929134
21
1.1932502362204724
0
LINE
8
BLACK
6
CONTINUOUS
10
0.9091964566929134
20
1.1932502362204724
11
0.9125590551181102
21
1.1936929133858267
0
LINE
8
BLACK
6
CONTINUOUS
10
0.9125590551181102
20
1.1936929133858267
11
0.9322440944881889
21
1.1936929133858267
0
LINE
8
BLACK
6
CONTINUOUS
10
0.9322440944881889
20
1.1936929133858267
11
0.9356066929133858
21
1.1932502362204724
0
LINE
8
BLACK
6
CONTINUOUS
10
1.4360791338582677
20
1.1872344881889763
11
1.4401685039370078
21
1.185327559055118
0
LINE
8
BLACK
6
CONTINUOUS
10
1.4401685039370078
20
1.185327559055118
11
1.4433590551181101
21
1.1821370078740157
0
LINE
8
BLACK
6
CONTINUOUS
10
1.4433590551181101
20
1.1821370078740157
11
1.4452659842519684
21
1.1780476377952755
0
LINE
8
BLACK
6
CONTINUOUS
10
1.4452659842519684
20
1.1780476377952755
11
1.4457086614173229
21
1.1746850393700787
0
LINE
8
BLACK
6
CONTINUOUS
10
1.4457086614173229
20
1.1746850393700787
11
1.4457086614173229
21
1.1540157480314961
0
LINE
8
BLACK
6
CONTINUOUS
10
1.4457086614173229
20
1.1540157480314961
11
1.4452659842519684
21
1.1506531496062993
0
LINE
8
BLACK
6
CONTINUOUS
10
1.4452659842519684
20
1.1506531496062993
11
1.4433590551181101
21
1.1465637795275589
0
LINE
8
BLACK
6
CONTINUOUS
10
1.4433590551181101
20
1.1465637795275589
11
1.4401685039370078
21
1.1433732283464566
0
LINE
8
BLACK
6
CONTINUOUS
10
1.4401685039370078
20
1.1433732283464566
11
1.4360791338582677
21
1.1414662992125983
0
LINE
8
BLACK
6
CONTINUOUS
10
1.4360791338582677
20
1.1414662992125983
11
1.4327165354330709
21
1.1410236220472441
0
LINE
8
BLACK
6
CONTINUOUS
10
1.4327165354330709
20
1.1410236220472441
11
1.3972834645669292
21
1.1410236220472441
0
LINE
8
BLACK
6
CONTINUOUS
10
1.3972834645669292
20
1.1410236220472441
11
1.3939208661417322
21
1.1414662992125983
0
LINE
8
BLACK
6
CONTINUOUS
10
1.3939208661417322
20
1.1414662992125983
11
1.3898314960629921
21
1.1433732283464566
0
LINE
8
BLACK
6
CONTINUOUS
10
1.3898314960629921
20
1.1433732283464566
11
1.3866409448818897
21
1.1465637795275589
0
LINE
8
BLACK
6
CONTINUOUS
10
1.3866409448818897
20
1.1465637795275589
11
1.3847340157480315
21
1.1506531496062993
0
LINE
8
BLACK
6
CONTINUOUS
10
1.3847340157480315
20
1.1506531496062993
11
1.3842913385826772
21
1.1540157480314961
0
LINE
8
BLACK
6
CONTINUOUS
10
1.3842913385826772
20
1.1540157480314961
11
1.3842913385826772
21
1.1746850393700787
0
LINE
8
BLACK
6
CONTINUOUS
10
1.3842913385826772
20
1.1746850393700787
11
1.3847340157480315
21
1.1780476377952755
0
LINE
8
BLACK
6
CONTINUOUS
10
1.3847340157480315
20
1.1780476377952755
11
1.3866409448818897
21
1.1821370078740157
0
LINE
8
BLACK
6
CONTINUOUS
10
1.3866409448818897
20
1.1821370078740157
11
1.3898314960629921
21
1.185327559055118
0
LINE
8
BLACK
6
CONTINUOUS
10
1.3898314960629921
20
1.185327559055118
11
1.3939208661417322
21
1.1872344881889763
0
LINE
8
BLACK
6
CONTINUOUS
10
1.3939208661417322
20
1.1872344881889763
11
1.3972834645669292
21
1.1876771653543308
0
LINE
8
BLACK
6
CONTINUOUS
10
1.3972834645669292
20
1.1876771653543308
11
1.4327165354330709
21
1.1876771653543308
0
LINE
8
BLACK
6
CONTINUOUS
10
1.4327165354330709
20
1.1876771653543308
11
1.4360791338582677
21
1.1872344881889763
0
LINE
8
BLACK
6
CONTINUOUS
10
1.3540633858267717
20
1.1877935433070865
11
1.3581527559055118
21
1.1858866141732283
0
LINE
8
BLACK
6
CONTINUOUS
10
1.3581527559055118
20
1.1858866141732283
11
1.3613433070866141
21
1.1826960629921259
0
LINE
8
BLACK
6
CONTINUOUS
10
1.3613433070866141
20
1.1826960629921259
11
1.3632502362204724
21
1.1786066929133858
0
LINE
8
BLACK
6
CONTINUOUS
10
1.3632502362204724
20
1.1786066929133858
11
1.3636929133858267
21
1.175244094488189
0
LINE
8
BLACK
6
CONTINUOUS
10
1.3636929133858267
20
1.175244094488189
11
1.3636929133858267
21
1.1555590551181103
0
LINE
8
BLACK
6
CONTINUOUS
10
1.3636929133858267
20
1.1555590551181103
11
1.3632502362204724
21
1.1521964566929133
0
LINE
8
BLACK
6
CONTINUOUS
10
1.3632502362204724
20
1.1521964566929133
11
1.3613433070866141
21
1.1481070866141732
0
LINE
8
BLACK
6
CONTINUOUS
10
1.3613433070866141
20
1.1481070866141732
11
1.3581527559055118
21
1.1449165354330708
0
LINE
8
BLACK
6
CONTINUOUS
10
1.3581527559055118
20
1.1449165354330708
11
1.3540633858267717
21
1.1430096062992126
0
LINE
8
BLACK
6
CONTINUOUS
10
1.3540633858267717
20
1.1430096062992126
11
1.3507007874015748
21
1.1425669291338583
0
LINE
8
BLACK
6
CONTINUOUS
10
1.3507007874015748
20
1.1425669291338583
11
1.3132992125984251
21
1.1425669291338583
0
LINE
8
BLACK
6
CONTINUOUS
10
1.3132992125984251
20
1.1425669291338583
11
1.3099366141732283
21
1.1430096062992126
0
LINE
8
BLACK
6
CONTINUOUS
10
1.3099366141732283
20
1.1430096062992126
11
1.3058472440944882
21
1.1449165354330708
0
LINE
8
BLACK
6
CONTINUOUS
10
1.3058472440944882
20
1.1449165354330708
11
1.3026566929133858
21
1.1481070866141732
0
LINE
8
BLACK
6
CONTINUOUS
10
1.3026566929133858
20
1.1481070866141732
11
1.3007497637795276
21
1.1521964566929133
0
LINE
8
BLACK
6
CONTINUOUS
10
1.3007497637795276
20
1.1521964566929133
11
1.3003070866141733
21
1.1555590551181103
0
LINE
8
BLACK
6
CONTINUOUS
10
1.3003070866141733
20
1.1555590551181103
11
1.3003070866141733
21
1.175244094488189
0
LINE
8
BLACK
6
CONTINUOUS
10
1.3003070866141733
20
1.175244094488189
11
1.3007497637795276
21
1.1786066929133858
0
LINE
8
BLACK
6
CONTINUOUS
10
1.3007497637795276
20
1.1786066929133858
11
1.3026566929133858
21
1.1826960629921259
0
LINE
8
BLACK
6
CONTINUOUS
10
1.3026566929133858
20
1.1826960629921259
11
1.3058472440944882
21
1.1858866141732283
0
LINE
8
BLACK
6
CONTINUOUS
10
1.3058472440944882
20
1.1858866141732283
11
1.3099366141732283
21
1.1877935433070865
0
LINE
8
BLACK
6
CONTINUOUS
10
1.3099366141732283
20
1.1877935433070865
11
1.3132992125984251
21
1.1882362204724408
0
LINE
8
BLACK
6
CONTINUOUS
10
1.3132992125984251
20
1.1882362204724408
11
1.3507007874015748
21
1.1882362204724408
0
LINE
8
BLACK
6
CONTINUOUS
10
1.3507007874015748
20
1.1882362204724408
11
1.3540633858267717
21
1.1877935433070865
0
LINE
8
BLACK
6
CONTINUOUS
10
0.6510633858267716
20
1.1947935433070866
11
0.6551527559055118
21
1.1928866141732284
0
LINE
8
BLACK
6
CONTINUOUS
10
0.6551527559055118
20
1.1928866141732284
11
0.6583433070866141
21
1.189696062992126
0
LINE
8
BLACK
6
CONTINUOUS
10
0.6583433070866141
20
1.189696062992126
11
0.6602502362204724
21
1.1856066929133857
0
LINE
8
BLACK
6
CONTINUOUS
10
0.6602502362204724
20
1.1856066929133857
11
0.6606929133858268
21
1.1822440944881889
0
LINE
8
BLACK
6
CONTINUOUS
10
0.6606929133858268
20
1.1822440944881889
11
0.6606929133858268
21
1.1625590551181102
0
LINE
8
BLACK
6
CONTINUOUS
10
0.6606929133858268
20
1.1625590551181102
11
0.6602502362204724
21
1.1591964566929134
0
LINE
8
BLACK
6
CONTINUOUS
10
0.6602502362204724
20
1.1591964566929134
11
0.6583433070866141
21
1.1551070866141733
0
LINE
8
BLACK
6
CONTINUOUS
10
0.6583433070866141
20
1.1551070866141733
11
0.6551527559055118
21
1.1519165354330709
0
LINE
8
BLACK
6
CONTINUOUS
10
0.6551527559055118
20
1.1519165354330709
11
0.6510633858267716
21
1.1500096062992127
0
LINE
8
BLACK
6
CONTINUOUS
10
0.6510633858267716
20
1.1500096062992127
11
0.6477007874015748
21
1.1495669291338582
0
LINE
8
BLACK
6
CONTINUOUS
10
0.6477007874015748
20
1.1495669291338582
11
0.6102992125984252
21
1.1495669291338582
0
LINE
8
BLACK
6
CONTINUOUS
10
0.6102992125984252
20
1.1495669291338582
11
0.6069366141732283
21
1.1500096062992127
0
LINE
8
BLACK
6
CONTINUOUS
10
0.6069366141732283
20
1.1500096062992127
11
0.6028472440944882
21
1.1519165354330709
0
LINE
8
BLACK
6
CONTINUOUS
10
0.6028472440944882
20
1.1519165354330709
11
0.5996566929133859
21
1.1551070866141733
0
LINE
8
BLACK
6
CONTINUOUS
10
0.5996566929133859
20
1.1551070866141733
11
0.5977497637795276
21
1.1591964566929134
0
LINE
8
BLACK
6
CONTINUOUS
10
0.5977497637795276
20
1.1591964566929134
11
0.5973070866141732
21
1.1625590551181102
0
LINE
8
BLACK
6
CONTINUOUS
10
0.5973070866141732
20
1.1625590551181102
11
0.5973070866141732
21
1.1822440944881889
0
LINE
8
BLACK
6
CONTINUOUS
10
0.5973070866141732
20
1.1822440944881889
11
0.5977497637795276
21
1.1856066929133857
0
LINE
8
BLACK
6
CONTINUOUS
10
0.5977497637795276
20
1.1856066929133857
11
0.5996566929133859
21
1.189696062992126
0
LINE
8
BLACK
6
CONTINUOUS
10
0.5996566929133859
20
1.189696062992126
11
0.6028472440944882
21
1.1928866141732284
0
LINE
8
BLACK
6
CONTINUOUS
10
0.6028472440944882
20
1.1928866141732284
11
0.6069366141732283
21
1.1947935433070866
0
LINE
8
BLACK
6
CONTINUOUS
10
0.6069366141732283
20
1.1947935433070866
11
0.6102992125984252
21
1.1952362204724409
0
LINE
8
BLACK
6
CONTINUOUS
10
0.6102992125984252
20
1.1952362204724409
11
0.6477007874015748
21
1.1952362204724409
0
LINE
8
BLACK
6
CONTINUOUS
10
0.6477007874015748
20
1.1952362204724409
11
0.6510633858267716
21
1.1947935433070866
0
LINE
8
BLACK
6
CONTINUOUS
10
0.4499297244094488
20
1.1982877952755906
11
0.4509515354330709
21
1.1976050787401575
0
LINE
8
BLACK
6
CONTINUOUS
10
0.4509515354330709
20
1.1976050787401575
11
0.4516342519685039
21
1.1965832677165353
0
LINE
8
BLACK
6
CONTINUOUS
10
0.4516342519685039
20
1.1965832677165353
11
0.4518740157480315
21
1.1953779527559054
0
LINE
8
BLACK
6
CONTINUOUS
10
0.4518740157480315
20
1.1953779527559054
11
0.4518740157480315
21
1.1835669291338582
0
LINE
8
BLACK
6
CONTINUOUS
10
0.4518740157480315
20
1.1835669291338582
11
0.4516342519685039
21
1.1823616141732283
0
LINE
8
BLACK
6
CONTINUOUS
10
0.4516342519685039
20
1.1823616141732283
11
0.4509515354330709
21
1.1813398031496063
0
LINE
8
BLACK
6
CONTINUOUS
10
0.4509515354330709
20
1.1813398031496063
11
0.4499297244094488
21
1.1806570866141732
0
LINE
8
BLACK
6
CONTINUOUS
10
0.4499297244094488
20
1.1806570866141732
11
0.4487244094488189
21
1.1804173228346457
0
LINE
8
BLACK
6
CONTINUOUS
10
0.4487244094488189
20
1.1804173228346457
11
0.4172283464566929
21
1.1804173228346457
0
LINE
8
BLACK
6
CONTINUOUS
10
0.4172283464566929
20
1.1804173228346457
11
0.416023031496063
21
1.1806570866141732
0
LINE
8
BLACK
6
CONTINUOUS
10
0.416023031496063
20
1.1806570866141732
11
0.4150012204724409
21
1.1813398031496063
0
LINE
8
BLACK
6
CONTINUOUS
10
0.4150012204724409
20
1.1813398031496063
11
0.4143185039370079
21
1.1823616141732283
0
LINE
8
BLACK
6
CONTINUOUS
10
0.4143185039370079
20
1.1823616141732283
11
0.4140787401574803
21
1.1835669291338582
0
LINE
8
BLACK
6
CONTINUOUS
10
0.4140787401574803
20
1.1835669291338582
11
0.4140787401574803
21
1.1953779527559054
0
LINE
8
BLACK
6
CONTINUOUS
10
0.4140787401574803
20
1.1953779527559054
11
0.4143185039370079
21
1.1965832677165353
0
LINE
8
BLACK
6
CONTINUOUS
10
0.4143185039370079
20
1.1965832677165353
11
0.4150012204724409
21
1.1976050787401575
0
LINE
8
BLACK
6
CONTINUOUS
10
0.4150012204724409
20
1.1976050787401575
11
0.416023031496063
21
1.1982877952755906
0
LINE
8
BLACK
6
CONTINUOUS
10
0.416023031496063
20
1.1982877952755906
11
0.4172283464566929
21
1.1985275590551181
0
LINE
8
BLACK
6
CONTINUOUS
10
0.4172283464566929
20
1.1985275590551181
11
0.4487244094488189
21
1.1985275590551181
0
LINE
8
BLACK
6
CONTINUOUS
10
0.4487244094488189
20
1.1985275590551181
11
0.4499297244094488
21
1.1982877952755906
0
LINE
8
BLACK
6
CONTINUOUS
10
0.571976968503937
20
1.1982877952755906
11
0.5729987795275591
21
1.1976050787401575
0
LINE
8
BLACK
6
CONTINUOUS
10
0.5729987795275591
20
1.1976050787401575
11
0.5736814960629921
21
1.1965832677165353
0
LINE
8
BLACK
6
CONTINUOUS
10
0.5736814960629921
20
1.1965832677165353
11
0.5739212598425196
21
1.1953779527559054
0
LINE
8
BLACK
6
CONTINUOUS
10
0.5739212598425196
20
1.1953779527559054
11
0.5739212598425196
21
1.1835669291338582
0
LINE
8
BLACK
6
CONTINUOUS
10
0.5739212598425196
20
1.1835669291338582
11
0.5736814960629921
21
1.1823616141732283
0
LINE
8
BLACK
6
CONTINUOUS
10
0.5736814960629921
20
1.1823616141732283
11
0.5729987795275591
21
1.1813398031496063
0
LINE
8
BLACK
6
CONTINUOUS
10
0.5729987795275591
20
1.1813398031496063
11
0.571976968503937
21
1.1806570866141732
0
LINE
8
BLACK
6
CONTINUOUS
10
0.571976968503937
20
1.1806570866141732
11
0.5707716535433071
21
1.1804173228346457
0
LINE
8
BLACK
6
CONTINUOUS
10
0.5707716535433071
20
1.1804173228346457
11
0.5392755905511811
21
1.1804173228346457
0
LINE
8
BLACK
6
CONTINUOUS
10
0.5392755905511811
20
1.1804173228346457
11
0.5380702755905512
21
1.1806570866141732
0
LINE
8
BLACK
6
CONTINUOUS
10
0.5380702755905512
20
1.1806570866141732
11
0.5370484645669291
21
1.1813398031496063
0
LINE
8
BLACK
6
CONTINUOUS
10
0.5370484645669291
20
1.1813398031496063
11
0.5363657480314961
21
1.1823616141732283
0
LINE
8
BLACK
6
CONTINUOUS
10
0.5363657480314961
20
1.1823616141732283
11
0.5361259842519684
21
1.1835669291338582
0
LINE
8
BLACK
6
CONTINUOUS
10
0.5361259842519684
20
1.1835669291338582
11
0.5361259842519684
21
1.1953779527559054
0
LINE
8
BLACK
6
CONTINUOUS
10
0.5361259842519684
20
1.1953779527559054
11
0.5363657480314961
21
1.1965832677165353
0
LINE
8
BLACK
6
CONTINUOUS
10
0.5363657480314961
20
1.1965832677165353
11
0.5370484645669291
21
1.1976050787401575
0
LINE
8
BLACK
6
CONTINUOUS
10
0.5370484645669291
20
1.1976050787401575
11
0.5380702755905512
21
1.1982877952755906
0
LINE
8
BLACK
6
CONTINUOUS
10
0.5380702755905512
20
1.1982877952755906
11
0.5392755905511811
21
1.1985275590551181
0
LINE
8
BLACK
6
CONTINUOUS
10
0.5392755905511811
20
1.1985275590551181
11
0.5707716535433071
21
1.1985275590551181
0
LINE
8
BLACK
6
CONTINUOUS
10
0.5707716535433071
20
1.1985275590551181
11
0.571976968503937
21
1.1982877952755906
0
LINE
8
BLACK
6
CONTINUOUS
10
2.0517720472440946
20
1.2452659842519684
11
2.0558614173228347
21
1.2433590551181102
0
LINE
8
BLACK
6
CONTINUOUS
10
2.0558614173228347
20
1.2433590551181102
11
2.0590519685039368
21
1.2401685039370078
0
LINE
8
BLACK
6
CONTINUOUS
10
2.0590519685039368
20
1.2401685039370078
11
2.0609588976377951
21
1.2360791338582677
0
LINE
8
BLACK
6
CONTINUOUS
10
2.0609588976377951
20
1.2360791338582677
11
2.0614015748031496
21
1.2327165354330709
0
LINE
8
BLACK
6
CONTINUOUS
10
2.0614015748031496
20
1.2327165354330709
11
2.0614015748031496
21
1.197283464566929
0
LINE
8
BLACK
6
CONTINUOUS
10
2.0614015748031496
20
1.197283464566929
11
2.0609588976377951
21
1.1939208661417322
0
LINE
8
BLACK
6
CONTINUOUS
10
2.0609588976377951
20
1.1939208661417322
11
2.0590519685039368
21
1.1898314960629921
0
LINE
8
BLACK
6
CONTINUOUS
10
2.0590519685039368
20
1.1898314960629921
11
2.0558614173228347
21
1.1866409448818898
0
LINE
8
BLACK
6
CONTINUOUS
10
2.0558614173228347
20
1.1866409448818898
11
2.0517720472440946
21
1.1847340157480315
0
LINE
8
BLACK
6
CONTINUOUS
10
2.0517720472440946
20
1.1847340157480315
11
2.0484094488188975
21
1.1842913385826772
0
LINE
8
BLACK
6
CONTINUOUS
10
2.0484094488188975
20
1.1842913385826772
11
2.0277401574803151
21
1.1842913385826772
0
LINE
8
BLACK
6
CONTINUOUS
10
2.0277401574803151
20
1.1842913385826772
11
2.0243775590551181
21
1.1847340157480315
0
LINE
8
BLACK
6
CONTINUOUS
10
2.0243775590551181
20
1.1847340157480315
11
2.020288188976378
21
1.1866409448818898
0
LINE
8
BLACK
6
CONTINUOUS
10
2.020288188976378
20
1.1866409448818898
11
2.0170976377952754
21
1.1898314960629921
0
LINE
8
BLACK
6
CONTINUOUS
10
2.0170976377952754
20
1.1898314960629921
11
2.0151907086614171
21
1.1939208661417322
0
LINE
8
BLACK
6
CONTINUOUS
10
2.0151907086614171
20
1.1939208661417322
11
2.0147480314960631
21
1.197283464566929
0
LINE
8
BLACK
6
CONTINUOUS
10
2.0147480314960631
20
1.197283464566929
11
2.0147480314960631
21
1.2327165354330709
0
LINE
8
BLACK
6
CONTINUOUS
10
2.0147480314960631
20
1.2327165354330709
11
2.0151907086614171
21
1.2360791338582677
0
LINE
8
BLACK
6
CONTINUOUS
10
2.0151907086614171
20
1.2360791338582677
11
2.0170976377952754
21
1.2401685039370078
0
LINE
8
BLACK
6
CONTINUOUS
10
2.0170976377952754
20
1.2401685039370078
11
2.020288188976378
21
1.2433590551181102
0
LINE
8
BLACK
6
CONTINUOUS
10
2.020288188976378
20
1.2433590551181102
11
2.0243775590551181
21
1.2452659842519684
0
LINE
8
BLACK
6
CONTINUOUS
10
2.0243775590551181
20
1.2452659842519684
11
2.0277401574803151
21
1.2457086614173227
0
LINE
8
BLACK
6
CONTINUOUS
10
2.0277401574803151
20
1.2457086614173227
11
2.0484094488188975
21
1.2457086614173227
0
LINE
8
BLACK
6
CONTINUOUS
10
2.0484094488188975
20
1.2457086614173227
11
2.0517720472440946
21
1.2452659842519684
0
LINE
8
BLACK
6
CONTINUOUS
10
2.1236224409448821
20
1.2452659842519684
11
2.1277118110236222
21
1.2433590551181102
0
LINE
8
BLACK
6
CONTINUOUS
10
2.1277118110236222
20
1.2433590551181102
11
2.1309023622047243
21
1.2401685039370078
0
LINE
8
BLACK
6
CONTINUOUS
10
2.1309023622047243
20
1.2401685039370078
11
2.1328092913385825
21
1.2360791338582677
0
LINE
8
BLACK
6
CONTINUOUS
10
2.1328092913385825
20
1.2360791338582677
11
2.1332519685039371
21
1.2327165354330709
0
LINE
8
BLACK
6
CONTINUOUS
10
2.1332519685039371
20
1.2327165354330709
11
2.1332519685039371
21
1.197283464566929
0
LINE
8
BLACK
6
CONTINUOUS
10
2.1332519685039371
20
1.197283464566929
11
2.1328092913385825
21
1.1939208661417322
0
LINE
8
BLACK
6
CONTINUOUS
10
2.1328092913385825
20
1.1939208661417322
11
2.1309023622047243
21
1.1898314960629921
0
LINE
8
BLACK
6
CONTINUOUS
10
2.1309023622047243
20
1.1898314960629921
11
2.1277118110236222
21
1.1866409448818898
0
LINE
8
BLACK
6
CONTINUOUS
10
2.1277118110236222
20
1.1866409448818898
11
2.1236224409448821
21
1.1847340157480315
0
LINE
8
BLACK
6
CONTINUOUS
10
2.1236224409448821
20
1.1847340157480315
11
2.120259842519685
21
1.1842913385826772
0
LINE
8
BLACK
6
CONTINUOUS
10
2.120259842519685
20
1.1842913385826772
11
2.0995905511811022
21
1.1842913385826772
0
LINE
8
BLACK
6
CONTINUOUS
10
2.0995905511811022
20
1.1842913385826772
11
2.0962279527559056
21
1.1847340157480315
0
LINE
8
BLACK
6
CONTINUOUS
10
2.0962279527559056
20
1.1847340157480315
11
2.0921385826771655
21
1.1866409448818898
0
LINE
8
BLACK
6
CONTINUOUS
10
2.0921385826771655
20
1.1866409448818898
11
2.0889480314960629
21
1.1898314960629921
0
LINE
8
BLACK
6
CONTINUOUS
10
2.0889480314960629
20
1.1898314960629921
11
2.0870411023622046
21
1.1939208661417322
0
LINE
8
BLACK
6
CONTINUOUS
10
2.0870411023622046
20
1.1939208661417322
11
2.0865984251968501
21
1.197283464566929
0
LINE
8
BLACK
6
CONTINUOUS
10
2.0865984251968501
20
1.197283464566929
11
2.0865984251968501
21
1.2327165354330709
0
LINE
8
BLACK
6
CONTINUOUS
10
2.0865984251968501
20
1.2327165354330709
11
2.0870411023622046
21
1.2360791338582677
0
LINE
8
BLACK
6
CONTINUOUS
10
2.0870411023622046
20
1.2360791338582677
11
2.0889480314960629
21
1.2401685039370078
0
LINE
8
BLACK
6
CONTINUOUS
10
2.0889480314960629
20
1.2401685039370078
11
2.0921385826771655
21
1.2433590551181102
0
LINE
8
BLACK
6
CONTINUOUS
10
2.0921385826771655
20
1.2433590551181102
11
2.0962279527559056
21
1.2452659842519684
0
LINE
8
BLACK
6
CONTINUOUS
10
2.0962279527559056
20
1.2452659842519684
11
2.0995905511811022
21
1.2457086614173227
0
LINE
8
BLACK
6
CONTINUOUS
10
2.0995905511811022
20
1.2457086614173227
11
2.120259842519685
21
1.2457086614173227
0
LINE
8
BLACK
6
CONTINUOUS
10
2.120259842519685
20
1.2457086614173227
11
2.1236224409448821
21
1.2452659842519684
0
LINE
8
BLACK
6
CONTINUOUS
10
2.2689295275590551
20
1.2572817322834646
11
2.2730188976377952
21
1.2553748031496064
0
LINE
8
BLACK
6
CONTINUOUS
10
2.2730188976377952
20
1.2553748031496064
11
2.2762094488188978
21
1.2521842519685038
0
LINE
8
BLACK
6
CONTINUOUS
10
2.2762094488188978
20
1.2521842519685038
11
2.278116377952756
21
1.2480948818897637
0
LINE
8
BLACK
6
CONTINUOUS
10
2.278116377952756
20
1.2480948818897637
11
2.2785590551181101
21
1.2447322834645669
0
LINE
8
BLACK
6
CONTINUOUS
10
2.2785590551181101
20
1.2447322834645669
11
2.2785590551181101
21
1.2112677165354331
0
LINE
8
BLACK
6
CONTINUOUS
10
2.2785590551181101
20
1.2112677165354331
11
2.278116377952756
21
1.2079051181102363
0
LINE
8
BLACK
6
CONTINUOUS
10
2.278116377952756
20
1.2079051181102363
11
2.2762094488188978
21
1.2038157480314959
0
LINE
8
BLACK
6
CONTINUOUS
10
2.2762094488188978
20
1.2038157480314959
11
2.2730188976377952
21
1.2006251968503936
0
LINE
8
BLACK
6
CONTINUOUS
10
2.2730188976377952
20
1.2006251968503936
11
2.2689295275590551
21
1.1987182677165353
0
LINE
8
BLACK
6
CONTINUOUS
10
2.2689295275590551
20
1.1987182677165353
11
2.265566929133858
21
1.198275590551181
0
LINE
8
BLACK
6
CONTINUOUS
10
2.265566929133858
20
1.198275590551181
11
2.2301338582677164
21
1.198275590551181
0
LINE
8
BLACK
6
CONTINUOUS
10
2.2301338582677164
20
1.198275590551181
11
2.2267712598425198
21
1.1987182677165353
0
LINE
8
BLACK
6
CONTINUOUS
10
2.2267712598425198
20
1.1987182677165353
11
2.2226818897637797
21
1.2006251968503936
0
LINE
8
BLACK
6
CONTINUOUS
10
2.2226818897637797
20
1.2006251968503936
11
2.2194913385826771
21
1.2038157480314959
0
LINE
8
BLACK
6
CONTINUOUS
10
2.2194913385826771
20
1.2038157480314959
11
2.2175844094488188
21
1.2079051181102363
0
LINE
8
BLACK
6
CONTINUOUS
10
2.2175844094488188
20
1.2079051181102363
11
2.2171417322834643
21
1.2112677165354331
0
LINE
8
BLACK
6
CONTINUOUS
10
2.2171417322834643
20
1.2112677165354331
11
2.2171417322834643
21
1.2447322834645669
0
LINE
8
BLACK
6
CONTINUOUS
10
2.2171417322834643
20
1.2447322834645669
11
2.2175844094488188
21
1.2480948818897637
0
LINE
8
BLACK
6
CONTINUOUS
10
2.2175844094488188
20
1.2480948818897637
11
2.2194913385826771
21
1.2521842519685038
0
LINE
8
BLACK
6
CONTINUOUS
10
2.2194913385826771
20
1.2521842519685038
11
2.2226818897637797
21
1.2553748031496064
0
LINE
8
BLACK
6
CONTINUOUS
10
2.2226818897637797
20
1.2553748031496064
11
2.2267712598425198
21
1.2572817322834646
0
LINE
8
BLACK
6
CONTINUOUS
10
2.2267712598425198
20
1.2572817322834646
11
2.2301338582677164
21
1.2577244094488189
0
LINE
8
BLACK
6
CONTINUOUS
10
2.2301338582677164
20
1.2577244094488189
11
2.265566929133858
21
1.2577244094488189
0
LINE
8
BLACK
6
CONTINUOUS
10
2.265566929133858
20
1.2577244094488189
11
2.2689295275590551
21
1.2572817322834646
0
LINE
8
BLACK
6
CONTINUOUS
10
2.3752287401574801
20
1.2572817322834646
11
2.3793181102362206
21
1.2553748031496064
0
LINE
8
BLACK
6
CONTINUOUS
10
2.3793181102362206
20
1.2553748031496064
11
2.3825086614173228
21
1.2521842519685038
0
LINE
8
BLACK
6
CONTINUOUS
10
2.3825086614173228
20
1.2521842519685038
11
2.384415590551181
21
1.2480948818897637
0
LINE
8
BLACK
6
CONTINUOUS
10
2.384415590551181
20
1.2480948818897637
11
2.3848582677165355
21
1.2447322834645669
0
LINE
8
BLACK
6
CONTINUOUS
10
2.3848582677165355
20
1.2447322834645669
11
2.3848582677165355
21
1.2112677165354331
0
LINE
8
BLACK
6
CONTINUOUS
10
2.3848582677165355
20
1.2112677165354331
11
2.384415590551181
21
1.2079051181102363
0
LINE
8
BLACK
6
CONTINUOUS
10
2.384415590551181
20
1.2079051181102363
11
2.3825086614173228
21
1.2038157480314959
0
LINE
8
BLACK
6
CONTINUOUS
10
2.3825086614173228
20
1.2038157480314959
11
2.3793181102362206
21
1.2006251968503936
0
LINE
8
BLACK
6
CONTINUOUS
10
2.3793181102362206
20
1.2006251968503936
11
2.3752287401574801
21
1.1987182677165353
0
LINE
8
BLACK
6
CONTINUOUS
10
2.3752287401574801
20
1.1987182677165353
11
2.3718661417322835
21
1.198275590551181
0
LINE
8
BLACK
6
CONTINUOUS
10
2.3718661417322835
20
1.198275590551181
11
2.3364330708661418
21
1.198275590551181
0
LINE
8
BLACK
6
CONTINUOUS
10
2.3364330708661418
20
1.198275590551181
11
2.3330704724409448
21
1.1987182677165353
0
LINE
8
BLACK
6
CONTINUOUS
10
2.3330704724409448
20
1.1987182677165353
11
2.3289811023622047
21
1.2006251968503936
0
LINE
8
BLACK
6
CONTINUOUS
10
2.3289811023622047
20
1.2006251968503936
11
2.3257905511811021
21
1.2038157480314959
0
LINE
8
BLACK
6
CONTINUOUS
10
2.3257905511811021
20
1.2038157480314959
11
2.3238836220472439
21
1.2079051181102363
0
LINE
8
BLACK
6
CONTINUOUS
10
2.3238836220472439
20
1.2079051181102363
11
2.3234409448818898
21
1.2112677165354331
0
LINE
8
BLACK
6
CONTINUOUS
10
2.3234409448818898
20
1.2112677165354331
11
2.3234409448818898
21
1.2447322834645669
0
LINE
8
BLACK
6
CONTINUOUS
10
2.3234409448818898
20
1.2447322834645669
11
2.3238836220472439
21
1.2480948818897637
0
LINE
8
BLACK
6
CONTINUOUS
10
2.3238836220472439
20
1.2480948818897637
11
2.3257905511811021
21
1.2521842519685038
0
LINE
8
BLACK
6
CONTINUOUS
10
2.3257905511811021
20
1.2521842519685038
11
2.3289811023622047
21
1.2553748031496064
0
LINE
8
BLACK
6
CONTINUOUS
10
2.3289811023622047
20
1.2553748031496064
11
2.3330704724409448
21
1.2572817322834646
0
LINE
8
BLACK
6
CONTINUOUS
10
2.3330704724409448
20
1.2572817322834646
11
2.3364330708661418
21
1.2577244094488189
0
LINE
8
BLACK
6
CONTINUOUS
10
2.3364330708661418
20
1.2577244094488189
11
2.3718661417322835
21
1.2577244094488189
0
LINE
8
BLACK
6
CONTINUOUS
10
2.3718661417322835
20
1.2577244094488189
11
2.3752287401574801
21
1.2572817322834646
0
LINE
8
BLACK
6
CONTINUOUS
10
0.4499297244094488
20
1.2179728346456693
11
0.4509515354330709
21
1.2172901181102362
0
LINE
8
BLACK
6
CONTINUOUS
10
0.4509515354330709
20
1.2172901181102362
11
0.4516342519685039
21
1.216268307086614
0
LINE
8
BLACK
6
CONTINUOUS
10
0.4516342519685039
20
1.216268307086614
11
0.4518740157480315
21
1.2150629921259841
0
LINE
8
BLACK
6
CONTINUOUS
10
0.4518740157480315
20
1.2150629921259841
11
0.4518740157480315
21
1.2032519685039369
0
LINE
8
BLACK
6
CONTINUOUS
10
0.4518740157480315
20
1.2032519685039369
11
0.4516342519685039
21
1.202046653543307
0
LINE
8
BLACK
6
CONTINUOUS
10
0.4516342519685039
20
1.202046653543307
11
0.4509515354330709
21
1.201024842519685
0
LINE
8
BLACK
6
CONTINUOUS
10
0.4509515354330709
20
1.201024842519685
11
0.4499297244094488
21
1.2003421259842519
0
LINE
8
BLACK
6
CONTINUOUS
10
0.4499297244094488
20
1.2003421259842519
11
0.4487244094488189
21
1.2001023622047244
0
LINE
8
BLACK
6
CONTINUOUS
10
0.4487244094488189
20
1.2001023622047244
11
0.4172283464566929
21
1.2001023622047244
0
LINE
8
BLACK
6
CONTINUOUS
10
0.4172283464566929
20
1.2001023622047244
11
0.416023031496063
21
1.2003421259842519
0
LINE
8
BLACK
6
CONTINUOUS
10
0.416023031496063
20
1.2003421259842519
11
0.4150012204724409
21
1.201024842519685
0
LINE
8
BLACK
6
CONTINUOUS
10
0.4150012204724409
20
1.201024842519685
11
0.4143185039370079
21
1.202046653543307
0
LINE
8
BLACK
6
CONTINUOUS
10
0.4143185039370079
20
1.202046653543307
11
0.4140787401574803
21
1.2032519685039369
0
LINE
8
BLACK
6
CONTINUOUS
10
0.4140787401574803
20
1.2032519685039369
11
0.4140787401574803
21
1.2150629921259841
0
LINE
8
BLACK
6
CONTINUOUS
10
0.4140787401574803
20
1.2150629921259841
11
0.4143185039370079
21
1.216268307086614
0
LINE
8
BLACK
6
CONTINUOUS
10
0.4143185039370079
20
1.216268307086614
11
0.4150012204724409
21
1.2172901181102362
0
LINE
8
BLACK
6
CONTINUOUS
10
0.4150012204724409
20
1.2172901181102362
11
0.416023031496063
21
1.2179728346456693
0
LINE
8
BLACK
6
CONTINUOUS
10
0.416023031496063
20
1.2179728346456693
11
0.4172283464566929
21
1.2182125984251968
0
LINE
8
BLACK
6
CONTINUOUS
10
0.4172283464566929
20
1.2182125984251968
11
0.4487244094488189
21
1.2182125984251968
0
LINE
8
BLACK
6
CONTINUOUS
10
0.4487244094488189
20
1.2182125984251968
11
0.4499297244094488
21
1.2179728346456693
0
LINE
8
BLACK
6
CONTINUOUS
10
0.571976968503937
20
1.2179728346456693
11
0.5729987795275591
21
1.2172901181102362
0
LINE
8
BLACK
6
CONTINUOUS
10
0.5729987795275591
20
1.2172901181102362
11
0.5736814960629921
21
1.216268307086614
0
LINE
8
BLACK
6
CONTINUOUS
10
0.5736814960629921
20
1.216268307086614
11
0.5739212598425196
21
1.2150629921259841
0
LINE
8
BLACK
6
CONTINUOUS
10
0.5739212598425196
20
1.2150629921259841
11
0.5739212598425196
21
1.2032519685039369
0
LINE
8
BLACK
6
CONTINUOUS
10
0.5739212598425196
20
1.2032519685039369
11
0.5736814960629921
21
1.202046653543307
0
LINE
8
BLACK
6
CONTINUOUS
10
0.5736814960629921
20
1.202046653543307
11
0.5729987795275591
21
1.201024842519685
0
LINE
8
BLACK
6
CONTINUOUS
10
0.5729987795275591
20
1.201024842519685
11
0.571976968503937
21
1.2003421259842519
0
LINE
8
BLACK
6
CONTINUOUS
10
0.571976968503937
20
1.2003421259842519
11
0.5707716535433071
21
1.2001023622047244
0
LINE
8
BLACK
6
CONTINUOUS
10
0.5707716535433071
20
1.2001023622047244
11
0.5392755905511811
21
1.2001023622047244
0
LINE
8
BLACK
6
CONTINUOUS
10
0.5392755905511811
20
1.2001023622047244
11
0.5380702755905512
21
1.2003421259842519
0
LINE
8
BLACK
6
CONTINUOUS
10
0.5380702755905512
20
1.2003421259842519
11
0.5370484645669291
21
1.201024842519685
0
LINE
8
BLACK
6
CONTINUOUS
10
0.5370484645669291
20
1.201024842519685
11
0.5363657480314961
21
1.202046653543307
0
LINE
8
BLACK
6
CONTINUOUS
10
0.5363657480314961
20
1.202046653543307
11
0.5361259842519684
21
1.2032519685039369
0
LINE
8
BLACK
6
CONTINUOUS
10
0.5361259842519684
20
1.2032519685039369
11
0.5361259842519684
21
1.2150629921259841
0
LINE
8
BLACK
6
CONTINUOUS
10
0.5361259842519684
20
1.2150629921259841
11
0.5363657480314961
21
1.216268307086614
0
LINE
8
BLACK
6
CONTINUOUS
10
0.5363657480314961
20
1.216268307086614
11
0.5370484645669291
21
1.2172901181102362
0
LINE
8
BLACK
6
CONTINUOUS
10
0.5370484645669291
20
1.2172901181102362
11
0.5380702755905512
21
1.2179728346456693
0
LINE
8
BLACK
6
CONTINUOUS
10
0.5380702755905512
20
1.2179728346456693
11
0.5392755905511811
21
1.2182125984251968
0
LINE
8
BLACK
6
CONTINUOUS
10
0.5392755905511811
20
1.2182125984251968
11
0.5707716535433071
21
1.2182125984251968
0
LINE
8
BLACK
6
CONTINUOUS
10
0.5707716535433071
20
1.2182125984251968
11
0.571976968503937
21
1.2179728346456693
0
LINE
8
BLACK
6
CONTINUOUS
10
0.4499297244094488
20
1.237657874015748
11
0.4509515354330709
21
1.2369751574803149
0
LINE
8
BLACK
6
CONTINUOUS
10
0.4509515354330709
20
1.2369751574803149
11
0.4516342519685039
21
1.235953346456693
0
LINE
8
BLACK
6
CONTINUOUS
10
0.4516342519685039
20
1.235953346456693
11
0.4518740157480315
21
1.234748031496063
0
LINE
8
BLACK
6
CONTINUOUS
10
0.4518740157480315
20
1.234748031496063
11
0.4518740157480315
21
1.2229370078740158
0
LINE
8
BLACK
6
CONTINUOUS
10
0.4518740157480315
20
1.2229370078740158
11
0.4516342519685039
21
1.2217316929133859
0
LINE
8
BLACK
6
CONTINUOUS
10
0.4516342519685039
20
1.2217316929133859
11
0.4509515354330709
21
1.2207098818897637
0
LINE
8
BLACK
6
CONTINUOUS
10
0.4509515354330709
20
1.2207098818897637
11
0.4499297244094488
21
1.2200271653543306
0
LINE
8
BLACK
6
CONTINUOUS
10
0.4499297244094488
20
1.2200271653543306
11
0.4487244094488189
21
1.2197874015748031
0
LINE
8
BLACK
6
CONTINUOUS
10
0.4487244094488189
20
1.2197874015748031
11
0.4172283464566929
21
1.2197874015748031
0
LINE
8
BLACK
6
CONTINUOUS
10
0.4172283464566929
20
1.2197874015748031
11
0.416023031496063
21
1.2200271653543306
0
LINE
8
BLACK
6
CONTINUOUS
10
0.416023031496063
20
1.2200271653543306
11
0.4150012204724409
21
1.2207098818897637
0
LINE
8
BLACK
6
CONTINUOUS
10
0.4150012204724409
20
1.2207098818897637
11
0.4143185039370079
21
1.2217316929133859
0
LINE
8
BLACK
6
CONTINUOUS
10
0.4143185039370079
20
1.2217316929133859
11
0.4140787401574803
21
1.2229370078740158
0
LINE
8
BLACK
6
CONTINUOUS
10
0.4140787401574803
20
1.2229370078740158
11
0.4140787401574803
21
1.234748031496063
0
LINE
8
BLACK
6
CONTINUOUS
10
0.4140787401574803
20
1.234748031496063
11
0.4143185039370079
21
1.235953346456693
0
LINE
8
BLACK
6
CONTINUOUS
10
0.4143185039370079
20
1.235953346456693
11
0.4150012204724409
21
1.2369751574803149
0
LINE
8
BLACK
6
CONTINUOUS
10
0.4150012204724409
20
1.2369751574803149
11
0.416023031496063
21
1.237657874015748
0
LINE
8
BLACK
6
CONTINUOUS
10
0.416023031496063
20
1.237657874015748
11
0.4172283464566929
21
1.2378976377952755
0
LINE
8
BLACK
6
CONTINUOUS
10
0.4172283464566929
20
1.2378976377952755
11
0.4487244094488189
21
1.2378976377952755
0
LINE
8
BLACK
6
CONTINUOUS
10
0.4487244094488189
20
1.2378976377952755
11
0.4499297244094488
21
1.237657874015748
0
LINE
8
BLACK
6
CONTINUOUS
10
0.571976968503937
20
1.237657874015748
11
0.5729987795275591
21
1.2369751574803149
0
LINE
8
BLACK
6
CONTINUOUS
10
0.5729987795275591
20
1.2369751574803149
11
0.5736814960629921
21
1.235953346456693
0
LINE
8
BLACK
6
CONTINUOUS
10
0.5736814960629921
20
1.235953346456693
11
0.5739212598425196
21
1.234748031496063
0
LINE
8
BLACK
6
CONTINUOUS
10
0.5739212598425196
20
1.234748031496063
11
0.5739212598425196
21
1.2229370078740158
0
LINE
8
BLACK
6
CONTINUOUS
10
0.5739212598425196
20
1.2229370078740158
11
0.5736814960629921
21
1.2217316929133859
0
LINE
8
BLACK
6
CONTINUOUS
10
0.5736814960629921
20
1.2217316929133859
11
0.5729987795275591
21
1.2207098818897637
0
LINE
8
BLACK
6
CONTINUOUS
10
0.5729987795275591
20
1.2207098818897637
11
0.571976968503937
21
1.2200271653543306
0
LINE
8
BLACK
6
CONTINUOUS
10
0.571976968503937
20
1.2200271653543306
11
0.5707716535433071
21
1.2197874015748031
0
LINE
8
BLACK
6
CONTINUOUS
10
0.5707716535433071
20
1.2197874015748031
11
0.5392755905511811
21
1.2197874015748031
0
LINE
8
BLACK
6
CONTINUOUS
10
0.5392755905511811
20
1.2197874015748031
11
0.5380702755905512
21
1.2200271653543306
0
LINE
8
BLACK
6
CONTINUOUS
10
0.5380702755905512
20
1.2200271653543306
11
0.5370484645669291
21
1.2207098818897637
0
LINE
8
BLACK
6
CONTINUOUS
10
0.5370484645669291
20
1.2207098818897637
11
0.5363657480314961
21
1.2217316929133859
0
LINE
8
BLACK
6
CONTINUOUS
10
0.5363657480314961
20
1.2217316929133859
11
0.5361259842519684
21
1.2229370078740158
0
LINE
8
BLACK
6
CONTINUOUS
10
0.5361259842519684
20
1.2229370078740158
11
0.5361259842519684
21
1.234748031496063
0
LINE
8
BLACK
6
CONTINUOUS
10
0.5361259842519684
20
1.234748031496063
11
0.5363657480314961
21
1.235953346456693
0
LINE
8
BLACK
6
CONTINUOUS
10
0.5363657480314961
20
1.235953346456693
11
0.5370484645669291
21
1.2369751574803149
0
LINE
8
BLACK
6
CONTINUOUS
10
0.5370484645669291
20
1.2369751574803149
11
0.5380702755905512
21
1.237657874015748
0
LINE
8
BLACK
6
CONTINUOUS
10
0.5380702755905512
20
1.237657874015748
11
0.5392755905511811
21
1.2378976377952755
0
LINE
8
BLACK
6
CONTINUOUS
10
0.5392755905511811
20
1.2378976377952755
11
0.5707716535433071
21
1.2378976377952755
0
LINE
8
BLACK
6
CONTINUOUS
10
0.5707716535433071
20
1.2378976377952755
11
0.571976968503937
21
1.237657874015748
0
LINE
8
BLACK
6
CONTINUOUS
10
1.1139691732283463
20
1.2855862992125984
11
1.1169068897637795
21
1.2836234251968504
0
LINE
8
BLACK
6
CONTINUOUS
10
1.1169068897637795
20
1.2836234251968504
11
1.1188697637795275
21
1.2806857086614174
0
LINE
8
BLACK
6
CONTINUOUS
10
1.1188697637795275
20
1.2806857086614174
11
1.1195590551181103
21
1.2772204724409448
0
LINE
8
BLACK
6
CONTINUOUS
10
1.1195590551181103
20
1.2772204724409448
11
1.1195590551181103
21
1.2309606299212599
0
LINE
8
BLACK
6
CONTINUOUS
10
1.1195590551181103
20
1.2309606299212599
11
1.1188697637795275
21
1.2274953937007873
0
LINE
8
BLACK
6
CONTINUOUS
10
1.1188697637795275
20
1.2274953937007873
11
1.1169068897637795
21
1.2245576771653544
0
LINE
8
BLACK
6
CONTINUOUS
10
1.1169068897637795
20
1.2245576771653544
11
1.1139691732283463
21
1.2225948031496063
0
LINE
8
BLACK
6
CONTINUOUS
10
1.1139691732283463
20
1.2225948031496063
11
1.110503937007874
21
1.2219055118110236
0
LINE
8
BLACK
6
CONTINUOUS
10
1.110503937007874
20
1.2219055118110236
11
1.0986929133858268
21
1.2219055118110236
0
LINE
8
BLACK
6
CONTINUOUS
10
1.0986929133858268
20
1.2219055118110236
11
1.0952276771653544
21
1.2225948031496063
0
LINE
8
BLACK
6
CONTINUOUS
10
1.0952276771653544
20
1.2225948031496063
11
1.0922899606299212
21
1.2245576771653544
0
LINE
8
BLACK
6
CONTINUOUS
10
1.0922899606299212
20
1.2245576771653544
11
1.0903270866141732
21
1.2274953937007873
0
LINE
8
BLACK
6
CONTINUOUS
10
1.0903270866141732
20
1.2274953937007873
11
1.0896377952755905
21
1.2309606299212599
0
LINE
8
BLACK
6
CONTINUOUS
10
1.0896377952755905
20
1.2309606299212599
11
1.0896377952755905
21
1.2772204724409448
0
LINE
8
BLACK
6
CONTINUOUS
10
1.0896377952755905
20
1.2772204724409448
11
1.0903270866141732
21
1.2806857086614174
0
LINE
8
BLACK
6
CONTINUOUS
10
1.0903270866141732
20
1.2806857086614174
11
1.0922899606299212
21
1.2836234251968504
0
LINE
8
BLACK
6
CONTINUOUS
10
1.0922899606299212
20
1.2836234251968504
11
1.0952276771653544
21
1.2855862992125984
0
LINE
8
BLACK
6
CONTINUOUS
10
1.0952276771653544
20
1.2855862992125984
11
1.0986929133858268
21
1.2862755905511811
0
LINE
8
BLACK
6
CONTINUOUS
10
1.0986929133858268
20
1.2862755905511811
11
1.110503937007874
21
1.2862755905511811
0
LINE
8
BLACK
6
CONTINUOUS
10
1.110503937007874
20
1.2862755905511811
11
1.1139691732283463
21
1.2855862992125984
0
LINE
8
BLACK
6
CONTINUOUS
10
1.1887723228346456
20
1.2855862992125984
11
1.1917100393700788
21
1.2836234251968504
0
LINE
8
BLACK
6
CONTINUOUS
10
1.1917100393700788
20
1.2836234251968504
11
1.1936729133858268
21
1.2806857086614174
0
LINE
8
BLACK
6
CONTINUOUS
10
1.1936729133858268
20
1.2806857086614174
11
1.1943622047244093
21
1.2772204724409448
0
LINE
8
BLACK
6
CONTINUOUS
10
1.1943622047244093
20
1.2772204724409448
11
1.1943622047244093
21
1.2309606299212599
0
LINE
8
BLACK
6
CONTINUOUS
10
1.1943622047244093
20
1.2309606299212599
11
1.1936729133858268
21
1.2274953937007873
0
LINE
8
BLACK
6
CONTINUOUS
10
1.1936729133858268
20
1.2274953937007873
11
1.1917100393700788
21
1.2245576771653544
0
LINE
8
BLACK
6
CONTINUOUS
10
1.1917100393700788
20
1.2245576771653544
11
1.1887723228346456
21
1.2225948031496063
0
LINE
8
BLACK
6
CONTINUOUS
10
1.1887723228346456
20
1.2225948031496063
11
1.1853070866141733
21
1.2219055118110236
0
LINE
8
BLACK
6
CONTINUOUS
10
1.1853070866141733
20
1.2219055118110236
11
1.1734960629921261
21
1.2219055118110236
0
LINE
8
BLACK
6
CONTINUOUS
10
1.1734960629921261
20
1.2219055118110236
11
1.1700308267716535
21
1.2225948031496063
0
LINE
8
BLACK
6
CONTINUOUS
10
1.1700308267716535
20
1.2225948031496063
11
1.1670931102362205
21
1.2245576771653544
0
LINE
8
BLACK
6
CONTINUOUS
10
1.1670931102362205
20
1.2245576771653544
11
1.1651302362204725
21
1.2274953937007873
0
LINE
8
BLACK
6
CONTINUOUS
10
1.1651302362204725
20
1.2274953937007873
11
1.1644409448818898
21
1.2309606299212599
0
LINE
8
BLACK
6
CONTINUOUS
10
1.1644409448818898
20
1.2309606299212599
11
1.1644409448818898
21
1.2772204724409448
0
LINE
8
BLACK
6
CONTINUOUS
10
1.1644409448818898
20
1.2772204724409448
11
1.1651302362204725
21
1.2806857086614174
0
LINE
8
BLACK
6
CONTINUOUS
10
1.1651302362204725
20
1.2806857086614174
11
1.1670931102362205
21
1.2836234251968504
0
LINE
8
BLACK
6
CONTINUOUS
10
1.1670931102362205
20
1.2836234251968504
11
1.1700308267716535
21
1.2855862992125984
0
LINE
8
BLACK
6
CONTINUOUS
10
1.1700308267716535
20
1.2855862992125984
11
1.1734960629921261
21
1.2862755905511811
0
LINE
8
BLACK
6
CONTINUOUS
10
1.1734960629921261
20
1.2862755905511811
11
1.1853070866141733
21
1.2862755905511811
0
LINE
8
BLACK
6
CONTINUOUS
10
1.1853070866141733
20
1.2862755905511811
11
1.1887723228346456
21
1.2855862992125984
0
LINE
8
BLACK
6
CONTINUOUS
10
1.0500948818897637
20
1.2841163779527558
11
1.0541842519685038
21
1.2822094488188975
0
LINE
8
BLACK
6
CONTINUOUS
10
1.0541842519685038
20
1.2822094488188975
11
1.0573748031496062
21
1.2790188976377952
0
LINE
8
BLACK
6
CONTINUOUS
10
1.0573748031496062
20
1.2790188976377952
11
1.0592817322834645
21
1.2749295275590551
0
LINE
8
BLACK
6
CONTINUOUS
10
1.0592817322834645
20
1.2749295275590551
11
1.059724409448819
21
1.2715669291338583
0
LINE
8
BLACK
6
CONTINUOUS
10
1.059724409448819
20
1.2715669291338583
11
1.059724409448819
21
1.2361338582677166
0
LINE
8
BLACK
6
CONTINUOUS
10
1.059724409448819
20
1.2361338582677166
11
1.0592817322834645
21
1.2327712598425196
0
LINE
8
BLACK
6
CONTINUOUS
10
1.0592817322834645
20
1.2327712598425196
11
1.0573748031496062
21
1.2286818897637795
0
LINE
8
BLACK
6
CONTINUOUS
10
1.0573748031496062
20
1.2286818897637795
11
1.0541842519685038
21
1.2254913385826771
0
LINE
8
BLACK
6
CONTINUOUS
10
1.0541842519685038
20
1.2254913385826771
11
1.0500948818897637
21
1.2235844094488189
0
LINE
8
BLACK
6
CONTINUOUS
10
1.0500948818897637
20
1.2235844094488189
11
1.0467322834645669
21
1.2231417322834646
0
LINE
8
BLACK
6
CONTINUOUS
10
1.0467322834645669
20
1.2231417322834646
11
1.0132677165354331
21
1.2231417322834646
0
LINE
8
BLACK
6
CONTINUOUS
10
1.0132677165354331
20
1.2231417322834646
11
1.0099051181102361
21
1.2235844094488189
0
LINE
8
BLACK
6
CONTINUOUS
10
1.0099051181102361
20
1.2235844094488189
11
1.005815748031496
21
1.2254913385826771
0
LINE
8
BLACK
6
CONTINUOUS
10
1.005815748031496
20
1.2254913385826771
11
1.0026251968503936
21
1.2286818897637795
0
LINE
8
BLACK
6
CONTINUOUS
10
1.0026251968503936
20
1.2286818897637795
11
1.0007182677165354
21
1.2327712598425196
0
LINE
8
BLACK
6
CONTINUOUS
10
1.0007182677165354
20
1.2327712598425196
11
1.0002755905511811
21
1.2361338582677166
0
LINE
8
BLACK
6
CONTINUOUS
10
1.0002755905511811
20
1.2361338582677166
11
1.0002755905511811
21
1.2715669291338583
0
LINE
8
BLACK
6
CONTINUOUS
10
1.0002755905511811
20
1.2715669291338583
11
1.0007182677165354
21
1.2749295275590551
0
LINE
8
BLACK
6
CONTINUOUS
10
1.0007182677165354
20
1.2749295275590551
11
1.0026251968503936
21
1.2790188976377952
0
LINE
8
BLACK
6
CONTINUOUS
10
1.0026251968503936
20
1.2790188976377952
11
1.005815748031496
21
1.2822094488188975
0
LINE
8
BLACK
6
CONTINUOUS
10
1.005815748031496
20
1.2822094488188975
11
1.0099051181102361
21
1.2841163779527558
0
LINE
8
BLACK
6
CONTINUOUS
10
1.0099051181102361
20
1.2841163779527558
11
1.0132677165354331
21
1.2845590551181103
0
LINE
8
BLACK
6
CONTINUOUS
10
1.0132677165354331
20
1.2845590551181103
11
1.0467322834645669
21
1.2845590551181103
0
LINE
8
BLACK
6
CONTINUOUS
10
1.0467322834645669
20
1.2845590551181103
11
1.0500948818897637
21
1.2841163779527558
0
LINE
8
BLACK
6
CONTINUOUS
10
1.3098589370078739
20
1.2601453543307086
11
1.3127966535433071
21
1.2581824803149606
0
LINE
8
BLACK
6
CONTINUOUS
10
1.3127966535433071
20
1.2581824803149606
11
1.3147595275590551
21
1.2552447637795274
0
LINE
8
BLACK
6
CONTINUOUS
10
1.3147595275590551
20
1.2552447637795274
11
1.3154488188976379
21
1.2517795275590551
0
LINE
8
BLACK
6
CONTINUOUS
10
1.3154488188976379
20
1.2517795275590551
11
1.3154488188976379
21
1.2399685039370079
0
LINE
8
BLACK
6
CONTINUOUS
10
1.3154488188976379
20
1.2399685039370079
11
1.3147595275590551
21
1.2365032677165355
0
LINE
8
BLACK
6
CONTINUOUS
10
1.3147595275590551
20
1.2365032677165355
11
1.3127966535433071
21
1.2335655511811023
0
LINE
8
BLACK
6
CONTINUOUS
10
1.3127966535433071
20
1.2335655511811023
11
1.3098589370078739
21
1.2316026771653543
0
LINE
8
BLACK
6
CONTINUOUS
10
1.3098589370078739
20
1.2316026771653543
11
1.3063937007874016
21
1.2309133858267716
0
LINE
8
BLACK
6
CONTINUOUS
10
1.3063937007874016
20
1.2309133858267716
11
1.2660393700787402
21
1.2309133858267716
0
LINE
8
BLACK
6
CONTINUOUS
10
1.2660393700787402
20
1.2309133858267716
11
1.2625741338582677
21
1.2316026771653543
0
LINE
8
BLACK
6
CONTINUOUS
10
1.2625741338582677
20
1.2316026771653543
11
1.2596364173228347
21
1.2335655511811023
0
LINE
8
BLACK
6
CONTINUOUS
10
1.2596364173228347
20
1.2335655511811023
11
1.2576735433070867
21
1.2365032677165355
0
LINE
8
BLACK
6
CONTINUOUS
10
1.2576735433070867
20
1.2365032677165355
11
1.2569842519685039
21
1.2399685039370079
0
LINE
8
BLACK
6
CONTINUOUS
10
1.2569842519685039
20
1.2399685039370079
11
1.2569842519685039
21
1.2517795275590551
0
LINE
8
BLACK
6
CONTINUOUS
10
1.2569842519685039
20
1.2517795275590551
11
1.2576735433070867
21
1.2552447637795274
0
LINE
8
BLACK
6
CONTINUOUS
10
1.2576735433070867
20
1.2552447637795274
11
1.2596364173228347
21
1.2581824803149606
0
LINE
8
BLACK
6
CONTINUOUS
10
1.2596364173228347
20
1.2581824803149606
11
1.2625741338582677
21
1.2601453543307086
0
LINE
8
BLACK
6
CONTINUOUS
10
1.2625741338582677
20
1.2601453543307086
11
1.2660393700787402
21
1.2608346456692914
0
LINE
8
BLACK
6
CONTINUOUS
10
1.2660393700787402
20
1.2608346456692914
11
1.3063937007874016
21
1.2608346456692914
0
LINE
8
BLACK
6
CONTINUOUS
10
1.3063937007874016
20
1.2608346456692914
11
1.3098589370078739
21
1.2601453543307086
0
LINE
8
BLACK
6
CONTINUOUS
10
1.3994258661417323
20
1.2601453543307086
11
1.4023635826771654
21
1.2581824803149606
0
LINE
8
BLACK
6
CONTINUOUS
10
1.4023635826771654
20
1.2581824803149606
11
1.4043264566929134
21
1.2552447637795274
0
LINE
8
BLACK
6
CONTINUOUS
10
1.4043264566929134
20
1.2552447637795274
11
1.405015748031496
21
1.2517795275590551
0
LINE
8
BLACK
6
CONTINUOUS
10
1.405015748031496
20
1.2517795275590551
11
1.405015748031496
21
1.2399685039370079
0
LINE
8
BLACK
6
CONTINUOUS
10
1.405015748031496
20
1.2399685039370079
11
1.4043264566929134
21
1.2365032677165355
0
LINE
8
BLACK
6
CONTINUOUS
10
1.4043264566929134
20
1.2365032677165355
11
1.4023635826771654
21
1.2335655511811023
0
LINE
8
BLACK
6
CONTINUOUS
10
1.4023635826771654
20
1.2335655511811023
11
1.3994258661417323
21
1.2316026771653543
0
LINE
8
BLACK
6
CONTINUOUS
10
1.3994258661417323
20
1.2316026771653543
11
1.3959606299212599
21
1.2309133858267716
0
LINE
8
BLACK
6
CONTINUOUS
10
1.3959606299212599
20
1.2309133858267716
11
1.3556062992125983
21
1.2309133858267716
0
LINE
8
BLACK
6
CONTINUOUS
10
1.3556062992125983
20
1.2309133858267716
11
1.352141062992126
21
1.2316026771653543
0
LINE
8
BLACK
6
CONTINUOUS
10
1.352141062992126
20
1.2316026771653543
11
1.3492033464566928
21
1.2335655511811023
0
LINE
8
BLACK
6
CONTINUOUS
10
1.3492033464566928
20
1.2335655511811023
11
1.3472404724409448
21
1.2365032677165355
0
LINE
8
BLACK
6
CONTINUOUS
10
1.3472404724409448
20
1.2365032677165355
11
1.3465511811023623
21
1.2399685039370079
0
LINE
8
BLACK
6
CONTINUOUS
10
1.3465511811023623
20
1.2399685039370079
11
1.3465511811023623
21
1.2517795275590551
0
LINE
8
BLACK
6
CONTINUOUS
10
1.3465511811023623
20
1.2517795275590551
11
1.3472404724409448
21
1.2552447637795274
0
LINE
8
BLACK
6
CONTINUOUS
10
1.3472404724409448
20
1.2552447637795274
11
1.3492033464566928
21
1.2581824803149606
0
LINE
8
BLACK
6
CONTINUOUS
10
1.3492033464566928
20
1.2581824803149606
11
1.352141062992126
21
1.2601453543307086
0
LINE
8
BLACK
6
CONTINUOUS
10
1.352141062992126
20
1.2601453543307086
11
1.3556062992125983
21
1.2608346456692914
0
LINE
8
BLACK
6
CONTINUOUS
10
1.3556062992125983
20
1.2608346456692914
11
1.3959606299212599
21
1.2608346456692914
0
LINE
8
BLACK
6
CONTINUOUS
10
1.3959606299212599
20
1.2608346456692914
11
1.3994258661417323
21
1.2601453543307086
0
LINE
8
BLACK
6
CONTINUOUS
10
0.4499297244094488
20
1.2573429133858267
11
0.4509515354330709
21
1.2566601968503937
0
LINE
8
BLACK
6
CONTINUOUS
10
0.4509515354330709
20
1.2566601968503937
11
0.4516342519685039
21
1.2556383858267717
0
LINE
8
BLACK
6
CONTINUOUS
10
0.4516342519685039
20
1.2556383858267717
11
0.4518740157480315
21
1.2544330708661418
0
LINE
8
BLACK
6
CONTINUOUS
10
0.4518740157480315
20
1.2544330708661418
11
0.4518740157480315
21
1.2426220472440945
0
LINE
8
BLACK
6
CONTINUOUS
10
0.4518740157480315
20
1.2426220472440945
11
0.4516342519685039
21
1.2414167322834646
0
LINE
8
BLACK
6
CONTINUOUS
10
0.4516342519685039
20
1.2414167322834646
11
0.4509515354330709
21
1.2403949212598424
0
LINE
8
BLACK
6
CONTINUOUS
10
0.4509515354330709
20
1.2403949212598424
11
0.4499297244094488
21
1.2397122047244094
0
LINE
8
BLACK
6
CONTINUOUS
10
0.4499297244094488
20
1.2397122047244094
11
0.4487244094488189
21
1.2394724409448818
0
LINE
8
BLACK
6
CONTINUOUS
10
0.4487244094488189
20
1.2394724409448818
11
0.4172283464566929
21
1.2394724409448818
0
LINE
8
BLACK
6
CONTINUOUS
10
0.4172283464566929
20
1.2394724409448818
11
0.416023031496063
21
1.2397122047244094
0
LINE
8
BLACK
6
CONTINUOUS
10
0.416023031496063
20
1.2397122047244094
11
0.4150012204724409
21
1.2403949212598424
0
LINE
8
BLACK
6
CONTINUOUS
10
0.4150012204724409
20
1.2403949212598424
11
0.4143185039370079
21
1.2414167322834646
0
LINE
8
BLACK
6
CONTINUOUS
10
0.4143185039370079
20
1.2414167322834646
11
0.4140787401574803
21
1.2426220472440945
0
LINE
8
BLACK
6
CONTINUOUS
10
0.4140787401574803
20
1.2426220472440945
11
0.4140787401574803
21
1.2544330708661418
0
LINE
8
BLACK
6
CONTINUOUS
10
0.4140787401574803
20
1.2544330708661418
11
0.4143185039370079
21
1.2556383858267717
0
LINE
8
BLACK
6
CONTINUOUS
10
0.4143185039370079
20
1.2556383858267717
11
0.4150012204724409
21
1.2566601968503937
0
LINE
8
BLACK
6
CONTINUOUS
10
0.4150012204724409
20
1.2566601968503937
11
0.416023031496063
21
1.2573429133858267
0
LINE
8
BLACK
6
CONTINUOUS
10
0.416023031496063
20
1.2573429133858267
11
0.4172283464566929
21
1.2575826771653542
0
LINE
8
BLACK
6
CONTINUOUS
10
0.4172283464566929
20
1.2575826771653542
11
0.4487244094488189
21
1.2575826771653542
0
LINE
8
BLACK
6
CONTINUOUS
10
0.4487244094488189
20
1.2575826771653542
11
0.4499297244094488
21
1.2573429133858267
0
LINE
8
BLACK
6
CONTINUOUS
10
0.571976968503937
20
1.2573429133858267
11
0.5729987795275591
21
1.2566601968503937
0
LINE
8
BLACK
6
CONTINUOUS
10
0.5729987795275591
20
1.2566601968503937
11
0.5736814960629921
21
1.2556383858267717
0
LINE
8
BLACK
6
CONTINUOUS
10
0.5736814960629921
20
1.2556383858267717
11
0.5739212598425196
21
1.2544330708661418
0
LINE
8
BLACK
6
CONTINUOUS
10
0.5739212598425196
20
1.2544330708661418
11
0.5739212598425196
21
1.2426220472440945
0
LINE
8
BLACK
6
CONTINUOUS
10
0.5739212598425196
20
1.2426220472440945
11
0.5736814960629921
21
1.2414167322834646
0
LINE
8
BLACK
6
CONTINUOUS
10
0.5736814960629921
20
1.2414167322834646
11
0.5729987795275591
21
1.2403949212598424
0
LINE
8
BLACK
6
CONTINUOUS
10
0.5729987795275591
20
1.2403949212598424
11
0.571976968503937
21
1.2397122047244094
0
LINE
8
BLACK
6
CONTINUOUS
10
0.571976968503937
20
1.2397122047244094
11
0.5707716535433071
21
1.2394724409448818
0
LINE
8
BLACK
6
CONTINUOUS
10
0.5707716535433071
20
1.2394724409448818
11
0.5392755905511811
21
1.2394724409448818
0
LINE
8
BLACK
6
CONTINUOUS
10
0.5392755905511811
20
1.2394724409448818
11
0.5380702755905512
21
1.2397122047244094
0
LINE
8
BLACK
6
CONTINUOUS
10
0.5380702755905512
20
1.2397122047244094
11
0.5370484645669291
21
1.2403949212598424
0
LINE
8
BLACK
6
CONTINUOUS
10
0.5370484645669291
20
1.2403949212598424
11
0.5363657480314961
21
1.2414167322834646
0
LINE
8
BLACK
6
CONTINUOUS
10
0.5363657480314961
20
1.2414167322834646
11
0.5361259842519684
21
1.2426220472440945
0
LINE
8
BLACK
6
CONTINUOUS
10
0.5361259842519684
20
1.2426220472440945
11
0.5361259842519684
21
1.2544330708661418
0
LINE
8
BLACK
6
CONTINUOUS
10
0.5361259842519684
20
1.2544330708661418
11
0.5363657480314961
21
1.2556383858267717
0
LINE
8
BLACK
6
CONTINUOUS
10
0.5363657480314961
20
1.2556383858267717
11
0.5370484645669291
21
1.2566601968503937
0
LINE
8
BLACK
6
CONTINUOUS
10
0.5370484645669291
20
1.2566601968503937
11
0.5380702755905512
21
1.2573429133858267
0
LINE
8
BLACK
6
CONTINUOUS
10
0.5380702755905512
20
1.2573429133858267
11
0.5392755905511811
21
1.2575826771653542
0
LINE
8
BLACK
6
CONTINUOUS
10
0.5392755905511811
20
1.2575826771653542
11
0.5707716535433071
21
1.2575826771653542
0
LINE
8
BLACK
6
CONTINUOUS
10
0.5707716535433071
20
1.2575826771653542
11
0.571976968503937
21
1.2573429133858267
0
LINE
8
BLACK
6
CONTINUOUS
10
1.3994258661417323
20
1.2975469291338582
11
1.4023635826771654
21
1.2955840551181101
0
LINE
8
BLACK
6
CONTINUOUS
10
1.4023635826771654
20
1.2955840551181101
11
1.4043264566929134
21
1.2926463385826772
0
LINE
8
BLACK
6
CONTINUOUS
10
1.4043264566929134
20
1.2926463385826772
11
1.405015748031496
21
1.2891811023622046
0
LINE
8
BLACK
6
CONTINUOUS
10
1.405015748031496
20
1.2891811023622046
11
1.405015748031496
21
1.2773700787401574
0
LINE
8
BLACK
6
CONTINUOUS
10
1.405015748031496
20
1.2773700787401574
11
1.4043264566929134
21
1.2739048425196851
0
LINE
8
BLACK
6
CONTINUOUS
10
1.4043264566929134
20
1.2739048425196851
11
1.4023635826771654
21
1.2709671259842519
0
LINE
8
BLACK
6
CONTINUOUS
10
1.4023635826771654
20
1.2709671259842519
11
1.3994258661417323
21
1.2690042519685039
0
LINE
8
BLACK
6
CONTINUOUS
10
1.3994258661417323
20
1.2690042519685039
11
1.3959606299212599
21
1.2683149606299213
0
LINE
8
BLACK
6
CONTINUOUS
10
1.3959606299212599
20
1.2683149606299213
11
1.3556062992125983
21
1.2683149606299213
0
LINE
8
BLACK
6
CONTINUOUS
10
1.3556062992125983
20
1.2683149606299213
11
1.352141062992126
21
1.2690042519685039
0
LINE
8
BLACK
6
CONTINUOUS
10
1.352141062992126
20
1.2690042519685039
11
1.3492033464566928
21
1.2709671259842519
0
LINE
8
BLACK
6
CONTINUOUS
10
1.3492033464566928
20
1.2709671259842519
11
1.3472404724409448
21
1.2739048425196851
0
LINE
8
BLACK
6
CONTINUOUS
10
1.3472404724409448
20
1.2739048425196851
11
1.3465511811023623
21
1.2773700787401574
0
LINE
8
BLACK
6
CONTINUOUS
10
1.3465511811023623
20
1.2773700787401574
11
1.3465511811023623
21
1.2891811023622046
0
LINE
8
BLACK
6
CONTINUOUS
10
1.3465511811023623
20
1.2891811023622046
11
1.3472404724409448
21
1.2926463385826772
0
LINE
8
BLACK
6
CONTINUOUS
10
1.3472404724409448
20
1.2926463385826772
11
1.3492033464566928
21
1.2955840551181101
0
LINE
8
BLACK
6
CONTINUOUS
10
1.3492033464566928
20
1.2955840551181101
11
1.352141062992126
21
1.2975469291338582
0
LINE
8
BLACK
6
CONTINUOUS
10
1.352141062992126
20
1.2975469291338582
11
1.3556062992125983
21
1.2982362204724409
0
LINE
8
BLACK
6
CONTINUOUS
10
1.3556062992125983
20
1.2982362204724409
11
1.3959606299212599
21
1.2982362204724409
0
LINE
8
BLACK
6
CONTINUOUS
10
1.3959606299212599
20
1.2982362204724409
11
1.3994258661417323
21
1.2975469291338582
0
LINE
8
BLACK
6
CONTINUOUS
10
0.851929527559055
20
1.3352817322834645
11
0.8560188976377953
21
1.3333748031496062
0
LINE
8
BLACK
6
CONTINUOUS
10
0.8560188976377953
20
1.3333748031496062
11
0.8592094488188976
21
1.3301842519685039
0
LINE
8
BLACK
6
CONTINUOUS
10
0.8592094488188976
20
1.3301842519685039
11
0.8611163779527559
21
1.3260948818897638
0
LINE
8
BLACK
6
CONTINUOUS
10
0.8611163779527559
20
1.3260948818897638
11
0.8615590551181103
21
1.3227322834645669
0
LINE
8
BLACK
6
CONTINUOUS
10
0.8615590551181103
20
1.3227322834645669
11
0.8615590551181103
21
1.2892677165354332
0
LINE
8
BLACK
6
CONTINUOUS
10
0.8615590551181103
20
1.2892677165354332
11
0.8611163779527559
21
1.2859051181102361
0
LINE
8
BLACK
6
CONTINUOUS
10
0.8611163779527559
20
1.2859051181102361
11
0.8592094488188976
21
1.281815748031496
0
LINE
8
BLACK
6
CONTINUOUS
10
0.8592094488188976
20
1.281815748031496
11
0.8560188976377953
21
1.2786251968503937
0
LINE
8
BLACK
6
CONTINUOUS
10
0.8560188976377953
20
1.2786251968503937
11
0.851929527559055
21
1.2767182677165354
0
LINE
8
BLACK
6
CONTINUOUS
10
0.851929527559055
20
1.2767182677165354
11
0.8485669291338582
21
1.2762755905511811
0
LINE
8
BLACK
6
CONTINUOUS
10
0.8485669291338582
20
1.2762755905511811
11
0.8131338582677166
21
1.2762755905511811
0
LINE
8
BLACK
6
CONTINUOUS
10
0.8131338582677166
20
1.2762755905511811
11
0.8097712598425196
21
1.2767182677165354
0
LINE
8
BLACK
6
CONTINUOUS
10
0.8097712598425196
20
1.2767182677165354
11
0.8056818897637795
21
1.2786251968503937
0
LINE
8
BLACK
6
CONTINUOUS
10
0.8056818897637795
20
1.2786251968503937
11
0.8024913385826772
21
1.281815748031496
0
LINE
8
BLACK
6
CONTINUOUS
10
0.8024913385826772
20
1.281815748031496
11
0.8005844094488189
21
1.2859051181102361
0
LINE
8
BLACK
6
CONTINUOUS
10
0.8005844094488189
20
1.2859051181102361
11
0.8001417322834645
21
1.2892677165354332
0
LINE
8
BLACK
6
CONTINUOUS
10
0.8001417322834645
20
1.2892677165354332
11
0.8001417322834645
21
1.3227322834645669
0
LINE
8
BLACK
6
CONTINUOUS
10
0.8001417322834645
20
1.3227322834645669
11
0.8005844094488189
21
1.3260948818897638
0
LINE
8
BLACK
6
CONTINUOUS
10
0.8005844094488189
20
1.3260948818897638
11
0.8024913385826772
21
1.3301842519685039
0
LINE
8
BLACK
6
CONTINUOUS
10
0.8024913385826772
20
1.3301842519685039
11
0.8056818897637795
21
1.3333748031496062
0
LINE
8
BLACK
6
CONTINUOUS
10
0.8056818897637795
20
1.3333748031496062
11
0.8097712598425196
21
1.3352817322834645
0
LINE
8
BLACK
6
CONTINUOUS
10
0.8097712598425196
20
1.3352817322834645
11
0.8131338582677166
21
1.3357244094488188
0
LINE
8
BLACK
6
CONTINUOUS
10
0.8131338582677166
20
1.3357244094488188
11
0.8485669291338582
21
1.3357244094488188
0
LINE
8
BLACK
6
CONTINUOUS
10
0.8485669291338582
20
1.3357244094488188
11
0.851929527559055
21
1.3352817322834645
0
LINE
8
BLACK
6
CONTINUOUS
10
0.9582287401574803
20
1.3352817322834645
11
0.9623181102362205
21
1.3333748031496062
0
LINE
8
BLACK
6
CONTINUOUS
10
0.9623181102362205
20
1.3333748031496062
11
0.9655086614173228
21
1.3301842519685039
0
LINE
8
BLACK
6
CONTINUOUS
10
0.9655086614173228
20
1.3301842519685039
11
0.9674155905511811
21
1.3260948818897638
0
LINE
8
BLACK
6
CONTINUOUS
10
0.9674155905511811
20
1.3260948818897638
11
0.9678582677165354
21
1.3227322834645669
0
LINE
8
BLACK
6
CONTINUOUS
10
0.9678582677165354
20
1.3227322834645669
11
0.9678582677165354
21
1.2892677165354332
0
LINE
8
BLACK
6
CONTINUOUS
10
0.9678582677165354
20
1.2892677165354332
11
0.9674155905511811
21
1.2859051181102361
0
LINE
8
BLACK
6
CONTINUOUS
10
0.9674155905511811
20
1.2859051181102361
11
0.9655086614173228
21
1.281815748031496
0
LINE
8
BLACK
6
CONTINUOUS
10
0.9655086614173228
20
1.281815748031496
11
0.9623181102362205
21
1.2786251968503937
0
LINE
8
BLACK
6
CONTINUOUS
10
0.9623181102362205
20
1.2786251968503937
11
0.9582287401574803
21
1.2767182677165354
0
LINE
8
BLACK
6
CONTINUOUS
10
0.9582287401574803
20
1.2767182677165354
11
0.9548661417322835
21
1.2762755905511811
0
LINE
8
BLACK
6
CONTINUOUS
10
0.9548661417322835
20
1.2762755905511811
11
0.9194330708661417
21
1.2762755905511811
0
LINE
8
BLACK
6
CONTINUOUS
10
0.9194330708661417
20
1.2762755905511811
11
0.9160704724409449
21
1.2767182677165354
0
LINE
8
BLACK
6
CONTINUOUS
10
0.9160704724409449
20
1.2767182677165354
11
0.9119811023622048
21
1.2786251968503937
0
LINE
8
BLACK
6
CONTINUOUS
10
0.9119811023622048
20
1.2786251968503937
11
0.9087905511811023
21
1.281815748031496
0
LINE
8
BLACK
6
CONTINUOUS
10
0.9087905511811023
20
1.281815748031496
11
0.906883622047244
21
1.2859051181102361
0
LINE
8
BLACK
6
CONTINUOUS
10
0.906883622047244
20
1.2859051181102361
11
0.9064409448818898
21
1.2892677165354332
0
LINE
8
BLACK
6
CONTINUOUS
10
0.9064409448818898
20
1.2892677165354332
11
0.9064409448818898
21
1.3227322834645669
0
LINE
8
BLACK
6
CONTINUOUS
10
0.9064409448818898
20
1.3227322834645669
11
0.906883622047244
21
1.3260948818897638
0
LINE
8
BLACK
6
CONTINUOUS
10
0.906883622047244
20
1.3260948818897638
11
0.9087905511811023
21
1.3301842519685039
0
LINE
8
BLACK
6
CONTINUOUS
10
0.9087905511811023
20
1.3301842519685039
11
0.9119811023622048
21
1.3333748031496062
0
LINE
8
BLACK
6
CONTINUOUS
10
0.9119811023622048
20
1.3333748031496062
11
0.9160704724409449
21
1.3352817322834645
0
LINE
8
BLACK
6
CONTINUOUS
10
0.9160704724409449
20
1.3352817322834645
11
0.9194330708661417
21
1.3357244094488188
0
LINE
8
BLACK
6
CONTINUOUS
10
0.9194330708661417
20
1.3357244094488188
11
0.9548661417322835
21
1.3357244094488188
0
LINE
8
BLACK
6
CONTINUOUS
10
0.9548661417322835
20
1.3357244094488188
11
0.9582287401574803
21
1.3352817322834645
0
LINE
8
BLACK
6
CONTINUOUS
10
2.2900791338582676
20
1.3329588976377953
11
2.2941685039370077
21
1.331051968503937
0
LINE
8
BLACK
6
CONTINUOUS
10
2.2941685039370077
20
1.331051968503937
11
2.2973590551181102
21
1.3278614173228347
0
LINE
8
BLACK
6
CONTINUOUS
10
2.2973590551181102
20
1.3278614173228347
11
2.2992659842519685
21
1.3237720472440944
0
LINE
8
BLACK
6
CONTINUOUS
10
2.2992659842519685
20
1.3237720472440944
11
2.299708661417323
21
1.3204094488188975
0
LINE
8
BLACK
6
CONTINUOUS
10
2.299708661417323
20
1.3204094488188975
11
2.299708661417323
21
1.2997401574803149
0
LINE
8
BLACK
6
CONTINUOUS
10
2.299708661417323
20
1.2997401574803149
11
2.2992659842519685
21
1.2963775590551181
0
LINE
8
BLACK
6
CONTINUOUS
10
2.2992659842519685
20
1.2963775590551181
11
2.2973590551181102
21
1.292288188976378
0
LINE
8
BLACK
6
CONTINUOUS
10
2.2973590551181102
20
1.292288188976378
11
2.2941685039370077
21
1.2890976377952756
0
LINE
8
BLACK
6
CONTINUOUS
10
2.2941685039370077
20
1.2890976377952756
11
2.2900791338582676
21
1.2871907086614174
0
LINE
8
BLACK
6
CONTINUOUS
10
2.2900791338582676
20
1.2871907086614174
11
2.286716535433071
21
1.2867480314960629
0
LINE
8
BLACK
6
CONTINUOUS
10
2.286716535433071
20
1.2867480314960629
11
2.2512834645669293
21
1.2867480314960629
0
LINE
8
BLACK
6
CONTINUOUS
10
2.2512834645669293
20
1.2867480314960629
11
2.2479208661417323
21
1.2871907086614174
0
LINE
8
BLACK
6
CONTINUOUS
10
2.2479208661417323
20
1.2871907086614174
11
2.2438314960629921
21
1.2890976377952756
0
LINE
8
BLACK
6
CONTINUOUS
10
2.2438314960629921
20
1.2890976377952756
11
2.2406409448818896
21
1.292288188976378
0
LINE
8
BLACK
6
CONTINUOUS
10
2.2406409448818896
20
1.292288188976378
11
2.2387340157480313
21
1.2963775590551181
0
LINE
8
BLACK
6
CONTINUOUS
10
2.2387340157480313
20
1.2963775590551181
11
2.2382913385826773
21
1.2997401574803149
0
LINE
8
BLACK
6
CONTINUOUS
10
2.2382913385826773
20
1.2997401574803149
11
2.2382913385826773
21
1.3204094488188975
0
LINE
8
BLACK
6
CONTINUOUS
10
2.2382913385826773
20
1.3204094488188975
11
2.2387340157480313
21
1.3237720472440944
0
LINE
8
BLACK
6
CONTINUOUS
10
2.2387340157480313
20
1.3237720472440944
11
2.2406409448818896
21
1.3278614173228347
0
LINE
8
BLACK
6
CONTINUOUS
10
2.2406409448818896
20
1.3278614173228347
11
2.2438314960629921
21
1.331051968503937
0
LINE
8
BLACK
6
CONTINUOUS
10
2.2438314960629921
20
1.331051968503937
11
2.2479208661417323
21
1.3329588976377953
0
LINE
8
BLACK
6
CONTINUOUS
10
2.2479208661417323
20
1.3329588976377953
11
2.2512834645669293
21
1.3334015748031496
0
LINE
8
BLACK
6
CONTINUOUS
10
2.2512834645669293
20
1.3334015748031496
11
2.286716535433071
21
1.3334015748031496
0
LINE
8
BLACK
6
CONTINUOUS
10
2.286716535433071
20
1.3334015748031496
11
2.2900791338582676
21
1.3329588976377953
0
LINE
8
BLACK
6
CONTINUOUS
10
0.7586856299212599
20
1.4464688976377953
11
0.7597074409448819
21
1.4457861811023622
0
LINE
8
BLACK
6
CONTINUOUS
10
0.7597074409448819
20
1.4457861811023622
11
0.7603901574803149
21
1.44476437007874
0
LINE
8
BLACK
6
CONTINUOUS
10
0.7603901574803149
20
1.44476437007874
11
0.7606299212598425
21
1.4435590551181101
0
LINE
8
BLACK
6
CONTINUOUS
10
0.7606299212598425
20
1.4435590551181101
11
0.7606299212598425
21
1.2939527559055117
0
LINE
8
BLACK
6
CONTINUOUS
10
0.7606299212598425
20
1.2939527559055117
11
0.7603901574803149
21
1.2927474409448818
0
LINE
8
BLACK
6
CONTINUOUS
10
0.7603901574803149
20
1.2927474409448818
11
0.7597074409448819
21
1.2917256299212598
0
LINE
8
BLACK
6
CONTINUOUS
10
0.7597074409448819
20
1.2917256299212598
11
0.7586856299212599
21
1.2910429133858268
0
LINE
8
BLACK
6
CONTINUOUS
10
0.7586856299212599
20
1.2910429133858268
11
0.75748031496063
21
1.2908031496062993
0
LINE
8
BLACK
6
CONTINUOUS
10
0.75748031496063
20
1.2908031496062993
11
0.7181102362204724
21
1.2908031496062993
0
LINE
8
BLACK
6
CONTINUOUS
10
0.7181102362204724
20
1.2908031496062993
11
0.7169049212598425
21
1.2910429133858268
0
LINE
8
BLACK
6
CONTINUOUS
10
0.7169049212598425
20
1.2910429133858268
11
0.7158831102362204
21
1.2917256299212598
0
LINE
8
BLACK
6
CONTINUOUS
10
0.7158831102362204
20
1.2917256299212598
11
0.7152003937007874
21
1.2927474409448818
0
LINE
8
BLACK
6
CONTINUOUS
10
0.7152003937007874
20
1.2927474409448818
11
0.7149606299212599
21
1.2939527559055117
0
LINE
8
BLACK
6
CONTINUOUS
10
0.7149606299212599
20
1.2939527559055117
11
0.7149606299212599
21
1.4435590551181101
0
LINE
8
BLACK
6
CONTINUOUS
10
0.7149606299212599
20
1.4435590551181101
11
0.7152003937007874
21
1.44476437007874
0
LINE
8
BLACK
6
CONTINUOUS
10
0.7152003937007874
20
1.44476437007874
11
0.7158831102362204
21
1.4457861811023622
0
LINE
8
BLACK
6
CONTINUOUS
10
0.7158831102362204
20
1.4457861811023622
11
0.7169049212598425
21
1.4464688976377953
0
LINE
8
BLACK
6
CONTINUOUS
10
0.7169049212598425
20
1.4464688976377953
11
0.7181102362204724
21
1.4467086614173228
0
LINE
8
BLACK
6
CONTINUOUS
10
0.7181102362204724
20
1.4467086614173228
11
0.75748031496063
21
1.4467086614173228
0
LINE
8
BLACK
6
CONTINUOUS
10
0.75748031496063
20
1.4467086614173228
11
0.7586856299212599
21
1.4464688976377953
0
LINE
8
BLACK
6
CONTINUOUS
10
2.4830950787401576
20
1.4464688976377953
11
2.4841168897637793
21
1.4457861811023622
0
LINE
8
BLACK
6
CONTINUOUS
10
2.4841168897637793
20
1.4457861811023622
11
2.4847996062992124
21
1.44476437007874
0
LINE
8
BLACK
6
CONTINUOUS
10
2.4847996062992124
20
1.44476437007874
11
2.4850393700787401
21
1.4435590551181101
0
LINE
8
BLACK
6
CONTINUOUS
10
2.4850393700787401
20
1.4435590551181101
11
2.4850393700787401
21
1.2939527559055117
0
LINE
8
BLACK
6
CONTINUOUS
10
2.4850393700787401
20
1.2939527559055117
11
2.4847996062992124
21
1.2927474409448818
0
LINE
8
BLACK
6
CONTINUOUS
10
2.4847996062992124
20
1.2927474409448818
11
2.4841168897637793
21
1.2917256299212598
0
LINE
8
BLACK
6
CONTINUOUS
10
2.4841168897637793
20
1.2917256299212598
11
2.4830950787401576
21
1.2910429133858268
0
LINE
8
BLACK
6
CONTINUOUS
10
2.4830950787401576
20
1.2910429133858268
11
2.4818897637795274
21
1.2908031496062993
0
LINE
8
BLACK
6
CONTINUOUS
10
2.4818897637795274
20
1.2908031496062993
11
2.44251968503937
21
1.2908031496062993
0
LINE
8
BLACK
6
CONTINUOUS
10
2.44251968503937
20
1.2908031496062993
11
2.4413143700787403
21
1.2910429133858268
0
LINE
8
BLACK
6
CONTINUOUS
10
2.4413143700787403
20
1.2910429133858268
11
2.4402925590551181
21
1.2917256299212598
0
LINE
8
BLACK
6
CONTINUOUS
10
2.4402925590551181
20
1.2917256299212598
11
2.439609842519685
21
1.2927474409448818
0
LINE
8
BLACK
6
CONTINUOUS
10
2.439609842519685
20
1.2927474409448818
11
2.4393700787401573
21
1.2939527559055117
0
LINE
8
BLACK
6
CONTINUOUS
10
2.4393700787401573
20
1.2939527559055117
11
2.4393700787401573
21
1.4435590551181101
0
LINE
8
BLACK
6
CONTINUOUS
10
2.4393700787401573
20
1.4435590551181101
11
2.439609842519685
21
1.44476437007874
0
LINE
8
BLACK
6
CONTINUOUS
10
2.439609842519685
20
1.44476437007874
11
2.4402925590551181
21
1.4457861811023622
0
LINE
8
BLACK
6
CONTINUOUS
10
2.4402925590551181
20
1.4457861811023622
11
2.4413143700787403
21
1.4464688976377953
0
LINE
8
BLACK
6
CONTINUOUS
10
2.4413143700787403
20
1.4464688976377953
11
2.44251968503937
21
1.4467086614173228
0
LINE
8
BLACK
6
CONTINUOUS
10
2.44251968503937
20
1.4467086614173228
11
2.4818897637795274
21
1.4467086614173228
0
LINE
8
BLACK
6
CONTINUOUS
10
2.4818897637795274
20
1.4467086614173228
11
2.4830950787401576
21
1.4464688976377953
0
LINE
8
BLACK
6
CONTINUOUS
10
1.1513707480314961
20
1.3594051968503937
11
1.154308464566929
21
1.3574423228346457
0
LINE
8
BLACK
6
CONTINUOUS
10
1.154308464566929
20
1.3574423228346457
11
1.1562713385826771
21
1.3545046062992125
0
LINE
8
BLACK
6
CONTINUOUS
10
1.1562713385826771
20
1.3545046062992125
11
1.1569606299212598
21
1.3510393700787402
0
LINE
8
BLACK
6
CONTINUOUS
10
1.1569606299212598
20
1.3510393700787402
11
1.1569606299212598
21
1.304779527559055
0
LINE
8
BLACK
6
CONTINUOUS
10
1.1569606299212598
20
1.304779527559055
11
1.1562713385826771
21
1.3013142913385827
0
LINE
8
BLACK
6
CONTINUOUS
10
1.1562713385826771
20
1.3013142913385827
11
1.154308464566929
21
1.2983765748031495
0
LINE
8
BLACK
6
CONTINUOUS
10
1.154308464566929
20
1.2983765748031495
11
1.1513707480314961
21
1.2964137007874015
0
LINE
8
BLACK
6
CONTINUOUS
10
1.1513707480314961
20
1.2964137007874015
11
1.1479055118110235
21
1.2957244094488189
0
LINE
8
BLACK
6
CONTINUOUS
10
1.1479055118110235
20
1.2957244094488189
11
1.1360944881889763
21
1.2957244094488189
0
LINE
8
BLACK
6
CONTINUOUS
10
1.1360944881889763
20
1.2957244094488189
11
1.1326292519685039
21
1.2964137007874015
0
LINE
8
BLACK
6
CONTINUOUS
10
1.1326292519685039
20
1.2964137007874015
11
1.1296915354330708
21
1.2983765748031495
0
LINE
8
BLACK
6
CONTINUOUS
10
1.1296915354330708
20
1.2983765748031495
11
1.1277286614173228
21
1.3013142913385827
0
LINE
8
BLACK
6
CONTINUOUS
10
1.1277286614173228
20
1.3013142913385827
11
1.1270393700787402
21
1.304779527559055
0
LINE
8
BLACK
6
CONTINUOUS
10
1.1270393700787402
20
1.304779527559055
11
1.1270393700787402
21
1.3510393700787402
0
LINE
8
BLACK
6
CONTINUOUS
10
1.1270393700787402
20
1.3510393700787402
11
1.1277286614173228
21
1.3545046062992125
0
LINE
8
BLACK
6
CONTINUOUS
10
1.1277286614173228
20
1.3545046062992125
11
1.1296915354330708
21
1.3574423228346457
0
LINE
8
BLACK
6
CONTINUOUS
10
1.1296915354330708
20
1.3574423228346457
11
1.1326292519685039
21
1.3594051968503937
0
LINE
8
BLACK
6
CONTINUOUS
10
1.1326292519685039
20
1.3594051968503937
11
1.1360944881889763
21
1.3600944881889763
0
LINE
8
BLACK
6
CONTINUOUS
10
1.1360944881889763
20
1.3600944881889763
11
1.1479055118110235
21
1.3600944881889763
0
LINE
8
BLACK
6
CONTINUOUS
10
1.1479055118110235
20
1.3600944881889763
11
1.1513707480314961
21
1.3594051968503937
0
LINE
8
BLACK
6
CONTINUOUS
10
1.3098589370078739
20
1.3349485039370079
11
1.3127966535433071
21
1.3329856299212599
0
LINE
8
BLACK
6
CONTINUOUS
10
1.3127966535433071
20
1.3329856299212599
11
1.3147595275590551
21
1.3300479133858267
0
LINE
8
BLACK
6
CONTINUOUS
10
1.3147595275590551
20
1.3300479133858267
11
1.3154488188976379
21
1.3265826771653544
0
LINE
8
BLACK
6
CONTINUOUS
10
1.3154488188976379
20
1.3265826771653544
11
1.3154488188976379
21
1.3147716535433072
0
LINE
8
BLACK
6
CONTINUOUS
10
1.3154488188976379
20
1.3147716535433072
11
1.3147595275590551
21
1.3113064173228346
0
LINE
8
BLACK
6
CONTINUOUS
10
1.3147595275590551
20
1.3113064173228346
11
1.3127966535433071
21
1.3083687007874016
0
LINE
8
BLACK
6
CONTINUOUS
10
1.3127966535433071
20
1.3083687007874016
11
1.3098589370078739
21
1.3064058267716536
0
LINE
8
BLACK
6
CONTINUOUS
10
1.3098589370078739
20
1.3064058267716536
11
1.3063937007874016
21
1.3057165354330709
0
LINE
8
BLACK
6
CONTINUOUS
10
1.3063937007874016
20
1.3057165354330709
11
1.2660393700787402
21
1.3057165354330709
0
LINE
8
BLACK
6
CONTINUOUS
10
1.2660393700787402
20
1.3057165354330709
11
1.2625741338582677
21
1.3064058267716536
0
LINE
8
BLACK
6
CONTINUOUS
10
1.2625741338582677
20
1.3064058267716536
11
1.2596364173228347
21
1.3083687007874016
0
LINE
8
BLACK
6
CONTINUOUS
10
1.2596364173228347
20
1.3083687007874016
11
1.2576735433070867
21
1.3113064173228346
0
LINE
8
BLACK
6
CONTINUOUS
10
1.2576735433070867
20
1.3113064173228346
11
1.2569842519685039
21
1.3147716535433072
0
LINE
8
BLACK
6
CONTINUOUS
10
1.2569842519685039
20
1.3147716535433072
11
1.2569842519685039
21
1.3265826771653544
0
LINE
8
BLACK
6
CONTINUOUS
10
1.2569842519685039
20
1.3265826771653544
11
1.2576735433070867
21
1.3300479133858267
0
LINE
8
BLACK
6
CONTINUOUS
10
1.2576735433070867
20
1.3300479133858267
11
1.2596364173228347
21
1.3329856299212599
0
LINE
8
BLACK
6
CONTINUOUS
10
1.2596364173228347
20
1.3329856299212599
11
1.2625741338582677
21
1.3349485039370079
0
LINE
8
BLACK
6
CONTINUOUS
10
1.2625741338582677
20
1.3349485039370079
11
1.2660393700787402
21
1.3356377952755905
0
LINE
8
BLACK
6
CONTINUOUS
10
1.2660393700787402
20
1.3356377952755905
11
1.3063937007874016
21
1.3356377952755905
0
LINE
8
BLACK
6
CONTINUOUS
10
1.3063937007874016
20
1.3356377952755905
11
1.3098589370078739
21
1.3349485039370079
0
LINE
8
BLACK
6
CONTINUOUS
10
1.3994258661417323
20
1.3349485039370079
11
1.4023635826771654
21
1.3329856299212599
0
LINE
8
BLACK
6
CONTINUOUS
10
1.4023635826771654
20
1.3329856299212599
11
1.4043264566929134
21
1.3300479133858267
0
LINE
8
BLACK
6
CONTINUOUS
10
1.4043264566929134
20
1.3300479133858267
11
1.405015748031496
21
1.3265826771653544
0
LINE
8
BLACK
6
CONTINUOUS
10
1.405015748031496
20
1.3265826771653544
11
1.405015748031496
21
1.3147716535433072
0
LINE
8
BLACK
6
CONTINUOUS
10
1.405015748031496
20
1.3147716535433072
11
1.4043264566929134
21
1.3113064173228346
0
LINE
8
BLACK
6
CONTINUOUS
10
1.4043264566929134
20
1.3113064173228346
11
1.4023635826771654
21
1.3083687007874016
0
LINE
8
BLACK
6
CONTINUOUS
10
1.4023635826771654
20
1.3083687007874016
11
1.3994258661417323
21
1.3064058267716536
0
LINE
8
BLACK
6
CONTINUOUS
10
1.3994258661417323
20
1.3064058267716536
11
1.3959606299212599
21
1.3057165354330709
0
LINE
8
BLACK
6
CONTINUOUS
10
1.3959606299212599
20
1.3057165354330709
11
1.3556062992125983
21
1.3057165354330709
0
LINE
8
BLACK
6
CONTINUOUS
10
1.3556062992125983
20
1.3057165354330709
11
1.352141062992126
21
1.3064058267716536
0
LINE
8
BLACK
6
CONTINUOUS
10
1.352141062992126
20
1.3064058267716536
11
1.3492033464566928
21
1.3083687007874016
0
LINE
8
BLACK
6
CONTINUOUS
10
1.3492033464566928
20
1.3083687007874016
11
1.3472404724409448
21
1.3113064173228346
0
LINE
8
BLACK
6
CONTINUOUS
10
1.3472404724409448
20
1.3113064173228346
11
1.3465511811023623
21
1.3147716535433072
0
LINE
8
BLACK
6
CONTINUOUS
10
1.3465511811023623
20
1.3147716535433072
11
1.3465511811023623
21
1.3265826771653544
0
LINE
8
BLACK
6
CONTINUOUS
10
1.3465511811023623
20
1.3265826771653544
11
1.3472404724409448
21
1.3300479133858267
0
LINE
8
BLACK
6
CONTINUOUS
10
1.3472404724409448
20
1.3300479133858267
11
1.3492033464566928
21
1.3329856299212599
0
LINE
8
BLACK
6
CONTINUOUS
10
1.3492033464566928
20
1.3329856299212599
11
1.352141062992126
21
1.3349485039370079
0
LINE
8
BLACK
6
CONTINUOUS
10
1.352141062992126
20
1.3349485039370079
11
1.3556062992125983
21
1.3356377952755905
0
LINE
8
BLACK
6
CONTINUOUS
10
1.3556062992125983
20
1.3356377952755905
11
1.3959606299212599
21
1.3356377952755905
0
LINE
8
BLACK
6
CONTINUOUS
10
1.3959606299212599
20
1.3356377952755905
11
1.3994258661417323
21
1.3349485039370079
0
LINE
8
BLACK
6
CONTINUOUS
10
2.0390633858267715
20
1.3589903937007874
11
2.0431527559055116
21
1.3570834645669292
0
LINE
8
BLACK
6
CONTINUOUS
10
2.0431527559055116
20
1.3570834645669292
11
2.0463433070866142
21
1.3538929133858268
0
LINE
8
BLACK
6
CONTINUOUS
10
2.0463433070866142
20
1.3538929133858268
11
2.0482502362204724
21
1.3498035433070865
0
LINE
8
BLACK
6
CONTINUOUS
10
2.0482502362204724
20
1.3498035433070865
11
2.0486929133858269
21
1.3464409448818897
0
LINE
8
BLACK
6
CONTINUOUS
10
2.0486929133858269
20
1.3464409448818897
11
2.0486929133858269
21
1.326755905511811
0
LINE
8
BLACK
6
CONTINUOUS
10
2.0486929133858269
20
1.326755905511811
11
2.0482502362204724
21
1.3233933070866142
0
LINE
8
BLACK
6
CONTINUOUS
10
2.0482502362204724
20
1.3233933070866142
11
2.0463433070866142
21
1.3193039370078741
0
LINE
8
BLACK
6
CONTINUOUS
10
2.0463433070866142
20
1.3193039370078741
11
2.0431527559055116
21
1.3161133858267717
0
LINE
8
BLACK
6
CONTINUOUS
10
2.0431527559055116
20
1.3161133858267717
11
2.0390633858267715
21
1.3142064566929132
0
LINE
8
BLACK
6
CONTINUOUS
10
2.0390633858267715
20
1.3142064566929132
11
2.0357007874015749
21
1.313763779527559
0
LINE
8
BLACK
6
CONTINUOUS
10
2.0357007874015749
20
1.313763779527559
11
1.9982992125984251
21
1.313763779527559
0
LINE
8
BLACK
6
CONTINUOUS
10
1.9982992125984251
20
1.313763779527559
11
1.9949366141732283
21
1.3142064566929132
0
LINE
8
BLACK
6
CONTINUOUS
10
1.9949366141732283
20
1.3142064566929132
11
1.9908472440944882
21
1.3161133858267717
0
LINE
8
BLACK
6
CONTINUOUS
10
1.9908472440944882
20
1.3161133858267717
11
1.9876566929133859
21
1.3193039370078741
0
LINE
8
BLACK
6
CONTINUOUS
10
1.9876566929133859
20
1.3193039370078741
11
1.9857497637795276
21
1.3233933070866142
0
LINE
8
BLACK
6
CONTINUOUS
10
1.9857497637795276
20
1.3233933070866142
11
1.9853070866141731
21
1.326755905511811
0
LINE
8
BLACK
6
CONTINUOUS
10
1.9853070866141731
20
1.326755905511811
11
1.9853070866141731
21
1.3464409448818897
0
LINE
8
BLACK
6
CONTINUOUS
10
1.9853070866141731
20
1.3464409448818897
11
1.9857497637795276
21
1.3498035433070865
0
LINE
8
BLACK
6
CONTINUOUS
10
1.9857497637795276
20
1.3498035433070865
11
1.9876566929133859
21
1.3538929133858268
0
LINE
8
BLACK
6
CONTINUOUS
10
1.9876566929133859
20
1.3538929133858268
11
1.9908472440944882
21
1.3570834645669292
0
LINE
8
BLACK
6
CONTINUOUS
10
1.9908472440944882
20
1.3570834645669292
11
1.9949366141732283
21
1.3589903937007874
0
LINE
8
BLACK
6
CONTINUOUS
10
1.9949366141732283
20
1.3589903937007874
11
1.9982992125984251
21
1.3594330708661417
0
LINE
8
BLACK
6
CONTINUOUS
10
1.9982992125984251
20
1.3594330708661417
11
2.0357007874015749
21
1.3594330708661417
0
LINE
8
BLACK
6
CONTINUOUS
10
2.0357007874015749
20
1.3594330708661417
11
2.0390633858267715
21
1.3589903937007874
0
LINE
8
BLACK
6
CONTINUOUS
10
2.605370748031496
20
1.4018461417322834
11
2.608308464566929
21
1.3998832677165354
0
LINE
8
BLACK
6
CONTINUOUS
10
2.608308464566929
20
1.3998832677165354
11
2.610271338582677
21
1.3969455511811024
0
LINE
8
BLACK
6
CONTINUOUS
10
2.610271338582677
20
1.3969455511811024
11
2.61096062992126
21
1.3934803149606299
0
LINE
8
BLACK
6
CONTINUOUS
10
2.61096062992126
20
1.3934803149606299
11
2.61096062992126
21
1.3285196850393701
0
LINE
8
BLACK
6
CONTINUOUS
10
2.61096062992126
20
1.3285196850393701
11
2.610271338582677
21
1.3250544488188976
0
LINE
8
BLACK
6
CONTINUOUS
10
2.610271338582677
20
1.3250544488188976
11
2.608308464566929
21
1.3221167322834646
0
LINE
8
BLACK
6
CONTINUOUS
10
2.608308464566929
20
1.3221167322834646
11
2.605370748031496
21
1.3201538582677166
0
LINE
8
BLACK
6
CONTINUOUS
10
2.605370748031496
20
1.3201538582677166
11
2.6019055118110237
21
1.3194645669291338
0
LINE
8
BLACK
6
CONTINUOUS
10
2.6019055118110237
20
1.3194645669291338
11
2.5900944881889765
21
1.3194645669291338
0
LINE
8
BLACK
6
CONTINUOUS
10
2.5900944881889765
20
1.3194645669291338
11
2.5866292519685037
21
1.3201538582677166
0
LINE
8
BLACK
6
CONTINUOUS
10
2.5866292519685037
20
1.3201538582677166
11
2.5836915354330707
21
1.3221167322834646
0
LINE
8
BLACK
6
CONTINUOUS
10
2.5836915354330707
20
1.3221167322834646
11
2.5817286614173227
21
1.3250544488188976
0
LINE
8
BLACK
6
CONTINUOUS
10
2.5817286614173227
20
1.3250544488188976
11
2.5810393700787402
21
1.3285196850393701
0
LINE
8
BLACK
6
CONTINUOUS
10
2.5810393700787402
20
1.3285196850393701
11
2.5810393700787402
21
1.3934803149606299
0
LINE
8
BLACK
6
CONTINUOUS
10
2.5810393700787402
20
1.3934803149606299
11
2.5817286614173227
21
1.3969455511811024
0
LINE
8
BLACK
6
CONTINUOUS
10
2.5817286614173227
20
1.3969455511811024
11
2.5836915354330707
21
1.3998832677165354
0
LINE
8
BLACK
6
CONTINUOUS
10
2.5836915354330707
20
1.3998832677165354
11
2.5866292519685037
21
1.4018461417322834
0
LINE
8
BLACK
6
CONTINUOUS
10
2.5866292519685037
20
1.4018461417322834
11
2.5900944881889765
21
1.4025354330708661
0
LINE
8
BLACK
6
CONTINUOUS
10
2.5900944881889765
20
1.4025354330708661
11
2.6019055118110237
21
1.4025354330708661
0
LINE
8
BLACK
6
CONTINUOUS
10
2.6019055118110237
20
1.4025354330708661
11
2.605370748031496
21
1.4018461417322834
0
LINE
8
BLACK
6
CONTINUOUS
10
2.6553707480314959
20
1.4018461417322834
11
2.6583084645669293
21
1.3998832677165354
0
LINE
8
BLACK
6
CONTINUOUS
10
2.6583084645669293
20
1.3998832677165354
11
2.6602713385826773
21
1.3969455511811024
0
LINE
8
BLACK
6
CONTINUOUS
10
2.6602713385826773
20
1.3969455511811024
11
2.6609606299212598
21
1.3934803149606299
0
LINE
8
BLACK
6
CONTINUOUS
10
2.6609606299212598
20
1.3934803149606299
11
2.6609606299212598
21
1.3285196850393701
0
LINE
8
BLACK
6
CONTINUOUS
10
2.6609606299212598
20
1.3285196850393701
11
2.6602713385826773
21
1.3250544488188976
0
LINE
8
BLACK
6
CONTINUOUS
10
2.6602713385826773
20
1.3250544488188976
11
2.6583084645669293
21
1.3221167322834646
0
LINE
8
BLACK
6
CONTINUOUS
10
2.6583084645669293
20
1.3221167322834646
11
2.6553707480314959
21
1.3201538582677166
0
LINE
8
BLACK
6
CONTINUOUS
10
2.6553707480314959
20
1.3201538582677166
11
2.6519055118110235
21
1.3194645669291338
0
LINE
8
BLACK
6
CONTINUOUS
10
2.6519055118110235
20
1.3194645669291338
11
2.6400944881889763
21
1.3194645669291338
0
LINE
8
BLACK
6
CONTINUOUS
10
2.6400944881889763
20
1.3194645669291338
11
2.636629251968504
21
1.3201538582677166
0
LINE
8
BLACK
6
CONTINUOUS
10
2.636629251968504
20
1.3201538582677166
11
2.633691535433071
21
1.3221167322834646
0
LINE
8
BLACK
6
CONTINUOUS
10
2.633691535433071
20
1.3221167322834646
11
2.631728661417323
21
1.3250544488188976
0
LINE
8
BLACK
6
CONTINUOUS
10
2.631728661417323
20
1.3250544488188976
11
2.63103937007874
21
1.3285196850393701
0
LINE
8
BLACK
6
CONTINUOUS
10
2.63103937007874
20
1.3285196850393701
11
2.63103937007874
21
1.3934803149606299
0
LINE
8
BLACK
6
CONTINUOUS
10
2.63103937007874
20
1.3934803149606299
11
2.631728661417323
21
1.3969455511811024
0
LINE
8
BLACK
6
CONTINUOUS
10
2.631728661417323
20
1.3969455511811024
11
2.633691535433071
21
1.3998832677165354
0
LINE
8
BLACK
6
CONTINUOUS
10
2.633691535433071
20
1.3998832677165354
11
2.636629251968504
21
1.4018461417322834
0
LINE
8
BLACK
6
CONTINUOUS
10
2.636629251968504
20
1.4018461417322834
11
2.6400944881889763
21
1.4025354330708661
0
LINE
8
BLACK
6
CONTINUOUS
10
2.6400944881889763
20
1.4025354330708661
11
2.6519055118110235
21
1.4025354330708661
0
LINE
8
BLACK
6
CONTINUOUS
10
2.6519055118110235
20
1.4025354330708661
11
2.6553707480314959
21
1.4018461417322834
0
LINE
8
BLACK
6
CONTINUOUS
10
2.7053707480314961
20
1.4018461417322834
11
2.7083084645669291
21
1.3998832677165354
0
LINE
8
BLACK
6
CONTINUOUS
10
2.7083084645669291
20
1.3998832677165354
11
2.7102713385826771
21
1.3969455511811024
0
LINE
8
BLACK
6
CONTINUOUS
10
2.7102713385826771
20
1.3969455511811024
11
2.7109606299212596
21
1.3934803149606299
0
LINE
8
BLACK
6
CONTINUOUS
10
2.7109606299212596
20
1.3934803149606299
11
2.7109606299212596
21
1.3285196850393701
0
LINE
8
BLACK
6
CONTINUOUS
10
2.7109606299212596
20
1.3285196850393701
11
2.7102713385826771
21
1.3250544488188976
0
LINE
8
BLACK
6
CONTINUOUS
10
2.7102713385826771
20
1.3250544488188976
11
2.7083084645669291
21
1.3221167322834646
0
LINE
8
BLACK
6
CONTINUOUS
10
2.7083084645669291
20
1.3221167322834646
11
2.7053707480314961
21
1.3201538582677166
0
LINE
8
BLACK
6
CONTINUOUS
10
2.7053707480314961
20
1.3201538582677166
11
2.7019055118110233
21
1.3194645669291338
0
LINE
8
BLACK
6
CONTINUOUS
10
2.7019055118110233
20
1.3194645669291338
11
2.6900944881889761
21
1.3194645669291338
0
LINE
8
BLACK
6
CONTINUOUS
10
2.6900944881889761
20
1.3194645669291338
11
2.6866292519685038
21
1.3201538582677166
0
LINE
8
BLACK
6
CONTINUOUS
10
2.6866292519685038
20
1.3201538582677166
11
2.6836915354330708
21
1.3221167322834646
0
LINE
8
BLACK
6
CONTINUOUS
10
2.6836915354330708
20
1.3221167322834646
11
2.6817286614173228
21
1.3250544488188976
0
LINE
8
BLACK
6
CONTINUOUS
10
2.6817286614173228
20
1.3250544488188976
11
2.6810393700787403
21
1.3285196850393701
0
LINE
8
BLACK
6
CONTINUOUS
10
2.6810393700787403
20
1.3285196850393701
11
2.6810393700787403
21
1.3934803149606299
0
LINE
8
BLACK
6
CONTINUOUS
10
2.6810393700787403
20
1.3934803149606299
11
2.6817286614173228
21
1.3969455511811024
0
LINE
8
BLACK
6
CONTINUOUS
10
2.6817286614173228
20
1.3969455511811024
11
2.6836915354330708
21
1.3998832677165354
0
LINE
8
BLACK
6
CONTINUOUS
10
2.6836915354330708
20
1.3998832677165354
11
2.6866292519685038
21
1.4018461417322834
0
LINE
8
BLACK
6
CONTINUOUS
10
2.6866292519685038
20
1.4018461417322834
11
2.6900944881889761
21
1.4025354330708661
0
LINE
8
BLACK
6
CONTINUOUS
10
2.6900944881889761
20
1.4025354330708661
11
2.7019055118110233
21
1.4025354330708661
0
LINE
8
BLACK
6
CONTINUOUS
10
2.7019055118110233
20
1.4025354330708661
11
2.7053707480314961
21
1.4018461417322834
0
LINE
8
BLACK
6
CONTINUOUS
10
2.755370748031496
20
1.4018461417322834
11
2.7583084645669289
21
1.3998832677165354
0
LINE
8
BLACK
6
CONTINUOUS
10
2.7583084645669289
20
1.3998832677165354
11
2.7602713385826769
21
1.3969455511811024
0
LINE
8
BLACK
6
CONTINUOUS
10
2.7602713385826769
20
1.3969455511811024
11
2.7609606299212599
21
1.3934803149606299
0
LINE
8
BLACK
6
CONTINUOUS
10
2.7609606299212599
20
1.3934803149606299
11
2.7609606299212599
21
1.3285196850393701
0
LINE
8
BLACK
6
CONTINUOUS
10
2.7609606299212599
20
1.3285196850393701
11
2.7602713385826769
21
1.3250544488188976
0
LINE
8
BLACK
6
CONTINUOUS
10
2.7602713385826769
20
1.3250544488188976
11
2.7583084645669289
21
1.3221167322834646
0
LINE
8
BLACK
6
CONTINUOUS
10
2.7583084645669289
20
1.3221167322834646
11
2.755370748031496
21
1.3201538582677166
0
LINE
8
BLACK
6
CONTINUOUS
10
2.755370748031496
20
1.3201538582677166
11
2.7519055118110236
21
1.3194645669291338
0
LINE
8
BLACK
6
CONTINUOUS
10
2.7519055118110236
20
1.3194645669291338
11
2.7400944881889764
21
1.3194645669291338
0
LINE
8
BLACK
6
CONTINUOUS
10
2.7400944881889764
20
1.3194645669291338
11
2.736629251968504
21
1.3201538582677166
0
LINE
8
BLACK
6
CONTINUOUS
10
2.736629251968504
20
1.3201538582677166
11
2.7336915354330706
21
1.3221167322834646
0
LINE
8
BLACK
6
CONTINUOUS
10
2.7336915354330706
20
1.3221167322834646
11
2.7317286614173226
21
1.3250544488188976
0
LINE
8
BLACK
6
CONTINUOUS
10
2.7317286614173226
20
1.3250544488188976
11
2.7310393700787401
21
1.3285196850393701
0
LINE
8
BLACK
6
CONTINUOUS
10
2.7310393700787401
20
1.3285196850393701
11
2.7310393700787401
21
1.3934803149606299
0
LINE
8
BLACK
6
CONTINUOUS
10
2.7310393700787401
20
1.3934803149606299
11
2.7317286614173226
21
1.3969455511811024
0
LINE
8
BLACK
6
CONTINUOUS
10
2.7317286614173226
20
1.3969455511811024
11
2.7336915354330706
21
1.3998832677165354
0
LINE
8
BLACK
6
CONTINUOUS
10
2.7336915354330706
20
1.3998832677165354
11
2.736629251968504
21
1.4018461417322834
0
LINE
8
BLACK
6
CONTINUOUS
10
2.736629251968504
20
1.4018461417322834
11
2.7400944881889764
21
1.4025354330708661
0
LINE
8
BLACK
6
CONTINUOUS
10
2.7400944881889764
20
1.4025354330708661
11
2.7519055118110236
21
1.4025354330708661
0
LINE
8
BLACK
6
CONTINUOUS
10
2.7519055118110236
20
1.4025354330708661
11
2.755370748031496
21
1.4018461417322834
0
LINE
8
BLACK
6
CONTINUOUS
10
1.0500948818897637
20
1.390415590551181
11
1.0541842519685038
21
1.3885086614173228
0
LINE
8
BLACK
6
CONTINUOUS
10
1.0541842519685038
20
1.3885086614173228
11
1.0573748031496062
21
1.3853181102362204
0
LINE
8
BLACK
6
CONTINUOUS
10
1.0573748031496062
20
1.3853181102362204
11
1.0592817322834645
21
1.3812287401574803
0
LINE
8
BLACK
6
CONTINUOUS
10
1.0592817322834645
20
1.3812287401574803
11
1.059724409448819
21
1.3778661417322835
0
LINE
8
BLACK
6
CONTINUOUS
10
1.059724409448819
20
1.3778661417322835
11
1.059724409448819
21
1.3424330708661416
0
LINE
8
BLACK
6
CONTINUOUS
10
1.059724409448819
20
1.3424330708661416
11
1.0592817322834645
21
1.3390704724409448
0
LINE
8
BLACK
6
CONTINUOUS
10
1.0592817322834645
20
1.3390704724409448
11
1.0573748031496062
21
1.3349811023622047
0
LINE
8
BLACK
6
CONTINUOUS
10
1.0573748031496062
20
1.3349811023622047
11
1.0541842519685038
21
1.3317905511811023
0
LINE
8
BLACK
6
CONTINUOUS
10
1.0541842519685038
20
1.3317905511811023
11
1.0500948818897637
21
1.3298836220472441
0
LINE
8
BLACK
6
CONTINUOUS
10
1.0500948818897637
20
1.3298836220472441
11
1.0467322834645669
21
1.3294409448818898
0
LINE
8
BLACK
6
CONTINUOUS
10
1.0467322834645669
20
1.3294409448818898
11
1.0132677165354331
21
1.3294409448818898
0
LINE
8
BLACK
6
CONTINUOUS
10
1.0132677165354331
20
1.3294409448818898
11
1.0099051181102361
21
1.3298836220472441
0
LINE
8
BLACK
6
CONTINUOUS
10
1.0099051181102361
20
1.3298836220472441
11
1.005815748031496
21
1.3317905511811023
0
LINE
8
BLACK
6
CONTINUOUS
10
1.005815748031496
20
1.3317905511811023
11
1.0026251968503936
21
1.3349811023622047
0
LINE
8
BLACK
6
CONTINUOUS
10
1.0026251968503936
20
1.3349811023622047
11
1.0007182677165354
21
1.3390704724409448
0
LINE
8
BLACK
6
CONTINUOUS
10
1.0007182677165354
20
1.3390704724409448
11
1.0002755905511811
21
1.3424330708661416
0
LINE
8
BLACK
6
CONTINUOUS
10
1.0002755905511811
20
1.3424330708661416
11
1.0002755905511811
21
1.3778661417322835
0
LINE
8
BLACK
6
CONTINUOUS
10
1.0002755905511811
20
1.3778661417322835
11
1.0007182677165354
21
1.3812287401574803
0
LINE
8
BLACK
6
CONTINUOUS
10
1.0007182677165354
20
1.3812287401574803
11
1.0026251968503936
21
1.3853181102362204
0
LINE
8
BLACK
6
CONTINUOUS
10
1.0026251968503936
20
1.3853181102362204
11
1.005815748031496
21
1.3885086614173228
0
LINE
8
BLACK
6
CONTINUOUS
10
1.005815748031496
20
1.3885086614173228
11
1.0099051181102361
21
1.390415590551181
0
LINE
8
BLACK
6
CONTINUOUS
10
1.0099051181102361
20
1.390415590551181
11
1.0132677165354331
21
1.3908582677165353
0
LINE
8
BLACK
6
CONTINUOUS
10
1.0132677165354331
20
1.3908582677165353
11
1.0467322834645669
21
1.3908582677165353
0
LINE
8
BLACK
6
CONTINUOUS
10
1.0467322834645669
20
1.3908582677165353
11
1.0500948818897637
21
1.390415590551181
0
LINE
8
BLACK
6
CONTINUOUS
10
2.2900791338582676
20
1.4048092913385826
11
2.2941685039370077
21
1.4029023622047243
0
LINE
8
BLACK
6
CONTINUOUS
10
2.2941685039370077
20
1.4029023622047243
11
2.2973590551181102
21
1.399711811023622
0
LINE
8
BLACK
6
CONTINUOUS
10
2.2973590551181102
20
1.399711811023622
11
2.2992659842519685
21
1.3956224409448819
0
LINE
8
BLACK
6
CONTINUOUS
10
2.2992659842519685
20
1.3956224409448819
11
2.299708661417323
21
1.392259842519685
0
LINE
8
BLACK
6
CONTINUOUS
10
2.299708661417323
20
1.392259842519685
11
2.299708661417323
21
1.3715905511811024
0
LINE
8
BLACK
6
CONTINUOUS
10
2.299708661417323
20
1.3715905511811024
11
2.2992659842519685
21
1.3682279527559056
0
LINE
8
BLACK
6
CONTINUOUS
10
2.2992659842519685
20
1.3682279527559056
11
2.2973590551181102
21
1.3641385826771653
0
LINE
8
BLACK
6
CONTINUOUS
10
2.2973590551181102
20
1.3641385826771653
11
2.2941685039370077
21
1.3609480314960629
0
LINE
8
BLACK
6
CONTINUOUS
10
2.2941685039370077
20
1.3609480314960629
11
2.2900791338582676
21
1.3590411023622047
0
LINE
8
BLACK
6
CONTINUOUS
10
2.2900791338582676
20
1.3590411023622047
11
2.286716535433071
21
1.3585984251968504
0
LINE
8
BLACK
6
CONTINUOUS
10
2.286716535433071
20
1.3585984251968504
11
2.2512834645669293
21
1.3585984251968504
0
LINE
8
BLACK
6
CONTINUOUS
10
2.2512834645669293
20
1.3585984251968504
11
2.2479208661417323
21
1.3590411023622047
0
LINE
8
BLACK
6
CONTINUOUS
10
2.2479208661417323
20
1.3590411023622047
11
2.2438314960629921
21
1.3609480314960629
0
LINE
8
BLACK
6
CONTINUOUS
10
2.2438314960629921
20
1.3609480314960629
11
2.2406409448818896
21
1.3641385826771653
0
LINE
8
BLACK
6
CONTINUOUS
10
2.2406409448818896
20
1.3641385826771653
11
2.2387340157480313
21
1.3682279527559056
0
LINE
8
BLACK
6
CONTINUOUS
10
2.2387340157480313
20
1.3682279527559056
11
2.2382913385826773
21
1.3715905511811024
0
LINE
8
BLACK
6
CONTINUOUS
10
2.2382913385826773
20
1.3715905511811024
11
2.2382913385826773
21
1.392259842519685
0
LINE
8
BLACK
6
CONTINUOUS
10
2.2382913385826773
20
1.392259842519685
11
2.2387340157480313
21
1.3956224409448819
0
LINE
8
BLACK
6
CONTINUOUS
10
2.2387340157480313
20
1.3956224409448819
11
2.2406409448818896
21
1.399711811023622
0
LINE
8
BLACK
6
CONTINUOUS
10
2.2406409448818896
20
1.399711811023622
11
2.2438314960629921
21
1.4029023622047243
0
LINE
8
BLACK
6
CONTINUOUS
10
2.2438314960629921
20
1.4029023622047243
11
2.2479208661417323
21
1.4048092913385826
0
LINE
8
BLACK
6
CONTINUOUS
10
2.2479208661417323
20
1.4048092913385826
11
2.2512834645669293
21
1.4052519685039371
0
LINE
8
BLACK
6
CONTINUOUS
10
2.2512834645669293
20
1.4052519685039371
11
2.286716535433071
21
1.4052519685039371
0
LINE
8
BLACK
6
CONTINUOUS
10
2.286716535433071
20
1.4052519685039371
11
2.2900791338582676
21
1.4048092913385826
0
LINE
8
BLACK
6
CONTINUOUS
10
1.2688035433070866
20
1.4285258267716534
11
1.2728929133858267
21
1.4266188976377951
0
LINE
8
BLACK
6
CONTINUOUS
10
1.2728929133858267
20
1.4266188976377951
11
1.276083464566929
21
1.4234283464566928
0
LINE
8
BLACK
6
CONTINUOUS
10
1.276083464566929
20
1.4234283464566928
11
1.2779903937007873
21
1.4193389763779527
0
LINE
8
BLACK
6
CONTINUOUS
10
1.2779903937007873
20
1.4193389763779527
11
1.2784330708661418
21
1.4159763779527559
0
LINE
8
BLACK
6
CONTINUOUS
10
1.2784330708661418
20
1.4159763779527559
11
1.2784330708661418
21
1.3785748031496063
0
LINE
8
BLACK
6
CONTINUOUS
10
1.2784330708661418
20
1.3785748031496063
11
1.2779903937007873
21
1.3752122047244095
0
LINE
8
BLACK
6
CONTINUOUS
10
1.2779903937007873
20
1.3752122047244095
11
1.276083464566929
21
1.3711228346456692
0
LINE
8
BLACK
6
CONTINUOUS
10
1.276083464566929
20
1.3711228346456692
11
1.2728929133858267
21
1.3679322834645669
0
LINE
8
BLACK
6
CONTINUOUS
10
1.2728929133858267
20
1.3679322834645669
11
1.2688035433070866
21
1.3660253543307086
0
LINE
8
BLACK
6
CONTINUOUS
10
1.2688035433070866
20
1.3660253543307086
11
1.2654409448818897
21
1.3655826771653543
0
LINE
8
BLACK
6
CONTINUOUS
10
1.2654409448818897
20
1.3655826771653543
11
1.245755905511811
21
1.3655826771653543
0
LINE
8
BLACK
6
CONTINUOUS
10
1.245755905511811
20
1.3655826771653543
11
1.2423933070866142
21
1.3660253543307086
0
LINE
8
BLACK
6
CONTINUOUS
10
1.2423933070866142
20
1.3660253543307086
11
1.2383039370078739
21
1.3679322834645669
0
LINE
8
BLACK
6
CONTINUOUS
10
1.2383039370078739
20
1.3679322834645669
11
1.2351133858267715
21
1.3711228346456692
0
LINE
8
BLACK
6
CONTINUOUS
10
1.2351133858267715
20
1.3711228346456692
11
1.2332064566929133
21
1.3752122047244095
0
LINE
8
BLACK
6
CONTINUOUS
10
1.2332064566929133
20
1.3752122047244095
11
1.232763779527559
21
1.3785748031496063
0
LINE
8
BLACK
6
CONTINUOUS
10
1.232763779527559
20
1.3785748031496063
11
1.232763779527559
21
1.4159763779527559
0
LINE
8
BLACK
6
CONTINUOUS
10
1.232763779527559
20
1.4159763779527559
11
1.2332064566929133
21
1.4193389763779527
0
LINE
8
BLACK
6
CONTINUOUS
10
1.2332064566929133
20
1.4193389763779527
11
1.2351133858267715
21
1.4234283464566928
0
LINE
8
BLACK
6
CONTINUOUS
10
1.2351133858267715
20
1.4234283464566928
11
1.2383039370078739
21
1.4266188976377951
0
LINE
8
BLACK
6
CONTINUOUS
10
1.2383039370078739
20
1.4266188976377951
11
1.2423933070866142
21
1.4285258267716534
0
LINE
8
BLACK
6
CONTINUOUS
10
1.2423933070866142
20
1.4285258267716534
11
1.245755905511811
21
1.4289685039370079
0
LINE
8
BLACK
6
CONTINUOUS
10
1.245755905511811
20
1.4289685039370079
11
1.2654409448818897
21
1.4289685039370079
0
LINE
8
BLACK
6
CONTINUOUS
10
1.2654409448818897
20
1.4289685039370079
11
1.2688035433070866
21
1.4285258267716534
0
LINE
8
BLACK
6
CONTINUOUS
10
1.3436066929133859
20
1.4285258267716534
11
1.347696062992126
21
1.4266188976377951
0
LINE
8
BLACK
6
CONTINUOUS
10
1.347696062992126
20
1.4266188976377951
11
1.3508866141732283
21
1.4234283464566928
0
LINE
8
BLACK
6
CONTINUOUS
10
1.3508866141732283
20
1.4234283464566928
11
1.3527935433070866
21
1.4193389763779527
0
LINE
8
BLACK
6
CONTINUOUS
10
1.3527935433070866
20
1.4193389763779527
11
1.3532362204724409
21
1.4159763779527559
0
LINE
8
BLACK
6
CONTINUOUS
10
1.3532362204724409
20
1.4159763779527559
11
1.3532362204724409
21
1.3785748031496063
0
LINE
8
BLACK
6
CONTINUOUS
10
1.3532362204724409
20
1.3785748031496063
11
1.3527935433070866
21
1.3752122047244095
0
LINE
8
BLACK
6
CONTINUOUS
10
1.3527935433070866
20
1.3752122047244095
11
1.3508866141732283
21
1.3711228346456692
0
LINE
8
BLACK
6
CONTINUOUS
10
1.3508866141732283
20
1.3711228346456692
11
1.347696062992126
21
1.3679322834645669
0
LINE
8
BLACK
6
CONTINUOUS
10
1.347696062992126
20
1.3679322834645669
11
1.3436066929133859
21
1.3660253543307086
0
LINE
8
BLACK
6
CONTINUOUS
10
1.3436066929133859
20
1.3660253543307086
11
1.340244094488189
21
1.3655826771653543
0
LINE
8
BLACK
6
CONTINUOUS
10
1.340244094488189
20
1.3655826771653543
11
1.3205590551181101
21
1.3655826771653543
0
LINE
8
BLACK
6
CONTINUOUS
10
1.3205590551181101
20
1.3655826771653543
11
1.3171964566929133
21
1.3660253543307086
0
LINE
8
BLACK
6
CONTINUOUS
10
1.3171964566929133
20
1.3660253543307086
11
1.3131070866141732
21
1.3679322834645669
0
LINE
8
BLACK
6
CONTINUOUS
10
1.3131070866141732
20
1.3679322834645669
11
1.3099165354330708
21
1.3711228346456692
0
LINE
8
BLACK
6
CONTINUOUS
10
1.3099165354330708
20
1.3711228346456692
11
1.3080096062992126
21
1.3752122047244095
0
LINE
8
BLACK
6
CONTINUOUS
10
1.3080096062992126
20
1.3752122047244095
11
1.3075669291338583
21
1.3785748031496063
0
LINE
8
BLACK
6
CONTINUOUS
10
1.3075669291338583
20
1.3785748031496063
11
1.3075669291338583
21
1.4159763779527559
0
LINE
8
BLACK
6
CONTINUOUS
10
1.3075669291338583
20
1.4159763779527559
11
1.3080096062992126
21
1.4193389763779527
0
LINE
8
BLACK
6
CONTINUOUS
10
1.3080096062992126
20
1.4193389763779527
11
1.3099165354330708
21
1.4234283464566928
0
LINE
8
BLACK
6
CONTINUOUS
10
1.3099165354330708
20
1.4234283464566928
11
1.3131070866141732
21
1.4266188976377951
0
LINE
8
BLACK
6
CONTINUOUS
10
1.3131070866141732
20
1.4266188976377951
11
1.3171964566929133
21
1.4285258267716534
0
LINE
8
BLACK
6
CONTINUOUS
10
1.3171964566929133
20
1.4285258267716534
11
1.3205590551181101
21
1.4289685039370079
0
LINE
8
BLACK
6
CONTINUOUS
10
1.3205590551181101
20
1.4289685039370079
11
1.340244094488189
21
1.4289685039370079
0
LINE
8
BLACK
6
CONTINUOUS
10
1.340244094488189
20
1.4289685039370079
11
1.3436066929133859
21
1.4285258267716534
0
LINE
8
BLACK
6
CONTINUOUS
10
2.0390633858267715
20
1.4337935433070865
11
2.0431527559055116
21
1.4318866141732283
0
LINE
8
BLACK
6
CONTINUOUS
10
2.0431527559055116
20
1.4318866141732283
11
2.0463433070866142
21
1.4286960629921259
0
LINE
8
BLACK
6
CONTINUOUS
10
2.0463433070866142
20
1.4286960629921259
11
2.0482502362204724
21
1.4246066929133858
0
LINE
8
BLACK
6
CONTINUOUS
10
2.0482502362204724
20
1.4246066929133858
11
2.0486929133858269
21
1.421244094488189
0
LINE
8
BLACK
6
CONTINUOUS
10
2.0486929133858269
20
1.421244094488189
11
2.0486929133858269
21
1.4015590551181103
0
LINE
8
BLACK
6
CONTINUOUS
10
2.0486929133858269
20
1.4015590551181103
11
2.0482502362204724
21
1.3981964566929133
0
LINE
8
BLACK
6
CONTINUOUS
10
2.0482502362204724
20
1.3981964566929133
11
2.0463433070866142
21
1.3941070866141732
0
LINE
8
BLACK
6
CONTINUOUS
10
2.0463433070866142
20
1.3941070866141732
11
2.0431527559055116
21
1.3909165354330708
0
LINE
8
BLACK
6
CONTINUOUS
10
2.0431527559055116
20
1.3909165354330708
11
2.0390633858267715
21
1.3890096062992126
0
LINE
8
BLACK
6
CONTINUOUS
10
2.0390633858267715
20
1.3890096062992126
11
2.0357007874015749
21
1.3885669291338583
0
LINE
8
BLACK
6
CONTINUOUS
10
2.0357007874015749
20
1.3885669291338583
11
1.9982992125984251
21
1.3885669291338583
0
LINE
8
BLACK
6
CONTINUOUS
10
1.9982992125984251
20
1.3885669291338583
11
1.9949366141732283
21
1.3890096062992126
0
LINE
8
BLACK
6
CONTINUOUS
10
1.9949366141732283
20
1.3890096062992126
11
1.9908472440944882
21
1.3909165354330708
0
LINE
8
BLACK
6
CONTINUOUS
10
1.9908472440944882
20
1.3909165354330708
11
1.9876566929133859
21
1.3941070866141732
0
LINE
8
BLACK
6
CONTINUOUS
10
1.9876566929133859
20
1.3941070866141732
11
1.9857497637795276
21
1.3981964566929133
0
LINE
8
BLACK
6
CONTINUOUS
10
1.9857497637795276
20
1.3981964566929133
11
1.9853070866141731
21
1.4015590551181103
0
LINE
8
BLACK
6
CONTINUOUS
10
1.9853070866141731
20
1.4015590551181103
11
1.9853070866141731
21
1.421244094488189
0
LINE
8
BLACK
6
CONTINUOUS
10
1.9853070866141731
20
1.421244094488189
11
1.9857497637795276
21
1.4246066929133858
0
LINE
8
BLACK
6
CONTINUOUS
10
1.9857497637795276
20
1.4246066929133858
11
1.9876566929133859
21
1.4286960629921259
0
LINE
8
BLACK
6
CONTINUOUS
10
1.9876566929133859
20
1.4286960629921259
11
1.9908472440944882
21
1.4318866141732283
0
LINE
8
BLACK
6
CONTINUOUS
10
1.9908472440944882
20
1.4318866141732283
11
1.9949366141732283
21
1.4337935433070865
0
LINE
8
BLACK
6
CONTINUOUS
10
1.9949366141732283
20
1.4337935433070865
11
1.9982992125984251
21
1.4342362204724408
0
LINE
8
BLACK
6
CONTINUOUS
10
1.9982992125984251
20
1.4342362204724408
11
2.0357007874015749
21
1.4342362204724408
0
LINE
8
BLACK
6
CONTINUOUS
10
2.0357007874015749
20
1.4342362204724408
11
2.0390633858267715
21
1.4337935433070865
0
LINE
8
BLACK
6
CONTINUOUS
10
1.0000633858267716
20
1.4529903937007873
11
1.0041527559055119
21
1.451083464566929
0
LINE
8
BLACK
6
CONTINUOUS
10
1.0041527559055119
20
1.451083464566929
11
1.0073433070866142
21
1.4478929133858267
0
LINE
8
BLACK
6
CONTINUOUS
10
1.0073433070866142
20
1.4478929133858267
11
1.0092502362204725
21
1.4438035433070866
0
LINE
8
BLACK
6
CONTINUOUS
10
1.0092502362204725
20
1.4438035433070866
11
1.0096929133858268
21
1.4404409448818898
0
LINE
8
BLACK
6
CONTINUOUS
10
1.0096929133858268
20
1.4404409448818898
11
1.0096929133858268
21
1.4207559055118111
0
LINE
8
BLACK
6
CONTINUOUS
10
1.0096929133858268
20
1.4207559055118111
11
1.0092502362204725
21
1.417393307086614
0
LINE
8
BLACK
6
CONTINUOUS
10
1.0092502362204725
20
1.417393307086614
11
1.0073433070866142
21
1.4133039370078739
0
LINE
8
BLACK
6
CONTINUOUS
10
1.0073433070866142
20
1.4133039370078739
11
1.0041527559055119
21
1.4101133858267716
0
LINE
8
BLACK
6
CONTINUOUS
10
1.0041527559055119
20
1.4101133858267716
11
1.0000633858267716
21
1.4082064566929133
0
LINE
8
BLACK
6
CONTINUOUS
10
1.0000633858267716
20
1.4082064566929133
11
0.9967007874015748
21
1.407763779527559
0
LINE
8
BLACK
6
CONTINUOUS
10
0.9967007874015748
20
1.407763779527559
11
0.9592992125984252
21
1.407763779527559
0
LINE
8
BLACK
6
CONTINUOUS
10
0.9592992125984252
20
1.407763779527559
11
0.9559366141732283
21
1.4082064566929133
0
LINE
8
BLACK
6
CONTINUOUS
10
0.9559366141732283
20
1.4082064566929133
11
0.9518472440944882
21
1.4101133858267716
0
LINE
8
BLACK
6
CONTINUOUS
10
0.9518472440944882
20
1.4101133858267716
11
0.9486566929133858
21
1.4133039370078739
0
LINE
8
BLACK
6
CONTINUOUS
10
0.9486566929133858
20
1.4133039370078739
11
0.9467497637795276
21
1.417393307086614
0
LINE
8
BLACK
6
CONTINUOUS
10
0.9467497637795276
20
1.417393307086614
11
0.9463070866141732
21
1.4207559055118111
0
LINE
8
BLACK
6
CONTINUOUS
10
0.9463070866141732
20
1.4207559055118111
11
0.9463070866141732
21
1.4404409448818898
0
LINE
8
BLACK
6
CONTINUOUS
10
0.9463070866141732
20
1.4404409448818898
11
0.9467497637795276
21
1.4438035433070866
0
LINE
8
BLACK
6
CONTINUOUS
10
0.9467497637795276
20
1.4438035433070866
11
0.9486566929133858
21
1.4478929133858267
0
LINE
8
BLACK
6
CONTINUOUS
10
0.9486566929133858
20
1.4478929133858267
11
0.9518472440944882
21
1.451083464566929
0
LINE
8
BLACK
6
CONTINUOUS
10
0.9518472440944882
20
1.451083464566929
11
0.9559366141732283
21
1.4529903937007873
0
LINE
8
BLACK
6
CONTINUOUS
10
0.9559366141732283
20
1.4529903937007873
11
0.9592992125984252
21
1.4534330708661416
0
LINE
8
BLACK
6
CONTINUOUS
10
0.9592992125984252
20
1.4534330708661416
11
0.9967007874015748
21
1.4534330708661416
0
LINE
8
BLACK
6
CONTINUOUS
10
0.9967007874015748
20
1.4534330708661416
11
1.0000633858267716
21
1.4529903937007873
0
LINE
8
BLACK
6
CONTINUOUS
10
2.2078035433070866
20
1.4754943700787402
11
2.2118929133858267
21
1.4735874409448819
0
LINE
8
BLACK
6
CONTINUOUS
10
2.2118929133858267
20
1.4735874409448819
11
2.2150834645669293
21
1.4703968897637796
0
LINE
8
BLACK
6
CONTINUOUS
10
2.2150834645669293
20
1.4703968897637796
11
2.2169903937007875
21
1.4663075196850393
0
LINE
8
BLACK
6
CONTINUOUS
10
2.2169903937007875
20
1.4663075196850393
11
2.2174330708661416
21
1.4629449212598424
0
LINE
8
BLACK
6
CONTINUOUS
10
2.2174330708661416
20
1.4629449212598424
11
2.2174330708661416
21
1.4432598818897637
0
LINE
8
BLACK
6
CONTINUOUS
10
2.2174330708661416
20
1.4432598818897637
11
2.2169903937007875
21
1.4398972834645669
0
LINE
8
BLACK
6
CONTINUOUS
10
2.2169903937007875
20
1.4398972834645669
11
2.2150834645669293
21
1.4358079133858268
0
LINE
8
BLACK
6
CONTINUOUS
10
2.2150834645669293
20
1.4358079133858268
11
2.2118929133858267
21
1.4326173622047245
0
LINE
8
BLACK
6
CONTINUOUS
10
2.2118929133858267
20
1.4326173622047245
11
2.2078035433070866
21
1.4307104330708662
0
LINE
8
BLACK
6
CONTINUOUS
10
2.2078035433070866
20
1.4307104330708662
11
2.2044409448818896
21
1.4302677559055117
0
LINE
8
BLACK
6
CONTINUOUS
10
2.2044409448818896
20
1.4302677559055117
11
2.16703937007874
21
1.4302677559055117
0
LINE
8
BLACK
6
CONTINUOUS
10
2.16703937007874
20
1.4302677559055117
11
2.1636767716535434
21
1.4307104330708662
0
LINE
8
BLACK
6
CONTINUOUS
10
2.1636767716535434
20
1.4307104330708662
11
2.1595874015748029
21
1.4326173622047245
0
LINE
8
BLACK
6
CONTINUOUS
10
2.1595874015748029
20
1.4326173622047245
11
2.1563968503937008
21
1.4358079133858268
0
LINE
8
BLACK
6
CONTINUOUS
10
2.1563968503937008
20
1.4358079133858268
11
2.1544899212598425
21
1.4398972834645669
0
LINE
8
BLACK
6
CONTINUOUS
10
2.1544899212598425
20
1.4398972834645669
11
2.154047244094488
21
1.4432598818897637
0
LINE
8
BLACK
6
CONTINUOUS
10
2.154047244094488
20
1.4432598818897637
11
2.154047244094488
21
1.4629449212598424
0
LINE
8
BLACK
6
CONTINUOUS
10
2.154047244094488
20
1.4629449212598424
11
2.1544899212598425
21
1.4663075196850393
0
LINE
8
BLACK
6
CONTINUOUS
10
2.1544899212598425
20
1.4663075196850393
11
2.1563968503937008
21
1.4703968897637796
0
LINE
8
BLACK
6
CONTINUOUS
10
2.1563968503937008
20
1.4703968897637796
11
2.1595874015748029
21
1.4735874409448819
0
LINE
8
BLACK
6
CONTINUOUS
10
2.1595874015748029
20
1.4735874409448819
11
2.1636767716535434
21
1.4754943700787402
0
LINE
8
BLACK
6
CONTINUOUS
10
2.1636767716535434
20
1.4754943700787402
11
2.16703937007874
21
1.4759370472440945
0
LINE
8
BLACK
6
CONTINUOUS
10
2.16703937007874
20
1.4759370472440945
11
2.2044409448818896
21
1.4759370472440945
0
LINE
8
BLACK
6
CONTINUOUS
10
2.2044409448818896
20
1.4759370472440945
11
2.2078035433070866
21
1.4754943700787402
0
LINE
8
BLACK
6
CONTINUOUS
10
2.2685124015748031
20
1.4638074803149606
11
2.2695342125984252
21
1.4631247637795275
0
LINE
8
BLACK
6
CONTINUOUS
10
2.2695342125984252
20
1.4631247637795275
11
2.2702169291338583
21
1.4621029527559055
0
LINE
8
BLACK
6
CONTINUOUS
10
2.2702169291338583
20
1.4621029527559055
11
2.2704566929133856
21
1.4608976377952756
0
LINE
8
BLACK
6
CONTINUOUS
10
2.2704566929133856
20
1.4608976377952756
11
2.2704566929133856
21
1.4510551181102362
0
LINE
8
BLACK
6
CONTINUOUS
10
2.2704566929133856
20
1.4510551181102362
11
2.2702169291338583
21
1.4498498031496063
0
LINE
8
BLACK
6
CONTINUOUS
10
2.2702169291338583
20
1.4498498031496063
11
2.2695342125984252
21
1.4488279921259841
0
LINE
8
BLACK
6
CONTINUOUS
10
2.2695342125984252
20
1.4488279921259841
11
2.2685124015748031
21
1.4481452755905511
0
LINE
8
BLACK
6
CONTINUOUS
10
2.2685124015748031
20
1.4481452755905511
11
2.2673070866141734
21
1.4479055118110236
0
LINE
8
BLACK
6
CONTINUOUS
10
2.2673070866141734
20
1.4479055118110236
11
2.2456535433070868
21
1.4479055118110236
0
LINE
8
BLACK
6
CONTINUOUS
10
2.2456535433070868
20
1.4479055118110236
11
2.2444482283464566
21
1.4481452755905511
0
LINE
8
BLACK
6
CONTINUOUS
10
2.2444482283464566
20
1.4481452755905511
11
2.2434264173228344
21
1.4488279921259841
0
LINE
8
BLACK
6
CONTINUOUS
10
2.2434264173228344
20
1.4488279921259841
11
2.2427437007874014
21
1.4498498031496063
0
LINE
8
BLACK
6
CONTINUOUS
10
2.2427437007874014
20
1.4498498031496063
11
2.2425039370078741
21
1.4510551181102362
0
LINE
8
BLACK
6
CONTINUOUS
10
2.2425039370078741
20
1.4510551181102362
11
2.2425039370078741
21
1.4608976377952756
0
LINE
8
BLACK
6
CONTINUOUS
10
2.2425039370078741
20
1.4608976377952756
11
2.2427437007874014
21
1.4621029527559055
0
LINE
8
BLACK
6
CONTINUOUS
10
2.2427437007874014
20
1.4621029527559055
11
2.2434264173228344
21
1.4631247637795275
0
LINE
8
BLACK
6
CONTINUOUS
10
2.2434264173228344
20
1.4631247637795275
11
2.2444482283464566
21
1.4638074803149606
0
LINE
8
BLACK
6
CONTINUOUS
10
2.2444482283464566
20
1.4638074803149606
11
2.2456535433070868
21
1.4640472440944881
0
LINE
8
BLACK
6
CONTINUOUS
10
2.2456535433070868
20
1.4640472440944881
11
2.2673070866141734
21
1.4640472440944881
0
LINE
8
BLACK
6
CONTINUOUS
10
2.2673070866141734
20
1.4640472440944881
11
2.2685124015748031
21
1.4638074803149606
0
LINE
8
BLACK
6
CONTINUOUS
10
2.361032086614173
20
1.4638074803149606
11
2.3620538976377952
21
1.4631247637795275
0
LINE
8
BLACK
6
CONTINUOUS
10
2.3620538976377952
20
1.4631247637795275
11
2.3627366141732282
21
1.4621029527559055
0
LINE
8
BLACK
6
CONTINUOUS
10
2.3627366141732282
20
1.4621029527559055
11
2.3629763779527559
21
1.4608976377952756
0
LINE
8
BLACK
6
CONTINUOUS
10
2.3629763779527559
20
1.4608976377952756
11
2.3629763779527559
21
1.4510551181102362
0
LINE
8
BLACK
6
CONTINUOUS
10
2.3629763779527559
20
1.4510551181102362
11
2.3627366141732282
21
1.4498498031496063
0
LINE
8
BLACK
6
CONTINUOUS
10
2.3627366141732282
20
1.4498498031496063
11
2.3620538976377952
21
1.4488279921259841
0
LINE
8
BLACK
6
CONTINUOUS
10
2.3620538976377952
20
1.4488279921259841
11
2.361032086614173
21
1.4481452755905511
0
LINE
8
BLACK
6
CONTINUOUS
10
2.361032086614173
20
1.4481452755905511
11
2.3598267716535433
21
1.4479055118110236
0
LINE
8
BLACK
6
CONTINUOUS
10
2.3598267716535433
20
1.4479055118110236
11
2.3381732283464567
21
1.4479055118110236
0
LINE
8
BLACK
6
CONTINUOUS
10
2.3381732283464567
20
1.4479055118110236
11
2.3369679133858265
21
1.4481452755905511
0
LINE
8
BLACK
6
CONTINUOUS
10
2.3369679133858265
20
1.4481452755905511
11
2.3359461023622048
21
1.4488279921259841
0
LINE
8
BLACK
6
CONTINUOUS
10
2.3359461023622048
20
1.4488279921259841
11
2.3352633858267717
21
1.4498498031496063
0
LINE
8
BLACK
6
CONTINUOUS
10
2.3352633858267717
20
1.4498498031496063
11
2.335023622047244
21
1.4510551181102362
0
LINE
8
BLACK
6
CONTINUOUS
10
2.335023622047244
20
1.4510551181102362
11
2.335023622047244
21
1.4608976377952756
0
LINE
8
BLACK
6
CONTINUOUS
10
2.335023622047244
20
1.4608976377952756
11
2.3352633858267717
21
1.4621029527559055
0
LINE
8
BLACK
6
CONTINUOUS
10
2.3352633858267717
20
1.4621029527559055
11
2.3359461023622048
21
1.4631247637795275
0
LINE
8
BLACK
6
CONTINUOUS
10
2.3359461023622048
20
1.4631247637795275
11
2.3369679133858265
21
1.4638074803149606
0
LINE
8
BLACK
6
CONTINUOUS
10
2.3369679133858265
20
1.4638074803149606
11
2.3381732283464567
21
1.4640472440944881
0
LINE
8
BLACK
6
CONTINUOUS
10
2.3381732283464567
20
1.4640472440944881
11
2.3598267716535433
21
1.4640472440944881
0
LINE
8
BLACK
6
CONTINUOUS
10
2.3598267716535433
20
1.4640472440944881
11
2.361032086614173
21
1.4638074803149606
0
LINE
8
BLACK
6
CONTINUOUS
10
2.3126387007874016
20
1.5213812598425196
11
2.3128412992125984
21
1.5211956299212599
0
LINE
8
BLACK
6
CONTINUOUS
10
2.3128412992125984
20
1.5211956299212599
11
2.3246523228346456
21
1.5093846062992127
0
LINE
8
BLACK
6
CONTINUOUS
10
2.3246523228346456
20
1.5093846062992127
11
2.3255628346456692
21
1.507431968503937
0
LINE
8
BLACK
6
CONTINUOUS
10
2.3255628346456692
20
1.507431968503937
11
2.3255748031496064
21
1.5071574803149606
0
LINE
8
BLACK
6
CONTINUOUS
10
2.3255748031496064
20
1.5071574803149606
11
2.3255748031496064
21
1.4520393700787402
0
LINE
8
BLACK
6
CONTINUOUS
10
2.3255748031496064
20
1.4520393700787402
11
2.3248379527559053
21
1.450014842519685
0
LINE
8
BLACK
6
CONTINUOUS
10
2.3248379527559053
20
1.450014842519685
11
2.322972125984252
21
1.4489375984251969
0
LINE
8
BLACK
6
CONTINUOUS
10
2.322972125984252
20
1.4489375984251969
11
2.3224251968503937
21
1.4488897637795275
0
LINE
8
BLACK
6
CONTINUOUS
10
2.3224251968503937
20
1.4488897637795275
11
2.2830551181102363
21
1.4488897637795275
0
LINE
8
BLACK
6
CONTINUOUS
10
2.2830551181102363
20
1.4488897637795275
11
2.2810305905511812
21
1.4496266141732284
0
LINE
8
BLACK
6
CONTINUOUS
10
2.2810305905511812
20
1.4496266141732284
11
2.279953346456693
21
1.4514924409448819
0
LINE
8
BLACK
6
CONTINUOUS
10
2.279953346456693
20
1.4514924409448819
11
2.2799055118110236
21
1.4520393700787402
0
LINE
8
BLACK
6
CONTINUOUS
10
2.2799055118110236
20
1.4520393700787402
11
2.2799055118110236
21
1.5189685039370078
0
LINE
8
BLACK
6
CONTINUOUS
10
2.2799055118110236
20
1.5189685039370078
11
2.2806423622047243
21
1.5209930314960629
0
LINE
8
BLACK
6
CONTINUOUS
10
2.2806423622047243
20
1.5209930314960629
11
2.2825081889763781
21
1.5220702755905511
0
LINE
8
BLACK
6
CONTINUOUS
10
2.2825081889763781
20
1.5220702755905511
11
2.2830551181102363
21
1.5221181102362205
0
LINE
8
BLACK
6
CONTINUOUS
10
2.2830551181102363
20
1.5221181102362205
11
2.3106141732283465
21
1.5221181102362205
0
LINE
8
BLACK
6
CONTINUOUS
10
2.3106141732283465
20
1.5221181102362205
11
2.3126387007874016
21
1.5213812598425196
0
LINE
8
BLACK
6
CONTINUOUS
10
2.6160402755905512
20
1.5167985826771653
11
2.6171175196850394
21
1.5149327559055117
0
LINE
8
BLACK
6
CONTINUOUS
10
2.6171175196850394
20
1.5149327559055117
11
2.6171653543307087
21
1.5143858267716535
0
LINE
8
BLACK
6
CONTINUOUS
10
2.6171653543307087
20
1.5143858267716535
11
2.6171653543307087
21
1.4553307086614173
0
LINE
8
BLACK
6
CONTINUOUS
10
2.6171653543307087
20
1.4553307086614173
11
2.6164285039370077
21
1.4533061811023622
0
LINE
8
BLACK
6
CONTINUOUS
10
2.6164285039370077
20
1.4533061811023622
11
2.6145626771653543
21
1.452228937007874
0
LINE
8
BLACK
6
CONTINUOUS
10
2.6145626771653543
20
1.452228937007874
11
2.6140157480314961
21
1.4521811023622047
0
LINE
8
BLACK
6
CONTINUOUS
10
2.6140157480314961
20
1.4521811023622047
11
2.5923622047244095
21
1.4521811023622047
0
LINE
8
BLACK
6
CONTINUOUS
10
2.5923622047244095
20
1.4521811023622047
11
2.5918117322834644
21
1.4523814566929134
0
LINE
8
BLACK
6
CONTINUOUS
10
2.5918117322834644
20
1.4523814566929134
11
2.5895607480314959
21
1.4523814566929134
0
LINE
8
BLACK
6
CONTINUOUS
10
2.5895607480314959
20
1.4523814566929134
11
2.5886733858267714
21
1.4525090551181101
0
LINE
8
BLACK
6
CONTINUOUS
10
2.5886733858267714
20
1.4525090551181101
11
2.5832973622047244
21
1.4540875984251969
0
LINE
8
BLACK
6
CONTINUOUS
10
2.5832973622047244
20
1.4540875984251969
11
2.5824819291338583
21
1.4544599999999999
0
LINE
8
BLACK
6
CONTINUOUS
10
2.5824819291338583
20
1.4544599999999999
11
2.5777684645669292
21
1.4574891732283464
0
LINE
8
BLACK
6
CONTINUOUS
10
2.5777684645669292
20
1.4574891732283464
11
2.5770909448818897
21
1.4580762204724409
0
LINE
8
BLACK
6
CONTINUOUS
10
2.5770909448818897
20
1.4580762204724409
11
2.5734217716535435
21
1.4623106692913386
0
LINE
8
BLACK
6
CONTINUOUS
10
2.5734217716535435
20
1.4623106692913386
11
2.5729370866141732
21
1.463064842519685
0
LINE
8
BLACK
6
CONTINUOUS
10
2.5729370866141732
20
1.463064842519685
11
2.570609566929134
21
1.4681614566929133
0
LINE
8
BLACK
6
CONTINUOUS
10
2.570609566929134
20
1.4681614566929133
11
2.5703570078740157
21
1.4690216141732284
0
LINE
8
BLACK
6
CONTINUOUS
10
2.5703570078740157
20
1.4690216141732284
11
2.5695596062992125
21
1.4745675196850394
0
LINE
8
BLACK
6
CONTINUOUS
10
2.5695596062992125
20
1.4745675196850394
11
2.5695275590551181
21
1.475015748031496
0
LINE
8
BLACK
6
CONTINUOUS
10
2.5695275590551181
20
1.475015748031496
11
2.5695275590551181
21
1.4947007874015747
0
LINE
8
BLACK
6
CONTINUOUS
10
2.5695275590551181
20
1.4947007874015747
11
2.5695596062992125
21
1.4951490157480314
0
LINE
8
BLACK
6
CONTINUOUS
10
2.5695596062992125
20
1.4951490157480314
11
2.5703570078740157
21
1.5006949212598424
0
LINE
8
BLACK
6
CONTINUOUS
10
2.5703570078740157
20
1.5006949212598424
11
2.570609566929134
21
1.5015550787401575
0
LINE
8
BLACK
6
CONTINUOUS
10
2.570609566929134
20
1.5015550787401575
11
2.5729370866141732
21
1.5066516929133857
0
LINE
8
BLACK
6
CONTINUOUS
10
2.5729370866141732
20
1.5066516929133857
11
2.5734217716535435
21
1.5074058661417322
0
LINE
8
BLACK
6
CONTINUOUS
10
2.5734217716535435
20
1.5074058661417322
11
2.5770909448818897
21
1.5116403149606299
0
LINE
8
BLACK
6
CONTINUOUS
10
2.5770909448818897
20
1.5116403149606299
11
2.5777684645669292
21
1.5122273622047244
0
LINE
8
BLACK
6
CONTINUOUS
10
2.5777684645669292
20
1.5122273622047244
11
2.5824819291338583
21
1.5152565354330709
0
LINE
8
BLACK
6
CONTINUOUS
10
2.5824819291338583
20
1.5152565354330709
11
2.5832973622047244
21
1.5156289370078739
0
LINE
8
BLACK
6
CONTINUOUS
10
2.5832973622047244
20
1.5156289370078739
11
2.5886733858267714
21
1.5172074803149607
0
LINE
8
BLACK
6
CONTINUOUS
10
2.5886733858267714
20
1.5172074803149607
11
2.5895607480314959
21
1.5173350787401574
0
LINE
8
BLACK
6
CONTINUOUS
10
2.5895607480314959
20
1.5173350787401574
11
2.5915511023622049
21
1.5173350787401574
0
LINE
8
BLACK
6
CONTINUOUS
10
2.5915511023622049
20
1.5173350787401574
11
2.5918152755905512
21
1.5174875984251968
0
LINE
8
BLACK
6
CONTINUOUS
10
2.5918152755905512
20
1.5174875984251968
11
2.5923622047244095
21
1.5175354330708661
0
LINE
8
BLACK
6
CONTINUOUS
10
2.5923622047244095
20
1.5175354330708661
11
2.6140157480314961
21
1.5175354330708661
0
LINE
8
BLACK
6
CONTINUOUS
10
2.6140157480314961
20
1.5175354330708661
11
2.6160402755905512
21
1.5167985826771653
0
LINE
8
BLACK
6
CONTINUOUS
10
2.664433661417323
20
1.5172956692913386
11
2.6654554724409447
21
1.5166129527559056
0
LINE
8
BLACK
6
CONTINUOUS
10
2.6654554724409447
20
1.5166129527559056
11
2.6661381889763778
21
1.5155911417322834
0
LINE
8
BLACK
6
CONTINUOUS
10
2.6661381889763778
20
1.5155911417322834
11
2.6663779527559055
21
1.5143858267716535
0
LINE
8
BLACK
6
CONTINUOUS
10
2.6663779527559055
20
1.5143858267716535
11
2.6663779527559055
21
1.4553307086614173
0
LINE
8
BLACK
6
CONTINUOUS
10
2.6663779527559055
20
1.4553307086614173
11
2.6661381889763778
21
1.4541253937007874
0
LINE
8
BLACK
6
CONTINUOUS
10
2.6661381889763778
20
1.4541253937007874
11
2.6654554724409447
21
1.4531035826771652
0
LINE
8
BLACK
6
CONTINUOUS
10
2.6654554724409447
20
1.4531035826771652
11
2.664433661417323
21
1.4524208661417322
0
LINE
8
BLACK
6
CONTINUOUS
10
2.664433661417323
20
1.4524208661417322
11
2.6632283464566928
21
1.4521811023622047
0
LINE
8
BLACK
6
CONTINUOUS
10
2.6632283464566928
20
1.4521811023622047
11
2.6238582677165354
21
1.4521811023622047
0
LINE
8
BLACK
6
CONTINUOUS
10
2.6238582677165354
20
1.4521811023622047
11
2.6226529527559053
21
1.4524208661417322
0
LINE
8
BLACK
6
CONTINUOUS
10
2.6226529527559053
20
1.4524208661417322
11
2.6216311417322835
21
1.4531035826771652
0
LINE
8
BLACK
6
CONTINUOUS
10
2.6216311417322835
20
1.4531035826771652
11
2.6209484251968505
21
1.4541253937007874
0
LINE
8
BLACK
6
CONTINUOUS
10
2.6209484251968505
20
1.4541253937007874
11
2.6207086614173227
21
1.4553307086614173
0
LINE
8
BLACK
6
CONTINUOUS
10
2.6207086614173227
20
1.4553307086614173
11
2.6207086614173227
21
1.5143858267716535
0
LINE
8
BLACK
6
CONTINUOUS
10
2.6207086614173227
20
1.5143858267716535
11
2.6209484251968505
21
1.5155911417322834
0
LINE
8
BLACK
6
CONTINUOUS
10
2.6209484251968505
20
1.5155911417322834
11
2.6216311417322835
21
1.5166129527559056
0
LINE
8
BLACK
6
CONTINUOUS
10
2.6216311417322835
20
1.5166129527559056
11
2.6226529527559053
21
1.5172956692913386
0
LINE
8
BLACK
6
CONTINUOUS
10
2.6226529527559053
20
1.5172956692913386
11
2.6238582677165354
21
1.5175354330708661
0
LINE
8
BLACK
6
CONTINUOUS
10
2.6238582677165354
20
1.5175354330708661
11
2.6632283464566928
21
1.5175354330708661
0
LINE
8
BLACK
6
CONTINUOUS
10
2.6632283464566928
20
1.5175354330708661
11
2.664433661417323
21
1.5172956692913386
0
LINE
8
BLACK
6
CONTINUOUS
10
2.6952748818897638
20
1.5173350787401574
11
2.6975258661417323
21
1.5173350787401574
0
LINE
8
BLACK
6
CONTINUOUS
10
2.6975258661417323
20
1.5173350787401574
11
2.6984132283464568
21
1.5172074803149607
0
LINE
8
BLACK
6
CONTINUOUS
10
2.6984132283464568
20
1.5172074803149607
11
2.7037892519685038
21
1.5156289370078739
0
LINE
8
BLACK
6
CONTINUOUS
10
2.7037892519685038
20
1.5156289370078739
11
2.7046046850393699
21
1.5152565354330709
0
LINE
8
BLACK
6
CONTINUOUS
10
2.7046046850393699
20
1.5152565354330709
11
2.709318149606299
21
1.5122273622047244
0
LINE
8
BLACK
6
CONTINUOUS
10
2.709318149606299
20
1.5122273622047244
11
2.7099956692913385
21
1.5116403149606299
0
LINE
8
BLACK
6
CONTINUOUS
10
2.7099956692913385
20
1.5116403149606299
11
2.7136648425196848
21
1.5074058661417322
0
LINE
8
BLACK
6
CONTINUOUS
10
2.7136648425196848
20
1.5074058661417322
11
2.714149527559055
21
1.5066516929133857
0
LINE
8
BLACK
6
CONTINUOUS
10
2.714149527559055
20
1.5066516929133857
11
2.7164770472440942
21
1.5015550787401575
0
LINE
8
BLACK
6
CONTINUOUS
10
2.7164770472440942
20
1.5015550787401575
11
2.7167296062992126
21
1.5006949212598424
0
LINE
8
BLACK
6
CONTINUOUS
10
2.7167296062992126
20
1.5006949212598424
11
2.7175270078740157
21
1.4951490157480314
0
LINE
8
BLACK
6
CONTINUOUS
10
2.7175270078740157
20
1.4951490157480314
11
2.7175590551181101
21
1.4947007874015747
0
LINE
8
BLACK
6
CONTINUOUS
10
2.7175590551181101
20
1.4947007874015747
11
2.7175590551181101
21
1.475015748031496
0
LINE
8
BLACK
6
CONTINUOUS
10
2.7175590551181101
20
1.475015748031496
11
2.7175270078740157
21
1.4745675196850394
0
LINE
8
BLACK
6
CONTINUOUS
10
2.7175270078740157
20
1.4745675196850394
11
2.7167296062992126
21
1.4690216141732284
0
LINE
8
BLACK
6
CONTINUOUS
10
2.7167296062992126
20
1.4690216141732284
11
2.7164770472440942
21
1.4681614566929133
0
LINE
8
BLACK
6
CONTINUOUS
10
2.7164770472440942
20
1.4681614566929133
11
2.714149527559055
21
1.463064842519685
0
LINE
8
BLACK
6
CONTINUOUS
10
2.714149527559055
20
1.463064842519685
11
2.7136648425196848
21
1.4623106692913386
0
LINE
8
BLACK
6
CONTINUOUS
10
2.7136648425196848
20
1.4623106692913386
11
2.7099956692913385
21
1.4580762204724409
0
LINE
8
BLACK
6
CONTINUOUS
10
2.7099956692913385
20
1.4580762204724409
11
2.709318149606299
21
1.4574891732283464
0
LINE
8
BLACK
6
CONTINUOUS
10
2.709318149606299
20
1.4574891732283464
11
2.7046046850393699
21
1.4544599999999999
0
LINE
8
BLACK
6
CONTINUOUS
10
2.7046046850393699
20
1.4544599999999999
11
2.7037892519685038
21
1.4540875984251969
0
LINE
8
BLACK
6
CONTINUOUS
10
2.7037892519685038
20
1.4540875984251969
11
2.6984132283464568
21
1.4525090551181101
0
LINE
8
BLACK
6
CONTINUOUS
10
2.6984132283464568
20
1.4525090551181101
11
2.6975258661417323
21
1.4523814566929134
0
LINE
8
BLACK
6
CONTINUOUS
10
2.6975258661417323
20
1.4523814566929134
11
2.6955355118110234
21
1.4523814566929134
0
LINE
8
BLACK
6
CONTINUOUS
10
2.6955355118110234
20
1.4523814566929134
11
2.695271338582677
21
1.452228937007874
0
LINE
8
BLACK
6
CONTINUOUS
10
2.695271338582677
20
1.452228937007874
11
2.6947244094488187
21
1.4521811023622047
0
LINE
8
BLACK
6
CONTINUOUS
10
2.6947244094488187
20
1.4521811023622047
11
2.6730708661417322
21
1.4521811023622047
0
LINE
8
BLACK
6
CONTINUOUS
10
2.6730708661417322
20
1.4521811023622047
11
2.671046338582677
21
1.4529179527559055
0
LINE
8
BLACK
6
CONTINUOUS
10
2.671046338582677
20
1.4529179527559055
11
2.6699690944881889
21
1.4547837795275591
0
LINE
8
BLACK
6
CONTINUOUS
10
2.6699690944881889
20
1.4547837795275591
11
2.6699212598425195
21
1.4553307086614173
0
LINE
8
BLACK
6
CONTINUOUS
10
2.6699212598425195
20
1.4553307086614173
11
2.6699212598425195
21
1.5143858267716535
0
LINE
8
BLACK
6
CONTINUOUS
10
2.6699212598425195
20
1.5143858267716535
11
2.6706581102362206
21
1.5164103543307086
0
LINE
8
BLACK
6
CONTINUOUS
10
2.6706581102362206
20
1.5164103543307086
11
2.6725239370078739
21
1.5174875984251968
0
LINE
8
BLACK
6
CONTINUOUS
10
2.6725239370078739
20
1.5174875984251968
11
2.6730708661417322
21
1.5175354330708661
0
LINE
8
BLACK
6
CONTINUOUS
10
2.6730708661417322
20
1.5175354330708661
11
2.6947244094488187
21
1.5175354330708661
0
LINE
8
BLACK
6
CONTINUOUS
10
2.6947244094488187
20
1.5175354330708661
11
2.6952748818897638
21
1.5173350787401574
0
LINE
8
BLACK
6
CONTINUOUS
10
0.6382761811023622
20
1.5102090551181102
11
0.6392979921259843
21
1.5095263385826772
0
LINE
8
BLACK
6
CONTINUOUS
10
0.6392979921259843
20
1.5095263385826772
11
0.6399807086614173
21
1.5085045275590552
0
LINE
8
BLACK
6
CONTINUOUS
10
0.6399807086614173
20
1.5085045275590552
11
0.6402204724409448
21
1.5072992125984253
0
LINE
8
BLACK
6
CONTINUOUS
10
0.6402204724409448
20
1.5072992125984253
11
0.6402204724409448
21
1.4561181102362204
0
LINE
8
BLACK
6
CONTINUOUS
10
0.6402204724409448
20
1.4561181102362204
11
0.6399807086614173
21
1.4549127952755905
0
LINE
8
BLACK
6
CONTINUOUS
10
0.6399807086614173
20
1.4549127952755905
11
0.6392979921259843
21
1.4538909842519685
0
LINE
8
BLACK
6
CONTINUOUS
10
0.6392979921259843
20
1.4538909842519685
11
0.6382761811023622
21
1.4532082677165354
0
LINE
8
BLACK
6
CONTINUOUS
10
0.6382761811023622
20
1.4532082677165354
11
0.6370708661417323
21
1.4529685039370079
0
LINE
8
BLACK
6
CONTINUOUS
10
0.6370708661417323
20
1.4529685039370079
11
0.578015748031496
21
1.4529685039370079
0
LINE
8
BLACK
6
CONTINUOUS
10
0.578015748031496
20
1.4529685039370079
11
0.5768104330708661
21
1.4532082677165354
0
LINE
8
BLACK
6
CONTINUOUS
10
0.5768104330708661
20
1.4532082677165354
11
0.5757886220472441
21
1.4538909842519685
0
LINE
8
BLACK
6
CONTINUOUS
10
0.5757886220472441
20
1.4538909842519685
11
0.575105905511811
21
1.4549127952755905
0
LINE
8
BLACK
6
CONTINUOUS
10
0.575105905511811
20
1.4549127952755905
11
0.5748661417322835
21
1.4561181102362204
0
LINE
8
BLACK
6
CONTINUOUS
10
0.5748661417322835
20
1.4561181102362204
11
0.5748661417322835
21
1.5072992125984253
0
LINE
8
BLACK
6
CONTINUOUS
10
0.5748661417322835
20
1.5072992125984253
11
0.575105905511811
21
1.5085045275590552
0
LINE
8
BLACK
6
CONTINUOUS
10
0.575105905511811
20
1.5085045275590552
11
0.5757886220472441
21
1.5095263385826772
0
LINE
8
BLACK
6
CONTINUOUS
10
0.5757886220472441
20
1.5095263385826772
11
0.5768104330708661
21
1.5102090551181102
0
LINE
8
BLACK
6
CONTINUOUS
10
0.5768104330708661
20
1.5102090551181102
11
0.578015748031496
21
1.5104488188976377
0
LINE
8
BLACK
6
CONTINUOUS
10
0.578015748031496
20
1.5104488188976377
11
0.6370708661417323
21
1.5104488188976377
0
LINE
8
BLACK
6
CONTINUOUS
10
0.6370708661417323
20
1.5104488188976377
11
0.6382761811023622
21
1.5102090551181102
0
LINE
8
BLACK
6
CONTINUOUS
10
1.1097720472440944
20
1.5142659842519686
11
1.1138614173228347
21
1.5123590551181103
0
LINE
8
BLACK
6
CONTINUOUS
10
1.1138614173228347
20
1.5123590551181103
11
1.1170519685039371
21
1.5091685039370077
0
LINE
8
BLACK
6
CONTINUOUS
10
1.1170519685039371
20
1.5091685039370077
11
1.1189588976377953
21
1.5050791338582676
0
LINE
8
BLACK
6
CONTINUOUS
10
1.1189588976377953
20
1.5050791338582676
11
1.1194015748031496
21
1.5017165354330708
0
LINE
8
BLACK
6
CONTINUOUS
10
1.1194015748031496
20
1.5017165354330708
11
1.1194015748031496
21
1.4662834645669292
0
LINE
8
BLACK
6
CONTINUOUS
10
1.1194015748031496
20
1.4662834645669292
11
1.1189588976377953
21
1.4629208661417323
0
LINE
8
BLACK
6
CONTINUOUS
10
1.1189588976377953
20
1.4629208661417323
11
1.1170519685039371
21
1.458831496062992
0
LINE
8
BLACK
6
CONTINUOUS
10
1.1170519685039371
20
1.458831496062992
11
1.1138614173228347
21
1.4556409448818897
0
LINE
8
BLACK
6
CONTINUOUS
10
1.1138614173228347
20
1.4556409448818897
11
1.1097720472440944
21
1.4537340157480314
0
LINE
8
BLACK
6
CONTINUOUS
10
1.1097720472440944
20
1.4537340157480314
11
1.1064094488188976
21
1.4532913385826771
0
LINE
8
BLACK
6
CONTINUOUS
10
1.1064094488188976
20
1.4532913385826771
11
1.0857401574803149
21
1.4532913385826771
0
LINE
8
BLACK
6
CONTINUOUS
10
1.0857401574803149
20
1.4532913385826771
11
1.0823775590551181
21
1.4537340157480314
0
LINE
8
BLACK
6
CONTINUOUS
10
1.0823775590551181
20
1.4537340157480314
11
1.078288188976378
21
1.4556409448818897
0
LINE
8
BLACK
6
CONTINUOUS
10
1.078288188976378
20
1.4556409448818897
11
1.0750976377952757
21
1.458831496062992
0
LINE
8
BLACK
6
CONTINUOUS
10
1.0750976377952757
20
1.458831496062992
11
1.0731907086614172
21
1.4629208661417323
0
LINE
8
BLACK
6
CONTINUOUS
10
1.0731907086614172
20
1.4629208661417323
11
1.0727480314960629
21
1.4662834645669292
0
LINE
8
BLACK
6
CONTINUOUS
10
1.0727480314960629
20
1.4662834645669292
11
1.0727480314960629
21
1.5017165354330708
0
LINE
8
BLACK
6
CONTINUOUS
10
1.0727480314960629
20
1.5017165354330708
11
1.0731907086614172
21
1.5050791338582676
0
LINE
8
BLACK
6
CONTINUOUS
10
1.0731907086614172
20
1.5050791338582676
11
1.0750976377952757
21
1.5091685039370077
0
LINE
8
BLACK
6
CONTINUOUS
10
1.0750976377952757
20
1.5091685039370077
11
1.078288188976378
21
1.5123590551181103
0
LINE
8
BLACK
6
CONTINUOUS
10
1.078288188976378
20
1.5123590551181103
11
1.0823775590551181
21
1.5142659842519686
0
LINE
8
BLACK
6
CONTINUOUS
10
1.0823775590551181
20
1.5142659842519686
11
1.0857401574803149
21
1.5147086614173229
0
LINE
8
BLACK
6
CONTINUOUS
10
1.0857401574803149
20
1.5147086614173229
11
1.1064094488188976
21
1.5147086614173229
0
LINE
8
BLACK
6
CONTINUOUS
10
1.1064094488188976
20
1.5147086614173229
11
1.1097720472440944
21
1.5142659842519686
0
LINE
8
BLACK
6
CONTINUOUS
10
1.1816224409448819
20
1.5142659842519686
11
1.185711811023622
21
1.5123590551181103
0
LINE
8
BLACK
6
CONTINUOUS
10
1.185711811023622
20
1.5123590551181103
11
1.1889023622047243
21
1.5091685039370077
0
LINE
8
BLACK
6
CONTINUOUS
10
1.1889023622047243
20
1.5091685039370077
11
1.1908092913385826
21
1.5050791338582676
0
LINE
8
BLACK
6
CONTINUOUS
10
1.1908092913385826
20
1.5050791338582676
11
1.1912519685039369
21
1.5017165354330708
0
LINE
8
BLACK
6
CONTINUOUS
10
1.1912519685039369
20
1.5017165354330708
11
1.1912519685039369
21
1.4662834645669292
0
LINE
8
BLACK
6
CONTINUOUS
10
1.1912519685039369
20
1.4662834645669292
11
1.1908092913385826
21
1.4629208661417323
0
LINE
8
BLACK
6
CONTINUOUS
10
1.1908092913385826
20
1.4629208661417323
11
1.1889023622047243
21
1.458831496062992
0
LINE
8
BLACK
6
CONTINUOUS
10
1.1889023622047243
20
1.458831496062992
11
1.185711811023622
21
1.4556409448818897
0
LINE
8
BLACK
6
CONTINUOUS
10
1.185711811023622
20
1.4556409448818897
11
1.1816224409448819
21
1.4537340157480314
0
LINE
8
BLACK
6
CONTINUOUS
10
1.1816224409448819
20
1.4537340157480314
11
1.1782598425196851
21
1.4532913385826771
0
LINE
8
BLACK
6
CONTINUOUS
10
1.1782598425196851
20
1.4532913385826771
11
1.1575905511811024
21
1.4532913385826771
0
LINE
8
BLACK
6
CONTINUOUS
10
1.1575905511811024
20
1.4532913385826771
11
1.1542279527559054
21
1.4537340157480314
0
LINE
8
BLACK
6
CONTINUOUS
10
1.1542279527559054
20
1.4537340157480314
11
1.1501385826771653
21
1.4556409448818897
0
LINE
8
BLACK
6
CONTINUOUS
10
1.1501385826771653
20
1.4556409448818897
11
1.1469480314960629
21
1.458831496062992
0
LINE
8
BLACK
6
CONTINUOUS
10
1.1469480314960629
20
1.458831496062992
11
1.1450411023622047
21
1.4629208661417323
0
LINE
8
BLACK
6
CONTINUOUS
10
1.1450411023622047
20
1.4629208661417323
11
1.1445984251968504
21
1.4662834645669292
0
LINE
8
BLACK
6
CONTINUOUS
10
1.1445984251968504
20
1.4662834645669292
11
1.1445984251968504
21
1.5017165354330708
0
LINE
8
BLACK
6
CONTINUOUS
10
1.1445984251968504
20
1.5017165354330708
11
1.1450411023622047
21
1.5050791338582676
0
LINE
8
BLACK
6
CONTINUOUS
10
1.1450411023622047
20
1.5050791338582676
11
1.1469480314960629
21
1.5091685039370077
0
LINE
8
BLACK
6
CONTINUOUS
10
1.1469480314960629
20
1.5091685039370077
11
1.1501385826771653
21
1.5123590551181103
0
LINE
8
BLACK
6
CONTINUOUS
10
1.1501385826771653
20
1.5123590551181103
11
1.1542279527559054
21
1.5142659842519686
0
LINE
8
BLACK
6
CONTINUOUS
10
1.1542279527559054
20
1.5142659842519686
11
1.1575905511811024
21
1.5147086614173229
0
LINE
8
BLACK
6
CONTINUOUS
10
1.1575905511811024
20
1.5147086614173229
11
1.1782598425196851
21
1.5147086614173229
0
LINE
8
BLACK
6
CONTINUOUS
10
1.1782598425196851
20
1.5147086614173229
11
1.1816224409448819
21
1.5142659842519686
0
LINE
8
BLACK
6
CONTINUOUS
10
1.285929527559055
20
1.5147069291338582
11
1.2900188976377953
21
1.5127999999999999
0
LINE
8
BLACK
6
CONTINUOUS
10
1.2900188976377953
20
1.5127999999999999
11
1.2932094488188977
21
1.5096094488188976
0
LINE
8
BLACK
6
CONTINUOUS
10
1.2932094488188977
20
1.5096094488188976
11
1.2951163779527559
21
1.5055200787401575
0
LINE
8
BLACK
6
CONTINUOUS
10
1.2951163779527559
20
1.5055200787401575
11
1.2955590551181102
21
1.5021574803149607
0
LINE
8
BLACK
6
CONTINUOUS
10
1.2955590551181102
20
1.5021574803149607
11
1.2955590551181102
21
1.4686929133858266
0
LINE
8
BLACK
6
CONTINUOUS
10
1.2955590551181102
20
1.4686929133858266
11
1.2951163779527559
21
1.4653303149606298
0
LINE
8
BLACK
6
CONTINUOUS
10
1.2951163779527559
20
1.4653303149606298
11
1.2932094488188977
21
1.4612409448818897
0
LINE
8
BLACK
6
CONTINUOUS
10
1.2932094488188977
20
1.4612409448818897
11
1.2900188976377953
21
1.4580503937007874
0
LINE
8
BLACK
6
CONTINUOUS
10
1.2900188976377953
20
1.4580503937007874
11
1.285929527559055
21
1.4561434645669291
0
LINE
8
BLACK
6
CONTINUOUS
10
1.285929527559055
20
1.4561434645669291
11
1.2825669291338582
21
1.4557007874015748
0
LINE
8
BLACK
6
CONTINUOUS
10
1.2825669291338582
20
1.4557007874015748
11
1.2471338582677165
21
1.4557007874015748
0
LINE
8
BLACK
6
CONTINUOUS
10
1.2471338582677165
20
1.4557007874015748
11
1.2437712598425197
21
1.4561434645669291
0
LINE
8
BLACK
6
CONTINUOUS
10
1.2437712598425197
20
1.4561434645669291
11
1.2396818897637796
21
1.4580503937007874
0
LINE
8
BLACK
6
CONTINUOUS
10
1.2396818897637796
20
1.4580503937007874
11
1.2364913385826772
21
1.4612409448818897
0
LINE
8
BLACK
6
CONTINUOUS
10
1.2364913385826772
20
1.4612409448818897
11
1.234584409448819
21
1.4653303149606298
0
LINE
8
BLACK
6
CONTINUOUS
10
1.234584409448819
20
1.4653303149606298
11
1.2341417322834645
21
1.4686929133858266
0
LINE
8
BLACK
6
CONTINUOUS
10
1.2341417322834645
20
1.4686929133858266
11
1.2341417322834645
21
1.5021574803149607
0
LINE
8
BLACK
6
CONTINUOUS
10
1.2341417322834645
20
1.5021574803149607
11
1.234584409448819
21
1.5055200787401575
0
LINE
8
BLACK
6
CONTINUOUS
10
1.234584409448819
20
1.5055200787401575
11
1.2364913385826772
21
1.5096094488188976
0
LINE
8
BLACK
6
CONTINUOUS
10
1.2364913385826772
20
1.5096094488188976
11
1.2396818897637796
21
1.5127999999999999
0
LINE
8
BLACK
6
CONTINUOUS
10
1.2396818897637796
20
1.5127999999999999
11
1.2437712598425197
21
1.5147069291338582
0
LINE
8
BLACK
6
CONTINUOUS
10
1.2437712598425197
20
1.5147069291338582
11
1.2471338582677165
21
1.5151496062992125
0
LINE
8
BLACK
6
CONTINUOUS
10
1.2471338582677165
20
1.5151496062992125
11
1.2825669291338582
21
1.5151496062992125
0
LINE
8
BLACK
6
CONTINUOUS
10
1.2825669291338582
20
1.5151496062992125
11
1.285929527559055
21
1.5147069291338582
0
LINE
8
BLACK
6
CONTINUOUS
10
1.3922287401574802
20
1.5147069291338582
11
1.3963181102362205
21
1.5127999999999999
0
LINE
8
BLACK
6
CONTINUOUS
10
1.3963181102362205
20
1.5127999999999999
11
1.3995086614173229
21
1.5096094488188976
0
LINE
8
BLACK
6
CONTINUOUS
10
1.3995086614173229
20
1.5096094488188976
11
1.4014155905511811
21
1.5055200787401575
0
LINE
8
BLACK
6
CONTINUOUS
10
1.4014155905511811
20
1.5055200787401575
11
1.4018582677165354
21
1.5021574803149607
0
LINE
8
BLACK
6
CONTINUOUS
10
1.4018582677165354
20
1.5021574803149607
11
1.4018582677165354
21
1.4686929133858266
0
LINE
8
BLACK
6
CONTINUOUS
10
1.4018582677165354
20
1.4686929133858266
11
1.4014155905511811
21
1.4653303149606298
0
LINE
8
BLACK
6
CONTINUOUS
10
1.4014155905511811
20
1.4653303149606298
11
1.3995086614173229
21
1.4612409448818897
0
LINE
8
BLACK
6
CONTINUOUS
10
1.3995086614173229
20
1.4612409448818897
11
1.3963181102362205
21
1.4580503937007874
0
LINE
8
BLACK
6
CONTINUOUS
10
1.3963181102362205
20
1.4580503937007874
11
1.3922287401574802
21
1.4561434645669291
0
LINE
8
BLACK
6
CONTINUOUS
10
1.3922287401574802
20
1.4561434645669291
11
1.3888661417322834
21
1.4557007874015748
0
LINE
8
BLACK
6
CONTINUOUS
10
1.3888661417322834
20
1.4557007874015748
11
1.3534330708661417
21
1.4557007874015748
0
LINE
8
BLACK
6
CONTINUOUS
10
1.3534330708661417
20
1.4557007874015748
11
1.3500704724409449
21
1.4561434645669291
0
LINE
8
BLACK
6
CONTINUOUS
10
1.3500704724409449
20
1.4561434645669291
11
1.3459811023622046
21
1.4580503937007874
0
LINE
8
BLACK
6
CONTINUOUS
10
1.3459811023622046
20
1.4580503937007874
11
1.3427905511811022
21
1.4612409448818897
0
LINE
8
BLACK
6
CONTINUOUS
10
1.3427905511811022
20
1.4612409448818897
11
1.340883622047244
21
1.4653303149606298
0
LINE
8
BLACK
6
CONTINUOUS
10
1.340883622047244
20
1.4653303149606298
11
1.3404409448818897
21
1.4686929133858266
0
LINE
8
BLACK
6
CONTINUOUS
10
1.3404409448818897
20
1.4686929133858266
11
1.3404409448818897
21
1.5021574803149607
0
LINE
8
BLACK
6
CONTINUOUS
10
1.3404409448818897
20
1.5021574803149607
11
1.340883622047244
21
1.5055200787401575
0
LINE
8
BLACK
6
CONTINUOUS
10
1.340883622047244
20
1.5055200787401575
11
1.3427905511811022
21
1.5096094488188976
0
LINE
8
BLACK
6
CONTINUOUS
10
1.3427905511811022
20
1.5096094488188976
11
1.3459811023622046
21
1.5127999999999999
0
LINE
8
BLACK
6
CONTINUOUS
10
1.3459811023622046
20
1.5127999999999999
11
1.3500704724409449
21
1.5147069291338582
0
LINE
8
BLACK
6
CONTINUOUS
10
1.3500704724409449
20
1.5147069291338582
11
1.3534330708661417
21
1.5151496062992125
0
LINE
8
BLACK
6
CONTINUOUS
10
1.3534330708661417
20
1.5151496062992125
11
1.3888661417322834
21
1.5151496062992125
0
LINE
8
BLACK
6
CONTINUOUS
10
1.3888661417322834
20
1.5151496062992125
11
1.3922287401574802
21
1.5147069291338582
0
LINE
8
BLACK
6
CONTINUOUS
10
0.8191053149606299
20
1.5018496456692914
11
0.8230398031496062
21
1.5000149999999999
0
LINE
8
BLACK
6
CONTINUOUS
10
0.8230398031496062
20
1.5000149999999999
11
0.8261094881889763
21
1.49694531496063
0
LINE
8
BLACK
6
CONTINUOUS
10
0.8261094881889763
20
1.49694531496063
11
0.8279441338582677
21
1.4930108267716535
0
LINE
8
BLACK
6
CONTINUOUS
10
0.8279441338582677
20
1.4930108267716535
11
0.8283700787401574
21
1.4897755905511811
0
LINE
8
BLACK
6
CONTINUOUS
10
0.8283700787401574
20
1.4897755905511811
11
0.8283700787401574
21
1.4710748031496064
0
LINE
8
BLACK
6
CONTINUOUS
10
0.8283700787401574
20
1.4710748031496064
11
0.8279441338582677
21
1.4678395669291338
0
LINE
8
BLACK
6
CONTINUOUS
10
0.8279441338582677
20
1.4678395669291338
11
0.8261094881889763
21
1.4639050787401575
0
LINE
8
BLACK
6
CONTINUOUS
10
0.8261094881889763
20
1.4639050787401575
11
0.8230398031496062
21
1.4608353937007874
0
LINE
8
BLACK
6
CONTINUOUS
10
0.8230398031496062
20
1.4608353937007874
11
0.8191053149606299
21
1.4590007480314959
0
LINE
8
BLACK
6
CONTINUOUS
10
0.8191053149606299
20
1.4590007480314959
11
0.8158700787401575
21
1.4585748031496062
0
LINE
8
BLACK
6
CONTINUOUS
10
0.8158700787401575
20
1.4585748031496062
11
0.7932322834645669
21
1.4585748031496062
0
LINE
8
BLACK
6
CONTINUOUS
10
0.7932322834645669
20
1.4585748031496062
11
0.7899970472440945
21
1.4590007480314959
0
LINE
8
BLACK
6
CONTINUOUS
10
0.7899970472440945
20
1.4590007480314959
11
0.7860625590551181
21
1.4608353937007874
0
LINE
8
BLACK
6
CONTINUOUS
10
0.7860625590551181
20
1.4608353937007874
11
0.782992874015748
21
1.4639050787401575
0
LINE
8
BLACK
6
CONTINUOUS
10
0.782992874015748
20
1.4639050787401575
11
0.7811582283464567
21
1.4678395669291338
0
LINE
8
BLACK
6
CONTINUOUS
10
0.7811582283464567
20
1.4678395669291338
11
0.7807322834645669
21
1.4710748031496064
0
LINE
8
BLACK
6
CONTINUOUS
10
0.7807322834645669
20
1.4710748031496064
11
0.7807322834645669
21
1.4897755905511811
0
LINE
8
BLACK
6
CONTINUOUS
10
0.7807322834645669
20
1.4897755905511811
11
0.7811582283464567
21
1.4930108267716535
0
LINE
8
BLACK
6
CONTINUOUS
10
0.7811582283464567
20
1.4930108267716535
11
0.782992874015748
21
1.49694531496063
0
LINE
8
BLACK
6
CONTINUOUS
10
0.782992874015748
20
1.49694531496063
11
0.7860625590551181
21
1.5000149999999999
0
LINE
8
BLACK
6
CONTINUOUS
10
0.7860625590551181
20
1.5000149999999999
11
0.7899970472440945
21
1.5018496456692914
0
LINE
8
BLACK
6
CONTINUOUS
10
0.7899970472440945
20
1.5018496456692914
11
0.7932322834645669
21
1.5022755905511811
0
LINE
8
BLACK
6
CONTINUOUS
10
0.7932322834645669
20
1.5022755905511811
11
0.8158700787401575
21
1.5022755905511811
0
LINE
8
BLACK
6
CONTINUOUS
10
0.8158700787401575
20
1.5022755905511811
11
0.8191053149606299
21
1.5018496456692914
0
LINE
8
BLACK
6
CONTINUOUS
10
0.8880029527559055
20
1.5018496456692914
11
0.8919374409448819
21
1.5000149999999999
0
LINE
8
BLACK
6
CONTINUOUS
10
0.8919374409448819
20
1.5000149999999999
11
0.8950071259842519
21
1.49694531496063
0
LINE
8
BLACK
6
CONTINUOUS
10
0.8950071259842519
20
1.49694531496063
11
0.8968417716535433
21
1.4930108267716535
0
LINE
8
BLACK
6
CONTINUOUS
10
0.8968417716535433
20
1.4930108267716535
11
0.897267716535433
21
1.4897755905511811
0
LINE
8
BLACK
6
CONTINUOUS
10
0.897267716535433
20
1.4897755905511811
11
0.897267716535433
21
1.4710748031496064
0
LINE
8
BLACK
6
CONTINUOUS
10
0.897267716535433
20
1.4710748031496064
11
0.8968417716535433
21
1.4678395669291338
0
LINE
8
BLACK
6
CONTINUOUS
10
0.8968417716535433
20
1.4678395669291338
11
0.8950071259842519
21
1.4639050787401575
0
LINE
8
BLACK
6
CONTINUOUS
10
0.8950071259842519
20
1.4639050787401575
11
0.8919374409448819
21
1.4608353937007874
0
LINE
8
BLACK
6
CONTINUOUS
10
0.8919374409448819
20
1.4608353937007874
11
0.8880029527559055
21
1.4590007480314959
0
LINE
8
BLACK
6
CONTINUOUS
10
0.8880029527559055
20
1.4590007480314959
11
0.8847677165354331
21
1.4585748031496062
0
LINE
8
BLACK
6
CONTINUOUS
10
0.8847677165354331
20
1.4585748031496062
11
0.8621299212598424
21
1.4585748031496062
0
LINE
8
BLACK
6
CONTINUOUS
10
0.8621299212598424
20
1.4585748031496062
11
0.8588946850393701
21
1.4590007480314959
0
LINE
8
BLACK
6
CONTINUOUS
10
0.8588946850393701
20
1.4590007480314959
11
0.8549601968503937
21
1.4608353937007874
0
LINE
8
BLACK
6
CONTINUOUS
10
0.8549601968503937
20
1.4608353937007874
11
0.8518905118110236
21
1.4639050787401575
0
LINE
8
BLACK
6
CONTINUOUS
10
0.8518905118110236
20
1.4639050787401575
11
0.8500558661417322
21
1.4678395669291338
0
LINE
8
BLACK
6
CONTINUOUS
10
0.8500558661417322
20
1.4678395669291338
11
0.8496299212598425
21
1.4710748031496064
0
LINE
8
BLACK
6
CONTINUOUS
10
0.8496299212598425
20
1.4710748031496064
11
0.8496299212598425
21
1.4897755905511811
0
LINE
8
BLACK
6
CONTINUOUS
10
0.8496299212598425
20
1.4897755905511811
11
0.8500558661417322
21
1.4930108267716535
0
LINE
8
BLACK
6
CONTINUOUS
10
0.8500558661417322
20
1.4930108267716535
11
0.8518905118110236
21
1.49694531496063
0
LINE
8
BLACK
6
CONTINUOUS
10
0.8518905118110236
20
1.49694531496063
11
0.8549601968503937
21
1.5000149999999999
0
LINE
8
BLACK
6
CONTINUOUS
10
0.8549601968503937
20
1.5000149999999999
11
0.8588946850393701
21
1.5018496456692914
0
LINE
8
BLACK
6
CONTINUOUS
10
0.8588946850393701
20
1.5018496456692914
11
0.8621299212598424
21
1.5022755905511811
0
LINE
8
BLACK
6
CONTINUOUS
10
0.8621299212598424
20
1.5022755905511811
11
0.8847677165354331
21
1.5022755905511811
0
LINE
8
BLACK
6
CONTINUOUS
10
0.8847677165354331
20
1.5022755905511811
11
0.8880029527559055
21
1.5018496456692914
0
LINE
8
BLACK
6
CONTINUOUS
10
2.2685124015748031
20
1.4834925196850393
11
2.2695342125984252
21
1.4828098031496062
0
LINE
8
BLACK
6
CONTINUOUS
10
2.2695342125984252
20
1.4828098031496062
11
2.2702169291338583
21
1.4817879921259842
0
LINE
8
BLACK
6
CONTINUOUS
10
2.2702169291338583
20
1.4817879921259842
11
2.2704566929133856
21
1.4805826771653543
0
LINE
8
BLACK
6
CONTINUOUS
10
2.2704566929133856
20
1.4805826771653543
11
2.2704566929133856
21
1.4707401574803149
0
LINE
8
BLACK
6
CONTINUOUS
10
2.2704566929133856
20
1.4707401574803149
11
2.2702169291338583
21
1.469534842519685
0
LINE
8
BLACK
6
CONTINUOUS
10
2.2702169291338583
20
1.469534842519685
11
2.2695342125984252
21
1.468513031496063
0
LINE
8
BLACK
6
CONTINUOUS
10
2.2695342125984252
20
1.468513031496063
11
2.2685124015748031
21
1.46783031496063
0
LINE
8
BLACK
6
CONTINUOUS
10
2.2685124015748031
20
1.46783031496063
11
2.2673070866141734
21
1.4675905511811023
0
LINE
8
BLACK
6
CONTINUOUS
10
2.2673070866141734
20
1.4675905511811023
11
2.2456535433070868
21
1.4675905511811023
0
LINE
8
BLACK
6
CONTINUOUS
10
2.2456535433070868
20
1.4675905511811023
11
2.2444482283464566
21
1.46783031496063
0
LINE
8
BLACK
6
CONTINUOUS
10
2.2444482283464566
20
1.46783031496063
11
2.2434264173228344
21
1.468513031496063
0
LINE
8
BLACK
6
CONTINUOUS
10
2.2434264173228344
20
1.468513031496063
11
2.2427437007874014
21
1.469534842519685
0
LINE
8
BLACK
6
CONTINUOUS
10
2.2427437007874014
20
1.469534842519685
11
2.2425039370078741
21
1.4707401574803149
0
LINE
8
BLACK
6
CONTINUOUS
10
2.2425039370078741
20
1.4707401574803149
11
2.2425039370078741
21
1.4805826771653543
0
LINE
8
BLACK
6
CONTINUOUS
10
2.2425039370078741
20
1.4805826771653543
11
2.2427437007874014
21
1.4817879921259842
0
LINE
8
BLACK
6
CONTINUOUS
10
2.2427437007874014
20
1.4817879921259842
11
2.2434264173228344
21
1.4828098031496062
0
LINE
8
BLACK
6
CONTINUOUS
10
2.2434264173228344
20
1.4828098031496062
11
2.2444482283464566
21
1.4834925196850393
0
LINE
8
BLACK
6
CONTINUOUS
10
2.2444482283464566
20
1.4834925196850393
11
2.2456535433070868
21
1.483732283464567
0
LINE
8
BLACK
6
CONTINUOUS
10
2.2456535433070868
20
1.483732283464567
11
2.2673070866141734
21
1.483732283464567
0
LINE
8
BLACK
6
CONTINUOUS
10
2.2673070866141734
20
1.483732283464567
11
2.2685124015748031
21
1.4834925196850393
0
LINE
8
BLACK
6
CONTINUOUS
10
2.361032086614173
20
1.4834925196850393
11
2.3620538976377952
21
1.4828098031496062
0
LINE
8
BLACK
6
CONTINUOUS
10
2.3620538976377952
20
1.4828098031496062
11
2.3627366141732282
21
1.4817879921259842
0
LINE
8
BLACK
6
CONTINUOUS
10
2.3627366141732282
20
1.4817879921259842
11
2.3629763779527559
21
1.4805826771653543
0
LINE
8
BLACK
6
CONTINUOUS
10
2.3629763779527559
20
1.4805826771653543
11
2.3629763779527559
21
1.4707401574803149
0
LINE
8
BLACK
6
CONTINUOUS
10
2.3629763779527559
20
1.4707401574803149
11
2.3627366141732282
21
1.469534842519685
0
LINE
8
BLACK
6
CONTINUOUS
10
2.3627366141732282
20
1.469534842519685
11
2.3620538976377952
21
1.468513031496063
0
LINE
8
BLACK
6
CONTINUOUS
10
2.3620538976377952
20
1.468513031496063
11
2.361032086614173
21
1.46783031496063
0
LINE
8
BLACK
6
CONTINUOUS
10
2.361032086614173
20
1.46783031496063
11
2.3598267716535433
21
1.4675905511811023
0
LINE
8
BLACK
6
CONTINUOUS
10
2.3598267716535433
20
1.4675905511811023
11
2.3381732283464567
21
1.4675905511811023
0
LINE
8
BLACK
6
CONTINUOUS
10
2.3381732283464567
20
1.4675905511811023
11
2.3369679133858265
21
1.46783031496063
0
LINE
8
BLACK
6
CONTINUOUS
10
2.3369679133858265
20
1.46783031496063
11
2.3359461023622048
21
1.468513031496063
0
LINE
8
BLACK
6
CONTINUOUS
10
2.3359461023622048
20
1.468513031496063
11
2.3352633858267717
21
1.469534842519685
0
LINE
8
BLACK
6
CONTINUOUS
10
2.3352633858267717
20
1.469534842519685
11
2.335023622047244
21
1.4707401574803149
0
LINE
8
BLACK
6
CONTINUOUS
10
2.335023622047244
20
1.4707401574803149
11
2.335023622047244
21
1.4805826771653543
0
LINE
8
BLACK
6
CONTINUOUS
10
2.335023622047244
20
1.4805826771653543
11
2.3352633858267717
21
1.4817879921259842
0
LINE
8
BLACK
6
CONTINUOUS
10
2.3352633858267717
20
1.4817879921259842
11
2.3359461023622048
21
1.4828098031496062
0
LINE
8
BLACK
6
CONTINUOUS
10
2.3359461023622048
20
1.4828098031496062
11
2.3369679133858265
21
1.4834925196850393
0
LINE
8
BLACK
6
CONTINUOUS
10
2.3369679133858265
20
1.4834925196850393
11
2.3381732283464567
21
1.483732283464567
0
LINE
8
BLACK
6
CONTINUOUS
10
2.3381732283464567
20
1.483732283464567
11
2.3598267716535433
21
1.483732283464567
0
LINE
8
BLACK
6
CONTINUOUS
10
2.3598267716535433
20
1.483732283464567
11
2.361032086614173
21
1.4834925196850393
0
LINE
8
BLACK
6
CONTINUOUS
10
0.5156066929133858
20
1.5228486614173229
11
0.519696062992126
21
1.5209417322834646
0
LINE
8
BLACK
6
CONTINUOUS
10
0.519696062992126
20
1.5209417322834646
11
0.5228866141732283
21
1.5177511811023621
0
LINE
8
BLACK
6
CONTINUOUS
10
0.5228866141732283
20
1.5177511811023621
11
0.5247935433070866
21
1.513661811023622
0
LINE
8
BLACK
6
CONTINUOUS
10
0.5247935433070866
20
1.513661811023622
11
0.5252362204724409
21
1.5102992125984251
0
LINE
8
BLACK
6
CONTINUOUS
10
0.5252362204724409
20
1.5102992125984251
11
0.5252362204724409
21
1.4906141732283464
0
LINE
8
BLACK
6
CONTINUOUS
10
0.5252362204724409
20
1.4906141732283464
11
0.5247935433070866
21
1.4872515748031496
0
LINE
8
BLACK
6
CONTINUOUS
10
0.5247935433070866
20
1.4872515748031496
11
0.5228866141732283
21
1.4831622047244095
0
LINE
8
BLACK
6
CONTINUOUS
10
0.5228866141732283
20
1.4831622047244095
11
0.519696062992126
21
1.479971653543307
0
LINE
8
BLACK
6
CONTINUOUS
10
0.519696062992126
20
1.479971653543307
11
0.5156066929133858
21
1.4780647244094487
0
LINE
8
BLACK
6
CONTINUOUS
10
0.5156066929133858
20
1.4780647244094487
11
0.512244094488189
21
1.4776220472440944
0
LINE
8
BLACK
6
CONTINUOUS
10
0.512244094488189
20
1.4776220472440944
11
0.4748425196850394
21
1.4776220472440944
0
LINE
8
BLACK
6
CONTINUOUS
10
0.4748425196850394
20
1.4776220472440944
11
0.4714799212598425
21
1.4780647244094487
0
LINE
8
BLACK
6
CONTINUOUS
10
0.4714799212598425
20
1.4780647244094487
11
0.4673905511811023
21
1.479971653543307
0
LINE
8
BLACK
6
CONTINUOUS
10
0.4673905511811023
20
1.479971653543307
11
0.4642
21
1.4831622047244095
0
LINE
8
BLACK
6
CONTINUOUS
10
0.4642
20
1.4831622047244095
11
0.4622930708661417
21
1.4872515748031496
0
LINE
8
BLACK
6
CONTINUOUS
10
0.4622930708661417
20
1.4872515748031496
11
0.4618503937007874
21
1.4906141732283464
0
LINE
8
BLACK
6
CONTINUOUS
10
0.4618503937007874
20
1.4906141732283464
11
0.4618503937007874
21
1.5102992125984251
0
LINE
8
BLACK
6
CONTINUOUS
10
0.4618503937007874
20
1.5102992125984251
11
0.4622930708661417
21
1.513661811023622
0
LINE
8
BLACK
6
CONTINUOUS
10
0.4622930708661417
20
1.513661811023622
11
0.4642
21
1.5177511811023621
0
LINE
8
BLACK
6
CONTINUOUS
10
0.4642
20
1.5177511811023621
11
0.4673905511811023
21
1.5209417322834646
0
LINE
8
BLACK
6
CONTINUOUS
10
0.4673905511811023
20
1.5209417322834646
11
0.4714799212598425
21
1.5228486614173229
0
LINE
8
BLACK
6
CONTINUOUS
10
0.4714799212598425
20
1.5228486614173229
11
0.4748425196850394
21
1.5232913385826772
0
LINE
8
BLACK
6
CONTINUOUS
10
0.4748425196850394
20
1.5232913385826772
11
0.512244094488189
21
1.5232913385826772
0
LINE
8
BLACK
6
CONTINUOUS
10
0.512244094488189
20
1.5232913385826772
11
0.5156066929133858
21
1.5228486614173229
0
LINE
8
BLACK
6
CONTINUOUS
10
1.0000633858267716
20
1.5277935433070866
11
1.0041527559055119
21
1.5258866141732284
0
LINE
8
BLACK
6
CONTINUOUS
10
1.0041527559055119
20
1.5258866141732284
11
1.0073433070866142
21
1.522696062992126
0
LINE
8
BLACK
6
CONTINUOUS
10
1.0073433070866142
20
1.522696062992126
11
1.0092502362204725
21
1.5186066929133859
0
LINE
8
BLACK
6
CONTINUOUS
10
1.0092502362204725
20
1.5186066929133859
11
1.0096929133858268
21
1.5152440944881889
0
LINE
8
BLACK
6
CONTINUOUS
10
1.0096929133858268
20
1.5152440944881889
11
1.0096929133858268
21
1.4955590551181102
0
LINE
8
BLACK
6
CONTINUOUS
10
1.0096929133858268
20
1.4955590551181102
11
1.0092502362204725
21
1.4921964566929133
0
LINE
8
BLACK
6
CONTINUOUS
10
1.0092502362204725
20
1.4921964566929133
11
1.0073433070866142
21
1.4881070866141732
0
LINE
8
BLACK
6
CONTINUOUS
10
1.0073433070866142
20
1.4881070866141732
11
1.0041527559055119
21
1.4849165354330709
0
LINE
8
BLACK
6
CONTINUOUS
10
1.0041527559055119
20
1.4849165354330709
11
1.0000633858267716
21
1.4830096062992126
0
LINE
8
BLACK
6
CONTINUOUS
10
1.0000633858267716
20
1.4830096062992126
11
0.9967007874015748
21
1.4825669291338581
0
LINE
8
BLACK
6
CONTINUOUS
10
0.9967007874015748
20
1.4825669291338581
11
0.9592992125984252
21
1.4825669291338581
0
LINE
8
BLACK
6
CONTINUOUS
10
0.9592992125984252
20
1.4825669291338581
11
0.9559366141732283
21
1.4830096062992126
0
LINE
8
BLACK
6
CONTINUOUS
10
0.9559366141732283
20
1.4830096062992126
11
0.9518472440944882
21
1.4849165354330709
0
LINE
8
BLACK
6
CONTINUOUS
10
0.9518472440944882
20
1.4849165354330709
11
0.9486566929133858
21
1.4881070866141732
0
LINE
8
BLACK
6
CONTINUOUS
10
0.9486566929133858
20
1.4881070866141732
11
0.9467497637795276
21
1.4921964566929133
0
LINE
8
BLACK
6
CONTINUOUS
10
0.9467497637795276
20
1.4921964566929133
11
0.9463070866141732
21
1.4955590551181102
0
LINE
8
BLACK
6
CONTINUOUS
10
0.9463070866141732
20
1.4955590551181102
11
0.9463070866141732
21
1.5152440944881889
0
LINE
8
BLACK
6
CONTINUOUS
10
0.9463070866141732
20
1.5152440944881889
11
0.9467497637795276
21
1.5186066929133859
0
LINE
8
BLACK
6
CONTINUOUS
10
0.9467497637795276
20
1.5186066929133859
11
0.9486566929133858
21
1.522696062992126
0
LINE
8
BLACK
6
CONTINUOUS
10
0.9486566929133858
20
1.522696062992126
11
0.9518472440944882
21
1.5258866141732284
0
LINE
8
BLACK
6
CONTINUOUS
10
0.9518472440944882
20
1.5258866141732284
11
0.9559366141732283
21
1.5277935433070866
0
LINE
8
BLACK
6
CONTINUOUS
10
0.9559366141732283
20
1.5277935433070866
11
0.9592992125984252
21
1.5282362204724409
0
LINE
8
BLACK
6
CONTINUOUS
10
0.9592992125984252
20
1.5282362204724409
11
0.9967007874015748
21
1.5282362204724409
0
LINE
8
BLACK
6
CONTINUOUS
10
0.9967007874015748
20
1.5282362204724409
11
1.0000633858267716
21
1.5277935433070866
0
LINE
8
BLACK
6
CONTINUOUS
10
2.2685124015748031
20
1.5031775590551182
11
2.2695342125984252
21
1.5024948425196849
0
LINE
8
BLACK
6
CONTINUOUS
10
2.2695342125984252
20
1.5024948425196849
11
2.2702169291338583
21
1.5014730314960629
0
LINE
8
BLACK
6
CONTINUOUS
10
2.2702169291338583
20
1.5014730314960629
11
2.2704566929133856
21
1.500267716535433
0
LINE
8
BLACK
6
CONTINUOUS
10
2.2704566929133856
20
1.500267716535433
11
2.2704566929133856
21
1.4904251968503937
0
LINE
8
BLACK
6
CONTINUOUS
10
2.2704566929133856
20
1.4904251968503937
11
2.2702169291338583
21
1.4892198818897637
0
LINE
8
BLACK
6
CONTINUOUS
10
2.2702169291338583
20
1.4892198818897637
11
2.2695342125984252
21
1.4881980708661418
0
LINE
8
BLACK
6
CONTINUOUS
10
2.2695342125984252
20
1.4881980708661418
11
2.2685124015748031
21
1.4875153543307087
0
LINE
8
BLACK
6
CONTINUOUS
10
2.2685124015748031
20
1.4875153543307087
11
2.2673070866141734
21
1.487275590551181
0
LINE
8
BLACK
6
CONTINUOUS
10
2.2673070866141734
20
1.487275590551181
11
2.2456535433070868
21
1.487275590551181
0
LINE
8
BLACK
6
CONTINUOUS
10
2.2456535433070868
20
1.487275590551181
11
2.2444482283464566
21
1.4875153543307087
0
LINE
8
BLACK
6
CONTINUOUS
10
2.2444482283464566
20
1.4875153543307087
11
2.2434264173228344
21
1.4881980708661418
0
LINE
8
BLACK
6
CONTINUOUS
10
2.2434264173228344
20
1.4881980708661418
11
2.2427437007874014
21
1.4892198818897637
0
LINE
8
BLACK
6
CONTINUOUS
10
2.2427437007874014
20
1.4892198818897637
11
2.2425039370078741
21
1.4904251968503937
0
LINE
8
BLACK
6
CONTINUOUS
10
2.2425039370078741
20
1.4904251968503937
11
2.2425039370078741
21
1.500267716535433
0
LINE
8
BLACK
6
CONTINUOUS
10
2.2425039370078741
20
1.500267716535433
11
2.2427437007874014
21
1.5014730314960629
0
LINE
8
BLACK
6
CONTINUOUS
10
2.2427437007874014
20
1.5014730314960629
11
2.2434264173228344
21
1.5024948425196849
0
LINE
8
BLACK
6
CONTINUOUS
10
2.2434264173228344
20
1.5024948425196849
11
2.2444482283464566
21
1.5031775590551182
0
LINE
8
BLACK
6
CONTINUOUS
10
2.2444482283464566
20
1.5031775590551182
11
2.2456535433070868
21
1.5034173228346457
0
LINE
8
BLACK
6
CONTINUOUS
10
2.2456535433070868
20
1.5034173228346457
11
2.2673070866141734
21
1.5034173228346457
0
LINE
8
BLACK
6
CONTINUOUS
10
2.2673070866141734
20
1.5034173228346457
11
2.2685124015748031
21
1.5031775590551182
0
LINE
8
BLACK
6
CONTINUOUS
10
2.361032086614173
20
1.5031775590551182
11
2.3620538976377952
21
1.5024948425196849
0
LINE
8
BLACK
6
CONTINUOUS
10
2.3620538976377952
20
1.5024948425196849
11
2.3627366141732282
21
1.5014730314960629
0
LINE
8
BLACK
6
CONTINUOUS
10
2.3627366141732282
20
1.5014730314960629
11
2.3629763779527559
21
1.500267716535433
0
LINE
8
BLACK
6
CONTINUOUS
10
2.3629763779527559
20
1.500267716535433
11
2.3629763779527559
21
1.4904251968503937
0
LINE
8
BLACK
6
CONTINUOUS
10
2.3629763779527559
20
1.4904251968503937
11
2.3627366141732282
21
1.4892198818897637
0
LINE
8
BLACK
6
CONTINUOUS
10
2.3627366141732282
20
1.4892198818897637
11
2.3620538976377952
21
1.4881980708661418
0
LINE
8
BLACK
6
CONTINUOUS
10
2.3620538976377952
20
1.4881980708661418
11
2.361032086614173
21
1.4875153543307087
0
LINE
8
BLACK
6
CONTINUOUS
10
2.361032086614173
20
1.4875153543307087
11
2.3598267716535433
21
1.487275590551181
0
LINE
8
BLACK
6
CONTINUOUS
10
2.3598267716535433
20
1.487275590551181
11
2.3381732283464567
21
1.487275590551181
0
LINE
8
BLACK
6
CONTINUOUS
10
2.3381732283464567
20
1.487275590551181
11
2.3369679133858265
21
1.4875153543307087
0
LINE
8
BLACK
6
CONTINUOUS
10
2.3369679133858265
20
1.4875153543307087
11
2.3359461023622048
21
1.4881980708661418
0
LINE
8
BLACK
6
CONTINUOUS
10
2.3359461023622048
20
1.4881980708661418
11
2.3352633858267717
21
1.4892198818897637
0
LINE
8
BLACK
6
CONTINUOUS
10
2.3352633858267717
20
1.4892198818897637
11
2.335023622047244
21
1.4904251968503937
0
LINE
8
BLACK
6
CONTINUOUS
10
2.335023622047244
20
1.4904251968503937
11
2.335023622047244
21
1.500267716535433
0
LINE
8
BLACK
6
CONTINUOUS
10
2.335023622047244
20
1.500267716535433
11
2.3352633858267717
21
1.5014730314960629
0
LINE
8
BLACK
6
CONTINUOUS
10
2.3352633858267717
20
1.5014730314960629
11
2.3359461023622048
21
1.5024948425196849
0
LINE
8
BLACK
6
CONTINUOUS
10
2.3359461023622048
20
1.5024948425196849
11
2.3369679133858265
21
1.5031775590551182
0
LINE
8
BLACK
6
CONTINUOUS
10
2.3369679133858265
20
1.5031775590551182
11
2.3381732283464567
21
1.5034173228346457
0
LINE
8
BLACK
6
CONTINUOUS
10
2.3381732283464567
20
1.5034173228346457
11
2.3598267716535433
21
1.5034173228346457
0
LINE
8
BLACK
6
CONTINUOUS
10
2.3598267716535433
20
1.5034173228346457
11
2.361032086614173
21
1.5031775590551182
0
LINE
8
BLACK
6
CONTINUOUS
10
2.2078035433070866
20
1.5502975196850393
11
2.2118929133858267
21
1.548390590551181
0
LINE
8
BLACK
6
CONTINUOUS
10
2.2118929133858267
20
1.548390590551181
11
2.2150834645669293
21
1.5452000393700787
0
LINE
8
BLACK
6
CONTINUOUS
10
2.2150834645669293
20
1.5452000393700787
11
2.2169903937007875
21
1.5411106692913386
0
LINE
8
BLACK
6
CONTINUOUS
10
2.2169903937007875
20
1.5411106692913386
11
2.2174330708661416
21
1.5377480708661417
0
LINE
8
BLACK
6
CONTINUOUS
10
2.2174330708661416
20
1.5377480708661417
11
2.2174330708661416
21
1.518063031496063
0
LINE
8
BLACK
6
CONTINUOUS
10
2.2174330708661416
20
1.518063031496063
11
2.2169903937007875
21
1.5147004330708662
0
LINE
8
BLACK
6
CONTINUOUS
10
2.2169903937007875
20
1.5147004330708662
11
2.2150834645669293
21
1.5106110629921259
0
LINE
8
BLACK
6
CONTINUOUS
10
2.2150834645669293
20
1.5106110629921259
11
2.2118929133858267
21
1.5074205118110235
0
LINE
8
BLACK
6
CONTINUOUS
10
2.2118929133858267
20
1.5074205118110235
11
2.2078035433070866
21
1.5055135826771653
0
LINE
8
BLACK
6
CONTINUOUS
10
2.2078035433070866
20
1.5055135826771653
11
2.2044409448818896
21
1.505070905511811
0
LINE
8
BLACK
6
CONTINUOUS
10
2.2044409448818896
20
1.505070905511811
11
2.16703937007874
21
1.505070905511811
0
LINE
8
BLACK
6
CONTINUOUS
10
2.16703937007874
20
1.505070905511811
11
2.1636767716535434
21
1.5055135826771653
0
LINE
8
BLACK
6
CONTINUOUS
10
2.1636767716535434
20
1.5055135826771653
11
2.1595874015748029
21
1.5074205118110235
0
LINE
8
BLACK
6
CONTINUOUS
10
2.1595874015748029
20
1.5074205118110235
11
2.1563968503937008
21
1.5106110629921259
0
LINE
8
BLACK
6
CONTINUOUS
10
2.1563968503937008
20
1.5106110629921259
11
2.1544899212598425
21
1.5147004330708662
0
LINE
8
BLACK
6
CONTINUOUS
10
2.1544899212598425
20
1.5147004330708662
11
2.154047244094488
21
1.518063031496063
0
LINE
8
BLACK
6
CONTINUOUS
10
2.154047244094488
20
1.518063031496063
11
2.154047244094488
21
1.5377480708661417
0
LINE
8
BLACK
6
CONTINUOUS
10
2.154047244094488
20
1.5377480708661417
11
2.1544899212598425
21
1.5411106692913386
0
LINE
8
BLACK
6
CONTINUOUS
10
2.1544899212598425
20
1.5411106692913386
11
2.1563968503937008
21
1.5452000393700787
0
LINE
8
BLACK
6
CONTINUOUS
10
2.1563968503937008
20
1.5452000393700787
11
2.1595874015748029
21
1.548390590551181
0
LINE
8
BLACK
6
CONTINUOUS
10
2.1595874015748029
20
1.548390590551181
11
2.1636767716535434
21
1.5502975196850393
0
LINE
8
BLACK
6
CONTINUOUS
10
2.1636767716535434
20
1.5502975196850393
11
2.16703937007874
21
1.5507401968503938
0
LINE
8
BLACK
6
CONTINUOUS
10
2.16703937007874
20
1.5507401968503938
11
2.2044409448818896
21
1.5507401968503938
0
LINE
8
BLACK
6
CONTINUOUS
10
2.2044409448818896
20
1.5507401968503938
11
2.2078035433070866
21
1.5502975196850393
0
LINE
8
BLACK
6
CONTINUOUS
10
2.2685124015748031
20
1.5228625984251969
11
2.2695342125984252
21
1.5221798818897638
0
LINE
8
BLACK
6
CONTINUOUS
10
2.2695342125984252
20
1.5221798818897638
11
2.2702169291338583
21
1.5211580708661416
0
LINE
8
BLACK
6
CONTINUOUS
10
2.2702169291338583
20
1.5211580708661416
11
2.2704566929133856
21
1.5199527559055117
0
LINE
8
BLACK
6
CONTINUOUS
10
2.2704566929133856
20
1.5199527559055117
11
2.2704566929133856
21
1.5101102362204724
0
LINE
8
BLACK
6
CONTINUOUS
10
2.2704566929133856
20
1.5101102362204724
11
2.2702169291338583
21
1.5089049212598424
0
LINE
8
BLACK
6
CONTINUOUS
10
2.2702169291338583
20
1.5089049212598424
11
2.2695342125984252
21
1.5078831102362205
0
LINE
8
BLACK
6
CONTINUOUS
10
2.2695342125984252
20
1.5078831102362205
11
2.2685124015748031
21
1.5072003937007874
0
LINE
8
BLACK
6
CONTINUOUS
10
2.2685124015748031
20
1.5072003937007874
11
2.2673070866141734
21
1.5069606299212599
0
LINE
8
BLACK
6
CONTINUOUS
10
2.2673070866141734
20
1.5069606299212599
11
2.2456535433070868
21
1.5069606299212599
0
LINE
8
BLACK
6
CONTINUOUS
10
2.2456535433070868
20
1.5069606299212599
11
2.2444482283464566
21
1.5072003937007874
0
LINE
8
BLACK
6
CONTINUOUS
10
2.2444482283464566
20
1.5072003937007874
11
2.2434264173228344
21
1.5078831102362205
0
LINE
8
BLACK
6
CONTINUOUS
10
2.2434264173228344
20
1.5078831102362205
11
2.2427437007874014
21
1.5089049212598424
0
LINE
8
BLACK
6
CONTINUOUS
10
2.2427437007874014
20
1.5089049212598424
11
2.2425039370078741
21
1.5101102362204724
0
LINE
8
BLACK
6
CONTINUOUS
10
2.2425039370078741
20
1.5101102362204724
11
2.2425039370078741
21
1.5199527559055117
0
LINE
8
BLACK
6
CONTINUOUS
10
2.2425039370078741
20
1.5199527559055117
11
2.2427437007874014
21
1.5211580708661416
0
LINE
8
BLACK
6
CONTINUOUS
10
2.2427437007874014
20
1.5211580708661416
11
2.2434264173228344
21
1.5221798818897638
0
LINE
8
BLACK
6
CONTINUOUS
10
2.2434264173228344
20
1.5221798818897638
11
2.2444482283464566
21
1.5228625984251969
0
LINE
8
BLACK
6
CONTINUOUS
10
2.2444482283464566
20
1.5228625984251969
11
2.2456535433070868
21
1.5231023622047244
0
LINE
8
BLACK
6
CONTINUOUS
10
2.2456535433070868
20
1.5231023622047244
11
2.2673070866141734
21
1.5231023622047244
0
LINE
8
BLACK
6
CONTINUOUS
10
2.2673070866141734
20
1.5231023622047244
11
2.2685124015748031
21
1.5228625984251969
0
LINE
8
BLACK
6
CONTINUOUS
10
2.361032086614173
20
1.5228625984251969
11
2.3620538976377952
21
1.5221798818897638
0
LINE
8
BLACK
6
CONTINUOUS
10
2.3620538976377952
20
1.5221798818897638
11
2.3627366141732282
21
1.5211580708661416
0
LINE
8
BLACK
6
CONTINUOUS
10
2.3627366141732282
20
1.5211580708661416
11
2.3629763779527559
21
1.5199527559055117
0
LINE
8
BLACK
6
CONTINUOUS
10
2.3629763779527559
20
1.5199527559055117
11
2.3629763779527559
21
1.5101102362204724
0
LINE
8
BLACK
6
CONTINUOUS
10
2.3629763779527559
20
1.5101102362204724
11
2.3627366141732282
21
1.5089049212598424
0
LINE
8
BLACK
6
CONTINUOUS
10
2.3627366141732282
20
1.5089049212598424
11
2.3620538976377952
21
1.5078831102362205
0
LINE
8
BLACK
6
CONTINUOUS
10
2.3620538976377952
20
1.5078831102362205
11
2.361032086614173
21
1.5072003937007874
0
LINE
8
BLACK
6
CONTINUOUS
10
2.361032086614173
20
1.5072003937007874
11
2.3598267716535433
21
1.5069606299212599
0
LINE
8
BLACK
6
CONTINUOUS
10
2.3598267716535433
20
1.5069606299212599
11
2.3381732283464567
21
1.5069606299212599
0
LINE
8
BLACK
6
CONTINUOUS
10
2.3381732283464567
20
1.5069606299212599
11
2.3369679133858265
21
1.5072003937007874
0
LINE
8
BLACK
6
CONTINUOUS
10
2.3369679133858265
20
1.5072003937007874
11
2.3359461023622048
21
1.5078831102362205
0
LINE
8
BLACK
6
CONTINUOUS
10
2.3359461023622048
20
1.5078831102362205
11
2.3352633858267717
21
1.5089049212598424
0
LINE
8
BLACK
6
CONTINUOUS
10
2.3352633858267717
20
1.5089049212598424
11
2.335023622047244
21
1.5101102362204724
0
LINE
8
BLACK
6
CONTINUOUS
10
2.335023622047244
20
1.5101102362204724
11
2.335023622047244
21
1.5199527559055117
0
LINE
8
BLACK
6
CONTINUOUS
10
2.335023622047244
20
1.5199527559055117
11
2.3352633858267717
21
1.5211580708661416
0
LINE
8
BLACK
6
CONTINUOUS
10
2.3352633858267717
20
1.5211580708661416
11
2.3359461023622048
21
1.5221798818897638
0
LINE
8
BLACK
6
CONTINUOUS
10
2.3359461023622048
20
1.5221798818897638
11
2.3369679133858265
21
1.5228625984251969
0
LINE
8
BLACK
6
CONTINUOUS
10
2.3369679133858265
20
1.5228625984251969
11
2.3381732283464567
21
1.5231023622047244
0
LINE
8
BLACK
6
CONTINUOUS
10
2.3381732283464567
20
1.5231023622047244
11
2.3598267716535433
21
1.5231023622047244
0
LINE
8
BLACK
6
CONTINUOUS
10
2.3598267716535433
20
1.5231023622047244
11
2.361032086614173
21
1.5228625984251969
0
LINE
8
BLACK
6
CONTINUOUS
10
0.6678037401574803
20
1.5515476377952755
11
0.6688255511811023
21
1.5508649212598424
0
LINE
8
BLACK
6
CONTINUOUS
10
0.6688255511811023
20
1.5508649212598424
11
0.6695082677165354
21
1.5498431102362205
0
LINE
8
BLACK
6
CONTINUOUS
10
0.6695082677165354
20
1.5498431102362205
11
0.669748031496063
21
1.5486377952755905
0
LINE
8
BLACK
6
CONTINUOUS
10
0.669748031496063
20
1.5486377952755905
11
0.669748031496063
21
1.5210787401574803
0
LINE
8
BLACK
6
CONTINUOUS
10
0.669748031496063
20
1.5210787401574803
11
0.6695082677165354
21
1.5198734251968504
0
LINE
8
BLACK
6
CONTINUOUS
10
0.6695082677165354
20
1.5198734251968504
11
0.6688255511811023
21
1.5188516141732282
0
LINE
8
BLACK
6
CONTINUOUS
10
0.6688255511811023
20
1.5188516141732282
11
0.6678037401574803
21
1.5181688976377952
0
LINE
8
BLACK
6
CONTINUOUS
10
0.6678037401574803
20
1.5181688976377952
11
0.6665984251968504
21
1.5179291338582677
0
LINE
8
BLACK
6
CONTINUOUS
10
0.6665984251968504
20
1.5179291338582677
11
0.548488188976378
21
1.5179291338582677
0
LINE
8
BLACK
6
CONTINUOUS
10
0.548488188976378
20
1.5179291338582677
11
0.547282874015748
21
1.5181688976377952
0
LINE
8
BLACK
6
CONTINUOUS
10
0.547282874015748
20
1.5181688976377952
11
0.546261062992126
21
1.5188516141732282
0
LINE
8
BLACK
6
CONTINUOUS
10
0.546261062992126
20
1.5188516141732282
11
0.5455783464566929
21
1.5198734251968504
0
LINE
8
BLACK
6
CONTINUOUS
10
0.5455783464566929
20
1.5198734251968504
11
0.5453385826771654
21
1.5210787401574803
0
LINE
8
BLACK
6
CONTINUOUS
10
0.5453385826771654
20
1.5210787401574803
11
0.5453385826771654
21
1.5486377952755905
0
LINE
8
BLACK
6
CONTINUOUS
10
0.5453385826771654
20
1.5486377952755905
11
0.5455783464566929
21
1.5498431102362205
0
LINE
8
BLACK
6
CONTINUOUS
10
0.5455783464566929
20
1.5498431102362205
11
0.546261062992126
21
1.5508649212598424
0
LINE
8
BLACK
6
CONTINUOUS
10
0.546261062992126
20
1.5508649212598424
11
0.547282874015748
21
1.5515476377952755
0
LINE
8
BLACK
6
CONTINUOUS
10
0.547282874015748
20
1.5515476377952755
11
0.548488188976378
21
1.5517874015748032
0
LINE
8
BLACK
6
CONTINUOUS
10
0.548488188976378
20
1.5517874015748032
11
0.6665984251968504
21
1.5517874015748032
0
LINE
8
BLACK
6
CONTINUOUS
10
0.6665984251968504
20
1.5517874015748032
11
0.6678037401574803
21
1.5515476377952755
0
LINE
8
BLACK
6
CONTINUOUS
10
0.75748031496063
20
1.6337165354330709
11
0.8480314960629921
21
1.6337165354330709
0
LINE
8
BLACK
6
CONTINUOUS
10
0.8480314960629921
20
1.6337165354330709
11
0.849236811023622
21
1.6334767716535432
0
LINE
8
BLACK
6
CONTINUOUS
10
0.849236811023622
20
1.6334767716535432
11
0.8502586220472441
21
1.6327940551181102
0
LINE
8
BLACK
6
CONTINUOUS
10
0.8502586220472441
20
1.6327940551181102
11
0.8509413385826772
21
1.6317722440944882
0
LINE
8
BLACK
6
CONTINUOUS
10
0.8509413385826772
20
1.6317722440944882
11
0.8511811023622047
21
1.6305669291338583
0
LINE
8
BLACK
6
CONTINUOUS
10
0.8511811023622047
20
1.6305669291338583
11
0.8511811023622047
21
1.5911968503937008
0
LINE
8
BLACK
6
CONTINUOUS
10
0.8511811023622047
20
1.5911968503937008
11
0.8509413385826772
21
1.5899915354330709
0
LINE
8
BLACK
6
CONTINUOUS
10
0.8509413385826772
20
1.5899915354330709
11
0.8502586220472441
21
1.5889697244094487
0
LINE
8
BLACK
6
CONTINUOUS
10
0.8502586220472441
20
1.5889697244094487
11
0.849236811023622
21
1.5882870078740157
0
LINE
8
BLACK
6
CONTINUOUS
10
0.849236811023622
20
1.5882870078740157
11
0.8480314960629921
21
1.5880472440944882
0
LINE
8
BLACK
6
CONTINUOUS
10
0.8480314960629921
20
1.5880472440944882
11
0.7606299212598425
21
1.5880472440944882
0
LINE
8
BLACK
6
CONTINUOUS
10
0.7606299212598425
20
1.5880472440944882
11
0.7606299212598425
21
1.5301732283464566
0
LINE
8
BLACK
6
CONTINUOUS
10
0.7606299212598425
20
1.5301732283464566
11
0.7603901574803149
21
1.5289679133858267
0
LINE
8
BLACK
6
CONTINUOUS
10
0.7603901574803149
20
1.5289679133858267
11
0.7597074409448819
21
1.5279461023622047
0
LINE
8
BLACK
6
CONTINUOUS
10
0.7597074409448819
20
1.5279461023622047
11
0.7586856299212599
21
1.5272633858267717
0
LINE
8
BLACK
6
CONTINUOUS
10
0.7586856299212599
20
1.5272633858267717
11
0.75748031496063
21
1.527023622047244
0
LINE
8
BLACK
6
CONTINUOUS
10
0.75748031496063
20
1.527023622047244
11
0.7181102362204724
21
1.527023622047244
0
LINE
8
BLACK
6
CONTINUOUS
10
0.7181102362204724
20
1.527023622047244
11
0.7169049212598425
21
1.5272633858267717
0
LINE
8
BLACK
6
CONTINUOUS
10
0.7169049212598425
20
1.5272633858267717
11
0.7158831102362204
21
1.5279461023622047
0
LINE
8
BLACK
6
CONTINUOUS
10
0.7158831102362204
20
1.5279461023622047
11
0.7152003937007874
21
1.5289679133858267
0
LINE
8
BLACK
6
CONTINUOUS
10
0.7152003937007874
20
1.5289679133858267
11
0.7149606299212599
21
1.5301732283464566
0
LINE
8
BLACK
6
CONTINUOUS
10
0.7149606299212599
20
1.5301732283464566
11
0.7149606299212599
21
1.5911968503937008
0
LINE
8
BLACK
6
CONTINUOUS
10
0.7149606299212599
20
1.5911968503937008
11
0.7149606299212599
21
1.6305669291338583
0
LINE
8
BLACK
6
CONTINUOUS
10
0.7149606299212599
20
1.6305669291338583
11
0.7152003937007874
21
1.6317722440944882
0
LINE
8
BLACK
6
CONTINUOUS
10
0.7152003937007874
20
1.6317722440944882
11
0.7158831102362204
21
1.6327940551181102
0
LINE
8
BLACK
6
CONTINUOUS
10
0.7158831102362204
20
1.6327940551181102
11
0.7169049212598425
21
1.6334767716535432
0
LINE
8
BLACK
6
CONTINUOUS
10
0.7169049212598425
20
1.6334767716535432
11
0.7181102362204724
21
1.6337165354330709
0
LINE
8
BLACK
6
CONTINUOUS
10
0.7181102362204724
20
1.6337165354330709
11
0.75748031496063
21
1.6337165354330709
0
LINE
8
BLACK
6
CONTINUOUS
10
2.44251968503937
20
1.6337165354330709
11
2.4818897637795274
21
1.6337165354330709
0
LINE
8
BLACK
6
CONTINUOUS
10
2.4818897637795274
20
1.6337165354330709
11
2.4830950787401576
21
1.6334767716535432
0
LINE
8
BLACK
6
CONTINUOUS
10
2.4830950787401576
20
1.6334767716535432
11
2.4841168897637793
21
1.6327940551181102
0
LINE
8
BLACK
6
CONTINUOUS
10
2.4841168897637793
20
1.6327940551181102
11
2.4847996062992124
21
1.6317722440944882
0
LINE
8
BLACK
6
CONTINUOUS
10
2.4847996062992124
20
1.6317722440944882
11
2.4850393700787401
21
1.6305669291338583
0
LINE
8
BLACK
6
CONTINUOUS
10
2.4850393700787401
20
1.6305669291338583
11
2.4850393700787401
21
1.5911968503937008
0
LINE
8
BLACK
6
CONTINUOUS
10
2.4850393700787401
20
1.5911968503937008
11
2.4850393700787401
21
1.5301732283464566
0
LINE
8
BLACK
6
CONTINUOUS
10
2.4850393700787401
20
1.5301732283464566
11
2.4847996062992124
21
1.5289679133858267
0
LINE
8
BLACK
6
CONTINUOUS
10
2.4847996062992124
20
1.5289679133858267
11
2.4841168897637793
21
1.5279461023622047
0
LINE
8
BLACK
6
CONTINUOUS
10
2.4841168897637793
20
1.5279461023622047
11
2.4830950787401576
21
1.5272633858267717
0
LINE
8
BLACK
6
CONTINUOUS
10
2.4830950787401576
20
1.5272633858267717
11
2.4818897637795274
21
1.527023622047244
0
LINE
8
BLACK
6
CONTINUOUS
10
2.4818897637795274
20
1.527023622047244
11
2.44251968503937
21
1.527023622047244
0
LINE
8
BLACK
6
CONTINUOUS
10
2.44251968503937
20
1.527023622047244
11
2.4413143700787403
21
1.5272633858267717
0
LINE
8
BLACK
6
CONTINUOUS
10
2.4413143700787403
20
1.5272633858267717
11
2.4402925590551181
21
1.5279461023622047
0
LINE
8
BLACK
6
CONTINUOUS
10
2.4402925590551181
20
1.5279461023622047
11
2.439609842519685
21
1.5289679133858267
0
LINE
8
BLACK
6
CONTINUOUS
10
2.439609842519685
20
1.5289679133858267
11
2.4393700787401573
21
1.5301732283464566
0
LINE
8
BLACK
6
CONTINUOUS
10
2.4393700787401573
20
1.5301732283464566
11
2.4393700787401573
21
1.5880472440944882
0
LINE
8
BLACK
6
CONTINUOUS
10
2.4393700787401573
20
1.5880472440944882
11
2.351968503937008
21
1.5880472440944882
0
LINE
8
BLACK
6
CONTINUOUS
10
2.351968503937008
20
1.5880472440944882
11
2.3507631889763778
21
1.5882870078740157
0
LINE
8
BLACK
6
CONTINUOUS
10
2.3507631889763778
20
1.5882870078740157
11
2.3497413779527561
21
1.5889697244094487
0
LINE
8
BLACK
6
CONTINUOUS
10
2.3497413779527561
20
1.5889697244094487
11
2.349058661417323
21
1.5899915354330709
0
LINE
8
BLACK
6
CONTINUOUS
10
2.349058661417323
20
1.5899915354330709
11
2.3488188976377953
21
1.5911968503937008
0
LINE
8
BLACK
6
CONTINUOUS
10
2.3488188976377953
20
1.5911968503937008
11
2.3488188976377953
21
1.6305669291338583
0
LINE
8
BLACK
6
CONTINUOUS
10
2.3488188976377953
20
1.6305669291338583
11
2.349058661417323
21
1.6317722440944882
0
LINE
8
BLACK
6
CONTINUOUS
10
2.349058661417323
20
1.6317722440944882
11
2.3497413779527561
21
1.6327940551181102
0
LINE
8
BLACK
6
CONTINUOUS
10
2.3497413779527561
20
1.6327940551181102
11
2.3507631889763778
21
1.6334767716535432
0
LINE
8
BLACK
6
CONTINUOUS
10
2.3507631889763778
20
1.6334767716535432
11
2.351968503937008
21
1.6337165354330709
0
LINE
8
BLACK
6
CONTINUOUS
10
2.351968503937008
20
1.6337165354330709
11
2.44251968503937
21
1.6337165354330709
0
LINE
8
BLACK
6
CONTINUOUS
10
0.5156066929133858
20
1.597651811023622
11
0.519696062992126
21
1.5957448818897637
0
LINE
8
BLACK
6
CONTINUOUS
10
0.519696062992126
20
1.5957448818897637
11
0.5228866141732283
21
1.5925543307086614
0
LINE
8
BLACK
6
CONTINUOUS
10
0.5228866141732283
20
1.5925543307086614
11
0.5247935433070866
21
1.5884649606299213
0
LINE
8
BLACK
6
CONTINUOUS
10
0.5247935433070866
20
1.5884649606299213
11
0.5252362204724409
21
1.5851023622047244
0
LINE
8
BLACK
6
CONTINUOUS
10
0.5252362204724409
20
1.5851023622047244
11
0.5252362204724409
21
1.5654173228346457
0
LINE
8
BLACK
6
CONTINUOUS
10
0.5252362204724409
20
1.5654173228346457
11
0.5247935433070866
21
1.5620547244094487
0
LINE
8
BLACK
6
CONTINUOUS
10
0.5247935433070866
20
1.5620547244094487
11
0.5228866141732283
21
1.5579653543307086
0
LINE
8
BLACK
6
CONTINUOUS
10
0.5228866141732283
20
1.5579653543307086
11
0.519696062992126
21
1.5547748031496063
0
LINE
8
BLACK
6
CONTINUOUS
10
0.519696062992126
20
1.5547748031496063
11
0.5156066929133858
21
1.552867874015748
0
LINE
8
BLACK
6
CONTINUOUS
10
0.5156066929133858
20
1.552867874015748
11
0.512244094488189
21
1.5524251968503937
0
LINE
8
BLACK
6
CONTINUOUS
10
0.512244094488189
20
1.5524251968503937
11
0.4748425196850394
21
1.5524251968503937
0
LINE
8
BLACK
6
CONTINUOUS
10
0.4748425196850394
20
1.5524251968503937
11
0.4714799212598425
21
1.552867874015748
0
LINE
8
BLACK
6
CONTINUOUS
10
0.4714799212598425
20
1.552867874015748
11
0.4673905511811023
21
1.5547748031496063
0
LINE
8
BLACK
6
CONTINUOUS
10
0.4673905511811023
20
1.5547748031496063
11
0.4642
21
1.5579653543307086
0
LINE
8
BLACK
6
CONTINUOUS
10
0.4642
20
1.5579653543307086
11
0.4622930708661417
21
1.5620547244094487
0
LINE
8
BLACK
6
CONTINUOUS
10
0.4622930708661417
20
1.5620547244094487
11
0.4618503937007874
21
1.5654173228346457
0
LINE
8
BLACK
6
CONTINUOUS
10
0.4618503937007874
20
1.5654173228346457
11
0.4618503937007874
21
1.5851023622047244
0
LINE
8
BLACK
6
CONTINUOUS
10
0.4618503937007874
20
1.5851023622047244
11
0.4622930708661417
21
1.5884649606299213
0
LINE
8
BLACK
6
CONTINUOUS
10
0.4622930708661417
20
1.5884649606299213
11
0.4642
21
1.5925543307086614
0
LINE
8
BLACK
6
CONTINUOUS
10
0.4642
20
1.5925543307086614
11
0.4673905511811023
21
1.5957448818897637
0
LINE
8
BLACK
6
CONTINUOUS
10
0.4673905511811023
20
1.5957448818897637
11
0.4714799212598425
21
1.597651811023622
0
LINE
8
BLACK
6
CONTINUOUS
10
0.4714799212598425
20
1.597651811023622
11
0.4748425196850394
21
1.5980944881889763
0
LINE
8
BLACK
6
CONTINUOUS
10
0.4748425196850394
20
1.5980944881889763
11
0.512244094488189
21
1.5980944881889763
0
LINE
8
BLACK
6
CONTINUOUS
10
0.512244094488189
20
1.5980944881889763
11
0.5156066929133858
21
1.597651811023622
0
LINE
8
BLACK
6
CONTINUOUS
10
0.6382761811023622
20
1.6165082677165354
11
0.6392979921259843
21
1.6158255511811024
0
LINE
8
BLACK
6
CONTINUOUS
10
0.6392979921259843
20
1.6158255511811024
11
0.6399807086614173
21
1.6148037401574802
0
LINE
8
BLACK
6
CONTINUOUS
10
0.6399807086614173
20
1.6148037401574802
11
0.6402204724409448
21
1.6135984251968503
0
LINE
8
BLACK
6
CONTINUOUS
10
0.6402204724409448
20
1.6135984251968503
11
0.6402204724409448
21
1.5624173228346456
0
LINE
8
BLACK
6
CONTINUOUS
10
0.6402204724409448
20
1.5624173228346456
11
0.6399807086614173
21
1.5612120078740157
0
LINE
8
BLACK
6
CONTINUOUS
10
0.6399807086614173
20
1.5612120078740157
11
0.6392979921259843
21
1.5601901968503937
0
LINE
8
BLACK
6
CONTINUOUS
10
0.6392979921259843
20
1.5601901968503937
11
0.6382761811023622
21
1.5595074803149607
0
LINE
8
BLACK
6
CONTINUOUS
10
0.6382761811023622
20
1.5595074803149607
11
0.6370708661417323
21
1.5592677165354329
0
LINE
8
BLACK
6
CONTINUOUS
10
0.6370708661417323
20
1.5592677165354329
11
0.578015748031496
21
1.5592677165354329
0
LINE
8
BLACK
6
CONTINUOUS
10
0.578015748031496
20
1.5592677165354329
11
0.5768104330708661
21
1.5595074803149607
0
LINE
8
BLACK
6
CONTINUOUS
10
0.5768104330708661
20
1.5595074803149607
11
0.5757886220472441
21
1.5601901968503937
0
LINE
8
BLACK
6
CONTINUOUS
10
0.5757886220472441
20
1.5601901968503937
11
0.575105905511811
21
1.5612120078740157
0
LINE
8
BLACK
6
CONTINUOUS
10
0.575105905511811
20
1.5612120078740157
11
0.5748661417322835
21
1.5624173228346456
0
LINE
8
BLACK
6
CONTINUOUS
10
0.5748661417322835
20
1.5624173228346456
11
0.5748661417322835
21
1.6135984251968503
0
LINE
8
BLACK
6
CONTINUOUS
10
0.5748661417322835
20
1.6135984251968503
11
0.575105905511811
21
1.6148037401574802
0
LINE
8
BLACK
6
CONTINUOUS
10
0.575105905511811
20
1.6148037401574802
11
0.5757886220472441
21
1.6158255511811024
0
LINE
8
BLACK
6
CONTINUOUS
10
0.5757886220472441
20
1.6158255511811024
11
0.5768104330708661
21
1.6165082677165354
0
LINE
8
BLACK
6
CONTINUOUS
10
0.5768104330708661
20
1.6165082677165354
11
0.578015748031496
21
1.6167480314960629
0
LINE
8
BLACK
6
CONTINUOUS
10
0.578015748031496
20
1.6167480314960629
11
0.6370708661417323
21
1.6167480314960629
0
LINE
8
BLACK
6
CONTINUOUS
10
0.6370708661417323
20
1.6167480314960629
11
0.6382761811023622
21
1.6165082677165354
0
LINE
8
BLACK
6
CONTINUOUS
10
2.6650402755905511
20
1.6334088188976377
11
2.6661175196850393
21
1.6315429921259843
0
LINE
8
BLACK
6
CONTINUOUS
10
2.6661175196850393
20
1.6315429921259843
11
2.6661653543307087
21
1.6309960629921259
0
LINE
8
BLACK
6
CONTINUOUS
10
2.6661653543307087
20
1.6309960629921259
11
2.6661653543307087
21
1.5719409448818897
0
LINE
8
BLACK
6
CONTINUOUS
10
2.6661653543307087
20
1.5719409448818897
11
2.665428503937008
21
1.5699164173228346
0
LINE
8
BLACK
6
CONTINUOUS
10
2.665428503937008
20
1.5699164173228346
11
2.6635626771653542
21
1.5688391732283464
0
LINE
8
BLACK
6
CONTINUOUS
10
2.6635626771653542
20
1.5688391732283464
11
2.663015748031496
21
1.5687913385826771
0
LINE
8
BLACK
6
CONTINUOUS
10
2.663015748031496
20
1.5687913385826771
11
2.6413622047244094
21
1.5687913385826771
0
LINE
8
BLACK
6
CONTINUOUS
10
2.6413622047244094
20
1.5687913385826771
11
2.6408117322834643
21
1.5689916929133858
0
LINE
8
BLACK
6
CONTINUOUS
10
2.6408117322834643
20
1.5689916929133858
11
2.6385607480314959
21
1.5689916929133858
0
LINE
8
BLACK
6
CONTINUOUS
10
2.6385607480314959
20
1.5689916929133858
11
2.6376733858267718
21
1.5691192913385827
0
LINE
8
BLACK
6
CONTINUOUS
10
2.6376733858267718
20
1.5691192913385827
11
2.6322973622047243
21
1.5706978346456693
0
LINE
8
BLACK
6
CONTINUOUS
10
2.6322973622047243
20
1.5706978346456693
11
2.6314819291338583
21
1.5710702362204725
0
LINE
8
BLACK
6
CONTINUOUS
10
2.6314819291338583
20
1.5710702362204725
11
2.6267684645669291
21
1.5740994094488188
0
LINE
8
BLACK
6
CONTINUOUS
10
2.6267684645669291
20
1.5740994094488188
11
2.6260909448818897
21
1.5746864566929133
0
LINE
8
BLACK
6
CONTINUOUS
10
2.6260909448818897
20
1.5746864566929133
11
2.6224217716535434
21
1.578920905511811
0
LINE
8
BLACK
6
CONTINUOUS
10
2.6224217716535434
20
1.578920905511811
11
2.6219370866141731
21
1.5796750787401574
0
LINE
8
BLACK
6
CONTINUOUS
10
2.6219370866141731
20
1.5796750787401574
11
2.6196095669291339
21
1.5847716929133857
0
LINE
8
BLACK
6
CONTINUOUS
10
2.6196095669291339
20
1.5847716929133857
11
2.6193570078740156
21
1.5856318503937008
0
LINE
8
BLACK
6
CONTINUOUS
10
2.6193570078740156
20
1.5856318503937008
11
2.6185596062992125
21
1.5911777559055118
0
LINE
8
BLACK
6
CONTINUOUS
10
2.6185596062992125
20
1.5911777559055118
11
2.618527559055118
21
1.5916259842519684
0
LINE
8
BLACK
6
CONTINUOUS
10
2.618527559055118
20
1.5916259842519684
11
2.618527559055118
21
1.6113110236220471
0
LINE
8
BLACK
6
CONTINUOUS
10
2.618527559055118
20
1.6113110236220471
11
2.6185596062992125
21
1.611759251968504
0
LINE
8
BLACK
6
CONTINUOUS
10
2.6185596062992125
20
1.611759251968504
11
2.6193570078740156
21
1.617305157480315
0
LINE
8
BLACK
6
CONTINUOUS
10
2.6193570078740156
20
1.617305157480315
11
2.6196095669291339
21
1.6181653149606299
0
LINE
8
BLACK
6
CONTINUOUS
10
2.6196095669291339
20
1.6181653149606299
11
2.6219370866141731
21
1.6232619291338581
0
LINE
8
BLACK
6
CONTINUOUS
10
2.6219370866141731
20
1.6232619291338581
11
2.6224217716535434
21
1.6240161023622046
0
LINE
8
BLACK
6
CONTINUOUS
10
2.6224217716535434
20
1.6240161023622046
11
2.6260909448818897
21
1.6282505511811023
0
LINE
8
BLACK
6
CONTINUOUS
10
2.6260909448818897
20
1.6282505511811023
11
2.6267684645669291
21
1.6288375984251968
0
LINE
8
BLACK
6
CONTINUOUS
10
2.6267684645669291
20
1.6288375984251968
11
2.6314819291338583
21
1.6318667716535433
0
LINE
8
BLACK
6
CONTINUOUS
10
2.6314819291338583
20
1.6318667716535433
11
2.6322973622047243
21
1.6322391732283463
0
LINE
8
BLACK
6
CONTINUOUS
10
2.6322973622047243
20
1.6322391732283463
11
2.6376733858267718
21
1.6338177165354331
0
LINE
8
BLACK
6
CONTINUOUS
10
2.6376733858267718
20
1.6338177165354331
11
2.6385607480314959
21
1.6339453149606298
0
LINE
8
BLACK
6
CONTINUOUS
10
2.6385607480314959
20
1.6339453149606298
11
2.6405511023622048
21
1.6339453149606298
0
LINE
8
BLACK
6
CONTINUOUS
10
2.6405511023622048
20
1.6339453149606298
11
2.6408152755905512
21
1.6340978346456692
0
LINE
8
BLACK
6
CONTINUOUS
10
2.6408152755905512
20
1.6340978346456692
11
2.6413622047244094
21
1.6341456692913385
0
LINE
8
BLACK
6
CONTINUOUS
10
2.6413622047244094
20
1.6341456692913385
11
2.663015748031496
21
1.6341456692913385
0
LINE
8
BLACK
6
CONTINUOUS
10
2.663015748031496
20
1.6341456692913385
11
2.6650402755905511
21
1.6334088188976377
0
LINE
8
BLACK
6
CONTINUOUS
10
2.7134336614173229
20
1.633905905511811
11
2.7144554724409447
21
1.633223188976378
0
LINE
8
BLACK
6
CONTINUOUS
10
2.7144554724409447
20
1.633223188976378
11
2.7151381889763777
21
1.6322013779527558
0
LINE
8
BLACK
6
CONTINUOUS
10
2.7151381889763777
20
1.6322013779527558
11
2.7153779527559054
21
1.6309960629921259
0
LINE
8
BLACK
6
CONTINUOUS
10
2.7153779527559054
20
1.6309960629921259
11
2.7153779527559054
21
1.5719409448818897
0
LINE
8
BLACK
6
CONTINUOUS
10
2.7153779527559054
20
1.5719409448818897
11
2.7151381889763777
21
1.5707356299212598
0
LINE
8
BLACK
6
CONTINUOUS
10
2.7151381889763777
20
1.5707356299212598
11
2.7144554724409447
21
1.5697138188976378
0
LINE
8
BLACK
6
CONTINUOUS
10
2.7144554724409447
20
1.5697138188976378
11
2.7134336614173229
21
1.5690311023622048
0
LINE
8
BLACK
6
CONTINUOUS
10
2.7134336614173229
20
1.5690311023622048
11
2.7122283464566928
21
1.5687913385826771
0
LINE
8
BLACK
6
CONTINUOUS
10
2.7122283464566928
20
1.5687913385826771
11
2.6728582677165353
21
1.5687913385826771
0
LINE
8
BLACK
6
CONTINUOUS
10
2.6728582677165353
20
1.5687913385826771
11
2.6716529527559056
21
1.5690311023622048
0
LINE
8
BLACK
6
CONTINUOUS
10
2.6716529527559056
20
1.5690311023622048
11
2.6706311417322834
21
1.5697138188976378
0
LINE
8
BLACK
6
CONTINUOUS
10
2.6706311417322834
20
1.5697138188976378
11
2.6699484251968504
21
1.5707356299212598
0
LINE
8
BLACK
6
CONTINUOUS
10
2.6699484251968504
20
1.5707356299212598
11
2.6697086614173227
21
1.5719409448818897
0
LINE
8
BLACK
6
CONTINUOUS
10
2.6697086614173227
20
1.5719409448818897
11
2.6697086614173227
21
1.6309960629921259
0
LINE
8
BLACK
6
CONTINUOUS
10
2.6697086614173227
20
1.6309960629921259
11
2.6699484251968504
21
1.6322013779527558
0
LINE
8
BLACK
6
CONTINUOUS
10
2.6699484251968504
20
1.6322013779527558
11
2.6706311417322834
21
1.633223188976378
0
LINE
8
BLACK
6
CONTINUOUS
10
2.6706311417322834
20
1.633223188976378
11
2.6716529527559056
21
1.633905905511811
0
LINE
8
BLACK
6
CONTINUOUS
10
2.6716529527559056
20
1.633905905511811
11
2.6728582677165353
21
1.6341456692913385
0
LINE
8
BLACK
6
CONTINUOUS
10
2.6728582677165353
20
1.6341456692913385
11
2.7122283464566928
21
1.6341456692913385
0
LINE
8
BLACK
6
CONTINUOUS
10
2.7122283464566928
20
1.6341456692913385
11
2.7134336614173229
21
1.633905905511811
0
LINE
8
BLACK
6
CONTINUOUS
10
2.7442748818897638
20
1.6339453149606298
11
2.7465258661417322
21
1.6339453149606298
0
LINE
8
BLACK
6
CONTINUOUS
10
2.7465258661417322
20
1.6339453149606298
11
2.7474132283464567
21
1.6338177165354331
0
LINE
8
BLACK
6
CONTINUOUS
10
2.7474132283464567
20
1.6338177165354331
11
2.7527892519685038
21
1.6322391732283463
0
LINE
8
BLACK
6
CONTINUOUS
10
2.7527892519685038
20
1.6322391732283463
11
2.7536046850393698
21
1.6318667716535433
0
LINE
8
BLACK
6
CONTINUOUS
10
2.7536046850393698
20
1.6318667716535433
11
2.758318149606299
21
1.6288375984251968
0
LINE
8
BLACK
6
CONTINUOUS
10
2.758318149606299
20
1.6288375984251968
11
2.7589956692913384
21
1.6282505511811023
0
LINE
8
BLACK
6
CONTINUOUS
10
2.7589956692913384
20
1.6282505511811023
11
2.7626648425196851
21
1.6240161023622046
0
LINE
8
BLACK
6
CONTINUOUS
10
2.7626648425196851
20
1.6240161023622046
11
2.763149527559055
21
1.6232619291338581
0
LINE
8
BLACK
6
CONTINUOUS
10
2.763149527559055
20
1.6232619291338581
11
2.7654770472440946
21
1.6181653149606299
0
LINE
8
BLACK
6
CONTINUOUS
10
2.7654770472440946
20
1.6181653149606299
11
2.7657296062992125
21
1.617305157480315
0
LINE
8
BLACK
6
CONTINUOUS
10
2.7657296062992125
20
1.617305157480315
11
2.7665270078740156
21
1.611759251968504
0
LINE
8
BLACK
6
CONTINUOUS
10
2.7665270078740156
20
1.611759251968504
11
2.7665590551181101
21
1.6113110236220471
0
LINE
8
BLACK
6
CONTINUOUS
10
2.7665590551181101
20
1.6113110236220471
11
2.7665590551181101
21
1.5916259842519684
0
LINE
8
BLACK
6
CONTINUOUS
10
2.7665590551181101
20
1.5916259842519684
11
2.7665270078740156
21
1.5911777559055118
0
LINE
8
BLACK
6
CONTINUOUS
10
2.7665270078740156
20
1.5911777559055118
11
2.7657296062992125
21
1.5856318503937008
0
LINE
8
BLACK
6
CONTINUOUS
10
2.7657296062992125
20
1.5856318503937008
11
2.7654770472440946
21
1.5847716929133857
0
LINE
8
BLACK
6
CONTINUOUS
10
2.7654770472440946
20
1.5847716929133857
11
2.763149527559055
21
1.5796750787401574
0
LINE
8
BLACK
6
CONTINUOUS
10
2.763149527559055
20
1.5796750787401574
11
2.7626648425196851
21
1.578920905511811
0
LINE
8
BLACK
6
CONTINUOUS
10
2.7626648425196851
20
1.578920905511811
11
2.7589956692913384
21
1.5746864566929133
0
LINE
8
BLACK
6
CONTINUOUS
10
2.7589956692913384
20
1.5746864566929133
11
2.758318149606299
21
1.5740994094488188
0
LINE
8
BLACK
6
CONTINUOUS
10
2.758318149606299
20
1.5740994094488188
11
2.7536046850393698
21
1.5710702362204725
0
LINE
8
BLACK
6
CONTINUOUS
10
2.7536046850393698
20
1.5710702362204725
11
2.7527892519685038
21
1.5706978346456693
0
LINE
8
BLACK
6
CONTINUOUS
10
2.7527892519685038
20
1.5706978346456693
11
2.7474132283464567
21
1.5691192913385827
0
LINE
8
BLACK
6
CONTINUOUS
10
2.7474132283464567
20
1.5691192913385827
11
2.7465258661417322
21
1.5689916929133858
0
LINE
8
BLACK
6
CONTINUOUS
10
2.7465258661417322
20
1.5689916929133858
11
2.7445355118110237
21
1.5689916929133858
0
LINE
8
BLACK
6
CONTINUOUS
10
2.7445355118110237
20
1.5689916929133858
11
2.7442713385826769
21
1.5688391732283464
0
LINE
8
BLACK
6
CONTINUOUS
10
2.7442713385826769
20
1.5688391732283464
11
2.7437244094488187
21
1.5687913385826771
0
LINE
8
BLACK
6
CONTINUOUS
10
2.7437244094488187
20
1.5687913385826771
11
2.7220708661417321
21
1.5687913385826771
0
LINE
8
BLACK
6
CONTINUOUS
10
2.7220708661417321
20
1.5687913385826771
11
2.720046338582677
21
1.5695281889763779
0
LINE
8
BLACK
6
CONTINUOUS
10
2.720046338582677
20
1.5695281889763779
11
2.7189690944881888
21
1.5713940157480315
0
LINE
8
BLACK
6
CONTINUOUS
10
2.7189690944881888
20
1.5713940157480315
11
2.7189212598425194
21
1.5719409448818897
0
LINE
8
BLACK
6
CONTINUOUS
10
2.7189212598425194
20
1.5719409448818897
11
2.7189212598425194
21
1.6309960629921259
0
LINE
8
BLACK
6
CONTINUOUS
10
2.7189212598425194
20
1.6309960629921259
11
2.7196581102362205
21
1.633020590551181
0
LINE
8
BLACK
6
CONTINUOUS
10
2.7196581102362205
20
1.633020590551181
11
2.7215239370078739
21
1.6340978346456692
0
LINE
8
BLACK
6
CONTINUOUS
10
2.7215239370078739
20
1.6340978346456692
11
2.7220708661417321
21
1.6341456692913385
0
LINE
8
BLACK
6
CONTINUOUS
10
2.7220708661417321
20
1.6341456692913385
11
2.7437244094488187
21
1.6341456692913385
0
LINE
8
BLACK
6
CONTINUOUS
10
2.7437244094488187
20
1.6341456692913385
11
2.7442748818897638
21
1.6339453149606298
0
LINE
8
BLACK
6
CONTINUOUS
10
1.0854572834645668
20
1.6334767716535432
11
1.086479094488189
21
1.6327940551181102
0
LINE
8
BLACK
6
CONTINUOUS
10
1.086479094488189
20
1.6327940551181102
11
1.0871618110236221
21
1.6317722440944882
0
LINE
8
BLACK
6
CONTINUOUS
10
1.0871618110236221
20
1.6317722440944882
11
1.0874015748031496
21
1.6305669291338583
0
LINE
8
BLACK
6
CONTINUOUS
10
1.0874015748031496
20
1.6305669291338583
11
1.0874015748031496
21
1.5911968503937008
0
LINE
8
BLACK
6
CONTINUOUS
10
1.0874015748031496
20
1.5911968503937008
11
1.0871618110236221
21
1.5899915354330709
0
LINE
8
BLACK
6
CONTINUOUS
10
1.0871618110236221
20
1.5899915354330709
11
1.086479094488189
21
1.5889697244094487
0
LINE
8
BLACK
6
CONTINUOUS
10
1.086479094488189
20
1.5889697244094487
11
1.0854572834645668
21
1.5882870078740157
0
LINE
8
BLACK
6
CONTINUOUS
10
1.0854572834645668
20
1.5882870078740157
11
1.0842519685039369
21
1.5880472440944882
0
LINE
8
BLACK
6
CONTINUOUS
10
1.0842519685039369
20
1.5880472440944882
11
0.9346456692913385
21
1.5880472440944882
0
LINE
8
BLACK
6
CONTINUOUS
10
0.9346456692913385
20
1.5880472440944882
11
0.9334403543307086
21
1.5882870078740157
0
LINE
8
BLACK
6
CONTINUOUS
10
0.9334403543307086
20
1.5882870078740157
11
0.9324185433070866
21
1.5889697244094487
0
LINE
8
BLACK
6
CONTINUOUS
10
0.9324185433070866
20
1.5889697244094487
11
0.9317358267716536
21
1.5899915354330709
0
LINE
8
BLACK
6
CONTINUOUS
10
0.9317358267716536
20
1.5899915354330709
11
0.931496062992126
21
1.5911968503937008
0
LINE
8
BLACK
6
CONTINUOUS
10
0.931496062992126
20
1.5911968503937008
11
0.931496062992126
21
1.6305669291338583
0
LINE
8
BLACK
6
CONTINUOUS
10
0.931496062992126
20
1.6305669291338583
11
0.9317358267716536
21
1.6317722440944882
0
LINE
8
BLACK
6
CONTINUOUS
10
0.9317358267716536
20
1.6317722440944882
11
0.9324185433070866
21
1.6327940551181102
0
LINE
8
BLACK
6
CONTINUOUS
10
0.9324185433070866
20
1.6327940551181102
11
0.9334403543307086
21
1.6334767716535432
0
LINE
8
BLACK
6
CONTINUOUS
10
0.9334403543307086
20
1.6334767716535432
11
0.9346456692913385
21
1.6337165354330709
0
LINE
8
BLACK
6
CONTINUOUS
10
0.9346456692913385
20
1.6337165354330709
11
1.0842519685039369
21
1.6337165354330709
0
LINE
8
BLACK
6
CONTINUOUS
10
1.0842519685039369
20
1.6337165354330709
11
1.0854572834645668
21
1.6334767716535432
0
LINE
8
BLACK
6
CONTINUOUS
10
1.3216777559055117
20
1.6334767716535432
11
1.3226995669291339
21
1.6327940551181102
0
LINE
8
BLACK
6
CONTINUOUS
10
1.3226995669291339
20
1.6327940551181102
11
1.323382283464567
21
1.6317722440944882
0
LINE
8
BLACK
6
CONTINUOUS
10
1.323382283464567
20
1.6317722440944882
11
1.3236220472440945
21
1.6305669291338583
0
LINE
8
BLACK
6
CONTINUOUS
10
1.3236220472440945
20
1.6305669291338583
11
1.3236220472440945
21
1.5911968503937008
0
LINE
8
BLACK
6
CONTINUOUS
10
1.3236220472440945
20
1.5911968503937008
11
1.323382283464567
21
1.5899915354330709
0
LINE
8
BLACK
6
CONTINUOUS
10
1.323382283464567
20
1.5899915354330709
11
1.3226995669291339
21
1.5889697244094487
0
LINE
8
BLACK
6
CONTINUOUS
10
1.3226995669291339
20
1.5889697244094487
11
1.3216777559055117
21
1.5882870078740157
0
LINE
8
BLACK
6
CONTINUOUS
10
1.3216777559055117
20
1.5882870078740157
11
1.3204724409448818
21
1.5880472440944882
0
LINE
8
BLACK
6
CONTINUOUS
10
1.3204724409448818
20
1.5880472440944882
11
1.1708661417322834
21
1.5880472440944882
0
LINE
8
BLACK
6
CONTINUOUS
10
1.1708661417322834
20
1.5880472440944882
11
1.1696608267716535
21
1.5882870078740157
0
LINE
8
BLACK
6
CONTINUOUS
10
1.1696608267716535
20
1.5882870078740157
11
1.1686390157480315
21
1.5889697244094487
0
LINE
8
BLACK
6
CONTINUOUS
10
1.1686390157480315
20
1.5889697244094487
11
1.1679562992125985
21
1.5899915354330709
0
LINE
8
BLACK
6
CONTINUOUS
10
1.1679562992125985
20
1.5899915354330709
11
1.1677165354330707
21
1.5911968503937008
0
LINE
8
BLACK
6
CONTINUOUS
10
1.1677165354330707
20
1.5911968503937008
11
1.1677165354330707
21
1.6305669291338583
0
LINE
8
BLACK
6
CONTINUOUS
10
1.1677165354330707
20
1.6305669291338583
11
1.1679562992125985
21
1.6317722440944882
0
LINE
8
BLACK
6
CONTINUOUS
10
1.1679562992125985
20
1.6317722440944882
11
1.1686390157480315
21
1.6327940551181102
0
LINE
8
BLACK
6
CONTINUOUS
10
1.1686390157480315
20
1.6327940551181102
11
1.1696608267716535
21
1.6334767716535432
0
LINE
8
BLACK
6
CONTINUOUS
10
1.1696608267716535
20
1.6334767716535432
11
1.1708661417322834
21
1.6337165354330709
0
LINE
8
BLACK
6
CONTINUOUS
10
1.1708661417322834
20
1.6337165354330709
11
1.3204724409448818
21
1.6337165354330709
0
LINE
8
BLACK
6
CONTINUOUS
10
1.3204724409448818
20
1.6337165354330709
11
1.3216777559055117
21
1.6334767716535432
0
LINE
8
BLACK
6
CONTINUOUS
10
1.5578982283464566
20
1.6334767716535432
11
1.5589200393700786
21
1.6327940551181102
0
LINE
8
BLACK
6
CONTINUOUS
10
1.5589200393700786
20
1.6327940551181102
11
1.5596027559055117
21
1.6317722440944882
0
LINE
8
BLACK
6
CONTINUOUS
10
1.5596027559055117
20
1.6317722440944882
11
1.5598425196850394
21
1.6305669291338583
0
LINE
8
BLACK
6
CONTINUOUS
10
1.5598425196850394
20
1.6305669291338583
11
1.5598425196850394
21
1.5911968503937008
0
LINE
8
BLACK
6
CONTINUOUS
10
1.5598425196850394
20
1.5911968503937008
11
1.5596027559055117
21
1.5899915354330709
0
LINE
8
BLACK
6
CONTINUOUS
10
1.5596027559055117
20
1.5899915354330709
11
1.5589200393700786
21
1.5889697244094487
0
LINE
8
BLACK
6
CONTINUOUS
10
1.5589200393700786
20
1.5889697244094487
11
1.5578982283464566
21
1.5882870078740157
0
LINE
8
BLACK
6
CONTINUOUS
10
1.5578982283464566
20
1.5882870078740157
11
1.5566929133858267
21
1.5880472440944882
0
LINE
8
BLACK
6
CONTINUOUS
10
1.5566929133858267
20
1.5880472440944882
11
1.4070866141732283
21
1.5880472440944882
0
LINE
8
BLACK
6
CONTINUOUS
10
1.4070866141732283
20
1.5880472440944882
11
1.4058812992125984
21
1.5882870078740157
0
LINE
8
BLACK
6
CONTINUOUS
10
1.4058812992125984
20
1.5882870078740157
11
1.4048594881889764
21
1.5889697244094487
0
LINE
8
BLACK
6
CONTINUOUS
10
1.4048594881889764
20
1.5889697244094487
11
1.4041767716535434
21
1.5899915354330709
0
LINE
8
BLACK
6
CONTINUOUS
10
1.4041767716535434
20
1.5899915354330709
11
1.4039370078740157
21
1.5911968503937008
0
LINE
8
BLACK
6
CONTINUOUS
10
1.4039370078740157
20
1.5911968503937008
11
1.4039370078740157
21
1.6305669291338583
0
LINE
8
BLACK
6
CONTINUOUS
10
1.4039370078740157
20
1.6305669291338583
11
1.4041767716535434
21
1.6317722440944882
0
LINE
8
BLACK
6
CONTINUOUS
10
1.4041767716535434
20
1.6317722440944882
11
1.4048594881889764
21
1.6327940551181102
0
LINE
8
BLACK
6
CONTINUOUS
10
1.4048594881889764
20
1.6327940551181102
11
1.4058812992125984
21
1.6334767716535432
0
LINE
8
BLACK
6
CONTINUOUS
10
1.4058812992125984
20
1.6334767716535432
11
1.4070866141732283
21
1.6337165354330709
0
LINE
8
BLACK
6
CONTINUOUS
10
1.4070866141732283
20
1.6337165354330709
11
1.5566929133858267
21
1.6337165354330709
0
LINE
8
BLACK
6
CONTINUOUS
10
1.5566929133858267
20
1.6337165354330709
11
1.5578982283464566
21
1.6334767716535432
0
LINE
8
BLACK
6
CONTINUOUS
10
1.7941187007874015
20
1.6334767716535432
11
1.7951405118110235
21
1.6327940551181102
0
LINE
8
BLACK
6
CONTINUOUS
10
1.7951405118110235
20
1.6327940551181102
11
1.7958232283464566
21
1.6317722440944882
0
LINE
8
BLACK
6
CONTINUOUS
10
1.7958232283464566
20
1.6317722440944882
11
1.7960629921259843
21
1.6305669291338583
0
LINE
8
BLACK
6
CONTINUOUS
10
1.7960629921259843
20
1.6305669291338583
11
1.7960629921259843
21
1.5911968503937008
0
LINE
8
BLACK
6
CONTINUOUS
10
1.7960629921259843
20
1.5911968503937008
11
1.7958232283464566
21
1.5899915354330709
0
LINE
8
BLACK
6
CONTINUOUS
10
1.7958232283464566
20
1.5899915354330709
11
1.7951405118110235
21
1.5889697244094487
0
LINE
8
BLACK
6
CONTINUOUS
10
1.7951405118110235
20
1.5889697244094487
11
1.7941187007874015
21
1.5882870078740157
0
LINE
8
BLACK
6
CONTINUOUS
10
1.7941187007874015
20
1.5882870078740157
11
1.7929133858267716
21
1.5880472440944882
0
LINE
8
BLACK
6
CONTINUOUS
10
1.7929133858267716
20
1.5880472440944882
11
1.6433070866141732
21
1.5880472440944882
0
LINE
8
BLACK
6
CONTINUOUS
10
1.6433070866141732
20
1.5880472440944882
11
1.6421017716535433
21
1.5882870078740157
0
LINE
8
BLACK
6
CONTINUOUS
10
1.6421017716535433
20
1.5882870078740157
11
1.6410799606299211
21
1.5889697244094487
0
LINE
8
BLACK
6
CONTINUOUS
10
1.6410799606299211
20
1.5889697244094487
11
1.6403972440944881
21
1.5899915354330709
0
LINE
8
BLACK
6
CONTINUOUS
10
1.6403972440944881
20
1.5899915354330709
11
1.6401574803149606
21
1.5911968503937008
0
LINE
8
BLACK
6
CONTINUOUS
10
1.6401574803149606
20
1.5911968503937008
11
1.6401574803149606
21
1.6305669291338583
0
LINE
8
BLACK
6
CONTINUOUS
10
1.6401574803149606
20
1.6305669291338583
11
1.6403972440944881
21
1.6317722440944882
0
LINE
8
BLACK
6
CONTINUOUS
10
1.6403972440944881
20
1.6317722440944882
11
1.6410799606299211
21
1.6327940551181102
0
LINE
8
BLACK
6
CONTINUOUS
10
1.6410799606299211
20
1.6327940551181102
11
1.6421017716535433
21
1.6334767716535432
0
LINE
8
BLACK
6
CONTINUOUS
10
1.6421017716535433
20
1.6334767716535432
11
1.6433070866141732
21
1.6337165354330709
0
LINE
8
BLACK
6
CONTINUOUS
10
1.6433070866141732
20
1.6337165354330709
11
1.7929133858267716
21
1.6337165354330709
0
LINE
8
BLACK
6
CONTINUOUS
10
1.7929133858267716
20
1.6337165354330709
11
1.7941187007874015
21
1.6334767716535432
0
LINE
8
BLACK
6
CONTINUOUS
10
2.0303391732283464
20
1.6334767716535432
11
2.0313609842519686
21
1.6327940551181102
0
LINE
8
BLACK
6
CONTINUOUS
10
2.0313609842519686
20
1.6327940551181102
11
2.0320437007874017
21
1.6317722440944882
0
LINE
8
BLACK
6
CONTINUOUS
10
2.0320437007874017
20
1.6317722440944882
11
2.032283464566929
21
1.6305669291338583
0
LINE
8
BLACK
6
CONTINUOUS
10
2.032283464566929
20
1.6305669291338583
11
2.032283464566929
21
1.5911968503937008
0
LINE
8
BLACK
6
CONTINUOUS
10
2.032283464566929
20
1.5911968503937008
11
2.0320437007874017
21
1.5899915354330709
0
LINE
8
BLACK
6
CONTINUOUS
10
2.0320437007874017
20
1.5899915354330709
11
2.0313609842519686
21
1.5889697244094487
0
LINE
8
BLACK
6
CONTINUOUS
10
2.0313609842519686
20
1.5889697244094487
11
2.0303391732283464
21
1.5882870078740157
0
LINE
8
BLACK
6
CONTINUOUS
10
2.0303391732283464
20
1.5882870078740157
11
2.0291338582677163
21
1.5880472440944882
0
LINE
8
BLACK
6
CONTINUOUS
10
2.0291338582677163
20
1.5880472440944882
11
1.8795275590551181
21
1.5880472440944882
0
LINE
8
BLACK
6
CONTINUOUS
10
1.8795275590551181
20
1.5880472440944882
11
1.8783222440944882
21
1.5882870078740157
0
LINE
8
BLACK
6
CONTINUOUS
10
1.8783222440944882
20
1.5882870078740157
11
1.877300433070866
21
1.5889697244094487
0
LINE
8
BLACK
6
CONTINUOUS
10
1.877300433070866
20
1.5889697244094487
11
1.876617716535433
21
1.5899915354330709
0
LINE
8
BLACK
6
CONTINUOUS
10
1.876617716535433
20
1.5899915354330709
11
1.8763779527559055
21
1.5911968503937008
0
LINE
8
BLACK
6
CONTINUOUS
10
1.8763779527559055
20
1.5911968503937008
11
1.8763779527559055
21
1.6305669291338583
0
LINE
8
BLACK
6
CONTINUOUS
10
1.8763779527559055
20
1.6305669291338583
11
1.876617716535433
21
1.6317722440944882
0
LINE
8
BLACK
6
CONTINUOUS
10
1.876617716535433
20
1.6317722440944882
11
1.877300433070866
21
1.6327940551181102
0
LINE
8
BLACK
6
CONTINUOUS
10
1.877300433070866
20
1.6327940551181102
11
1.8783222440944882
21
1.6334767716535432
0
LINE
8
BLACK
6
CONTINUOUS
10
1.8783222440944882
20
1.6334767716535432
11
1.8795275590551181
21
1.6337165354330709
0
LINE
8
BLACK
6
CONTINUOUS
10
1.8795275590551181
20
1.6337165354330709
11
2.0291338582677163
21
1.6337165354330709
0
LINE
8
BLACK
6
CONTINUOUS
10
2.0291338582677163
20
1.6337165354330709
11
2.0303391732283464
21
1.6334767716535432
0
LINE
8
BLACK
6
CONTINUOUS
10
2.2665596456692914
20
1.6334767716535432
11
2.2675814566929136
21
1.6327940551181102
0
LINE
8
BLACK
6
CONTINUOUS
10
2.2675814566929136
20
1.6327940551181102
11
2.2682641732283466
21
1.6317722440944882
0
LINE
8
BLACK
6
CONTINUOUS
10
2.2682641732283466
20
1.6317722440944882
11
2.2685039370078739
21
1.6305669291338583
0
LINE
8
BLACK
6
CONTINUOUS
10
2.2685039370078739
20
1.6305669291338583
11
2.2685039370078739
21
1.5911968503937008
0
LINE
8
BLACK
6
CONTINUOUS
10
2.2685039370078739
20
1.5911968503937008
11
2.2682641732283466
21
1.5899915354330709
0
LINE
8
BLACK
6
CONTINUOUS
10
2.2682641732283466
20
1.5899915354330709
11
2.2675814566929136
21
1.5889697244094487
0
LINE
8
BLACK
6
CONTINUOUS
10
2.2675814566929136
20
1.5889697244094487
11
2.2665596456692914
21
1.5882870078740157
0
LINE
8
BLACK
6
CONTINUOUS
10
2.2665596456692914
20
1.5882870078740157
11
2.2653543307086612
21
1.5880472440944882
0
LINE
8
BLACK
6
CONTINUOUS
10
2.2653543307086612
20
1.5880472440944882
11
2.1157480314960631
21
1.5880472440944882
0
LINE
8
BLACK
6
CONTINUOUS
10
2.1157480314960631
20
1.5880472440944882
11
2.1145427165354329
21
1.5882870078740157
0
LINE
8
BLACK
6
CONTINUOUS
10
2.1145427165354329
20
1.5882870078740157
11
2.1135209055118112
21
1.5889697244094487
0
LINE
8
BLACK
6
CONTINUOUS
10
2.1135209055118112
20
1.5889697244094487
11
2.1128381889763781
21
1.5899915354330709
0
LINE
8
BLACK
6
CONTINUOUS
10
2.1128381889763781
20
1.5899915354330709
11
2.1125984251968504
21
1.5911968503937008
0
LINE
8
BLACK
6
CONTINUOUS
10
2.1125984251968504
20
1.5911968503937008
11
2.1125984251968504
21
1.6305669291338583
0
LINE
8
BLACK
6
CONTINUOUS
10
2.1125984251968504
20
1.6305669291338583
11
2.1128381889763781
21
1.6317722440944882
0
LINE
8
BLACK
6
CONTINUOUS
10
2.1128381889763781
20
1.6317722440944882
11
2.1135209055118112
21
1.6327940551181102
0
LINE
8
BLACK
6
CONTINUOUS
10
2.1135209055118112
20
1.6327940551181102
11
2.1145427165354329
21
1.6334767716535432
0
LINE
8
BLACK
6
CONTINUOUS
10
2.1145427165354329
20
1.6334767716535432
11
2.1157480314960631
21
1.6337165354330709
0
LINE
8
BLACK
6
CONTINUOUS
10
2.1157480314960631
20
1.6337165354330709
11
2.2653543307086612
21
1.6337165354330709
0
LINE
8
BLACK
6
CONTINUOUS
10
2.2653543307086612
20
1.6337165354330709
11
2.2665596456692914
21
1.6334767716535432
0
LINE
8
BLACK
6
CONTINUOUS
10
2.6107720472440943
20
1.7392659842519684
11
2.6148614173228344
21
1.7373590551181102
0
LINE
8
BLACK
6
CONTINUOUS
10
2.6148614173228344
20
1.7373590551181102
11
2.618051968503937
21
1.7341685039370078
0
LINE
8
BLACK
6
CONTINUOUS
10
2.618051968503937
20
1.7341685039370078
11
2.6199588976377952
21
1.7300791338582677
0
LINE
8
BLACK
6
CONTINUOUS
10
2.6199588976377952
20
1.7300791338582677
11
2.6204015748031497
21
1.7267165354330709
0
LINE
8
BLACK
6
CONTINUOUS
10
2.6204015748031497
20
1.7267165354330709
11
2.6204015748031497
21
1.691283464566929
0
LINE
8
BLACK
6
CONTINUOUS
10
2.6204015748031497
20
1.691283464566929
11
2.6199588976377952
21
1.6879208661417322
0
LINE
8
BLACK
6
CONTINUOUS
10
2.6199588976377952
20
1.6879208661417322
11
2.618051968503937
21
1.6838314960629921
0
LINE
8
BLACK
6
CONTINUOUS
10
2.618051968503937
20
1.6838314960629921
11
2.6148614173228344
21
1.6806409448818898
0
LINE
8
BLACK
6
CONTINUOUS
10
2.6148614173228344
20
1.6806409448818898
11
2.6107720472440943
21
1.6787340157480315
0
LINE
8
BLACK
6
CONTINUOUS
10
2.6107720472440943
20
1.6787340157480315
11
2.6074094488188977
21
1.6782913385826772
0
LINE
8
BLACK
6
CONTINUOUS
10
2.6074094488188977
20
1.6782913385826772
11
2.5867401574803148
21
1.6782913385826772
0
LINE
8
BLACK
6
CONTINUOUS
10
2.5867401574803148
20
1.6782913385826772
11
2.5833775590551182
21
1.6787340157480315
0
LINE
8
BLACK
6
CONTINUOUS
10
2.5833775590551182
20
1.6787340157480315
11
2.5792881889763777
21
1.6806409448818898
0
LINE
8
BLACK
6
CONTINUOUS
10
2.5792881889763777
20
1.6806409448818898
11
2.5760976377952756
21
1.6838314960629921
0
LINE
8
BLACK
6
CONTINUOUS
10
2.5760976377952756
20
1.6838314960629921
11
2.5741907086614173
21
1.6879208661417322
0
LINE
8
BLACK
6
CONTINUOUS
10
2.5741907086614173
20
1.6879208661417322
11
2.5737480314960628
21
1.691283464566929
0
LINE
8
BLACK
6
CONTINUOUS
10
2.5737480314960628
20
1.691283464566929
11
2.5737480314960628
21
1.7267165354330709
0
LINE
8
BLACK
6
CONTINUOUS
10
2.5737480314960628
20
1.7267165354330709
11
2.5741907086614173
21
1.7300791338582677
0
LINE
8
BLACK
6
CONTINUOUS
10
2.5741907086614173
20
1.7300791338582677
11
2.5760976377952756
21
1.7341685039370078
0
LINE
8
BLACK
6
CONTINUOUS
10
2.5760976377952756
20
1.7341685039370078
11
2.5792881889763777
21
1.7373590551181102
0
LINE
8
BLACK
6
CONTINUOUS
10
2.5792881889763777
20
1.7373590551181102
11
2.5833775590551182
21
1.7392659842519684
0
LINE
8
BLACK
6
CONTINUOUS
10
2.5833775590551182
20
1.7392659842519684
11
2.5867401574803148
21
1.7397086614173227
0
LINE
8
BLACK
6
CONTINUOUS
10
2.5867401574803148
20
1.7397086614173227
11
2.6074094488188977
21
1.7397086614173227
0
LINE
8
BLACK
6
CONTINUOUS
10
2.6074094488188977
20
1.7397086614173227
11
2.6107720472440943
21
1.7392659842519684
0
LINE
8
BLACK
6
CONTINUOUS
10
2.6826224409448818
20
1.7392659842519684
11
2.6867118110236219
21
1.7373590551181102
0
LINE
8
BLACK
6
CONTINUOUS
10
2.6867118110236219
20
1.7373590551181102
11
2.6899023622047245
21
1.7341685039370078
0
LINE
8
BLACK
6
CONTINUOUS
10
2.6899023622047245
20
1.7341685039370078
11
2.6918092913385827
21
1.7300791338582677
0
LINE
8
BLACK
6
CONTINUOUS
10
2.6918092913385827
20
1.7300791338582677
11
2.6922519685039368
21
1.7267165354330709
0
LINE
8
BLACK
6
CONTINUOUS
10
2.6922519685039368
20
1.7267165354330709
11
2.6922519685039368
21
1.691283464566929
0
LINE
8
BLACK
6
CONTINUOUS
10
2.6922519685039368
20
1.691283464566929
11
2.6918092913385827
21
1.6879208661417322
0
LINE
8
BLACK
6
CONTINUOUS
10
2.6918092913385827
20
1.6879208661417322
11
2.6899023622047245
21
1.6838314960629921
0
LINE
8
BLACK
6
CONTINUOUS
10
2.6899023622047245
20
1.6838314960629921
11
2.6867118110236219
21
1.6806409448818898
0
LINE
8
BLACK
6
CONTINUOUS
10
2.6867118110236219
20
1.6806409448818898
11
2.6826224409448818
21
1.6787340157480315
0
LINE
8
BLACK
6
CONTINUOUS
10
2.6826224409448818
20
1.6787340157480315
11
2.6792598425196852
21
1.6782913385826772
0
LINE
8
BLACK
6
CONTINUOUS
10
2.6792598425196852
20
1.6782913385826772
11
2.6585905511811023
21
1.6782913385826772
0
LINE
8
BLACK
6
CONTINUOUS
10
2.6585905511811023
20
1.6782913385826772
11
2.6552279527559053
21
1.6787340157480315
0
LINE
8
BLACK
6
CONTINUOUS
10
2.6552279527559053
20
1.6787340157480315
11
2.6511385826771652
21
1.6806409448818898
0
LINE
8
BLACK
6
CONTINUOUS
10
2.6511385826771652
20
1.6806409448818898
11
2.6479480314960631
21
1.6838314960629921
0
LINE
8
BLACK
6
CONTINUOUS
10
2.6479480314960631
20
1.6838314960629921
11
2.6460411023622048
21
1.6879208661417322
0
LINE
8
BLACK
6
CONTINUOUS
10
2.6460411023622048
20
1.6879208661417322
11
2.6455984251968503
21
1.691283464566929
0
LINE
8
BLACK
6
CONTINUOUS
10
2.6455984251968503
20
1.691283464566929
11
2.6455984251968503
21
1.7267165354330709
0
LINE
8
BLACK
6
CONTINUOUS
10
2.6455984251968503
20
1.7267165354330709
11
2.6460411023622048
21
1.7300791338582677
0
LINE
8
BLACK
6
CONTINUOUS
10
2.6460411023622048
20
1.7300791338582677
11
2.6479480314960631
21
1.7341685039370078
0
LINE
8
BLACK
6
CONTINUOUS
10
2.6479480314960631
20
1.7341685039370078
11
2.6511385826771652
21
1.7373590551181102
0
LINE
8
BLACK
6
CONTINUOUS
10
2.6511385826771652
20
1.7373590551181102
11
2.6552279527559053
21
1.7392659842519684
0
LINE
8
BLACK
6
CONTINUOUS
10
2.6552279527559053
20
1.7392659842519684
11
2.6585905511811023
21
1.7397086614173227
0
LINE
8
BLACK
6
CONTINUOUS
10
2.6585905511811023
20
1.7397086614173227
11
2.6792598425196852
21
1.7397086614173227
0
LINE
8
BLACK
6
CONTINUOUS
10
2.6792598425196852
20
1.7397086614173227
11
2.6826224409448818
21
1.7392659842519684
0
LINE
8
BLACK
6
CONTINUOUS
10
2.8856807086614173
20
1.7966135826771654
11
2.8930662598425196
21
1.7943732283464566
0
LINE
8
BLACK
6
CONTINUOUS
10
2.8930662598425196
20
1.7943732283464566
11
2.8998728346456693
21
1.7907350393700787
0
LINE
8
BLACK
6
CONTINUOUS
10
2.8998728346456693
20
1.7907350393700787
11
2.9058388582677166
21
1.7858388582677165
0
LINE
8
BLACK
6
CONTINUOUS
10
2.9058388582677166
20
1.7858388582677165
11
2.9107350393700786
21
1.7798728346456691
0
LINE
8
BLACK
6
CONTINUOUS
10
2.9107350393700786
20
1.7798728346456691
11
2.9143732283464567
21
1.7730662598425198
0
LINE
8
BLACK
6
CONTINUOUS
10
2.9143732283464567
20
1.7730662598425198
11
2.9166135826771651
21
1.7656807086614172
0
LINE
8
BLACK
6
CONTINUOUS
10
2.9166135826771651
20
1.7656807086614172
11
2.9173700787401575
21
1.758
0
LINE
8
BLACK
6
CONTINUOUS
10
2.9173700787401575
20
1.758
11
2.9166135826771651
21
1.7503192913385826
0
LINE
8
BLACK
6
CONTINUOUS
10
2.9166135826771651
20
1.7503192913385826
11
2.9143732283464567
21
1.7429337401574803
0
LINE
8
BLACK
6
CONTINUOUS
10
2.9143732283464567
20
1.7429337401574803
11
2.9107350393700786
21
1.7361271653543306
0
LINE
8
BLACK
6
CONTINUOUS
10
2.9107350393700786
20
1.7361271653543306
11
2.9058388582677166
21
1.7301611417322835
0
LINE
8
BLACK
6
CONTINUOUS
10
2.9058388582677166
20
1.7301611417322835
11
2.8998728346456693
21
1.7252649606299213
0
LINE
8
BLACK
6
CONTINUOUS
10
2.8998728346456693
20
1.7252649606299213
11
2.8930662598425196
21
1.7216267716535432
0
LINE
8
BLACK
6
CONTINUOUS
10
2.8930662598425196
20
1.7216267716535432
11
2.8856807086614173
21
1.7193864173228346
0
LINE
8
BLACK
6
CONTINUOUS
10
2.8856807086614173
20
1.7193864173228346
11
2.8780000000000001
21
1.7186299212598424
0
LINE
8
BLACK
6
CONTINUOUS
10
2.8780000000000001
20
1.7186299212598424
11
2.8703192913385824
21
1.7193864173228346
0
LINE
8
BLACK
6
CONTINUOUS
10
2.8703192913385824
20
1.7193864173228346
11
2.8629337401574801
21
1.7216267716535432
0
LINE
8
BLACK
6
CONTINUOUS
10
2.8629337401574801
20
1.7216267716535432
11
2.8561271653543305
21
1.7252649606299213
0
LINE
8
BLACK
6
CONTINUOUS
10
2.8561271653543305
20
1.7252649606299213
11
2.8501611417322832
21
1.7301611417322835
0
LINE
8
BLACK
6
CONTINUOUS
10
2.8501611417322832
20
1.7301611417322835
11
2.8452649606299212
21
1.7361271653543306
0
LINE
8
BLACK
6
CONTINUOUS
10
2.8452649606299212
20
1.7361271653543306
11
2.841626771653543
21
1.7429337401574803
0
LINE
8
BLACK
6
CONTINUOUS
10
2.841626771653543
20
1.7429337401574803
11
2.8393864173228347
21
1.7503192913385826
0
LINE
8
BLACK
6
CONTINUOUS
10
2.8393864173228347
20
1.7503192913385826
11
2.8386299212598423
21
1.758
0
LINE
8
BLACK
6
CONTINUOUS
10
2.8386299212598423
20
1.758
11
2.8393864173228347
21
1.7656807086614172
0
LINE
8
BLACK
6
CONTINUOUS
10
2.8393864173228347
20
1.7656807086614172
11
2.841626771653543
21
1.7730662598425198
0
LINE
8
BLACK
6
CONTINUOUS
10
2.841626771653543
20
1.7730662598425198
11
2.8452649606299212
21
1.7798728346456691
0
LINE
8
BLACK
6
CONTINUOUS
10
2.8452649606299212
20
1.7798728346456691
11
2.8501611417322832
21
1.7858388582677165
0
LINE
8
BLACK
6
CONTINUOUS
10
2.8501611417322832
20
1.7858388582677165
11
2.8561271653543305
21
1.7907350393700787
0
LINE
8
BLACK
6
CONTINUOUS
10
2.8561271653543305
20
1.7907350393700787
11
2.8629337401574801
21
1.7943732283464566
0
LINE
8
BLACK
6
CONTINUOUS
10
2.8629337401574801
20
1.7943732283464566
11
2.8703192913385824
21
1.7966135826771654
0
LINE
8
BLACK
6
CONTINUOUS
10
2.8703192913385824
20
1.7966135826771654
11
2.8780000000000001
21
1.7973700787401574
0
LINE
8
BLACK
6
CONTINUOUS
10
2.8780000000000001
20
1.7973700787401574
11
2.8856807086614173
21
1.7966135826771654
0
LINE
8
BLACK
6
CONTINUOUS
10
1.4199297244094489
20
1.7952877952755906
11
1.4209515354330708
21
1.7946050787401575
0
LINE
8
BLACK
6
CONTINUOUS
10
1.4209515354330708
20
1.7946050787401575
11
1.4216342519685039
21
1.7935832677165353
0
LINE
8
BLACK
6
CONTINUOUS
10
1.4216342519685039
20
1.7935832677165353
11
1.4218740157480314
21
1.7923779527559054
0
LINE
8
BLACK
6
CONTINUOUS
10
1.4218740157480314
20
1.7923779527559054
11
1.4218740157480314
21
1.7805669291338582
0
LINE
8
BLACK
6
CONTINUOUS
10
1.4218740157480314
20
1.7805669291338582
11
1.4216342519685039
21
1.7793616141732282
0
LINE
8
BLACK
6
CONTINUOUS
10
1.4216342519685039
20
1.7793616141732282
11
1.4209515354330708
21
1.7783398031496063
0
LINE
8
BLACK
6
CONTINUOUS
10
1.4209515354330708
20
1.7783398031496063
11
1.4199297244094489
21
1.7776570866141732
0
LINE
8
BLACK
6
CONTINUOUS
10
1.4199297244094489
20
1.7776570866141732
11
1.4187244094488189
21
1.7774173228346457
0
LINE
8
BLACK
6
CONTINUOUS
10
1.4187244094488189
20
1.7774173228346457
11
1.3872283464566928
21
1.7774173228346457
0
LINE
8
BLACK
6
CONTINUOUS
10
1.3872283464566928
20
1.7774173228346457
11
1.3860230314960629
21
1.7776570866141732
0
LINE
8
BLACK
6
CONTINUOUS
10
1.3860230314960629
20
1.7776570866141732
11
1.3850012204724409
21
1.7783398031496063
0
LINE
8
BLACK
6
CONTINUOUS
10
1.3850012204724409
20
1.7783398031496063
11
1.3843185039370078
21
1.7793616141732282
0
LINE
8
BLACK
6
CONTINUOUS
10
1.3843185039370078
20
1.7793616141732282
11
1.3840787401574803
21
1.7805669291338582
0
LINE
8
BLACK
6
CONTINUOUS
10
1.3840787401574803
20
1.7805669291338582
11
1.3840787401574803
21
1.7923779527559054
0
LINE
8
BLACK
6
CONTINUOUS
10
1.3840787401574803
20
1.7923779527559054
11
1.3843185039370078
21
1.7935832677165353
0
LINE
8
BLACK
6
CONTINUOUS
10
1.3843185039370078
20
1.7935832677165353
11
1.3850012204724409
21
1.7946050787401575
0
LINE
8
BLACK
6
CONTINUOUS
10
1.3850012204724409
20
1.7946050787401575
11
1.3860230314960629
21
1.7952877952755906
0
LINE
8
BLACK
6
CONTINUOUS
10
1.3860230314960629
20
1.7952877952755906
11
1.3872283464566928
21
1.7955275590551181
0
LINE
8
BLACK
6
CONTINUOUS
10
1.3872283464566928
20
1.7955275590551181
11
1.4187244094488189
21
1.7955275590551181
0
LINE
8
BLACK
6
CONTINUOUS
10
1.4187244094488189
20
1.7955275590551181
11
1.4199297244094489
21
1.7952877952755906
0
LINE
8
BLACK
6
CONTINUOUS
10
1.5419769685039371
20
1.7952877952755906
11
1.542998779527559
21
1.7946050787401575
0
LINE
8
BLACK
6
CONTINUOUS
10
1.542998779527559
20
1.7946050787401575
11
1.5436814960629921
21
1.7935832677165353
0
LINE
8
BLACK
6
CONTINUOUS
10
1.5436814960629921
20
1.7935832677165353
11
1.5439212598425196
21
1.7923779527559054
0
LINE
8
BLACK
6
CONTINUOUS
10
1.5439212598425196
20
1.7923779527559054
11
1.5439212598425196
21
1.7805669291338582
0
LINE
8
BLACK
6
CONTINUOUS
10
1.5439212598425196
20
1.7805669291338582
11
1.5436814960629921
21
1.7793616141732282
0
LINE
8
BLACK
6
CONTINUOUS
10
1.5436814960629921
20
1.7793616141732282
11
1.542998779527559
21
1.7783398031496063
0
LINE
8
BLACK
6
CONTINUOUS
10
1.542998779527559
20
1.7783398031496063
11
1.5419769685039371
21
1.7776570866141732
0
LINE
8
BLACK
6
CONTINUOUS
10
1.5419769685039371
20
1.7776570866141732
11
1.5407716535433071
21
1.7774173228346457
0
LINE
8
BLACK
6
CONTINUOUS
10
1.5407716535433071
20
1.7774173228346457
11
1.509275590551181
21
1.7774173228346457
0
LINE
8
BLACK
6
CONTINUOUS
10
1.509275590551181
20
1.7774173228346457
11
1.5080702755905511
21
1.7776570866141732
0
LINE
8
BLACK
6
CONTINUOUS
10
1.5080702755905511
20
1.7776570866141732
11
1.5070484645669291
21
1.7783398031496063
0
LINE
8
BLACK
6
CONTINUOUS
10
1.5070484645669291
20
1.7783398031496063
11
1.506365748031496
21
1.7793616141732282
0
LINE
8
BLACK
6
CONTINUOUS
10
1.506365748031496
20
1.7793616141732282
11
1.5061259842519685
21
1.7805669291338582
0
LINE
8
BLACK
6
CONTINUOUS
10
1.5061259842519685
20
1.7805669291338582
11
1.5061259842519685
21
1.7923779527559054
0
LINE
8
BLACK
6
CONTINUOUS
10
1.5061259842519685
20
1.7923779527559054
11
1.506365748031496
21
1.7935832677165353
0
LINE
8
BLACK
6
CONTINUOUS
10
1.506365748031496
20
1.7935832677165353
11
1.5070484645669291
21
1.7946050787401575
0
LINE
8
BLACK
6
CONTINUOUS
10
1.5070484645669291
20
1.7946050787401575
11
1.5080702755905511
21
1.7952877952755906
0
LINE
8
BLACK
6
CONTINUOUS
10
1.5080702755905511
20
1.7952877952755906
11
1.509275590551181
21
1.7955275590551181
0
LINE
8
BLACK
6
CONTINUOUS
10
1.509275590551181
20
1.7955275590551181
11
1.5407716535433071
21
1.7955275590551181
0
LINE
8
BLACK
6
CONTINUOUS
10
1.5407716535433071
20
1.7955275590551181
11
1.5419769685039371
21
1.7952877952755906
0
LINE
8
BLACK
6
CONTINUOUS
10
2.3290791338582677
20
1.8419588976377952
11
2.3331685039370078
21
1.8400519685039369
0
LINE
8
BLACK
6
CONTINUOUS
10
2.3331685039370078
20
1.8400519685039369
11
2.3363590551181104
21
1.8368614173228346
0
LINE
8
BLACK
6
CONTINUOUS
10
2.3363590551181104
20
1.8368614173228346
11
2.3382659842519686
21
1.8327720472440945
0
LINE
8
BLACK
6
CONTINUOUS
10
2.3382659842519686
20
1.8327720472440945
11
2.3387086614173227
21
1.8294094488188977
0
LINE
8
BLACK
6
CONTINUOUS
10
2.3387086614173227
20
1.8294094488188977
11
2.3387086614173227
21
1.808740157480315
0
LINE
8
BLACK
6
CONTINUOUS
10
2.3387086614173227
20
1.808740157480315
11
2.3382659842519686
21
1.805377559055118
0
LINE
8
BLACK
6
CONTINUOUS
10
2.3382659842519686
20
1.805377559055118
11
2.3363590551181104
21
1.8012881889763779
0
LINE
8
BLACK
6
CONTINUOUS
10
2.3363590551181104
20
1.8012881889763779
11
2.3331685039370078
21
1.7980976377952755
0
LINE
8
BLACK
6
CONTINUOUS
10
2.3331685039370078
20
1.7980976377952755
11
2.3290791338582677
21
1.7961907086614173
0
LINE
8
BLACK
6
CONTINUOUS
10
2.3290791338582677
20
1.7961907086614173
11
2.3257165354330707
21
1.795748031496063
0
LINE
8
BLACK
6
CONTINUOUS
10
2.3257165354330707
20
1.795748031496063
11
2.290283464566929
21
1.795748031496063
0
LINE
8
BLACK
6
CONTINUOUS
10
2.290283464566929
20
1.795748031496063
11
2.2869208661417324
21
1.7961907086614173
0
LINE
8
BLACK
6
CONTINUOUS
10
2.2869208661417324
20
1.7961907086614173
11
2.2828314960629923
21
1.7980976377952755
0
LINE
8
BLACK
6
CONTINUOUS
10
2.2828314960629923
20
1.7980976377952755
11
2.2796409448818897
21
1.8012881889763779
0
LINE
8
BLACK
6
CONTINUOUS
10
2.2796409448818897
20
1.8012881889763779
11
2.2777340157480315
21
1.805377559055118
0
LINE
8
BLACK
6
CONTINUOUS
10
2.2777340157480315
20
1.805377559055118
11
2.277291338582677
21
1.808740157480315
0
LINE
8
BLACK
6
CONTINUOUS
10
2.277291338582677
20
1.808740157480315
11
2.277291338582677
21
1.8294094488188977
0
LINE
8
BLACK
6
CONTINUOUS
10
2.277291338582677
20
1.8294094488188977
11
2.2777340157480315
21
1.8327720472440945
0
LINE
8
BLACK
6
CONTINUOUS
10
2.2777340157480315
20
1.8327720472440945
11
2.2796409448818897
21
1.8368614173228346
0
LINE
8
BLACK
6
CONTINUOUS
10
2.2796409448818897
20
1.8368614173228346
11
2.2828314960629923
21
1.8400519685039369
0
LINE
8
BLACK
6
CONTINUOUS
10
2.2828314960629923
20
1.8400519685039369
11
2.2869208661417324
21
1.8419588976377952
0
LINE
8
BLACK
6
CONTINUOUS
10
2.2869208661417324
20
1.8419588976377952
11
2.290283464566929
21
1.8424015748031495
0
LINE
8
BLACK
6
CONTINUOUS
10
2.290283464566929
20
1.8424015748031495
11
2.3257165354330707
21
1.8424015748031495
0
LINE
8
BLACK
6
CONTINUOUS
10
2.3257165354330707
20
1.8424015748031495
11
2.3290791338582677
21
1.8419588976377952
0
LINE
8
BLACK
6
CONTINUOUS
10
1.4199297244094489
20
1.8149728346456693
11
1.4209515354330708
21
1.8142901181102362
0
LINE
8
BLACK
6
CONTINUOUS
10
1.4209515354330708
20
1.8142901181102362
11
1.4216342519685039
21
1.8132683070866142
0
LINE
8
BLACK
6
CONTINUOUS
10
1.4216342519685039
20
1.8132683070866142
11
1.4218740157480314
21
1.8120629921259843
0
LINE
8
BLACK
6
CONTINUOUS
10
1.4218740157480314
20
1.8120629921259843
11
1.4218740157480314
21
1.8002519685039369
0
LINE
8
BLACK
6
CONTINUOUS
10
1.4218740157480314
20
1.8002519685039369
11
1.4216342519685039
21
1.799046653543307
0
LINE
8
BLACK
6
CONTINUOUS
10
1.4216342519685039
20
1.799046653543307
11
1.4209515354330708
21
1.798024842519685
0
LINE
8
BLACK
6
CONTINUOUS
10
1.4209515354330708
20
1.798024842519685
11
1.4199297244094489
21
1.7973421259842519
0
LINE
8
BLACK
6
CONTINUOUS
10
1.4199297244094489
20
1.7973421259842519
11
1.4187244094488189
21
1.7971023622047244
0
LINE
8
BLACK
6
CONTINUOUS
10
1.4187244094488189
20
1.7971023622047244
11
1.3872283464566928
21
1.7971023622047244
0
LINE
8
BLACK
6
CONTINUOUS
10
1.3872283464566928
20
1.7971023622047244
11
1.3860230314960629
21
1.7973421259842519
0
LINE
8
BLACK
6
CONTINUOUS
10
1.3860230314960629
20
1.7973421259842519
11
1.3850012204724409
21
1.798024842519685
0
LINE
8
BLACK
6
CONTINUOUS
10
1.3850012204724409
20
1.798024842519685
11
1.3843185039370078
21
1.799046653543307
0
LINE
8
BLACK
6
CONTINUOUS
10
1.3843185039370078
20
1.799046653543307
11
1.3840787401574803
21
1.8002519685039369
0
LINE
8
BLACK
6
CONTINUOUS
10
1.3840787401574803
20
1.8002519685039369
11
1.3840787401574803
21
1.8120629921259843
0
LINE
8
BLACK
6
CONTINUOUS
10
1.3840787401574803
20
1.8120629921259843
11
1.3843185039370078
21
1.8132683070866142
0
LINE
8
BLACK
6
CONTINUOUS
10
1.3843185039370078
20
1.8132683070866142
11
1.3850012204724409
21
1.8142901181102362
0
LINE
8
BLACK
6
CONTINUOUS
10
1.3850012204724409
20
1.8142901181102362
11
1.3860230314960629
21
1.8149728346456693
0
LINE
8
BLACK
6
CONTINUOUS
10
1.3860230314960629
20
1.8149728346456693
11
1.3872283464566928
21
1.8152125984251968
0
LINE
8
BLACK
6
CONTINUOUS
10
1.3872283464566928
20
1.8152125984251968
11
1.4187244094488189
21
1.8152125984251968
0
LINE
8
BLACK
6
CONTINUOUS
10
1.4187244094488189
20
1.8152125984251968
11
1.4199297244094489
21
1.8149728346456693
0
LINE
8
BLACK
6
CONTINUOUS
10
1.5419769685039371
20
1.8149728346456693
11
1.542998779527559
21
1.8142901181102362
0
LINE
8
BLACK
6
CONTINUOUS
10
1.542998779527559
20
1.8142901181102362
11
1.5436814960629921
21
1.8132683070866142
0
LINE
8
BLACK
6
CONTINUOUS
10
1.5436814960629921
20
1.8132683070866142
11
1.5439212598425196
21
1.8120629921259843
0
LINE
8
BLACK
6
CONTINUOUS
10
1.5439212598425196
20
1.8120629921259843
11
1.5439212598425196
21
1.8002519685039369
0
LINE
8
BLACK
6
CONTINUOUS
10
1.5439212598425196
20
1.8002519685039369
11
1.5436814960629921
21
1.799046653543307
0
LINE
8
BLACK
6
CONTINUOUS
10
1.5436814960629921
20
1.799046653543307
11
1.542998779527559
21
1.798024842519685
0
LINE
8
BLACK
6
CONTINUOUS
10
1.542998779527559
20
1.798024842519685
11
1.5419769685039371
21
1.7973421259842519
0
LINE
8
BLACK
6
CONTINUOUS
10
1.5419769685039371
20
1.7973421259842519
11
1.5407716535433071
21
1.7971023622047244
0
LINE
8
BLACK
6
CONTINUOUS
10
1.5407716535433071
20
1.7971023622047244
11
1.509275590551181
21
1.7971023622047244
0
LINE
8
BLACK
6
CONTINUOUS
10
1.509275590551181
20
1.7971023622047244
11
1.5080702755905511
21
1.7973421259842519
0
LINE
8
BLACK
6
CONTINUOUS
10
1.5080702755905511
20
1.7973421259842519
11
1.5070484645669291
21
1.798024842519685
0
LINE
8
BLACK
6
CONTINUOUS
10
1.5070484645669291
20
1.798024842519685
11
1.506365748031496
21
1.799046653543307
0
LINE
8
BLACK
6
CONTINUOUS
10
1.506365748031496
20
1.799046653543307
11
1.5061259842519685
21
1.8002519685039369
0
LINE
8
BLACK
6
CONTINUOUS
10
1.5061259842519685
20
1.8002519685039369
11
1.5061259842519685
21
1.8120629921259843
0
LINE
8
BLACK
6
CONTINUOUS
10
1.5061259842519685
20
1.8120629921259843
11
1.506365748031496
21
1.8132683070866142
0
LINE
8
BLACK
6
CONTINUOUS
10
1.506365748031496
20
1.8132683070866142
11
1.5070484645669291
21
1.8142901181102362
0
LINE
8
BLACK
6
CONTINUOUS
10
1.5070484645669291
20
1.8142901181102362
11
1.5080702755905511
21
1.8149728346456693
0
LINE
8
BLACK
6
CONTINUOUS
10
1.5080702755905511
20
1.8149728346456693
11
1.509275590551181
21
1.8152125984251968
0
LINE
8
BLACK
6
CONTINUOUS
10
1.509275590551181
20
1.8152125984251968
11
1.5407716535433071
21
1.8152125984251968
0
LINE
8
BLACK
6
CONTINUOUS
10
1.5407716535433071
20
1.8152125984251968
11
1.5419769685039371
21
1.8149728346456693
0
LINE
8
BLACK
6
CONTINUOUS
10
1.4199297244094489
20
1.834657874015748
11
1.4209515354330708
21
1.8339751574803149
0
LINE
8
BLACK
6
CONTINUOUS
10
1.4209515354330708
20
1.8339751574803149
11
1.4216342519685039
21
1.8329533464566929
0
LINE
8
BLACK
6
CONTINUOUS
10
1.4216342519685039
20
1.8329533464566929
11
1.4218740157480314
21
1.831748031496063
0
LINE
8
BLACK
6
CONTINUOUS
10
1.4218740157480314
20
1.831748031496063
11
1.4218740157480314
21
1.8199370078740158
0
LINE
8
BLACK
6
CONTINUOUS
10
1.4218740157480314
20
1.8199370078740158
11
1.4216342519685039
21
1.8187316929133859
0
LINE
8
BLACK
6
CONTINUOUS
10
1.4216342519685039
20
1.8187316929133859
11
1.4209515354330708
21
1.8177098818897637
0
LINE
8
BLACK
6
CONTINUOUS
10
1.4209515354330708
20
1.8177098818897637
11
1.4199297244094489
21
1.8170271653543306
0
LINE
8
BLACK
6
CONTINUOUS
10
1.4199297244094489
20
1.8170271653543306
11
1.4187244094488189
21
1.8167874015748031
0
LINE
8
BLACK
6
CONTINUOUS
10
1.4187244094488189
20
1.8167874015748031
11
1.3872283464566928
21
1.8167874015748031
0
LINE
8
BLACK
6
CONTINUOUS
10
1.3872283464566928
20
1.8167874015748031
11
1.3860230314960629
21
1.8170271653543306
0
LINE
8
BLACK
6
CONTINUOUS
10
1.3860230314960629
20
1.8170271653543306
11
1.3850012204724409
21
1.8177098818897637
0
LINE
8
BLACK
6
CONTINUOUS
10
1.3850012204724409
20
1.8177098818897637
11
1.3843185039370078
21
1.8187316929133859
0
LINE
8
BLACK
6
CONTINUOUS
10
1.3843185039370078
20
1.8187316929133859
11
1.3840787401574803
21
1.8199370078740158
0
LINE
8
BLACK
6
CONTINUOUS
10
1.3840787401574803
20
1.8199370078740158
11
1.3840787401574803
21
1.831748031496063
0
LINE
8
BLACK
6
CONTINUOUS
10
1.3840787401574803
20
1.831748031496063
11
1.3843185039370078
21
1.8329533464566929
0
LINE
8
BLACK
6
CONTINUOUS
10
1.3843185039370078
20
1.8329533464566929
11
1.3850012204724409
21
1.8339751574803149
0
LINE
8
BLACK
6
CONTINUOUS
10
1.3850012204724409
20
1.8339751574803149
11
1.3860230314960629
21
1.834657874015748
0
LINE
8
BLACK
6
CONTINUOUS
10
1.3860230314960629
20
1.834657874015748
11
1.3872283464566928
21
1.8348976377952755
0
LINE
8
BLACK
6
CONTINUOUS
10
1.3872283464566928
20
1.8348976377952755
11
1.4187244094488189
21
1.8348976377952755
0
LINE
8
BLACK
6
CONTINUOUS
10
1.4187244094488189
20
1.8348976377952755
11
1.4199297244094489
21
1.834657874015748
0
LINE
8
BLACK
6
CONTINUOUS
10
1.5419769685039371
20
1.834657874015748
11
1.542998779527559
21
1.8339751574803149
0
LINE
8
BLACK
6
CONTINUOUS
10
1.542998779527559
20
1.8339751574803149
11
1.5436814960629921
21
1.8329533464566929
0
LINE
8
BLACK
6
CONTINUOUS
10
1.5436814960629921
20
1.8329533464566929
11
1.5439212598425196
21
1.831748031496063
0
LINE
8
BLACK
6
CONTINUOUS
10
1.5439212598425196
20
1.831748031496063
11
1.5439212598425196
21
1.8199370078740158
0
LINE
8
BLACK
6
CONTINUOUS
10
1.5439212598425196
20
1.8199370078740158
11
1.5436814960629921
21
1.8187316929133859
0
LINE
8
BLACK
6
CONTINUOUS
10
1.5436814960629921
20
1.8187316929133859
11
1.542998779527559
21
1.8177098818897637
0
LINE
8
BLACK
6
CONTINUOUS
10
1.542998779527559
20
1.8177098818897637
11
1.5419769685039371
21
1.8170271653543306
0
LINE
8
BLACK
6
CONTINUOUS
10
1.5419769685039371
20
1.8170271653543306
11
1.5407716535433071
21
1.8167874015748031
0
LINE
8
BLACK
6
CONTINUOUS
10
1.5407716535433071
20
1.8167874015748031
11
1.509275590551181
21
1.8167874015748031
0
LINE
8
BLACK
6
CONTINUOUS
10
1.509275590551181
20
1.8167874015748031
11
1.5080702755905511
21
1.8170271653543306
0
LINE
8
BLACK
6
CONTINUOUS
10
1.5080702755905511
20
1.8170271653543306
11
1.5070484645669291
21
1.8177098818897637
0
LINE
8
BLACK
6
CONTINUOUS
10
1.5070484645669291
20
1.8177098818897637
11
1.506365748031496
21
1.8187316929133859
0
LINE
8
BLACK
6
CONTINUOUS
10
1.506365748031496
20
1.8187316929133859
11
1.5061259842519685
21
1.8199370078740158
0
LINE
8
BLACK
6
CONTINUOUS
10
1.5061259842519685
20
1.8199370078740158
11
1.5061259842519685
21
1.831748031496063
0
LINE
8
BLACK
6
CONTINUOUS
10
1.5061259842519685
20
1.831748031496063
11
1.506365748031496
21
1.8329533464566929
0
LINE
8
BLACK
6
CONTINUOUS
10
1.506365748031496
20
1.8329533464566929
11
1.5070484645669291
21
1.8339751574803149
0
LINE
8
BLACK
6
CONTINUOUS
10
1.5070484645669291
20
1.8339751574803149
11
1.5080702755905511
21
1.834657874015748
0
LINE
8
BLACK
6
CONTINUOUS
10
1.5080702755905511
20
1.834657874015748
11
1.509275590551181
21
1.8348976377952755
0
LINE
8
BLACK
6
CONTINUOUS
10
1.509275590551181
20
1.8348976377952755
11
1.5407716535433071
21
1.8348976377952755
0
LINE
8
BLACK
6
CONTINUOUS
10
1.5407716535433071
20
1.8348976377952755
11
1.5419769685039371
21
1.834657874015748
0
LINE
8
BLACK
6
CONTINUOUS
10
1.6163468503937009
20
1.8831085039370079
11
1.620436220472441
21
1.8812015748031496
0
LINE
8
BLACK
6
CONTINUOUS
10
1.620436220472441
20
1.8812015748031496
11
1.6236267716535433
21
1.8780110236220473
0
LINE
8
BLACK
6
CONTINUOUS
10
1.6236267716535433
20
1.8780110236220473
11
1.6255337007874016
21
1.873921653543307
0
LINE
8
BLACK
6
CONTINUOUS
10
1.6255337007874016
20
1.873921653543307
11
1.6259763779527558
21
1.8705590551181102
0
LINE
8
BLACK
6
CONTINUOUS
10
1.6259763779527558
20
1.8705590551181102
11
1.6259763779527558
21
1.8331574803149606
0
LINE
8
BLACK
6
CONTINUOUS
10
1.6259763779527558
20
1.8331574803149606
11
1.6255337007874016
21
1.8297948818897638
0
LINE
8
BLACK
6
CONTINUOUS
10
1.6255337007874016
20
1.8297948818897638
11
1.6236267716535433
21
1.8257055118110235
0
LINE
8
BLACK
6
CONTINUOUS
10
1.6236267716535433
20
1.8257055118110235
11
1.620436220472441
21
1.8225149606299211
0
LINE
8
BLACK
6
CONTINUOUS
10
1.620436220472441
20
1.8225149606299211
11
1.6163468503937009
21
1.8206080314960629
0
LINE
8
BLACK
6
CONTINUOUS
10
1.6163468503937009
20
1.8206080314960629
11
1.6129842519685038
21
1.8201653543307086
0
LINE
8
BLACK
6
CONTINUOUS
10
1.6129842519685038
20
1.8201653543307086
11
1.5932992125984251
21
1.8201653543307086
0
LINE
8
BLACK
6
CONTINUOUS
10
1.5932992125984251
20
1.8201653543307086
11
1.5899366141732283
21
1.8206080314960629
0
LINE
8
BLACK
6
CONTINUOUS
10
1.5899366141732283
20
1.8206080314960629
11
1.5858472440944882
21
1.8225149606299211
0
LINE
8
BLACK
6
CONTINUOUS
10
1.5858472440944882
20
1.8225149606299211
11
1.5826566929133858
21
1.8257055118110235
0
LINE
8
BLACK
6
CONTINUOUS
10
1.5826566929133858
20
1.8257055118110235
11
1.5807497637795276
21
1.8297948818897638
0
LINE
8
BLACK
6
CONTINUOUS
10
1.5807497637795276
20
1.8297948818897638
11
1.5803070866141733
21
1.8331574803149606
0
LINE
8
BLACK
6
CONTINUOUS
10
1.5803070866141733
20
1.8331574803149606
11
1.5803070866141733
21
1.8705590551181102
0
LINE
8
BLACK
6
CONTINUOUS
10
1.5803070866141733
20
1.8705590551181102
11
1.5807497637795276
21
1.873921653543307
0
LINE
8
BLACK
6
CONTINUOUS
10
1.5807497637795276
20
1.873921653543307
11
1.5826566929133858
21
1.8780110236220473
0
LINE
8
BLACK
6
CONTINUOUS
10
1.5826566929133858
20
1.8780110236220473
11
1.5858472440944882
21
1.8812015748031496
0
LINE
8
BLACK
6
CONTINUOUS
10
1.5858472440944882
20
1.8812015748031496
11
1.5899366141732283
21
1.8831085039370079
0
LINE
8
BLACK
6
CONTINUOUS
10
1.5899366141732283
20
1.8831085039370079
11
1.5932992125984251
21
1.8835511811023622
0
LINE
8
BLACK
6
CONTINUOUS
10
1.5932992125984251
20
1.8835511811023622
11
1.6129842519685038
21
1.8835511811023622
0
LINE
8
BLACK
6
CONTINUOUS
10
1.6129842519685038
20
1.8835511811023622
11
1.6163468503937009
21
1.8831085039370079
0
LINE
8
BLACK
6
CONTINUOUS
10
1.6911499999999999
20
1.8831085039370079
11
1.69523937007874
21
1.8812015748031496
0
LINE
8
BLACK
6
CONTINUOUS
10
1.69523937007874
20
1.8812015748031496
11
1.6984299212598424
21
1.8780110236220473
0
LINE
8
BLACK
6
CONTINUOUS
10
1.6984299212598424
20
1.8780110236220473
11
1.7003368503937006
21
1.873921653543307
0
LINE
8
BLACK
6
CONTINUOUS
10
1.7003368503937006
20
1.873921653543307
11
1.7007795275590551
21
1.8705590551181102
0
LINE
8
BLACK
6
CONTINUOUS
10
1.7007795275590551
20
1.8705590551181102
11
1.7007795275590551
21
1.8331574803149606
0
LINE
8
BLACK
6
CONTINUOUS
10
1.7007795275590551
20
1.8331574803149606
11
1.7003368503937006
21
1.8297948818897638
0
LINE
8
BLACK
6
CONTINUOUS
10
1.7003368503937006
20
1.8297948818897638
11
1.6984299212598424
21
1.8257055118110235
0
LINE
8
BLACK
6
CONTINUOUS
10
1.6984299212598424
20
1.8257055118110235
11
1.69523937007874
21
1.8225149606299211
0
LINE
8
BLACK
6
CONTINUOUS
10
1.69523937007874
20
1.8225149606299211
11
1.6911499999999999
21
1.8206080314960629
0
LINE
8
BLACK
6
CONTINUOUS
10
1.6911499999999999
20
1.8206080314960629
11
1.6877874015748031
21
1.8201653543307086
0
LINE
8
BLACK
6
CONTINUOUS
10
1.6877874015748031
20
1.8201653543307086
11
1.6681023622047244
21
1.8201653543307086
0
LINE
8
BLACK
6
CONTINUOUS
10
1.6681023622047244
20
1.8201653543307086
11
1.6647397637795276
21
1.8206080314960629
0
LINE
8
BLACK
6
CONTINUOUS
10
1.6647397637795276
20
1.8206080314960629
11
1.6606503937007873
21
1.8225149606299211
0
LINE
8
BLACK
6
CONTINUOUS
10
1.6606503937007873
20
1.8225149606299211
11
1.6574598425196849
21
1.8257055118110235
0
LINE
8
BLACK
6
CONTINUOUS
10
1.6574598425196849
20
1.8257055118110235
11
1.6555529133858267
21
1.8297948818897638
0
LINE
8
BLACK
6
CONTINUOUS
10
1.6555529133858267
20
1.8297948818897638
11
1.6551102362204724
21
1.8331574803149606
0
LINE
8
BLACK
6
CONTINUOUS
10
1.6551102362204724
20
1.8331574803149606
11
1.6551102362204724
21
1.8705590551181102
0
LINE
8
BLACK
6
CONTINUOUS
10
1.6551102362204724
20
1.8705590551181102
11
1.6555529133858267
21
1.873921653543307
0
LINE
8
BLACK
6
CONTINUOUS
10
1.6555529133858267
20
1.873921653543307
11
1.6574598425196849
21
1.8780110236220473
0
LINE
8
BLACK
6
CONTINUOUS
10
1.6574598425196849
20
1.8780110236220473
11
1.6606503937007873
21
1.8812015748031496
0
LINE
8
BLACK
6
CONTINUOUS
10
1.6606503937007873
20
1.8812015748031496
11
1.6647397637795276
21
1.8831085039370079
0
LINE
8
BLACK
6
CONTINUOUS
10
1.6647397637795276
20
1.8831085039370079
11
1.6681023622047244
21
1.8835511811023622
0
LINE
8
BLACK
6
CONTINUOUS
10
1.6681023622047244
20
1.8835511811023622
11
1.6877874015748031
21
1.8835511811023622
0
LINE
8
BLACK
6
CONTINUOUS
10
1.6877874015748031
20
1.8835511811023622
11
1.6911499999999999
21
1.8831085039370079
0
LINE
8
BLACK
6
CONTINUOUS
10
1.3370633858267715
20
1.8669903937007875
11
1.3411527559055119
21
1.8650834645669292
0
LINE
8
BLACK
6
CONTINUOUS
10
1.3411527559055119
20
1.8650834645669292
11
1.3443433070866142
21
1.8618929133858266
0
LINE
8
BLACK
6
CONTINUOUS
10
1.3443433070866142
20
1.8618929133858266
11
1.3462502362204725
21
1.8578035433070865
0
LINE
8
BLACK
6
CONTINUOUS
10
1.3462502362204725
20
1.8578035433070865
11
1.3466929133858268
21
1.8544409448818897
0
LINE
8
BLACK
6
CONTINUOUS
10
1.3466929133858268
20
1.8544409448818897
11
1.3466929133858268
21
1.834755905511811
0
LINE
8
BLACK
6
CONTINUOUS
10
1.3466929133858268
20
1.834755905511811
11
1.3462502362204725
21
1.8313933070866142
0
LINE
8
BLACK
6
CONTINUOUS
10
1.3462502362204725
20
1.8313933070866142
11
1.3443433070866142
21
1.8273039370078741
0
LINE
8
BLACK
6
CONTINUOUS
10
1.3443433070866142
20
1.8273039370078741
11
1.3411527559055119
21
1.8241133858267715
0
LINE
8
BLACK
6
CONTINUOUS
10
1.3411527559055119
20
1.8241133858267715
11
1.3370633858267715
21
1.8222064566929133
0
LINE
8
BLACK
6
CONTINUOUS
10
1.3370633858267715
20
1.8222064566929133
11
1.3337007874015747
21
1.821763779527559
0
LINE
8
BLACK
6
CONTINUOUS
10
1.3337007874015747
20
1.821763779527559
11
1.2962992125984252
21
1.821763779527559
0
LINE
8
BLACK
6
CONTINUOUS
10
1.2962992125984252
20
1.821763779527559
11
1.2929366141732284
21
1.8222064566929133
0
LINE
8
BLACK
6
CONTINUOUS
10
1.2929366141732284
20
1.8222064566929133
11
1.2888472440944883
21
1.8241133858267715
0
LINE
8
BLACK
6
CONTINUOUS
10
1.2888472440944883
20
1.8241133858267715
11
1.2856566929133857
21
1.8273039370078741
0
LINE
8
BLACK
6
CONTINUOUS
10
1.2856566929133857
20
1.8273039370078741
11
1.2837497637795274
21
1.8313933070866142
0
LINE
8
BLACK
6
CONTINUOUS
10
1.2837497637795274
20
1.8313933070866142
11
1.2833070866141731
21
1.834755905511811
0
LINE
8
BLACK
6
CONTINUOUS
10
1.2833070866141731
20
1.834755905511811
11
1.2833070866141731
21
1.8544409448818897
0
LINE
8
BLACK
6
CONTINUOUS
10
1.2833070866141731
20
1.8544409448818897
11
1.2837497637795274
21
1.8578035433070865
0
LINE
8
BLACK
6
CONTINUOUS
10
1.2837497637795274
20
1.8578035433070865
11
1.2856566929133857
21
1.8618929133858266
0
LINE
8
BLACK
6
CONTINUOUS
10
1.2856566929133857
20
1.8618929133858266
11
1.2888472440944883
21
1.8650834645669292
0
LINE
8
BLACK
6
CONTINUOUS
10
1.2888472440944883
20
1.8650834645669292
11
1.2929366141732284
21
1.8669903937007875
0
LINE
8
BLACK
6
CONTINUOUS
10
1.2929366141732284
20
1.8669903937007875
11
1.2962992125984252
21
1.8674330708661417
0
LINE
8
BLACK
6
CONTINUOUS
10
1.2962992125984252
20
1.8674330708661417
11
1.3337007874015747
21
1.8674330708661417
0
LINE
8
BLACK
6
CONTINUOUS
10
1.3337007874015747
20
1.8674330708661417
11
1.3370633858267715
21
1.8669903937007875
0
LINE
8
BLACK
6
CONTINUOUS
10
1.4199297244094489
20
1.8543429133858267
11
1.4209515354330708
21
1.8536601968503936
0
LINE
8
BLACK
6
CONTINUOUS
10
1.4209515354330708
20
1.8536601968503936
11
1.4216342519685039
21
1.8526383858267716
0
LINE
8
BLACK
6
CONTINUOUS
10
1.4216342519685039
20
1.8526383858267716
11
1.4218740157480314
21
1.8514330708661417
0
LINE
8
BLACK
6
CONTINUOUS
10
1.4218740157480314
20
1.8514330708661417
11
1.4218740157480314
21
1.8396220472440945
0
LINE
8
BLACK
6
CONTINUOUS
10
1.4218740157480314
20
1.8396220472440945
11
1.4216342519685039
21
1.8384167322834646
0
LINE
8
BLACK
6
CONTINUOUS
10
1.4216342519685039
20
1.8384167322834646
11
1.4209515354330708
21
1.8373949212598424
0
LINE
8
BLACK
6
CONTINUOUS
10
1.4209515354330708
20
1.8373949212598424
11
1.4199297244094489
21
1.8367122047244093
0
LINE
8
BLACK
6
CONTINUOUS
10
1.4199297244094489
20
1.8367122047244093
11
1.4187244094488189
21
1.8364724409448818
0
LINE
8
BLACK
6
CONTINUOUS
10
1.4187244094488189
20
1.8364724409448818
11
1.3872283464566928
21
1.8364724409448818
0
LINE
8
BLACK
6
CONTINUOUS
10
1.3872283464566928
20
1.8364724409448818
11
1.3860230314960629
21
1.8367122047244093
0
LINE
8
BLACK
6
CONTINUOUS
10
1.3860230314960629
20
1.8367122047244093
11
1.3850012204724409
21
1.8373949212598424
0
LINE
8
BLACK
6
CONTINUOUS
10
1.3850012204724409
20
1.8373949212598424
11
1.3843185039370078
21
1.8384167322834646
0
LINE
8
BLACK
6
CONTINUOUS
10
1.3843185039370078
20
1.8384167322834646
11
1.3840787401574803
21
1.8396220472440945
0
LINE
8
BLACK
6
CONTINUOUS
10
1.3840787401574803
20
1.8396220472440945
11
1.3840787401574803
21
1.8514330708661417
0
LINE
8
BLACK
6
CONTINUOUS
10
1.3840787401574803
20
1.8514330708661417
11
1.3843185039370078
21
1.8526383858267716
0
LINE
8
BLACK
6
CONTINUOUS
10
1.3843185039370078
20
1.8526383858267716
11
1.3850012204724409
21
1.8536601968503936
0
LINE
8
BLACK
6
CONTINUOUS
10
1.3850012204724409
20
1.8536601968503936
11
1.3860230314960629
21
1.8543429133858267
0
LINE
8
BLACK
6
CONTINUOUS
10
1.3860230314960629
20
1.8543429133858267
11
1.3872283464566928
21
1.8545826771653542
0
LINE
8
BLACK
6
CONTINUOUS
10
1.3872283464566928
20
1.8545826771653542
11
1.4187244094488189
21
1.8545826771653542
0
LINE
8
BLACK
6
CONTINUOUS
10
1.4187244094488189
20
1.8545826771653542
11
1.4199297244094489
21
1.8543429133858267
0
LINE
8
BLACK
6
CONTINUOUS
10
1.5419769685039371
20
1.8543429133858267
11
1.542998779527559
21
1.8536601968503936
0
LINE
8
BLACK
6
CONTINUOUS
10
1.542998779527559
20
1.8536601968503936
11
1.5436814960629921
21
1.8526383858267716
0
LINE
8
BLACK
6
CONTINUOUS
10
1.5436814960629921
20
1.8526383858267716
11
1.5439212598425196
21
1.8514330708661417
0
LINE
8
BLACK
6
CONTINUOUS
10
1.5439212598425196
20
1.8514330708661417
11
1.5439212598425196
21
1.8396220472440945
0
LINE
8
BLACK
6
CONTINUOUS
10
1.5439212598425196
20
1.8396220472440945
11
1.5436814960629921
21
1.8384167322834646
0
LINE
8
BLACK
6
CONTINUOUS
10
1.5436814960629921
20
1.8384167322834646
11
1.542998779527559
21
1.8373949212598424
0
LINE
8
BLACK
6
CONTINUOUS
10
1.542998779527559
20
1.8373949212598424
11
1.5419769685039371
21
1.8367122047244093
0
LINE
8
BLACK
6
CONTINUOUS
10
1.5419769685039371
20
1.8367122047244093
11
1.5407716535433071
21
1.8364724409448818
0
LINE
8
BLACK
6
CONTINUOUS
10
1.5407716535433071
20
1.8364724409448818
11
1.509275590551181
21
1.8364724409448818
0
LINE
8
BLACK
6
CONTINUOUS
10
1.509275590551181
20
1.8364724409448818
11
1.5080702755905511
21
1.8367122047244093
0
LINE
8
BLACK
6
CONTINUOUS
10
1.5080702755905511
20
1.8367122047244093
11
1.5070484645669291
21
1.8373949212598424
0
LINE
8
BLACK
6
CONTINUOUS
10
1.5070484645669291
20
1.8373949212598424
11
1.506365748031496
21
1.8384167322834646
0
LINE
8
BLACK
6
CONTINUOUS
10
1.506365748031496
20
1.8384167322834646
11
1.5061259842519685
21
1.8396220472440945
0
LINE
8
BLACK
6
CONTINUOUS
10
1.5061259842519685
20
1.8396220472440945
11
1.5061259842519685
21
1.8514330708661417
0
LINE
8
BLACK
6
CONTINUOUS
10
1.5061259842519685
20
1.8514330708661417
11
1.506365748031496
21
1.8526383858267716
0
LINE
8
BLACK
6
CONTINUOUS
10
1.506365748031496
20
1.8526383858267716
11
1.5070484645669291
21
1.8536601968503936
0
LINE
8
BLACK
6
CONTINUOUS
10
1.5070484645669291
20
1.8536601968503936
11
1.5080702755905511
21
1.8543429133858267
0
LINE
8
BLACK
6
CONTINUOUS
10
1.5080702755905511
20
1.8543429133858267
11
1.509275590551181
21
1.8545826771653542
0
LINE
8
BLACK
6
CONTINUOUS
10
1.509275590551181
20
1.8545826771653542
11
1.5407716535433071
21
1.8545826771653542
0
LINE
8
BLACK
6
CONTINUOUS
10
1.5407716535433071
20
1.8545826771653542
11
1.5419769685039371
21
1.8543429133858267
0
LINE
8
BLACK
6
CONTINUOUS
10
0.6496066929133858
20
1.9098486614173229
11
0.653696062992126
21
1.9079417322834644
0
LINE
8
BLACK
6
CONTINUOUS
10
0.653696062992126
20
1.9079417322834644
11
0.6568866141732284
21
1.9047511811023621
0
LINE
8
BLACK
6
CONTINUOUS
10
0.6568866141732284
20
1.9047511811023621
11
0.6587935433070866
21
1.900661811023622
0
LINE
8
BLACK
6
CONTINUOUS
10
0.6587935433070866
20
1.900661811023622
11
0.6592362204724409
21
1.8972992125984252
0
LINE
8
BLACK
6
CONTINUOUS
10
0.6592362204724409
20
1.8972992125984252
11
0.6592362204724409
21
1.8776141732283465
0
LINE
8
BLACK
6
CONTINUOUS
10
0.6592362204724409
20
1.8776141732283465
11
0.6587935433070866
21
1.8742515748031496
0
LINE
8
BLACK
6
CONTINUOUS
10
0.6587935433070866
20
1.8742515748031496
11
0.6568866141732284
21
1.8701622047244093
0
LINE
8
BLACK
6
CONTINUOUS
10
0.6568866141732284
20
1.8701622047244093
11
0.653696062992126
21
1.866971653543307
0
LINE
8
BLACK
6
CONTINUOUS
10
0.653696062992126
20
1.866971653543307
11
0.6496066929133858
21
1.8650647244094487
0
LINE
8
BLACK
6
CONTINUOUS
10
0.6496066929133858
20
1.8650647244094487
11
0.646244094488189
21
1.8646220472440944
0
LINE
8
BLACK
6
CONTINUOUS
10
0.646244094488189
20
1.8646220472440944
11
0.6088425196850393
21
1.8646220472440944
0
LINE
8
BLACK
6
CONTINUOUS
10
0.6088425196850393
20
1.8646220472440944
11
0.6054799212598425
21
1.8650647244094487
0
LINE
8
BLACK
6
CONTINUOUS
10
0.6054799212598425
20
1.8650647244094487
11
0.6013905511811023
21
1.866971653543307
0
LINE
8
BLACK
6
CONTINUOUS
10
0.6013905511811023
20
1.866971653543307
11
0.5982
21
1.8701622047244093
0
LINE
8
BLACK
6
CONTINUOUS
10
0.5982
20
1.8701622047244093
11
0.5962930708661417
21
1.8742515748031496
0
LINE
8
BLACK
6
CONTINUOUS
10
0.5962930708661417
20
1.8742515748031496
11
0.5958503937007874
21
1.8776141732283465
0
LINE
8
BLACK
6
CONTINUOUS
10
0.5958503937007874
20
1.8776141732283465
11
0.5958503937007874
21
1.8972992125984252
0
LINE
8
BLACK
6
CONTINUOUS
10
0.5958503937007874
20
1.8972992125984252
11
0.5962930708661417
21
1.900661811023622
0
LINE
8
BLACK
6
CONTINUOUS
10
0.5962930708661417
20
1.900661811023622
11
0.5982
21
1.9047511811023621
0
LINE
8
BLACK
6
CONTINUOUS
10
0.5982
20
1.9047511811023621
11
0.6013905511811023
21
1.9079417322834644
0
LINE
8
BLACK
6
CONTINUOUS
10
0.6013905511811023
20
1.9079417322834644
11
0.6054799212598425
21
1.9098486614173229
0
LINE
8
BLACK
6
CONTINUOUS
10
0.6054799212598425
20
1.9098486614173229
11
0.6088425196850393
21
1.9102913385826772
0
LINE
8
BLACK
6
CONTINUOUS
10
0.6088425196850393
20
1.9102913385826772
11
0.646244094488189
21
1.9102913385826772
0
LINE
8
BLACK
6
CONTINUOUS
10
0.646244094488189
20
1.9102913385826772
11
0.6496066929133858
21
1.9098486614173229
0
LINE
8
BLACK
6
CONTINUOUS
10
1.0753468503937007
20
1.9291085039370077
11
1.0794362204724408
21
1.9272015748031495
0
LINE
8
BLACK
6
CONTINUOUS
10
1.0794362204724408
20
1.9272015748031495
11
1.0826267716535434
21
1.9240110236220471
0
LINE
8
BLACK
6
CONTINUOUS
10
1.0826267716535434
20
1.9240110236220471
11
1.0845337007874016
21
1.919921653543307
0
LINE
8
BLACK
6
CONTINUOUS
10
1.0845337007874016
20
1.919921653543307
11
1.0849763779527559
21
1.9165590551181102
0
LINE
8
BLACK
6
CONTINUOUS
10
1.0849763779527559
20
1.9165590551181102
11
1.0849763779527559
21
1.8791574803149607
0
LINE
8
BLACK
6
CONTINUOUS
10
1.0849763779527559
20
1.8791574803149607
11
1.0845337007874016
21
1.8757948818897638
0
LINE
8
BLACK
6
CONTINUOUS
10
1.0845337007874016
20
1.8757948818897638
11
1.0826267716535434
21
1.8717055118110235
0
LINE
8
BLACK
6
CONTINUOUS
10
1.0826267716535434
20
1.8717055118110235
11
1.0794362204724408
21
1.8685149606299212
0
LINE
8
BLACK
6
CONTINUOUS
10
1.0794362204724408
20
1.8685149606299212
11
1.0753468503937007
21
1.8666080314960629
0
LINE
8
BLACK
6
CONTINUOUS
10
1.0753468503937007
20
1.8666080314960629
11
1.0719842519685039
21
1.8661653543307086
0
LINE
8
BLACK
6
CONTINUOUS
10
1.0719842519685039
20
1.8661653543307086
11
1.0522992125984252
21
1.8661653543307086
0
LINE
8
BLACK
6
CONTINUOUS
10
1.0522992125984252
20
1.8661653543307086
11
1.0489366141732284
21
1.8666080314960629
0
LINE
8
BLACK
6
CONTINUOUS
10
1.0489366141732284
20
1.8666080314960629
11
1.0448472440944883
21
1.8685149606299212
0
LINE
8
BLACK
6
CONTINUOUS
10
1.0448472440944883
20
1.8685149606299212
11
1.0416566929133857
21
1.8717055118110235
0
LINE
8
BLACK
6
CONTINUOUS
10
1.0416566929133857
20
1.8717055118110235
11
1.0397497637795274
21
1.8757948818897638
0
LINE
8
BLACK
6
CONTINUOUS
10
1.0397497637795274
20
1.8757948818897638
11
1.0393070866141731
21
1.8791574803149607
0
LINE
8
BLACK
6
CONTINUOUS
10
1.0393070866141731
20
1.8791574803149607
11
1.0393070866141731
21
1.9165590551181102
0
LINE
8
BLACK
6
CONTINUOUS
10
1.0393070866141731
20
1.9165590551181102
11
1.0397497637795274
21
1.919921653543307
0
LINE
8
BLACK
6
CONTINUOUS
10
1.0397497637795274
20
1.919921653543307
11
1.0416566929133857
21
1.9240110236220471
0
LINE
8
BLACK
6
CONTINUOUS
10
1.0416566929133857
20
1.9240110236220471
11
1.0448472440944883
21
1.9272015748031495
0
LINE
8
BLACK
6
CONTINUOUS
10
1.0448472440944883
20
1.9272015748031495
11
1.0489366141732284
21
1.9291085039370077
0
LINE
8
BLACK
6
CONTINUOUS
10
1.0489366141732284
20
1.9291085039370077
11
1.0522992125984252
21
1.9295511811023622
0
LINE
8
BLACK
6
CONTINUOUS
10
1.0522992125984252
20
1.9295511811023622
11
1.0719842519685039
21
1.9295511811023622
0
LINE
8
BLACK
6
CONTINUOUS
10
1.0719842519685039
20
1.9295511811023622
11
1.0753468503937007
21
1.9291085039370077
0
LINE
8
BLACK
6
CONTINUOUS
10
1.15015
20
1.9291085039370077
11
1.1542393700787401
21
1.9272015748031495
0
LINE
8
BLACK
6
CONTINUOUS
10
1.1542393700787401
20
1.9272015748031495
11
1.1574299212598425
21
1.9240110236220471
0
LINE
8
BLACK
6
CONTINUOUS
10
1.1574299212598425
20
1.9240110236220471
11
1.1593368503937007
21
1.919921653543307
0
LINE
8
BLACK
6
CONTINUOUS
10
1.1593368503937007
20
1.919921653543307
11
1.159779527559055
21
1.9165590551181102
0
LINE
8
BLACK
6
CONTINUOUS
10
1.159779527559055
20
1.9165590551181102
11
1.159779527559055
21
1.8791574803149607
0
LINE
8
BLACK
6
CONTINUOUS
10
1.159779527559055
20
1.8791574803149607
11
1.1593368503937007
21
1.8757948818897638
0
LINE
8
BLACK
6
CONTINUOUS
10
1.1593368503937007
20
1.8757948818897638
11
1.1574299212598425
21
1.8717055118110235
0
LINE
8
BLACK
6
CONTINUOUS
10
1.1574299212598425
20
1.8717055118110235
11
1.1542393700787401
21
1.8685149606299212
0
LINE
8
BLACK
6
CONTINUOUS
10
1.1542393700787401
20
1.8685149606299212
11
1.15015
21
1.8666080314960629
0
LINE
8
BLACK
6
CONTINUOUS
10
1.15015
20
1.8666080314960629
11
1.1467874015748032
21
1.8661653543307086
0
LINE
8
BLACK
6
CONTINUOUS
10
1.1467874015748032
20
1.8661653543307086
11
1.1271023622047245
21
1.8661653543307086
0
LINE
8
BLACK
6
CONTINUOUS
10
1.1271023622047245
20
1.8661653543307086
11
1.1237397637795274
21
1.8666080314960629
0
LINE
8
BLACK
6
CONTINUOUS
10
1.1237397637795274
20
1.8666080314960629
11
1.1196503937007873
21
1.8685149606299212
0
LINE
8
BLACK
6
CONTINUOUS
10
1.1196503937007873
20
1.8685149606299212
11
1.116459842519685
21
1.8717055118110235
0
LINE
8
BLACK
6
CONTINUOUS
10
1.116459842519685
20
1.8717055118110235
11
1.1145529133858267
21
1.8757948818897638
0
LINE
8
BLACK
6
CONTINUOUS
10
1.1145529133858267
20
1.8757948818897638
11
1.1141102362204724
21
1.8791574803149607
0
LINE
8
BLACK
6
CONTINUOUS
10
1.1141102362204724
20
1.8791574803149607
11
1.1141102362204724
21
1.9165590551181102
0
LINE
8
BLACK
6
CONTINUOUS
10
1.1141102362204724
20
1.9165590551181102
11
1.1145529133858267
21
1.919921653543307
0
LINE
8
BLACK
6
CONTINUOUS
10
1.1145529133858267
20
1.919921653543307
11
1.116459842519685
21
1.9240110236220471
0
LINE
8
BLACK
6
CONTINUOUS
10
1.116459842519685
20
1.9240110236220471
11
1.1196503937007873
21
1.9272015748031495
0
LINE
8
BLACK
6
CONTINUOUS
10
1.1196503937007873
20
1.9272015748031495
11
1.1237397637795274
21
1.9291085039370077
0
LINE
8
BLACK
6
CONTINUOUS
10
1.1237397637795274
20
1.9291085039370077
11
1.1271023622047245
21
1.9295511811023622
0
LINE
8
BLACK
6
CONTINUOUS
10
1.1271023622047245
20
1.9295511811023622
11
1.1467874015748032
21
1.9295511811023622
0
LINE
8
BLACK
6
CONTINUOUS
10
1.1467874015748032
20
1.9295511811023622
11
1.15015
21
1.9291085039370077
0
LINE
8
BLACK
6
CONTINUOUS
10
0.9358035433070866
20
1.9292502362204724
11
0.9398929133858267
21
1.9273433070866142
0
LINE
8
BLACK
6
CONTINUOUS
10
0.9398929133858267
20
1.9273433070866142
11
0.9430834645669292
21
1.9241527559055118
0
LINE
8
BLACK
6
CONTINUOUS
10
0.9430834645669292
20
1.9241527559055118
11
0.9449903937007874
21
1.9200633858267717
0
LINE
8
BLACK
6
CONTINUOUS
10
0.9449903937007874
20
1.9200633858267717
11
0.9454330708661417
21
1.9167007874015747
0
LINE
8
BLACK
6
CONTINUOUS
10
0.9454330708661417
20
1.9167007874015747
11
0.9454330708661417
21
1.8792992125984251
0
LINE
8
BLACK
6
CONTINUOUS
10
0.9454330708661417
20
1.8792992125984251
11
0.9449903937007874
21
1.8759366141732283
0
LINE
8
BLACK
6
CONTINUOUS
10
0.9449903937007874
20
1.8759366141732283
11
0.9430834645669292
21
1.8718472440944882
0
LINE
8
BLACK
6
CONTINUOUS
10
0.9430834645669292
20
1.8718472440944882
11
0.9398929133858267
21
1.8686566929133859
0
LINE
8
BLACK
6
CONTINUOUS
10
0.9398929133858267
20
1.8686566929133859
11
0.9358035433070866
21
1.8667497637795276
0
LINE
8
BLACK
6
CONTINUOUS
10
0.9358035433070866
20
1.8667497637795276
11
0.9324409448818898
21
1.8663070866141731
0
LINE
8
BLACK
6
CONTINUOUS
10
0.9324409448818898
20
1.8663070866141731
11
0.912755905511811
21
1.8663070866141731
0
LINE
8
BLACK
6
CONTINUOUS
10
0.912755905511811
20
1.8663070866141731
11
0.9093933070866141
21
1.8667497637795276
0
LINE
8
BLACK
6
CONTINUOUS
10
0.9093933070866141
20
1.8667497637795276
11
0.905303937007874
21
1.8686566929133859
0
LINE
8
BLACK
6
CONTINUOUS
10
0.905303937007874
20
1.8686566929133859
11
0.9021133858267716
21
1.8718472440944882
0
LINE
8
BLACK
6
CONTINUOUS
10
0.9021133858267716
20
1.8718472440944882
11
0.9002064566929133
21
1.8759366141732283
0
LINE
8
BLACK
6
CONTINUOUS
10
0.9002064566929133
20
1.8759366141732283
11
0.899763779527559
21
1.8792992125984251
0
LINE
8
BLACK
6
CONTINUOUS
10
0.899763779527559
20
1.8792992125984251
11
0.899763779527559
21
1.9167007874015747
0
LINE
8
BLACK
6
CONTINUOUS
10
0.899763779527559
20
1.9167007874015747
11
0.9002064566929133
21
1.9200633858267717
0
LINE
8
BLACK
6
CONTINUOUS
10
0.9002064566929133
20
1.9200633858267717
11
0.9021133858267716
21
1.9241527559055118
0
LINE
8
BLACK
6
CONTINUOUS
10
0.9021133858267716
20
1.9241527559055118
11
0.905303937007874
21
1.9273433070866142
0
LINE
8
BLACK
6
CONTINUOUS
10
0.905303937007874
20
1.9273433070866142
11
0.9093933070866141
21
1.9292502362204724
0
LINE
8
BLACK
6
CONTINUOUS
10
0.9093933070866141
20
1.9292502362204724
11
0.912755905511811
21
1.9296929133858267
0
LINE
8
BLACK
6
CONTINUOUS
10
0.912755905511811
20
1.9296929133858267
11
0.9324409448818898
21
1.9296929133858267
0
LINE
8
BLACK
6
CONTINUOUS
10
0.9324409448818898
20
1.9296929133858267
11
0.9358035433070866
21
1.9292502362204724
0
LINE
8
BLACK
6
CONTINUOUS
10
1.0106066929133859
20
1.9292502362204724
11
1.014696062992126
21
1.9273433070866142
0
LINE
8
BLACK
6
CONTINUOUS
10
1.014696062992126
20
1.9273433070866142
11
1.0178866141732283
21
1.9241527559055118
0
LINE
8
BLACK
6
CONTINUOUS
10
1.0178866141732283
20
1.9241527559055118
11
1.0197935433070866
21
1.9200633858267717
0
LINE
8
BLACK
6
CONTINUOUS
10
1.0197935433070866
20
1.9200633858267717
11
1.0202362204724409
21
1.9167007874015747
0
LINE
8
BLACK
6
CONTINUOUS
10
1.0202362204724409
20
1.9167007874015747
11
1.0202362204724409
21
1.8792992125984251
0
LINE
8
BLACK
6
CONTINUOUS
10
1.0202362204724409
20
1.8792992125984251
11
1.0197935433070866
21
1.8759366141732283
0
LINE
8
BLACK
6
CONTINUOUS
10
1.0197935433070866
20
1.8759366141732283
11
1.0178866141732283
21
1.8718472440944882
0
LINE
8
BLACK
6
CONTINUOUS
10
1.0178866141732283
20
1.8718472440944882
11
1.014696062992126
21
1.8686566929133859
0
LINE
8
BLACK
6
CONTINUOUS
10
1.014696062992126
20
1.8686566929133859
11
1.0106066929133859
21
1.8667497637795276
0
LINE
8
BLACK
6
CONTINUOUS
10
1.0106066929133859
20
1.8667497637795276
11
1.0072440944881889
21
1.8663070866141731
0
LINE
8
BLACK
6
CONTINUOUS
10
1.0072440944881889
20
1.8663070866141731
11
0.9875590551181103
21
1.8663070866141731
0
LINE
8
BLACK
6
CONTINUOUS
10
0.9875590551181103
20
1.8663070866141731
11
0.9841964566929133
21
1.8667497637795276
0
LINE
8
BLACK
6
CONTINUOUS
10
0.9841964566929133
20
1.8667497637795276
11
0.9801070866141732
21
1.8686566929133859
0
LINE
8
BLACK
6
CONTINUOUS
10
0.9801070866141732
20
1.8686566929133859
11
0.9769165354330709
21
1.8718472440944882
0
LINE
8
BLACK
6
CONTINUOUS
10
0.9769165354330709
20
1.8718472440944882
11
0.9750096062992126
21
1.8759366141732283
0
LINE
8
BLACK
6
CONTINUOUS
10
0.9750096062992126
20
1.8759366141732283
11
0.9745669291338582
21
1.8792992125984251
0
LINE
8
BLACK
6
CONTINUOUS
10
0.9745669291338582
20
1.8792992125984251
11
0.9745669291338582
21
1.9167007874015747
0
LINE
8
BLACK
6
CONTINUOUS
10
0.9745669291338582
20
1.9167007874015747
11
0.9750096062992126
21
1.9200633858267717
0
LINE
8
BLACK
6
CONTINUOUS
10
0.9750096062992126
20
1.9200633858267717
11
0.9769165354330709
21
1.9241527559055118
0
LINE
8
BLACK
6
CONTINUOUS
10
0.9769165354330709
20
1.9241527559055118
11
0.9801070866141732
21
1.9273433070866142
0
LINE
8
BLACK
6
CONTINUOUS
10
0.9801070866141732
20
1.9273433070866142
11
0.9841964566929133
21
1.9292502362204724
0
LINE
8
BLACK
6
CONTINUOUS
10
0.9841964566929133
20
1.9292502362204724
11
0.9875590551181103
21
1.9296929133858267
0
LINE
8
BLACK
6
CONTINUOUS
10
0.9875590551181103
20
1.9296929133858267
11
1.0072440944881889
21
1.9296929133858267
0
LINE
8
BLACK
6
CONTINUOUS
10
1.0072440944881889
20
1.9296929133858267
11
1.0106066929133859
21
1.9292502362204724
0
LINE
8
BLACK
6
CONTINUOUS
10
2.3290791338582677
20
1.9138092913385827
11
2.3331685039370078
21
1.9119023622047244
0
LINE
8
BLACK
6
CONTINUOUS
10
2.3331685039370078
20
1.9119023622047244
11
2.3363590551181104
21
1.9087118110236221
0
LINE
8
BLACK
6
CONTINUOUS
10
2.3363590551181104
20
1.9087118110236221
11
2.3382659842519686
21
1.9046224409448818
0
LINE
8
BLACK
6
CONTINUOUS
10
2.3382659842519686
20
1.9046224409448818
11
2.3387086614173227
21
1.9012598425196849
0
LINE
8
BLACK
6
CONTINUOUS
10
2.3387086614173227
20
1.9012598425196849
11
2.3387086614173227
21
1.8805905511811023
0
LINE
8
BLACK
6
CONTINUOUS
10
2.3387086614173227
20
1.8805905511811023
11
2.3382659842519686
21
1.8772279527559055
0
LINE
8
BLACK
6
CONTINUOUS
10
2.3382659842519686
20
1.8772279527559055
11
2.3363590551181104
21
1.8731385826771654
0
LINE
8
BLACK
6
CONTINUOUS
10
2.3363590551181104
20
1.8731385826771654
11
2.3331685039370078
21
1.869948031496063
0
LINE
8
BLACK
6
CONTINUOUS
10
2.3331685039370078
20
1.869948031496063
11
2.3290791338582677
21
1.8680411023622048
0
LINE
8
BLACK
6
CONTINUOUS
10
2.3290791338582677
20
1.8680411023622048
11
2.3257165354330707
21
1.8675984251968503
0
LINE
8
BLACK
6
CONTINUOUS
10
2.3257165354330707
20
1.8675984251968503
11
2.290283464566929
21
1.8675984251968503
0
LINE
8
BLACK
6
CONTINUOUS
10
2.290283464566929
20
1.8675984251968503
11
2.2869208661417324
21
1.8680411023622048
0
LINE
8
BLACK
6
CONTINUOUS
10
2.2869208661417324
20
1.8680411023622048
11
2.2828314960629923
21
1.869948031496063
0
LINE
8
BLACK
6
CONTINUOUS
10
2.2828314960629923
20
1.869948031496063
11
2.2796409448818897
21
1.8731385826771654
0
LINE
8
BLACK
6
CONTINUOUS
10
2.2796409448818897
20
1.8731385826771654
11
2.2777340157480315
21
1.8772279527559055
0
LINE
8
BLACK
6
CONTINUOUS
10
2.2777340157480315
20
1.8772279527559055
11
2.277291338582677
21
1.8805905511811023
0
LINE
8
BLACK
6
CONTINUOUS
10
2.277291338582677
20
1.8805905511811023
11
2.277291338582677
21
1.9012598425196849
0
LINE
8
BLACK
6
CONTINUOUS
10
2.277291338582677
20
1.9012598425196849
11
2.2777340157480315
21
1.9046224409448818
0
LINE
8
BLACK
6
CONTINUOUS
10
2.2777340157480315
20
1.9046224409448818
11
2.2796409448818897
21
1.9087118110236221
0
LINE
8
BLACK
6
CONTINUOUS
10
2.2796409448818897
20
1.9087118110236221
11
2.2828314960629923
21
1.9119023622047244
0
LINE
8
BLACK
6
CONTINUOUS
10
2.2828314960629923
20
1.9119023622047244
11
2.2869208661417324
21
1.9138092913385827
0
LINE
8
BLACK
6
CONTINUOUS
10
2.2869208661417324
20
1.9138092913385827
11
2.290283464566929
21
1.914251968503937
0
LINE
8
BLACK
6
CONTINUOUS
10
2.290283464566929
20
1.914251968503937
11
2.3257165354330707
21
1.914251968503937
0
LINE
8
BLACK
6
CONTINUOUS
10
2.3257165354330707
20
1.914251968503937
11
2.3290791338582677
21
1.9138092913385827
0
LINE
8
BLACK
6
CONTINUOUS
10
0.7314022440944882
20
1.9027280314960628
11
0.7343399606299212
21
1.9007651574803148
0
LINE
8
BLACK
6
CONTINUOUS
10
0.7343399606299212
20
1.9007651574803148
11
0.7363028346456693
21
1.8978274409448819
0
LINE
8
BLACK
6
CONTINUOUS
10
0.7363028346456693
20
1.8978274409448819
11
0.7369921259842519
21
1.8943622047244093
0
LINE
8
BLACK
6
CONTINUOUS
10
0.7369921259842519
20
1.8943622047244093
11
0.7369921259842519
21
1.8825511811023621
0
LINE
8
BLACK
6
CONTINUOUS
10
0.7369921259842519
20
1.8825511811023621
11
0.7363028346456693
21
1.8790859448818897
0
LINE
8
BLACK
6
CONTINUOUS
10
0.7363028346456693
20
1.8790859448818897
11
0.7343399606299212
21
1.8761482283464566
0
LINE
8
BLACK
6
CONTINUOUS
10
0.7343399606299212
20
1.8761482283464566
11
0.7314022440944882
21
1.8741853543307085
0
LINE
8
BLACK
6
CONTINUOUS
10
0.7314022440944882
20
1.8741853543307085
11
0.7279370078740157
21
1.873496062992126
0
LINE
8
BLACK
6
CONTINUOUS
10
0.7279370078740157
20
1.873496062992126
11
0.6875826771653543
21
1.873496062992126
0
LINE
8
BLACK
6
CONTINUOUS
10
0.6875826771653543
20
1.873496062992126
11
0.6841174409448819
21
1.8741853543307085
0
LINE
8
BLACK
6
CONTINUOUS
10
0.6841174409448819
20
1.8741853543307085
11
0.6811797244094489
21
1.8761482283464566
0
LINE
8
BLACK
6
CONTINUOUS
10
0.6811797244094489
20
1.8761482283464566
11
0.6792168503937007
21
1.8790859448818897
0
LINE
8
BLACK
6
CONTINUOUS
10
0.6792168503937007
20
1.8790859448818897
11
0.6785275590551181
21
1.8825511811023621
0
LINE
8
BLACK
6
CONTINUOUS
10
0.6785275590551181
20
1.8825511811023621
11
0.6785275590551181
21
1.8943622047244093
0
LINE
8
BLACK
6
CONTINUOUS
10
0.6785275590551181
20
1.8943622047244093
11
0.6792168503937007
21
1.8978274409448819
0
LINE
8
BLACK
6
CONTINUOUS
10
0.6792168503937007
20
1.8978274409448819
11
0.6811797244094489
21
1.9007651574803148
0
LINE
8
BLACK
6
CONTINUOUS
10
0.6811797244094489
20
1.9007651574803148
11
0.6841174409448819
21
1.9027280314960628
0
LINE
8
BLACK
6
CONTINUOUS
10
0.6841174409448819
20
1.9027280314960628
11
0.6875826771653543
21
1.9034173228346456
0
LINE
8
BLACK
6
CONTINUOUS
10
0.6875826771653543
20
1.9034173228346456
11
0.7279370078740157
21
1.9034173228346456
0
LINE
8
BLACK
6
CONTINUOUS
10
0.7279370078740157
20
1.9034173228346456
11
0.7314022440944882
21
1.9027280314960628
0
LINE
8
BLACK
6
CONTINUOUS
10
0.8209691732283464
20
1.9027280314960628
11
0.8239068897637795
21
1.9007651574803148
0
LINE
8
BLACK
6
CONTINUOUS
10
0.8239068897637795
20
1.9007651574803148
11
0.8258697637795276
21
1.8978274409448819
0
LINE
8
BLACK
6
CONTINUOUS
10
0.8258697637795276
20
1.8978274409448819
11
0.8265590551181102
21
1.8943622047244093
0
LINE
8
BLACK
6
CONTINUOUS
10
0.8265590551181102
20
1.8943622047244093
11
0.8265590551181102
21
1.8825511811023621
0
LINE
8
BLACK
6
CONTINUOUS
10
0.8265590551181102
20
1.8825511811023621
11
0.8258697637795276
21
1.8790859448818897
0
LINE
8
BLACK
6
CONTINUOUS
10
0.8258697637795276
20
1.8790859448818897
11
0.8239068897637795
21
1.8761482283464566
0
LINE
8
BLACK
6
CONTINUOUS
10
0.8239068897637795
20
1.8761482283464566
11
0.8209691732283464
21
1.8741853543307085
0
LINE
8
BLACK
6
CONTINUOUS
10
0.8209691732283464
20
1.8741853543307085
11
0.817503937007874
21
1.873496062992126
0
LINE
8
BLACK
6
CONTINUOUS
10
0.817503937007874
20
1.873496062992126
11
0.7771496062992126
21
1.873496062992126
0
LINE
8
BLACK
6
CONTINUOUS
10
0.7771496062992126
20
1.873496062992126
11
0.7736843700787401
21
1.8741853543307085
0
LINE
8
BLACK
6
CONTINUOUS
10
0.7736843700787401
20
1.8741853543307085
11
0.7707466535433071
21
1.8761482283464566
0
LINE
8
BLACK
6
CONTINUOUS
10
0.7707466535433071
20
1.8761482283464566
11
0.7687837795275591
21
1.8790859448818897
0
LINE
8
BLACK
6
CONTINUOUS
10
0.7687837795275591
20
1.8790859448818897
11
0.7680944881889764
21
1.8825511811023621
0
LINE
8
BLACK
6
CONTINUOUS
10
0.7680944881889764
20
1.8825511811023621
11
0.7680944881889764
21
1.8943622047244093
0
LINE
8
BLACK
6
CONTINUOUS
10
0.7680944881889764
20
1.8943622047244093
11
0.7687837795275591
21
1.8978274409448819
0
LINE
8
BLACK
6
CONTINUOUS
10
0.7687837795275591
20
1.8978274409448819
11
0.7707466535433071
21
1.9007651574803148
0
LINE
8
BLACK
6
CONTINUOUS
10
0.7707466535433071
20
1.9007651574803148
11
0.7736843700787401
21
1.9027280314960628
0
LINE
8
BLACK
6
CONTINUOUS
10
0.7736843700787401
20
1.9027280314960628
11
0.7771496062992126
21
1.9034173228346456
0
LINE
8
BLACK
6
CONTINUOUS
10
0.7771496062992126
20
1.9034173228346456
11
0.817503937007874
21
1.9034173228346456
0
LINE
8
BLACK
6
CONTINUOUS
10
0.817503937007874
20
1.9034173228346456
11
0.8209691732283464
21
1.9027280314960628
0
LINE
8
BLACK
6
CONTINUOUS
10
0.413576811023622
20
2.120497401574803
11
0.4269828346456693
21
2.1182196062992125
0
LINE
8
BLACK
6
CONTINUOUS
10
0.4269828346456693
20
2.1182196062992125
11
0.4400496062992126
21
2.114455157480315
0
LINE
8
BLACK
6
CONTINUOUS
10
0.4400496062992126
20
2.114455157480315
11
0.4526126771653543
21
2.109251338582677
0
LINE
8
BLACK
6
CONTINUOUS
10
0.4526126771653543
20
2.109251338582677
11
0.4645141338582677
21
2.1026736614173229
0
LINE
8
BLACK
6
CONTINUOUS
10
0.4645141338582677
20
2.1026736614173229
11
0.4756042913385827
21
2.0948047637795275
0
LINE
8
BLACK
6
CONTINUOUS
10
0.4756042913385827
20
2.0948047637795275
11
0.4857436614173228
21
2.0857436614173226
0
LINE
8
BLACK
6
CONTINUOUS
10
0.4857436614173228
20
2.0857436614173226
11
0.4948047637795275
21
2.0756042913385828
0
LINE
8
BLACK
6
CONTINUOUS
10
0.4948047637795275
20
2.0756042913385828
11
0.5026736614173228
21
2.0645141338582675
0
LINE
8
BLACK
6
CONTINUOUS
10
0.5026736614173228
20
2.0645141338582675
11
0.5092513385826771
21
2.0526126771653543
0
LINE
8
BLACK
6
CONTINUOUS
10
0.5092513385826771
20
2.0526126771653543
11
0.5144551574803149
21
2.0400496062992124
0
LINE
8
BLACK
6
CONTINUOUS
10
0.5144551574803149
20
2.0400496062992124
11
0.5182196062992126
21
2.0269828346456693
0
LINE
8
BLACK
6
CONTINUOUS
10
0.5182196062992126
20
2.0269828346456693
11
0.5204974015748032
21
2.0135768110236221
0
LINE
8
BLACK
6
CONTINUOUS
10
0.5204974015748032
20
2.0135768110236221
11
0.521259842519685
21
2.
0
LINE
8
BLACK
6
CONTINUOUS
10
0.521259842519685
20
2.
11
0.5204974015748032
21
1.9864231889763779
0
LINE
8
BLACK
6
CONTINUOUS
10
0.5204974015748032
20
1.9864231889763779
11
0.5182196062992126
21
1.9730171653543307
0
LINE
8
BLACK
6
CONTINUOUS
10
0.5182196062992126
20
1.9730171653543307
11
0.5144551574803149
21
1.9599503937007874
0
LINE
8
BLACK
6
CONTINUOUS
10
0.5144551574803149
20
1.9599503937007874
11
0.5092513385826771
21
1.9473873228346457
0
LINE
8
BLACK
6
CONTINUOUS
10
0.5092513385826771
20
1.9473873228346457
11
0.5026736614173228
21
1.9354858661417322
0
LINE
8
BLACK
6
CONTINUOUS
10
0.5026736614173228
20
1.9354858661417322
11
0.4948047637795275
21
1.9243957086614172
0
LINE
8
BLACK
6
CONTINUOUS
10
0.4948047637795275
20
1.9243957086614172
11
0.4857436614173228
21
1.9142563385826772
0
LINE
8
BLACK
6
CONTINUOUS
10
0.4857436614173228
20
1.9142563385826772
11
0.4756042913385827
21
1.9051952362204725
0
LINE
8
BLACK
6
CONTINUOUS
10
0.4756042913385827
20
1.9051952362204725
11
0.4645141338582677
21
1.8973263385826771
0
LINE
8
BLACK
6
CONTINUOUS
10
0.4645141338582677
20
1.8973263385826771
11
0.4526126771653543
21
1.8907486614173228
0
LINE
8
BLACK
6
CONTINUOUS
10
0.4526126771653543
20
1.8907486614173228
11
0.4400496062992126
21
1.885544842519685
0
LINE
8
BLACK
6
CONTINUOUS
10
0.4400496062992126
20
1.885544842519685
11
0.4269828346456693
21
1.8817803937007873
0
LINE
8
BLACK
6
CONTINUOUS
10
0.4269828346456693
20
1.8817803937007873
11
0.413576811023622
21
1.8795025984251967
0
LINE
8
BLACK
6
CONTINUOUS
10
0.413576811023622
20
1.8795025984251967
11
0.4
21
1.8787401574803149
0
LINE
8
BLACK
6
CONTINUOUS
10
0.4
20
1.8787401574803149
11
0.386423188976378
21
1.8795025984251967
0
LINE
8
BLACK
6
CONTINUOUS
10
0.386423188976378
20
1.8795025984251967
11
0.3730171653543307
21
1.8817803937007873
0
LINE
8
BLACK
6
CONTINUOUS
10
0.3730171653543307
20
1.8817803937007873
11
0.3599503937007874
21
1.885544842519685
0
LINE
8
BLACK
6
CONTINUOUS
10
0.3599503937007874
20
1.885544842519685
11
0.3473873228346457
21
1.8907486614173228
0
LINE
8
BLACK
6
CONTINUOUS
10
0.3473873228346457
20
1.8907486614173228
11
0.3354858661417323
21
1.8973263385826771
0
LINE
8
BLACK
6
CONTINUOUS
10
0.3354858661417323
20
1.8973263385826771
11
0.3243957086614173
21
1.9051952362204725
0
LINE
8
BLACK
6
CONTINUOUS
10
0.3243957086614173
20
1.9051952362204725
11
0.3142563385826772
21
1.9142563385826772
0
LINE
8
BLACK
6
CONTINUOUS
10
0.3142563385826772
20
1.9142563385826772
11
0.3051952362204725
21
1.9243957086614172
0
LINE
8
BLACK
6
CONTINUOUS
10
0.3051952362204725
20
1.9243957086614172
11
0.2973263385826772
21
1.9354858661417322
0
LINE
8
BLACK
6
CONTINUOUS
10
0.2973263385826772
20
1.9354858661417322
11
0.2907486614173228
21
1.9473873228346457
0
LINE
8
BLACK
6
CONTINUOUS
10
0.2907486614173228
20
1.9473873228346457
11
0.285544842519685
21
1.9599503937007874
0
LINE
8
BLACK
6
CONTINUOUS
10
0.285544842519685
20
1.9599503937007874
11
0.2817803937007874
21
1.9730171653543307
0
LINE
8
BLACK
6
CONTINUOUS
10
0.2817803937007874
20
1.9730171653543307
11
0.2795025984251969
21
1.9864231889763779
0
LINE
8
BLACK
6
CONTINUOUS
10
0.2795025984251969
20
1.9864231889763779
11
0.2787401574803149
21
2.
0
LINE
8
BLACK
6
CONTINUOUS
10
0.2787401574803149
20
2.
11
0.2795025984251969
21
2.0135768110236221
0
LINE
8
BLACK
6
CONTINUOUS
10
0.2795025984251969
20
2.0135768110236221
11
0.2817803937007874
21
2.0269828346456693
0
LINE
8
BLACK
6
CONTINUOUS
10
0.2817803937007874
20
2.0269828346456693
11
0.285544842519685
21
2.0400496062992124
0
LINE
8
BLACK
6
CONTINUOUS
10
0.285544842519685
20
2.0400496062992124
11
0.2907486614173228
21
2.0526126771653543
0
LINE
8
BLACK
6
CONTINUOUS
10
0.2907486614173228
20
2.0526126771653543
11
0.2973263385826772
21
2.0645141338582675
0
LINE
8
BLACK
6
CONTINUOUS
10
0.2973263385826772
20
2.0645141338582675
11
0.3051952362204725
21
2.0756042913385828
0
LINE
8
BLACK
6
CONTINUOUS
10
0.3051952362204725
20
2.0756042913385828
11
0.3142563385826772
21
2.0857436614173226
0
LINE
8
BLACK
6
CONTINUOUS
10
0.3142563385826772
20
2.0857436614173226
11
0.3243957086614173
21
2.0948047637795275
0
LINE
8
BLACK
6
CONTINUOUS
10
0.3243957086614173
20
2.0948047637795275
11
0.3354858661417323
21
2.1026736614173229
0
LINE
8
BLACK
6
CONTINUOUS
10
0.3354858661417323
20
2.1026736614173229
11
0.3473873228346457
21
2.109251338582677
0
LINE
8
BLACK
6
CONTINUOUS
10
0.3473873228346457
20
2.109251338582677
11
0.3599503937007874
21
2.114455157480315
0
LINE
8
BLACK
6
CONTINUOUS
10
0.3599503937007874
20
2.114455157480315
11
0.3730171653543307
21
2.1182196062992125
0
LINE
8
BLACK
6
CONTINUOUS
10
0.3730171653543307
20
2.1182196062992125
11
0.386423188976378
21
2.120497401574803
0
LINE
8
BLACK
6
CONTINUOUS
10
0.386423188976378
20
2.120497401574803
11
0.4
21
2.1212598425196849
0
LINE
8
BLACK
6
CONTINUOUS
10
0.4
20
2.1212598425196849
11
0.413576811023622
21
2.120497401574803
0
LINE
8
BLACK
6
CONTINUOUS
10
2.8135768110236219
20
2.120497401574803
11
2.8269828346456691
21
2.1182196062992125
0
LINE
8
BLACK
6
CONTINUOUS
10
2.8269828346456691
20
2.1182196062992125
11
2.8400496062992127
21
2.114455157480315
0
LINE
8
BLACK
6
CONTINUOUS
10
2.8400496062992127
20
2.114455157480315
11
2.8526126771653542
21
2.109251338582677
0
LINE
8
BLACK
6
CONTINUOUS
10
2.8526126771653542
20
2.109251338582677
11
2.8645141338582678
21
2.1026736614173229
0
LINE
8
BLACK
6
CONTINUOUS
10
2.8645141338582678
20
2.1026736614173229
11
2.8756042913385826
21
2.0948047637795275
0
LINE
8
BLACK
6
CONTINUOUS
10
2.8756042913385826
20
2.0948047637795275
11
2.8857436614173229
21
2.0857436614173226
0
LINE
8
BLACK
6
CONTINUOUS
10
2.8857436614173229
20
2.0857436614173226
11
2.8948047637795273
21
2.0756042913385828
0
LINE
8
BLACK
6
CONTINUOUS
10
2.8948047637795273
20
2.0756042913385828
11
2.9026736614173227
21
2.0645141338582675
0
LINE
8
BLACK
6
CONTINUOUS
10
2.9026736614173227
20
2.0645141338582675
11
2.9092513385826773
21
2.0526126771653543
0
LINE
8
BLACK
6
CONTINUOUS
10
2.9092513385826773
20
2.0526126771653543
11
2.9144551574803148
21
2.0400496062992124
0
LINE
8
BLACK
6
CONTINUOUS
10
2.9144551574803148
20
2.0400496062992124
11
2.9182196062992127
21
2.0269828346456693
0
LINE
8
BLACK
6
CONTINUOUS
10
2.9182196062992127
20
2.0269828346456693
11
2.9204974015748029
21
2.0135768110236221
0
LINE
8
BLACK
6
CONTINUOUS
10
2.9204974015748029
20
2.0135768110236221
11
2.9212598425196852
21
2.
0
LINE
8
BLACK
6
CONTINUOUS
10
2.9212598425196852
20
2.
11
2.9204974015748029
21
1.9864231889763779
0
LINE
8
BLACK
6
CONTINUOUS
10
2.9204974015748029
20
1.9864231889763779
11
2.9182196062992127
21
1.9730171653543307
0
LINE
8
BLACK
6
CONTINUOUS
10
2.9182196062992127
20
1.9730171653543307
11
2.9144551574803148
21
1.9599503937007874
0
LINE
8
BLACK
6
CONTINUOUS
10
2.9144551574803148
20
1.9599503937007874
11
2.9092513385826773
21
1.9473873228346457
0
LINE
8
BLACK
6
CONTINUOUS
10
2.9092513385826773
20
1.9473873228346457
11
2.9026736614173227
21
1.9354858661417322
0
LINE
8
BLACK
6
CONTINUOUS
10
2.9026736614173227
20
1.9354858661417322
11
2.8948047637795273
21
1.9243957086614172
0
LINE
8
BLACK
6
CONTINUOUS
10
2.8948047637795273
20
1.9243957086614172
11
2.8857436614173229
21
1.9142563385826772
0
LINE
8
BLACK
6
CONTINUOUS
10
2.8857436614173229
20
1.9142563385826772
11
2.8756042913385826
21
1.9051952362204725
0
LINE
8
BLACK
6
CONTINUOUS
10
2.8756042913385826
20
1.9051952362204725
11
2.8645141338582678
21
1.8973263385826771
0
LINE
8
BLACK
6
CONTINUOUS
10
2.8645141338582678
20
1.8973263385826771
11
2.8526126771653542
21
1.8907486614173228
0
LINE
8
BLACK
6
CONTINUOUS
10
2.8526126771653542
20
1.8907486614173228
11
2.8400496062992127
21
1.885544842519685
0
LINE
8
BLACK
6
CONTINUOUS
10
2.8400496062992127
20
1.885544842519685
11
2.8269828346456691
21
1.8817803937007873
0
LINE
8
BLACK
6
CONTINUOUS
10
2.8269828346456691
20
1.8817803937007873
11
2.8135768110236219
21
1.8795025984251967
0
LINE
8
BLACK
6
CONTINUOUS
10
2.8135768110236219
20
1.8795025984251967
11
2.7999999999999998
21
1.8787401574803149
0
LINE
8
BLACK
6
CONTINUOUS
10
2.7999999999999998
20
1.8787401574803149
11
2.7864231889763778
21
1.8795025984251967
0
LINE
8
BLACK
6
CONTINUOUS
10
2.7864231889763778
20
1.8795025984251967
11
2.7730171653543305
21
1.8817803937007873
0
LINE
8
BLACK
6
CONTINUOUS
10
2.7730171653543305
20
1.8817803937007873
11
2.7599503937007874
21
1.885544842519685
0
LINE
8
BLACK
6
CONTINUOUS
10
2.7599503937007874
20
1.885544842519685
11
2.7473873228346455
21
1.8907486614173228
0
LINE
8
BLACK
6
CONTINUOUS
10
2.7473873228346455
20
1.8907486614173228
11
2.7354858661417323
21
1.8973263385826771
0
LINE
8
BLACK
6
CONTINUOUS
10
2.7354858661417323
20
1.8973263385826771
11
2.7243957086614174
21
1.9051952362204725
0
LINE
8
BLACK
6
CONTINUOUS
10
2.7243957086614174
20
1.9051952362204725
11
2.7142563385826772
21
1.9142563385826772
0
LINE
8
BLACK
6
CONTINUOUS
10
2.7142563385826772
20
1.9142563385826772
11
2.7051952362204723
21
1.9243957086614172
0
LINE
8
BLACK
6
CONTINUOUS
10
2.7051952362204723
20
1.9243957086614172
11
2.6973263385826769
21
1.9354858661417322
0
LINE
8
BLACK
6
CONTINUOUS
10
2.6973263385826769
20
1.9354858661417322
11
2.6907486614173228
21
1.9473873228346457
0
LINE
8
BLACK
6
CONTINUOUS
10
2.6907486614173228
20
1.9473873228346457
11
2.6855448425196848
21
1.9599503937007874
0
LINE
8
BLACK
6
CONTINUOUS
10
2.6855448425196848
20
1.9599503937007874
11
2.6817803937007874
21
1.9730171653543307
0
LINE
8
BLACK
6
CONTINUOUS
10
2.6817803937007874
20
1.9730171653543307
11
2.6795025984251968
21
1.9864231889763779
0
LINE
8
BLACK
6
CONTINUOUS
10
2.6795025984251968
20
1.9864231889763779
11
2.6787401574803149
21
2.
0
LINE
8
BLACK
6
CONTINUOUS
10
2.6787401574803149
20
2.
11
2.6795025984251968
21
2.0135768110236221
0
LINE
8
BLACK
6
CONTINUOUS
10
2.6795025984251968
20
2.0135768110236221
11
2.6817803937007874
21
2.0269828346456693
0
LINE
8
BLACK
6
CONTINUOUS
10
2.6817803937007874
20
2.0269828346456693
11
2.6855448425196848
21
2.0400496062992124
0
LINE
8
BLACK
6
CONTINUOUS
10
2.6855448425196848
20
2.0400496062992124
11
2.6907486614173228
21
2.0526126771653543
0
LINE
8
BLACK
6
CONTINUOUS
10
2.6907486614173228
20
2.0526126771653543
11
2.6973263385826769
21
2.0645141338582675
0
LINE
8
BLACK
6
CONTINUOUS
10
2.6973263385826769
20
2.0645141338582675
11
2.7051952362204723
21
2.0756042913385828
0
LINE
8
BLACK
6
CONTINUOUS
10
2.7051952362204723
20
2.0756042913385828
11
2.7142563385826772
21
2.0857436614173226
0
LINE
8
BLACK
6
CONTINUOUS
10
2.7142563385826772
20
2.0857436614173226
11
2.7243957086614174
21
2.0948047637795275
0
LINE
8
BLACK
6
CONTINUOUS
10
2.7243957086614174
20
2.0948047637795275
11
2.7354858661417323
21
2.1026736614173229
0
LINE
8
BLACK
6
CONTINUOUS
10
2.7354858661417323
20
2.1026736614173229
11
2.7473873228346455
21
2.109251338582677
0
LINE
8
BLACK
6
CONTINUOUS
10
2.7473873228346455
20
2.109251338582677
11
2.7599503937007874
21
2.114455157480315
0
LINE
8
BLACK
6
CONTINUOUS
10
2.7599503937007874
20
2.114455157480315
11
2.7730171653543305
21
2.1182196062992125
0
LINE
8
BLACK
6
CONTINUOUS
10
2.7730171653543305
20
2.1182196062992125
11
2.7864231889763778
21
2.120497401574803
0
LINE
8
BLACK
6
CONTINUOUS
10
2.7864231889763778
20
2.120497401574803
11
2.7999999999999998
21
2.1212598425196849
0
LINE
8
BLACK
6
CONTINUOUS
10
2.7999999999999998
20
2.1212598425196849
11
2.8135768110236219
21
2.120497401574803
0
LINE
8
BLACK
6
CONTINUOUS
10
1.3370633858267715
20
1.9417935433070865
11
1.3411527559055119
21
1.9398866141732283
0
LINE
8
BLACK
6
CONTINUOUS
10
1.3411527559055119
20
1.9398866141732283
11
1.3443433070866142
21
1.9366960629921259
0
LINE
8
BLACK
6
CONTINUOUS
10
1.3443433070866142
20
1.9366960629921259
11
1.3462502362204725
21
1.9326066929133858
0
LINE
8
BLACK
6
CONTINUOUS
10
1.3462502362204725
20
1.9326066929133858
11
1.3466929133858268
21
1.929244094488189
0
LINE
8
BLACK
6
CONTINUOUS
10
1.3466929133858268
20
1.929244094488189
11
1.3466929133858268
21
1.9095590551181101
0
LINE
8
BLACK
6
CONTINUOUS
10
1.3466929133858268
20
1.9095590551181101
11
1.3462502362204725
21
1.9061964566929133
0
LINE
8
BLACK
6
CONTINUOUS
10
1.3462502362204725
20
1.9061964566929133
11
1.3443433070866142
21
1.9021070866141732
0
LINE
8
BLACK
6
CONTINUOUS
10
1.3443433070866142
20
1.9021070866141732
11
1.3411527559055119
21
1.8989165354330708
0
LINE
8
BLACK
6
CONTINUOUS
10
1.3411527559055119
20
1.8989165354330708
11
1.3370633858267715
21
1.8970096062992126
0
LINE
8
BLACK
6
CONTINUOUS
10
1.3370633858267715
20
1.8970096062992126
11
1.3337007874015747
21
1.8965669291338583
0
LINE
8
BLACK
6
CONTINUOUS
10
1.3337007874015747
20
1.8965669291338583
11
1.2962992125984252
21
1.8965669291338583
0
LINE
8
BLACK
6
CONTINUOUS
10
1.2962992125984252
20
1.8965669291338583
11
1.2929366141732284
21
1.8970096062992126
0
LINE
8
BLACK
6
CONTINUOUS
10
1.2929366141732284
20
1.8970096062992126
11
1.2888472440944883
21
1.8989165354330708
0
LINE
8
BLACK
6
CONTINUOUS
10
1.2888472440944883
20
1.8989165354330708
11
1.2856566929133857
21
1.9021070866141732
0
LINE
8
BLACK
6
CONTINUOUS
10
1.2856566929133857
20
1.9021070866141732
11
1.2837497637795274
21
1.9061964566929133
0
LINE
8
BLACK
6
CONTINUOUS
10
1.2837497637795274
20
1.9061964566929133
11
1.2833070866141731
21
1.9095590551181101
0
LINE
8
BLACK
6
CONTINUOUS
10
1.2833070866141731
20
1.9095590551181101
11
1.2833070866141731
21
1.929244094488189
0
LINE
8
BLACK
6
CONTINUOUS
10
1.2833070866141731
20
1.929244094488189
11
1.2837497637795274
21
1.9326066929133858
0
LINE
8
BLACK
6
CONTINUOUS
10
1.2837497637795274
20
1.9326066929133858
11
1.2856566929133857
21
1.9366960629921259
0
LINE
8
BLACK
6
CONTINUOUS
10
1.2856566929133857
20
1.9366960629921259
11
1.2888472440944883
21
1.9398866141732283
0
LINE
8
BLACK
6
CONTINUOUS
10
1.2888472440944883
20
1.9398866141732283
11
1.2929366141732284
21
1.9417935433070865
0
LINE
8
BLACK
6
CONTINUOUS
10
1.2929366141732284
20
1.9417935433070865
11
1.2962992125984252
21
1.9422362204724408
0
LINE
8
BLACK
6
CONTINUOUS
10
1.2962992125984252
20
1.9422362204724408
11
1.3337007874015747
21
1.9422362204724408
0
LINE
8
BLACK
6
CONTINUOUS
10
1.3337007874015747
20
1.9422362204724408
11
1.3370633858267715
21
1.9417935433070865
0
LINE
8
BLACK
6
CONTINUOUS
10
0.8209691732283464
20
1.9401296062992126
11
0.8239068897637795
21
1.9381667322834646
0
LINE
8
BLACK
6
CONTINUOUS
10
0.8239068897637795
20
1.9381667322834646
11
0.8258697637795276
21
1.9352290157480314
0
LINE
8
BLACK
6
CONTINUOUS
10
0.8258697637795276
20
1.9352290157480314
11
0.8265590551181102
21
1.9317637795275591
0
LINE
8
BLACK
6
CONTINUOUS
10
0.8265590551181102
20
1.9317637795275591
11
0.8265590551181102
21
1.9199527559055118
0
LINE
8
BLACK
6
CONTINUOUS
10
0.8265590551181102
20
1.9199527559055118
11
0.8258697637795276
21
1.9164875196850393
0
LINE
8
BLACK
6
CONTINUOUS
10
0.8258697637795276
20
1.9164875196850393
11
0.8239068897637795
21
1.9135498031496063
0
LINE
8
BLACK
6
CONTINUOUS
10
0.8239068897637795
20
1.9135498031496063
11
0.8209691732283464
21
1.9115869291338583
0
LINE
8
BLACK
6
CONTINUOUS
10
0.8209691732283464
20
1.9115869291338583
11
0.817503937007874
21
1.9108976377952755
0
LINE
8
BLACK
6
CONTINUOUS
10
0.817503937007874
20
1.9108976377952755
11
0.7771496062992126
21
1.9108976377952755
0
LINE
8
BLACK
6
CONTINUOUS
10
0.7771496062992126
20
1.9108976377952755
11
0.7736843700787401
21
1.9115869291338583
0
LINE
8
BLACK
6
CONTINUOUS
10
0.7736843700787401
20
1.9115869291338583
11
0.7707466535433071
21
1.9135498031496063
0
LINE
8
BLACK
6
CONTINUOUS
10
0.7707466535433071
20
1.9135498031496063
11
0.7687837795275591
21
1.9164875196850393
0
LINE
8
BLACK
6
CONTINUOUS
10
0.7687837795275591
20
1.9164875196850393
11
0.7680944881889764
21
1.9199527559055118
0
LINE
8
BLACK
6
CONTINUOUS
10
0.7680944881889764
20
1.9199527559055118
11
0.7680944881889764
21
1.9317637795275591
0
LINE
8
BLACK
6
CONTINUOUS
10
0.7680944881889764
20
1.9317637795275591
11
0.7687837795275591
21
1.9352290157480314
0
LINE
8
BLACK
6
CONTINUOUS
10
0.7687837795275591
20
1.9352290157480314
11
0.7707466535433071
21
1.9381667322834646
0
LINE
8
BLACK
6
CONTINUOUS
10
0.7707466535433071
20
1.9381667322834646
11
0.7736843700787401
21
1.9401296062992126
0
LINE
8
BLACK
6
CONTINUOUS
10
0.7736843700787401
20
1.9401296062992126
11
0.7771496062992126
21
1.9408188976377951
0
LINE
8
BLACK
6
CONTINUOUS
10
0.7771496062992126
20
1.9408188976377951
11
0.817503937007874
21
1.9408188976377951
0
LINE
8
BLACK
6
CONTINUOUS
10
0.817503937007874
20
1.9408188976377951
11
0.8209691732283464
21
1.9401296062992126
0
LINE
8
BLACK
6
CONTINUOUS
10
0.6496066929133858
20
1.984651811023622
11
0.653696062992126
21
1.9827448818897637
0
LINE
8
BLACK
6
CONTINUOUS
10
0.653696062992126
20
1.9827448818897637
11
0.6568866141732284
21
1.9795543307086614
0
LINE
8
BLACK
6
CONTINUOUS
10
0.6568866141732284
20
1.9795543307086614
11
0.6587935433070866
21
1.9754649606299213
0
LINE
8
BLACK
6
CONTINUOUS
10
0.6587935433070866
20
1.9754649606299213
11
0.6592362204724409
21
1.9721023622047245
0
LINE
8
BLACK
6
CONTINUOUS
10
0.6592362204724409
20
1.9721023622047245
11
0.6592362204724409
21
1.9524173228346455
0
LINE
8
BLACK
6
CONTINUOUS
10
0.6592362204724409
20
1.9524173228346455
11
0.6587935433070866
21
1.9490547244094487
0
LINE
8
BLACK
6
CONTINUOUS
10
0.6587935433070866
20
1.9490547244094487
11
0.6568866141732284
21
1.9449653543307086
0
LINE
8
BLACK
6
CONTINUOUS
10
0.6568866141732284
20
1.9449653543307086
11
0.653696062992126
21
1.9417748031496063
0
LINE
8
BLACK
6
CONTINUOUS
10
0.653696062992126
20
1.9417748031496063
11
0.6496066929133858
21
1.939867874015748
0
LINE
8
BLACK
6
CONTINUOUS
10
0.6496066929133858
20
1.939867874015748
11
0.646244094488189
21
1.9394251968503937
0
LINE
8
BLACK
6
CONTINUOUS
10
0.646244094488189
20
1.9394251968503937
11
0.6088425196850393
21
1.9394251968503937
0
LINE
8
BLACK
6
CONTINUOUS
10
0.6088425196850393
20
1.9394251968503937
11
0.6054799212598425
21
1.939867874015748
0
LINE
8
BLACK
6
CONTINUOUS
10
0.6054799212598425
20
1.939867874015748
11
0.6013905511811023
21
1.9417748031496063
0
LINE
8
BLACK
6
CONTINUOUS
10
0.6013905511811023
20
1.9417748031496063
11
0.5982
21
1.9449653543307086
0
LINE
8
BLACK
6
CONTINUOUS
10
0.5982
20
1.9449653543307086
11
0.5962930708661417
21
1.9490547244094487
0
LINE
8
BLACK
6
CONTINUOUS
10
0.5962930708661417
20
1.9490547244094487
11
0.5958503937007874
21
1.9524173228346455
0
LINE
8
BLACK
6
CONTINUOUS
10
0.5958503937007874
20
1.9524173228346455
11
0.5958503937007874
21
1.9721023622047245
0
LINE
8
BLACK
6
CONTINUOUS
10
0.5958503937007874
20
1.9721023622047245
11
0.5962930708661417
21
1.9754649606299213
0
LINE
8
BLACK
6
CONTINUOUS
10
0.5962930708661417
20
1.9754649606299213
11
0.5982
21
1.9795543307086614
0
LINE
8
BLACK
6
CONTINUOUS
10
0.5982
20
1.9795543307086614
11
0.6013905511811023
21
1.9827448818897637
0
LINE
8
BLACK
6
CONTINUOUS
10
0.6013905511811023
20
1.9827448818897637
11
0.6054799212598425
21
1.984651811023622
0
LINE
8
BLACK
6
CONTINUOUS
10
0.6054799212598425
20
1.984651811023622
11
0.6088425196850393
21
1.9850944881889763
0
LINE
8
BLACK
6
CONTINUOUS
10
0.6088425196850393
20
1.9850944881889763
11
0.646244094488189
21
1.9850944881889763
0
LINE
8
BLACK
6
CONTINUOUS
10
0.646244094488189
20
1.9850944881889763
11
0.6496066929133858
21
1.984651811023622
0
LINE
8
BLACK
6
CONTINUOUS
10
0.7314022440944882
20
1.9775311811023621
11
0.7343399606299212
21
1.9755683070866141
0
LINE
8
BLACK
6
CONTINUOUS
10
0.7343399606299212
20
1.9755683070866141
11
0.7363028346456693
21
1.972630590551181
0
LINE
8
BLACK
6
CONTINUOUS
10
0.7363028346456693
20
1.972630590551181
11
0.7369921259842519
21
1.9691653543307086
0
LINE
8
BLACK
6
CONTINUOUS
10
0.7369921259842519
20
1.9691653543307086
11
0.7369921259842519
21
1.9573543307086614
0
LINE
8
BLACK
6
CONTINUOUS
10
0.7369921259842519
20
1.9573543307086614
11
0.7363028346456693
21
1.953889094488189
0
LINE
8
BLACK
6
CONTINUOUS
10
0.7363028346456693
20
1.953889094488189
11
0.7343399606299212
21
1.9509513779527559
0
LINE
8
BLACK
6
CONTINUOUS
10
0.7343399606299212
20
1.9509513779527559
11
0.7314022440944882
21
1.9489885039370078
0
LINE
8
BLACK
6
CONTINUOUS
10
0.7314022440944882
20
1.9489885039370078
11
0.7279370078740157
21
1.9482992125984251
0
LINE
8
BLACK
6
CONTINUOUS
10
0.7279370078740157
20
1.9482992125984251
11
0.6875826771653543
21
1.9482992125984251
0
LINE
8
BLACK
6
CONTINUOUS
10
0.6875826771653543
20
1.9482992125984251
11
0.6841174409448819
21
1.9489885039370078
0
LINE
8
BLACK
6
CONTINUOUS
10
0.6841174409448819
20
1.9489885039370078
11
0.6811797244094489
21
1.9509513779527559
0
LINE
8
BLACK
6
CONTINUOUS
10
0.6811797244094489
20
1.9509513779527559
11
0.6792168503937007
21
1.953889094488189
0
LINE
8
BLACK
6
CONTINUOUS
10
0.6792168503937007
20
1.953889094488189
11
0.6785275590551181
21
1.9573543307086614
0
LINE
8
BLACK
6
CONTINUOUS
10
0.6785275590551181
20
1.9573543307086614
11
0.6785275590551181
21
1.9691653543307086
0
LINE
8
BLACK
6
CONTINUOUS
10
0.6785275590551181
20
1.9691653543307086
11
0.6792168503937007
21
1.972630590551181
0
LINE
8
BLACK
6
CONTINUOUS
10
0.6792168503937007
20
1.972630590551181
11
0.6811797244094489
21
1.9755683070866141
0
LINE
8
BLACK
6
CONTINUOUS
10
0.6811797244094489
20
1.9755683070866141
11
0.6841174409448819
21
1.9775311811023621
0
LINE
8
BLACK
6
CONTINUOUS
10
0.6841174409448819
20
1.9775311811023621
11
0.6875826771653543
21
1.9782204724409449
0
LINE
8
BLACK
6
CONTINUOUS
10
0.6875826771653543
20
1.9782204724409449
11
0.7279370078740157
21
1.9782204724409449
0
LINE
8
BLACK
6
CONTINUOUS
10
0.7279370078740157
20
1.9782204724409449
11
0.7314022440944882
21
1.9775311811023621
0
LINE
8
BLACK
6
CONTINUOUS
10
0.8209691732283464
20
1.9775311811023621
11
0.8239068897637795
21
1.9755683070866141
0
LINE
8
BLACK
6
CONTINUOUS
10
0.8239068897637795
20
1.9755683070866141
11
0.8258697637795276
21
1.972630590551181
0
LINE
8
BLACK
6
CONTINUOUS
10
0.8258697637795276
20
1.972630590551181
11
0.8265590551181102
21
1.9691653543307086
0
LINE
8
BLACK
6
CONTINUOUS
10
0.8265590551181102
20
1.9691653543307086
11
0.8265590551181102
21
1.9573543307086614
0
LINE
8
BLACK
6
CONTINUOUS
10
0.8265590551181102
20
1.9573543307086614
11
0.8258697637795276
21
1.953889094488189
0
LINE
8
BLACK
6
CONTINUOUS
10
0.8258697637795276
20
1.953889094488189
11
0.8239068897637795
21
1.9509513779527559
0
LINE
8
BLACK
6
CONTINUOUS
10
0.8239068897637795
20
1.9509513779527559
11
0.8209691732283464
21
1.9489885039370078
0
LINE
8
BLACK
6
CONTINUOUS
10
0.8209691732283464
20
1.9489885039370078
11
0.817503937007874
21
1.9482992125984251
0
LINE
8
BLACK
6
CONTINUOUS
10
0.817503937007874
20
1.9482992125984251
11
0.7771496062992126
21
1.9482992125984251
0
LINE
8
BLACK
6
CONTINUOUS
10
0.7771496062992126
20
1.9482992125984251
11
0.7736843700787401
21
1.9489885039370078
0
LINE
8
BLACK
6
CONTINUOUS
10
0.7736843700787401
20
1.9489885039370078
11
0.7707466535433071
21
1.9509513779527559
0
LINE
8
BLACK
6
CONTINUOUS
10
0.7707466535433071
20
1.9509513779527559
11
0.7687837795275591
21
1.953889094488189
0
LINE
8
BLACK
6
CONTINUOUS
10
0.7687837795275591
20
1.953889094488189
11
0.7680944881889764
21
1.9573543307086614
0
LINE
8
BLACK
6
CONTINUOUS
10
0.7680944881889764
20
1.9573543307086614
11
0.7680944881889764
21
1.9691653543307086
0
LINE
8
BLACK
6
CONTINUOUS
10
0.7680944881889764
20
1.9691653543307086
11
0.7687837795275591
21
1.972630590551181
0
LINE
8
BLACK
6
CONTINUOUS
10
0.7687837795275591
20
1.972630590551181
11
0.7707466535433071
21
1.9755683070866141
0
LINE
8
BLACK
6
CONTINUOUS
10
0.7707466535433071
20
1.9755683070866141
11
0.7736843700787401
21
1.9775311811023621
0
LINE
8
BLACK
6
CONTINUOUS
10
0.7736843700787401
20
1.9775311811023621
11
0.7771496062992126
21
1.9782204724409449
0
LINE
8
BLACK
6
CONTINUOUS
10
0.7771496062992126
20
1.9782204724409449
11
0.817503937007874
21
1.9782204724409449
0
LINE
8
BLACK
6
CONTINUOUS
10
0.817503937007874
20
1.9782204724409449
11
0.8209691732283464
21
1.9775311811023621
0
LINE
8
BLACK
6
CONTINUOUS
10
0.9312053149606299
20
2.0329098425196852
11
0.9322271259842519
21
2.0322271259842517
0
LINE
8
BLACK
6
CONTINUOUS
10
0.9322271259842519
20
2.0322271259842517
11
0.932909842519685
21
2.0312053149606299
0
LINE
8
BLACK
6
CONTINUOUS
10
0.932909842519685
20
2.0312053149606299
11
0.9331496062992126
21
2.0299999999999998
0
LINE
8
BLACK
6
CONTINUOUS
10
0.9331496062992126
20
2.0299999999999998
11
0.9331496062992126
21
1.97
0
LINE
8
BLACK
6
CONTINUOUS
10
0.9331496062992126
20
1.97
11
0.932909842519685
21
1.9687946850393701
0
LINE
8
BLACK
6
CONTINUOUS
10
0.932909842519685
20
1.9687946850393701
11
0.9322271259842519
21
1.9677728740157481
0
LINE
8
BLACK
6
CONTINUOUS
10
0.9322271259842519
20
1.9677728740157481
11
0.9312053149606299
21
1.967090157480315
0
LINE
8
BLACK
6
CONTINUOUS
10
0.9312053149606299
20
1.967090157480315
11
0.9299999999999999
21
1.9668503937007873
0
LINE
8
BLACK
6
CONTINUOUS
10
0.9299999999999999
20
1.9668503937007873
11
0.87
21
1.9668503937007873
0
LINE
8
BLACK
6
CONTINUOUS
10
0.87
20
1.9668503937007873
11
0.8687946850393701
21
1.967090157480315
0
LINE
8
BLACK
6
CONTINUOUS
10
0.8687946850393701
20
1.967090157480315
11
0.867772874015748
21
1.9677728740157481
0
LINE
8
BLACK
6
CONTINUOUS
10
0.867772874015748
20
1.9677728740157481
11
0.8670901574803149
21
1.9687946850393701
0
LINE
8
BLACK
6
CONTINUOUS
10
0.8670901574803149
20
1.9687946850393701
11
0.8668503937007874
21
1.97
0
LINE
8
BLACK
6
CONTINUOUS
10
0.8668503937007874
20
1.97
11
0.8668503937007874
21
2.0299999999999998
0
LINE
8
BLACK
6
CONTINUOUS
10
0.8668503937007874
20
2.0299999999999998
11
0.8670901574803149
21
2.0312053149606299
0
LINE
8
BLACK
6
CONTINUOUS
10
0.8670901574803149
20
2.0312053149606299
11
0.867772874015748
21
2.0322271259842517
0
LINE
8
BLACK
6
CONTINUOUS
10
0.867772874015748
20
2.0322271259842517
11
0.8687946850393701
21
2.0329098425196852
0
LINE
8
BLACK
6
CONTINUOUS
10
0.8687946850393701
20
2.0329098425196852
11
0.87
21
2.0331496062992125
0
LINE
8
BLACK
6
CONTINUOUS
10
0.87
20
2.0331496062992125
11
0.9299999999999999
21
2.0331496062992125
0
LINE
8
BLACK
6
CONTINUOUS
10
0.9299999999999999
20
2.0331496062992125
11
0.9312053149606299
21
2.0329098425196852
0
LINE
8
BLACK
6
CONTINUOUS
10
1.0312053149606299
20
2.0329098425196852
11
1.0322271259842519
21
2.0322271259842517
0
LINE
8
BLACK
6
CONTINUOUS
10
1.0322271259842519
20
2.0322271259842517
11
1.032909842519685
21
2.0312053149606299
0
LINE
8
BLACK
6
CONTINUOUS
10
1.032909842519685
20
2.0312053149606299
11
1.0331496062992125
21
2.0299999999999998
0
LINE
8
BLACK
6
CONTINUOUS
10
1.0331496062992125
20
2.0299999999999998
11
1.0331496062992125
21
1.97
0
LINE
8
BLACK
6
CONTINUOUS
10
1.0331496062992125
20
1.97
11
1.032909842519685
21
1.9687946850393701
0
LINE
8
BLACK
6
CONTINUOUS
10
1.032909842519685
20
1.9687946850393701
11
1.0322271259842519
21
1.9677728740157481
0
LINE
8
BLACK
6
CONTINUOUS
10
1.0322271259842519
20
1.9677728740157481
11
1.0312053149606299
21
1.967090157480315
0
LINE
8
BLACK
6
CONTINUOUS
10
1.0312053149606299
20
1.967090157480315
11
1.03
21
1.9668503937007873
0
LINE
8
BLACK
6
CONTINUOUS
10
1.03
20
1.9668503937007873
11
0.97
21
1.9668503937007873
0
LINE
8
BLACK
6
CONTINUOUS
10
0.97
20
1.9668503937007873
11
0.9687946850393701
21
1.967090157480315
0
LINE
8
BLACK
6
CONTINUOUS
10
0.9687946850393701
20
1.967090157480315
11
0.967772874015748
21
1.9677728740157481
0
LINE
8
BLACK
6
CONTINUOUS
10
0.967772874015748
20
1.9677728740157481
11
0.9670901574803149
21
1.9687946850393701
0
LINE
8
BLACK
6
CONTINUOUS
10
0.9670901574803149
20
1.9687946850393701
11
0.9668503937007874
21
1.97
0
LINE
8
BLACK
6
CONTINUOUS
10
0.9668503937007874
20
1.97
11
0.9668503937007874
21
2.0299999999999998
0
LINE
8
BLACK
6
CONTINUOUS
10
0.9668503937007874
20
2.0299999999999998
11
0.9670901574803149
21
2.0312053149606299
0
LINE
8
BLACK
6
CONTINUOUS
10
0.9670901574803149
20
2.0312053149606299
11
0.967772874015748
21
2.0322271259842517
0
LINE
8
BLACK
6
CONTINUOUS
10
0.967772874015748
20
2.0322271259842517
11
0.9687946850393701
21
2.0329098425196852
0
LINE
8
BLACK
6
CONTINUOUS
10
0.9687946850393701
20
2.0329098425196852
11
0.97
21
2.0331496062992125
0
LINE
8
BLACK
6
CONTINUOUS
10
0.97
20
2.0331496062992125
11
1.03
21
2.0331496062992125
0
LINE
8
BLACK
6
CONTINUOUS
10
1.03
20
2.0331496062992125
11
1.0312053149606299
21
2.0329098425196852
0
LINE
8
BLACK
6
CONTINUOUS
10
1.1312053149606298
20
2.0329098425196852
11
1.132227125984252
21
2.0322271259842517
0
LINE
8
BLACK
6
CONTINUOUS
10
1.132227125984252
20
2.0322271259842517
11
1.1329098425196851
21
2.0312053149606299
0
LINE
8
BLACK
6
CONTINUOUS
10
1.1329098425196851
20
2.0312053149606299
11
1.1331496062992126
21
2.0299999999999998
0
LINE
8
BLACK
6
CONTINUOUS
10
1.1331496062992126
20
2.0299999999999998
11
1.1331496062992126
21
1.97
0
LINE
8
BLACK
6
CONTINUOUS
10
1.1331496062992126
20
1.97
11
1.1329098425196851
21
1.9687946850393701
0
LINE
8
BLACK
6
CONTINUOUS
10
1.1329098425196851
20
1.9687946850393701
11
1.132227125984252
21
1.9677728740157481
0
LINE
8
BLACK
6
CONTINUOUS
10
1.132227125984252
20
1.9677728740157481
11
1.1312053149606298
21
1.967090157480315
0
LINE
8
BLACK
6
CONTINUOUS
10
1.1312053149606298
20
1.967090157480315
11
1.1299999999999999
21
1.9668503937007873
0
LINE
8
BLACK
6
CONTINUOUS
10
1.1299999999999999
20
1.9668503937007873
11
1.0700000000000001
21
1.9668503937007873
0
LINE
8
BLACK
6
CONTINUOUS
10
1.0700000000000001
20
1.9668503937007873
11
1.0687946850393701
21
1.967090157480315
0
LINE
8
BLACK
6
CONTINUOUS
10
1.0687946850393701
20
1.967090157480315
11
1.0677728740157479
21
1.9677728740157481
0
LINE
8
BLACK
6
CONTINUOUS
10
1.0677728740157479
20
1.9677728740157481
11
1.0670901574803149
21
1.9687946850393701
0
LINE
8
BLACK
6
CONTINUOUS
10
1.0670901574803149
20
1.9687946850393701
11
1.0668503937007874
21
1.97
0
LINE
8
BLACK
6
CONTINUOUS
10
1.0668503937007874
20
1.97
11
1.0668503937007874
21
2.0299999999999998
0
LINE
8
BLACK
6
CONTINUOUS
10
1.0668503937007874
20
2.0299999999999998
11
1.0670901574803149
21
2.0312053149606299
0
LINE
8
BLACK
6
CONTINUOUS
10
1.0670901574803149
20
2.0312053149606299
11
1.0677728740157479
21
2.0322271259842517
0
LINE
8
BLACK
6
CONTINUOUS
10
1.0677728740157479
20
2.0322271259842517
11
1.0687946850393701
21
2.0329098425196852
0
LINE
8
BLACK
6
CONTINUOUS
10
1.0687946850393701
20
2.0329098425196852
11
1.0700000000000001
21
2.0331496062992125
0
LINE
8
BLACK
6
CONTINUOUS
10
1.0700000000000001
20
2.0331496062992125
11
1.1299999999999999
21
2.0331496062992125
0
LINE
8
BLACK
6
CONTINUOUS
10
1.1299999999999999
20
2.0331496062992125
11
1.1312053149606298
21
2.0329098425196852
0
LINE
8
BLACK
6
CONTINUOUS
10
1.2312053149606299
20
2.0329098425196852
11
1.2322271259842519
21
2.0322271259842517
0
LINE
8
BLACK
6
CONTINUOUS
10
1.2322271259842519
20
2.0322271259842517
11
1.2329098425196849
21
2.0312053149606299
0
LINE
8
BLACK
6
CONTINUOUS
10
1.2329098425196849
20
2.0312053149606299
11
1.2331496062992127
21
2.0299999999999998
0
LINE
8
BLACK
6
CONTINUOUS
10
1.2331496062992127
20
2.0299999999999998
11
1.2331496062992127
21
1.97
0
LINE
8
BLACK
6
CONTINUOUS
10
1.2331496062992127
20
1.97
11
1.2329098425196849
21
1.9687946850393701
0
LINE
8
BLACK
6
CONTINUOUS
10
1.2329098425196849
20
1.9687946850393701
11
1.2322271259842519
21
1.9677728740157481
0
LINE
8
BLACK
6
CONTINUOUS
10
1.2322271259842519
20
1.9677728740157481
11
1.2312053149606299
21
1.967090157480315
0
LINE
8
BLACK
6
CONTINUOUS
10
1.2312053149606299
20
1.967090157480315
11
1.23
21
1.9668503937007873
0
LINE
8
BLACK
6
CONTINUOUS
10
1.23
20
1.9668503937007873
11
1.1699999999999999
21
1.9668503937007873
0
LINE
8
BLACK
6
CONTINUOUS
10
1.1699999999999999
20
1.9668503937007873
11
1.16879468503937
21
1.967090157480315
0
LINE
8
BLACK
6
CONTINUOUS
10
1.16879468503937
20
1.967090157480315
11
1.167772874015748
21
1.9677728740157481
0
LINE
8
BLACK
6
CONTINUOUS
10
1.167772874015748
20
1.9677728740157481
11
1.167090157480315
21
1.9687946850393701
0
LINE
8
BLACK
6
CONTINUOUS
10
1.167090157480315
20
1.9687946850393701
11
1.1668503937007875
21
1.97
0
LINE
8
BLACK
6
CONTINUOUS
10
1.1668503937007875
20
1.97
11
1.1668503937007875
21
2.0299999999999998
0
LINE
8
BLACK
6
CONTINUOUS
10
1.1668503937007875
20
2.0299999999999998
11
1.167090157480315
21
2.0312053149606299
0
LINE
8
BLACK
6
CONTINUOUS
10
1.167090157480315
20
2.0312053149606299
11
1.167772874015748
21
2.0322271259842517
0
LINE
8
BLACK
6
CONTINUOUS
10
1.167772874015748
20
2.0322271259842517
11
1.16879468503937
21
2.0329098425196852
0
LINE
8
BLACK
6
CONTINUOUS
10
1.16879468503937
20
2.0329098425196852
11
1.1699999999999999
21
2.0331496062992125
0
LINE
8
BLACK
6
CONTINUOUS
10
1.1699999999999999
20
2.0331496062992125
11
1.23
21
2.0331496062992125
0
LINE
8
BLACK
6
CONTINUOUS
10
1.23
20
2.0331496062992125
11
1.2312053149606299
21
2.0329098425196852
0
LINE
8
BLACK
6
CONTINUOUS
10
1.33120531496063
20
2.0329098425196852
11
1.332227125984252
21
2.0322271259842517
0
LINE
8
BLACK
6
CONTINUOUS
10
1.332227125984252
20
2.0322271259842517
11
1.332909842519685
21
2.0312053149606299
0
LINE
8
BLACK
6
CONTINUOUS
10
1.332909842519685
20
2.0312053149606299
11
1.3331496062992125
21
2.0299999999999998
0
LINE
8
BLACK
6
CONTINUOUS
10
1.3331496062992125
20
2.0299999999999998
11
1.3331496062992125
21
1.97
0
LINE
8
BLACK
6
CONTINUOUS
10
1.3331496062992125
20
1.97
11
1.332909842519685
21
1.9687946850393701
0
LINE
8
BLACK
6
CONTINUOUS
10
1.332909842519685
20
1.9687946850393701
11
1.332227125984252
21
1.9677728740157481
0
LINE
8
BLACK
6
CONTINUOUS
10
1.332227125984252
20
1.9677728740157481
11
1.33120531496063
21
1.967090157480315
0
LINE
8
BLACK
6
CONTINUOUS
10
1.33120531496063
20
1.967090157480315
11
1.3300000000000001
21
1.9668503937007873
0
LINE
8
BLACK
6
CONTINUOUS
10
1.3300000000000001
20
1.9668503937007873
11
1.27
21
1.9668503937007873
0
LINE
8
BLACK
6
CONTINUOUS
10
1.27
20
1.9668503937007873
11
1.2687946850393701
21
1.967090157480315
0
LINE
8
BLACK
6
CONTINUOUS
10
1.2687946850393701
20
1.967090157480315
11
1.2677728740157479
21
1.9677728740157481
0
LINE
8
BLACK
6
CONTINUOUS
10
1.2677728740157479
20
1.9677728740157481
11
1.2670901574803148
21
1.9687946850393701
0
LINE
8
BLACK
6
CONTINUOUS
10
1.2670901574803148
20
1.9687946850393701
11
1.2668503937007873
21
1.97
0
LINE
8
BLACK
6
CONTINUOUS
10
1.2668503937007873
20
1.97
11
1.2668503937007873
21
2.0299999999999998
0
LINE
8
BLACK
6
CONTINUOUS
10
1.2668503937007873
20
2.0299999999999998
11
1.2670901574803148
21
2.0312053149606299
0
LINE
8
BLACK
6
CONTINUOUS
10
1.2670901574803148
20
2.0312053149606299
11
1.2677728740157479
21
2.0322271259842517
0
LINE
8
BLACK
6
CONTINUOUS
10
1.2677728740157479
20
2.0322271259842517
11
1.2687946850393701
21
2.0329098425196852
0
LINE
8
BLACK
6
CONTINUOUS
10
1.2687946850393701
20
2.0329098425196852
11
1.27
21
2.0331496062992125
0
LINE
8
BLACK
6
CONTINUOUS
10
1.27
20
2.0331496062992125
11
1.3300000000000001
21
2.0331496062992125
0
LINE
8
BLACK
6
CONTINUOUS
10
1.3300000000000001
20
2.0331496062992125
11
1.33120531496063
21
2.0329098425196852
0
LINE
8
BLACK
6
CONTINUOUS
10
1.4312053149606299
20
2.0329098425196852
11
1.4322271259842518
21
2.0322271259842517
0
LINE
8
BLACK
6
CONTINUOUS
10
1.4322271259842518
20
2.0322271259842517
11
1.4329098425196851
21
2.0312053149606299
0
LINE
8
BLACK
6
CONTINUOUS
10
1.4329098425196851
20
2.0312053149606299
11
1.4331496062992126
21
2.0299999999999998
0
LINE
8
BLACK
6
CONTINUOUS
10
1.4331496062992126
20
2.0299999999999998
11
1.4331496062992126
21
1.97
0
LINE
8
BLACK
6
CONTINUOUS
10
1.4331496062992126
20
1.97
11
1.4329098425196851
21
1.9687946850393701
0
LINE
8
BLACK
6
CONTINUOUS
10
1.4329098425196851
20
1.9687946850393701
11
1.4322271259842518
21
1.9677728740157481
0
LINE
8
BLACK
6
CONTINUOUS
10
1.4322271259842518
20
1.9677728740157481
11
1.4312053149606299
21
1.967090157480315
0
LINE
8
BLACK
6
CONTINUOUS
10
1.4312053149606299
20
1.967090157480315
11
1.4299999999999999
21
1.9668503937007873
0
LINE
8
BLACK
6
CONTINUOUS
10
1.4299999999999999
20
1.9668503937007873
11
1.3699999999999999
21
1.9668503937007873
0
LINE
8
BLACK
6
CONTINUOUS
10
1.3699999999999999
20
1.9668503937007873
11
1.36879468503937
21
1.967090157480315
0
LINE
8
BLACK
6
CONTINUOUS
10
1.36879468503937
20
1.967090157480315
11
1.367772874015748
21
1.9677728740157481
0
LINE
8
BLACK
6
CONTINUOUS
10
1.367772874015748
20
1.9677728740157481
11
1.3670901574803149
21
1.9687946850393701
0
LINE
8
BLACK
6
CONTINUOUS
10
1.3670901574803149
20
1.9687946850393701
11
1.3668503937007874
21
1.97
0
LINE
8
BLACK
6
CONTINUOUS
10
1.3668503937007874
20
1.97
11
1.3668503937007874
21
2.0299999999999998
0
LINE
8
BLACK
6
CONTINUOUS
10
1.3668503937007874
20
2.0299999999999998
11
1.3670901574803149
21
2.0312053149606299
0
LINE
8
BLACK
6
CONTINUOUS
10
1.3670901574803149
20
2.0312053149606299
11
1.367772874015748
21
2.0322271259842517
0
LINE
8
BLACK
6
CONTINUOUS
10
1.367772874015748
20
2.0322271259842517
11
1.36879468503937
21
2.0329098425196852
0
LINE
8
BLACK
6
CONTINUOUS
10
1.36879468503937
20
2.0329098425196852
11
1.3699999999999999
21
2.0331496062992125
0
LINE
8
BLACK
6
CONTINUOUS
10
1.3699999999999999
20
2.0331496062992125
11
1.4299999999999999
21
2.0331496062992125
0
LINE
8
BLACK
6
CONTINUOUS
10
1.4299999999999999
20
2.0331496062992125
11
1.4312053149606299
21
2.0329098425196852
0
LINE
8
BLACK
6
CONTINUOUS
10
1.5312053149606299
20
2.0329098425196852
11
1.5322271259842519
21
2.0322271259842517
0
LINE
8
BLACK
6
CONTINUOUS
10
1.5322271259842519
20
2.0322271259842517
11
1.532909842519685
21
2.0312053149606299
0
LINE
8
BLACK
6
CONTINUOUS
10
1.532909842519685
20
2.0312053149606299
11
1.5331496062992125
21
2.0299999999999998
0
LINE
8
BLACK
6
CONTINUOUS
10
1.5331496062992125
20
2.0299999999999998
11
1.5331496062992125
21
1.97
0
LINE
8
BLACK
6
CONTINUOUS
10
1.5331496062992125
20
1.97
11
1.532909842519685
21
1.9687946850393701
0
LINE
8
BLACK
6
CONTINUOUS
10
1.532909842519685
20
1.9687946850393701
11
1.5322271259842519
21
1.9677728740157481
0
LINE
8
BLACK
6
CONTINUOUS
10
1.5322271259842519
20
1.9677728740157481
11
1.5312053149606299
21
1.967090157480315
0
LINE
8
BLACK
6
CONTINUOUS
10
1.5312053149606299
20
1.967090157480315
11
1.53
21
1.9668503937007873
0
LINE
8
BLACK
6
CONTINUOUS
10
1.53
20
1.9668503937007873
11
1.47
21
1.9668503937007873
0
LINE
8
BLACK
6
CONTINUOUS
10
1.47
20
1.9668503937007873
11
1.4687946850393701
21
1.967090157480315
0
LINE
8
BLACK
6
CONTINUOUS
10
1.4687946850393701
20
1.967090157480315
11
1.4677728740157481
21
1.9677728740157481
0
LINE
8
BLACK
6
CONTINUOUS
10
1.4677728740157481
20
1.9677728740157481
11
1.467090157480315
21
1.9687946850393701
0
LINE
8
BLACK
6
CONTINUOUS
10
1.467090157480315
20
1.9687946850393701
11
1.4668503937007873
21
1.97
0
LINE
8
BLACK
6
CONTINUOUS
10
1.4668503937007873
20
1.97
11
1.4668503937007873
21
2.0299999999999998
0
LINE
8
BLACK
6
CONTINUOUS
10
1.4668503937007873
20
2.0299999999999998
11
1.467090157480315
21
2.0312053149606299
0
LINE
8
BLACK
6
CONTINUOUS
10
1.467090157480315
20
2.0312053149606299
11
1.4677728740157481
21
2.0322271259842517
0
LINE
8
BLACK
6
CONTINUOUS
10
1.4677728740157481
20
2.0322271259842517
11
1.4687946850393701
21
2.0329098425196852
0
LINE
8
BLACK
6
CONTINUOUS
10
1.4687946850393701
20
2.0329098425196852
11
1.47
21
2.0331496062992125
0
LINE
8
BLACK
6
CONTINUOUS
10
1.47
20
2.0331496062992125
11
1.53
21
2.0331496062992125
0
LINE
8
BLACK
6
CONTINUOUS
10
1.53
20
2.0331496062992125
11
1.5312053149606299
21
2.0329098425196852
0
LINE
8
BLACK
6
CONTINUOUS
10
1.6312053149606298
20
2.0329098425196852
11
1.632227125984252
21
2.0322271259842517
0
LINE
8
BLACK
6
CONTINUOUS
10
1.632227125984252
20
2.0322271259842517
11
1.6329098425196851
21
2.0312053149606299
0
LINE
8
BLACK
6
CONTINUOUS
10
1.6329098425196851
20
2.0312053149606299
11
1.6331496062992126
21
2.0299999999999998
0
LINE
8
BLACK
6
CONTINUOUS
10
1.6331496062992126
20
2.0299999999999998
11
1.6331496062992126
21
1.97
0
LINE
8
BLACK
6
CONTINUOUS
10
1.6331496062992126
20
1.97
11
1.6329098425196851
21
1.9687946850393701
0
LINE
8
BLACK
6
CONTINUOUS
10
1.6329098425196851
20
1.9687946850393701
11
1.632227125984252
21
1.9677728740157481
0
LINE
8
BLACK
6
CONTINUOUS
10
1.632227125984252
20
1.9677728740157481
11
1.6312053149606298
21
1.967090157480315
0
LINE
8
BLACK
6
CONTINUOUS
10
1.6312053149606298
20
1.967090157480315
11
1.6299999999999999
21
1.9668503937007873
0
LINE
8
BLACK
6
CONTINUOUS
10
1.6299999999999999
20
1.9668503937007873
11
1.5700000000000001
21
1.9668503937007873
0
LINE
8
BLACK
6
CONTINUOUS
10
1.5700000000000001
20
1.9668503937007873
11
1.5687946850393701
21
1.967090157480315
0
LINE
8
BLACK
6
CONTINUOUS
10
1.5687946850393701
20
1.967090157480315
11
1.5677728740157479
21
1.9677728740157481
0
LINE
8
BLACK
6
CONTINUOUS
10
1.5677728740157479
20
1.9677728740157481
11
1.5670901574803149
21
1.9687946850393701
0
LINE
8
BLACK
6
CONTINUOUS
10
1.5670901574803149
20
1.9687946850393701
11
1.5668503937007874
21
1.97
0
LINE
8
BLACK
6
CONTINUOUS
10
1.5668503937007874
20
1.97
11
1.5668503937007874
21
2.0299999999999998
0
LINE
8
BLACK
6
CONTINUOUS
10
1.5668503937007874
20
2.0299999999999998
11
1.5670901574803149
21
2.0312053149606299
0
LINE
8
BLACK
6
CONTINUOUS
10
1.5670901574803149
20
2.0312053149606299
11
1.5677728740157479
21
2.0322271259842517
0
LINE
8
BLACK
6
CONTINUOUS
10
1.5677728740157479
20
2.0322271259842517
11
1.5687946850393701
21
2.0329098425196852
0
LINE
8
BLACK
6
CONTINUOUS
10
1.5687946850393701
20
2.0329098425196852
11
1.5700000000000001
21
2.0331496062992125
0
LINE
8
BLACK
6
CONTINUOUS
10
1.5700000000000001
20
2.0331496062992125
11
1.6299999999999999
21
2.0331496062992125
0
LINE
8
BLACK
6
CONTINUOUS
10
1.6299999999999999
20
2.0331496062992125
11
1.6312053149606298
21
2.0329098425196852
0
LINE
8
BLACK
6
CONTINUOUS
10
1.7312053149606299
20
2.0329098425196852
11
1.7322271259842519
21
2.0322271259842517
0
LINE
8
BLACK
6
CONTINUOUS
10
1.7322271259842519
20
2.0322271259842517
11
1.7329098425196849
21
2.0312053149606299
0
LINE
8
BLACK
6
CONTINUOUS
10
1.7329098425196849
20
2.0312053149606299
11
1.7331496062992127
21
2.0299999999999998
0
LINE
8
BLACK
6
CONTINUOUS
10
1.7331496062992127
20
2.0299999999999998
11
1.7331496062992127
21
1.97
0
LINE
8
BLACK
6
CONTINUOUS
10
1.7331496062992127
20
1.97
11
1.7329098425196849
21
1.9687946850393701
0
LINE
8
BLACK
6
CONTINUOUS
10
1.7329098425196849
20
1.9687946850393701
11
1.7322271259842519
21
1.9677728740157481
0
LINE
8
BLACK
6
CONTINUOUS
10
1.7322271259842519
20
1.9677728740157481
11
1.7312053149606299
21
1.967090157480315
0
LINE
8
BLACK
6
CONTINUOUS
10
1.7312053149606299
20
1.967090157480315
11
1.73
21
1.9668503937007873
0
LINE
8
BLACK
6
CONTINUOUS
10
1.73
20
1.9668503937007873
11
1.6699999999999999
21
1.9668503937007873
0
LINE
8
BLACK
6
CONTINUOUS
10
1.6699999999999999
20
1.9668503937007873
11
1.66879468503937
21
1.967090157480315
0
LINE
8
BLACK
6
CONTINUOUS
10
1.66879468503937
20
1.967090157480315
11
1.667772874015748
21
1.9677728740157481
0
LINE
8
BLACK
6
CONTINUOUS
10
1.667772874015748
20
1.9677728740157481
11
1.667090157480315
21
1.9687946850393701
0
LINE
8
BLACK
6
CONTINUOUS
10
1.667090157480315
20
1.9687946850393701
11
1.6668503937007875
21
1.97
0
LINE
8
BLACK
6
CONTINUOUS
10
1.6668503937007875
20
1.97
11
1.6668503937007875
21
2.0299999999999998
0
LINE
8
BLACK
6
CONTINUOUS
10
1.6668503937007875
20
2.0299999999999998
11
1.667090157480315
21
2.0312053149606299
0
LINE
8
BLACK
6
CONTINUOUS
10
1.667090157480315
20
2.0312053149606299
11
1.667772874015748
21
2.0322271259842517
0
LINE
8
BLACK
6
CONTINUOUS
10
1.667772874015748
20
2.0322271259842517
11
1.66879468503937
21
2.0329098425196852
0
LINE
8
BLACK
6
CONTINUOUS
10
1.66879468503937
20
2.0329098425196852
11
1.6699999999999999
21
2.0331496062992125
0
LINE
8
BLACK
6
CONTINUOUS
10
1.6699999999999999
20
2.0331496062992125
11
1.73
21
2.0331496062992125
0
LINE
8
BLACK
6
CONTINUOUS
10
1.73
20
2.0331496062992125
11
1.7312053149606299
21
2.0329098425196852
0
LINE
8
BLACK
6
CONTINUOUS
10
1.8312053149606298
20
2.0329098425196852
11
1.832227125984252
21
2.0322271259842517
0
LINE
8
BLACK
6
CONTINUOUS
10
1.832227125984252
20
2.0322271259842517
11
1.832909842519685
21
2.0312053149606299
0
LINE
8
BLACK
6
CONTINUOUS
10
1.832909842519685
20
2.0312053149606299
11
1.8331496062992125
21
2.0299999999999998
0
LINE
8
BLACK
6
CONTINUOUS
10
1.8331496062992125
20
2.0299999999999998
11
1.8331496062992125
21
1.97
0
LINE
8
BLACK
6
CONTINUOUS
10
1.8331496062992125
20
1.97
11
1.832909842519685
21
1.9687946850393701
0
LINE
8
BLACK
6
CONTINUOUS
10
1.832909842519685
20
1.9687946850393701
11
1.832227125984252
21
1.9677728740157481
0
LINE
8
BLACK
6
CONTINUOUS
10
1.832227125984252
20
1.9677728740157481
11
1.8312053149606298
21
1.967090157480315
0
LINE
8
BLACK
6
CONTINUOUS
10
1.8312053149606298
20
1.967090157480315
11
1.8299999999999998
21
1.9668503937007873
0
LINE
8
BLACK
6
CONTINUOUS
10
1.8299999999999998
20
1.9668503937007873
11
1.77
21
1.9668503937007873
0
LINE
8
BLACK
6
CONTINUOUS
10
1.77
20
1.9668503937007873
11
1.7687946850393701
21
1.967090157480315
0
LINE
8
BLACK
6
CONTINUOUS
10
1.7687946850393701
20
1.967090157480315
11
1.7677728740157479
21
1.9677728740157481
0
LINE
8
BLACK
6
CONTINUOUS
10
1.7677728740157479
20
1.9677728740157481
11
1.7670901574803148
21
1.9687946850393701
0
LINE
8
BLACK
6
CONTINUOUS
10
1.7670901574803148
20
1.9687946850393701
11
1.7668503937007873
21
1.97
0
LINE
8
BLACK
6
CONTINUOUS
10
1.7668503937007873
20
1.97
11
1.7668503937007873
21
2.0299999999999998
0
LINE
8
BLACK
6
CONTINUOUS
10
1.7668503937007873
20
2.0299999999999998
11
1.7670901574803148
21
2.0312053149606299
0
LINE
8
BLACK
6
CONTINUOUS
10
1.7670901574803148
20
2.0312053149606299
11
1.7677728740157479
21
2.0322271259842517
0
LINE
8
BLACK
6
CONTINUOUS
10
1.7677728740157479
20
2.0322271259842517
11
1.7687946850393701
21
2.0329098425196852
0
LINE
8
BLACK
6
CONTINUOUS
10
1.7687946850393701
20
2.0329098425196852
11
1.77
21
2.0331496062992125
0
LINE
8
BLACK
6
CONTINUOUS
10
1.77
20
2.0331496062992125
11
1.8299999999999998
21
2.0331496062992125
0
LINE
8
BLACK
6
CONTINUOUS
10
1.8299999999999998
20
2.0331496062992125
11
1.8312053149606298
21
2.0329098425196852
0
LINE
8
BLACK
6
CONTINUOUS
10
1.9312053149606299
20
2.0329098425196852
11
1.9322271259842518
21
2.0322271259842517
0
LINE
8
BLACK
6
CONTINUOUS
10
1.9322271259842518
20
2.0322271259842517
11
1.9329098425196849
21
2.0312053149606299
0
LINE
8
BLACK
6
CONTINUOUS
10
1.9329098425196849
20
2.0312053149606299
11
1.9331496062992126
21
2.0299999999999998
0
LINE
8
BLACK
6
CONTINUOUS
10
1.9331496062992126
20
2.0299999999999998
11
1.9331496062992126
21
1.97
0
LINE
8
BLACK
6
CONTINUOUS
10
1.9331496062992126
20
1.97
11
1.9329098425196849
21
1.9687946850393701
0
LINE
8
BLACK
6
CONTINUOUS
10
1.9329098425196849
20
1.9687946850393701
11
1.9322271259842518
21
1.9677728740157481
0
LINE
8
BLACK
6
CONTINUOUS
10
1.9322271259842518
20
1.9677728740157481
11
1.9312053149606299
21
1.967090157480315
0
LINE
8
BLACK
6
CONTINUOUS
10
1.9312053149606299
20
1.967090157480315
11
1.9299999999999999
21
1.9668503937007873
0
LINE
8
BLACK
6
CONTINUOUS
10
1.9299999999999999
20
1.9668503937007873
11
1.8699999999999999
21
1.9668503937007873
0
LINE
8
BLACK
6
CONTINUOUS
10
1.8699999999999999
20
1.9668503937007873
11
1.86879468503937
21
1.967090157480315
0
LINE
8
BLACK
6
CONTINUOUS
10
1.86879468503937
20
1.967090157480315
11
1.867772874015748
21
1.9677728740157481
0
LINE
8
BLACK
6
CONTINUOUS
10
1.867772874015748
20
1.9677728740157481
11
1.8670901574803149
21
1.9687946850393701
0
LINE
8
BLACK
6
CONTINUOUS
10
1.8670901574803149
20
1.9687946850393701
11
1.8668503937007874
21
1.97
0
LINE
8
BLACK
6
CONTINUOUS
10
1.8668503937007874
20
1.97
11
1.8668503937007874
21
2.0299999999999998
0
LINE
8
BLACK
6
CONTINUOUS
10
1.8668503937007874
20
2.0299999999999998
11
1.8670901574803149
21
2.0312053149606299
0
LINE
8
BLACK
6
CONTINUOUS
10
1.8670901574803149
20
2.0312053149606299
11
1.867772874015748
21
2.0322271259842517
0
LINE
8
BLACK
6
CONTINUOUS
10
1.867772874015748
20
2.0322271259842517
11
1.86879468503937
21
2.0329098425196852
0
LINE
8
BLACK
6
CONTINUOUS
10
1.86879468503937
20
2.0329098425196852
11
1.8699999999999999
21
2.0331496062992125
0
LINE
8
BLACK
6
CONTINUOUS
10
1.8699999999999999
20
2.0331496062992125
11
1.9299999999999999
21
2.0331496062992125
0
LINE
8
BLACK
6
CONTINUOUS
10
1.9299999999999999
20
2.0331496062992125
11
1.9312053149606299
21
2.0329098425196852
0
LINE
8
BLACK
6
CONTINUOUS
10
2.0312053149606299
20
2.0329098425196852
11
2.0322271259842517
21
2.0322271259842517
0
LINE
8
BLACK
6
CONTINUOUS
10
2.0322271259842517
20
2.0322271259842517
11
2.0329098425196852
21
2.0312053149606299
0
LINE
8
BLACK
6
CONTINUOUS
10
2.0329098425196852
20
2.0312053149606299
11
2.0331496062992125
21
2.0299999999999998
0
LINE
8
BLACK
6
CONTINUOUS
10
2.0331496062992125
20
2.0299999999999998
11
2.0331496062992125
21
1.97
0
LINE
8
BLACK
6
CONTINUOUS
10
2.0331496062992125
20
1.97
11
2.0329098425196852
21
1.9687946850393701
0
LINE
8
BLACK
6
CONTINUOUS
10
2.0329098425196852
20
1.9687946850393701
11
2.0322271259842517
21
1.9677728740157481
0
LINE
8
BLACK
6
CONTINUOUS
10
2.0322271259842517
20
1.9677728740157481
11
2.0312053149606299
21
1.967090157480315
0
LINE
8
BLACK
6
CONTINUOUS
10
2.0312053149606299
20
1.967090157480315
11
2.0299999999999998
21
1.9668503937007873
0
LINE
8
BLACK
6
CONTINUOUS
10
2.0299999999999998
20
1.9668503937007873
11
1.97
21
1.9668503937007873
0
LINE
8
BLACK
6
CONTINUOUS
10
1.97
20
1.9668503937007873
11
1.9687946850393701
21
1.967090157480315
0
LINE
8
BLACK
6
CONTINUOUS
10
1.9687946850393701
20
1.967090157480315
11
1.9677728740157481
21
1.9677728740157481
0
LINE
8
BLACK
6
CONTINUOUS
10
1.9677728740157481
20
1.9677728740157481
11
1.967090157480315
21
1.9687946850393701
0
LINE
8
BLACK
6
CONTINUOUS
10
1.967090157480315
20
1.9687946850393701
11
1.9668503937007873
21
1.97
0
LINE
8
BLACK
6
CONTINUOUS
10
1.9668503937007873
20
1.97
11
1.9668503937007873
21
2.0299999999999998
0
LINE
8
BLACK
6
CONTINUOUS
10
1.9668503937007873
20
2.0299999999999998
11
1.967090157480315
21
2.0312053149606299
0
LINE
8
BLACK
6
CONTINUOUS
10
1.967090157480315
20
2.0312053149606299
11
1.9677728740157481
21
2.0322271259842517
0
LINE
8
BLACK
6
CONTINUOUS
10
1.9677728740157481
20
2.0322271259842517
11
1.9687946850393701
21
2.0329098425196852
0
LINE
8
BLACK
6
CONTINUOUS
10
1.9687946850393701
20
2.0329098425196852
11
1.97
21
2.0331496062992125
0
LINE
8
BLACK
6
CONTINUOUS
10
1.97
20
2.0331496062992125
11
2.0299999999999998
21
2.0331496062992125
0
LINE
8
BLACK
6
CONTINUOUS
10
2.0299999999999998
20
2.0331496062992125
11
2.0312053149606299
21
2.0329098425196852
0
LINE
8
BLACK
6
CONTINUOUS
10
2.13120531496063
20
2.0329098425196852
11
2.1322271259842518
21
2.0322271259842517
0
LINE
8
BLACK
6
CONTINUOUS
10
2.1322271259842518
20
2.0322271259842517
11
2.1329098425196849
21
2.0312053149606299
0
LINE
8
BLACK
6
CONTINUOUS
10
2.1329098425196849
20
2.0312053149606299
11
2.1331496062992126
21
2.0299999999999998
0
LINE
8
BLACK
6
CONTINUOUS
10
2.1331496062992126
20
2.0299999999999998
11
2.1331496062992126
21
1.97
0
LINE
8
BLACK
6
CONTINUOUS
10
2.1331496062992126
20
1.97
11
2.1329098425196849
21
1.9687946850393701
0
LINE
8
BLACK
6
CONTINUOUS
10
2.1329098425196849
20
1.9687946850393701
11
2.1322271259842518
21
1.9677728740157481
0
LINE
8
BLACK
6
CONTINUOUS
10
2.1322271259842518
20
1.9677728740157481
11
2.13120531496063
21
1.967090157480315
0
LINE
8
BLACK
6
CONTINUOUS
10
2.13120531496063
20
1.967090157480315
11
2.1299999999999999
21
1.9668503937007873
0
LINE
8
BLACK
6
CONTINUOUS
10
2.1299999999999999
20
1.9668503937007873
11
2.0699999999999998
21
1.9668503937007873
0
LINE
8
BLACK
6
CONTINUOUS
10
2.0699999999999998
20
1.9668503937007873
11
2.0687946850393701
21
1.967090157480315
0
LINE
8
BLACK
6
CONTINUOUS
10
2.0687946850393701
20
1.967090157480315
11
2.0677728740157479
21
1.9677728740157481
0
LINE
8
BLACK
6
CONTINUOUS
10
2.0677728740157479
20
1.9677728740157481
11
2.0670901574803149
21
1.9687946850393701
0
LINE
8
BLACK
6
CONTINUOUS
10
2.0670901574803149
20
1.9687946850393701
11
2.0668503937007872
21
1.97
0
LINE
8
BLACK
6
CONTINUOUS
10
2.0668503937007872
20
1.97
11
2.0668503937007872
21
2.0299999999999998
0
LINE
8
BLACK
6
CONTINUOUS
10
2.0668503937007872
20
2.0299999999999998
11
2.0670901574803149
21
2.0312053149606299
0
LINE
8
BLACK
6
CONTINUOUS
10
2.0670901574803149
20
2.0312053149606299
11
2.0677728740157479
21
2.0322271259842517
0
LINE
8
BLACK
6
CONTINUOUS
10
2.0677728740157479
20
2.0322271259842517
11
2.0687946850393701
21
2.0329098425196852
0
LINE
8
BLACK
6
CONTINUOUS
10
2.0687946850393701
20
2.0329098425196852
11
2.0699999999999998
21
2.0331496062992125
0
LINE
8
BLACK
6
CONTINUOUS
10
2.0699999999999998
20
2.0331496062992125
11
2.1299999999999999
21
2.0331496062992125
0
LINE
8
BLACK
6
CONTINUOUS
10
2.1299999999999999
20
2.0331496062992125
11
2.13120531496063
21
2.0329098425196852
0
LINE
8
BLACK
6
CONTINUOUS
10
2.2312053149606297
20
2.0329098425196852
11
2.2322271259842519
21
2.0322271259842517
0
LINE
8
BLACK
6
CONTINUOUS
10
2.2322271259842519
20
2.0322271259842517
11
2.2329098425196849
21
2.0312053149606299
0
LINE
8
BLACK
6
CONTINUOUS
10
2.2329098425196849
20
2.0312053149606299
11
2.2331496062992127
21
2.0299999999999998
0
LINE
8
BLACK
6
CONTINUOUS
10
2.2331496062992127
20
2.0299999999999998
11
2.2331496062992127
21
1.97
0
LINE
8
BLACK
6
CONTINUOUS
10
2.2331496062992127
20
1.97
11
2.2329098425196849
21
1.9687946850393701
0
LINE
8
BLACK
6
CONTINUOUS
10
2.2329098425196849
20
1.9687946850393701
11
2.2322271259842519
21
1.9677728740157481
0
LINE
8
BLACK
6
CONTINUOUS
10
2.2322271259842519
20
1.9677728740157481
11
2.2312053149606297
21
1.967090157480315
0
LINE
8
BLACK
6
CONTINUOUS
10
2.2312053149606297
20
1.967090157480315
11
2.23
21
1.9668503937007873
0
LINE
8
BLACK
6
CONTINUOUS
10
2.23
20
1.9668503937007873
11
2.1699999999999999
21
1.9668503937007873
0
LINE
8
BLACK
6
CONTINUOUS
10
2.1699999999999999
20
1.9668503937007873
11
2.1687946850393702
21
1.967090157480315
0
LINE
8
BLACK
6
CONTINUOUS
10
2.1687946850393702
20
1.967090157480315
11
2.167772874015748
21
1.9677728740157481
0
LINE
8
BLACK
6
CONTINUOUS
10
2.167772874015748
20
1.9677728740157481
11
2.167090157480315
21
1.9687946850393701
0
LINE
8
BLACK
6
CONTINUOUS
10
2.167090157480315
20
1.9687946850393701
11
2.1668503937007872
21
1.97
0
LINE
8
BLACK
6
CONTINUOUS
10
2.1668503937007872
20
1.97
11
2.1668503937007872
21
2.0299999999999998
0
LINE
8
BLACK
6
CONTINUOUS
10
2.1668503937007872
20
2.0299999999999998
11
2.167090157480315
21
2.0312053149606299
0
LINE
8
BLACK
6
CONTINUOUS
10
2.167090157480315
20
2.0312053149606299
11
2.167772874015748
21
2.0322271259842517
0
LINE
8
BLACK
6
CONTINUOUS
10
2.167772874015748
20
2.0322271259842517
11
2.1687946850393702
21
2.0329098425196852
0
LINE
8
BLACK
6
CONTINUOUS
10
2.1687946850393702
20
2.0329098425196852
11
2.1699999999999999
21
2.0331496062992125
0
LINE
8
BLACK
6
CONTINUOUS
10
2.1699999999999999
20
2.0331496062992125
11
2.23
21
2.0331496062992125
0
LINE
8
BLACK
6
CONTINUOUS
10
2.23
20
2.0331496062992125
11
2.2312053149606297
21
2.0329098425196852
0
LINE
8
BLACK
6
CONTINUOUS
10
2.3312053149606298
20
2.0329098425196852
11
2.332227125984252
21
2.0322271259842517
0
LINE
8
BLACK
6
CONTINUOUS
10
2.332227125984252
20
2.0322271259842517
11
2.332909842519685
21
2.0312053149606299
0
LINE
8
BLACK
6
CONTINUOUS
10
2.332909842519685
20
2.0312053149606299
11
2.3331496062992128
21
2.0299999999999998
0
LINE
8
BLACK
6
CONTINUOUS
10
2.3331496062992128
20
2.0299999999999998
11
2.3331496062992128
21
1.97
0
LINE
8
BLACK
6
CONTINUOUS
10
2.3331496062992128
20
1.97
11
2.332909842519685
21
1.9687946850393701
0
LINE
8
BLACK
6
CONTINUOUS
10
2.332909842519685
20
1.9687946850393701
11
2.332227125984252
21
1.9677728740157481
0
LINE
8
BLACK
6
CONTINUOUS
10
2.332227125984252
20
1.9677728740157481
11
2.3312053149606298
21
1.967090157480315
0
LINE
8
BLACK
6
CONTINUOUS
10
2.3312053149606298
20
1.967090157480315
11
2.3300000000000001
21
1.9668503937007873
0
LINE
8
BLACK
6
CONTINUOUS
10
2.3300000000000001
20
1.9668503937007873
11
2.27
21
1.9668503937007873
0
LINE
8
BLACK
6
CONTINUOUS
10
2.27
20
1.9668503937007873
11
2.2687946850393699
21
1.967090157480315
0
LINE
8
BLACK
6
CONTINUOUS
10
2.2687946850393699
20
1.967090157480315
11
2.2677728740157481
21
1.9677728740157481
0
LINE
8
BLACK
6
CONTINUOUS
10
2.2677728740157481
20
1.9677728740157481
11
2.2670901574803151
21
1.9687946850393701
0
LINE
8
BLACK
6
CONTINUOUS
10
2.2670901574803151
20
1.9687946850393701
11
2.2668503937007873
21
1.97
0
LINE
8
BLACK
6
CONTINUOUS
10
2.2668503937007873
20
1.97
11
2.2668503937007873
21
2.0299999999999998
0
LINE
8
BLACK
6
CONTINUOUS
10
2.2668503937007873
20
2.0299999999999998
11
2.2670901574803151
21
2.0312053149606299
0
LINE
8
BLACK
6
CONTINUOUS
10
2.2670901574803151
20
2.0312053149606299
11
2.2677728740157481
21
2.0322271259842517
0
LINE
8
BLACK
6
CONTINUOUS
10
2.2677728740157481
20
2.0322271259842517
11
2.2687946850393699
21
2.0329098425196852
0
LINE
8
BLACK
6
CONTINUOUS
10
2.2687946850393699
20
2.0329098425196852
11
2.27
21
2.0331496062992125
0
LINE
8
BLACK
6
CONTINUOUS
10
2.27
20
2.0331496062992125
11
2.3300000000000001
21
2.0331496062992125
0
LINE
8
BLACK
6
CONTINUOUS
10
2.3300000000000001
20
2.0331496062992125
11
2.3312053149606298
21
2.0329098425196852
0
LINE
8
BLACK
6
CONTINUOUS
10
0.6493468503937008
20
2.0711085039370078
11
0.6534362204724409
21
2.0692015748031496
0
LINE
8
BLACK
6
CONTINUOUS
10
0.6534362204724409
20
2.0692015748031496
11
0.6566267716535433
21
2.066011023622047
0
LINE
8
BLACK
6
CONTINUOUS
10
0.6566267716535433
20
2.066011023622047
11
0.6585337007874016
21
2.0619216535433069
0
LINE
8
BLACK
6
CONTINUOUS
10
0.6585337007874016
20
2.0619216535433069
11
0.6589763779527559
21
2.0585590551181103
0
LINE
8
BLACK
6
CONTINUOUS
10
0.6589763779527559
20
2.0585590551181103
11
0.6589763779527559
21
2.0211574803149608
0
LINE
8
BLACK
6
CONTINUOUS
10
0.6589763779527559
20
2.0211574803149608
11
0.6585337007874016
21
2.0177948818897637
0
LINE
8
BLACK
6
CONTINUOUS
10
0.6585337007874016
20
2.0177948818897637
11
0.6566267716535433
21
2.0137055118110236
0
LINE
8
BLACK
6
CONTINUOUS
10
0.6566267716535433
20
2.0137055118110236
11
0.6534362204724409
21
2.0105149606299211
0
LINE
8
BLACK
6
CONTINUOUS
10
0.6534362204724409
20
2.0105149606299211
11
0.6493468503937008
21
2.0086080314960628
0
LINE
8
BLACK
6
CONTINUOUS
10
0.6493468503937008
20
2.0086080314960628
11
0.645984251968504
21
2.0081653543307088
0
LINE
8
BLACK
6
CONTINUOUS
10
0.645984251968504
20
2.0081653543307088
11
0.6262992125984251
21
2.0081653543307088
0
LINE
8
BLACK
6
CONTINUOUS
10
0.6262992125984251
20
2.0081653543307088
11
0.6229366141732283
21
2.0086080314960628
0
LINE
8
BLACK
6
CONTINUOUS
10
0.6229366141732283
20
2.0086080314960628
11
0.6188472440944882
21
2.0105149606299211
0
LINE
8
BLACK
6
CONTINUOUS
10
0.6188472440944882
20
2.0105149606299211
11
0.6156566929133858
21
2.0137055118110236
0
LINE
8
BLACK
6
CONTINUOUS
10
0.6156566929133858
20
2.0137055118110236
11
0.6137497637795275
21
2.0177948818897637
0
LINE
8
BLACK
6
CONTINUOUS
10
0.6137497637795275
20
2.0177948818897637
11
0.6133070866141732
21
2.0211574803149608
0
LINE
8
BLACK
6
CONTINUOUS
10
0.6133070866141732
20
2.0211574803149608
11
0.6133070866141732
21
2.0585590551181103
0
LINE
8
BLACK
6
CONTINUOUS
10
0.6133070866141732
20
2.0585590551181103
11
0.6137497637795275
21
2.0619216535433069
0
LINE
8
BLACK
6
CONTINUOUS
10
0.6137497637795275
20
2.0619216535433069
11
0.6156566929133858
21
2.066011023622047
0
LINE
8
BLACK
6
CONTINUOUS
10
0.6156566929133858
20
2.066011023622047
11
0.6188472440944882
21
2.0692015748031496
0
LINE
8
BLACK
6
CONTINUOUS
10
0.6188472440944882
20
2.0692015748031496
11
0.6229366141732283
21
2.0711085039370078
0
LINE
8
BLACK
6
CONTINUOUS
10
0.6229366141732283
20
2.0711085039370078
11
0.6262992125984251
21
2.0715511811023624
0
LINE
8
BLACK
6
CONTINUOUS
10
0.6262992125984251
20
2.0715511811023624
11
0.645984251968504
21
2.0715511811023624
0
LINE
8
BLACK
6
CONTINUOUS
10
0.645984251968504
20
2.0715511811023624
11
0.6493468503937008
21
2.0711085039370078
0
LINE
8
BLACK
6
CONTINUOUS
10
0.72415
20
2.0711085039370078
11
0.7282393700787402
21
2.0692015748031496
0
LINE
8
BLACK
6
CONTINUOUS
10
0.7282393700787402
20
2.0692015748031496
11
0.7314299212598425
21
2.066011023622047
0
LINE
8
BLACK
6
CONTINUOUS
10
0.7314299212598425
20
2.066011023622047
11
0.7333368503937008
21
2.0619216535433069
0
LINE
8
BLACK
6
CONTINUOUS
10
0.7333368503937008
20
2.0619216535433069
11
0.7337795275590551
21
2.0585590551181103
0
LINE
8
BLACK
6
CONTINUOUS
10
0.7337795275590551
20
2.0585590551181103
11
0.7337795275590551
21
2.0211574803149608
0
LINE
8
BLACK
6
CONTINUOUS
10
0.7337795275590551
20
2.0211574803149608
11
0.7333368503937008
21
2.0177948818897637
0
LINE
8
BLACK
6
CONTINUOUS
10
0.7333368503937008
20
2.0177948818897637
11
0.7314299212598425
21
2.0137055118110236
0
LINE
8
BLACK
6
CONTINUOUS
10
0.7314299212598425
20
2.0137055118110236
11
0.7282393700787402
21
2.0105149606299211
0
LINE
8
BLACK
6
CONTINUOUS
10
0.7282393700787402
20
2.0105149606299211
11
0.72415
21
2.0086080314960628
0
LINE
8
BLACK
6
CONTINUOUS
10
0.72415
20
2.0086080314960628
11
0.7207874015748031
21
2.0081653543307088
0
LINE
8
BLACK
6
CONTINUOUS
10
0.7207874015748031
20
2.0081653543307088
11
0.7011023622047244
21
2.0081653543307088
0
LINE
8
BLACK
6
CONTINUOUS
10
0.7011023622047244
20
2.0081653543307088
11
0.6977397637795275
21
2.0086080314960628
0
LINE
8
BLACK
6
CONTINUOUS
10
0.6977397637795275
20
2.0086080314960628
11
0.6936503937007874
21
2.0105149606299211
0
LINE
8
BLACK
6
CONTINUOUS
10
0.6936503937007874
20
2.0105149606299211
11
0.6904598425196851
21
2.0137055118110236
0
LINE
8
BLACK
6
CONTINUOUS
10
0.6904598425196851
20
2.0137055118110236
11
0.6885529133858268
21
2.0177948818897637
0
LINE
8
BLACK
6
CONTINUOUS
10
0.6885529133858268
20
2.0177948818897637
11
0.6881102362204724
21
2.0211574803149608
0
LINE
8
BLACK
6
CONTINUOUS
10
0.6881102362204724
20
2.0211574803149608
11
0.6881102362204724
21
2.0585590551181103
0
LINE
8
BLACK
6
CONTINUOUS
10
0.6881102362204724
20
2.0585590551181103
11
0.6885529133858268
21
2.0619216535433069
0
LINE
8
BLACK
6
CONTINUOUS
10
0.6885529133858268
20
2.0619216535433069
11
0.6904598425196851
21
2.066011023622047
0
LINE
8
BLACK
6
CONTINUOUS
10
0.6904598425196851
20
2.066011023622047
11
0.6936503937007874
21
2.0692015748031496
0
LINE
8
BLACK
6
CONTINUOUS
10
0.6936503937007874
20
2.0692015748031496
11
0.6977397637795275
21
2.0711085039370078
0
LINE
8
BLACK
6
CONTINUOUS
10
0.6977397637795275
20
2.0711085039370078
11
0.7011023622047244
21
2.0715511811023624
0
LINE
8
BLACK
6
CONTINUOUS
10
0.7011023622047244
20
2.0715511811023624
11
0.7207874015748031
21
2.0715511811023624
0
LINE
8
BLACK
6
CONTINUOUS
10
0.7207874015748031
20
2.0715511811023624
11
0.72415
21
2.0711085039370078
0
LINE
8
BLACK
6
CONTINUOUS
10
0.8146066929133858
20
2.0538486614173226
11
0.8186960629921259
21
2.0519417322834643
0
LINE
8
BLACK
6
CONTINUOUS
10
0.8186960629921259
20
2.0519417322834643
11
0.8218866141732283
21
2.0487511811023622
0
LINE
8
BLACK
6
CONTINUOUS
10
0.8218866141732283
20
2.0487511811023622
11
0.8237935433070867
21
2.0446618110236221
0
LINE
8
BLACK
6
CONTINUOUS
10
0.8237935433070867
20
2.0446618110236221
11
0.8242362204724409
21
2.0412992125984251
0
LINE
8
BLACK
6
CONTINUOUS
10
0.8242362204724409
20
2.0412992125984251
11
0.8242362204724409
21
2.0216141732283464
0
LINE
8
BLACK
6
CONTINUOUS
10
0.8242362204724409
20
2.0216141732283464
11
0.8237935433070867
21
2.0182515748031498
0
LINE
8
BLACK
6
CONTINUOUS
10
0.8237935433070867
20
2.0182515748031498
11
0.8218866141732283
21
2.0141622047244092
0
LINE
8
BLACK
6
CONTINUOUS
10
0.8218866141732283
20
2.0141622047244092
11
0.8186960629921259
21
2.0109716535433071
0
LINE
8
BLACK
6
CONTINUOUS
10
0.8186960629921259
20
2.0109716535433071
11
0.8146066929133858
21
2.0090647244094488
0
LINE
8
BLACK
6
CONTINUOUS
10
0.8146066929133858
20
2.0090647244094488
11
0.8112440944881889
21
2.0086220472440943
0
LINE
8
BLACK
6
CONTINUOUS
10
0.8112440944881889
20
2.0086220472440943
11
0.7738425196850394
21
2.0086220472440943
0
LINE
8
BLACK
6
CONTINUOUS
10
0.7738425196850394
20
2.0086220472440943
11
0.7704799212598425
21
2.0090647244094488
0
LINE
8
BLACK
6
CONTINUOUS
10
0.7704799212598425
20
2.0090647244094488
11
0.7663905511811023
21
2.0109716535433071
0
LINE
8
BLACK
6
CONTINUOUS
10
0.7663905511811023
20
2.0109716535433071
11
0.7632
21
2.0141622047244092
0
LINE
8
BLACK
6
CONTINUOUS
10
0.7632
20
2.0141622047244092
11
0.7612930708661417
21
2.0182515748031498
0
LINE
8
BLACK
6
CONTINUOUS
10
0.7612930708661417
20
2.0182515748031498
11
0.7608503937007873
21
2.0216141732283464
0
LINE
8
BLACK
6
CONTINUOUS
10
0.7608503937007873
20
2.0216141732283464
11
0.7608503937007873
21
2.0412992125984251
0
LINE
8
BLACK
6
CONTINUOUS
10
0.7608503937007873
20
2.0412992125984251
11
0.7612930708661417
21
2.0446618110236221
0
LINE
8
BLACK
6
CONTINUOUS
10
0.7612930708661417
20
2.0446618110236221
11
0.7632
21
2.0487511811023622
0
LINE
8
BLACK
6
CONTINUOUS
10
0.7632
20
2.0487511811023622
11
0.7663905511811023
21
2.0519417322834643
0
LINE
8
BLACK
6
CONTINUOUS
10
0.7663905511811023
20
2.0519417322834643
11
0.7704799212598425
21
2.0538486614173226
0
LINE
8
BLACK
6
CONTINUOUS
10
0.7704799212598425
20
2.0538486614173226
11
0.7738425196850394
21
2.0542913385826771
0
LINE
8
BLACK
6
CONTINUOUS
10
0.7738425196850394
20
2.0542913385826771
11
0.8112440944881889
21
2.0542913385826771
0
LINE
8
BLACK
6
CONTINUOUS
10
0.8112440944881889
20
2.0542913385826771
11
0.8146066929133858
21
2.0538486614173226
0
LINE
8
BLACK
6
CONTINUOUS
10
0.9312053149606299
20
2.1329098425196849
11
0.9322271259842519
21
2.1322271259842518
0
LINE
8
BLACK
6
CONTINUOUS
10
0.9322271259842519
20
2.1322271259842518
11
0.932909842519685
21
2.13120531496063
0
LINE
8
BLACK
6
CONTINUOUS
10
0.932909842519685
20
2.13120531496063
11
0.9331496062992126
21
2.1299999999999999
0
LINE
8
BLACK
6
CONTINUOUS
10
0.9331496062992126
20
2.1299999999999999
11
0.9331496062992126
21
2.0699999999999998
0
LINE
8
BLACK
6
CONTINUOUS
10
0.9331496062992126
20
2.0699999999999998
11
0.932909842519685
21
2.0687946850393701
0
LINE
8
BLACK
6
CONTINUOUS
10
0.932909842519685
20
2.0687946850393701
11
0.9322271259842519
21
2.0677728740157479
0
LINE
8
BLACK
6
CONTINUOUS
10
0.9322271259842519
20
2.0677728740157479
11
0.9312053149606299
21
2.0670901574803149
0
LINE
8
BLACK
6
CONTINUOUS
10
0.9312053149606299
20
2.0670901574803149
11
0.9299999999999999
21
2.0668503937007872
0
LINE
8
BLACK
6
CONTINUOUS
10
0.9299999999999999
20
2.0668503937007872
11
0.87
21
2.0668503937007872
0
LINE
8
BLACK
6
CONTINUOUS
10
0.87
20
2.0668503937007872
11
0.8687946850393701
21
2.0670901574803149
0
LINE
8
BLACK
6
CONTINUOUS
10
0.8687946850393701
20
2.0670901574803149
11
0.867772874015748
21
2.0677728740157479
0
LINE
8
BLACK
6
CONTINUOUS
10
0.867772874015748
20
2.0677728740157479
11
0.8670901574803149
21
2.0687946850393701
0
LINE
8
BLACK
6
CONTINUOUS
10
0.8670901574803149
20
2.0687946850393701
11
0.8668503937007874
21
2.0699999999999998
0
LINE
8
BLACK
6
CONTINUOUS
10
0.8668503937007874
20
2.0699999999999998
11
0.8668503937007874
21
2.1299999999999999
0
LINE
8
BLACK
6
CONTINUOUS
10
0.8668503937007874
20
2.1299999999999999
11
0.8670901574803149
21
2.13120531496063
0
LINE
8
BLACK
6
CONTINUOUS
10
0.8670901574803149
20
2.13120531496063
11
0.867772874015748
21
2.1322271259842518
0
LINE
8
BLACK
6
CONTINUOUS
10
0.867772874015748
20
2.1322271259842518
11
0.8687946850393701
21
2.1329098425196849
0
LINE
8
BLACK
6
CONTINUOUS
10
0.8687946850393701
20
2.1329098425196849
11
0.87
21
2.1331496062992126
0
LINE
8
BLACK
6
CONTINUOUS
10
0.87
20
2.1331496062992126
11
0.9299999999999999
21
2.1331496062992126
0
LINE
8
BLACK
6
CONTINUOUS
10
0.9299999999999999
20
2.1331496062992126
11
0.9312053149606299
21
2.1329098425196849
0
LINE
8
BLACK
6
CONTINUOUS
10
1.0312053149606299
20
2.1329098425196849
11
1.0322271259842519
21
2.1322271259842518
0
LINE
8
BLACK
6
CONTINUOUS
10
1.0322271259842519
20
2.1322271259842518
11
1.032909842519685
21
2.13120531496063
0
LINE
8
BLACK
6
CONTINUOUS
10
1.032909842519685
20
2.13120531496063
11
1.0331496062992125
21
2.1299999999999999
0
LINE
8
BLACK
6
CONTINUOUS
10
1.0331496062992125
20
2.1299999999999999
11
1.0331496062992125
21
2.0699999999999998
0
LINE
8
BLACK
6
CONTINUOUS
10
1.0331496062992125
20
2.0699999999999998
11
1.032909842519685
21
2.0687946850393701
0
LINE
8
BLACK
6
CONTINUOUS
10
1.032909842519685
20
2.0687946850393701
11
1.0322271259842519
21
2.0677728740157479
0
LINE
8
BLACK
6
CONTINUOUS
10
1.0322271259842519
20
2.0677728740157479
11
1.0312053149606299
21
2.0670901574803149
0
LINE
8
BLACK
6
CONTINUOUS
10
1.0312053149606299
20
2.0670901574803149
11
1.03
21
2.0668503937007872
0
LINE
8
BLACK
6
CONTINUOUS
10
1.03
20
2.0668503937007872
11
0.97
21
2.0668503937007872
0
LINE
8
BLACK
6
CONTINUOUS
10
0.97
20
2.0668503937007872
11
0.9687946850393701
21
2.0670901574803149
0
LINE
8
BLACK
6
CONTINUOUS
10
0.9687946850393701
20
2.0670901574803149
11
0.967772874015748
21
2.0677728740157479
0
LINE
8
BLACK
6
CONTINUOUS
10
0.967772874015748
20
2.0677728740157479
11
0.9670901574803149
21
2.0687946850393701
0
LINE
8
BLACK
6
CONTINUOUS
10
0.9670901574803149
20
2.0687946850393701
11
0.9668503937007874
21
2.0699999999999998
0
LINE
8
BLACK
6
CONTINUOUS
10
0.9668503937007874
20
2.0699999999999998
11
0.9668503937007874
21
2.1299999999999999
0
LINE
8
BLACK
6
CONTINUOUS
10
0.9668503937007874
20
2.1299999999999999
11
0.9670901574803149
21
2.13120531496063
0
LINE
8
BLACK
6
CONTINUOUS
10
0.9670901574803149
20
2.13120531496063
11
0.967772874015748
21
2.1322271259842518
0
LINE
8
BLACK
6
CONTINUOUS
10
0.967772874015748
20
2.1322271259842518
11
0.9687946850393701
21
2.1329098425196849
0
LINE
8
BLACK
6
CONTINUOUS
10
0.9687946850393701
20
2.1329098425196849
11
0.97
21
2.1331496062992126
0
LINE
8
BLACK
6
CONTINUOUS
10
0.97
20
2.1331496062992126
11
1.03
21
2.1331496062992126
0
LINE
8
BLACK
6
CONTINUOUS
10
1.03
20
2.1331496062992126
11
1.0312053149606299
21
2.1329098425196849
0
LINE
8
BLACK
6
CONTINUOUS
10
1.1312053149606298
20
2.1329098425196849
11
1.132227125984252
21
2.1322271259842518
0
LINE
8
BLACK
6
CONTINUOUS
10
1.132227125984252
20
2.1322271259842518
11
1.1329098425196851
21
2.13120531496063
0
LINE
8
BLACK
6
CONTINUOUS
10
1.1329098425196851
20
2.13120531496063
11
1.1331496062992126
21
2.1299999999999999
0
LINE
8
BLACK
6
CONTINUOUS
10
1.1331496062992126
20
2.1299999999999999
11
1.1331496062992126
21
2.0699999999999998
0
LINE
8
BLACK
6
CONTINUOUS
10
1.1331496062992126
20
2.0699999999999998
11
1.1329098425196851
21
2.0687946850393701
0
LINE
8
BLACK
6
CONTINUOUS
10
1.1329098425196851
20
2.0687946850393701
11
1.132227125984252
21
2.0677728740157479
0
LINE
8
BLACK
6
CONTINUOUS
10
1.132227125984252
20
2.0677728740157479
11
1.1312053149606298
21
2.0670901574803149
0
LINE
8
BLACK
6
CONTINUOUS
10
1.1312053149606298
20
2.0670901574803149
11
1.1299999999999999
21
2.0668503937007872
0
LINE
8
BLACK
6
CONTINUOUS
10
1.1299999999999999
20
2.0668503937007872
11
1.0700000000000001
21
2.0668503937007872
0
LINE
8
BLACK
6
CONTINUOUS
10
1.0700000000000001
20
2.0668503937007872
11
1.0687946850393701
21
2.0670901574803149
0
LINE
8
BLACK
6
CONTINUOUS
10
1.0687946850393701
20
2.0670901574803149
11
1.0677728740157479
21
2.0677728740157479
0
LINE
8
BLACK
6
CONTINUOUS
10
1.0677728740157479
20
2.0677728740157479
11
1.0670901574803149
21
2.0687946850393701
0
LINE
8
BLACK
6
CONTINUOUS
10
1.0670901574803149
20
2.0687946850393701
11
1.0668503937007874
21
2.0699999999999998
0
LINE
8
BLACK
6
CONTINUOUS
10
1.0668503937007874
20
2.0699999999999998
11
1.0668503937007874
21
2.1299999999999999
0
LINE
8
BLACK
6
CONTINUOUS
10
1.0668503937007874
20
2.1299999999999999
11
1.0670901574803149
21
2.13120531496063
0
LINE
8
BLACK
6
CONTINUOUS
10
1.0670901574803149
20
2.13120531496063
11
1.0677728740157479
21
2.1322271259842518
0
LINE
8
BLACK
6
CONTINUOUS
10
1.0677728740157479
20
2.1322271259842518
11
1.0687946850393701
21
2.1329098425196849
0
LINE
8
BLACK
6
CONTINUOUS
10
1.0687946850393701
20
2.1329098425196849
11
1.0700000000000001
21
2.1331496062992126
0
LINE
8
BLACK
6
CONTINUOUS
10
1.0700000000000001
20
2.1331496062992126
11
1.1299999999999999
21
2.1331496062992126
0
LINE
8
BLACK
6
CONTINUOUS
10
1.1299999999999999
20
2.1331496062992126
11
1.1312053149606298
21
2.1329098425196849
0
LINE
8
BLACK
6
CONTINUOUS
10
1.2312053149606299
20
2.1329098425196849
11
1.2322271259842519
21
2.1322271259842518
0
LINE
8
BLACK
6
CONTINUOUS
10
1.2322271259842519
20
2.1322271259842518
11
1.2329098425196849
21
2.13120531496063
0
LINE
8
BLACK
6
CONTINUOUS
10
1.2329098425196849
20
2.13120531496063
11
1.2331496062992127
21
2.1299999999999999
0
LINE
8
BLACK
6
CONTINUOUS
10
1.2331496062992127
20
2.1299999999999999
11
1.2331496062992127
21
2.0699999999999998
0
LINE
8
BLACK
6
CONTINUOUS
10
1.2331496062992127
20
2.0699999999999998
11
1.2329098425196849
21
2.0687946850393701
0
LINE
8
BLACK
6
CONTINUOUS
10
1.2329098425196849
20
2.0687946850393701
11
1.2322271259842519
21
2.0677728740157479
0
LINE
8
BLACK
6
CONTINUOUS
10
1.2322271259842519
20
2.0677728740157479
11
1.2312053149606299
21
2.0670901574803149
0
LINE
8
BLACK
6
CONTINUOUS
10
1.2312053149606299
20
2.0670901574803149
11
1.23
21
2.0668503937007872
0
LINE
8
BLACK
6
CONTINUOUS
10
1.23
20
2.0668503937007872
11
1.1699999999999999
21
2.0668503937007872
0
LINE
8
BLACK
6
CONTINUOUS
10
1.1699999999999999
20
2.0668503937007872
11
1.16879468503937
21
2.0670901574803149
0
LINE
8
BLACK
6
CONTINUOUS
10
1.16879468503937
20
2.0670901574803149
11
1.167772874015748
21
2.0677728740157479
0
LINE
8
BLACK
6
CONTINUOUS
10
1.167772874015748
20
2.0677728740157479
11
1.167090157480315
21
2.0687946850393701
0
LINE
8
BLACK
6
CONTINUOUS
10
1.167090157480315
20
2.0687946850393701
11
1.1668503937007875
21
2.0699999999999998
0
LINE
8
BLACK
6
CONTINUOUS
10
1.1668503937007875
20
2.0699999999999998
11
1.1668503937007875
21
2.1299999999999999
0
LINE
8
BLACK
6
CONTINUOUS
10
1.1668503937007875
20
2.1299999999999999
11
1.167090157480315
21
2.13120531496063
0
LINE
8
BLACK
6
CONTINUOUS
10
1.167090157480315
20
2.13120531496063
11
1.167772874015748
21
2.1322271259842518
0
LINE
8
BLACK
6
CONTINUOUS
10
1.167772874015748
20
2.1322271259842518
11
1.16879468503937
21
2.1329098425196849
0
LINE
8
BLACK
6
CONTINUOUS
10
1.16879468503937
20
2.1329098425196849
11
1.1699999999999999
21
2.1331496062992126
0
LINE
8
BLACK
6
CONTINUOUS
10
1.1699999999999999
20
2.1331496062992126
11
1.23
21
2.1331496062992126
0
LINE
8
BLACK
6
CONTINUOUS
10
1.23
20
2.1331496062992126
11
1.2312053149606299
21
2.1329098425196849
0
LINE
8
BLACK
6
CONTINUOUS
10
1.33120531496063
20
2.1329098425196849
11
1.332227125984252
21
2.1322271259842518
0
LINE
8
BLACK
6
CONTINUOUS
10
1.332227125984252
20
2.1322271259842518
11
1.332909842519685
21
2.13120531496063
0
LINE
8
BLACK
6
CONTINUOUS
10
1.332909842519685
20
2.13120531496063
11
1.3331496062992125
21
2.1299999999999999
0
LINE
8
BLACK
6
CONTINUOUS
10
1.3331496062992125
20
2.1299999999999999
11
1.3331496062992125
21
2.0699999999999998
0
LINE
8
BLACK
6
CONTINUOUS
10
1.3331496062992125
20
2.0699999999999998
11
1.332909842519685
21
2.0687946850393701
0
LINE
8
BLACK
6
CONTINUOUS
10
1.332909842519685
20
2.0687946850393701
11
1.332227125984252
21
2.0677728740157479
0
LINE
8
BLACK
6
CONTINUOUS
10
1.332227125984252
20
2.0677728740157479
11
1.33120531496063
21
2.0670901574803149
0
LINE
8
BLACK
6
CONTINUOUS
10
1.33120531496063
20
2.0670901574803149
11
1.3300000000000001
21
2.0668503937007872
0
LINE
8
BLACK
6
CONTINUOUS
10
1.3300000000000001
20
2.0668503937007872
11
1.27
21
2.0668503937007872
0
LINE
8
BLACK
6
CONTINUOUS
10
1.27
20
2.0668503937007872
11
1.2687946850393701
21
2.0670901574803149
0
LINE
8
BLACK
6
CONTINUOUS
10
1.2687946850393701
20
2.0670901574803149
11
1.2677728740157479
21
2.0677728740157479
0
LINE
8
BLACK
6
CONTINUOUS
10
1.2677728740157479
20
2.0677728740157479
11
1.2670901574803148
21
2.0687946850393701
0
LINE
8
BLACK
6
CONTINUOUS
10
1.2670901574803148
20
2.0687946850393701
11
1.2668503937007873
21
2.0699999999999998
0
LINE
8
BLACK
6
CONTINUOUS
10
1.2668503937007873
20
2.0699999999999998
11
1.2668503937007873
21
2.1299999999999999
0
LINE
8
BLACK
6
CONTINUOUS
10
1.2668503937007873
20
2.1299999999999999
11
1.2670901574803148
21
2.13120531496063
0
LINE
8
BLACK
6
CONTINUOUS
10
1.2670901574803148
20
2.13120531496063
11
1.2677728740157479
21
2.1322271259842518
0
LINE
8
BLACK
6
CONTINUOUS
10
1.2677728740157479
20
2.1322271259842518
11
1.2687946850393701
21
2.1329098425196849
0
LINE
8
BLACK
6
CONTINUOUS
10
1.2687946850393701
20
2.1329098425196849
11
1.27
21
2.1331496062992126
0
LINE
8
BLACK
6
CONTINUOUS
10
1.27
20
2.1331496062992126
11
1.3300000000000001
21
2.1331496062992126
0
LINE
8
BLACK
6
CONTINUOUS
10
1.3300000000000001
20
2.1331496062992126
11
1.33120531496063
21
2.1329098425196849
0
LINE
8
BLACK
6
CONTINUOUS
10
1.4312053149606299
20
2.1329098425196849
11
1.4322271259842518
21
2.1322271259842518
0
LINE
8
BLACK
6
CONTINUOUS
10
1.4322271259842518
20
2.1322271259842518
11
1.4329098425196851
21
2.13120531496063
0
LINE
8
BLACK
6
CONTINUOUS
10
1.4329098425196851
20
2.13120531496063
11
1.4331496062992126
21
2.1299999999999999
0
LINE
8
BLACK
6
CONTINUOUS
10
1.4331496062992126
20
2.1299999999999999
11
1.4331496062992126
21
2.0699999999999998
0
LINE
8
BLACK
6
CONTINUOUS
10
1.4331496062992126
20
2.0699999999999998
11
1.4329098425196851
21
2.0687946850393701
0
LINE
8
BLACK
6
CONTINUOUS
10
1.4329098425196851
20
2.0687946850393701
11
1.4322271259842518
21
2.0677728740157479
0
LINE
8
BLACK
6
CONTINUOUS
10
1.4322271259842518
20
2.0677728740157479
11
1.4312053149606299
21
2.0670901574803149
0
LINE
8
BLACK
6
CONTINUOUS
10
1.4312053149606299
20
2.0670901574803149
11
1.4299999999999999
21
2.0668503937007872
0
LINE
8
BLACK
6
CONTINUOUS
10
1.4299999999999999
20
2.0668503937007872
11
1.3699999999999999
21
2.0668503937007872
0
LINE
8
BLACK
6
CONTINUOUS
10
1.3699999999999999
20
2.0668503937007872
11
1.36879468503937
21
2.0670901574803149
0
LINE
8
BLACK
6
CONTINUOUS
10
1.36879468503937
20
2.0670901574803149
11
1.367772874015748
21
2.0677728740157479
0
LINE
8
BLACK
6
CONTINUOUS
10
1.367772874015748
20
2.0677728740157479
11
1.3670901574803149
21
2.0687946850393701
0
LINE
8
BLACK
6
CONTINUOUS
10
1.3670901574803149
20
2.0687946850393701
11
1.3668503937007874
21
2.0699999999999998
0
LINE
8
BLACK
6
CONTINUOUS
10
1.3668503937007874
20
2.0699999999999998
11
1.3668503937007874
21
2.1299999999999999
0
LINE
8
BLACK
6
CONTINUOUS
10
1.3668503937007874
20
2.1299999999999999
11
1.3670901574803149
21
2.13120531496063
0
LINE
8
BLACK
6
CONTINUOUS
10
1.3670901574803149
20
2.13120531496063
11
1.367772874015748
21
2.1322271259842518
0
LINE
8
BLACK
6
CONTINUOUS
10
1.367772874015748
20
2.1322271259842518
11
1.36879468503937
21
2.1329098425196849
0
LINE
8
BLACK
6
CONTINUOUS
10
1.36879468503937
20
2.1329098425196849
11
1.3699999999999999
21
2.1331496062992126
0
LINE
8
BLACK
6
CONTINUOUS
10
1.3699999999999999
20
2.1331496062992126
11
1.4299999999999999
21
2.1331496062992126
0
LINE
8
BLACK
6
CONTINUOUS
10
1.4299999999999999
20
2.1331496062992126
11
1.4312053149606299
21
2.1329098425196849
0
LINE
8
BLACK
6
CONTINUOUS
10
1.5312053149606299
20
2.1329098425196849
11
1.5322271259842519
21
2.1322271259842518
0
LINE
8
BLACK
6
CONTINUOUS
10
1.5322271259842519
20
2.1322271259842518
11
1.532909842519685
21
2.13120531496063
0
LINE
8
BLACK
6
CONTINUOUS
10
1.532909842519685
20
2.13120531496063
11
1.5331496062992125
21
2.1299999999999999
0
LINE
8
BLACK
6
CONTINUOUS
10
1.5331496062992125
20
2.1299999999999999
11
1.5331496062992125
21
2.0699999999999998
0
LINE
8
BLACK
6
CONTINUOUS
10
1.5331496062992125
20
2.0699999999999998
11
1.532909842519685
21
2.0687946850393701
0
LINE
8
BLACK
6
CONTINUOUS
10
1.532909842519685
20
2.0687946850393701
11
1.5322271259842519
21
2.0677728740157479
0
LINE
8
BLACK
6
CONTINUOUS
10
1.5322271259842519
20
2.0677728740157479
11
1.5312053149606299
21
2.0670901574803149
0
LINE
8
BLACK
6
CONTINUOUS
10
1.5312053149606299
20
2.0670901574803149
11
1.53
21
2.0668503937007872
0
LINE
8
BLACK
6
CONTINUOUS
10
1.53
20
2.0668503937007872
11
1.47
21
2.0668503937007872
0
LINE
8
BLACK
6
CONTINUOUS
10
1.47
20
2.0668503937007872
11
1.4687946850393701
21
2.0670901574803149
0
LINE
8
BLACK
6
CONTINUOUS
10
1.4687946850393701
20
2.0670901574803149
11
1.4677728740157481
21
2.0677728740157479
0
LINE
8
BLACK
6
CONTINUOUS
10
1.4677728740157481
20
2.0677728740157479
11
1.467090157480315
21
2.0687946850393701
0
LINE
8
BLACK
6
CONTINUOUS
10
1.467090157480315
20
2.0687946850393701
11
1.4668503937007873
21
2.0699999999999998
0
LINE
8
BLACK
6
CONTINUOUS
10
1.4668503937007873
20
2.0699999999999998
11
1.4668503937007873
21
2.1299999999999999
0
LINE
8
BLACK
6
CONTINUOUS
10
1.4668503937007873
20
2.1299999999999999
11
1.467090157480315
21
2.13120531496063
0
LINE
8
BLACK
6
CONTINUOUS
10
1.467090157480315
20
2.13120531496063
11
1.4677728740157481
21
2.1322271259842518
0
LINE
8
BLACK
6
CONTINUOUS
10
1.4677728740157481
20
2.1322271259842518
11
1.4687946850393701
21
2.1329098425196849
0
LINE
8
BLACK
6
CONTINUOUS
10
1.4687946850393701
20
2.1329098425196849
11
1.47
21
2.1331496062992126
0
LINE
8
BLACK
6
CONTINUOUS
10
1.47
20
2.1331496062992126
11
1.53
21
2.1331496062992126
0
LINE
8
BLACK
6
CONTINUOUS
10
1.53
20
2.1331496062992126
11
1.5312053149606299
21
2.1329098425196849
0
LINE
8
BLACK
6
CONTINUOUS
10
1.6312053149606298
20
2.1329098425196849
11
1.632227125984252
21
2.1322271259842518
0
LINE
8
BLACK
6
CONTINUOUS
10
1.632227125984252
20
2.1322271259842518
11
1.6329098425196851
21
2.13120531496063
0
LINE
8
BLACK
6
CONTINUOUS
10
1.6329098425196851
20
2.13120531496063
11
1.6331496062992126
21
2.1299999999999999
0
LINE
8
BLACK
6
CONTINUOUS
10
1.6331496062992126
20
2.1299999999999999
11
1.6331496062992126
21
2.0699999999999998
0
LINE
8
BLACK
6
CONTINUOUS
10
1.6331496062992126
20
2.0699999999999998
11
1.6329098425196851
21
2.0687946850393701
0
LINE
8
BLACK
6
CONTINUOUS
10
1.6329098425196851
20
2.0687946850393701
11
1.632227125984252
21
2.0677728740157479
0
LINE
8
BLACK
6
CONTINUOUS
10
1.632227125984252
20
2.0677728740157479
11
1.6312053149606298
21
2.0670901574803149
0
LINE
8
BLACK
6
CONTINUOUS
10
1.6312053149606298
20
2.0670901574803149
11
1.6299999999999999
21
2.0668503937007872
0
LINE
8
BLACK
6
CONTINUOUS
10
1.6299999999999999
20
2.0668503937007872
11
1.5700000000000001
21
2.0668503937007872
0
LINE
8
BLACK
6
CONTINUOUS
10
1.5700000000000001
20
2.0668503937007872
11
1.5687946850393701
21
2.0670901574803149
0
LINE
8
BLACK
6
CONTINUOUS
10
1.5687946850393701
20
2.0670901574803149
11
1.5677728740157479
21
2.0677728740157479
0
LINE
8
BLACK
6
CONTINUOUS
10
1.5677728740157479
20
2.0677728740157479
11
1.5670901574803149
21
2.0687946850393701
0
LINE
8
BLACK
6
CONTINUOUS
10
1.5670901574803149
20
2.0687946850393701
11
1.5668503937007874
21
2.0699999999999998
0
LINE
8
BLACK
6
CONTINUOUS
10
1.5668503937007874
20
2.0699999999999998
11
1.5668503937007874
21
2.1299999999999999
0
LINE
8
BLACK
6
CONTINUOUS
10
1.5668503937007874
20
2.1299999999999999
11
1.5670901574803149
21
2.13120531496063
0
LINE
8
BLACK
6
CONTINUOUS
10
1.5670901574803149
20
2.13120531496063
11
1.5677728740157479
21
2.1322271259842518
0
LINE
8
BLACK
6
CONTINUOUS
10
1.5677728740157479
20
2.1322271259842518
11
1.5687946850393701
21
2.1329098425196849
0
LINE
8
BLACK
6
CONTINUOUS
10
1.5687946850393701
20
2.1329098425196849
11
1.5700000000000001
21
2.1331496062992126
0
LINE
8
BLACK
6
CONTINUOUS
10
1.5700000000000001
20
2.1331496062992126
11
1.6299999999999999
21
2.1331496062992126
0
LINE
8
BLACK
6
CONTINUOUS
10
1.6299999999999999
20
2.1331496062992126
11
1.6312053149606298
21
2.1329098425196849
0
LINE
8
BLACK
6
CONTINUOUS
10
1.7312053149606299
20
2.1329098425196849
11
1.7322271259842519
21
2.1322271259842518
0
LINE
8
BLACK
6
CONTINUOUS
10
1.7322271259842519
20
2.1322271259842518
11
1.7329098425196849
21
2.13120531496063
0
LINE
8
BLACK
6
CONTINUOUS
10
1.7329098425196849
20
2.13120531496063
11
1.7331496062992127
21
2.1299999999999999
0
LINE
8
BLACK
6
CONTINUOUS
10
1.7331496062992127
20
2.1299999999999999
11
1.7331496062992127
21
2.0699999999999998
0
LINE
8
BLACK
6
CONTINUOUS
10
1.7331496062992127
20
2.0699999999999998
11
1.7329098425196849
21
2.0687946850393701
0
LINE
8
BLACK
6
CONTINUOUS
10
1.7329098425196849
20
2.0687946850393701
11
1.7322271259842519
21
2.0677728740157479
0
LINE
8
BLACK
6
CONTINUOUS
10
1.7322271259842519
20
2.0677728740157479
11
1.7312053149606299
21
2.0670901574803149
0
LINE
8
BLACK
6
CONTINUOUS
10
1.7312053149606299
20
2.0670901574803149
11
1.73
21
2.0668503937007872
0
LINE
8
BLACK
6
CONTINUOUS
10
1.73
20
2.0668503937007872
11
1.6699999999999999
21
2.0668503937007872
0
LINE
8
BLACK
6
CONTINUOUS
10
1.6699999999999999
20
2.0668503937007872
11
1.66879468503937
21
2.0670901574803149
0
LINE
8
BLACK
6
CONTINUOUS
10
1.66879468503937
20
2.0670901574803149
11
1.667772874015748
21
2.0677728740157479
0
LINE
8
BLACK
6
CONTINUOUS
10
1.667772874015748
20
2.0677728740157479
11
1.667090157480315
21
2.0687946850393701
0
LINE
8
BLACK
6
CONTINUOUS
10
1.667090157480315
20
2.0687946850393701
11
1.6668503937007875
21
2.0699999999999998
0
LINE
8
BLACK
6
CONTINUOUS
10
1.6668503937007875
20
2.0699999999999998
11
1.6668503937007875
21
2.1299999999999999
0
LINE
8
BLACK
6
CONTINUOUS
10
1.6668503937007875
20
2.1299999999999999
11
1.667090157480315
21
2.13120531496063
0
LINE
8
BLACK
6
CONTINUOUS
10
1.667090157480315
20
2.13120531496063
11
1.667772874015748
21
2.1322271259842518
0
LINE
8
BLACK
6
CONTINUOUS
10
1.667772874015748
20
2.1322271259842518
11
1.66879468503937
21
2.1329098425196849
0
LINE
8
BLACK
6
CONTINUOUS
10
1.66879468503937
20
2.1329098425196849
11
1.6699999999999999
21
2.1331496062992126
0
LINE
8
BLACK
6
CONTINUOUS
10
1.6699999999999999
20
2.1331496062992126
11
1.73
21
2.1331496062992126
0
LINE
8
BLACK
6
CONTINUOUS
10
1.73
20
2.1331496062992126
11
1.7312053149606299
21
2.1329098425196849
0
LINE
8
BLACK
6
CONTINUOUS
10
1.8312053149606298
20
2.1329098425196849
11
1.832227125984252
21
2.1322271259842518
0
LINE
8
BLACK
6
CONTINUOUS
10
1.832227125984252
20
2.1322271259842518
11
1.832909842519685
21
2.13120531496063
0
LINE
8
BLACK
6
CONTINUOUS
10
1.832909842519685
20
2.13120531496063
11
1.8331496062992125
21
2.1299999999999999
0
LINE
8
BLACK
6
CONTINUOUS
10
1.8331496062992125
20
2.1299999999999999
11
1.8331496062992125
21
2.0699999999999998
0
LINE
8
BLACK
6
CONTINUOUS
10
1.8331496062992125
20
2.0699999999999998
11
1.832909842519685
21
2.0687946850393701
0
LINE
8
BLACK
6
CONTINUOUS
10
1.832909842519685
20
2.0687946850393701
11
1.832227125984252
21
2.0677728740157479
0
LINE
8
BLACK
6
CONTINUOUS
10
1.832227125984252
20
2.0677728740157479
11
1.8312053149606298
21
2.0670901574803149
0
LINE
8
BLACK
6
CONTINUOUS
10
1.8312053149606298
20
2.0670901574803149
11
1.8299999999999998
21
2.0668503937007872
0
LINE
8
BLACK
6
CONTINUOUS
10
1.8299999999999998
20
2.0668503937007872
11
1.77
21
2.0668503937007872
0
LINE
8
BLACK
6
CONTINUOUS
10
1.77
20
2.0668503937007872
11
1.7687946850393701
21
2.0670901574803149
0
LINE
8
BLACK
6
CONTINUOUS
10
1.7687946850393701
20
2.0670901574803149
11
1.7677728740157479
21
2.0677728740157479
0
LINE
8
BLACK
6
CONTINUOUS
10
1.7677728740157479
20
2.0677728740157479
11
1.7670901574803148
21
2.0687946850393701
0
LINE
8
BLACK
6
CONTINUOUS
10
1.7670901574803148
20
2.0687946850393701
11
1.7668503937007873
21
2.0699999999999998
0
LINE
8
BLACK
6
CONTINUOUS
10
1.7668503937007873
20
2.0699999999999998
11
1.7668503937007873
21
2.1299999999999999
0
LINE
8
BLACK
6
CONTINUOUS
10
1.7668503937007873
20
2.1299999999999999
11
1.7670901574803148
21
2.13120531496063
0
LINE
8
BLACK
6
CONTINUOUS
10
1.7670901574803148
20
2.13120531496063
11
1.7677728740157479
21
2.1322271259842518
0
LINE
8
BLACK
6
CONTINUOUS
10
1.7677728740157479
20
2.1322271259842518
11
1.7687946850393701
21
2.1329098425196849
0
LINE
8
BLACK
6
CONTINUOUS
10
1.7687946850393701
20
2.1329098425196849
11
1.77
21
2.1331496062992126
0
LINE
8
BLACK
6
CONTINUOUS
10
1.77
20
2.1331496062992126
11
1.8299999999999998
21
2.1331496062992126
0
LINE
8
BLACK
6
CONTINUOUS
10
1.8299999999999998
20
2.1331496062992126
11
1.8312053149606298
21
2.1329098425196849
0
LINE
8
BLACK
6
CONTINUOUS
10
1.9312053149606299
20
2.1329098425196849
11
1.9322271259842518
21
2.1322271259842518
0
LINE
8
BLACK
6
CONTINUOUS
10
1.9322271259842518
20
2.1322271259842518
11
1.9329098425196849
21
2.13120531496063
0
LINE
8
BLACK
6
CONTINUOUS
10
1.9329098425196849
20
2.13120531496063
11
1.9331496062992126
21
2.1299999999999999
0
LINE
8
BLACK
6
CONTINUOUS
10
1.9331496062992126
20
2.1299999999999999
11
1.9331496062992126
21
2.0699999999999998
0
LINE
8
BLACK
6
CONTINUOUS
10
1.9331496062992126
20
2.0699999999999998
11
1.9329098425196849
21
2.0687946850393701
0
LINE
8
BLACK
6
CONTINUOUS
10
1.9329098425196849
20
2.0687946850393701
11
1.9322271259842518
21
2.0677728740157479
0
LINE
8
BLACK
6
CONTINUOUS
10
1.9322271259842518
20
2.0677728740157479
11
1.9312053149606299
21
2.0670901574803149
0
LINE
8
BLACK
6
CONTINUOUS
10
1.9312053149606299
20
2.0670901574803149
11
1.9299999999999999
21
2.0668503937007872
0
LINE
8
BLACK
6
CONTINUOUS
10
1.9299999999999999
20
2.0668503937007872
11
1.8699999999999999
21
2.0668503937007872
0
LINE
8
BLACK
6
CONTINUOUS
10
1.8699999999999999
20
2.0668503937007872
11
1.86879468503937
21
2.0670901574803149
0
LINE
8
BLACK
6
CONTINUOUS
10
1.86879468503937
20
2.0670901574803149
11
1.867772874015748
21
2.0677728740157479
0
LINE
8
BLACK
6
CONTINUOUS
10
1.867772874015748
20
2.0677728740157479
11
1.8670901574803149
21
2.0687946850393701
0
LINE
8
BLACK
6
CONTINUOUS
10
1.8670901574803149
20
2.0687946850393701
11
1.8668503937007874
21
2.0699999999999998
0
LINE
8
BLACK
6
CONTINUOUS
10
1.8668503937007874
20
2.0699999999999998
11
1.8668503937007874
21
2.1299999999999999
0
LINE
8
BLACK
6
CONTINUOUS
10
1.8668503937007874
20
2.1299999999999999
11
1.8670901574803149
21
2.13120531496063
0
LINE
8
BLACK
6
CONTINUOUS
10
1.8670901574803149
20
2.13120531496063
11
1.867772874015748
21
2.1322271259842518
0
LINE
8
BLACK
6
CONTINUOUS
10
1.867772874015748
20
2.1322271259842518
11
1.86879468503937
21
2.1329098425196849
0
LINE
8
BLACK
6
CONTINUOUS
10
1.86879468503937
20
2.1329098425196849
11
1.8699999999999999
21
2.1331496062992126
0
LINE
8
BLACK
6
CONTINUOUS
10
1.8699999999999999
20
2.1331496062992126
11
1.9299999999999999
21
2.1331496062992126
0
LINE
8
BLACK
6
CONTINUOUS
10
1.9299999999999999
20
2.1331496062992126
11
1.9312053149606299
21
2.1329098425196849
0
LINE
8
BLACK
6
CONTINUOUS
10
2.0312053149606299
20
2.1329098425196849
11
2.0322271259842517
21
2.1322271259842518
0
LINE
8
BLACK
6
CONTINUOUS
10
2.0322271259842517
20
2.1322271259842518
11
2.0329098425196852
21
2.13120531496063
0
LINE
8
BLACK
6
CONTINUOUS
10
2.0329098425196852
20
2.13120531496063
11
2.0331496062992125
21
2.1299999999999999
0
LINE
8
BLACK
6
CONTINUOUS
10
2.0331496062992125
20
2.1299999999999999
11
2.0331496062992125
21
2.0699999999999998
0
LINE
8
BLACK
6
CONTINUOUS
10
2.0331496062992125
20
2.0699999999999998
11
2.0329098425196852
21
2.0687946850393701
0
LINE
8
BLACK
6
CONTINUOUS
10
2.0329098425196852
20
2.0687946850393701
11
2.0322271259842517
21
2.0677728740157479
0
LINE
8
BLACK
6
CONTINUOUS
10
2.0322271259842517
20
2.0677728740157479
11
2.0312053149606299
21
2.0670901574803149
0
LINE
8
BLACK
6
CONTINUOUS
10
2.0312053149606299
20
2.0670901574803149
11
2.0299999999999998
21
2.0668503937007872
0
LINE
8
BLACK
6
CONTINUOUS
10
2.0299999999999998
20
2.0668503937007872
11
1.97
21
2.0668503937007872
0
LINE
8
BLACK
6
CONTINUOUS
10
1.97
20
2.0668503937007872
11
1.9687946850393701
21
2.0670901574803149
0
LINE
8
BLACK
6
CONTINUOUS
10
1.9687946850393701
20
2.0670901574803149
11
1.9677728740157481
21
2.0677728740157479
0
LINE
8
BLACK
6
CONTINUOUS
10
1.9677728740157481
20
2.0677728740157479
11
1.967090157480315
21
2.0687946850393701
0
LINE
8
BLACK
6
CONTINUOUS
10
1.967090157480315
20
2.0687946850393701
11
1.9668503937007873
21
2.0699999999999998
0
LINE
8
BLACK
6
CONTINUOUS
10
1.9668503937007873
20
2.0699999999999998
11
1.9668503937007873
21
2.1299999999999999
0
LINE
8
BLACK
6
CONTINUOUS
10
1.9668503937007873
20
2.1299999999999999
11
1.967090157480315
21
2.13120531496063
0
LINE
8
BLACK
6
CONTINUOUS
10
1.967090157480315
20
2.13120531496063
11
1.9677728740157481
21
2.1322271259842518
0
LINE
8
BLACK
6
CONTINUOUS
10
1.9677728740157481
20
2.1322271259842518
11
1.9687946850393701
21
2.1329098425196849
0
LINE
8
BLACK
6
CONTINUOUS
10
1.9687946850393701
20
2.1329098425196849
11
1.97
21
2.1331496062992126
0
LINE
8
BLACK
6
CONTINUOUS
10
1.97
20
2.1331496062992126
11
2.0299999999999998
21
2.1331496062992126
0
LINE
8
BLACK
6
CONTINUOUS
10
2.0299999999999998
20
2.1331496062992126
11
2.0312053149606299
21
2.1329098425196849
0
LINE
8
BLACK
6
CONTINUOUS
10
2.13120531496063
20
2.1329098425196849
11
2.1322271259842518
21
2.1322271259842518
0
LINE
8
BLACK
6
CONTINUOUS
10
2.1322271259842518
20
2.1322271259842518
11
2.1329098425196849
21
2.13120531496063
0
LINE
8
BLACK
6
CONTINUOUS
10
2.1329098425196849
20
2.13120531496063
11
2.1331496062992126
21
2.1299999999999999
0
LINE
8
BLACK
6
CONTINUOUS
10
2.1331496062992126
20
2.1299999999999999
11
2.1331496062992126
21
2.0699999999999998
0
LINE
8
BLACK
6
CONTINUOUS
10
2.1331496062992126
20
2.0699999999999998
11
2.1329098425196849
21
2.0687946850393701
0
LINE
8
BLACK
6
CONTINUOUS
10
2.1329098425196849
20
2.0687946850393701
11
2.1322271259842518
21
2.0677728740157479
0
LINE
8
BLACK
6
CONTINUOUS
10
2.1322271259842518
20
2.0677728740157479
11
2.13120531496063
21
2.0670901574803149
0
LINE
8
BLACK
6
CONTINUOUS
10
2.13120531496063
20
2.0670901574803149
11
2.1299999999999999
21
2.0668503937007872
0
LINE
8
BLACK
6
CONTINUOUS
10
2.1299999999999999
20
2.0668503937007872
11
2.0699999999999998
21
2.0668503937007872
0
LINE
8
BLACK
6
CONTINUOUS
10
2.0699999999999998
20
2.0668503937007872
11
2.0687946850393701
21
2.0670901574803149
0
LINE
8
BLACK
6
CONTINUOUS
10
2.0687946850393701
20
2.0670901574803149
11
2.0677728740157479
21
2.0677728740157479
0
LINE
8
BLACK
6
CONTINUOUS
10
2.0677728740157479
20
2.0677728740157479
11
2.0670901574803149
21
2.0687946850393701
0
LINE
8
BLACK
6
CONTINUOUS
10
2.0670901574803149
20
2.0687946850393701
11
2.0668503937007872
21
2.0699999999999998
0
LINE
8
BLACK
6
CONTINUOUS
10
2.0668503937007872
20
2.0699999999999998
11
2.0668503937007872
21
2.1299999999999999
0
LINE
8
BLACK
6
CONTINUOUS
10
2.0668503937007872
20
2.1299999999999999
11
2.0670901574803149
21
2.13120531496063
0
LINE
8
BLACK
6
CONTINUOUS
10
2.0670901574803149
20
2.13120531496063
11
2.0677728740157479
21
2.1322271259842518
0
LINE
8
BLACK
6
CONTINUOUS
10
2.0677728740157479
20
2.1322271259842518
11
2.0687946850393701
21
2.1329098425196849
0
LINE
8
BLACK
6
CONTINUOUS
10
2.0687946850393701
20
2.1329098425196849
11
2.0699999999999998
21
2.1331496062992126
0
LINE
8
BLACK
6
CONTINUOUS
10
2.0699999999999998
20
2.1331496062992126
11
2.1299999999999999
21
2.1331496062992126
0
LINE
8
BLACK
6
CONTINUOUS
10
2.1299999999999999
20
2.1331496062992126
11
2.13120531496063
21
2.1329098425196849
0
LINE
8
BLACK
6
CONTINUOUS
10
2.2312053149606297
20
2.1329098425196849
11
2.2322271259842519
21
2.1322271259842518
0
LINE
8
BLACK
6
CONTINUOUS
10
2.2322271259842519
20
2.1322271259842518
11
2.2329098425196849
21
2.13120531496063
0
LINE
8
BLACK
6
CONTINUOUS
10
2.2329098425196849
20
2.13120531496063
11
2.2331496062992127
21
2.1299999999999999
0
LINE
8
BLACK
6
CONTINUOUS
10
2.2331496062992127
20
2.1299999999999999
11
2.2331496062992127
21
2.0699999999999998
0
LINE
8
BLACK
6
CONTINUOUS
10
2.2331496062992127
20
2.0699999999999998
11
2.2329098425196849
21
2.0687946850393701
0
LINE
8
BLACK
6
CONTINUOUS
10
2.2329098425196849
20
2.0687946850393701
11
2.2322271259842519
21
2.0677728740157479
0
LINE
8
BLACK
6
CONTINUOUS
10
2.2322271259842519
20
2.0677728740157479
11
2.2312053149606297
21
2.0670901574803149
0
LINE
8
BLACK
6
CONTINUOUS
10
2.2312053149606297
20
2.0670901574803149
11
2.23
21
2.0668503937007872
0
LINE
8
BLACK
6
CONTINUOUS
10
2.23
20
2.0668503937007872
11
2.1699999999999999
21
2.0668503937007872
0
LINE
8
BLACK
6
CONTINUOUS
10
2.1699999999999999
20
2.0668503937007872
11
2.1687946850393702
21
2.0670901574803149
0
LINE
8
BLACK
6
CONTINUOUS
10
2.1687946850393702
20
2.0670901574803149
11
2.167772874015748
21
2.0677728740157479
0
LINE
8
BLACK
6
CONTINUOUS
10
2.167772874015748
20
2.0677728740157479
11
2.167090157480315
21
2.0687946850393701
0
LINE
8
BLACK
6
CONTINUOUS
10
2.167090157480315
20
2.0687946850393701
11
2.1668503937007872
21
2.0699999999999998
0
LINE
8
BLACK
6
CONTINUOUS
10
2.1668503937007872
20
2.0699999999999998
11
2.1668503937007872
21
2.1299999999999999
0
LINE
8
BLACK
6
CONTINUOUS
10
2.1668503937007872
20
2.1299999999999999
11
2.167090157480315
21
2.13120531496063
0
LINE
8
BLACK
6
CONTINUOUS
10
2.167090157480315
20
2.13120531496063
11
2.167772874015748
21
2.1322271259842518
0
LINE
8
BLACK
6
CONTINUOUS
10
2.167772874015748
20
2.1322271259842518
11
2.1687946850393702
21
2.1329098425196849
0
LINE
8
BLACK
6
CONTINUOUS
10
2.1687946850393702
20
2.1329098425196849
11
2.1699999999999999
21
2.1331496062992126
0
LINE
8
BLACK
6
CONTINUOUS
10
2.1699999999999999
20
2.1331496062992126
11
2.23
21
2.1331496062992126
0
LINE
8
BLACK
6
CONTINUOUS
10
2.23
20
2.1331496062992126
11
2.2312053149606297
21
2.1329098425196849
0
LINE
8
BLACK
6
CONTINUOUS
10
2.3312053149606298
20
2.1329098425196849
11
2.332227125984252
21
2.1322271259842518
0
LINE
8
BLACK
6
CONTINUOUS
10
2.332227125984252
20
2.1322271259842518
11
2.332909842519685
21
2.13120531496063
0
LINE
8
BLACK
6
CONTINUOUS
10
2.332909842519685
20
2.13120531496063
11
2.3331496062992128
21
2.1299999999999999
0
LINE
8
BLACK
6
CONTINUOUS
10
2.3331496062992128
20
2.1299999999999999
11
2.3331496062992128
21
2.0699999999999998
0
LINE
8
BLACK
6
CONTINUOUS
10
2.3331496062992128
20
2.0699999999999998
11
2.332909842519685
21
2.0687946850393701
0
LINE
8
BLACK
6
CONTINUOUS
10
2.332909842519685
20
2.0687946850393701
11
2.332227125984252
21
2.0677728740157479
0
LINE
8
BLACK
6
CONTINUOUS
10
2.332227125984252
20
2.0677728740157479
11
2.3312053149606298
21
2.0670901574803149
0
LINE
8
BLACK
6
CONTINUOUS
10
2.3312053149606298
20
2.0670901574803149
11
2.3300000000000001
21
2.0668503937007872
0
LINE
8
BLACK
6
CONTINUOUS
10
2.3300000000000001
20
2.0668503937007872
11
2.27
21
2.0668503937007872
0
LINE
8
BLACK
6
CONTINUOUS
10
2.27
20
2.0668503937007872
11
2.2687946850393699
21
2.0670901574803149
0
LINE
8
BLACK
6
CONTINUOUS
10
2.2687946850393699
20
2.0670901574803149
11
2.2677728740157481
21
2.0677728740157479
0
LINE
8
BLACK
6
CONTINUOUS
10
2.2677728740157481
20
2.0677728740157479
11
2.2670901574803151
21
2.0687946850393701
0
LINE
8
BLACK
6
CONTINUOUS
10
2.2670901574803151
20
2.0687946850393701
11
2.2668503937007873
21
2.0699999999999998
0
LINE
8
BLACK
6
CONTINUOUS
10
2.2668503937007873
20
2.0699999999999998
11
2.2668503937007873
21
2.1299999999999999
0
LINE
8
BLACK
6
CONTINUOUS
10
2.2668503937007873
20
2.1299999999999999
11
2.2670901574803151
21
2.13120531496063
0
LINE
8
BLACK
6
CONTINUOUS
10
2.2670901574803151
20
2.13120531496063
11
2.2677728740157481
21
2.1322271259842518
0
LINE
8
BLACK
6
CONTINUOUS
10
2.2677728740157481
20
2.1322271259842518
11
2.2687946850393699
21
2.1329098425196849
0
LINE
8
BLACK
6
CONTINUOUS
10
2.2687946850393699
20
2.1329098425196849
11
2.27
21
2.1331496062992126
0
LINE
8
BLACK
6
CONTINUOUS
10
2.27
20
2.1331496062992126
11
2.3300000000000001
21
2.1331496062992126
0
LINE
8
BLACK
6
CONTINUOUS
10
2.3300000000000001
20
2.1331496062992126
11
2.3312053149606298
21
2.1329098425196849
0
LINE
8
BLACK
6
CONTINUOUS
10
0.5792240157480315
20
2.1574718503937009
11
0.5866095669291338
21
2.1552314960629921
0
LINE
8
BLACK
6
CONTINUOUS
10
0.5866095669291338
20
2.1552314960629921
11
0.5934161417322834
21
2.151593307086614
0
LINE
8
BLACK
6
CONTINUOUS
10
0.5934161417322834
20
2.151593307086614
11
0.5993821653543306
21
2.146697125984252
0
LINE
8
BLACK
6
CONTINUOUS
10
0.5993821653543306
20
2.146697125984252
11
0.6042783464566929
21
2.1407311023622047
0
LINE
8
BLACK
6
CONTINUOUS
10
0.6042783464566929
20
2.1407311023622047
11
0.6079165354330709
21
2.133924527559055
0
LINE
8
BLACK
6
CONTINUOUS
10
0.6079165354330709
20
2.133924527559055
11
0.6101568897637795
21
2.1265389763779527
0
LINE
8
BLACK
6
CONTINUOUS
10
0.6101568897637795
20
2.1265389763779527
11
0.6109133858267717
21
2.1188582677165355
0
LINE
8
BLACK
6
CONTINUOUS
10
0.6109133858267717
20
2.1188582677165355
11
0.6101568897637795
21
2.1111775590551183
0
LINE
8
BLACK
6
CONTINUOUS
10
0.6101568897637795
20
2.1111775590551183
11
0.6079165354330709
21
2.1037920078740155
0
LINE
8
BLACK
6
CONTINUOUS
10
0.6079165354330709
20
2.1037920078740155
11
0.6042783464566929
21
2.0969854330708659
0
LINE
8
BLACK
6
CONTINUOUS
10
0.6042783464566929
20
2.0969854330708659
11
0.5993821653543306
21
2.091019409448819
0
LINE
8
BLACK
6
CONTINUOUS
10
0.5993821653543306
20
2.091019409448819
11
0.5934161417322834
21
2.0861232283464566
0
LINE
8
BLACK
6
CONTINUOUS
10
0.5934161417322834
20
2.0861232283464566
11
0.5866095669291338
21
2.0824850393700789
0
LINE
8
BLACK
6
CONTINUOUS
10
0.5866095669291338
20
2.0824850393700789
11
0.5792240157480315
21
2.0802446850393701
0
LINE
8
BLACK
6
CONTINUOUS
10
0.5792240157480315
20
2.0802446850393701
11
0.5715433070866142
21
2.0794881889763781
0
LINE
8
BLACK
6
CONTINUOUS
10
0.5715433070866142
20
2.0794881889763781
11
0.5638625984251968
21
2.0802446850393701
0
LINE
8
BLACK
6
CONTINUOUS
10
0.5638625984251968
20
2.0802446850393701
11
0.5564770472440945
21
2.0824850393700789
0
LINE
8
BLACK
6
CONTINUOUS
10
0.5564770472440945
20
2.0824850393700789
11
0.5496704724409449
21
2.0861232283464566
0
LINE
8
BLACK
6
CONTINUOUS
10
0.5496704724409449
20
2.0861232283464566
11
0.5437044488188977
21
2.091019409448819
0
LINE
8
BLACK
6
CONTINUOUS
10
0.5437044488188977
20
2.091019409448819
11
0.5388082677165354
21
2.0969854330708659
0
LINE
8
BLACK
6
CONTINUOUS
10
0.5388082677165354
20
2.0969854330708659
11
0.5351700787401574
21
2.1037920078740155
0
LINE
8
BLACK
6
CONTINUOUS
10
0.5351700787401574
20
2.1037920078740155
11
0.5329297244094489
21
2.1111775590551183
0
LINE
8
BLACK
6
CONTINUOUS
10
0.5329297244094489
20
2.1111775590551183
11
0.5321732283464566
21
2.1188582677165355
0
LINE
8
BLACK
6
CONTINUOUS
10
0.5321732283464566
20
2.1188582677165355
11
0.5329297244094489
21
2.1265389763779527
0
LINE
8
BLACK
6
CONTINUOUS
10
0.5329297244094489
20
2.1265389763779527
11
0.5351700787401574
21
2.133924527559055
0
LINE
8
BLACK
6
CONTINUOUS
10
0.5351700787401574
20
2.133924527559055
11
0.5388082677165354
21
2.1407311023622047
0
LINE
8
BLACK
6
CONTINUOUS
10
0.5388082677165354
20
2.1407311023622047
11
0.5437044488188977
21
2.146697125984252
0
LINE
8
BLACK
6
CONTINUOUS
10
0.5437044488188977
20
2.146697125984252
11
0.5496704724409449
21
2.151593307086614
0
LINE
8
BLACK
6
CONTINUOUS
10
0.5496704724409449
20
2.151593307086614
11
0.5564770472440945
21
2.1552314960629921
0
LINE
8
BLACK
6
CONTINUOUS
10
0.5564770472440945
20
2.1552314960629921
11
0.5638625984251968
21
2.1574718503937009
0
LINE
8
BLACK
6
CONTINUOUS
10
0.5638625984251968
20
2.1574718503937009
11
0.5715433070866142
21
2.1582283464566929
0
LINE
8
BLACK
6
CONTINUOUS
10
0.5715433070866142
20
2.1582283464566929
11
0.5792240157480315
21
2.1574718503937009
0
LINE
8
BLACK
6
CONTINUOUS
10
0.8146066929133858
20
2.1286518110236221
11
0.8186960629921259
21
2.1267448818897638
0
LINE
8
BLACK
6
CONTINUOUS
10
0.8186960629921259
20
2.1267448818897638
11
0.8218866141732283
21
2.1235543307086613
0
LINE
8
BLACK
6
CONTINUOUS
10
0.8218866141732283
20
2.1235543307086613
11
0.8237935433070867
21
2.1194649606299212
0
LINE
8
BLACK
6
CONTINUOUS
10
0.8237935433070867
20
2.1194649606299212
11
0.8242362204724409
21
2.1161023622047241
0
LINE
8
BLACK
6
CONTINUOUS
10
0.8242362204724409
20
2.1161023622047241
11
0.8242362204724409
21
2.0964173228346454
0
LINE
8
BLACK
6
CONTINUOUS
10
0.8242362204724409
20
2.0964173228346454
11
0.8237935433070867
21
2.0930547244094488
0
LINE
8
BLACK
6
CONTINUOUS
10
0.8237935433070867
20
2.0930547244094488
11
0.8218866141732283
21
2.0889653543307087
0
LINE
8
BLACK
6
CONTINUOUS
10
0.8218866141732283
20
2.0889653543307087
11
0.8186960629921259
21
2.0857748031496062
0
LINE
8
BLACK
6
CONTINUOUS
10
0.8186960629921259
20
2.0857748031496062
11
0.8146066929133858
21
2.0838678740157479
0
LINE
8
BLACK
6
CONTINUOUS
10
0.8146066929133858
20
2.0838678740157479
11
0.8112440944881889
21
2.0834251968503938
0
LINE
8
BLACK
6
CONTINUOUS
10
0.8112440944881889
20
2.0834251968503938
11
0.7738425196850394
21
2.0834251968503938
0
LINE
8
BLACK
6
CONTINUOUS
10
0.7738425196850394
20
2.0834251968503938
11
0.7704799212598425
21
2.0838678740157479
0
LINE
8
BLACK
6
CONTINUOUS
10
0.7704799212598425
20
2.0838678740157479
11
0.7663905511811023
21
2.0857748031496062
0
LINE
8
BLACK
6
CONTINUOUS
10
0.7663905511811023
20
2.0857748031496062
11
0.7632
21
2.0889653543307087
0
LINE
8
BLACK
6
CONTINUOUS
10
0.7632
20
2.0889653543307087
11
0.7612930708661417
21
2.0930547244094488
0
LINE
8
BLACK
6
CONTINUOUS
10
0.7612930708661417
20
2.0930547244094488
11
0.7608503937007873
21
2.0964173228346454
0
LINE
8
BLACK
6
CONTINUOUS
10
0.7608503937007873
20
2.0964173228346454
11
0.7608503937007873
21
2.1161023622047241
0
LINE
8
BLACK
6
CONTINUOUS
10
0.7608503937007873
20
2.1161023622047241
11
0.7612930708661417
21
2.1194649606299212
0
LINE
8
BLACK
6
CONTINUOUS
10
0.7612930708661417
20
2.1194649606299212
11
0.7632
21
2.1235543307086613
0
LINE
8
BLACK
6
CONTINUOUS
10
0.7632
20
2.1235543307086613
11
0.7663905511811023
21
2.1267448818897638
0
LINE
8
BLACK
6
CONTINUOUS
10
0.7663905511811023
20
2.1267448818897638
11
0.7704799212598425
21
2.1286518110236221
0
LINE
8
BLACK
6
CONTINUOUS
10
0.7704799212598425
20
2.1286518110236221
11
0.7738425196850394
21
2.1290944881889762
0
LINE
8
BLACK
6
CONTINUOUS
10
0.7738425196850394
20
2.1290944881889762
11
0.8112440944881889
21
2.1290944881889762
0
LINE
8
BLACK
6
CONTINUOUS
10
0.8112440944881889
20
2.1290944881889762
11
0.8146066929133858
21
2.1286518110236221
  0
ENDSEC
  0
EOF
