  0
SECTION
  2
HEADER
  9
$ANGBASE
  50
0.0
  9
$ANGDIR
  70
1
  9
$MEASUREMENT
  70
0
  0
ENDSEC
  0
SECTION
  2
TABLES
  0
TABLE
  2
LTYPE
  70
4
  0
LTYPE
  5
40F
  2
CONTINUOUS
  70
0
  3
Solid line
  72
65
  73
0
  40
0.0
  0
LTYPE
  5
410
  2
DASHDOT
 70
0
  3
Dash Dot ____ _ ____ _
 72
65
 73
4
 40
2.0
 49
1.25
 49
-0.25
 49
0.25
 49
-0.25
  0
LTYPE
  5
411
  2
DASHED
 70
0
  3
Dashed __ __ __ __ __
 72
65
 73
2
 40
0.75
 49
0.5
 49
-0.25
  0
LTYPE
  5
43B
  2
DOTTED
 70
0
  3
Dotted .  .  .  .
 72
65
 73
2
 40
0.2
 49
0.0
 49
-0.2
  0
ENDTAB
  0
TABLE
  2
STYLE
  70
4
  0
STYLE
  2
KICAD
  70
0
  40
0
  41
1
  42
1
  50
0
  71
0
  3
isocp.shx
  0
STYLE
  2
KICADB
  70
0
  40
0
  41
1
  42
1
  50
0
  71
0
  3
isocp.shx
  0
STYLE
  2
KICADI
  70
0
  40
0
  41
1
  42
1
  50
15
  71
0
  3
isocp.shx
  0
STYLE
  2
KICADBI
  70
0
  40
0
  41
1
  42
1
  50
15
  71
0
  3
isocp.shx
  0
ENDTAB
  0
TABLE
  2
LAYER
  70
1
  0
LAYER
  2
BLACK
  70
0
  62
7
  6
CONTINUOUS
  0
ENDTAB
  0
ENDSEC
  0
SECTION
  2
ENTITIES
0
LINE
8
BLACK
6
CONTINUOUS
10
0.2116404724409449
20
0.1927701181102362
11
0.2124551181102362
21
0.1919554724409449
0
LINE
8
BLACK
6
CONTINUOUS
10
0.2124551181102362
20
0.1919554724409449
11
0.2128960236220472
21
0.190891062992126
0
LINE
8
BLACK
6
CONTINUOUS
10
0.2128960236220472
20
0.190891062992126
11
0.2129527559055118
21
0.190315
0
LINE
8
BLACK
6
CONTINUOUS
10
0.2129527559055118
20
0.190315
11
0.2129527559055118
21
0.0037242913385827
0
LINE
8
BLACK
6
CONTINUOUS
10
0.2129527559055118
20
0.0037242913385827
11
0.2529871259842519
21
0.024564842519685
0
LINE
8
BLACK
6
CONTINUOUS
10
0.2529871259842519
20
0.024564842519685
11
0.2535242913385827
21
0.0247805118110236
0
LINE
8
BLACK
6
CONTINUOUS
10
0.2535242913385827
20
0.0247805118110236
11
0.2546720078740157
21
0.024880905511811
0
LINE
8
BLACK
6
CONTINUOUS
10
0.2546720078740157
20
0.024880905511811
11
0.2557707874015748
21
0.0245344488188976
0
LINE
8
BLACK
6
CONTINUOUS
10
0.2557707874015748
20
0.0245344488188976
11
0.2566533464566929
21
0.0237938976377953
0
LINE
8
BLACK
6
CONTINUOUS
10
0.2566533464566929
20
0.0237938976377953
11
0.2571853543307087
21
0.022771968503937
0
LINE
8
BLACK
6
CONTINUOUS
10
0.2571853543307087
20
0.022771968503937
11
0.2572857480314961
21
0.0216242519685039
0
LINE
8
BLACK
6
CONTINUOUS
10
0.2572857480314961
20
0.0216242519685039
11
0.2569392913385827
21
0.0205254724409449
0
LINE
8
BLACK
6
CONTINUOUS
10
0.2569392913385827
20
0.0205254724409449
11
0.2561987401574803
21
0.0196429133858268
0
LINE
8
BLACK
6
CONTINUOUS
10
0.2561987401574803
20
0.0196429133858268
11
0.2557139763779527
21
0.0193265748031496
0
LINE
8
BLACK
6
CONTINUOUS
10
0.2557139763779527
20
0.0193265748031496
11
0.2220669291338583
21
0.0018110236220472
0
LINE
8
BLACK
6
CONTINUOUS
10
0.2220669291338583
20
0.0018110236220472
11
2.9779330708661416
21
0.0018110236220472
0
LINE
8
BLACK
6
CONTINUOUS
10
2.9779330708661416
20
0.0018110236220472
11
2.9442860236220474
21
0.0193265748031496
0
LINE
8
BLACK
6
CONTINUOUS
10
2.9442860236220474
20
0.0193265748031496
11
2.9438012204724409
21
0.0196429133858268
0
LINE
8
BLACK
6
CONTINUOUS
10
2.9438012204724409
20
0.0196429133858268
11
2.9430606692913384
21
0.0205254724409449
0
LINE
8
BLACK
6
CONTINUOUS
10
2.9430606692913384
20
0.0205254724409449
11
2.9427142519685039
21
0.0216242519685039
0
LINE
8
BLACK
6
CONTINUOUS
10
2.9427142519685039
20
0.0216242519685039
11
2.9428146456692912
21
0.022771968503937
0
LINE
8
BLACK
6
CONTINUOUS
10
2.9428146456692912
20
0.022771968503937
11
2.943346653543307
21
0.023793937007874
0
LINE
8
BLACK
6
CONTINUOUS
10
2.943346653543307
20
0.023793937007874
11
2.9442292125984251
21
0.0245344881889764
0
LINE
8
BLACK
6
CONTINUOUS
10
2.9442292125984251
20
0.0245344881889764
11
2.9453279921259843
21
0.024880905511811
0
LINE
8
BLACK
6
CONTINUOUS
10
2.9453279921259843
20
0.024880905511811
11
2.9464757086614171
21
0.0247805118110236
0
LINE
8
BLACK
6
CONTINUOUS
10
2.9464757086614171
20
0.0247805118110236
11
2.9470128740157482
21
0.024564842519685
0
LINE
8
BLACK
6
CONTINUOUS
10
2.9470128740157482
20
0.024564842519685
11
2.9870472440944882
21
0.0037242913385827
0
LINE
8
BLACK
6
CONTINUOUS
10
2.9870472440944882
20
0.0037242913385827
11
2.9870472440944882
21
0.190315
0
LINE
8
BLACK
6
CONTINUOUS
10
2.9870472440944882
20
0.190315
11
2.9871039763779526
21
0.190891062992126
0
LINE
8
BLACK
6
CONTINUOUS
10
2.9871039763779526
20
0.190891062992126
11
2.9875448818897636
21
0.1919554724409449
0
LINE
8
BLACK
6
CONTINUOUS
10
2.9875448818897636
20
0.1919554724409449
11
2.9883595275590551
21
0.1927701181102362
0
LINE
8
BLACK
6
CONTINUOUS
10
2.9883595275590551
20
0.1927701181102362
11
2.9894239370078739
21
0.1932110236220472
0
LINE
8
BLACK
6
CONTINUOUS
10
2.9894239370078739
20
0.1932110236220472
11
2.9905760629921261
21
0.1932110236220472
0
LINE
8
BLACK
6
CONTINUOUS
10
2.9905760629921261
20
0.1932110236220472
11
2.9916404724409449
21
0.1927701181102362
0
LINE
8
BLACK
6
CONTINUOUS
10
2.9916404724409449
20
0.1927701181102362
11
2.9924551181102363
21
0.1919554724409449
0
LINE
8
BLACK
6
CONTINUOUS
10
2.9924551181102363
20
0.1919554724409449
11
2.992896023622047
21
0.190891062992126
0
LINE
8
BLACK
6
CONTINUOUS
10
2.992896023622047
20
0.190891062992126
11
2.9929527559055118
21
0.190315
0
LINE
8
BLACK
6
CONTINUOUS
10
2.9929527559055118
20
0.190315
11
2.9929527559055118
21
-0.0242291338582677
0
LINE
8
BLACK
6
CONTINUOUS
10
2.9929527559055118
20
-0.0242291338582677
11
2.992896023622047
21
-0.0248051968503937
0
LINE
8
BLACK
6
CONTINUOUS
10
2.992896023622047
20
-0.0248051968503937
11
2.9924551181102363
21
-0.0258696062992126
0
LINE
8
BLACK
6
CONTINUOUS
10
2.9924551181102363
20
-0.0258696062992126
11
2.9916404724409449
21
-0.0266842519685039
0
LINE
8
BLACK
6
CONTINUOUS
10
2.9916404724409449
20
-0.0266842519685039
11
2.9905760629921261
21
-0.027125157480315
0
LINE
8
BLACK
6
CONTINUOUS
10
2.9905760629921261
20
-0.027125157480315
11
2.9894239370078739
21
-0.027125157480315
0
LINE
8
BLACK
6
CONTINUOUS
10
2.9894239370078739
20
-0.027125157480315
11
2.9883595275590551
21
-0.0266842519685039
0
LINE
8
BLACK
6
CONTINUOUS
10
2.9883595275590551
20
-0.0266842519685039
11
2.9875448818897636
21
-0.0258696062992126
0
LINE
8
BLACK
6
CONTINUOUS
10
2.9875448818897636
20
-0.0258696062992126
11
2.9871039763779526
21
-0.0248051968503937
0
LINE
8
BLACK
6
CONTINUOUS
10
2.9871039763779526
20
-0.0248051968503937
11
2.9870472440944882
21
-0.0242291338582677
0
LINE
8
BLACK
6
CONTINUOUS
10
2.9870472440944882
20
-0.0242291338582677
11
2.9870472440944882
21
-0.0060077165354331
0
LINE
8
BLACK
6
CONTINUOUS
10
2.9870472440944882
20
-0.0060077165354331
11
2.9470128740157482
21
-0.0268483070866142
0
LINE
8
BLACK
6
CONTINUOUS
10
2.9470128740157482
20
-0.0268483070866142
11
2.9464757086614171
21
-0.0270639763779528
0
LINE
8
BLACK
6
CONTINUOUS
10
2.9464757086614171
20
-0.0270639763779528
11
2.9453279921259843
21
-0.0271643700787402
0
LINE
8
BLACK
6
CONTINUOUS
10
2.9453279921259843
20
-0.0271643700787402
11
2.9442292125984251
21
-0.0268179527559055
0
LINE
8
BLACK
6
CONTINUOUS
10
2.9442292125984251
20
-0.0268179527559055
11
2.943346653543307
21
-0.0260774015748031
0
LINE
8
BLACK
6
CONTINUOUS
10
2.943346653543307
20
-0.0260774015748031
11
2.9428146456692912
21
-0.0250554330708661
0
LINE
8
BLACK
6
CONTINUOUS
10
2.9428146456692912
20
-0.0250554330708661
11
2.9427142519685039
21
-0.0239077165354331
0
LINE
8
BLACK
6
CONTINUOUS
10
2.9427142519685039
20
-0.0239077165354331
11
2.9430606692913384
21
-0.022808937007874
0
LINE
8
BLACK
6
CONTINUOUS
10
2.9430606692913384
20
-0.022808937007874
11
2.9438012204724409
21
-0.0219263779527559
0
LINE
8
BLACK
6
CONTINUOUS
10
2.9438012204724409
20
-0.0219263779527559
11
2.9442860236220474
21
-0.0216100393700787
0
LINE
8
BLACK
6
CONTINUOUS
10
2.9442860236220474
20
-0.0216100393700787
11
2.9779330708661416
21
-0.0040944881889764
0
LINE
8
BLACK
6
CONTINUOUS
10
2.9779330708661416
20
-0.0040944881889764
11
0.2220669291338583
21
-0.0040944881889764
0
LINE
8
BLACK
6
CONTINUOUS
10
0.2220669291338583
20
-0.0040944881889764
11
0.2557139763779527
21
-0.0216100393700787
0
LINE
8
BLACK
6
CONTINUOUS
10
0.2557139763779527
20
-0.0216100393700787
11
0.2561987401574803
21
-0.0219263779527559
0
LINE
8
BLACK
6
CONTINUOUS
10
0.2561987401574803
20
-0.0219263779527559
11
0.2569392913385827
21
-0.022808937007874
0
LINE
8
BLACK
6
CONTINUOUS
10
0.2569392913385827
20
-0.022808937007874
11
0.2572857480314961
21
-0.0239077165354331
0
LINE
8
BLACK
6
CONTINUOUS
10
0.2572857480314961
20
-0.0239077165354331
11
0.2571853543307087
21
-0.0250554330708661
0
LINE
8
BLACK
6
CONTINUOUS
10
0.2571853543307087
20
-0.0250554330708661
11
0.2566533464566929
21
-0.0260773622047244
0
LINE
8
BLACK
6
CONTINUOUS
10
0.2566533464566929
20
-0.0260773622047244
11
0.2557707874015748
21
-0.0268179133858268
0
LINE
8
BLACK
6
CONTINUOUS
10
0.2557707874015748
20
-0.0268179133858268
11
0.2546720078740157
21
-0.0271643700787402
0
LINE
8
BLACK
6
CONTINUOUS
10
0.2546720078740157
20
-0.0271643700787402
11
0.2535242913385827
21
-0.0270639763779528
0
LINE
8
BLACK
6
CONTINUOUS
10
0.2535242913385827
20
-0.0270639763779528
11
0.2529871259842519
21
-0.0268483070866142
0
LINE
8
BLACK
6
CONTINUOUS
10
0.2529871259842519
20
-0.0268483070866142
11
0.2129527559055118
21
-0.0060077165354331
0
LINE
8
BLACK
6
CONTINUOUS
10
0.2129527559055118
20
-0.0060077165354331
11
0.2129527559055118
21
-0.0242291338582677
0
LINE
8
BLACK
6
CONTINUOUS
10
0.2129527559055118
20
-0.0242291338582677
11
0.2128960236220472
21
-0.0248051968503937
0
LINE
8
BLACK
6
CONTINUOUS
10
0.2128960236220472
20
-0.0248051968503937
11
0.2124551181102362
21
-0.0258696062992126
0
LINE
8
BLACK
6
CONTINUOUS
10
0.2124551181102362
20
-0.0258696062992126
11
0.2116404724409449
21
-0.0266842519685039
0
LINE
8
BLACK
6
CONTINUOUS
10
0.2116404724409449
20
-0.0266842519685039
11
0.210576062992126
21
-0.027125157480315
0
LINE
8
BLACK
6
CONTINUOUS
10
0.210576062992126
20
-0.027125157480315
11
0.209423937007874
21
-0.027125157480315
0
LINE
8
BLACK
6
CONTINUOUS
10
0.209423937007874
20
-0.027125157480315
11
0.2083595275590551
21
-0.0266842519685039
0
LINE
8
BLACK
6
CONTINUOUS
10
0.2083595275590551
20
-0.0266842519685039
11
0.2075448818897638
21
-0.0258696062992126
0
LINE
8
BLACK
6
CONTINUOUS
10
0.2075448818897638
20
-0.0258696062992126
11
0.2071039763779527
21
-0.0248051968503937
0
LINE
8
BLACK
6
CONTINUOUS
10
0.2071039763779527
20
-0.0248051968503937
11
0.2070472440944882
21
-0.0242291338582677
0
LINE
8
BLACK
6
CONTINUOUS
10
0.2070472440944882
20
-0.0242291338582677
11
0.2070472440944882
21
0.190315
0
LINE
8
BLACK
6
CONTINUOUS
10
0.2070472440944882
20
0.190315
11
0.2071039763779527
21
0.190891062992126
0
LINE
8
BLACK
6
CONTINUOUS
10
0.2071039763779527
20
0.190891062992126
11
0.2075448818897638
21
0.1919554724409449
0
LINE
8
BLACK
6
CONTINUOUS
10
0.2075448818897638
20
0.1919554724409449
11
0.2083595275590551
21
0.1927701181102362
0
LINE
8
BLACK
6
CONTINUOUS
10
0.2083595275590551
20
0.1927701181102362
11
0.209423937007874
21
0.1932110236220472
0
LINE
8
BLACK
6
CONTINUOUS
10
0.209423937007874
20
0.1932110236220472
11
0.210576062992126
21
0.1932110236220472
0
LINE
8
BLACK
6
CONTINUOUS
10
0.210576062992126
20
0.1932110236220472
11
0.2116404724409449
21
0.1927701181102362
0
LINE
8
BLACK
6
CONTINUOUS
10
1.4880901181102362
20
0.0684937007874016
11
1.4881881102362204
21
0.0684531102362205
0
LINE
8
BLACK
6
CONTINUOUS
10
1.4881881102362204
20
0.0684531102362205
11
1.488293937007874
21
0.0684455905511811
0
LINE
8
BLACK
6
CONTINUOUS
10
1.488293937007874
20
0.0684455905511811
11
1.4888345669291339
21
0.0682387007874016
0
LINE
8
BLACK
6
CONTINUOUS
10
1.4888345669291339
20
0.0682387007874016
11
1.492584094488189
21
0.066363937007874
0
LINE
8
BLACK
6
CONTINUOUS
10
1.492584094488189
20
0.066363937007874
11
1.4928320866141731
21
0.066207874015748
0
LINE
8
BLACK
6
CONTINUOUS
10
1.4928320866141731
20
0.066207874015748
11
1.4929040551181103
21
0.066178031496063
0
LINE
8
BLACK
6
CONTINUOUS
10
1.4929040551181103
20
0.066178031496063
11
1.492985
21
0.0661115748031496
0
LINE
8
BLACK
6
CONTINUOUS
10
1.492985
20
0.0661115748031496
11
1.4930739763779528
21
0.0660555905511811
0
LINE
8
BLACK
6
CONTINUOUS
10
1.4930739763779528
20
0.0660555905511811
11
1.4931251181102363
21
0.0659966141732283
0
LINE
8
BLACK
6
CONTINUOUS
10
1.4931251181102363
20
0.0659966141732283
11
1.4933514960629921
21
0.0658108267716535
0
LINE
8
BLACK
6
CONTINUOUS
10
1.4933514960629921
20
0.0658108267716535
11
1.4952262598425197
21
0.063936062992126
0
LINE
8
BLACK
6
CONTINUOUS
10
1.4952262598425197
20
0.063936062992126
11
1.4954120078740156
21
0.0637097244094488
0
LINE
8
BLACK
6
CONTINUOUS
10
1.4954120078740156
20
0.0637097244094488
11
1.4954710236220472
21
0.0636585433070866
0
LINE
8
BLACK
6
CONTINUOUS
10
1.4954710236220472
20
0.0636585433070866
11
1.495526968503937
21
0.0635696062992126
0
LINE
8
BLACK
6
CONTINUOUS
10
1.495526968503937
20
0.0635696062992126
11
1.4955934645669291
21
0.0634886220472441
0
LINE
8
BLACK
6
CONTINUOUS
10
1.4955934645669291
20
0.0634886220472441
11
1.4956232677165353
21
0.0634166929133858
0
LINE
8
BLACK
6
CONTINUOUS
10
1.4956232677165353
20
0.0634166929133858
11
1.4957793700787401
21
0.0631686614173228
0
LINE
8
BLACK
6
CONTINUOUS
10
1.4957793700787401
20
0.0631686614173228
11
1.4976541338582676
21
0.0594191338582677
0
LINE
8
BLACK
6
CONTINUOUS
10
1.4976541338582676
20
0.0594191338582677
11
1.4976702362204724
21
0.0593770472440945
0
LINE
8
BLACK
6
CONTINUOUS
10
1.4976702362204724
20
0.0593770472440945
11
1.4976829527559055
21
0.0593598818897638
0
LINE
8
BLACK
6
CONTINUOUS
10
1.4976829527559055
20
0.0593598818897638
11
1.497769251968504
21
0.0591183070866142
0
LINE
8
BLACK
6
CONTINUOUS
10
1.497769251968504
20
0.0591183070866142
11
1.4978610236220473
21
0.0588785433070866
0
LINE
8
BLACK
6
CONTINUOUS
10
1.4978610236220473
20
0.0588785433070866
11
1.4978625196850393
21
0.0588572834645669
0
LINE
8
BLACK
6
CONTINUOUS
10
1.4978625196850393
20
0.0588572834645669
11
1.4978777165354331
21
0.0588147637795276
0
LINE
8
BLACK
6
CONTINUOUS
10
1.4978777165354331
20
0.0588147637795276
11
1.4997524803149607
21
0.0513157086614173
0
LINE
8
BLACK
6
CONTINUOUS
10
1.4997524803149607
20
0.0513157086614173
11
1.4997672440944882
21
0.0512158661417323
0
LINE
8
BLACK
6
CONTINUOUS
10
1.4997672440944882
20
0.0512158661417323
11
1.4997838976377953
21
0.0511756299212598
0
LINE
8
BLACK
6
CONTINUOUS
10
1.4997838976377953
20
0.0511756299212598
11
1.4998052362204723
21
0.0509586220472441
0
LINE
8
BLACK
6
CONTINUOUS
10
1.4998052362204723
20
0.0509586220472441
11
1.499837125984252
21
0.0507431102362205
0
LINE
8
BLACK
6
CONTINUOUS
10
1.499837125984252
20
0.0507431102362205
11
1.4998307086614173
21
0.0507001181102362
0
LINE
8
BLACK
6
CONTINUOUS
10
1.4998307086614173
20
0.0507001181102362
11
1.4998406299212599
21
0.0505995669291339
0
LINE
8
BLACK
6
CONTINUOUS
10
1.4998406299212599
20
0.0505995669291339
11
1.4998406299212599
21
0.0412257480314961
0
LINE
8
BLACK
6
CONTINUOUS
10
1.4998406299212599
20
0.0412257480314961
11
1.4998307086614173
21
0.0411252362204724
0
LINE
8
BLACK
6
CONTINUOUS
10
1.4998307086614173
20
0.0411252362204724
11
1.499837125984252
21
0.0410822047244094
0
LINE
8
BLACK
6
CONTINUOUS
10
1.499837125984252
20
0.0410822047244094
11
1.4998052362204723
21
0.0408667322834646
0
LINE
8
BLACK
6
CONTINUOUS
10
1.4998052362204723
20
0.0408667322834646
11
1.4997838976377953
21
0.0406496850393701
0
LINE
8
BLACK
6
CONTINUOUS
10
1.4997838976377953
20
0.0406496850393701
11
1.4997672440944882
21
0.0406094881889764
0
LINE
8
BLACK
6
CONTINUOUS
10
1.4997672440944882
20
0.0406094881889764
11
1.4997524803149607
21
0.0405096062992126
0
LINE
8
BLACK
6
CONTINUOUS
10
1.4997524803149607
20
0.0405096062992126
11
1.4978777165354331
21
0.0330105511811024
0
LINE
8
BLACK
6
CONTINUOUS
10
1.4978777165354331
20
0.0330105511811024
11
1.4978625196850393
21
0.0329680708661417
0
LINE
8
BLACK
6
CONTINUOUS
10
1.4978625196850393
20
0.0329680708661417
11
1.4978610236220473
21
0.0329467716535433
0
LINE
8
BLACK
6
CONTINUOUS
10
1.4978610236220473
20
0.0329467716535433
11
1.497769251968504
21
0.0327070472440945
0
LINE
8
BLACK
6
CONTINUOUS
10
1.497769251968504
20
0.0327070472440945
11
1.4976829527559055
21
0.0324654330708661
0
LINE
8
BLACK
6
CONTINUOUS
10
1.4976829527559055
20
0.0324654330708661
11
1.4976702362204724
21
0.0324483070866142
0
LINE
8
BLACK
6
CONTINUOUS
10
1.4976702362204724
20
0.0324483070866142
11
1.4976541338582676
21
0.0324061811023622
0
LINE
8
BLACK
6
CONTINUOUS
10
1.4976541338582676
20
0.0324061811023622
11
1.4957793700787401
21
0.0286566535433071
0
LINE
8
BLACK
6
CONTINUOUS
10
1.4957793700787401
20
0.0286566535433071
11
1.4956233070866141
21
0.0284087795275591
0
LINE
8
BLACK
6
CONTINUOUS
10
1.4956233070866141
20
0.0284087795275591
11
1.4955935039370079
21
0.0283367322834646
0
LINE
8
BLACK
6
CONTINUOUS
10
1.4955935039370079
20
0.0283367322834646
11
1.495526968503937
21
0.0282557086614173
0
LINE
8
BLACK
6
CONTINUOUS
10
1.495526968503937
20
0.0282557086614173
11
1.4954710236220472
21
0.0281667716535433
0
LINE
8
BLACK
6
CONTINUOUS
10
1.4954710236220472
20
0.0281667716535433
11
1.4954120078740156
21
0.0281156299212598
0
LINE
8
BLACK
6
CONTINUOUS
10
1.4954120078740156
20
0.0281156299212598
11
1.4952262598425197
21
0.0278892519685039
0
LINE
8
BLACK
6
CONTINUOUS
10
1.4952262598425197
20
0.0278892519685039
11
1.4933515354330709
21
0.0260144881889764
0
LINE
8
BLACK
6
CONTINUOUS
10
1.4933515354330709
20
0.0260144881889764
11
1.4931251574803148
21
0.0258287401574803
0
LINE
8
BLACK
6
CONTINUOUS
10
1.4931251574803148
20
0.0258287401574803
11
1.4930739763779528
21
0.0257696850393701
0
LINE
8
BLACK
6
CONTINUOUS
10
1.4930739763779528
20
0.0257696850393701
11
1.492985
21
0.0257137007874016
0
LINE
8
BLACK
6
CONTINUOUS
10
1.492985
20
0.0257137007874016
11
1.4929040551181103
21
0.0256472440944882
0
LINE
8
BLACK
6
CONTINUOUS
10
1.4929040551181103
20
0.0256472440944882
11
1.4928320866141731
21
0.0256174409448819
0
LINE
8
BLACK
6
CONTINUOUS
10
1.4928320866141731
20
0.0256174409448819
11
1.492584094488189
21
0.0254613385826772
0
LINE
8
BLACK
6
CONTINUOUS
10
1.492584094488189
20
0.0254613385826772
11
1.4888345669291339
21
0.0235865748031496
0
LINE
8
BLACK
6
CONTINUOUS
10
1.4888345669291339
20
0.0235865748031496
11
1.488293937007874
21
0.0233796850393701
0
LINE
8
BLACK
6
CONTINUOUS
10
1.488293937007874
20
0.0233796850393701
11
1.4881881102362204
21
0.0233722047244094
0
LINE
8
BLACK
6
CONTINUOUS
10
1.4881881102362204
20
0.0233722047244094
11
1.4880901181102362
21
0.0233315748031496
0
LINE
8
BLACK
6
CONTINUOUS
10
1.4880901181102362
20
0.0233315748031496
11
1.4875140551181103
21
0.023274842519685
0
LINE
8
BLACK
6
CONTINUOUS
10
1.4875140551181103
20
0.023274842519685
11
1.4837645275590552
21
0.023274842519685
0
LINE
8
BLACK
6
CONTINUOUS
10
1.4837645275590552
20
0.023274842519685
11
1.4831884645669291
21
0.0233315748031496
0
LINE
8
BLACK
6
CONTINUOUS
10
1.4831884645669291
20
0.0233315748031496
11
1.4830904724409448
21
0.0233721653543307
0
LINE
8
BLACK
6
CONTINUOUS
10
1.4830904724409448
20
0.0233721653543307
11
1.4829846062992125
21
0.0233796850393701
0
LINE
8
BLACK
6
CONTINUOUS
10
1.4829846062992125
20
0.0233796850393701
11
1.4824440157480314
21
0.0235865748031496
0
LINE
8
BLACK
6
CONTINUOUS
10
1.4824440157480314
20
0.0235865748031496
11
1.4786944881889763
21
0.0254613385826772
0
LINE
8
BLACK
6
CONTINUOUS
10
1.4786944881889763
20
0.0254613385826772
11
1.4784464566929134
21
0.0256174409448819
0
LINE
8
BLACK
6
CONTINUOUS
10
1.4784464566929134
20
0.0256174409448819
11
1.4783745275590552
21
0.0256472440944882
0
LINE
8
BLACK
6
CONTINUOUS
10
1.4783745275590552
20
0.0256472440944882
11
1.4782935433070865
21
0.0257137007874016
0
LINE
8
BLACK
6
CONTINUOUS
10
1.4782935433070865
20
0.0257137007874016
11
1.4782046062992125
21
0.0257696850393701
0
LINE
8
BLACK
6
CONTINUOUS
10
1.4782046062992125
20
0.0257696850393701
11
1.4781533858267717
21
0.0258287401574803
0
LINE
8
BLACK
6
CONTINUOUS
10
1.4781533858267717
20
0.0258287401574803
11
1.4779270472440944
21
0.0260144881889764
0
LINE
8
BLACK
6
CONTINUOUS
10
1.4779270472440944
20
0.0260144881889764
11
1.4760522834645668
21
0.0278892913385827
0
LINE
8
BLACK
6
CONTINUOUS
10
1.4760522834645668
20
0.0278892913385827
11
1.4758665354330709
21
0.0281156299212598
0
LINE
8
BLACK
6
CONTINUOUS
10
1.4758665354330709
20
0.0281156299212598
11
1.4758075590551181
21
0.0281667716535433
0
LINE
8
BLACK
6
CONTINUOUS
10
1.4758075590551181
20
0.0281667716535433
11
1.4757515748031496
21
0.0282557086614173
0
LINE
8
BLACK
6
CONTINUOUS
10
1.4757515748031496
20
0.0282557086614173
11
1.4756850787401574
21
0.0283367322834646
0
LINE
8
BLACK
6
CONTINUOUS
10
1.4756850787401574
20
0.0283367322834646
11
1.4756552362204725
21
0.0284087795275591
0
LINE
8
BLACK
6
CONTINUOUS
10
1.4756552362204725
20
0.0284087795275591
11
1.4754992125984252
21
0.0286566535433071
0
LINE
8
BLACK
6
CONTINUOUS
10
1.4754992125984252
20
0.0286566535433071
11
1.4736244488188976
21
0.0324061811023622
0
LINE
8
BLACK
6
CONTINUOUS
10
1.4736244488188976
20
0.0324061811023622
11
1.4736083070866142
21
0.0324483070866142
0
LINE
8
BLACK
6
CONTINUOUS
10
1.4736083070866142
20
0.0324483070866142
11
1.4735956299212598
21
0.0324654330708661
0
LINE
8
BLACK
6
CONTINUOUS
10
1.4735956299212598
20
0.0324654330708661
11
1.4735091732283465
21
0.0327074015748031
0
LINE
8
BLACK
6
CONTINUOUS
10
1.4735091732283465
20
0.0327074015748031
11
1.4734175590551182
21
0.032946811023622
0
LINE
8
BLACK
6
CONTINUOUS
10
1.4734175590551182
20
0.032946811023622
11
1.4734160236220473
21
0.0329680708661417
0
LINE
8
BLACK
6
CONTINUOUS
10
1.4734160236220473
20
0.0329680708661417
11
1.4734008661417322
21
0.0330105511811024
0
LINE
8
BLACK
6
CONTINUOUS
10
1.4734008661417322
20
0.0330105511811024
11
1.4715261023622046
21
0.0405096062992126
0
LINE
8
BLACK
6
CONTINUOUS
10
1.4715261023622046
20
0.0405096062992126
11
1.4715112992125985
21
0.0406094881889764
0
LINE
8
BLACK
6
CONTINUOUS
10
1.4715112992125985
20
0.0406094881889764
11
1.47149468503937
21
0.0406496850393701
0
LINE
8
BLACK
6
CONTINUOUS
10
1.47149468503937
20
0.0406496850393701
11
1.4714733070866142
21
0.0408667322834646
0
LINE
8
BLACK
6
CONTINUOUS
10
1.4714733070866142
20
0.0408667322834646
11
1.4714414566929133
21
0.0410822047244094
0
LINE
8
BLACK
6
CONTINUOUS
10
1.4714414566929133
20
0.0410822047244094
11
1.4714478346456692
21
0.0411252362204724
0
LINE
8
BLACK
6
CONTINUOUS
10
1.4714478346456692
20
0.0411252362204724
11
1.4714379527559054
21
0.0412257480314961
0
LINE
8
BLACK
6
CONTINUOUS
10
1.4714379527559054
20
0.0412257480314961
11
1.4714379527559054
21
0.0505995669291339
0
LINE
8
BLACK
6
CONTINUOUS
10
1.4714379527559054
20
0.0505995669291339
11
1.4714478346456692
21
0.0507001181102362
0
LINE
8
BLACK
6
CONTINUOUS
10
1.4714478346456692
20
0.0507001181102362
11
1.4714414566929133
21
0.0507431102362205
0
LINE
8
BLACK
6
CONTINUOUS
10
1.4714414566929133
20
0.0507431102362205
11
1.4714733070866142
21
0.0509586220472441
0
LINE
8
BLACK
6
CONTINUOUS
10
1.4714733070866142
20
0.0509586220472441
11
1.47149468503937
21
0.0511756299212598
0
LINE
8
BLACK
6
CONTINUOUS
10
1.47149468503937
20
0.0511756299212598
11
1.4715112992125985
21
0.0512158661417323
0
LINE
8
BLACK
6
CONTINUOUS
10
1.4715112992125985
20
0.0512158661417323
11
1.4715261023622046
21
0.0513157086614173
0
LINE
8
BLACK
6
CONTINUOUS
10
1.4715261023622046
20
0.0513157086614173
11
1.4734008661417322
21
0.0588147637795276
0
LINE
8
BLACK
6
CONTINUOUS
10
1.4734008661417322
20
0.0588147637795276
11
1.4734160236220473
21
0.0588572834645669
0
LINE
8
BLACK
6
CONTINUOUS
10
1.4734160236220473
20
0.0588572834645669
11
1.4734175590551182
21
0.0588785039370079
0
LINE
8
BLACK
6
CONTINUOUS
10
1.4734175590551182
20
0.0588785039370079
11
1.4735091732283465
21
0.0591179527559055
0
LINE
8
BLACK
6
CONTINUOUS
10
1.4735091732283465
20
0.0591179527559055
11
1.4735956299212598
21
0.0593598818897638
0
LINE
8
BLACK
6
CONTINUOUS
10
1.4735956299212598
20
0.0593598818897638
11
1.4736083070866142
21
0.0593770472440945
0
LINE
8
BLACK
6
CONTINUOUS
10
1.4736083070866142
20
0.0593770472440945
11
1.4736244488188976
21
0.0594191338582677
0
LINE
8
BLACK
6
CONTINUOUS
10
1.4736244488188976
20
0.0594191338582677
11
1.4754992125984252
21
0.0631686614173228
0
LINE
8
BLACK
6
CONTINUOUS
10
1.4754992125984252
20
0.0631686614173228
11
1.4756552755905512
21
0.0634166929133858
0
LINE
8
BLACK
6
CONTINUOUS
10
1.4756552755905512
20
0.0634166929133858
11
1.4756851181102362
21
0.0634886220472441
0
LINE
8
BLACK
6
CONTINUOUS
10
1.4756851181102362
20
0.0634886220472441
11
1.4757515748031496
21
0.0635696062992126
0
LINE
8
BLACK
6
CONTINUOUS
10
1.4757515748031496
20
0.0635696062992126
11
1.4758075590551181
21
0.0636585433070866
0
LINE
8
BLACK
6
CONTINUOUS
10
1.4758075590551181
20
0.0636585433070866
11
1.4758665354330709
21
0.0637097244094488
0
LINE
8
BLACK
6
CONTINUOUS
10
1.4758665354330709
20
0.0637097244094488
11
1.4760523228346456
21
0.063936062992126
0
LINE
8
BLACK
6
CONTINUOUS
10
1.4760523228346456
20
0.063936062992126
11
1.4779270866141732
21
0.0658108267716535
0
LINE
8
BLACK
6
CONTINUOUS
10
1.4779270866141732
20
0.0658108267716535
11
1.4781534251968504
21
0.0659966141732283
0
LINE
8
BLACK
6
CONTINUOUS
10
1.4781534251968504
20
0.0659966141732283
11
1.4782046062992125
21
0.0660555905511811
0
LINE
8
BLACK
6
CONTINUOUS
10
1.4782046062992125
20
0.0660555905511811
11
1.4782935433070865
21
0.0661115748031496
0
LINE
8
BLACK
6
CONTINUOUS
10
1.4782935433070865
20
0.0661115748031496
11
1.4783745275590552
21
0.066178031496063
0
LINE
8
BLACK
6
CONTINUOUS
10
1.4783745275590552
20
0.066178031496063
11
1.4784464566929134
21
0.066207874015748
0
LINE
8
BLACK
6
CONTINUOUS
10
1.4784464566929134
20
0.066207874015748
11
1.4786944881889763
21
0.066363937007874
0
LINE
8
BLACK
6
CONTINUOUS
10
1.4786944881889763
20
0.066363937007874
11
1.4824440157480314
21
0.0682387007874016
0
LINE
8
BLACK
6
CONTINUOUS
10
1.4824440157480314
20
0.0682387007874016
11
1.4829846062992125
21
0.0684455905511811
0
LINE
8
BLACK
6
CONTINUOUS
10
1.4829846062992125
20
0.0684455905511811
11
1.4830904724409448
21
0.0684531496062992
0
LINE
8
BLACK
6
CONTINUOUS
10
1.4830904724409448
20
0.0684531496062992
11
1.4831884645669291
21
0.0684937007874016
0
LINE
8
BLACK
6
CONTINUOUS
10
1.4831884645669291
20
0.0684937007874016
11
1.4837645275590552
21
0.0685504330708661
0
LINE
8
BLACK
6
CONTINUOUS
10
1.4837645275590552
20
0.0685504330708661
11
1.4875140551181103
21
0.0685504330708661
0
LINE
8
BLACK
6
CONTINUOUS
10
1.4875140551181103
20
0.0685504330708661
11
1.4880901181102362
21
0.0684937007874016
0
LINE
8
BLACK
6
CONTINUOUS
10
1.4817640944881889
20
0.0612961811023622
11
1.4805669685039369
21
0.0600990551181102
0
LINE
8
BLACK
6
CONTINUOUS
10
1.4805669685039369
20
0.0600990551181102
11
1.4790514566929134
21
0.0570680708661417
0
LINE
8
BLACK
6
CONTINUOUS
10
1.4790514566929134
20
0.0570680708661417
11
1.477343464566929
21
0.0502360236220472
0
LINE
8
BLACK
6
CONTINUOUS
10
1.477343464566929
20
0.0502360236220472
11
1.477343464566929
21
0.0415892913385827
0
LINE
8
BLACK
6
CONTINUOUS
10
1.477343464566929
20
0.0415892913385827
11
1.4790514566929134
21
0.0347572440944882
0
LINE
8
BLACK
6
CONTINUOUS
10
1.4790514566929134
20
0.0347572440944882
11
1.4805669685039369
21
0.0317262598425197
0
LINE
8
BLACK
6
CONTINUOUS
10
1.4805669685039369
20
0.0317262598425197
11
1.4817640944881889
21
0.030529094488189
0
LINE
8
BLACK
6
CONTINUOUS
10
1.4817640944881889
20
0.030529094488189
11
1.4844615748031496
21
0.0291803543307087
0
LINE
8
BLACK
6
CONTINUOUS
10
1.4844615748031496
20
0.0291803543307087
11
1.4868170078740157
21
0.0291803543307087
0
LINE
8
BLACK
6
CONTINUOUS
10
1.4868170078740157
20
0.0291803543307087
11
1.4895144488188976
21
0.030529094488189
0
LINE
8
BLACK
6
CONTINUOUS
10
1.4895144488188976
20
0.030529094488189
11
1.4907115748031496
21
0.0317262598425197
0
LINE
8
BLACK
6
CONTINUOUS
10
1.4907115748031496
20
0.0317262598425197
11
1.4922270866141731
21
0.0347572440944882
0
LINE
8
BLACK
6
CONTINUOUS
10
1.4922270866141731
20
0.0347572440944882
11
1.4939351181102363
21
0.0415892913385827
0
LINE
8
BLACK
6
CONTINUOUS
10
1.4939351181102363
20
0.0415892913385827
11
1.4939351181102363
21
0.0502360236220472
0
LINE
8
BLACK
6
CONTINUOUS
10
1.4939351181102363
20
0.0502360236220472
11
1.4922270866141731
21
0.0570680708661417
0
LINE
8
BLACK
6
CONTINUOUS
10
1.4922270866141731
20
0.0570680708661417
11
1.4907116141732284
21
0.0600990551181102
0
LINE
8
BLACK
6
CONTINUOUS
10
1.4907116141732284
20
0.0600990551181102
11
1.4895144881889764
21
0.0612961811023622
0
LINE
8
BLACK
6
CONTINUOUS
10
1.4895144881889764
20
0.0612961811023622
11
1.4868170078740157
21
0.0626449212598425
0
LINE
8
BLACK
6
CONTINUOUS
10
1.4868170078740157
20
0.0626449212598425
11
1.4844615748031496
21
0.0626449212598425
0
LINE
8
BLACK
6
CONTINUOUS
10
1.4844615748031496
20
0.0626449212598425
11
1.4817640944881889
21
0.0612961811023622
0
LINE
8
BLACK
6
CONTINUOUS
10
1.5499573622047245
20
0.0684937007874016
11
1.5510217716535433
21
0.0680527952755905
0
LINE
8
BLACK
6
CONTINUOUS
10
1.5510217716535433
20
0.0680527952755905
11
1.5518364173228345
21
0.0672381496062992
0
LINE
8
BLACK
6
CONTINUOUS
10
1.5518364173228345
20
0.0672381496062992
11
1.5522773228346456
21
0.0661737401574803
0
LINE
8
BLACK
6
CONTINUOUS
10
1.5522773228346456
20
0.0661737401574803
11
1.5522773228346456
21
0.0650216141732283
0
LINE
8
BLACK
6
CONTINUOUS
10
1.5522773228346456
20
0.0650216141732283
11
1.5518364173228345
21
0.0639572047244095
0
LINE
8
BLACK
6
CONTINUOUS
10
1.5518364173228345
20
0.0639572047244095
11
1.5510217716535433
21
0.0631425590551181
0
LINE
8
BLACK
6
CONTINUOUS
10
1.5510217716535433
20
0.0631425590551181
11
1.5499573622047245
21
0.0627016535433071
0
LINE
8
BLACK
6
CONTINUOUS
10
1.5499573622047245
20
0.0627016535433071
11
1.5493812992125984
21
0.0626449212598425
0
LINE
8
BLACK
6
CONTINUOUS
10
1.5493812992125984
20
0.0626449212598425
11
1.5425792913385827
21
0.0626449212598425
0
LINE
8
BLACK
6
CONTINUOUS
10
1.5425792913385827
20
0.0626449212598425
11
1.5398818110236221
21
0.0612961811023622
0
LINE
8
BLACK
6
CONTINUOUS
10
1.5398818110236221
20
0.0612961811023622
11
1.5385525984251969
21
0.0599670078740157
0
LINE
8
BLACK
6
CONTINUOUS
10
1.5385525984251969
20
0.0599670078740157
11
1.5352489763779527
21
0.0550115354330709
0
LINE
8
BLACK
6
CONTINUOUS
10
1.5352489763779527
20
0.0550115354330709
11
1.5345196850393701
21
0.0520943307086614
0
LINE
8
BLACK
6
CONTINUOUS
10
1.5345196850393701
20
0.0520943307086614
11
1.5368122047244095
21
0.0532405905511811
0
LINE
8
BLACK
6
CONTINUOUS
10
1.5368122047244095
20
0.0532405905511811
11
1.5373527952755905
21
0.0534474803149606
0
LINE
8
BLACK
6
CONTINUOUS
10
1.5373527952755905
20
0.0534474803149606
11
1.5374586614173229
21
0.0534550393700787
0
LINE
8
BLACK
6
CONTINUOUS
10
1.5374586614173229
20
0.0534550393700787
11
1.537556653543307
21
0.0534955905511811
0
LINE
8
BLACK
6
CONTINUOUS
10
1.537556653543307
20
0.0534955905511811
11
1.538132716535433
21
0.0535523228346457
0
LINE
8
BLACK
6
CONTINUOUS
10
1.538132716535433
20
0.0535523228346457
11
1.5456317716535433
21
0.0535523228346457
0
LINE
8
BLACK
6
CONTINUOUS
10
1.5456317716535433
20
0.0535523228346457
11
1.5462078346456694
21
0.0534955905511811
0
LINE
8
BLACK
6
CONTINUOUS
10
1.5462078346456694
20
0.0534955905511811
11
1.5463058267716534
21
0.053455
0
LINE
8
BLACK
6
CONTINUOUS
10
1.5463058267716534
20
0.053455
11
1.546411653543307
21
0.0534474803149606
0
LINE
8
BLACK
6
CONTINUOUS
10
1.546411653543307
20
0.0534474803149606
11
1.5469522834645668
21
0.0532405905511811
0
LINE
8
BLACK
6
CONTINUOUS
10
1.5469522834645668
20
0.0532405905511811
11
1.5507018110236219
21
0.0513658267716535
0
LINE
8
BLACK
6
CONTINUOUS
10
1.5507018110236219
20
0.0513658267716535
11
1.5509498031496063
21
0.0512097637795276
0
LINE
8
BLACK
6
CONTINUOUS
10
1.5509498031496063
20
0.0512097637795276
11
1.5510217716535433
21
0.0511799212598425
0
LINE
8
BLACK
6
CONTINUOUS
10
1.5510217716535433
20
0.0511799212598425
11
1.551102716535433
21
0.0511134645669291
0
LINE
8
BLACK
6
CONTINUOUS
10
1.551102716535433
20
0.0511134645669291
11
1.5511916929133858
21
0.0510574803149606
0
LINE
8
BLACK
6
CONTINUOUS
10
1.5511916929133858
20
0.0510574803149606
11
1.5512428346456693
21
0.0509985039370079
0
LINE
8
BLACK
6
CONTINUOUS
10
1.5512428346456693
20
0.0509985039370079
11
1.5514692125984251
21
0.0508127165354331
0
LINE
8
BLACK
6
CONTINUOUS
10
1.5514692125984251
20
0.0508127165354331
11
1.5533439763779526
21
0.0489379527559055
0
LINE
8
BLACK
6
CONTINUOUS
10
1.5533439763779526
20
0.0489379527559055
11
1.5535297244094488
21
0.0487116141732283
0
LINE
8
BLACK
6
CONTINUOUS
10
1.5535297244094488
20
0.0487116141732283
11
1.5535887401574804
21
0.0486604330708661
0
LINE
8
BLACK
6
CONTINUOUS
10
1.5535887401574804
20
0.0486604330708661
11
1.5536446850393701
21
0.0485714960629921
0
LINE
8
BLACK
6
CONTINUOUS
10
1.5536446850393701
20
0.0485714960629921
11
1.5537111811023621
21
0.0484905118110236
0
LINE
8
BLACK
6
CONTINUOUS
10
1.5537111811023621
20
0.0484905118110236
11
1.5537409842519685
21
0.0484185826771654
0
LINE
8
BLACK
6
CONTINUOUS
10
1.5537409842519685
20
0.0484185826771654
11
1.5538970866141733
21
0.0481705511811024
0
LINE
8
BLACK
6
CONTINUOUS
10
1.5538970866141733
20
0.0481705511811024
11
1.5557718503937008
21
0.0444210236220472
0
LINE
8
BLACK
6
CONTINUOUS
10
1.5557718503937008
20
0.0444210236220472
11
1.5559787401574803
21
0.0438804330708661
0
LINE
8
BLACK
6
CONTINUOUS
10
1.5559787401574803
20
0.0438804330708661
11
1.5559862598425196
21
0.0437745669291339
0
LINE
8
BLACK
6
CONTINUOUS
10
1.5559862598425196
20
0.0437745669291339
11
1.5560268503937007
21
0.0436765748031496
0
LINE
8
BLACK
6
CONTINUOUS
10
1.5560268503937007
20
0.0436765748031496
11
1.5560835826771653
21
0.0431005118110236
0
LINE
8
BLACK
6
CONTINUOUS
10
1.5560835826771653
20
0.0431005118110236
11
1.5560835826771653
21
0.0337266929133858
0
LINE
8
BLACK
6
CONTINUOUS
10
1.5560835826771653
20
0.0337266929133858
11
1.5560268503937007
21
0.0331506299212598
0
LINE
8
BLACK
6
CONTINUOUS
10
1.5560268503937007
20
0.0331506299212598
11
1.5559862598425196
21
0.0330526771653543
0
LINE
8
BLACK
6
CONTINUOUS
10
1.5559862598425196
20
0.0330526771653543
11
1.5559787401574803
21
0.0329467716535433
0
LINE
8
BLACK
6
CONTINUOUS
10
1.5559787401574803
20
0.0329467716535433
11
1.5557718503937008
21
0.0324061811023622
0
LINE
8
BLACK
6
CONTINUOUS
10
1.5557718503937008
20
0.0324061811023622
11
1.5538970866141733
21
0.0286566535433071
0
LINE
8
BLACK
6
CONTINUOUS
10
1.5538970866141733
20
0.0286566535433071
11
1.5537410236220472
21
0.0284087795275591
0
LINE
8
BLACK
6
CONTINUOUS
10
1.5537410236220472
20
0.0284087795275591
11
1.5537112204724408
21
0.0283367322834646
0
LINE
8
BLACK
6
CONTINUOUS
10
1.5537112204724408
20
0.0283367322834646
11
1.5536446850393701
21
0.0282557086614173
0
LINE
8
BLACK
6
CONTINUOUS
10
1.5536446850393701
20
0.0282557086614173
11
1.5535887401574804
21
0.0281667716535433
0
LINE
8
BLACK
6
CONTINUOUS
10
1.5535887401574804
20
0.0281667716535433
11
1.5535297244094488
21
0.0281156299212598
0
LINE
8
BLACK
6
CONTINUOUS
10
1.5535297244094488
20
0.0281156299212598
11
1.5533439763779526
21
0.0278892519685039
0
LINE
8
BLACK
6
CONTINUOUS
10
1.5533439763779526
20
0.0278892519685039
11
1.5514692519685038
21
0.0260144881889764
0
LINE
8
BLACK
6
CONTINUOUS
10
1.5514692519685038
20
0.0260144881889764
11
1.551242874015748
21
0.0258287401574803
0
LINE
8
BLACK
6
CONTINUOUS
10
1.551242874015748
20
0.0258287401574803
11
1.5511916929133858
21
0.0257696850393701
0
LINE
8
BLACK
6
CONTINUOUS
10
1.5511916929133858
20
0.0257696850393701
11
1.551102716535433
21
0.0257137007874016
0
LINE
8
BLACK
6
CONTINUOUS
10
1.551102716535433
20
0.0257137007874016
11
1.5510217716535433
21
0.0256472440944882
0
LINE
8
BLACK
6
CONTINUOUS
10
1.5510217716535433
20
0.0256472440944882
11
1.5509498031496063
21
0.0256174409448819
0
LINE
8
BLACK
6
CONTINUOUS
10
1.5509498031496063
20
0.0256174409448819
11
1.5507018110236219
21
0.0254613385826772
0
LINE
8
BLACK
6
CONTINUOUS
10
1.5507018110236219
20
0.0254613385826772
11
1.5469522834645668
21
0.0235865748031496
0
LINE
8
BLACK
6
CONTINUOUS
10
1.5469522834645668
20
0.0235865748031496
11
1.546411653543307
21
0.0233796850393701
0
LINE
8
BLACK
6
CONTINUOUS
10
1.546411653543307
20
0.0233796850393701
11
1.5463058267716534
21
0.0233722047244094
0
LINE
8
BLACK
6
CONTINUOUS
10
1.5463058267716534
20
0.0233722047244094
11
1.5462078346456694
21
0.0233315748031496
0
LINE
8
BLACK
6
CONTINUOUS
10
1.5462078346456694
20
0.0233315748031496
11
1.5456317716535433
21
0.023274842519685
0
LINE
8
BLACK
6
CONTINUOUS
10
1.5456317716535433
20
0.023274842519685
11
1.538132716535433
21
0.023274842519685
0
LINE
8
BLACK
6
CONTINUOUS
10
1.538132716535433
20
0.023274842519685
11
1.537556653543307
21
0.0233315748031496
0
LINE
8
BLACK
6
CONTINUOUS
10
1.537556653543307
20
0.0233315748031496
11
1.5374586614173229
21
0.0233721653543307
0
LINE
8
BLACK
6
CONTINUOUS
10
1.5374586614173229
20
0.0233721653543307
11
1.5373527952755905
21
0.0233796850393701
0
LINE
8
BLACK
6
CONTINUOUS
10
1.5373527952755905
20
0.0233796850393701
11
1.5368122047244095
21
0.0235865748031496
0
LINE
8
BLACK
6
CONTINUOUS
10
1.5368122047244095
20
0.0235865748031496
11
1.5330626771653544
21
0.0254613385826772
0
LINE
8
BLACK
6
CONTINUOUS
10
1.5330626771653544
20
0.0254613385826772
11
1.5328146456692913
21
0.0256174409448819
0
LINE
8
BLACK
6
CONTINUOUS
10
1.5328146456692913
20
0.0256174409448819
11
1.532742716535433
21
0.0256472440944882
0
LINE
8
BLACK
6
CONTINUOUS
10
1.532742716535433
20
0.0256472440944882
11
1.5326617322834646
21
0.0257137007874016
0
LINE
8
BLACK
6
CONTINUOUS
10
1.5326617322834646
20
0.0257137007874016
11
1.5325727952755905
21
0.0257696850393701
0
LINE
8
BLACK
6
CONTINUOUS
10
1.5325727952755905
20
0.0257696850393701
11
1.5325215748031495
21
0.0258287401574803
0
LINE
8
BLACK
6
CONTINUOUS
10
1.5325215748031495
20
0.0258287401574803
11
1.5322952362204725
21
0.0260144881889764
0
LINE
8
BLACK
6
CONTINUOUS
10
1.5322952362204725
20
0.0260144881889764
11
1.5304204724409449
21
0.0278892913385827
0
LINE
8
BLACK
6
CONTINUOUS
10
1.5304204724409449
20
0.0278892913385827
11
1.5302347244094487
21
0.0281156299212598
0
LINE
8
BLACK
6
CONTINUOUS
10
1.5302347244094487
20
0.0281156299212598
11
1.5301757480314959
21
0.0281667716535433
0
LINE
8
BLACK
6
CONTINUOUS
10
1.5301757480314959
20
0.0281667716535433
11
1.5301197637795276
21
0.0282557086614173
0
LINE
8
BLACK
6
CONTINUOUS
10
1.5301197637795276
20
0.0282557086614173
11
1.5300532677165355
21
0.0283367322834646
0
LINE
8
BLACK
6
CONTINUOUS
10
1.5300532677165355
20
0.0283367322834646
11
1.5300234251968503
21
0.0284087795275591
0
LINE
8
BLACK
6
CONTINUOUS
10
1.5300234251968503
20
0.0284087795275591
11
1.5298674015748031
21
0.0286566535433071
0
LINE
8
BLACK
6
CONTINUOUS
10
1.5298674015748031
20
0.0286566535433071
11
1.5279926377952755
21
0.0324061811023622
0
LINE
8
BLACK
6
CONTINUOUS
10
1.5279926377952755
20
0.0324061811023622
11
1.527785748031496
21
0.032946811023622
0
LINE
8
BLACK
6
CONTINUOUS
10
1.527785748031496
20
0.032946811023622
11
1.5277782283464567
21
0.0330526377952756
0
LINE
8
BLACK
6
CONTINUOUS
10
1.5277782283464567
20
0.0330526377952756
11
1.5277376377952756
21
0.0331506299212598
0
LINE
8
BLACK
6
CONTINUOUS
10
1.5277376377952756
20
0.0331506299212598
11
1.527680905511811
21
0.0337266929133858
0
LINE
8
BLACK
6
CONTINUOUS
10
1.527680905511811
20
0.0337266929133858
11
1.527680905511811
21
0.0487248031496063
0
LINE
8
BLACK
6
CONTINUOUS
10
1.527680905511811
20
0.0487248031496063
11
1.5276907874015748
21
0.0488253543307087
0
LINE
8
BLACK
6
CONTINUOUS
10
1.5276907874015748
20
0.0488253543307087
11
1.5276844094488189
21
0.0488683464566929
0
LINE
8
BLACK
6
CONTINUOUS
10
1.5276844094488189
20
0.0488683464566929
11
1.5277162598425196
21
0.0490838582677165
0
LINE
8
BLACK
6
CONTINUOUS
10
1.5277162598425196
20
0.0490838582677165
11
1.5277376377952756
21
0.0493008661417323
0
LINE
8
BLACK
6
CONTINUOUS
10
1.5277376377952756
20
0.0493008661417323
11
1.5277542519685039
21
0.0493411023622047
0
LINE
8
BLACK
6
CONTINUOUS
10
1.5277542519685039
20
0.0493411023622047
11
1.5277690551181102
21
0.0494409448818898
0
LINE
8
BLACK
6
CONTINUOUS
10
1.5277690551181102
20
0.0494409448818898
11
1.5296438188976378
21
0.05694
0
LINE
8
BLACK
6
CONTINUOUS
10
1.5296438188976378
20
0.05694
11
1.5297650787401575
21
0.0572794881889764
0
LINE
8
BLACK
6
CONTINUOUS
10
1.5297650787401575
20
0.0572794881889764
11
1.5297792519685038
21
0.0573509842519685
0
LINE
8
BLACK
6
CONTINUOUS
10
1.5297792519685038
20
0.0573509842519685
11
1.5298138188976378
21
0.0574158661417323
0
LINE
8
BLACK
6
CONTINUOUS
10
1.5298138188976378
20
0.0574158661417323
11
1.5298385826771652
21
0.0574851181102362
0
LINE
8
BLACK
6
CONTINUOUS
10
1.5298385826771652
20
0.0574851181102362
11
1.5298820078740156
21
0.0575437401574803
0
LINE
8
BLACK
6
CONTINUOUS
10
1.5298820078740156
20
0.0575437401574803
11
1.5300515748031496
21
0.0578617716535433
0
LINE
8
BLACK
6
CONTINUOUS
10
1.5300515748031496
20
0.0578617716535433
11
1.5338011023622047
21
0.063486062992126
0
LINE
8
BLACK
6
CONTINUOUS
10
1.5338011023622047
20
0.063486062992126
11
1.5338024409448818
21
0.0634877559055118
0
LINE
8
BLACK
6
CONTINUOUS
10
1.5338024409448818
20
0.0634877559055118
11
1.5338028346456694
21
0.0634886220472441
0
LINE
8
BLACK
6
CONTINUOUS
10
1.5338028346456694
20
0.0634886220472441
11
1.5339795275590551
21
0.063703937007874
0
LINE
8
BLACK
6
CONTINUOUS
10
1.5339795275590551
20
0.063703937007874
11
1.5341678740157481
21
0.0639338976377953
0
LINE
8
BLACK
6
CONTINUOUS
10
1.5341678740157481
20
0.0639338976377953
11
1.5341687007874016
21
0.0639344881889764
0
LINE
8
BLACK
6
CONTINUOUS
10
1.5341687007874016
20
0.0639344881889764
11
1.5341700393700788
21
0.063936062992126
0
LINE
8
BLACK
6
CONTINUOUS
10
1.5341700393700788
20
0.063936062992126
11
1.5360448031496063
21
0.0658108267716535
0
LINE
8
BLACK
6
CONTINUOUS
10
1.5360448031496063
20
0.0658108267716535
11
1.5362711417322834
21
0.0659966141732283
0
LINE
8
BLACK
6
CONTINUOUS
10
1.5362711417322834
20
0.0659966141732283
11
1.5363223228346456
21
0.0660555905511811
0
LINE
8
BLACK
6
CONTINUOUS
10
1.5363223228346456
20
0.0660555905511811
11
1.5364112598425197
21
0.0661115748031496
0
LINE
8
BLACK
6
CONTINUOUS
10
1.5364112598425197
20
0.0661115748031496
11
1.5364922440944881
21
0.066178031496063
0
LINE
8
BLACK
6
CONTINUOUS
10
1.5364922440944881
20
0.066178031496063
11
1.5365641732283464
21
0.066207874015748
0
LINE
8
BLACK
6
CONTINUOUS
10
1.5365641732283464
20
0.066207874015748
11
1.5368122047244095
21
0.066363937007874
0
LINE
8
BLACK
6
CONTINUOUS
10
1.5368122047244095
20
0.066363937007874
11
1.5405617322834646
21
0.0682387007874016
0
LINE
8
BLACK
6
CONTINUOUS
10
1.5405617322834646
20
0.0682387007874016
11
1.5411023228346457
21
0.0684455905511811
0
LINE
8
BLACK
6
CONTINUOUS
10
1.5411023228346457
20
0.0684455905511811
11
1.541208188976378
21
0.0684531496062992
0
LINE
8
BLACK
6
CONTINUOUS
10
1.541208188976378
20
0.0684531496062992
11
1.5413061811023621
21
0.0684937007874016
0
LINE
8
BLACK
6
CONTINUOUS
10
1.5413061811023621
20
0.0684937007874016
11
1.5418822440944882
21
0.0685504330708661
0
LINE
8
BLACK
6
CONTINUOUS
10
1.5418822440944882
20
0.0685504330708661
11
1.5493812992125984
21
0.0685504330708661
0
LINE
8
BLACK
6
CONTINUOUS
10
1.5493812992125984
20
0.0685504330708661
11
1.5499573622047245
21
0.0684937007874016
0
LINE
8
BLACK
6
CONTINUOUS
10
1.536132283464567
20
0.0462980708661417
11
1.5349351574803149
21
0.0451009448818898
0
LINE
8
BLACK
6
CONTINUOUS
10
1.5349351574803149
20
0.0451009448818898
11
1.5335864173228346
21
0.0424034645669291
0
LINE
8
BLACK
6
CONTINUOUS
10
1.5335864173228346
20
0.0424034645669291
11
1.5335864173228346
21
0.0344237401574803
0
LINE
8
BLACK
6
CONTINUOUS
10
1.5335864173228346
20
0.0344237401574803
11
1.5349351574803149
21
0.0317262598425197
0
LINE
8
BLACK
6
CONTINUOUS
10
1.5349351574803149
20
0.0317262598425197
11
1.536132283464567
21
0.030529094488189
0
LINE
8
BLACK
6
CONTINUOUS
10
1.536132283464567
20
0.030529094488189
11
1.5388297637795276
21
0.0291803543307087
0
LINE
8
BLACK
6
CONTINUOUS
10
1.5388297637795276
20
0.0291803543307087
11
1.5449347244094487
21
0.0291803543307087
0
LINE
8
BLACK
6
CONTINUOUS
10
1.5449347244094487
20
0.0291803543307087
11
1.5476321653543306
21
0.030529094488189
0
LINE
8
BLACK
6
CONTINUOUS
10
1.5476321653543306
20
0.030529094488189
11
1.5488292913385826
21
0.0317262598425197
0
LINE
8
BLACK
6
CONTINUOUS
10
1.5488292913385826
20
0.0317262598425197
11
1.5501780708661417
21
0.0344237401574803
0
LINE
8
BLACK
6
CONTINUOUS
10
1.5501780708661417
20
0.0344237401574803
11
1.5501780708661417
21
0.0424034645669291
0
LINE
8
BLACK
6
CONTINUOUS
10
1.5501780708661417
20
0.0424034645669291
11
1.5488293307086614
21
0.0451009448818898
0
LINE
8
BLACK
6
CONTINUOUS
10
1.5488293307086614
20
0.0451009448818898
11
1.5476322047244093
21
0.0462980708661417
0
LINE
8
BLACK
6
CONTINUOUS
10
1.5476322047244093
20
0.0462980708661417
11
1.5449347244094487
21
0.047646811023622
0
LINE
8
BLACK
6
CONTINUOUS
10
1.5449347244094487
20
0.047646811023622
11
1.5388297637795276
21
0.047646811023622
0
LINE
8
BLACK
6
CONTINUOUS
10
1.5388297637795276
20
0.047646811023622
11
1.536132283464567
21
0.0462980708661417
0
LINE
8
BLACK
6
CONTINUOUS
10
1.579661220472441
20
0.0684937007874016
11
1.5799536220472441
21
0.0684937007874016
0
LINE
8
BLACK
6
CONTINUOUS
10
1.5799536220472441
20
0.0684937007874016
11
1.5802208661417323
21
0.0683829921259843
0
LINE
8
BLACK
6
CONTINUOUS
10
1.5802208661417323
20
0.0683829921259843
11
1.58050468503937
21
0.0683268503937008
0
LINE
8
BLACK
6
CONTINUOUS
10
1.58050468503937
20
0.0683268503937008
11
1.5807479527559054
21
0.0681646850393701
0
LINE
8
BLACK
6
CONTINUOUS
10
1.5807479527559054
20
0.0681646850393701
11
1.5810180314960629
21
0.0680527952755905
0
LINE
8
BLACK
6
CONTINUOUS
10
1.5810180314960629
20
0.0680527952755905
11
1.5812224803149606
21
0.0678483464566929
0
LINE
8
BLACK
6
CONTINUOUS
10
1.5812224803149606
20
0.0678483464566929
11
1.5814633070866142
21
0.0676877952755905
0
LINE
8
BLACK
6
CONTINUOUS
10
1.5814633070866142
20
0.0676877952755905
11
1.5816260236220472
21
0.0674448031496063
0
LINE
8
BLACK
6
CONTINUOUS
10
1.5816260236220472
20
0.0674448031496063
11
1.5818326771653544
21
0.0672381496062992
0
LINE
8
BLACK
6
CONTINUOUS
10
1.5818326771653544
20
0.0672381496062992
11
1.5819433464566928
21
0.0669709448818898
0
LINE
8
BLACK
6
CONTINUOUS
10
1.5819433464566928
20
0.0669709448818898
11
1.5821043700787401
21
0.0667305118110236
0
LINE
8
BLACK
6
CONTINUOUS
10
1.5821043700787401
20
0.0667305118110236
11
1.5821616929133857
21
0.0664438582677165
0
LINE
8
BLACK
6
CONTINUOUS
10
1.5821616929133857
20
0.0664438582677165
11
1.5822735826771652
21
0.0661737401574803
0
LINE
8
BLACK
6
CONTINUOUS
10
1.5822735826771652
20
0.0661737401574803
11
1.58232968503937
21
0.0656038188976378
0
LINE
8
BLACK
6
CONTINUOUS
10
1.58232968503937
20
0.0656038188976378
11
1.5823303149606298
21
0.0656007874015748
0
LINE
8
BLACK
6
CONTINUOUS
10
1.5823303149606298
20
0.0656007874015748
11
1.5823300787401575
21
0.0655997637795276
0
LINE
8
BLACK
6
CONTINUOUS
10
1.5823300787401575
20
0.0655997637795276
11
1.5823303149606298
21
0.0655976771653543
0
LINE
8
BLACK
6
CONTINUOUS
10
1.5823303149606298
20
0.0655976771653543
11
1.5823303149606298
21
0.0291803543307087
0
LINE
8
BLACK
6
CONTINUOUS
10
1.5823303149606298
20
0.0291803543307087
11
1.5906261417322833
21
0.0291803543307087
0
LINE
8
BLACK
6
CONTINUOUS
10
1.5906261417322833
20
0.0291803543307087
11
1.5912022047244094
21
0.0291236220472441
0
LINE
8
BLACK
6
CONTINUOUS
10
1.5912022047244094
20
0.0291236220472441
11
1.5922666141732282
21
0.0286827165354331
0
LINE
8
BLACK
6
CONTINUOUS
10
1.5922666141732282
20
0.0286827165354331
11
1.5930812598425197
21
0.0278680708661417
0
LINE
8
BLACK
6
CONTINUOUS
10
1.5930812598425197
20
0.0278680708661417
11
1.5935221653543308
21
0.0268036614173228
0
LINE
8
BLACK
6
CONTINUOUS
10
1.5935221653543308
20
0.0268036614173228
11
1.5935221653543308
21
0.0256515354330709
0
LINE
8
BLACK
6
CONTINUOUS
10
1.5935221653543308
20
0.0256515354330709
11
1.5930812598425197
21
0.024587125984252
0
LINE
8
BLACK
6
CONTINUOUS
10
1.5930812598425197
20
0.024587125984252
11
1.5922666141732282
21
0.0237724803149606
0
LINE
8
BLACK
6
CONTINUOUS
10
1.5922666141732282
20
0.0237724803149606
11
1.5912022047244094
21
0.0233315748031496
0
LINE
8
BLACK
6
CONTINUOUS
10
1.5912022047244094
20
0.0233315748031496
11
1.5906261417322833
21
0.023274842519685
0
LINE
8
BLACK
6
CONTINUOUS
10
1.5906261417322833
20
0.023274842519685
11
1.5681289763779527
21
0.023274842519685
0
LINE
8
BLACK
6
CONTINUOUS
10
1.5681289763779527
20
0.023274842519685
11
1.5675529133858268
21
0.0233315748031496
0
LINE
8
BLACK
6
CONTINUOUS
10
1.5675529133858268
20
0.0233315748031496
11
1.5664885039370078
21
0.0237724803149606
0
LINE
8
BLACK
6
CONTINUOUS
10
1.5664885039370078
20
0.0237724803149606
11
1.5656738582677165
21
0.024587125984252
0
LINE
8
BLACK
6
CONTINUOUS
10
1.5656738582677165
20
0.024587125984252
11
1.5652329527559055
21
0.0256515354330709
0
LINE
8
BLACK
6
CONTINUOUS
10
1.5652329527559055
20
0.0256515354330709
11
1.5652329527559055
21
0.0268036614173228
0
LINE
8
BLACK
6
CONTINUOUS
10
1.5652329527559055
20
0.0268036614173228
11
1.5656738582677165
21
0.0278680708661417
0
LINE
8
BLACK
6
CONTINUOUS
10
1.5656738582677165
20
0.0278680708661417
11
1.5664885039370078
21
0.0286827165354331
0
LINE
8
BLACK
6
CONTINUOUS
10
1.5664885039370078
20
0.0286827165354331
11
1.5675529133858268
21
0.0291236220472441
0
LINE
8
BLACK
6
CONTINUOUS
10
1.5675529133858268
20
0.0291236220472441
11
1.5681289763779527
21
0.0291803543307087
0
LINE
8
BLACK
6
CONTINUOUS
10
1.5681289763779527
20
0.0291803543307087
11
1.5764248031496062
21
0.0291803543307087
0
LINE
8
BLACK
6
CONTINUOUS
10
1.5764248031496062
20
0.0291803543307087
11
1.5764248031496062
21
0.0565943307086614
0
LINE
8
BLACK
6
CONTINUOUS
10
1.5764248031496062
20
0.0565943307086614
11
1.5739664173228347
21
0.0541359448818898
0
LINE
8
BLACK
6
CONTINUOUS
10
1.5739664173228347
20
0.0541359448818898
11
1.5737400393700787
21
0.0539501968503937
0
LINE
8
BLACK
6
CONTINUOUS
10
1.5737400393700787
20
0.0539501968503937
11
1.5736888976377952
21
0.0538911811023622
0
LINE
8
BLACK
6
CONTINUOUS
10
1.5736888976377952
20
0.0538911811023622
11
1.5735999212598424
21
0.0538352362204724
0
LINE
8
BLACK
6
CONTINUOUS
10
1.5735999212598424
20
0.0538352362204724
11
1.5735189763779527
21
0.0537687401574803
0
LINE
8
BLACK
6
CONTINUOUS
10
1.5735189763779527
20
0.0537687401574803
11
1.5734470078740157
21
0.053738937007874
0
LINE
8
BLACK
6
CONTINUOUS
10
1.5734470078740157
20
0.053738937007874
11
1.5731990157480316
21
0.0535828346456693
0
LINE
8
BLACK
6
CONTINUOUS
10
1.5731990157480316
20
0.0535828346456693
11
1.5694494881889764
21
0.0517080708661417
0
LINE
8
BLACK
6
CONTINUOUS
10
1.5694494881889764
20
0.0517080708661417
11
1.5689088582677164
21
0.0515011811023622
0
LINE
8
BLACK
6
CONTINUOUS
10
1.5689088582677164
20
0.0515011811023622
11
1.5677596456692913
21
0.0514195275590551
0
LINE
8
BLACK
6
CONTINUOUS
10
1.5677596456692913
20
0.0514195275590551
11
1.5666666929133859
21
0.0517838582677165
0
LINE
8
BLACK
6
CONTINUOUS
10
1.5666666929133859
20
0.0517838582677165
11
1.5657962992125984
21
0.0525387007874016
0
LINE
8
BLACK
6
CONTINUOUS
10
1.5657962992125984
20
0.0525387007874016
11
1.5652810629921259
21
0.0535692125984252
0
LINE
8
BLACK
6
CONTINUOUS
10
1.5652810629921259
20
0.0535692125984252
11
1.5651994094488189
21
0.0547184251968504
0
LINE
8
BLACK
6
CONTINUOUS
10
1.5651994094488189
20
0.0547184251968504
11
1.5655637401574802
21
0.0558113779527559
0
LINE
8
BLACK
6
CONTINUOUS
10
1.5655637401574802
20
0.0558113779527559
11
1.5663185826771653
21
0.0566817716535433
0
LINE
8
BLACK
6
CONTINUOUS
10
1.5663185826771653
20
0.0566817716535433
11
1.5668084645669291
21
0.0569901181102362
0
LINE
8
BLACK
6
CONTINUOUS
10
1.5668084645669291
20
0.0569901181102362
11
1.570129409448819
21
0.0586505905511811
0
LINE
8
BLACK
6
CONTINUOUS
10
1.570129409448819
20
0.0586505905511811
11
1.5733333070866142
21
0.0618544881889764
0
LINE
8
BLACK
6
CONTINUOUS
10
1.5733333070866142
20
0.0618544881889764
11
1.5769207086614172
21
0.0672355905511811
0
LINE
8
BLACK
6
CONTINUOUS
10
1.5769207086614172
20
0.0672355905511811
11
1.5769220472440943
21
0.0672372834645669
0
LINE
8
BLACK
6
CONTINUOUS
10
1.5769220472440943
20
0.0672372834645669
11
1.5769224409448819
21
0.0672381496062992
0
LINE
8
BLACK
6
CONTINUOUS
10
1.5769224409448819
20
0.0672381496062992
11
1.5769244488188976
21
0.0672401968503937
0
LINE
8
BLACK
6
CONTINUOUS
10
1.5769244488188976
20
0.0672401968503937
11
1.5772874803149606
21
0.0676834251968504
0
LINE
8
BLACK
6
CONTINUOUS
10
1.5772874803149606
20
0.0676834251968504
11
1.5775303543307087
21
0.0678461023622047
0
LINE
8
BLACK
6
CONTINUOUS
10
1.5775303543307087
20
0.0678461023622047
11
1.5777370866141731
21
0.0680527952755905
0
LINE
8
BLACK
6
CONTINUOUS
10
1.5777370866141731
20
0.0680527952755905
11
1.5780043700787401
21
0.0681635433070866
0
LINE
8
BLACK
6
CONTINUOUS
10
1.5780043700787401
20
0.0681635433070866
11
1.5782447637795276
21
0.0683244881889764
0
LINE
8
BLACK
6
CONTINUOUS
10
1.5782447637795276
20
0.0683244881889764
11
1.5785313779527559
21
0.0683818503937008
0
LINE
8
BLACK
6
CONTINUOUS
10
1.5785313779527559
20
0.0683818503937008
11
1.5788014960629921
21
0.0684937007874016
0
LINE
8
BLACK
6
CONTINUOUS
10
1.5788014960629921
20
0.0684937007874016
11
1.5790907874015747
21
0.0684937007874016
0
LINE
8
BLACK
6
CONTINUOUS
10
1.5790907874015747
20
0.0684937007874016
11
1.5793744488188977
21
0.0685504330708661
0
LINE
8
BLACK
6
CONTINUOUS
10
1.5793744488188977
20
0.0685504330708661
11
1.579661220472441
21
0.0684937007874016
0
LINE
8
BLACK
6
CONTINUOUS
10
1.6211984645669291
20
0.0684937007874016
11
1.6212964566929133
21
0.0684531102362205
0
LINE
8
BLACK
6
CONTINUOUS
10
1.6212964566929133
20
0.0684531102362205
11
1.6214022834645669
21
0.0684455905511811
0
LINE
8
BLACK
6
CONTINUOUS
10
1.6214022834645669
20
0.0684455905511811
11
1.6219429133858267
21
0.0682387007874016
0
LINE
8
BLACK
6
CONTINUOUS
10
1.6219429133858267
20
0.0682387007874016
11
1.6256924409448819
21
0.066363937007874
0
LINE
8
BLACK
6
CONTINUOUS
10
1.6256924409448819
20
0.066363937007874
11
1.625940433070866
21
0.066207874015748
0
LINE
8
BLACK
6
CONTINUOUS
10
1.625940433070866
20
0.066207874015748
11
1.6260124015748032
21
0.066178031496063
0
LINE
8
BLACK
6
CONTINUOUS
10
1.6260124015748032
20
0.066178031496063
11
1.6260933464566929
21
0.0661115748031496
0
LINE
8
BLACK
6
CONTINUOUS
10
1.6260933464566929
20
0.0661115748031496
11
1.6261823228346457
21
0.0660555905511811
0
LINE
8
BLACK
6
CONTINUOUS
10
1.6261823228346457
20
0.0660555905511811
11
1.6262334645669292
21
0.0659966141732283
0
LINE
8
BLACK
6
CONTINUOUS
10
1.6262334645669292
20
0.0659966141732283
11
1.626459842519685
21
0.0658108267716535
0
LINE
8
BLACK
6
CONTINUOUS
10
1.626459842519685
20
0.0658108267716535
11
1.6283346062992126
21
0.063936062992126
0
LINE
8
BLACK
6
CONTINUOUS
10
1.6283346062992126
20
0.063936062992126
11
1.6285203543307085
21
0.0637097244094488
0
LINE
8
BLACK
6
CONTINUOUS
10
1.6285203543307085
20
0.0637097244094488
11
1.6285793700787401
21
0.0636585433070866
0
LINE
8
BLACK
6
CONTINUOUS
10
1.6285793700787401
20
0.0636585433070866
11
1.6286353149606299
21
0.0635696062992126
0
LINE
8
BLACK
6
CONTINUOUS
10
1.6286353149606299
20
0.0635696062992126
11
1.628701811023622
21
0.0634886220472441
0
LINE
8
BLACK
6
CONTINUOUS
10
1.628701811023622
20
0.0634886220472441
11
1.6287316141732282
21
0.0634166929133858
0
LINE
8
BLACK
6
CONTINUOUS
10
1.6287316141732282
20
0.0634166929133858
11
1.628887716535433
21
0.0631686614173228
0
LINE
8
BLACK
6
CONTINUOUS
10
1.628887716535433
20
0.0631686614173228
11
1.6307624803149605
21
0.0594191338582677
0
LINE
8
BLACK
6
CONTINUOUS
10
1.6307624803149605
20
0.0594191338582677
11
1.6309693700787402
21
0.0588785433070866
0
LINE
8
BLACK
6
CONTINUOUS
10
1.6309693700787402
20
0.0588785433070866
11
1.6309768897637795
21
0.0587726771653543
0
LINE
8
BLACK
6
CONTINUOUS
10
1.6309768897637795
20
0.0587726771653543
11
1.6310174803149606
21
0.0586746850393701
0
LINE
8
BLACK
6
CONTINUOUS
10
1.6310174803149606
20
0.0586746850393701
11
1.6310742125984252
21
0.0580986220472441
0
LINE
8
BLACK
6
CONTINUOUS
10
1.6310742125984252
20
0.0580986220472441
11
1.6310742125984252
21
0.054349094488189
0
LINE
8
BLACK
6
CONTINUOUS
10
1.6310742125984252
20
0.054349094488189
11
1.6310454724409449
21
0.0540575196850394
0
LINE
8
BLACK
6
CONTINUOUS
10
1.6310454724409449
20
0.0540575196850394
11
1.6310510236220472
21
0.0539797637795276
0
LINE
8
BLACK
6
CONTINUOUS
10
1.6310510236220472
20
0.0539797637795276
11
1.6310277559055117
21
0.0538775196850394
0
LINE
8
BLACK
6
CONTINUOUS
10
1.6310277559055117
20
0.0538775196850394
11
1.6310174803149606
21
0.053773031496063
0
LINE
8
BLACK
6
CONTINUOUS
10
1.6310174803149606
20
0.053773031496063
11
1.6309875984251969
21
0.0537009842519685
0
LINE
8
BLACK
6
CONTINUOUS
10
1.6309875984251969
20
0.0537009842519685
11
1.6309226771653542
21
0.0534153149606299
0
LINE
8
BLACK
6
CONTINUOUS
10
1.6309226771653542
20
0.0534153149606299
11
1.6290479133858267
21
0.047791062992126
0
LINE
8
BLACK
6
CONTINUOUS
10
1.6290479133858267
20
0.047791062992126
11
1.6288119291338583
21
0.0472624803149606
0
LINE
8
BLACK
6
CONTINUOUS
10
1.6288119291338583
20
0.0472624803149606
11
1.6287424409448819
21
0.0471824015748031
0
LINE
8
BLACK
6
CONTINUOUS
10
1.6287424409448819
20
0.0471824015748031
11
1.6287018503937007
21
0.0470843307086614
0
LINE
8
BLACK
6
CONTINUOUS
10
1.6287018503937007
20
0.0470843307086614
11
1.6283346062992126
21
0.0466368897637795
0
LINE
8
BLACK
6
CONTINUOUS
10
1.6283346062992126
20
0.0466368897637795
11
1.6108781102362204
21
0.0291803543307087
0
LINE
8
BLACK
6
CONTINUOUS
10
1.6108781102362204
20
0.0291803543307087
11
1.6281214566929134
21
0.0291803543307087
0
LINE
8
BLACK
6
CONTINUOUS
10
1.6281214566929134
20
0.0291803543307087
11
1.6286975196850393
21
0.0291236220472441
0
LINE
8
BLACK
6
CONTINUOUS
10
1.6286975196850393
20
0.0291236220472441
11
1.6297619291338583
21
0.0286827165354331
0
LINE
8
BLACK
6
CONTINUOUS
10
1.6297619291338583
20
0.0286827165354331
11
1.6305765748031495
21
0.0278680708661417
0
LINE
8
BLACK
6
CONTINUOUS
10
1.6305765748031495
20
0.0278680708661417
11
1.6310174803149606
21
0.0268036614173228
0
LINE
8
BLACK
6
CONTINUOUS
10
1.6310174803149606
20
0.0268036614173228
11
1.6310174803149606
21
0.0256515354330709
0
LINE
8
BLACK
6
CONTINUOUS
10
1.6310174803149606
20
0.0256515354330709
11
1.6305765748031495
21
0.024587125984252
0
LINE
8
BLACK
6
CONTINUOUS
10
1.6305765748031495
20
0.024587125984252
11
1.6297619291338583
21
0.0237724803149606
0
LINE
8
BLACK
6
CONTINUOUS
10
1.6297619291338583
20
0.0237724803149606
11
1.6286975196850393
21
0.0233315748031496
0
LINE
8
BLACK
6
CONTINUOUS
10
1.6286975196850393
20
0.0233315748031496
11
1.6281214566929134
21
0.023274842519685
0
LINE
8
BLACK
6
CONTINUOUS
10
1.6281214566929134
20
0.023274842519685
11
1.603749527559055
21
0.023274842519685
0
LINE
8
BLACK
6
CONTINUOUS
10
1.603749527559055
20
0.023274842519685
11
1.6031734645669291
21
0.0233315748031496
0
LINE
8
BLACK
6
CONTINUOUS
10
1.6031734645669291
20
0.0233315748031496
11
1.6021090551181103
21
0.0237724803149606
0
LINE
8
BLACK
6
CONTINUOUS
10
1.6021090551181103
20
0.0237724803149606
11
1.6012944094488188
21
0.024587125984252
0
LINE
8
BLACK
6
CONTINUOUS
10
1.6012944094488188
20
0.024587125984252
11
1.6008535039370078
21
0.0256515354330709
0
LINE
8
BLACK
6
CONTINUOUS
10
1.6008535039370078
20
0.0256515354330709
11
1.6008535039370078
21
0.0268036614173228
0
LINE
8
BLACK
6
CONTINUOUS
10
1.6008535039370078
20
0.0268036614173228
11
1.6012944094488188
21
0.0278680708661417
0
LINE
8
BLACK
6
CONTINUOUS
10
1.6012944094488188
20
0.0278680708661417
11
1.6016616141732283
21
0.0283155118110236
0
LINE
8
BLACK
6
CONTINUOUS
10
1.6016616141732283
20
0.0283155118110236
11
1.6236658661417323
21
0.050319842519685
0
LINE
8
BLACK
6
CONTINUOUS
10
1.6236658661417323
20
0.050319842519685
11
1.6251687007874016
21
0.0548282283464567
0
LINE
8
BLACK
6
CONTINUOUS
10
1.6251687007874016
20
0.0548282283464567
11
1.6251687007874016
21
0.0574015748031496
0
LINE
8
BLACK
6
CONTINUOUS
10
1.6251687007874016
20
0.0574015748031496
11
1.6238199606299213
21
0.0600990551181102
0
LINE
8
BLACK
6
CONTINUOUS
10
1.6238199606299213
20
0.0600990551181102
11
1.6226228346456693
21
0.0612961811023622
0
LINE
8
BLACK
6
CONTINUOUS
10
1.6226228346456693
20
0.0612961811023622
11
1.6199253543307086
21
0.0626449212598425
0
LINE
8
BLACK
6
CONTINUOUS
10
1.6199253543307086
20
0.0626449212598425
11
1.6119456299212598
21
0.0626449212598425
0
LINE
8
BLACK
6
CONTINUOUS
10
1.6119456299212598
20
0.0626449212598425
11
1.6092481496062991
21
0.0612961811023622
0
LINE
8
BLACK
6
CONTINUOUS
10
1.6092481496062991
20
0.0612961811023622
11
1.6077122047244095
21
0.0597602362204724
0
LINE
8
BLACK
6
CONTINUOUS
10
1.6077122047244095
20
0.0597602362204724
11
1.6072647637795274
21
0.059393031496063
0
LINE
8
BLACK
6
CONTINUOUS
10
1.6072647637795274
20
0.059393031496063
11
1.6062003149606299
21
0.058952125984252
0
LINE
8
BLACK
6
CONTINUOUS
10
1.6062003149606299
20
0.058952125984252
11
1.6050482677165354
21
0.058952125984252
0
LINE
8
BLACK
6
CONTINUOUS
10
1.6050482677165354
20
0.058952125984252
11
1.6039838188976379
21
0.059393031496063
0
LINE
8
BLACK
6
CONTINUOUS
10
1.6039838188976379
20
0.059393031496063
11
1.6031691732283464
21
0.0602076771653543
0
LINE
8
BLACK
6
CONTINUOUS
10
1.6031691732283464
20
0.0602076771653543
11
1.6027282677165353
21
0.061272125984252
0
LINE
8
BLACK
6
CONTINUOUS
10
1.6027282677165353
20
0.061272125984252
11
1.6027282677165353
21
0.0624241732283465
0
LINE
8
BLACK
6
CONTINUOUS
10
1.6027282677165353
20
0.0624241732283465
11
1.6031691732283464
21
0.0634886220472441
0
LINE
8
BLACK
6
CONTINUOUS
10
1.6031691732283464
20
0.0634886220472441
11
1.6035363779527558
21
0.063936062992126
0
LINE
8
BLACK
6
CONTINUOUS
10
1.6035363779527558
20
0.063936062992126
11
1.6054111417322834
21
0.0658108267716535
0
LINE
8
BLACK
6
CONTINUOUS
10
1.6054111417322834
20
0.0658108267716535
11
1.6056374803149607
21
0.0659966141732283
0
LINE
8
BLACK
6
CONTINUOUS
10
1.6056374803149607
20
0.0659966141732283
11
1.6056886614173227
21
0.0660555905511811
0
LINE
8
BLACK
6
CONTINUOUS
10
1.6056886614173227
20
0.0660555905511811
11
1.6057775984251967
21
0.0661115748031496
0
LINE
8
BLACK
6
CONTINUOUS
10
1.6057775984251967
20
0.0661115748031496
11
1.6058585826771654
21
0.066178031496063
0
LINE
8
BLACK
6
CONTINUOUS
10
1.6058585826771654
20
0.066178031496063
11
1.6059305118110236
21
0.066207874015748
0
LINE
8
BLACK
6
CONTINUOUS
10
1.6059305118110236
20
0.066207874015748
11
1.6061785433070865
21
0.066363937007874
0
LINE
8
BLACK
6
CONTINUOUS
10
1.6061785433070865
20
0.066363937007874
11
1.6099280708661416
21
0.0682387007874016
0
LINE
8
BLACK
6
CONTINUOUS
10
1.6099280708661416
20
0.0682387007874016
11
1.6104686614173227
21
0.0684455905511811
0
LINE
8
BLACK
6
CONTINUOUS
10
1.6104686614173227
20
0.0684455905511811
11
1.6105745275590551
21
0.0684531496062992
0
LINE
8
BLACK
6
CONTINUOUS
10
1.6105745275590551
20
0.0684531496062992
11
1.6106725196850393
21
0.0684937007874016
0
LINE
8
BLACK
6
CONTINUOUS
10
1.6106725196850393
20
0.0684937007874016
11
1.6112485826771654
21
0.0685504330708661
0
LINE
8
BLACK
6
CONTINUOUS
10
1.6112485826771654
20
0.0685504330708661
11
1.6206224015748032
21
0.0685504330708661
0
LINE
8
BLACK
6
CONTINUOUS
10
1.6206224015748032
20
0.0685504330708661
11
1.6211984645669291
21
0.0684937007874016
0
LINE
8
BLACK
6
CONTINUOUS
10
1.4618433858267716
20
0.0684937007874016
11
1.46186031496063
21
0.0684866929133858
0
LINE
8
BLACK
6
CONTINUOUS
10
1.46186031496063
20
0.0684866929133858
11
1.4618786220472442
21
0.0684864566929134
0
LINE
8
BLACK
6
CONTINUOUS
10
1.4618786220472442
20
0.0684864566929134
11
1.4623906692913387
21
0.0682670078740158
0
LINE
8
BLACK
6
CONTINUOUS
10
1.4623906692913387
20
0.0682670078740158
11
1.4629077952755905
21
0.0680527952755905
0
LINE
8
BLACK
6
CONTINUOUS
10
1.4629077952755905
20
0.0680527952755905
11
1.4629207480314961
21
0.068039842519685
0
LINE
8
BLACK
6
CONTINUOUS
10
1.4629207480314961
20
0.068039842519685
11
1.4629375984251969
21
0.0680325984251968
0
LINE
8
BLACK
6
CONTINUOUS
10
1.4629375984251969
20
0.0680325984251968
11
1.4633271653543307
21
0.0676334251968504
0
LINE
8
BLACK
6
CONTINUOUS
10
1.4633271653543307
20
0.0676334251968504
11
1.4637224409448819
21
0.0672381496062992
0
LINE
8
BLACK
6
CONTINUOUS
10
1.4637224409448819
20
0.0672381496062992
11
1.4637294488188977
21
0.0672212204724409
0
LINE
8
BLACK
6
CONTINUOUS
10
1.4637294488188977
20
0.0672212204724409
11
1.4637422834645668
21
0.0672080708661417
0
LINE
8
BLACK
6
CONTINUOUS
10
1.4637422834645668
20
0.0672080708661417
11
1.4639498818897638
21
0.066689094488189
0
LINE
8
BLACK
6
CONTINUOUS
10
1.4639498818897638
20
0.066689094488189
11
1.4641633464566928
21
0.0661737401574803
0
LINE
8
BLACK
6
CONTINUOUS
10
1.4641633464566928
20
0.0661737401574803
11
1.4641633464566928
21
0.0661554330708661
0
LINE
8
BLACK
6
CONTINUOUS
10
1.4641633464566928
20
0.0661554330708661
11
1.464170157480315
21
0.0661383858267716
0
LINE
8
BLACK
6
CONTINUOUS
10
1.464170157480315
20
0.0661383858267716
11
1.4641633464566928
21
0.0655801181102362
0
LINE
8
BLACK
6
CONTINUOUS
10
1.4641633464566928
20
0.0655801181102362
11
1.4641633464566928
21
0.0650216141732283
0
LINE
8
BLACK
6
CONTINUOUS
10
1.4641633464566928
20
0.0650216141732283
11
1.4641562992125985
21
0.0650046850393701
0
LINE
8
BLACK
6
CONTINUOUS
10
1.4641562992125985
20
0.0650046850393701
11
1.4641561023622047
21
0.0649863385826772
0
LINE
8
BLACK
6
CONTINUOUS
10
1.4641561023622047
20
0.0649863385826772
11
1.4639813385826772
21
0.0644345275590551
0
LINE
8
BLACK
6
CONTINUOUS
10
1.4639813385826772
20
0.0644345275590551
11
1.4471084645669292
21
0.0250644488188976
0
LINE
8
BLACK
6
CONTINUOUS
10
1.4471084645669292
20
0.0250644488188976
11
1.4468294094488188
21
0.0245573228346457
0
LINE
8
BLACK
6
CONTINUOUS
10
1.4468294094488188
20
0.0245573228346457
11
1.446004842519685
21
0.0237526377952756
0
LINE
8
BLACK
6
CONTINUOUS
10
1.446004842519685
20
0.0237526377952756
11
1.4449351574803149
21
0.0233247637795276
0
LINE
8
BLACK
6
CONTINUOUS
10
1.4449351574803149
20
0.0233247637795276
11
1.4437831496062992
21
0.0233388188976378
0
LINE
8
BLACK
6
CONTINUOUS
10
1.4437831496062992
20
0.0233388188976378
11
1.4427241732283465
21
0.0237926377952756
0
LINE
8
BLACK
6
CONTINUOUS
10
1.4427241732283465
20
0.0237926377952756
11
1.4419194881889763
21
0.0246172047244094
0
LINE
8
BLACK
6
CONTINUOUS
10
1.4419194881889763
20
0.0246172047244094
11
1.4414916141732284
21
0.0256868897637795
0
LINE
8
BLACK
6
CONTINUOUS
10
1.4414916141732284
20
0.0256868897637795
11
1.4415056692913386
21
0.0268388976377953
0
LINE
8
BLACK
6
CONTINUOUS
10
1.4415056692913386
20
0.0268388976377953
11
1.4416804330708661
21
0.0273907480314961
0
LINE
8
BLACK
6
CONTINUOUS
10
1.4416804330708661
20
0.0273907480314961
11
1.4567893307086615
21
0.0626449212598425
0
LINE
8
BLACK
6
CONTINUOUS
10
1.4567893307086615
20
0.0626449212598425
11
1.4350206299212598
21
0.0626449212598425
0
LINE
8
BLACK
6
CONTINUOUS
10
1.4350206299212598
20
0.0626449212598425
11
1.4344445669291339
21
0.0627016535433071
0
LINE
8
BLACK
6
CONTINUOUS
10
1.4344445669291339
20
0.0627016535433071
11
1.4333801574803149
21
0.0631425590551181
0
LINE
8
BLACK
6
CONTINUOUS
10
1.4333801574803149
20
0.0631425590551181
11
1.4325655118110237
21
0.0639572047244095
0
LINE
8
BLACK
6
CONTINUOUS
10
1.4325655118110237
20
0.0639572047244095
11
1.4321246062992126
21
0.0650216141732283
0
LINE
8
BLACK
6
CONTINUOUS
10
1.4321246062992126
20
0.0650216141732283
11
1.4321246062992126
21
0.0661737401574803
0
LINE
8
BLACK
6
CONTINUOUS
10
1.4321246062992126
20
0.0661737401574803
11
1.4325655118110237
21
0.0672381496062992
0
LINE
8
BLACK
6
CONTINUOUS
10
1.4325655118110237
20
0.0672381496062992
11
1.4333801574803149
21
0.0680527952755905
0
LINE
8
BLACK
6
CONTINUOUS
10
1.4333801574803149
20
0.0680527952755905
11
1.4344445669291339
21
0.0684937007874016
0
LINE
8
BLACK
6
CONTINUOUS
10
1.4344445669291339
20
0.0684937007874016
11
1.4350206299212598
21
0.0685504330708661
0
LINE
8
BLACK
6
CONTINUOUS
10
1.4350206299212598
20
0.0685504330708661
11
1.4612673228346456
21
0.0685504330708661
0
LINE
8
BLACK
6
CONTINUOUS
10
1.4612673228346456
20
0.0685504330708661
11
1.4618433858267716
21
0.0684937007874016
0
LINE
8
BLACK
6
CONTINUOUS
10
1.5146809055118109
20
0.0327306692913386
11
1.515401220472441
21
0.0324323228346457
0
LINE
8
BLACK
6
CONTINUOUS
10
1.515401220472441
20
0.0324323228346457
11
1.5154012598425197
21
0.0324322834645669
0
LINE
8
BLACK
6
CONTINUOUS
10
1.5154012598425197
20
0.0324322834645669
11
1.5158487401574803
21
0.0320650393700787
0
LINE
8
BLACK
6
CONTINUOUS
10
1.5158487401574803
20
0.0320650393700787
11
1.5177234645669291
21
0.0301902755905512
0
LINE
8
BLACK
6
CONTINUOUS
10
1.5177234645669291
20
0.0301902755905512
11
1.5180907086614173
21
0.0297427952755905
0
LINE
8
BLACK
6
CONTINUOUS
10
1.5180907086614173
20
0.0297427952755905
11
1.5185297637795274
21
0.0286827165354331
0
LINE
8
BLACK
6
CONTINUOUS
10
1.5185297637795274
20
0.0286827165354331
11
1.5185315748031496
21
0.0286783858267717
0
LINE
8
BLACK
6
CONTINUOUS
10
1.5185315748031496
20
0.0286783858267717
11
1.5185315748031496
21
0.0275262992125984
0
LINE
8
BLACK
6
CONTINUOUS
10
1.5185315748031496
20
0.0275262992125984
11
1.5180906692913385
21
0.0264618897637795
0
LINE
8
BLACK
6
CONTINUOUS
10
1.5180906692913385
20
0.0264618897637795
11
1.5177234645669291
21
0.0260144488188976
0
LINE
8
BLACK
6
CONTINUOUS
10
1.5177234645669291
20
0.0260144488188976
11
1.5158487007874015
21
0.0241396850393701
0
LINE
8
BLACK
6
CONTINUOUS
10
1.5158487007874015
20
0.0241396850393701
11
1.5154012598425197
21
0.0237724803149606
0
LINE
8
BLACK
6
CONTINUOUS
10
1.5154012598425197
20
0.0237724803149606
11
1.5143368503937007
21
0.0233315748031496
0
LINE
8
BLACK
6
CONTINUOUS
10
1.5143368503937007
20
0.0233315748031496
11
1.5143368110236219
21
0.0233315748031496
0
LINE
8
BLACK
6
CONTINUOUS
10
1.5143368110236219
20
0.0233315748031496
11
1.5131847637795275
21
0.0233315748031496
0
LINE
8
BLACK
6
CONTINUOUS
10
1.5131847637795275
20
0.0233315748031496
11
1.5131847244094487
21
0.0233315748031496
0
LINE
8
BLACK
6
CONTINUOUS
10
1.5131847244094487
20
0.0233315748031496
11
1.5121203149606299
21
0.0237724803149606
0
LINE
8
BLACK
6
CONTINUOUS
10
1.5121203149606299
20
0.0237724803149606
11
1.5116728740157479
21
0.0241396850393701
0
LINE
8
BLACK
6
CONTINUOUS
10
1.5116728740157479
20
0.0241396850393701
11
1.5097981102362203
21
0.0260144488188976
0
LINE
8
BLACK
6
CONTINUOUS
10
1.5097981102362203
20
0.0260144488188976
11
1.5094309055118109
21
0.0264618897637795
0
LINE
8
BLACK
6
CONTINUOUS
10
1.5094309055118109
20
0.0264618897637795
11
1.5092893307086614
21
0.0268036614173228
0
LINE
8
BLACK
6
CONTINUOUS
10
1.5092893307086614
20
0.0268036614173228
11
1.5089900000000001
21
0.0275262992125984
0
LINE
8
BLACK
6
CONTINUOUS
10
1.5089900000000001
20
0.0275262992125984
11
1.5089900000000001
21
0.0286783858267717
0
LINE
8
BLACK
6
CONTINUOUS
10
1.5089900000000001
20
0.0286783858267717
11
1.5094308661417322
21
0.0297427952755905
0
LINE
8
BLACK
6
CONTINUOUS
10
1.5094308661417322
20
0.0297427952755905
11
1.5097980708661416
21
0.0301902362204724
0
LINE
8
BLACK
6
CONTINUOUS
10
1.5097980708661416
20
0.0301902362204724
11
1.5116728346456692
21
0.0320650393700787
0
LINE
8
BLACK
6
CONTINUOUS
10
1.5116728346456692
20
0.0320650393700787
11
1.5121203149606299
21
0.0324322834645669
0
LINE
8
BLACK
6
CONTINUOUS
10
1.5121203149606299
20
0.0324322834645669
11
1.5121203543307087
21
0.0324323228346457
0
LINE
8
BLACK
6
CONTINUOUS
10
1.5121203543307087
20
0.0324323228346457
11
1.5128406692913385
21
0.0327306692913386
0
LINE
8
BLACK
6
CONTINUOUS
10
1.5128406692913385
20
0.0327306692913386
11
1.5131847244094487
21
0.032873188976378
0
LINE
8
BLACK
6
CONTINUOUS
10
1.5131847244094487
20
0.032873188976378
11
1.5143368110236219
21
0.032873188976378
0
LINE
8
BLACK
6
CONTINUOUS
10
1.5143368110236219
20
0.032873188976378
11
1.5143368503937007
21
0.032873188976378
0
LINE
8
BLACK
6
CONTINUOUS
10
1.5143368503937007
20
0.032873188976378
11
1.5146809055118109
21
0.0327306692913386
0
LINE
8
BLACK
6
CONTINUOUS
10
1.6868152755905512
20
0.0553703543307087
11
1.6869132677165355
21
0.0553297637795276
0
LINE
8
BLACK
6
CONTINUOUS
10
1.6869132677165355
20
0.0553297637795276
11
1.6870190944881889
21
0.0553222440944882
0
LINE
8
BLACK
6
CONTINUOUS
10
1.6870190944881889
20
0.0553222440944882
11
1.6875597244094487
21
0.0551153543307087
0
LINE
8
BLACK
6
CONTINUOUS
10
1.6875597244094487
20
0.0551153543307087
11
1.6913092519685038
21
0.0532405905511811
0
LINE
8
BLACK
6
CONTINUOUS
10
1.6913092519685038
20
0.0532405905511811
11
1.6914055905511811
21
0.0531799606299213
0
LINE
8
BLACK
6
CONTINUOUS
10
1.6914055905511811
20
0.0531799606299213
11
1.6914510236220472
21
0.0531648031496063
0
LINE
8
BLACK
6
CONTINUOUS
10
1.6914510236220472
20
0.0531648031496063
11
1.6915075590551181
21
0.0531157874015748
0
LINE
8
BLACK
6
CONTINUOUS
10
1.6915075590551181
20
0.0531157874015748
11
1.6917991338582676
21
0.0529322440944882
0
LINE
8
BLACK
6
CONTINUOUS
10
1.6917991338582676
20
0.0529322440944882
11
1.6918635039370078
21
0.052858031496063
0
LINE
8
BLACK
6
CONTINUOUS
10
1.6918635039370078
20
0.052858031496063
11
1.691927874015748
21
0.0529322440944882
0
LINE
8
BLACK
6
CONTINUOUS
10
1.691927874015748
20
0.0529322440944882
11
1.6922194094488188
21
0.0531157874015748
0
LINE
8
BLACK
6
CONTINUOUS
10
1.6922194094488188
20
0.0531157874015748
11
1.6922759842519686
21
0.0531648031496063
0
LINE
8
BLACK
6
CONTINUOUS
10
1.6922759842519686
20
0.0531648031496063
11
1.6923213779527559
21
0.0531799606299213
0
LINE
8
BLACK
6
CONTINUOUS
10
1.6923213779527559
20
0.0531799606299213
11
1.6924177559055118
21
0.0532405905511811
0
LINE
8
BLACK
6
CONTINUOUS
10
1.6924177559055118
20
0.0532405905511811
11
1.6961672834645669
21
0.0551153543307087
0
LINE
8
BLACK
6
CONTINUOUS
10
1.6961672834645669
20
0.0551153543307087
11
1.696707874015748
21
0.0553222440944882
0
LINE
8
BLACK
6
CONTINUOUS
10
1.696707874015748
20
0.0553222440944882
11
1.6968137401574803
21
0.0553298031496063
0
LINE
8
BLACK
6
CONTINUOUS
10
1.6968137401574803
20
0.0553298031496063
11
1.6969117322834646
21
0.0553703543307087
0
LINE
8
BLACK
6
CONTINUOUS
10
1.6969117322834646
20
0.0553703543307087
11
1.6974877952755905
21
0.0554270866141732
0
LINE
8
BLACK
6
CONTINUOUS
10
1.6974877952755905
20
0.0554270866141732
11
1.7031120866141731
21
0.0554270866141732
0
LINE
8
BLACK
6
CONTINUOUS
10
1.7031120866141731
20
0.0554270866141732
11
1.7036881496062992
21
0.0553703543307087
0
LINE
8
BLACK
6
CONTINUOUS
10
1.7036881496062992
20
0.0553703543307087
11
1.7037861417322835
21
0.0553297637795276
0
LINE
8
BLACK
6
CONTINUOUS
10
1.7037861417322835
20
0.0553297637795276
11
1.7038919685039369
21
0.0553222440944882
0
LINE
8
BLACK
6
CONTINUOUS
10
1.7038919685039369
20
0.0553222440944882
11
1.7044325984251969
21
0.0551153543307087
0
LINE
8
BLACK
6
CONTINUOUS
10
1.7044325984251969
20
0.0551153543307087
11
1.7081821653543308
21
0.0532405905511811
0
LINE
8
BLACK
6
CONTINUOUS
10
1.7081821653543308
20
0.0532405905511811
11
1.7082784645669291
21
0.0531799606299213
0
LINE
8
BLACK
6
CONTINUOUS
10
1.7082784645669291
20
0.0531799606299213
11
1.708323937007874
21
0.0531648031496063
0
LINE
8
BLACK
6
CONTINUOUS
10
1.708323937007874
20
0.0531648031496063
11
1.7083805118110236
21
0.0531157480314961
0
LINE
8
BLACK
6
CONTINUOUS
10
1.7083805118110236
20
0.0531157480314961
11
1.7086720078740156
21
0.0529322440944882
0
LINE
8
BLACK
6
CONTINUOUS
10
1.7086720078740156
20
0.0529322440944882
11
1.7089144881889764
21
0.0526526377952756
0
LINE
8
BLACK
6
CONTINUOUS
10
1.7089144881889764
20
0.0526526377952756
11
1.7091943307086614
21
0.0524099606299213
0
LINE
8
BLACK
6
CONTINUOUS
10
1.7091943307086614
20
0.0524099606299213
11
1.7093778346456692
21
0.0521184251968504
0
LINE
8
BLACK
6
CONTINUOUS
10
1.7093778346456692
20
0.0521184251968504
11
1.7094268897637794
21
0.0520618503937008
0
LINE
8
BLACK
6
CONTINUOUS
10
1.7094268897637794
20
0.0520618503937008
11
1.7094420078740158
21
0.0520164566929134
0
LINE
8
BLACK
6
CONTINUOUS
10
1.7094420078740158
20
0.0520164566929134
11
1.7095026771653543
21
0.0519200787401575
0
LINE
8
BLACK
6
CONTINUOUS
10
1.7095026771653543
20
0.0519200787401575
11
1.7113774409448819
21
0.0481705511811024
0
LINE
8
BLACK
6
CONTINUOUS
10
1.7113774409448819
20
0.0481705511811024
11
1.7115843307086613
21
0.0476299606299213
0
LINE
8
BLACK
6
CONTINUOUS
10
1.7115843307086613
20
0.0476299606299213
11
1.7115918503937007
21
0.047524094488189
0
LINE
8
BLACK
6
CONTINUOUS
10
1.7115918503937007
20
0.047524094488189
11
1.7116324409448818
21
0.0474261023622047
0
LINE
8
BLACK
6
CONTINUOUS
10
1.7116324409448818
20
0.0474261023622047
11
1.7116891732283464
21
0.0468500393700787
0
LINE
8
BLACK
6
CONTINUOUS
10
1.7116891732283464
20
0.0468500393700787
11
1.7116891732283464
21
0.0262275984251969
0
LINE
8
BLACK
6
CONTINUOUS
10
1.7116891732283464
20
0.0262275984251969
11
1.7116324409448818
21
0.0256515354330709
0
LINE
8
BLACK
6
CONTINUOUS
10
1.7116324409448818
20
0.0256515354330709
11
1.7111915354330709
21
0.024587125984252
0
LINE
8
BLACK
6
CONTINUOUS
10
1.7111915354330709
20
0.024587125984252
11
1.7103768897637794
21
0.0237724803149606
0
LINE
8
BLACK
6
CONTINUOUS
10
1.7103768897637794
20
0.0237724803149606
11
1.7093124803149606
21
0.0233315748031496
0
LINE
8
BLACK
6
CONTINUOUS
10
1.7093124803149606
20
0.0233315748031496
11
1.7081603543307087
21
0.0233315748031496
0
LINE
8
BLACK
6
CONTINUOUS
10
1.7081603543307087
20
0.0233315748031496
11
1.7070959448818896
21
0.0237724803149606
0
LINE
8
BLACK
6
CONTINUOUS
10
1.7070959448818896
20
0.0237724803149606
11
1.7062812992125984
21
0.024587125984252
0
LINE
8
BLACK
6
CONTINUOUS
10
1.7062812992125984
20
0.024587125984252
11
1.7058403937007873
21
0.0256515354330709
0
LINE
8
BLACK
6
CONTINUOUS
10
1.7058403937007873
20
0.0256515354330709
11
1.7057836614173227
21
0.0262275984251969
0
LINE
8
BLACK
6
CONTINUOUS
10
1.7057836614173227
20
0.0262275984251969
11
1.7057836614173227
21
0.0461529921259842
0
LINE
8
BLACK
6
CONTINUOUS
10
1.7057836614173227
20
0.0461529921259842
11
1.7046607874015747
21
0.0483987401574803
0
LINE
8
BLACK
6
CONTINUOUS
10
1.7046607874015747
20
0.0483987401574803
11
1.7024150393700788
21
0.0495215748031496
0
LINE
8
BLACK
6
CONTINUOUS
10
1.7024150393700788
20
0.0495215748031496
11
1.698184842519685
21
0.0495215748031496
0
LINE
8
BLACK
6
CONTINUOUS
10
1.698184842519685
20
0.0495215748031496
11
1.6959390944881889
21
0.0483987401574803
0
LINE
8
BLACK
6
CONTINUOUS
10
1.6959390944881889
20
0.0483987401574803
11
1.6948162598425196
21
0.0461529921259842
0
LINE
8
BLACK
6
CONTINUOUS
10
1.6948162598425196
20
0.0461529921259842
11
1.6948162598425196
21
0.0262275984251969
0
LINE
8
BLACK
6
CONTINUOUS
10
1.6948162598425196
20
0.0262275984251969
11
1.694759527559055
21
0.0256515354330709
0
LINE
8
BLACK
6
CONTINUOUS
10
1.694759527559055
20
0.0256515354330709
11
1.6943186220472441
21
0.024587125984252
0
LINE
8
BLACK
6
CONTINUOUS
10
1.6943186220472441
20
0.024587125984252
11
1.6935039763779527
21
0.0237724803149606
0
LINE
8
BLACK
6
CONTINUOUS
10
1.6935039763779527
20
0.0237724803149606
11
1.6924395669291339
21
0.0233315748031496
0
LINE
8
BLACK
6
CONTINUOUS
10
1.6924395669291339
20
0.0233315748031496
11
1.6912874409448819
21
0.0233315748031496
0
LINE
8
BLACK
6
CONTINUOUS
10
1.6912874409448819
20
0.0233315748031496
11
1.6902230314960629
21
0.0237724803149606
0
LINE
8
BLACK
6
CONTINUOUS
10
1.6902230314960629
20
0.0237724803149606
11
1.6894083858267717
21
0.024587125984252
0
LINE
8
BLACK
6
CONTINUOUS
10
1.6894083858267717
20
0.024587125984252
11
1.6889674803149606
21
0.0256515354330709
0
LINE
8
BLACK
6
CONTINUOUS
10
1.6889674803149606
20
0.0256515354330709
11
1.688910748031496
21
0.0262275984251969
0
LINE
8
BLACK
6
CONTINUOUS
10
1.688910748031496
20
0.0262275984251969
11
1.688910748031496
21
0.0461529921259842
0
LINE
8
BLACK
6
CONTINUOUS
10
1.688910748031496
20
0.0461529921259842
11
1.6877878740157479
21
0.0483987401574803
0
LINE
8
BLACK
6
CONTINUOUS
10
1.6877878740157479
20
0.0483987401574803
11
1.6855421653543308
21
0.0495215748031496
0
LINE
8
BLACK
6
CONTINUOUS
10
1.6855421653543308
20
0.0495215748031496
11
1.681311968503937
21
0.0495215748031496
0
LINE
8
BLACK
6
CONTINUOUS
10
1.681311968503937
20
0.0495215748031496
11
1.6786144881889764
21
0.0481728346456693
0
LINE
8
BLACK
6
CONTINUOUS
10
1.6786144881889764
20
0.0481728346456693
11
1.6779433858267716
21
0.0475017322834646
0
LINE
8
BLACK
6
CONTINUOUS
10
1.6779433858267716
20
0.0475017322834646
11
1.6779433858267716
21
0.0262275984251969
0
LINE
8
BLACK
6
CONTINUOUS
10
1.6779433858267716
20
0.0262275984251969
11
1.677886653543307
21
0.0256515354330709
0
LINE
8
BLACK
6
CONTINUOUS
10
1.677886653543307
20
0.0256515354330709
11
1.6774457480314959
21
0.024587125984252
0
LINE
8
BLACK
6
CONTINUOUS
10
1.6774457480314959
20
0.024587125984252
11
1.6766311023622047
21
0.0237724803149606
0
LINE
8
BLACK
6
CONTINUOUS
10
1.6766311023622047
20
0.0237724803149606
11
1.6755666929133859
21
0.0233315748031496
0
LINE
8
BLACK
6
CONTINUOUS
10
1.6755666929133859
20
0.0233315748031496
11
1.6744145669291339
21
0.0233315748031496
0
LINE
8
BLACK
6
CONTINUOUS
10
1.6744145669291339
20
0.0233315748031496
11
1.6733501574803149
21
0.0237724803149606
0
LINE
8
BLACK
6
CONTINUOUS
10
1.6733501574803149
20
0.0237724803149606
11
1.6725355118110237
21
0.024587125984252
0
LINE
8
BLACK
6
CONTINUOUS
10
1.6725355118110237
20
0.024587125984252
11
1.6720946062992126
21
0.0256515354330709
0
LINE
8
BLACK
6
CONTINUOUS
10
1.6720946062992126
20
0.0256515354330709
11
1.672037874015748
21
0.0262275984251969
0
LINE
8
BLACK
6
CONTINUOUS
10
1.672037874015748
20
0.0262275984251969
11
1.672037874015748
21
0.0524743307086614
0
LINE
8
BLACK
6
CONTINUOUS
10
1.672037874015748
20
0.0524743307086614
11
1.6720946062992126
21
0.0530503937007874
0
LINE
8
BLACK
6
CONTINUOUS
10
1.6720946062992126
20
0.0530503937007874
11
1.6725355118110237
21
0.0541148031496063
0
LINE
8
BLACK
6
CONTINUOUS
10
1.6725355118110237
20
0.0541148031496063
11
1.6733501574803149
21
0.0549294488188976
0
LINE
8
BLACK
6
CONTINUOUS
10
1.6733501574803149
20
0.0549294488188976
11
1.6744145669291339
21
0.0553703543307087
0
LINE
8
BLACK
6
CONTINUOUS
10
1.6744145669291339
20
0.0553703543307087
11
1.6755666929133859
21
0.0553703543307087
0
LINE
8
BLACK
6
CONTINUOUS
10
1.6755666929133859
20
0.0553703543307087
11
1.6766311023622047
21
0.0549294488188976
0
LINE
8
BLACK
6
CONTINUOUS
10
1.6766311023622047
20
0.0549294488188976
11
1.6773949212598425
21
0.0541656299212598
0
LINE
8
BLACK
6
CONTINUOUS
10
1.6773949212598425
20
0.0541656299212598
11
1.6792944094488189
21
0.0551153543307087
0
LINE
8
BLACK
6
CONTINUOUS
10
1.6792944094488189
20
0.0551153543307087
11
1.679835
21
0.0553222440944882
0
LINE
8
BLACK
6
CONTINUOUS
10
1.679835
20
0.0553222440944882
11
1.6799408661417323
21
0.0553298031496063
0
LINE
8
BLACK
6
CONTINUOUS
10
1.6799408661417323
20
0.0553298031496063
11
1.6800388582677166
21
0.0553703543307087
0
LINE
8
BLACK
6
CONTINUOUS
10
1.6800388582677166
20
0.0553703543307087
11
1.6806149212598425
21
0.0554270866141732
0
LINE
8
BLACK
6
CONTINUOUS
10
1.6806149212598425
20
0.0554270866141732
11
1.6862392125984251
21
0.0554270866141732
0
LINE
8
BLACK
6
CONTINUOUS
10
1.6862392125984251
20
0.0554270866141732
11
1.6868152755905512
21
0.0553703543307087
0
LINE
8
BLACK
6
CONTINUOUS
10
1.7393087007874015
20
0.0553703543307087
11
1.7394066929133858
21
0.0553297637795276
0
LINE
8
BLACK
6
CONTINUOUS
10
1.7394066929133858
20
0.0553297637795276
11
1.7395125196850394
21
0.0553222440944882
0
LINE
8
BLACK
6
CONTINUOUS
10
1.7395125196850394
20
0.0553222440944882
11
1.7400531496062992
21
0.0551153543307087
0
LINE
8
BLACK
6
CONTINUOUS
10
1.7400531496062992
20
0.0551153543307087
11
1.7438026771653543
21
0.0532405905511811
0
LINE
8
BLACK
6
CONTINUOUS
10
1.7438026771653543
20
0.0532405905511811
11
1.7438990157480314
21
0.0531799606299213
0
LINE
8
BLACK
6
CONTINUOUS
10
1.7438990157480314
20
0.0531799606299213
11
1.7439444488188975
21
0.0531648031496063
0
LINE
8
BLACK
6
CONTINUOUS
10
1.7439444488188975
20
0.0531648031496063
11
1.7440009842519684
21
0.0531157874015748
0
LINE
8
BLACK
6
CONTINUOUS
10
1.7440009842519684
20
0.0531157874015748
11
1.7442925590551182
21
0.0529322440944882
0
LINE
8
BLACK
6
CONTINUOUS
10
1.7442925590551182
20
0.0529322440944882
11
1.7443569291338583
21
0.052858031496063
0
LINE
8
BLACK
6
CONTINUOUS
10
1.7443569291338583
20
0.052858031496063
11
1.7444212992125985
21
0.0529322440944882
0
LINE
8
BLACK
6
CONTINUOUS
10
1.7444212992125985
20
0.0529322440944882
11
1.7447128346456693
21
0.0531157874015748
0
LINE
8
BLACK
6
CONTINUOUS
10
1.7447128346456693
20
0.0531157874015748
11
1.7447694094488189
21
0.0531648031496063
0
LINE
8
BLACK
6
CONTINUOUS
10
1.7447694094488189
20
0.0531648031496063
11
1.7448148031496062
21
0.0531799606299213
0
LINE
8
BLACK
6
CONTINUOUS
10
1.7448148031496062
20
0.0531799606299213
11
1.7449111811023621
21
0.0532405905511811
0
LINE
8
BLACK
6
CONTINUOUS
10
1.7449111811023621
20
0.0532405905511811
11
1.7486607086614172
21
0.0551153543307087
0
LINE
8
BLACK
6
CONTINUOUS
10
1.7486607086614172
20
0.0551153543307087
11
1.7492012992125985
21
0.0553222440944882
0
LINE
8
BLACK
6
CONTINUOUS
10
1.7492012992125985
20
0.0553222440944882
11
1.7493071653543306
21
0.0553298031496063
0
LINE
8
BLACK
6
CONTINUOUS
10
1.7493071653543306
20
0.0553298031496063
11
1.7494051574803149
21
0.0553703543307087
0
LINE
8
BLACK
6
CONTINUOUS
10
1.7494051574803149
20
0.0553703543307087
11
1.749981220472441
21
0.0554270866141732
0
LINE
8
BLACK
6
CONTINUOUS
10
1.749981220472441
20
0.0554270866141732
11
1.7556055118110236
21
0.0554270866141732
0
LINE
8
BLACK
6
CONTINUOUS
10
1.7556055118110236
20
0.0554270866141732
11
1.7561815748031495
21
0.0553703543307087
0
LINE
8
BLACK
6
CONTINUOUS
10
1.7561815748031495
20
0.0553703543307087
11
1.7562795669291338
21
0.0553297637795276
0
LINE
8
BLACK
6
CONTINUOUS
10
1.7562795669291338
20
0.0553297637795276
11
1.7563853937007874
21
0.0553222440944882
0
LINE
8
BLACK
6
CONTINUOUS
10
1.7563853937007874
20
0.0553222440944882
11
1.7569260236220472
21
0.0551153543307087
0
LINE
8
BLACK
6
CONTINUOUS
10
1.7569260236220472
20
0.0551153543307087
11
1.7606755905511811
21
0.0532405905511811
0
LINE
8
BLACK
6
CONTINUOUS
10
1.7606755905511811
20
0.0532405905511811
11
1.7607718897637794
21
0.0531799606299213
0
LINE
8
BLACK
6
CONTINUOUS
10
1.7607718897637794
20
0.0531799606299213
11
1.7608173622047243
21
0.0531648031496063
0
LINE
8
BLACK
6
CONTINUOUS
10
1.7608173622047243
20
0.0531648031496063
11
1.7608739370078739
21
0.0531157480314961
0
LINE
8
BLACK
6
CONTINUOUS
10
1.7608739370078739
20
0.0531157480314961
11
1.7611654330708661
21
0.0529322440944882
0
LINE
8
BLACK
6
CONTINUOUS
10
1.7611654330708661
20
0.0529322440944882
11
1.7614079133858267
21
0.0526526377952756
0
LINE
8
BLACK
6
CONTINUOUS
10
1.7614079133858267
20
0.0526526377952756
11
1.7616877559055117
21
0.0524099606299213
0
LINE
8
BLACK
6
CONTINUOUS
10
1.7616877559055117
20
0.0524099606299213
11
1.7618712598425197
21
0.0521184251968504
0
LINE
8
BLACK
6
CONTINUOUS
10
1.7618712598425197
20
0.0521184251968504
11
1.76192031496063
21
0.0520618503937008
0
LINE
8
BLACK
6
CONTINUOUS
10
1.76192031496063
20
0.0520618503937008
11
1.7619354330708661
21
0.0520164566929134
0
LINE
8
BLACK
6
CONTINUOUS
10
1.7619354330708661
20
0.0520164566929134
11
1.7619961023622046
21
0.0519200787401575
0
LINE
8
BLACK
6
CONTINUOUS
10
1.7619961023622046
20
0.0519200787401575
11
1.7638708661417322
21
0.0481705511811024
0
LINE
8
BLACK
6
CONTINUOUS
10
1.7638708661417322
20
0.0481705511811024
11
1.7640777559055119
21
0.0476299606299213
0
LINE
8
BLACK
6
CONTINUOUS
10
1.7640777559055119
20
0.0476299606299213
11
1.7640852755905512
21
0.047524094488189
0
LINE
8
BLACK
6
CONTINUOUS
10
1.7640852755905512
20
0.047524094488189
11
1.7641258661417323
21
0.0474261023622047
0
LINE
8
BLACK
6
CONTINUOUS
10
1.7641258661417323
20
0.0474261023622047
11
1.7641825984251969
21
0.0468500393700787
0
LINE
8
BLACK
6
CONTINUOUS
10
1.7641825984251969
20
0.0468500393700787
11
1.7641825984251969
21
0.0262275984251969
0
LINE
8
BLACK
6
CONTINUOUS
10
1.7641825984251969
20
0.0262275984251969
11
1.7641258661417323
21
0.0256515354330709
0
LINE
8
BLACK
6
CONTINUOUS
10
1.7641258661417323
20
0.0256515354330709
11
1.7636849606299212
21
0.024587125984252
0
LINE
8
BLACK
6
CONTINUOUS
10
1.7636849606299212
20
0.024587125984252
11
1.76287031496063
21
0.0237724803149606
0
LINE
8
BLACK
6
CONTINUOUS
10
1.76287031496063
20
0.0237724803149606
11
1.7618059055118109
21
0.0233315748031496
0
LINE
8
BLACK
6
CONTINUOUS
10
1.7618059055118109
20
0.0233315748031496
11
1.760653779527559
21
0.0233315748031496
0
LINE
8
BLACK
6
CONTINUOUS
10
1.760653779527559
20
0.0233315748031496
11
1.7595893700787402
21
0.0237724803149606
0
LINE
8
BLACK
6
CONTINUOUS
10
1.7595893700787402
20
0.0237724803149606
11
1.7587747244094487
21
0.024587125984252
0
LINE
8
BLACK
6
CONTINUOUS
10
1.7587747244094487
20
0.024587125984252
11
1.7583338188976378
21
0.0256515354330709
0
LINE
8
BLACK
6
CONTINUOUS
10
1.7583338188976378
20
0.0256515354330709
11
1.7582770866141733
21
0.0262275984251969
0
LINE
8
BLACK
6
CONTINUOUS
10
1.7582770866141733
20
0.0262275984251969
11
1.7582770866141733
21
0.0461529921259842
0
LINE
8
BLACK
6
CONTINUOUS
10
1.7582770866141733
20
0.0461529921259842
11
1.7571542125984252
21
0.0483987401574803
0
LINE
8
BLACK
6
CONTINUOUS
10
1.7571542125984252
20
0.0483987401574803
11
1.7549084645669291
21
0.0495215748031496
0
LINE
8
BLACK
6
CONTINUOUS
10
1.7549084645669291
20
0.0495215748031496
11
1.7506782677165353
21
0.0495215748031496
0
LINE
8
BLACK
6
CONTINUOUS
10
1.7506782677165353
20
0.0495215748031496
11
1.7484325196850394
21
0.0483987401574803
0
LINE
8
BLACK
6
CONTINUOUS
10
1.7484325196850394
20
0.0483987401574803
11
1.7473096850393701
21
0.0461529921259842
0
LINE
8
BLACK
6
CONTINUOUS
10
1.7473096850393701
20
0.0461529921259842
11
1.7473096850393701
21
0.0262275984251969
0
LINE
8
BLACK
6
CONTINUOUS
10
1.7473096850393701
20
0.0262275984251969
11
1.7472529527559055
21
0.0256515354330709
0
LINE
8
BLACK
6
CONTINUOUS
10
1.7472529527559055
20
0.0256515354330709
11
1.7468120472440944
21
0.024587125984252
0
LINE
8
BLACK
6
CONTINUOUS
10
1.7468120472440944
20
0.024587125984252
11
1.7459974015748032
21
0.0237724803149606
0
LINE
8
BLACK
6
CONTINUOUS
10
1.7459974015748032
20
0.0237724803149606
11
1.7449329921259842
21
0.0233315748031496
0
LINE
8
BLACK
6
CONTINUOUS
10
1.7449329921259842
20
0.0233315748031496
11
1.7437808661417322
21
0.0233315748031496
0
LINE
8
BLACK
6
CONTINUOUS
10
1.7437808661417322
20
0.0233315748031496
11
1.7427164566929134
21
0.0237724803149606
0
LINE
8
BLACK
6
CONTINUOUS
10
1.7427164566929134
20
0.0237724803149606
11
1.741901811023622
21
0.024587125984252
0
LINE
8
BLACK
6
CONTINUOUS
10
1.741901811023622
20
0.024587125984252
11
1.7414609055118109
21
0.0256515354330709
0
LINE
8
BLACK
6
CONTINUOUS
10
1.7414609055118109
20
0.0256515354330709
11
1.7414041732283465
21
0.0262275984251969
0
LINE
8
BLACK
6
CONTINUOUS
10
1.7414041732283465
20
0.0262275984251969
11
1.7414041732283465
21
0.0461529921259842
0
LINE
8
BLACK
6
CONTINUOUS
10
1.7414041732283465
20
0.0461529921259842
11
1.7402812992125984
21
0.0483987401574803
0
LINE
8
BLACK
6
CONTINUOUS
10
1.7402812992125984
20
0.0483987401574803
11
1.7380355905511811
21
0.0495215748031496
0
LINE
8
BLACK
6
CONTINUOUS
10
1.7380355905511811
20
0.0495215748031496
11
1.7338053937007873
21
0.0495215748031496
0
LINE
8
BLACK
6
CONTINUOUS
10
1.7338053937007873
20
0.0495215748031496
11
1.7311079133858267
21
0.0481728346456693
0
LINE
8
BLACK
6
CONTINUOUS
10
1.7311079133858267
20
0.0481728346456693
11
1.7304368110236219
21
0.0475017322834646
0
LINE
8
BLACK
6
CONTINUOUS
10
1.7304368110236219
20
0.0475017322834646
11
1.7304368110236219
21
0.0262275984251969
0
LINE
8
BLACK
6
CONTINUOUS
10
1.7304368110236219
20
0.0262275984251969
11
1.7303800787401575
21
0.0256515354330709
0
LINE
8
BLACK
6
CONTINUOUS
10
1.7303800787401575
20
0.0256515354330709
11
1.7299391732283464
21
0.024587125984252
0
LINE
8
BLACK
6
CONTINUOUS
10
1.7299391732283464
20
0.024587125984252
11
1.729124527559055
21
0.0237724803149606
0
LINE
8
BLACK
6
CONTINUOUS
10
1.729124527559055
20
0.0237724803149606
11
1.7280601181102362
21
0.0233315748031496
0
LINE
8
BLACK
6
CONTINUOUS
10
1.7280601181102362
20
0.0233315748031496
11
1.7269079921259842
21
0.0233315748031496
0
LINE
8
BLACK
6
CONTINUOUS
10
1.7269079921259842
20
0.0233315748031496
11
1.7258435826771654
21
0.0237724803149606
0
LINE
8
BLACK
6
CONTINUOUS
10
1.7258435826771654
20
0.0237724803149606
11
1.725028937007874
21
0.024587125984252
0
LINE
8
BLACK
6
CONTINUOUS
10
1.725028937007874
20
0.024587125984252
11
1.7245880314960629
21
0.0256515354330709
0
LINE
8
BLACK
6
CONTINUOUS
10
1.7245880314960629
20
0.0256515354330709
11
1.7245312992125983
21
0.0262275984251969
0
LINE
8
BLACK
6
CONTINUOUS
10
1.7245312992125983
20
0.0262275984251969
11
1.7245312992125983
21
0.0524743307086614
0
LINE
8
BLACK
6
CONTINUOUS
10
1.7245312992125983
20
0.0524743307086614
11
1.7245880314960629
21
0.0530503937007874
0
LINE
8
BLACK
6
CONTINUOUS
10
1.7245880314960629
20
0.0530503937007874
11
1.725028937007874
21
0.0541148031496063
0
LINE
8
BLACK
6
CONTINUOUS
10
1.725028937007874
20
0.0541148031496063
11
1.7258435826771654
21
0.0549294488188976
0
LINE
8
BLACK
6
CONTINUOUS
10
1.7258435826771654
20
0.0549294488188976
11
1.7269079921259842
21
0.0553703543307087
0
LINE
8
BLACK
6
CONTINUOUS
10
1.7269079921259842
20
0.0553703543307087
11
1.7280601181102362
21
0.0553703543307087
0
LINE
8
BLACK
6
CONTINUOUS
10
1.7280601181102362
20
0.0553703543307087
11
1.729124527559055
21
0.0549294488188976
0
LINE
8
BLACK
6
CONTINUOUS
10
1.729124527559055
20
0.0549294488188976
11
1.729888346456693
21
0.0541656299212598
0
LINE
8
BLACK
6
CONTINUOUS
10
1.729888346456693
20
0.0541656299212598
11
1.7317878346456692
21
0.0551153543307087
0
LINE
8
BLACK
6
CONTINUOUS
10
1.7317878346456692
20
0.0551153543307087
11
1.7323284251968503
21
0.0553222440944882
0
LINE
8
BLACK
6
CONTINUOUS
10
1.7323284251968503
20
0.0553222440944882
11
1.7324342913385826
21
0.0553298031496063
0
LINE
8
BLACK
6
CONTINUOUS
10
1.7324342913385826
20
0.0553298031496063
11
1.7325322834645669
21
0.0553703543307087
0
LINE
8
BLACK
6
CONTINUOUS
10
1.7325322834645669
20
0.0553703543307087
11
1.733108346456693
21
0.0554270866141732
0
LINE
8
BLACK
6
CONTINUOUS
10
1.733108346456693
20
0.0554270866141732
11
1.7387326377952756
21
0.0554270866141732
0
LINE
8
BLACK
6
CONTINUOUS
10
1.7387326377952756
20
0.0554270866141732
11
1.7393087007874015
21
0.0553703543307087
0
LINE
8
BLACK
6
CONTINUOUS
10
0.1908910236220472
20
2.1928960236220472
11
0.1919554330708661
21
2.1924551181102361
0
LINE
8
BLACK
6
CONTINUOUS
10
0.1919554330708661
20
2.1924551181102361
11
0.1927700787401575
21
2.1916404724409446
0
LINE
8
BLACK
6
CONTINUOUS
10
0.1927700787401575
20
2.1916404724409446
11
0.1932109842519685
21
2.1905760629921258
0
LINE
8
BLACK
6
CONTINUOUS
10
0.1932109842519685
20
2.1905760629921258
11
0.1932109842519685
21
2.1894239370078741
0
LINE
8
BLACK
6
CONTINUOUS
10
0.1932109842519685
20
2.1894239370078741
11
0.1927700787401575
21
2.1883595275590553
0
LINE
8
BLACK
6
CONTINUOUS
10
0.1927700787401575
20
2.1883595275590553
11
0.1919554330708661
21
2.1875448818897638
0
LINE
8
BLACK
6
CONTINUOUS
10
0.1919554330708661
20
2.1875448818897638
11
0.1908910236220472
21
2.1871039763779527
0
LINE
8
BLACK
6
CONTINUOUS
10
0.1908910236220472
20
2.1871039763779527
11
0.1903149606299213
21
2.1870472440944879
0
LINE
8
BLACK
6
CONTINUOUS
10
0.1903149606299213
20
2.1870472440944879
11
0.0634092913385827
21
2.1870472440944879
0
LINE
8
BLACK
6
CONTINUOUS
10
0.0634092913385827
20
2.1870472440944879
11
0.0842498818897638
21
2.1470128740157479
0
LINE
8
BLACK
6
CONTINUOUS
10
0.0842498818897638
20
2.1470128740157479
11
0.0844655511811024
21
2.1464757086614172
0
LINE
8
BLACK
6
CONTINUOUS
10
0.0844655511811024
20
2.1464757086614172
11
0.0845659448818898
21
2.145327992125984
0
LINE
8
BLACK
6
CONTINUOUS
10
0.0845659448818898
20
2.145327992125984
11
0.0842194881889764
21
2.1442292125984252
0
LINE
8
BLACK
6
CONTINUOUS
10
0.0842194881889764
20
2.1442292125984252
11
0.083478937007874
21
2.1433466535433072
0
LINE
8
BLACK
6
CONTINUOUS
10
0.083478937007874
20
2.1433466535433072
11
0.0824570078740157
21
2.1428146456692914
0
LINE
8
BLACK
6
CONTINUOUS
10
0.0824570078740157
20
2.1428146456692914
11
0.0813092913385827
21
2.1427142519685041
0
LINE
8
BLACK
6
CONTINUOUS
10
0.0813092913385827
20
2.1427142519685041
11
0.0802105118110236
21
2.1430607086614173
0
LINE
8
BLACK
6
CONTINUOUS
10
0.0802105118110236
20
2.1430607086614173
11
0.0793279527559055
21
2.1438012598425198
0
LINE
8
BLACK
6
CONTINUOUS
10
0.0793279527559055
20
2.1438012598425198
11
0.0790116141732283
21
2.1442860236220471
0
LINE
8
BLACK
6
CONTINUOUS
10
0.0790116141732283
20
2.1442860236220471
11
0.061496062992126
21
2.1779331102362205
0
LINE
8
BLACK
6
CONTINUOUS
10
0.061496062992126
20
2.1779331102362205
11
0.061496062992126
21
0.222066968503937
0
LINE
8
BLACK
6
CONTINUOUS
10
0.061496062992126
20
0.222066968503937
11
0.0790116141732283
21
0.2557140157480315
0
LINE
8
BLACK
6
CONTINUOUS
10
0.0790116141732283
20
0.2557140157480315
11
0.0793279527559055
21
0.256198779527559
0
LINE
8
BLACK
6
CONTINUOUS
10
0.0793279527559055
20
0.256198779527559
11
0.0802105118110236
21
0.2569393307086614
0
LINE
8
BLACK
6
CONTINUOUS
10
0.0802105118110236
20
0.2569393307086614
11
0.0813092913385827
21
0.2572857874015748
0
LINE
8
BLACK
6
CONTINUOUS
10
0.0813092913385827
20
0.2572857874015748
11
0.0824570078740157
21
0.2571853937007874
0
LINE
8
BLACK
6
CONTINUOUS
10
0.0824570078740157
20
0.2571853937007874
11
0.083478937007874
21
0.2566533858267717
0
LINE
8
BLACK
6
CONTINUOUS
10
0.083478937007874
20
0.2566533858267717
11
0.0842194881889764
21
0.2557708267716535
0
LINE
8
BLACK
6
CONTINUOUS
10
0.0842194881889764
20
0.2557708267716535
11
0.0845659448818898
21
0.2546720472440945
0
LINE
8
BLACK
6
CONTINUOUS
10
0.0845659448818898
20
0.2546720472440945
11
0.0844655511811024
21
0.2535243307086614
0
LINE
8
BLACK
6
CONTINUOUS
10
0.0844655511811024
20
0.2535243307086614
11
0.0842498818897638
21
0.2529871653543307
0
LINE
8
BLACK
6
CONTINUOUS
10
0.0842498818897638
20
0.2529871653543307
11
0.0634092913385827
21
0.2129527952755906
0
LINE
8
BLACK
6
CONTINUOUS
10
0.0634092913385827
20
0.2129527952755906
11
0.1903149606299213
21
0.2129527952755906
0
LINE
8
BLACK
6
CONTINUOUS
10
0.1903149606299213
20
0.2129527952755906
11
0.1908910236220472
21
0.212896062992126
0
LINE
8
BLACK
6
CONTINUOUS
10
0.1908910236220472
20
0.212896062992126
11
0.1919554330708661
21
0.212455157480315
0
LINE
8
BLACK
6
CONTINUOUS
10
0.1919554330708661
20
0.212455157480315
11
0.1927700787401575
21
0.2116405118110236
0
LINE
8
BLACK
6
CONTINUOUS
10
0.1927700787401575
20
0.2116405118110236
11
0.1932109842519685
21
0.2105761023622047
0
LINE
8
BLACK
6
CONTINUOUS
10
0.1932109842519685
20
0.2105761023622047
11
0.1932109842519685
21
0.2094239763779528
0
LINE
8
BLACK
6
CONTINUOUS
10
0.1932109842519685
20
0.2094239763779528
11
0.1927700787401575
21
0.2083595669291338
0
LINE
8
BLACK
6
CONTINUOUS
10
0.1927700787401575
20
0.2083595669291338
11
0.1919554330708661
21
0.2075449212598425
0
LINE
8
BLACK
6
CONTINUOUS
10
0.1919554330708661
20
0.2075449212598425
11
0.1908910236220472
21
0.2071040157480315
0
LINE
8
BLACK
6
CONTINUOUS
10
0.1908910236220472
20
0.2071040157480315
11
0.1903149606299213
21
0.2070472834645669
0
LINE
8
BLACK
6
CONTINUOUS
10
0.1903149606299213
20
0.2070472834645669
11
0.035455905511811
21
0.2070472834645669
0
LINE
8
BLACK
6
CONTINUOUS
10
0.035455905511811
20
0.2070472834645669
11
0.034879842519685
21
0.2071040157480315
0
LINE
8
BLACK
6
CONTINUOUS
10
0.034879842519685
20
0.2071040157480315
11
0.0338154330708661
21
0.2075449212598425
0
LINE
8
BLACK
6
CONTINUOUS
10
0.0338154330708661
20
0.2075449212598425
11
0.0330007874015748
21
0.2083595669291338
0
LINE
8
BLACK
6
CONTINUOUS
10
0.0330007874015748
20
0.2083595669291338
11
0.0325598818897638
21
0.2094239763779528
0
LINE
8
BLACK
6
CONTINUOUS
10
0.0325598818897638
20
0.2094239763779528
11
0.0325598818897638
21
0.2105761023622047
0
LINE
8
BLACK
6
CONTINUOUS
10
0.0325598818897638
20
0.2105761023622047
11
0.0330007874015748
21
0.2116405118110236
0
LINE
8
BLACK
6
CONTINUOUS
10
0.0330007874015748
20
0.2116405118110236
11
0.0338154330708661
21
0.212455157480315
0
LINE
8
BLACK
6
CONTINUOUS
10
0.0338154330708661
20
0.212455157480315
11
0.034879842519685
21
0.212896062992126
0
LINE
8
BLACK
6
CONTINUOUS
10
0.034879842519685
20
0.212896062992126
11
0.035455905511811
21
0.2129527952755906
0
LINE
8
BLACK
6
CONTINUOUS
10
0.035455905511811
20
0.2129527952755906
11
0.0536773228346457
21
0.2129527952755906
0
LINE
8
BLACK
6
CONTINUOUS
10
0.0536773228346457
20
0.2129527952755906
11
0.0328367322834646
21
0.2529871653543307
0
LINE
8
BLACK
6
CONTINUOUS
10
0.0328367322834646
20
0.2529871653543307
11
0.032621062992126
21
0.2535243307086614
0
LINE
8
BLACK
6
CONTINUOUS
10
0.032621062992126
20
0.2535243307086614
11
0.0325206692913386
21
0.2546720472440945
0
LINE
8
BLACK
6
CONTINUOUS
10
0.0325206692913386
20
0.2546720472440945
11
0.0328670866141732
21
0.2557708267716535
0
LINE
8
BLACK
6
CONTINUOUS
10
0.0328670866141732
20
0.2557708267716535
11
0.0336076377952756
21
0.2566533858267717
0
LINE
8
BLACK
6
CONTINUOUS
10
0.0336076377952756
20
0.2566533858267717
11
0.0346296062992126
21
0.2571853937007874
0
LINE
8
BLACK
6
CONTINUOUS
10
0.0346296062992126
20
0.2571853937007874
11
0.0357773228346457
21
0.2572857874015748
0
LINE
8
BLACK
6
CONTINUOUS
10
0.0357773228346457
20
0.2572857874015748
11
0.0368761023622047
21
0.2569393700787401
0
LINE
8
BLACK
6
CONTINUOUS
10
0.0368761023622047
20
0.2569393700787401
11
0.0377586614173228
21
0.2561988188976378
0
LINE
8
BLACK
6
CONTINUOUS
10
0.0377586614173228
20
0.2561988188976378
11
0.038075
21
0.2557140157480315
0
LINE
8
BLACK
6
CONTINUOUS
10
0.038075
20
0.2557140157480315
11
0.0555905511811024
21
0.222066968503937
0
LINE
8
BLACK
6
CONTINUOUS
10
0.0555905511811024
20
0.222066968503937
11
0.0555905511811024
21
2.1779331102362205
0
LINE
8
BLACK
6
CONTINUOUS
10
0.0555905511811024
20
2.1779331102362205
11
0.038075
21
2.1442860236220471
0
LINE
8
BLACK
6
CONTINUOUS
10
0.038075
20
2.1442860236220471
11
0.0377586614173228
21
2.143801220472441
0
LINE
8
BLACK
6
CONTINUOUS
10
0.0377586614173228
20
2.143801220472441
11
0.0368761023622047
21
2.1430606692913385
0
LINE
8
BLACK
6
CONTINUOUS
10
0.0368761023622047
20
2.1430606692913385
11
0.0357773228346457
21
2.1427142519685041
0
LINE
8
BLACK
6
CONTINUOUS
10
0.0357773228346457
20
2.1427142519685041
11
0.0346296062992126
21
2.1428146456692914
0
LINE
8
BLACK
6
CONTINUOUS
10
0.0346296062992126
20
2.1428146456692914
11
0.0336076377952756
21
2.1433466535433072
0
LINE
8
BLACK
6
CONTINUOUS
10
0.0336076377952756
20
2.1433466535433072
11
0.0328670866141732
21
2.1442292125984252
0
LINE
8
BLACK
6
CONTINUOUS
10
0.0328670866141732
20
2.1442292125984252
11
0.0325206692913386
21
2.145327992125984
0
LINE
8
BLACK
6
CONTINUOUS
10
0.0325206692913386
20
2.145327992125984
11
0.032621062992126
21
2.1464757086614172
0
LINE
8
BLACK
6
CONTINUOUS
10
0.032621062992126
20
2.1464757086614172
11
0.0328367322834646
21
2.1470128740157479
0
LINE
8
BLACK
6
CONTINUOUS
10
0.0328367322834646
20
2.1470128740157479
11
0.0536773228346457
21
2.1870472440944879
0
LINE
8
BLACK
6
CONTINUOUS
10
0.0536773228346457
20
2.1870472440944879
11
0.035455905511811
21
2.1870472440944879
0
LINE
8
BLACK
6
CONTINUOUS
10
0.035455905511811
20
2.1870472440944879
11
0.034879842519685
21
2.1871039763779527
0
LINE
8
BLACK
6
CONTINUOUS
10
0.034879842519685
20
2.1871039763779527
11
0.0338154330708661
21
2.1875448818897638
0
LINE
8
BLACK
6
CONTINUOUS
10
0.0338154330708661
20
2.1875448818897638
11
0.0330007874015748
21
2.1883595275590553
0
LINE
8
BLACK
6
CONTINUOUS
10
0.0330007874015748
20
2.1883595275590553
11
0.0325598818897638
21
2.1894239370078741
0
LINE
8
BLACK
6
CONTINUOUS
10
0.0325598818897638
20
2.1894239370078741
11
0.0325598818897638
21
2.1905760629921258
0
LINE
8
BLACK
6
CONTINUOUS
10
0.0325598818897638
20
2.1905760629921258
11
0.0330007874015748
21
2.1916404724409446
0
LINE
8
BLACK
6
CONTINUOUS
10
0.0330007874015748
20
2.1916404724409446
11
0.0338154330708661
21
2.1924551181102361
0
LINE
8
BLACK
6
CONTINUOUS
10
0.0338154330708661
20
2.1924551181102361
11
0.034879842519685
21
2.1928960236220472
0
LINE
8
BLACK
6
CONTINUOUS
10
0.034879842519685
20
2.1928960236220472
11
0.035455905511811
21
2.192952755905512
0
LINE
8
BLACK
6
CONTINUOUS
10
0.035455905511811
20
2.192952755905512
11
0.1903149606299213
21
2.192952755905512
0
LINE
8
BLACK
6
CONTINUOUS
10
0.1903149606299213
20
2.192952755905512
11
0.1908910236220472
21
2.1928960236220472
0
LINE
8
BLACK
6
CONTINUOUS
10
1.3558674015748031
20
0.7377936614173228
11
1.3569318110236219
21
0.7373527559055117
0
LINE
8
BLACK
6
CONTINUOUS
10
1.3569318110236219
20
0.7373527559055117
11
1.3577464566929134
21
0.7365381102362204
0
LINE
8
BLACK
6
CONTINUOUS
10
1.3577464566929134
20
0.7365381102362204
11
1.3581873622047245
21
0.7354737007874016
0
LINE
8
BLACK
6
CONTINUOUS
10
1.3581873622047245
20
0.7354737007874016
11
1.3581873622047245
21
0.7343215748031496
0
LINE
8
BLACK
6
CONTINUOUS
10
1.3581873622047245
20
0.7343215748031496
11
1.3577464566929134
21
0.7332571653543307
0
LINE
8
BLACK
6
CONTINUOUS
10
1.3577464566929134
20
0.7332571653543307
11
1.3569318110236219
21
0.7324425196850394
0
LINE
8
BLACK
6
CONTINUOUS
10
1.3569318110236219
20
0.7324425196850394
11
1.3558674015748031
21
0.7320016141732283
0
LINE
8
BLACK
6
CONTINUOUS
10
1.3558674015748031
20
0.7320016141732283
11
1.355291338582677
21
0.7319448818897638
0
LINE
8
BLACK
6
CONTINUOUS
10
1.355291338582677
20
0.7319448818897638
11
1.2504092913385827
21
0.7319448818897638
0
LINE
8
BLACK
6
CONTINUOUS
10
1.2504092913385827
20
0.7319448818897638
11
1.2712498818897637
21
0.6919105118110236
0
LINE
8
BLACK
6
CONTINUOUS
10
1.2712498818897637
20
0.6919105118110236
11
1.2714655511811024
21
0.6913733464566929
0
LINE
8
BLACK
6
CONTINUOUS
10
1.2714655511811024
20
0.6913733464566929
11
1.2715659448818897
21
0.6902256299212598
0
LINE
8
BLACK
6
CONTINUOUS
10
1.2715659448818897
20
0.6902256299212598
11
1.2712194881889765
21
0.6891268503937008
0
LINE
8
BLACK
6
CONTINUOUS
10
1.2712194881889765
20
0.6891268503937008
11
1.270478937007874
21
0.6882442913385827
0
LINE
8
BLACK
6
CONTINUOUS
10
1.270478937007874
20
0.6882442913385827
11
1.2694570078740157
21
0.6877122834645669
0
LINE
8
BLACK
6
CONTINUOUS
10
1.2694570078740157
20
0.6877122834645669
11
1.2683092913385827
21
0.6876118897637795
0
LINE
8
BLACK
6
CONTINUOUS
10
1.2683092913385827
20
0.6876118897637795
11
1.2672105118110235
21
0.6879583464566928
0
LINE
8
BLACK
6
CONTINUOUS
10
1.2672105118110235
20
0.6879583464566928
11
1.2663279527559055
21
0.6886988976377952
0
LINE
8
BLACK
6
CONTINUOUS
10
1.2663279527559055
20
0.6886988976377952
11
1.2660116141732283
21
0.6891836614173228
0
LINE
8
BLACK
6
CONTINUOUS
10
1.2660116141732283
20
0.6891836614173228
11
1.248496062992126
21
0.7228307480314961
0
LINE
8
BLACK
6
CONTINUOUS
10
1.248496062992126
20
0.7228307480314961
11
1.248496062992126
21
0.4120669291338583
0
LINE
8
BLACK
6
CONTINUOUS
10
1.248496062992126
20
0.4120669291338583
11
1.2660116141732283
21
0.4457139763779527
0
LINE
8
BLACK
6
CONTINUOUS
10
1.2660116141732283
20
0.4457139763779527
11
1.2663279527559055
21
0.4461987401574803
0
LINE
8
BLACK
6
CONTINUOUS
10
1.2663279527559055
20
0.4461987401574803
11
1.2672105118110235
21
0.4469392913385827
0
LINE
8
BLACK
6
CONTINUOUS
10
1.2672105118110235
20
0.4469392913385827
11
1.2683092913385827
21
0.4472857480314961
0
LINE
8
BLACK
6
CONTINUOUS
10
1.2683092913385827
20
0.4472857480314961
11
1.2694570078740157
21
0.4471853543307087
0
LINE
8
BLACK
6
CONTINUOUS
10
1.2694570078740157
20
0.4471853543307087
11
1.270478937007874
21
0.4466533464566929
0
LINE
8
BLACK
6
CONTINUOUS
10
1.270478937007874
20
0.4466533464566929
11
1.2712194881889765
21
0.4457707874015748
0
LINE
8
BLACK
6
CONTINUOUS
10
1.2712194881889765
20
0.4457707874015748
11
1.2715659448818897
21
0.4446720078740157
0
LINE
8
BLACK
6
CONTINUOUS
10
1.2715659448818897
20
0.4446720078740157
11
1.2714655511811024
21
0.4435242913385827
0
LINE
8
BLACK
6
CONTINUOUS
10
1.2714655511811024
20
0.4435242913385827
11
1.2712498818897637
21
0.4429871259842519
0
LINE
8
BLACK
6
CONTINUOUS
10
1.2712498818897637
20
0.4429871259842519
11
1.2504092913385827
21
0.4029527559055118
0
LINE
8
BLACK
6
CONTINUOUS
10
1.2504092913385827
20
0.4029527559055118
11
1.2686307086614173
21
0.4029527559055118
0
LINE
8
BLACK
6
CONTINUOUS
10
1.2686307086614173
20
0.4029527559055118
11
1.2692067716535433
21
0.4028960236220472
0
LINE
8
BLACK
6
CONTINUOUS
10
1.2692067716535433
20
0.4028960236220472
11
1.2702711811023621
21
0.4024551181102362
0
LINE
8
BLACK
6
CONTINUOUS
10
1.2702711811023621
20
0.4024551181102362
11
1.2710858267716536
21
0.4016404724409449
0
LINE
8
BLACK
6
CONTINUOUS
10
1.2710858267716536
20
0.4016404724409449
11
1.2715267322834645
21
0.4005760629921259
0
LINE
8
BLACK
6
CONTINUOUS
10
1.2715267322834645
20
0.4005760629921259
11
1.2715267322834645
21
0.399423937007874
0
LINE
8
BLACK
6
CONTINUOUS
10
1.2715267322834645
20
0.399423937007874
11
1.2710858267716536
21
0.3983595275590551
0
LINE
8
BLACK
6
CONTINUOUS
10
1.2710858267716536
20
0.3983595275590551
11
1.2702711811023621
21
0.3975448818897638
0
LINE
8
BLACK
6
CONTINUOUS
10
1.2702711811023621
20
0.3975448818897638
11
1.2692067716535433
21
0.3971039763779527
0
LINE
8
BLACK
6
CONTINUOUS
10
1.2692067716535433
20
0.3971039763779527
11
1.2686307086614173
21
0.3970472440944882
0
LINE
8
BLACK
6
CONTINUOUS
10
1.2686307086614173
20
0.3970472440944882
11
0.4196850393700787
21
0.3970472440944882
0
LINE
8
BLACK
6
CONTINUOUS
10
0.4196850393700787
20
0.3970472440944882
11
0.4191089763779527
21
0.3971039763779527
0
LINE
8
BLACK
6
CONTINUOUS
10
0.4191089763779527
20
0.3971039763779527
11
0.4180445669291338
21
0.3975448818897638
0
LINE
8
BLACK
6
CONTINUOUS
10
0.4180445669291338
20
0.3975448818897638
11
0.4172299212598425
21
0.3983595275590551
0
LINE
8
BLACK
6
CONTINUOUS
10
0.4172299212598425
20
0.3983595275590551
11
0.4167890157480315
21
0.399423937007874
0
LINE
8
BLACK
6
CONTINUOUS
10
0.4167890157480315
20
0.399423937007874
11
0.4167890157480315
21
0.4005760629921259
0
LINE
8
BLACK
6
CONTINUOUS
10
0.4167890157480315
20
0.4005760629921259
11
0.4172299212598425
21
0.4016404724409449
0
LINE
8
BLACK
6
CONTINUOUS
10
0.4172299212598425
20
0.4016404724409449
11
0.4180445669291338
21
0.4024551181102362
0
LINE
8
BLACK
6
CONTINUOUS
10
0.4180445669291338
20
0.4024551181102362
11
0.4191089763779527
21
0.4028960236220472
0
LINE
8
BLACK
6
CONTINUOUS
10
0.4191089763779527
20
0.4028960236220472
11
0.4196850393700787
21
0.4029527559055118
0
LINE
8
BLACK
6
CONTINUOUS
10
0.4196850393700787
20
0.4029527559055118
11
1.2406773228346457
21
0.4029527559055118
0
LINE
8
BLACK
6
CONTINUOUS
10
1.2406773228346457
20
0.4029527559055118
11
1.2198367322834645
21
0.4429871259842519
0
LINE
8
BLACK
6
CONTINUOUS
10
1.2198367322834645
20
0.4429871259842519
11
1.219621062992126
21
0.4435242913385827
0
LINE
8
BLACK
6
CONTINUOUS
10
1.219621062992126
20
0.4435242913385827
11
1.2195206692913385
21
0.4446720078740157
0
LINE
8
BLACK
6
CONTINUOUS
10
1.2195206692913385
20
0.4446720078740157
11
1.2198670866141732
21
0.4457707874015748
0
LINE
8
BLACK
6
CONTINUOUS
10
1.2198670866141732
20
0.4457707874015748
11
1.2206076377952755
21
0.4466533464566929
0
LINE
8
BLACK
6
CONTINUOUS
10
1.2206076377952755
20
0.4466533464566929
11
1.2216296062992125
21
0.4471853543307087
0
LINE
8
BLACK
6
CONTINUOUS
10
1.2216296062992125
20
0.4471853543307087
11
1.2227773228346457
21
0.4472857480314961
0
LINE
8
BLACK
6
CONTINUOUS
10
1.2227773228346457
20
0.4472857480314961
11
1.2238761023622047
21
0.4469393307086614
0
LINE
8
BLACK
6
CONTINUOUS
10
1.2238761023622047
20
0.4469393307086614
11
1.2247586614173227
21
0.446198779527559
0
LINE
8
BLACK
6
CONTINUOUS
10
1.2247586614173227
20
0.446198779527559
11
1.2250749999999999
21
0.4457139763779527
0
LINE
8
BLACK
6
CONTINUOUS
10
1.2250749999999999
20
0.4457139763779527
11
1.2425905511811024
21
0.4120669291338583
0
LINE
8
BLACK
6
CONTINUOUS
10
1.2425905511811024
20
0.4120669291338583
11
1.2425905511811024
21
0.7228307480314961
0
LINE
8
BLACK
6
CONTINUOUS
10
1.2425905511811024
20
0.7228307480314961
11
1.2250749999999999
21
0.6891836614173228
0
LINE
8
BLACK
6
CONTINUOUS
10
1.2250749999999999
20
0.6891836614173228
11
1.2247586614173227
21
0.6886988582677165
0
LINE
8
BLACK
6
CONTINUOUS
10
1.2247586614173227
20
0.6886988582677165
11
1.2238761023622047
21
0.6879583070866142
0
LINE
8
BLACK
6
CONTINUOUS
10
1.2238761023622047
20
0.6879583070866142
11
1.2227773228346457
21
0.6876118897637795
0
LINE
8
BLACK
6
CONTINUOUS
10
1.2227773228346457
20
0.6876118897637795
11
1.2216296062992125
21
0.6877122834645669
0
LINE
8
BLACK
6
CONTINUOUS
10
1.2216296062992125
20
0.6877122834645669
11
1.2206076377952755
21
0.6882442913385827
0
LINE
8
BLACK
6
CONTINUOUS
10
1.2206076377952755
20
0.6882442913385827
11
1.2198670866141732
21
0.6891268503937008
0
LINE
8
BLACK
6
CONTINUOUS
10
1.2198670866141732
20
0.6891268503937008
11
1.2195206692913385
21
0.6902256299212598
0
LINE
8
BLACK
6
CONTINUOUS
10
1.2195206692913385
20
0.6902256299212598
11
1.219621062992126
21
0.6913733464566929
0
LINE
8
BLACK
6
CONTINUOUS
10
1.219621062992126
20
0.6913733464566929
11
1.2198367322834645
21
0.6919105118110236
0
LINE
8
BLACK
6
CONTINUOUS
10
1.2198367322834645
20
0.6919105118110236
11
1.2406773228346457
21
0.7319448818897638
0
LINE
8
BLACK
6
CONTINUOUS
10
1.2406773228346457
20
0.7319448818897638
11
1.2224559055118109
21
0.7319448818897638
0
LINE
8
BLACK
6
CONTINUOUS
10
1.2224559055118109
20
0.7319448818897638
11
1.2218798425196851
21
0.7320016141732283
0
LINE
8
BLACK
6
CONTINUOUS
10
1.2218798425196851
20
0.7320016141732283
11
1.220815433070866
21
0.7324425196850394
0
LINE
8
BLACK
6
CONTINUOUS
10
1.220815433070866
20
0.7324425196850394
11
1.2200007874015748
21
0.7332571653543307
0
LINE
8
BLACK
6
CONTINUOUS
10
1.2200007874015748
20
0.7332571653543307
11
1.2195598818897637
21
0.7343215748031496
0
LINE
8
BLACK
6
CONTINUOUS
10
1.2195598818897637
20
0.7343215748031496
11
1.2195598818897637
21
0.7354737007874016
0
LINE
8
BLACK
6
CONTINUOUS
10
1.2195598818897637
20
0.7354737007874016
11
1.2200007874015748
21
0.7365381102362204
0
LINE
8
BLACK
6
CONTINUOUS
10
1.2200007874015748
20
0.7365381102362204
11
1.220815433070866
21
0.7373527559055117
0
LINE
8
BLACK
6
CONTINUOUS
10
1.220815433070866
20
0.7373527559055117
11
1.2218798425196851
21
0.7377936614173228
0
LINE
8
BLACK
6
CONTINUOUS
10
1.2218798425196851
20
0.7377936614173228
11
1.2224559055118109
21
0.7378503937007874
0
LINE
8
BLACK
6
CONTINUOUS
10
1.2224559055118109
20
0.7378503937007874
11
1.355291338582677
21
0.7378503937007874
0
LINE
8
BLACK
6
CONTINUOUS
10
1.355291338582677
20
0.7378503937007874
11
1.3558674015748031
21
0.7377936614173228
0
LINE
8
BLACK
6
CONTINUOUS
10
3.2352067716535431
20
2.0028960236220472
11
3.2362711811023623
21
2.0024551181102361
0
LINE
8
BLACK
6
CONTINUOUS
10
3.2362711811023623
20
2.0024551181102361
11
3.2370858267716534
21
2.0016404724409447
0
LINE
8
BLACK
6
CONTINUOUS
10
3.2370858267716534
20
2.0016404724409447
11
3.2375267322834644
21
2.0005760629921259
0
LINE
8
BLACK
6
CONTINUOUS
10
3.2375267322834644
20
2.0005760629921259
11
3.2375267322834644
21
1.9994239370078739
0
LINE
8
BLACK
6
CONTINUOUS
10
3.2375267322834644
20
1.9994239370078739
11
3.2370858267716534
21
1.9983595275590551
0
LINE
8
BLACK
6
CONTINUOUS
10
3.2370858267716534
20
1.9983595275590551
11
3.2362711811023623
21
1.9975448818897636
0
LINE
8
BLACK
6
CONTINUOUS
10
3.2362711811023623
20
1.9975448818897636
11
3.2352067716535431
21
1.9971039763779528
0
LINE
8
BLACK
6
CONTINUOUS
10
3.2352067716535431
20
1.9971039763779528
11
3.2346307086614172
21
1.9970472440944882
0
LINE
8
BLACK
6
CONTINUOUS
10
3.2346307086614172
20
1.9970472440944882
11
3.2164092913385827
21
1.9970472440944882
0
LINE
8
BLACK
6
CONTINUOUS
10
3.2164092913385827
20
1.9970472440944882
11
3.2372498818897637
21
1.957012874015748
0
LINE
8
BLACK
6
CONTINUOUS
10
3.2372498818897637
20
1.957012874015748
11
3.2374655511811024
21
1.9564757086614173
0
LINE
8
BLACK
6
CONTINUOUS
10
3.2374655511811024
20
1.9564757086614173
11
3.2375659448818896
21
1.9553279921259843
0
LINE
8
BLACK
6
CONTINUOUS
10
3.2375659448818896
20
1.9553279921259843
11
3.2372194881889764
21
1.9542292125984251
0
LINE
8
BLACK
6
CONTINUOUS
10
3.2372194881889764
20
1.9542292125984251
11
3.2364789370078739
21
1.9533466535433071
0
LINE
8
BLACK
6
CONTINUOUS
10
3.2364789370078739
20
1.9533466535433071
11
3.2354570078740155
21
1.9528146456692912
0
LINE
8
BLACK
6
CONTINUOUS
10
3.2354570078740155
20
1.9528146456692912
11
3.2343092913385827
21
1.9527142519685039
0
LINE
8
BLACK
6
CONTINUOUS
10
3.2343092913385827
20
1.9527142519685039
11
3.2332105118110235
21
1.9530607086614173
0
LINE
8
BLACK
6
CONTINUOUS
10
3.2332105118110235
20
1.9530607086614173
11
3.2323279527559055
21
1.9538012598425196
0
LINE
8
BLACK
6
CONTINUOUS
10
3.2323279527559055
20
1.9538012598425196
11
3.2320116141732282
21
1.9542860236220472
0
LINE
8
BLACK
6
CONTINUOUS
10
3.2320116141732282
20
1.9542860236220472
11
3.2144960629921258
21
1.9879331102362203
0
LINE
8
BLACK
6
CONTINUOUS
10
3.2144960629921258
20
1.9879331102362203
11
3.2144960629921258
21
0.4120669291338583
0
LINE
8
BLACK
6
CONTINUOUS
10
3.2144960629921258
20
0.4120669291338583
11
3.2320116141732282
21
0.4457139763779527
0
LINE
8
BLACK
6
CONTINUOUS
10
3.2320116141732282
20
0.4457139763779527
11
3.2323279527559055
21
0.4461987401574803
0
LINE
8
BLACK
6
CONTINUOUS
10
3.2323279527559055
20
0.4461987401574803
11
3.2332105118110235
21
0.4469392913385827
0
LINE
8
BLACK
6
CONTINUOUS
10
3.2332105118110235
20
0.4469392913385827
11
3.2343092913385827
21
0.4472857480314961
0
LINE
8
BLACK
6
CONTINUOUS
10
3.2343092913385827
20
0.4472857480314961
11
3.2354570078740155
21
0.4471853543307087
0
LINE
8
BLACK
6
CONTINUOUS
10
3.2354570078740155
20
0.4471853543307087
11
3.2364789370078739
21
0.4466533464566929
0
LINE
8
BLACK
6
CONTINUOUS
10
3.2364789370078739
20
0.4466533464566929
11
3.2372194881889764
21
0.4457707874015748
0
LINE
8
BLACK
6
CONTINUOUS
10
3.2372194881889764
20
0.4457707874015748
11
3.2375659448818896
21
0.4446720078740157
0
LINE
8
BLACK
6
CONTINUOUS
10
3.2375659448818896
20
0.4446720078740157
11
3.2374655511811024
21
0.4435242913385827
0
LINE
8
BLACK
6
CONTINUOUS
10
3.2374655511811024
20
0.4435242913385827
11
3.2372498818897637
21
0.4429871259842519
0
LINE
8
BLACK
6
CONTINUOUS
10
3.2372498818897637
20
0.4429871259842519
11
3.2164092913385827
21
0.4029527559055118
0
LINE
8
BLACK
6
CONTINUOUS
10
3.2164092913385827
20
0.4029527559055118
11
3.2346307086614172
21
0.4029527559055118
0
LINE
8
BLACK
6
CONTINUOUS
10
3.2346307086614172
20
0.4029527559055118
11
3.2352067716535431
21
0.4028960236220472
0
LINE
8
BLACK
6
CONTINUOUS
10
3.2352067716535431
20
0.4028960236220472
11
3.2362711811023623
21
0.4024551181102362
0
LINE
8
BLACK
6
CONTINUOUS
10
3.2362711811023623
20
0.4024551181102362
11
3.2370858267716534
21
0.4016404724409449
0
LINE
8
BLACK
6
CONTINUOUS
10
3.2370858267716534
20
0.4016404724409449
11
3.2375267322834644
21
0.4005760629921259
0
LINE
8
BLACK
6
CONTINUOUS
10
3.2375267322834644
20
0.4005760629921259
11
3.2375267322834644
21
0.399423937007874
0
LINE
8
BLACK
6
CONTINUOUS
10
3.2375267322834644
20
0.399423937007874
11
3.2370858267716534
21
0.3983595275590551
0
LINE
8
BLACK
6
CONTINUOUS
10
3.2370858267716534
20
0.3983595275590551
11
3.2362711811023623
21
0.3975448818897638
0
LINE
8
BLACK
6
CONTINUOUS
10
3.2362711811023623
20
0.3975448818897638
11
3.2352067716535431
21
0.3971039763779527
0
LINE
8
BLACK
6
CONTINUOUS
10
3.2352067716535431
20
0.3971039763779527
11
3.2346307086614172
21
0.3970472440944882
0
LINE
8
BLACK
6
CONTINUOUS
10
3.2346307086614172
20
0.3970472440944882
11
2.8196850393700785
21
0.3970472440944882
0
LINE
8
BLACK
6
CONTINUOUS
10
2.8196850393700785
20
0.3970472440944882
11
2.8191089763779527
21
0.3971039763779527
0
LINE
8
BLACK
6
CONTINUOUS
10
2.8191089763779527
20
0.3971039763779527
11
2.8180445669291339
21
0.3975448818897638
0
LINE
8
BLACK
6
CONTINUOUS
10
2.8180445669291339
20
0.3975448818897638
11
2.8172299212598424
21
0.3983595275590551
0
LINE
8
BLACK
6
CONTINUOUS
10
2.8172299212598424
20
0.3983595275590551
11
2.8167890157480313
21
0.399423937007874
0
LINE
8
BLACK
6
CONTINUOUS
10
2.8167890157480313
20
0.399423937007874
11
2.8167890157480313
21
0.4005760629921259
0
LINE
8
BLACK
6
CONTINUOUS
10
2.8167890157480313
20
0.4005760629921259
11
2.8172299212598424
21
0.4016404724409449
0
LINE
8
BLACK
6
CONTINUOUS
10
2.8172299212598424
20
0.4016404724409449
11
2.8180445669291339
21
0.4024551181102362
0
LINE
8
BLACK
6
CONTINUOUS
10
2.8180445669291339
20
0.4024551181102362
11
2.8191089763779527
21
0.4028960236220472
0
LINE
8
BLACK
6
CONTINUOUS
10
2.8191089763779527
20
0.4028960236220472
11
2.8196850393700785
21
0.4029527559055118
0
LINE
8
BLACK
6
CONTINUOUS
10
2.8196850393700785
20
0.4029527559055118
11
3.2066773228346457
21
0.4029527559055118
0
LINE
8
BLACK
6
CONTINUOUS
10
3.2066773228346457
20
0.4029527559055118
11
3.1858367322834646
21
0.4429871259842519
0
LINE
8
BLACK
6
CONTINUOUS
10
3.1858367322834646
20
0.4429871259842519
11
3.185621062992126
21
0.4435242913385827
0
LINE
8
BLACK
6
CONTINUOUS
10
3.185621062992126
20
0.4435242913385827
11
3.1855206692913387
21
0.4446720078740157
0
LINE
8
BLACK
6
CONTINUOUS
10
3.1855206692913387
20
0.4446720078740157
11
3.1858670866141732
21
0.4457707874015748
0
LINE
8
BLACK
6
CONTINUOUS
10
3.1858670866141732
20
0.4457707874015748
11
3.1866076377952757
21
0.4466533464566929
0
LINE
8
BLACK
6
CONTINUOUS
10
3.1866076377952757
20
0.4466533464566929
11
3.1876296062992124
21
0.4471853543307087
0
LINE
8
BLACK
6
CONTINUOUS
10
3.1876296062992124
20
0.4471853543307087
11
3.1887773228346457
21
0.4472857480314961
0
LINE
8
BLACK
6
CONTINUOUS
10
3.1887773228346457
20
0.4472857480314961
11
3.1898761023622049
21
0.4469393307086614
0
LINE
8
BLACK
6
CONTINUOUS
10
3.1898761023622049
20
0.4469393307086614
11
3.1907586614173229
21
0.446198779527559
0
LINE
8
BLACK
6
CONTINUOUS
10
3.1907586614173229
20
0.446198779527559
11
3.1910750000000001
21
0.4457139763779527
0
LINE
8
BLACK
6
CONTINUOUS
10
3.1910750000000001
20
0.4457139763779527
11
3.2085905511811021
21
0.4120669291338583
0
LINE
8
BLACK
6
CONTINUOUS
10
3.2085905511811021
20
0.4120669291338583
11
3.2085905511811021
21
1.9879331102362203
0
LINE
8
BLACK
6
CONTINUOUS
10
3.2085905511811021
20
1.9879331102362203
11
3.1910750000000001
21
1.9542860236220472
0
LINE
8
BLACK
6
CONTINUOUS
10
3.1910750000000001
20
1.9542860236220472
11
3.1907586614173229
21
1.9538012204724409
0
LINE
8
BLACK
6
CONTINUOUS
10
3.1907586614173229
20
1.9538012204724409
11
3.1898761023622049
21
1.9530606692913386
0
LINE
8
BLACK
6
CONTINUOUS
10
3.1898761023622049
20
1.9530606692913386
11
3.1887773228346457
21
1.9527142519685039
0
LINE
8
BLACK
6
CONTINUOUS
10
3.1887773228346457
20
1.9527142519685039
11
3.1876296062992124
21
1.9528146456692912
0
LINE
8
BLACK
6
CONTINUOUS
10
3.1876296062992124
20
1.9528146456692912
11
3.1866076377952757
21
1.9533466535433071
0
LINE
8
BLACK
6
CONTINUOUS
10
3.1866076377952757
20
1.9533466535433071
11
3.1858670866141732
21
1.9542292125984251
0
LINE
8
BLACK
6
CONTINUOUS
10
3.1858670866141732
20
1.9542292125984251
11
3.1855206692913387
21
1.9553279921259843
0
LINE
8
BLACK
6
CONTINUOUS
10
3.1855206692913387
20
1.9553279921259843
11
3.185621062992126
21
1.9564757086614173
0
LINE
8
BLACK
6
CONTINUOUS
10
3.185621062992126
20
1.9564757086614173
11
3.1858367322834646
21
1.957012874015748
0
LINE
8
BLACK
6
CONTINUOUS
10
3.1858367322834646
20
1.957012874015748
11
3.2066773228346457
21
1.9970472440944882
0
LINE
8
BLACK
6
CONTINUOUS
10
3.2066773228346457
20
1.9970472440944882
11
2.8196850393700785
21
1.9970472440944882
0
LINE
8
BLACK
6
CONTINUOUS
10
2.8196850393700785
20
1.9970472440944882
11
2.8191089763779527
21
1.9971039763779528
0
LINE
8
BLACK
6
CONTINUOUS
10
2.8191089763779527
20
1.9971039763779528
11
2.8180445669291339
21
1.9975448818897636
0
LINE
8
BLACK
6
CONTINUOUS
10
2.8180445669291339
20
1.9975448818897636
11
2.8172299212598424
21
1.9983595275590551
0
LINE
8
BLACK
6
CONTINUOUS
10
2.8172299212598424
20
1.9983595275590551
11
2.8167890157480313
21
1.9994239370078739
0
LINE
8
BLACK
6
CONTINUOUS
10
2.8167890157480313
20
1.9994239370078739
11
2.8167890157480313
21
2.0005760629921259
0
LINE
8
BLACK
6
CONTINUOUS
10
2.8167890157480313
20
2.0005760629921259
11
2.8172299212598424
21
2.0016404724409447
0
LINE
8
BLACK
6
CONTINUOUS
10
2.8172299212598424
20
2.0016404724409447
11
2.8180445669291339
21
2.0024551181102361
0
LINE
8
BLACK
6
CONTINUOUS
10
2.8180445669291339
20
2.0024551181102361
11
2.8191089763779527
21
2.0028960236220472
0
LINE
8
BLACK
6
CONTINUOUS
10
2.8191089763779527
20
2.0028960236220472
11
2.8196850393700785
21
2.0029527559055116
0
LINE
8
BLACK
6
CONTINUOUS
10
2.8196850393700785
20
2.0029527559055116
11
3.2346307086614172
21
2.0029527559055116
0
LINE
8
BLACK
6
CONTINUOUS
10
3.2346307086614172
20
2.0029527559055116
11
3.2352067716535431
21
2.0028960236220472
0
LINE
8
BLACK
6
CONTINUOUS
10
2.4396089763779525
20
0.717667716535433
11
2.4404236220472439
21
0.7168530708661417
0
LINE
8
BLACK
6
CONTINUOUS
10
2.4404236220472439
20
0.7168530708661417
11
2.440864527559055
21
0.7157886614173228
0
LINE
8
BLACK
6
CONTINUOUS
10
2.440864527559055
20
0.7157886614173228
11
2.4409212598425198
21
0.7152125984251968
0
LINE
8
BLACK
6
CONTINUOUS
10
2.4409212598425198
20
0.7152125984251968
11
2.4409212598425198
21
0.6037242913385826
0
LINE
8
BLACK
6
CONTINUOUS
10
2.4409212598425198
20
0.6037242913385826
11
2.4809556299212598
21
0.624564842519685
0
LINE
8
BLACK
6
CONTINUOUS
10
2.4809556299212598
20
0.624564842519685
11
2.4814927952755905
21
0.6247805118110236
0
LINE
8
BLACK
6
CONTINUOUS
10
2.4814927952755905
20
0.6247805118110236
11
2.4826405118110237
21
0.624880905511811
0
LINE
8
BLACK
6
CONTINUOUS
10
2.4826405118110237
20
0.624880905511811
11
2.4837392913385825
21
0.6245344488188976
0
LINE
8
BLACK
6
CONTINUOUS
10
2.4837392913385825
20
0.6245344488188976
11
2.4846218503937005
21
0.6237938976377952
0
LINE
8
BLACK
6
CONTINUOUS
10
2.4846218503937005
20
0.6237938976377952
11
2.4851538582677164
21
0.622771968503937
0
LINE
8
BLACK
6
CONTINUOUS
10
2.4851538582677164
20
0.622771968503937
11
2.4852542519685037
21
0.6216242519685039
0
LINE
8
BLACK
6
CONTINUOUS
10
2.4852542519685037
20
0.6216242519685039
11
2.4849077952755905
21
0.6205254724409449
0
LINE
8
BLACK
6
CONTINUOUS
10
2.4849077952755905
20
0.6205254724409449
11
2.484167244094488
21
0.6196429133858268
0
LINE
8
BLACK
6
CONTINUOUS
10
2.484167244094488
20
0.6196429133858268
11
2.4836824803149606
21
0.6193265748031496
0
LINE
8
BLACK
6
CONTINUOUS
10
2.4836824803149606
20
0.6193265748031496
11
2.450035433070866
21
0.6018110236220472
0
LINE
8
BLACK
6
CONTINUOUS
10
2.450035433070866
20
0.6018110236220472
11
2.7879330708661416
21
0.6018110236220472
0
LINE
8
BLACK
6
CONTINUOUS
10
2.7879330708661416
20
0.6018110236220472
11
2.754286023622047
21
0.6193265748031496
0
LINE
8
BLACK
6
CONTINUOUS
10
2.754286023622047
20
0.6193265748031496
11
2.7538012204724409
21
0.6196429133858268
0
LINE
8
BLACK
6
CONTINUOUS
10
2.7538012204724409
20
0.6196429133858268
11
2.7530606692913384
21
0.6205254724409449
0
LINE
8
BLACK
6
CONTINUOUS
10
2.7530606692913384
20
0.6205254724409449
11
2.7527142519685039
21
0.6216242519685039
0
LINE
8
BLACK
6
CONTINUOUS
10
2.7527142519685039
20
0.6216242519685039
11
2.7528146456692912
21
0.622771968503937
0
LINE
8
BLACK
6
CONTINUOUS
10
2.7528146456692912
20
0.622771968503937
11
2.7533466535433071
21
0.623793937007874
0
LINE
8
BLACK
6
CONTINUOUS
10
2.7533466535433071
20
0.623793937007874
11
2.7542292125984251
21
0.6245344881889764
0
LINE
8
BLACK
6
CONTINUOUS
10
2.7542292125984251
20
0.6245344881889764
11
2.7553279921259843
21
0.624880905511811
0
LINE
8
BLACK
6
CONTINUOUS
10
2.7553279921259843
20
0.624880905511811
11
2.7564757086614171
21
0.6247805118110236
0
LINE
8
BLACK
6
CONTINUOUS
10
2.7564757086614171
20
0.6247805118110236
11
2.7570128740157478
21
0.624564842519685
0
LINE
8
BLACK
6
CONTINUOUS
10
2.7570128740157478
20
0.624564842519685
11
2.7970472440944882
21
0.6037242913385826
0
LINE
8
BLACK
6
CONTINUOUS
10
2.7970472440944882
20
0.6037242913385826
11
2.7970472440944882
21
0.6219456692913385
0
LINE
8
BLACK
6
CONTINUOUS
10
2.7970472440944882
20
0.6219456692913385
11
2.7971039763779526
21
0.6225217322834645
0
LINE
8
BLACK
6
CONTINUOUS
10
2.7971039763779526
20
0.6225217322834645
11
2.7975448818897637
21
0.6235861417322834
0
LINE
8
BLACK
6
CONTINUOUS
10
2.7975448818897637
20
0.6235861417322834
11
2.7983595275590551
21
0.6244007874015748
0
LINE
8
BLACK
6
CONTINUOUS
10
2.7983595275590551
20
0.6244007874015748
11
2.799423937007874
21
0.6248416929133858
0
LINE
8
BLACK
6
CONTINUOUS
10
2.799423937007874
20
0.6248416929133858
11
2.8005760629921261
21
0.6248416929133858
0
LINE
8
BLACK
6
CONTINUOUS
10
2.8005760629921261
20
0.6248416929133858
11
2.8016404724409449
21
0.6244007874015748
0
LINE
8
BLACK
6
CONTINUOUS
10
2.8016404724409449
20
0.6244007874015748
11
2.802455118110236
21
0.6235861417322834
0
LINE
8
BLACK
6
CONTINUOUS
10
2.802455118110236
20
0.6235861417322834
11
2.802896023622047
21
0.6225217322834645
0
LINE
8
BLACK
6
CONTINUOUS
10
2.802896023622047
20
0.6225217322834645
11
2.8029527559055119
21
0.6219456692913385
0
LINE
8
BLACK
6
CONTINUOUS
10
2.8029527559055119
20
0.6219456692913385
11
2.8029527559055119
21
0.4196850393700787
0
LINE
8
BLACK
6
CONTINUOUS
10
2.8029527559055119
20
0.4196850393700787
11
2.802896023622047
21
0.4191089763779527
0
LINE
8
BLACK
6
CONTINUOUS
10
2.802896023622047
20
0.4191089763779527
11
2.802455118110236
21
0.4180445669291338
0
LINE
8
BLACK
6
CONTINUOUS
10
2.802455118110236
20
0.4180445669291338
11
2.8016404724409449
21
0.4172299212598425
0
LINE
8
BLACK
6
CONTINUOUS
10
2.8016404724409449
20
0.4172299212598425
11
2.8005760629921261
21
0.4167890157480315
0
LINE
8
BLACK
6
CONTINUOUS
10
2.8005760629921261
20
0.4167890157480315
11
2.799423937007874
21
0.4167890157480315
0
LINE
8
BLACK
6
CONTINUOUS
10
2.799423937007874
20
0.4167890157480315
11
2.7983595275590551
21
0.4172299212598425
0
LINE
8
BLACK
6
CONTINUOUS
10
2.7983595275590551
20
0.4172299212598425
11
2.7975448818897637
21
0.4180445669291338
0
LINE
8
BLACK
6
CONTINUOUS
10
2.7975448818897637
20
0.4180445669291338
11
2.7971039763779526
21
0.4191089763779527
0
LINE
8
BLACK
6
CONTINUOUS
10
2.7971039763779526
20
0.4191089763779527
11
2.7970472440944882
21
0.4196850393700787
0
LINE
8
BLACK
6
CONTINUOUS
10
2.7970472440944882
20
0.4196850393700787
11
2.7970472440944882
21
0.5939922834645669
0
LINE
8
BLACK
6
CONTINUOUS
10
2.7970472440944882
20
0.5939922834645669
11
2.7570128740157478
21
0.5731516929133859
0
LINE
8
BLACK
6
CONTINUOUS
10
2.7570128740157478
20
0.5731516929133859
11
2.7564757086614171
21
0.5729360236220472
0
LINE
8
BLACK
6
CONTINUOUS
10
2.7564757086614171
20
0.5729360236220472
11
2.7553279921259843
21
0.5728356299212598
0
LINE
8
BLACK
6
CONTINUOUS
10
2.7553279921259843
20
0.5728356299212598
11
2.7542292125984251
21
0.5731820472440945
0
LINE
8
BLACK
6
CONTINUOUS
10
2.7542292125984251
20
0.5731820472440945
11
2.7533466535433071
21
0.5739225984251969
0
LINE
8
BLACK
6
CONTINUOUS
10
2.7533466535433071
20
0.5739225984251969
11
2.7528146456692912
21
0.5749445669291339
0
LINE
8
BLACK
6
CONTINUOUS
10
2.7528146456692912
20
0.5749445669291339
11
2.7527142519685039
21
0.5760922834645669
0
LINE
8
BLACK
6
CONTINUOUS
10
2.7527142519685039
20
0.5760922834645669
11
2.7530606692913384
21
0.577191062992126
0
LINE
8
BLACK
6
CONTINUOUS
10
2.7530606692913384
20
0.577191062992126
11
2.7538012204724409
21
0.5780736220472441
0
LINE
8
BLACK
6
CONTINUOUS
10
2.7538012204724409
20
0.5780736220472441
11
2.754286023622047
21
0.5783899606299212
0
LINE
8
BLACK
6
CONTINUOUS
10
2.754286023622047
20
0.5783899606299212
11
2.7879330708661416
21
0.5959055118110236
0
LINE
8
BLACK
6
CONTINUOUS
10
2.7879330708661416
20
0.5959055118110236
11
2.450035433070866
21
0.5959055118110236
0
LINE
8
BLACK
6
CONTINUOUS
10
2.450035433070866
20
0.5959055118110236
11
2.4836824803149606
21
0.5783899606299212
0
LINE
8
BLACK
6
CONTINUOUS
10
2.4836824803149606
20
0.5783899606299212
11
2.484167244094488
21
0.5780736220472441
0
LINE
8
BLACK
6
CONTINUOUS
10
2.484167244094488
20
0.5780736220472441
11
2.4849077952755905
21
0.577191062992126
0
LINE
8
BLACK
6
CONTINUOUS
10
2.4849077952755905
20
0.577191062992126
11
2.4852542519685037
21
0.5760922834645669
0
LINE
8
BLACK
6
CONTINUOUS
10
2.4852542519685037
20
0.5760922834645669
11
2.4851538582677164
21
0.5749445669291339
0
LINE
8
BLACK
6
CONTINUOUS
10
2.4851538582677164
20
0.5749445669291339
11
2.4846218503937005
21
0.5739226377952755
0
LINE
8
BLACK
6
CONTINUOUS
10
2.4846218503937005
20
0.5739226377952755
11
2.4837392913385825
21
0.5731820866141732
0
LINE
8
BLACK
6
CONTINUOUS
10
2.4837392913385825
20
0.5731820866141732
11
2.4826405118110237
21
0.5728356299212598
0
LINE
8
BLACK
6
CONTINUOUS
10
2.4826405118110237
20
0.5728356299212598
11
2.4814927952755905
21
0.5729360236220472
0
LINE
8
BLACK
6
CONTINUOUS
10
2.4814927952755905
20
0.5729360236220472
11
2.4809556299212598
21
0.5731516929133859
0
LINE
8
BLACK
6
CONTINUOUS
10
2.4809556299212598
20
0.5731516929133859
11
2.4409212598425198
21
0.5939922834645669
0
LINE
8
BLACK
6
CONTINUOUS
10
2.4409212598425198
20
0.5939922834645669
11
2.4409212598425198
21
0.5757708661417322
0
LINE
8
BLACK
6
CONTINUOUS
10
2.4409212598425198
20
0.5757708661417322
11
2.440864527559055
21
0.5751948031496062
0
LINE
8
BLACK
6
CONTINUOUS
10
2.440864527559055
20
0.5751948031496062
11
2.4404236220472439
21
0.5741303937007873
0
LINE
8
BLACK
6
CONTINUOUS
10
2.4404236220472439
20
0.5741303937007873
11
2.4396089763779525
21
0.5733157480314961
0
LINE
8
BLACK
6
CONTINUOUS
10
2.4396089763779525
20
0.5733157480314961
11
2.4385445669291337
21
0.572874842519685
0
LINE
8
BLACK
6
CONTINUOUS
10
2.4385445669291337
20
0.572874842519685
11
2.4373924409448819
21
0.572874842519685
0
LINE
8
BLACK
6
CONTINUOUS
10
2.4373924409448819
20
0.572874842519685
11
2.4363280314960631
21
0.5733157480314961
0
LINE
8
BLACK
6
CONTINUOUS
10
2.4363280314960631
20
0.5733157480314961
11
2.4355133858267717
21
0.5741303937007873
0
LINE
8
BLACK
6
CONTINUOUS
10
2.4355133858267717
20
0.5741303937007873
11
2.4350724803149606
21
0.5751948031496062
0
LINE
8
BLACK
6
CONTINUOUS
10
2.4350724803149606
20
0.5751948031496062
11
2.4350157480314958
21
0.5757708661417322
0
LINE
8
BLACK
6
CONTINUOUS
10
2.4350157480314958
20
0.5757708661417322
11
2.4350157480314958
21
0.7152125984251968
0
LINE
8
BLACK
6
CONTINUOUS
10
2.4350157480314958
20
0.7152125984251968
11
2.4350724803149606
21
0.7157886614173228
0
LINE
8
BLACK
6
CONTINUOUS
10
2.4350724803149606
20
0.7157886614173228
11
2.4355133858267717
21
0.7168530708661417
0
LINE
8
BLACK
6
CONTINUOUS
10
2.4355133858267717
20
0.7168530708661417
11
2.4363280314960631
21
0.717667716535433
0
LINE
8
BLACK
6
CONTINUOUS
10
2.4363280314960631
20
0.717667716535433
11
2.4373924409448819
21
0.7181086220472441
0
LINE
8
BLACK
6
CONTINUOUS
10
2.4373924409448819
20
0.7181086220472441
11
2.4385445669291337
21
0.7181086220472441
0
LINE
8
BLACK
6
CONTINUOUS
10
2.4385445669291337
20
0.7181086220472441
11
2.4396089763779525
21
0.717667716535433
0
LINE
8
BLACK
6
CONTINUOUS
10
1.1887537795275591
20
0.4972290157480315
11
1.1888517716535434
21
0.4971884251968504
0
LINE
8
BLACK
6
CONTINUOUS
10
1.1888517716535434
20
0.4971884251968504
11
1.1889575984251968
21
0.497180905511811
0
LINE
8
BLACK
6
CONTINUOUS
10
1.1889575984251968
20
0.497180905511811
11
1.1894982283464566
21
0.4969740157480315
0
LINE
8
BLACK
6
CONTINUOUS
10
1.1894982283464566
20
0.4969740157480315
11
1.1932477559055117
21
0.4950992519685039
0
LINE
8
BLACK
6
CONTINUOUS
10
1.1932477559055117
20
0.4950992519685039
11
1.1934957480314961
21
0.494943188976378
0
LINE
8
BLACK
6
CONTINUOUS
10
1.1934957480314961
20
0.494943188976378
11
1.193567716535433
21
0.4949133464566929
0
LINE
8
BLACK
6
CONTINUOUS
10
1.193567716535433
20
0.4949133464566929
11
1.1936486614173227
21
0.4948468897637795
0
LINE
8
BLACK
6
CONTINUOUS
10
1.1936486614173227
20
0.4948468897637795
11
1.1937376377952755
21
0.494790905511811
0
LINE
8
BLACK
6
CONTINUOUS
10
1.1937376377952755
20
0.494790905511811
11
1.193788779527559
21
0.4947319291338583
0
LINE
8
BLACK
6
CONTINUOUS
10
1.193788779527559
20
0.4947319291338583
11
1.1940151574803148
21
0.4945461417322835
0
LINE
8
BLACK
6
CONTINUOUS
10
1.1940151574803148
20
0.4945461417322835
11
1.1956767716535432
21
0.4928845275590551
0
LINE
8
BLACK
6
CONTINUOUS
10
1.1956767716535432
20
0.4928845275590551
11
1.1973383858267717
21
0.4945461417322835
0
LINE
8
BLACK
6
CONTINUOUS
10
1.1973383858267717
20
0.4945461417322835
11
1.1975647244094487
21
0.4947319291338583
0
LINE
8
BLACK
6
CONTINUOUS
10
1.1975647244094487
20
0.4947319291338583
11
1.197615905511811
21
0.494790905511811
0
LINE
8
BLACK
6
CONTINUOUS
10
1.197615905511811
20
0.494790905511811
11
1.197704842519685
21
0.4948468897637795
0
LINE
8
BLACK
6
CONTINUOUS
10
1.197704842519685
20
0.4948468897637795
11
1.1977858267716535
21
0.4949133464566929
0
LINE
8
BLACK
6
CONTINUOUS
10
1.1977858267716535
20
0.4949133464566929
11
1.1978577559055117
21
0.494943188976378
0
LINE
8
BLACK
6
CONTINUOUS
10
1.1978577559055117
20
0.494943188976378
11
1.1981057874015748
21
0.4950992519685039
0
LINE
8
BLACK
6
CONTINUOUS
10
1.1981057874015748
20
0.4950992519685039
11
1.2018553149606299
21
0.4969740157480315
0
LINE
8
BLACK
6
CONTINUOUS
10
1.2018553149606299
20
0.4969740157480315
11
1.202395905511811
21
0.497180905511811
0
LINE
8
BLACK
6
CONTINUOUS
10
1.202395905511811
20
0.497180905511811
11
1.2025017716535433
21
0.4971884645669291
0
LINE
8
BLACK
6
CONTINUOUS
10
1.2025017716535433
20
0.4971884645669291
11
1.2025997637795276
21
0.4972290157480315
0
LINE
8
BLACK
6
CONTINUOUS
10
1.2025997637795276
20
0.4972290157480315
11
1.2031758267716535
21
0.4972857480314961
0
LINE
8
BLACK
6
CONTINUOUS
10
1.2031758267716535
20
0.4972857480314961
11
1.2106748818897637
21
0.4972857480314961
0
LINE
8
BLACK
6
CONTINUOUS
10
1.2106748818897637
20
0.4972857480314961
11
1.2112509448818898
21
0.4972290157480315
0
LINE
8
BLACK
6
CONTINUOUS
10
1.2112509448818898
20
0.4972290157480315
11
1.211348937007874
21
0.4971884251968504
0
LINE
8
BLACK
6
CONTINUOUS
10
1.211348937007874
20
0.4971884251968504
11
1.2114547637795274
21
0.497180905511811
0
LINE
8
BLACK
6
CONTINUOUS
10
1.2114547637795274
20
0.497180905511811
11
1.2119953937007875
21
0.4969740157480315
0
LINE
8
BLACK
6
CONTINUOUS
10
1.2119953937007875
20
0.4969740157480315
11
1.2157449212598426
21
0.4950992519685039
0
LINE
8
BLACK
6
CONTINUOUS
10
1.2157449212598426
20
0.4950992519685039
11
1.2159927952755905
21
0.4949432283464567
0
LINE
8
BLACK
6
CONTINUOUS
10
1.2159927952755905
20
0.4949432283464567
11
1.2160648425196849
21
0.4949133858267716
0
LINE
8
BLACK
6
CONTINUOUS
10
1.2160648425196849
20
0.4949133858267716
11
1.2161458661417321
21
0.4948468897637795
0
LINE
8
BLACK
6
CONTINUOUS
10
1.2161458661417321
20
0.4948468897637795
11
1.2162348031496062
21
0.494790905511811
0
LINE
8
BLACK
6
CONTINUOUS
10
1.2162348031496062
20
0.494790905511811
11
1.2162859448818897
21
0.4947319291338583
0
LINE
8
BLACK
6
CONTINUOUS
10
1.2162859448818897
20
0.4947319291338583
11
1.216512283464567
21
0.4945461811023622
0
LINE
8
BLACK
6
CONTINUOUS
10
1.216512283464567
20
0.4945461811023622
11
1.2183870866141733
21
0.4926714173228346
0
LINE
8
BLACK
6
CONTINUOUS
10
1.2183870866141733
20
0.4926714173228346
11
1.2185728346456692
21
0.4924450787401575
0
LINE
8
BLACK
6
CONTINUOUS
10
1.2185728346456692
20
0.4924450787401575
11
1.2186318897637796
21
0.4923938582677165
0
LINE
8
BLACK
6
CONTINUOUS
10
1.2186318897637796
20
0.4923938582677165
11
1.2186878740157481
21
0.4923049212598425
0
LINE
8
BLACK
6
CONTINUOUS
10
1.2186878740157481
20
0.4923049212598425
11
1.2187543307086615
21
0.492223937007874
0
LINE
8
BLACK
6
CONTINUOUS
10
1.2187543307086615
20
0.492223937007874
11
1.2187841338582677
21
0.4921520078740158
0
LINE
8
BLACK
6
CONTINUOUS
10
1.2187841338582677
20
0.4921520078740158
11
1.2189402362204724
21
0.4919039763779527
0
LINE
8
BLACK
6
CONTINUOUS
10
1.2189402362204724
20
0.4919039763779527
11
1.220815
21
0.4881544488188976
0
LINE
8
BLACK
6
CONTINUOUS
10
1.220815
20
0.4881544488188976
11
1.2210218897637795
21
0.4876138582677165
0
LINE
8
BLACK
6
CONTINUOUS
10
1.2210218897637795
20
0.4876138582677165
11
1.2210294094488188
21
0.4875079921259842
0
LINE
8
BLACK
6
CONTINUOUS
10
1.2210294094488188
20
0.4875079921259842
11
1.2210699999999999
21
0.48741
0
LINE
8
BLACK
6
CONTINUOUS
10
1.2210699999999999
20
0.48741
11
1.2211267322834645
21
0.486833937007874
0
LINE
8
BLACK
6
CONTINUOUS
10
1.2211267322834645
20
0.486833937007874
11
1.2211267322834645
21
0.4793348818897638
0
LINE
8
BLACK
6
CONTINUOUS
10
1.2211267322834645
20
0.4793348818897638
11
1.2210699999999999
21
0.4787588188976378
0
LINE
8
BLACK
6
CONTINUOUS
10
1.2210699999999999
20
0.4787588188976378
11
1.2210294094488188
21
0.4786608661417323
0
LINE
8
BLACK
6
CONTINUOUS
10
1.2210294094488188
20
0.4786608661417323
11
1.2210218897637795
21
0.4785549606299213
0
LINE
8
BLACK
6
CONTINUOUS
10
1.2210218897637795
20
0.4785549606299213
11
1.220815
21
0.4780143700787401
0
LINE
8
BLACK
6
CONTINUOUS
10
1.220815
20
0.4780143700787401
11
1.2189402362204724
21
0.474264842519685
0
LINE
8
BLACK
6
CONTINUOUS
10
1.2189402362204724
20
0.474264842519685
11
1.2187841338582677
21
0.4740168503937008
0
LINE
8
BLACK
6
CONTINUOUS
10
1.2187841338582677
20
0.4740168503937008
11
1.2187543307086615
21
0.4739448818897637
0
LINE
8
BLACK
6
CONTINUOUS
10
1.2187543307086615
20
0.4739448818897637
11
1.2186878740157481
21
0.473863937007874
0
LINE
8
BLACK
6
CONTINUOUS
10
1.2186878740157481
20
0.473863937007874
11
1.2186318897637796
21
0.4737749606299212
0
LINE
8
BLACK
6
CONTINUOUS
10
1.2186318897637796
20
0.4737749606299212
11
1.2185728346456692
21
0.4737237795275591
0
LINE
8
BLACK
6
CONTINUOUS
10
1.2185728346456692
20
0.4737237795275591
11
1.2183870866141733
21
0.4734974015748031
0
LINE
8
BLACK
6
CONTINUOUS
10
1.2183870866141733
20
0.4734974015748031
11
1.216512283464567
21
0.4716226377952756
0
LINE
8
BLACK
6
CONTINUOUS
10
1.216512283464567
20
0.4716226377952756
11
1.2162859448818897
21
0.4714369291338583
0
LINE
8
BLACK
6
CONTINUOUS
10
1.2162859448818897
20
0.4714369291338583
11
1.2162348031496062
21
0.4713779133858267
0
LINE
8
BLACK
6
CONTINUOUS
10
1.2162348031496062
20
0.4713779133858267
11
1.2161458661417321
21
0.471321968503937
0
LINE
8
BLACK
6
CONTINUOUS
10
1.2161458661417321
20
0.471321968503937
11
1.2160648425196849
21
0.4712554330708661
0
LINE
8
BLACK
6
CONTINUOUS
10
1.2160648425196849
20
0.4712554330708661
11
1.2159927952755905
21
0.4712256299212598
0
LINE
8
BLACK
6
CONTINUOUS
10
1.2159927952755905
20
0.4712256299212598
11
1.2157449212598426
21
0.4710695669291338
0
LINE
8
BLACK
6
CONTINUOUS
10
1.2157449212598426
20
0.4710695669291338
11
1.2119953937007875
21
0.4691948031496063
0
LINE
8
BLACK
6
CONTINUOUS
10
1.2119953937007875
20
0.4691948031496063
11
1.2114547637795274
21
0.4689879133858267
0
LINE
8
BLACK
6
CONTINUOUS
10
1.2114547637795274
20
0.4689879133858267
11
1.211348937007874
21
0.4689804330708661
0
LINE
8
BLACK
6
CONTINUOUS
10
1.211348937007874
20
0.4689804330708661
11
1.2112509448818898
21
0.4689398031496063
0
LINE
8
BLACK
6
CONTINUOUS
10
1.2112509448818898
20
0.4689398031496063
11
1.2106748818897637
21
0.4688830708661417
0
LINE
8
BLACK
6
CONTINUOUS
10
1.2106748818897637
20
0.4688830708661417
11
1.2031758267716535
21
0.4688830708661417
0
LINE
8
BLACK
6
CONTINUOUS
10
1.2031758267716535
20
0.4688830708661417
11
1.2025997637795276
21
0.4689398031496063
0
LINE
8
BLACK
6
CONTINUOUS
10
1.2025997637795276
20
0.4689398031496063
11
1.2025017716535433
21
0.4689803937007874
0
LINE
8
BLACK
6
CONTINUOUS
10
1.2025017716535433
20
0.4689803937007874
11
1.202395905511811
21
0.4689879133858267
0
LINE
8
BLACK
6
CONTINUOUS
10
1.202395905511811
20
0.4689879133858267
11
1.2018553149606299
21
0.4691948031496063
0
LINE
8
BLACK
6
CONTINUOUS
10
1.2018553149606299
20
0.4691948031496063
11
1.1981057874015748
21
0.4710695669291338
0
LINE
8
BLACK
6
CONTINUOUS
10
1.1981057874015748
20
0.4710695669291338
11
1.1978577559055117
21
0.4712256692913386
0
LINE
8
BLACK
6
CONTINUOUS
10
1.1978577559055117
20
0.4712256692913386
11
1.1977858267716535
21
0.4712554724409448
0
LINE
8
BLACK
6
CONTINUOUS
10
1.1977858267716535
20
0.4712554724409448
11
1.197704842519685
21
0.471321968503937
0
LINE
8
BLACK
6
CONTINUOUS
10
1.197704842519685
20
0.471321968503937
11
1.197615905511811
21
0.4713779133858267
0
LINE
8
BLACK
6
CONTINUOUS
10
1.197615905511811
20
0.4713779133858267
11
1.1975647244094487
21
0.4714369291338583
0
LINE
8
BLACK
6
CONTINUOUS
10
1.1975647244094487
20
0.4714369291338583
11
1.1973383858267717
21
0.4716226771653543
0
LINE
8
BLACK
6
CONTINUOUS
10
1.1973383858267717
20
0.4716226771653543
11
1.1956767716535432
21
0.4732842913385827
0
LINE
8
BLACK
6
CONTINUOUS
10
1.1956767716535432
20
0.4732842913385827
11
1.1940151574803148
21
0.4716226771653543
0
LINE
8
BLACK
6
CONTINUOUS
10
1.1940151574803148
20
0.4716226771653543
11
1.193788779527559
21
0.4714369291338583
0
LINE
8
BLACK
6
CONTINUOUS
10
1.193788779527559
20
0.4714369291338583
11
1.1937376377952755
21
0.4713779133858267
0
LINE
8
BLACK
6
CONTINUOUS
10
1.1937376377952755
20
0.4713779133858267
11
1.1936486614173227
21
0.471321968503937
0
LINE
8
BLACK
6
CONTINUOUS
10
1.1936486614173227
20
0.471321968503937
11
1.193567716535433
21
0.4712554724409448
0
LINE
8
BLACK
6
CONTINUOUS
10
1.193567716535433
20
0.4712554724409448
11
1.1934957480314961
21
0.4712256692913386
0
LINE
8
BLACK
6
CONTINUOUS
10
1.1934957480314961
20
0.4712256692913386
11
1.1932477559055117
21
0.4710695669291338
0
LINE
8
BLACK
6
CONTINUOUS
10
1.1932477559055117
20
0.4710695669291338
11
1.1894982283464566
21
0.4691948031496063
0
LINE
8
BLACK
6
CONTINUOUS
10
1.1894982283464566
20
0.4691948031496063
11
1.1889575984251968
21
0.4689879133858267
0
LINE
8
BLACK
6
CONTINUOUS
10
1.1889575984251968
20
0.4689879133858267
11
1.1888517716535434
21
0.4689804330708661
0
LINE
8
BLACK
6
CONTINUOUS
10
1.1888517716535434
20
0.4689804330708661
11
1.1887537795275591
21
0.4689398031496063
0
LINE
8
BLACK
6
CONTINUOUS
10
1.1887537795275591
20
0.4689398031496063
11
1.188177716535433
21
0.4688830708661417
0
LINE
8
BLACK
6
CONTINUOUS
10
1.188177716535433
20
0.4688830708661417
11
1.1863029527559055
21
0.4688830708661417
0
LINE
8
BLACK
6
CONTINUOUS
10
1.1863029527559055
20
0.4688830708661417
11
1.1857268897637796
21
0.4689398031496063
0
LINE
8
BLACK
6
CONTINUOUS
10
1.1857268897637796
20
0.4689398031496063
11
1.1856288976377953
21
0.4689803937007874
0
LINE
8
BLACK
6
CONTINUOUS
10
1.1856288976377953
20
0.4689803937007874
11
1.185523031496063
21
0.4689879133858267
0
LINE
8
BLACK
6
CONTINUOUS
10
1.185523031496063
20
0.4689879133858267
11
1.1849824409448819
21
0.4691948031496063
0
LINE
8
BLACK
6
CONTINUOUS
10
1.1849824409448819
20
0.4691948031496063
11
1.1812329133858268
21
0.4710695669291338
0
LINE
8
BLACK
6
CONTINUOUS
10
1.1812329133858268
20
0.4710695669291338
11
1.1809848818897637
21
0.4712256692913386
0
LINE
8
BLACK
6
CONTINUOUS
10
1.1809848818897637
20
0.4712256692913386
11
1.1809129527559055
21
0.4712554724409448
0
LINE
8
BLACK
6
CONTINUOUS
10
1.1809129527559055
20
0.4712554724409448
11
1.180831968503937
21
0.471321968503937
0
LINE
8
BLACK
6
CONTINUOUS
10
1.180831968503937
20
0.471321968503937
11
1.180743031496063
21
0.4713779133858267
0
LINE
8
BLACK
6
CONTINUOUS
10
1.180743031496063
20
0.4713779133858267
11
1.1806918503937007
21
0.4714369291338583
0
LINE
8
BLACK
6
CONTINUOUS
10
1.1806918503937007
20
0.4714369291338583
11
1.1804655118110237
21
0.4716226771653543
0
LINE
8
BLACK
6
CONTINUOUS
10
1.1804655118110237
20
0.4716226771653543
11
1.1785907480314961
21
0.4734974409448819
0
LINE
8
BLACK
6
CONTINUOUS
10
1.1785907480314961
20
0.4734974409448819
11
1.1784049606299212
21
0.4737238188976378
0
LINE
8
BLACK
6
CONTINUOUS
10
1.1784049606299212
20
0.4737238188976378
11
1.1783459842519686
21
0.4737749606299212
0
LINE
8
BLACK
6
CONTINUOUS
10
1.1783459842519686
20
0.4737749606299212
11
1.1782900000000001
21
0.473863937007874
0
LINE
8
BLACK
6
CONTINUOUS
10
1.1782900000000001
20
0.473863937007874
11
1.1782235433070867
21
0.4739448818897637
0
LINE
8
BLACK
6
CONTINUOUS
10
1.1782235433070867
20
0.4739448818897637
11
1.1781937007874015
21
0.4740168503937008
0
LINE
8
BLACK
6
CONTINUOUS
10
1.1781937007874015
20
0.4740168503937008
11
1.1780376377952755
21
0.474264842519685
0
LINE
8
BLACK
6
CONTINUOUS
10
1.1780376377952755
20
0.474264842519685
11
1.1761628740157479
21
0.4780143700787401
0
LINE
8
BLACK
6
CONTINUOUS
10
1.1761628740157479
20
0.4780143700787401
11
1.1759559842519685
21
0.478555
0
LINE
8
BLACK
6
CONTINUOUS
10
1.1759559842519685
20
0.478555
11
1.1759484645669291
21
0.4786608267716536
0
LINE
8
BLACK
6
CONTINUOUS
10
1.1759484645669291
20
0.4786608267716536
11
1.175907874015748
21
0.4787588188976378
0
LINE
8
BLACK
6
CONTINUOUS
10
1.175907874015748
20
0.4787588188976378
11
1.1758511417322834
21
0.4793348818897638
0
LINE
8
BLACK
6
CONTINUOUS
10
1.1758511417322834
20
0.4793348818897638
11
1.1758511417322834
21
0.486833937007874
0
LINE
8
BLACK
6
CONTINUOUS
10
1.1758511417322834
20
0.486833937007874
11
1.175907874015748
21
0.48741
0
LINE
8
BLACK
6
CONTINUOUS
10
1.175907874015748
20
0.48741
11
1.1759484645669291
21
0.487508031496063
0
LINE
8
BLACK
6
CONTINUOUS
10
1.1759484645669291
20
0.487508031496063
11
1.1759559842519685
21
0.4876138188976378
0
LINE
8
BLACK
6
CONTINUOUS
10
1.1759559842519685
20
0.4876138188976378
11
1.1761628740157479
21
0.4881544488188976
0
LINE
8
BLACK
6
CONTINUOUS
10
1.1761628740157479
20
0.4881544488188976
11
1.1780376377952755
21
0.4919039763779527
0
LINE
8
BLACK
6
CONTINUOUS
10
1.1780376377952755
20
0.4919039763779527
11
1.1781937007874015
21
0.4921520078740158
0
LINE
8
BLACK
6
CONTINUOUS
10
1.1781937007874015
20
0.4921520078740158
11
1.1782235433070867
21
0.492223937007874
0
LINE
8
BLACK
6
CONTINUOUS
10
1.1782235433070867
20
0.492223937007874
11
1.1782900000000001
21
0.4923049212598425
0
LINE
8
BLACK
6
CONTINUOUS
10
1.1782900000000001
20
0.4923049212598425
11
1.1783459842519686
21
0.4923938582677165
0
LINE
8
BLACK
6
CONTINUOUS
10
1.1783459842519686
20
0.4923938582677165
11
1.1784049606299212
21
0.4924450393700787
0
LINE
8
BLACK
6
CONTINUOUS
10
1.1784049606299212
20
0.4924450393700787
11
1.1785907480314961
21
0.4926713779527559
0
LINE
8
BLACK
6
CONTINUOUS
10
1.1785907480314961
20
0.4926713779527559
11
1.1804655118110237
21
0.4945461417322835
0
LINE
8
BLACK
6
CONTINUOUS
10
1.1804655118110237
20
0.4945461417322835
11
1.1806918503937007
21
0.4947319291338583
0
LINE
8
BLACK
6
CONTINUOUS
10
1.1806918503937007
20
0.4947319291338583
11
1.180743031496063
21
0.494790905511811
0
LINE
8
BLACK
6
CONTINUOUS
10
1.180743031496063
20
0.494790905511811
11
1.180831968503937
21
0.4948468897637795
0
LINE
8
BLACK
6
CONTINUOUS
10
1.180831968503937
20
0.4948468897637795
11
1.1809129527559055
21
0.4949133464566929
0
LINE
8
BLACK
6
CONTINUOUS
10
1.1809129527559055
20
0.4949133464566929
11
1.1809848818897637
21
0.494943188976378
0
LINE
8
BLACK
6
CONTINUOUS
10
1.1809848818897637
20
0.494943188976378
11
1.1812329133858268
21
0.4950992519685039
0
LINE
8
BLACK
6
CONTINUOUS
10
1.1812329133858268
20
0.4950992519685039
11
1.1849824409448819
21
0.4969740157480315
0
LINE
8
BLACK
6
CONTINUOUS
10
1.1849824409448819
20
0.4969740157480315
11
1.185523031496063
21
0.497180905511811
0
LINE
8
BLACK
6
CONTINUOUS
10
1.185523031496063
20
0.497180905511811
11
1.1856288976377953
21
0.4971884645669291
0
LINE
8
BLACK
6
CONTINUOUS
10
1.1856288976377953
20
0.4971884645669291
11
1.1857268897637796
21
0.4972290157480315
0
LINE
8
BLACK
6
CONTINUOUS
10
1.1857268897637796
20
0.4972290157480315
11
1.1863029527559055
21
0.4972857480314961
0
LINE
8
BLACK
6
CONTINUOUS
10
1.1863029527559055
20
0.4972857480314961
11
1.188177716535433
21
0.4972857480314961
0
LINE
8
BLACK
6
CONTINUOUS
10
1.188177716535433
20
0.4972857480314961
11
1.1887537795275591
21
0.4972290157480315
0
LINE
8
BLACK
6
CONTINUOUS
10
1.1843025196850394
20
0.4900314960629921
11
1.1831053937007874
21
0.4888343700787401
0
LINE
8
BLACK
6
CONTINUOUS
10
1.1831053937007874
20
0.4888343700787401
11
1.1817566535433071
21
0.4861368897637795
0
LINE
8
BLACK
6
CONTINUOUS
10
1.1817566535433071
20
0.4861368897637795
11
1.1817566535433071
21
0.4800319291338583
0
LINE
8
BLACK
6
CONTINUOUS
10
1.1817566535433071
20
0.4800319291338583
11
1.1831053937007874
21
0.4773344488188976
0
LINE
8
BLACK
6
CONTINUOUS
10
1.1831053937007874
20
0.4773344488188976
11
1.1843025196850394
21
0.4761373228346457
0
LINE
8
BLACK
6
CONTINUOUS
10
1.1843025196850394
20
0.4761373228346457
11
1.1870000000000001
21
0.4747885826771653
0
LINE
8
BLACK
6
CONTINUOUS
10
1.1870000000000001
20
0.4747885826771653
11
1.1874806692913387
21
0.4747885826771653
0
LINE
8
BLACK
6
CONTINUOUS
10
1.1874806692913387
20
0.4747885826771653
11
1.1901781496062991
21
0.4761373228346457
0
LINE
8
BLACK
6
CONTINUOUS
10
1.1901781496062991
20
0.4761373228346457
11
1.1913752755905511
21
0.4773344488188976
0
LINE
8
BLACK
6
CONTINUOUS
10
1.1913752755905511
20
0.4773344488188976
11
1.1927240157480314
21
0.4800319291338583
0
LINE
8
BLACK
6
CONTINUOUS
10
1.1927240157480314
20
0.4800319291338583
11
1.1927240157480314
21
0.4861368897637795
0
LINE
8
BLACK
6
CONTINUOUS
10
1.1927240157480314
20
0.4861368897637795
11
1.1913752755905511
21
0.4888343700787401
0
LINE
8
BLACK
6
CONTINUOUS
10
1.1913752755905511
20
0.4888343700787401
11
1.1901781496062991
21
0.4900314960629921
0
LINE
8
BLACK
6
CONTINUOUS
10
1.1901781496062991
20
0.4900314960629921
11
1.1874806692913387
21
0.4913802362204724
0
LINE
8
BLACK
6
CONTINUOUS
10
1.1874806692913387
20
0.4913802362204724
11
1.1870000000000001
21
0.4913802362204724
0
LINE
8
BLACK
6
CONTINUOUS
10
1.1870000000000001
20
0.4913802362204724
11
1.1843025196850394
21
0.4900314960629921
0
LINE
8
BLACK
6
CONTINUOUS
10
1.2011753937007874
20
0.4900314960629921
11
1.1999782677165354
21
0.4888343700787401
0
LINE
8
BLACK
6
CONTINUOUS
10
1.1999782677165354
20
0.4888343700787401
11
1.1986295275590551
21
0.4861368897637795
0
LINE
8
BLACK
6
CONTINUOUS
10
1.1986295275590551
20
0.4861368897637795
11
1.1986295275590551
21
0.4800319291338583
0
LINE
8
BLACK
6
CONTINUOUS
10
1.1986295275590551
20
0.4800319291338583
11
1.1999782677165354
21
0.4773344488188976
0
LINE
8
BLACK
6
CONTINUOUS
10
1.1999782677165354
20
0.4773344488188976
11
1.2011753937007874
21
0.4761373228346457
0
LINE
8
BLACK
6
CONTINUOUS
10
1.2011753937007874
20
0.4761373228346457
11
1.2038728740157481
21
0.4747885826771653
0
LINE
8
BLACK
6
CONTINUOUS
10
1.2038728740157481
20
0.4747885826771653
11
1.2099778346456693
21
0.4747885826771653
0
LINE
8
BLACK
6
CONTINUOUS
10
1.2099778346456693
20
0.4747885826771653
11
1.21267531496063
21
0.4761373622047244
0
LINE
8
BLACK
6
CONTINUOUS
10
1.21267531496063
20
0.4761373622047244
11
1.2138724803149605
21
0.4773344881889764
0
LINE
8
BLACK
6
CONTINUOUS
10
1.2138724803149605
20
0.4773344881889764
11
1.2152212204724409
21
0.4800319291338583
0
LINE
8
BLACK
6
CONTINUOUS
10
1.2152212204724409
20
0.4800319291338583
11
1.2152212204724409
21
0.4861368897637795
0
LINE
8
BLACK
6
CONTINUOUS
10
1.2152212204724409
20
0.4861368897637795
11
1.2138724803149605
21
0.4888343700787401
0
LINE
8
BLACK
6
CONTINUOUS
10
1.2138724803149605
20
0.4888343700787401
11
1.21267531496063
21
0.4900314960629921
0
LINE
8
BLACK
6
CONTINUOUS
10
1.21267531496063
20
0.4900314960629921
11
1.2099778346456693
21
0.4913802362204724
0
LINE
8
BLACK
6
CONTINUOUS
10
1.2099778346456693
20
0.4913802362204724
11
1.2038728740157481
21
0.4913802362204724
0
LINE
8
BLACK
6
CONTINUOUS
10
1.2038728740157481
20
0.4913802362204724
11
1.2011753937007874
21
0.4900314960629921
0
LINE
8
BLACK
6
CONTINUOUS
10
1.2179396062992125
20
0.5155358267716535
11
1.21793968503937
21
0.5155357874015748
0
LINE
8
BLACK
6
CONTINUOUS
10
1.21793968503937
20
0.5155357874015748
11
1.218387125984252
21
0.5151685826771654
0
LINE
8
BLACK
6
CONTINUOUS
10
1.218387125984252
20
0.5151685826771654
11
1.2202618897637796
21
0.5132938188976378
0
LINE
8
BLACK
6
CONTINUOUS
10
1.2202618897637796
20
0.5132938188976378
11
1.220629094488189
21
0.5128463779527559
0
LINE
8
BLACK
6
CONTINUOUS
10
1.220629094488189
20
0.5128463779527559
11
1.2207706692913385
21
0.5125046062992126
0
LINE
8
BLACK
6
CONTINUOUS
10
1.2207706692913385
20
0.5125046062992126
11
1.2210699999999999
21
0.5117819291338582
0
LINE
8
BLACK
6
CONTINUOUS
10
1.2210699999999999
20
0.5117819291338582
11
1.2210699999999999
21
0.510629842519685
0
LINE
8
BLACK
6
CONTINUOUS
10
1.2210699999999999
20
0.510629842519685
11
1.220629094488189
21
0.5095654330708661
0
LINE
8
BLACK
6
CONTINUOUS
10
1.220629094488189
20
0.5095654330708661
11
1.2202618897637796
21
0.5091179921259842
0
LINE
8
BLACK
6
CONTINUOUS
10
1.2202618897637796
20
0.5091179921259842
11
1.218387125984252
21
0.5072432283464566
0
LINE
8
BLACK
6
CONTINUOUS
10
1.218387125984252
20
0.5072432283464566
11
1.21793968503937
21
0.5068760236220472
0
LINE
8
BLACK
6
CONTINUOUS
10
1.21793968503937
20
0.5068760236220472
11
1.2168752755905512
21
0.5064351181102362
0
LINE
8
BLACK
6
CONTINUOUS
10
1.2168752755905512
20
0.5064351181102362
11
1.215723188976378
21
0.5064351181102362
0
LINE
8
BLACK
6
CONTINUOUS
10
1.215723188976378
20
0.5064351181102362
11
1.214658779527559
21
0.5068759842519684
0
LINE
8
BLACK
6
CONTINUOUS
10
1.214658779527559
20
0.5068759842519684
11
1.2142112992125984
21
0.5072432283464566
0
LINE
8
BLACK
6
CONTINUOUS
10
1.2142112992125984
20
0.5072432283464566
11
1.2123365354330708
21
0.5091179527559055
0
LINE
8
BLACK
6
CONTINUOUS
10
1.2123365354330708
20
0.5091179527559055
11
1.2119692913385827
21
0.5095654330708661
0
LINE
8
BLACK
6
CONTINUOUS
10
1.2119692913385827
20
0.5095654330708661
11
1.2119692519685039
21
0.5095654724409449
0
LINE
8
BLACK
6
CONTINUOUS
10
1.2119692519685039
20
0.5095654724409449
11
1.2115283858267716
21
0.5106298818897638
0
LINE
8
BLACK
6
CONTINUOUS
10
1.2115283858267716
20
0.5106298818897638
11
1.2115283858267716
21
0.511781968503937
0
LINE
8
BLACK
6
CONTINUOUS
10
1.2115283858267716
20
0.511781968503937
11
1.211827716535433
21
0.5125046062992126
0
LINE
8
BLACK
6
CONTINUOUS
10
1.211827716535433
20
0.5125046062992126
11
1.2119692519685039
21
0.5128463385826771
0
LINE
8
BLACK
6
CONTINUOUS
10
1.2119692519685039
20
0.5128463385826771
11
1.2119692913385827
21
0.5128463779527559
0
LINE
8
BLACK
6
CONTINUOUS
10
1.2119692913385827
20
0.5128463779527559
11
1.2123365354330708
21
0.5132938582677166
0
LINE
8
BLACK
6
CONTINUOUS
10
1.2123365354330708
20
0.5132938582677166
11
1.2142112992125984
21
0.5151685826771654
0
LINE
8
BLACK
6
CONTINUOUS
10
1.2142112992125984
20
0.5151685826771654
11
1.214658779527559
21
0.5155358267716535
0
LINE
8
BLACK
6
CONTINUOUS
10
1.214658779527559
20
0.5155358267716535
11
1.215723188976378
21
0.5159766929133858
0
LINE
8
BLACK
6
CONTINUOUS
10
1.215723188976378
20
0.5159766929133858
11
1.2168752755905512
21
0.5159766929133858
0
LINE
8
BLACK
6
CONTINUOUS
10
1.2168752755905512
20
0.5159766929133858
11
1.2179396062992125
21
0.5155358267716535
0
LINE
8
BLACK
6
CONTINUOUS
10
1.2112509448818898
20
0.553471968503937
11
1.211348937007874
21
0.5534313779527559
0
LINE
8
BLACK
6
CONTINUOUS
10
1.211348937007874
20
0.5534313779527559
11
1.2114547637795274
21
0.5534238582677166
0
LINE
8
BLACK
6
CONTINUOUS
10
1.2114547637795274
20
0.5534238582677166
11
1.2119953937007875
21
0.553216968503937
0
LINE
8
BLACK
6
CONTINUOUS
10
1.2119953937007875
20
0.553216968503937
11
1.2157449212598426
21
0.5513422047244094
0
LINE
8
BLACK
6
CONTINUOUS
10
1.2157449212598426
20
0.5513422047244094
11
1.2159927952755905
21
0.5511861811023622
0
LINE
8
BLACK
6
CONTINUOUS
10
1.2159927952755905
20
0.5511861811023622
11
1.2160648425196849
21
0.5511563385826772
0
LINE
8
BLACK
6
CONTINUOUS
10
1.2160648425196849
20
0.5511563385826772
11
1.2161458661417321
21
0.5510898425196851
0
LINE
8
BLACK
6
CONTINUOUS
10
1.2161458661417321
20
0.5510898425196851
11
1.2162348031496062
21
0.5510338582677166
0
LINE
8
BLACK
6
CONTINUOUS
10
1.2162348031496062
20
0.5510338582677166
11
1.2162859448818897
21
0.5509748818897637
0
LINE
8
BLACK
6
CONTINUOUS
10
1.2162859448818897
20
0.5509748818897637
11
1.216512283464567
21
0.5507891338582677
0
LINE
8
BLACK
6
CONTINUOUS
10
1.216512283464567
20
0.5507891338582677
11
1.2183870866141733
21
0.5489143700787401
0
LINE
8
BLACK
6
CONTINUOUS
10
1.2183870866141733
20
0.5489143700787401
11
1.2185728346456692
21
0.5486880314960629
0
LINE
8
BLACK
6
CONTINUOUS
10
1.2185728346456692
20
0.5486880314960629
11
1.2186318897637796
21
0.5486368110236221
0
LINE
8
BLACK
6
CONTINUOUS
10
1.2186318897637796
20
0.5486368110236221
11
1.2186878740157481
21
0.548547874015748
0
LINE
8
BLACK
6
CONTINUOUS
10
1.2186878740157481
20
0.548547874015748
11
1.2187543307086615
21
0.5484668897637796
0
LINE
8
BLACK
6
CONTINUOUS
10
1.2187543307086615
20
0.5484668897637796
11
1.2187841338582677
21
0.5483949606299212
0
LINE
8
BLACK
6
CONTINUOUS
10
1.2187841338582677
20
0.5483949606299212
11
1.2189402362204724
21
0.5481469291338582
0
LINE
8
BLACK
6
CONTINUOUS
10
1.2189402362204724
20
0.5481469291338582
11
1.220815
21
0.5443974015748031
0
LINE
8
BLACK
6
CONTINUOUS
10
1.220815
20
0.5443974015748031
11
1.2210218897637795
21
0.543856811023622
0
LINE
8
BLACK
6
CONTINUOUS
10
1.2210218897637795
20
0.543856811023622
11
1.2210294094488188
21
0.5437509448818898
0
LINE
8
BLACK
6
CONTINUOUS
10
1.2210294094488188
20
0.5437509448818898
11
1.2210699999999999
21
0.5436529527559055
0
LINE
8
BLACK
6
CONTINUOUS
10
1.2210699999999999
20
0.5436529527559055
11
1.2211267322834645
21
0.5430768897637795
0
LINE
8
BLACK
6
CONTINUOUS
10
1.2211267322834645
20
0.5430768897637795
11
1.2211267322834645
21
0.5337030708661418
0
LINE
8
BLACK
6
CONTINUOUS
10
1.2211267322834645
20
0.5337030708661418
11
1.2210699999999999
21
0.5331270078740158
0
LINE
8
BLACK
6
CONTINUOUS
10
1.2210699999999999
20
0.5331270078740158
11
1.2210294094488188
21
0.5330290551181103
0
LINE
8
BLACK
6
CONTINUOUS
10
1.2210294094488188
20
0.5330290551181103
11
1.2210218897637795
21
0.5329231496062992
0
LINE
8
BLACK
6
CONTINUOUS
10
1.2210218897637795
20
0.5329231496062992
11
1.220815
21
0.5323825590551181
0
LINE
8
BLACK
6
CONTINUOUS
10
1.220815
20
0.5323825590551181
11
1.2189402362204724
21
0.528633031496063
0
LINE
8
BLACK
6
CONTINUOUS
10
1.2189402362204724
20
0.528633031496063
11
1.2187841338582677
21
0.5283850393700787
0
LINE
8
BLACK
6
CONTINUOUS
10
1.2187841338582677
20
0.5283850393700787
11
1.2187543307086615
21
0.5283130708661418
0
LINE
8
BLACK
6
CONTINUOUS
10
1.2187543307086615
20
0.5283130708661418
11
1.2186878740157481
21
0.528232125984252
0
LINE
8
BLACK
6
CONTINUOUS
10
1.2186878740157481
20
0.528232125984252
11
1.2186318897637796
21
0.5281431496062992
0
LINE
8
BLACK
6
CONTINUOUS
10
1.2186318897637796
20
0.5281431496062992
11
1.2185728346456692
21
0.528091968503937
0
LINE
8
BLACK
6
CONTINUOUS
10
1.2185728346456692
20
0.528091968503937
11
1.2183870866141733
21
0.5278655905511811
0
LINE
8
BLACK
6
CONTINUOUS
10
1.2183870866141733
20
0.5278655905511811
11
1.216512283464567
21
0.5259908267716535
0
LINE
8
BLACK
6
CONTINUOUS
10
1.216512283464567
20
0.5259908267716535
11
1.2160648425196849
21
0.5256236220472441
0
LINE
8
BLACK
6
CONTINUOUS
10
1.2160648425196849
20
0.5256236220472441
11
1.2150004330708661
21
0.5251827559055118
0
LINE
8
BLACK
6
CONTINUOUS
10
1.2150004330708661
20
0.5251827559055118
11
1.2138483464566929
21
0.5251827559055118
0
LINE
8
BLACK
6
CONTINUOUS
10
1.2138483464566929
20
0.5251827559055118
11
1.2127839370078739
21
0.5256236614173229
0
LINE
8
BLACK
6
CONTINUOUS
10
1.2127839370078739
20
0.5256236614173229
11
1.2119692519685039
21
0.5264383464566929
0
LINE
8
BLACK
6
CONTINUOUS
10
1.2119692519685039
20
0.5264383464566929
11
1.2115283858267716
21
0.5275027559055118
0
LINE
8
BLACK
6
CONTINUOUS
10
1.2115283858267716
20
0.5275027559055118
11
1.2115283858267716
21
0.528654842519685
0
LINE
8
BLACK
6
CONTINUOUS
10
1.2115283858267716
20
0.528654842519685
11
1.2119692913385827
21
0.5297192519685039
0
LINE
8
BLACK
6
CONTINUOUS
10
1.2119692913385827
20
0.5297192519685039
11
1.2123365354330708
21
0.5301667322834646
0
LINE
8
BLACK
6
CONTINUOUS
10
1.2123365354330708
20
0.5301667322834646
11
1.2138724803149605
21
0.5317026771653544
0
LINE
8
BLACK
6
CONTINUOUS
10
1.2138724803149605
20
0.5317026771653544
11
1.2152212204724409
21
0.5344001181102362
0
LINE
8
BLACK
6
CONTINUOUS
10
1.2152212204724409
20
0.5344001181102362
11
1.2152212204724409
21
0.5423798425196851
0
LINE
8
BLACK
6
CONTINUOUS
10
1.2152212204724409
20
0.5423798425196851
11
1.2138724803149605
21
0.5450773228346456
0
LINE
8
BLACK
6
CONTINUOUS
10
1.2138724803149605
20
0.5450773228346456
11
1.21267531496063
21
0.5462744488188976
0
LINE
8
BLACK
6
CONTINUOUS
10
1.21267531496063
20
0.5462744488188976
11
1.2099778346456693
21
0.547623188976378
0
LINE
8
BLACK
6
CONTINUOUS
10
1.2099778346456693
20
0.547623188976378
11
1.2019981102362205
21
0.547623188976378
0
LINE
8
BLACK
6
CONTINUOUS
10
1.2019981102362205
20
0.547623188976378
11
1.1993006299212599
21
0.5462744488188976
0
LINE
8
BLACK
6
CONTINUOUS
10
1.1993006299212599
20
0.5462744488188976
11
1.1981035039370078
21
0.5450773228346456
0
LINE
8
BLACK
6
CONTINUOUS
10
1.1981035039370078
20
0.5450773228346456
11
1.1967547637795275
21
0.5423798425196851
0
LINE
8
BLACK
6
CONTINUOUS
10
1.1967547637795275
20
0.5423798425196851
11
1.1967547637795275
21
0.5344001181102362
0
LINE
8
BLACK
6
CONTINUOUS
10
1.1967547637795275
20
0.5344001181102362
11
1.1981035039370078
21
0.5317026377952756
0
LINE
8
BLACK
6
CONTINUOUS
10
1.1981035039370078
20
0.5317026377952756
11
1.1996394488188975
21
0.5301666929133858
0
LINE
8
BLACK
6
CONTINUOUS
10
1.1996394488188975
20
0.5301666929133858
11
1.2000066535433072
21
0.5297192519685039
0
LINE
8
BLACK
6
CONTINUOUS
10
1.2000066535433072
20
0.5297192519685039
11
1.2000635433070865
21
0.5295819291338583
0
LINE
8
BLACK
6
CONTINUOUS
10
1.2000635433070865
20
0.5295819291338583
11
1.2001577165354331
21
0.529466811023622
0
LINE
8
BLACK
6
CONTINUOUS
10
1.2001577165354331
20
0.529466811023622
11
1.200282401574803
21
0.5290535433070866
0
LINE
8
BLACK
6
CONTINUOUS
10
1.200282401574803
20
0.5290535433070866
11
1.200447559055118
21
0.528654842519685
0
LINE
8
BLACK
6
CONTINUOUS
10
1.200447559055118
20
0.528654842519685
11
1.200447559055118
21
0.5285061811023621
0
LINE
8
BLACK
6
CONTINUOUS
10
1.200447559055118
20
0.5285061811023621
11
1.2004905118110236
21
0.5283638188976378
0
LINE
8
BLACK
6
CONTINUOUS
10
1.2004905118110236
20
0.5283638188976378
11
1.200447559055118
21
0.5279343307086614
0
LINE
8
BLACK
6
CONTINUOUS
10
1.200447559055118
20
0.5279343307086614
11
1.200447559055118
21
0.5275027559055118
0
LINE
8
BLACK
6
CONTINUOUS
10
1.200447559055118
20
0.5275027559055118
11
1.2003906299212599
21
0.5273654330708661
0
LINE
8
BLACK
6
CONTINUOUS
10
1.2003906299212599
20
0.5273654330708661
11
1.2003758661417323
21
0.5272174015748031
0
LINE
8
BLACK
6
CONTINUOUS
10
1.2003758661417323
20
0.5272174015748031
11
1.2001717322834646
21
0.526836968503937
0
LINE
8
BLACK
6
CONTINUOUS
10
1.2001717322834646
20
0.526836968503937
11
1.2000066535433072
21
0.5264383464566929
0
LINE
8
BLACK
6
CONTINUOUS
10
1.2000066535433072
20
0.5264383464566929
11
1.1999014960629921
21
0.5263332283464567
0
LINE
8
BLACK
6
CONTINUOUS
10
1.1999014960629921
20
0.5263332283464567
11
1.1998312204724408
21
0.5262021653543307
0
LINE
8
BLACK
6
CONTINUOUS
10
1.1998312204724408
20
0.5262021653543307
11
1.1994970078740157
21
0.5259287401574803
0
LINE
8
BLACK
6
CONTINUOUS
10
1.1994970078740157
20
0.5259287401574803
11
1.1991919685039369
21
0.5256236614173229
0
LINE
8
BLACK
6
CONTINUOUS
10
1.1991919685039369
20
0.5256236614173229
11
1.19905468503937
21
0.525566811023622
0
LINE
8
BLACK
6
CONTINUOUS
10
1.19905468503937
20
0.525566811023622
11
1.1989395669291338
21
0.5254725984251969
0
LINE
8
BLACK
6
CONTINUOUS
10
1.1989395669291338
20
0.5254725984251969
11
1.1985261417322834
21
0.525347874015748
0
LINE
8
BLACK
6
CONTINUOUS
10
1.1985261417322834
20
0.525347874015748
11
1.1981275590551181
21
0.5251827559055118
0
LINE
8
BLACK
6
CONTINUOUS
10
1.1981275590551181
20
0.5251827559055118
11
1.1979789370078739
21
0.5251827559055118
0
LINE
8
BLACK
6
CONTINUOUS
10
1.1979789370078739
20
0.5251827559055118
11
1.1978365748031496
21
0.5251398031496063
0
LINE
8
BLACK
6
CONTINUOUS
10
1.1978365748031496
20
0.5251398031496063
11
1.197257716535433
21
0.5251406692913386
0
LINE
8
BLACK
6
CONTINUOUS
10
1.197257716535433
20
0.5251406692913386
11
1.1785100787401575
21
0.5270154330708662
0
LINE
8
BLACK
6
CONTINUOUS
10
1.1785100787401575
20
0.5270154330708662
11
1.1783001574803149
21
0.5270575196850393
0
LINE
8
BLACK
6
CONTINUOUS
10
1.1783001574803149
20
0.5270575196850393
11
1.1782278346456692
21
0.5270575196850393
0
LINE
8
BLACK
6
CONTINUOUS
10
1.1782278346456692
20
0.5270575196850393
11
1.1781599999999999
21
0.5270856299212598
0
LINE
8
BLACK
6
CONTINUOUS
10
1.1781599999999999
20
0.5270856299212598
11
1.1779425196850393
21
0.5271292125984252
0
LINE
8
BLACK
6
CONTINUOUS
10
1.1779425196850393
20
0.5271292125984252
11
1.1775622047244094
21
0.5273332677165354
0
LINE
8
BLACK
6
CONTINUOUS
10
1.1775622047244094
20
0.5273332677165354
11
1.1771634251968504
21
0.5274984251968504
0
LINE
8
BLACK
6
CONTINUOUS
10
1.1771634251968504
20
0.5274984251968504
11
1.1770582283464566
21
0.5276036220472441
0
LINE
8
BLACK
6
CONTINUOUS
10
1.1770582283464566
20
0.5276036220472441
11
1.176927283464567
21
0.5276738582677165
0
LINE
8
BLACK
6
CONTINUOUS
10
1.176927283464567
20
0.5276738582677165
11
1.1766540157480314
21
0.5280078346456692
0
LINE
8
BLACK
6
CONTINUOUS
10
1.1766540157480314
20
0.5280078346456692
11
1.1763487795275591
21
0.5283130708661418
0
LINE
8
BLACK
6
CONTINUOUS
10
1.1763487795275591
20
0.5283130708661418
11
1.1762918503937008
21
0.5284504330708661
0
LINE
8
BLACK
6
CONTINUOUS
10
1.1762918503937008
20
0.5284504330708661
11
1.1761977165354331
21
0.5285655118110236
0
LINE
8
BLACK
6
CONTINUOUS
10
1.1761977165354331
20
0.5285655118110236
11
1.1760729921259843
21
0.5289788188976378
0
LINE
8
BLACK
6
CONTINUOUS
10
1.1760729921259843
20
0.5289788188976378
11
1.175907874015748
21
0.5293774803149606
0
LINE
8
BLACK
6
CONTINUOUS
10
1.175907874015748
20
0.5293774803149606
11
1.1758861023622047
21
0.5295981889763779
0
LINE
8
BLACK
6
CONTINUOUS
10
1.1758861023622047
20
0.5295981889763779
11
1.1758649212598424
21
0.5296685039370078
0
LINE
8
BLACK
6
CONTINUOUS
10
1.1758649212598424
20
0.5296685039370078
11
1.1758720866141732
21
0.5297405118110237
0
LINE
8
BLACK
6
CONTINUOUS
10
1.1758720866141732
20
0.5297405118110237
11
1.1758511417322834
21
0.5299535433070865
0
LINE
8
BLACK
6
CONTINUOUS
10
1.1758511417322834
20
0.5299535433070865
11
1.1758511417322834
21
0.5487011811023622
0
LINE
8
BLACK
6
CONTINUOUS
10
1.1758511417322834
20
0.5487011811023622
11
1.175907874015748
21
0.5492772440944882
0
LINE
8
BLACK
6
CONTINUOUS
10
1.175907874015748
20
0.5492772440944882
11
1.1763487795275591
21
0.5503416535433071
0
LINE
8
BLACK
6
CONTINUOUS
10
1.1763487795275591
20
0.5503416535433071
11
1.1771634251968504
21
0.5511562992125985
0
LINE
8
BLACK
6
CONTINUOUS
10
1.1771634251968504
20
0.5511562992125985
11
1.1782278346456692
21
0.5515972047244094
0
LINE
8
BLACK
6
CONTINUOUS
10
1.1782278346456692
20
0.5515972047244094
11
1.1793799606299213
21
0.5515972047244094
0
LINE
8
BLACK
6
CONTINUOUS
10
1.1793799606299213
20
0.5515972047244094
11
1.1804443700787401
21
0.5511562992125985
0
LINE
8
BLACK
6
CONTINUOUS
10
1.1804443700787401
20
0.5511562992125985
11
1.1812590157480314
21
0.5503416535433071
0
LINE
8
BLACK
6
CONTINUOUS
10
1.1812590157480314
20
0.5503416535433071
11
1.1816999212598425
21
0.5492772440944882
0
LINE
8
BLACK
6
CONTINUOUS
10
1.1816999212598425
20
0.5492772440944882
11
1.1817566535433071
21
0.5487011811023622
0
LINE
8
BLACK
6
CONTINUOUS
10
1.1817566535433071
20
0.5487011811023622
11
1.1817566535433071
21
0.5326257874015748
0
LINE
8
BLACK
6
CONTINUOUS
10
1.1817566535433071
20
0.5326257874015748
11
1.1915279133858268
21
0.5316486614173228
0
LINE
8
BLACK
6
CONTINUOUS
10
1.1915279133858268
20
0.5316486614173228
11
1.1911609842519684
21
0.5323825590551181
0
LINE
8
BLACK
6
CONTINUOUS
10
1.1911609842519684
20
0.5323825590551181
11
1.1909540944881889
21
0.5329231889763779
0
LINE
8
BLACK
6
CONTINUOUS
10
1.1909540944881889
20
0.5329231889763779
11
1.1909465748031496
21
0.5330290157480315
0
LINE
8
BLACK
6
CONTINUOUS
10
1.1909465748031496
20
0.5330290157480315
11
1.1909059842519685
21
0.5331270078740158
0
LINE
8
BLACK
6
CONTINUOUS
10
1.1909059842519685
20
0.5331270078740158
11
1.1908492519685039
21
0.5337030708661418
0
LINE
8
BLACK
6
CONTINUOUS
10
1.1908492519685039
20
0.5337030708661418
11
1.1908492519685039
21
0.5430768897637795
0
LINE
8
BLACK
6
CONTINUOUS
10
1.1908492519685039
20
0.5430768897637795
11
1.1909059842519685
21
0.5436529527559055
0
LINE
8
BLACK
6
CONTINUOUS
10
1.1909059842519685
20
0.5436529527559055
11
1.1909465748031496
21
0.5437509842519684
0
LINE
8
BLACK
6
CONTINUOUS
10
1.1909465748031496
20
0.5437509842519684
11
1.1909540944881889
21
0.5438567716535433
0
LINE
8
BLACK
6
CONTINUOUS
10
1.1909540944881889
20
0.5438567716535433
11
1.1911609842519684
21
0.5443974015748031
0
LINE
8
BLACK
6
CONTINUOUS
10
1.1911609842519684
20
0.5443974015748031
11
1.1930357480314961
21
0.5481469291338582
0
LINE
8
BLACK
6
CONTINUOUS
10
1.1930357480314961
20
0.5481469291338582
11
1.1931918110236219
21
0.5483949606299212
0
LINE
8
BLACK
6
CONTINUOUS
10
1.1931918110236219
20
0.5483949606299212
11
1.1932216535433071
21
0.5484668897637796
0
LINE
8
BLACK
6
CONTINUOUS
10
1.1932216535433071
20
0.5484668897637796
11
1.1932881102362205
21
0.548547874015748
0
LINE
8
BLACK
6
CONTINUOUS
10
1.1932881102362205
20
0.548547874015748
11
1.193344094488189
21
0.5486368110236221
0
LINE
8
BLACK
6
CONTINUOUS
10
1.193344094488189
20
0.5486368110236221
11
1.1934030708661416
21
0.5486879921259843
0
LINE
8
BLACK
6
CONTINUOUS
10
1.1934030708661416
20
0.5486879921259843
11
1.1935888582677165
21
0.5489143307086614
0
LINE
8
BLACK
6
CONTINUOUS
10
1.1935888582677165
20
0.5489143307086614
11
1.1954636220472441
21
0.5507890944881889
0
LINE
8
BLACK
6
CONTINUOUS
10
1.1954636220472441
20
0.5507890944881889
11
1.1956899606299212
21
0.5509748818897637
0
LINE
8
BLACK
6
CONTINUOUS
10
1.1956899606299212
20
0.5509748818897637
11
1.1957411417322834
21
0.5510338582677166
0
LINE
8
BLACK
6
CONTINUOUS
10
1.1957411417322834
20
0.5510338582677166
11
1.1958300787401575
21
0.5510898425196851
0
LINE
8
BLACK
6
CONTINUOUS
10
1.1958300787401575
20
0.5510898425196851
11
1.1959110629921259
21
0.5511562992125985
0
LINE
8
BLACK
6
CONTINUOUS
10
1.1959110629921259
20
0.5511562992125985
11
1.1959829921259841
21
0.5511861417322834
0
LINE
8
BLACK
6
CONTINUOUS
10
1.1959829921259841
20
0.5511861417322834
11
1.1962310236220473
21
0.5513422047244094
0
LINE
8
BLACK
6
CONTINUOUS
10
1.1962310236220473
20
0.5513422047244094
11
1.1999805511811024
21
0.553216968503937
0
LINE
8
BLACK
6
CONTINUOUS
10
1.1999805511811024
20
0.553216968503937
11
1.2005211417322834
21
0.5534238582677166
0
LINE
8
BLACK
6
CONTINUOUS
10
1.2005211417322834
20
0.5534238582677166
11
1.2006270078740158
21
0.5534314173228346
0
LINE
8
BLACK
6
CONTINUOUS
10
1.2006270078740158
20
0.5534314173228346
11
1.200725
21
0.553471968503937
0
LINE
8
BLACK
6
CONTINUOUS
10
1.200725
20
0.553471968503937
11
1.2013010629921259
21
0.5535287007874016
0
LINE
8
BLACK
6
CONTINUOUS
10
1.2013010629921259
20
0.5535287007874016
11
1.2106748818897637
21
0.5535287007874016
0
LINE
8
BLACK
6
CONTINUOUS
10
1.2106748818897637
20
0.5535287007874016
11
1.2112509448818898
21
0.553471968503937
0
LINE
8
BLACK
6
CONTINUOUS
10
1.2032763385826772
20
0.5910141338582677
11
1.2033193700787401
21
0.5910205118110237
0
LINE
8
BLACK
6
CONTINUOUS
10
1.2033193700787401
20
0.5910205118110237
11
1.203534842519685
21
0.5909886614173229
0
LINE
8
BLACK
6
CONTINUOUS
10
1.203534842519685
20
0.5909886614173229
11
1.2037518897637796
21
0.590967283464567
0
LINE
8
BLACK
6
CONTINUOUS
10
1.2037518897637796
20
0.590967283464567
11
1.2037920866141731
21
0.5909506692913385
0
LINE
8
BLACK
6
CONTINUOUS
10
1.2037920866141731
20
0.5909506692913385
11
1.2038919685039369
21
0.5909358661417323
0
LINE
8
BLACK
6
CONTINUOUS
10
1.2038919685039369
20
0.5909358661417323
11
1.2113910236220473
21
0.5890611023622047
0
LINE
8
BLACK
6
CONTINUOUS
10
1.2113910236220473
20
0.5890611023622047
11
1.2114335039370079
21
0.5890459448818898
0
LINE
8
BLACK
6
CONTINUOUS
10
1.2114335039370079
20
0.5890459448818898
11
1.2114547637795274
21
0.5890444094488189
0
LINE
8
BLACK
6
CONTINUOUS
10
1.2114547637795274
20
0.5890444094488189
11
1.2116941732283464
21
0.5889527952755905
0
LINE
8
BLACK
6
CONTINUOUS
10
1.2116941732283464
20
0.5889527952755905
11
1.2119361417322834
21
0.5888663385826771
0
LINE
8
BLACK
6
CONTINUOUS
10
1.2119361417322834
20
0.5888663385826771
11
1.2119532677165354
21
0.5888536614173229
0
LINE
8
BLACK
6
CONTINUOUS
10
1.2119532677165354
20
0.5888536614173229
11
1.2119953937007875
21
0.5888375196850394
0
LINE
8
BLACK
6
CONTINUOUS
10
1.2119953937007875
20
0.5888375196850394
11
1.2157449212598426
21
0.5869627559055118
0
LINE
8
BLACK
6
CONTINUOUS
10
1.2157449212598426
20
0.5869627559055118
11
1.2159927952755905
21
0.5868067322834646
0
LINE
8
BLACK
6
CONTINUOUS
10
1.2159927952755905
20
0.5868067322834646
11
1.2160648425196849
21
0.5867768897637795
0
LINE
8
BLACK
6
CONTINUOUS
10
1.2160648425196849
20
0.5867768897637795
11
1.2161458661417321
21
0.5867103937007874
0
LINE
8
BLACK
6
CONTINUOUS
10
1.2161458661417321
20
0.5867103937007874
11
1.2162348031496062
21
0.5866544094488189
0
LINE
8
BLACK
6
CONTINUOUS
10
1.2162348031496062
20
0.5866544094488189
11
1.2162859448818897
21
0.5865954330708661
0
LINE
8
BLACK
6
CONTINUOUS
10
1.2162859448818897
20
0.5865954330708661
11
1.216512283464567
21
0.5864096850393701
0
LINE
8
BLACK
6
CONTINUOUS
10
1.216512283464567
20
0.5864096850393701
11
1.2183870866141733
21
0.5845349212598425
0
LINE
8
BLACK
6
CONTINUOUS
10
1.2183870866141733
20
0.5845349212598425
11
1.2185728346456692
21
0.5843085826771653
0
LINE
8
BLACK
6
CONTINUOUS
10
1.2185728346456692
20
0.5843085826771653
11
1.2186318897637796
21
0.5842573622047244
0
LINE
8
BLACK
6
CONTINUOUS
10
1.2186318897637796
20
0.5842573622047244
11
1.2186878740157481
21
0.5841684251968504
0
LINE
8
BLACK
6
CONTINUOUS
10
1.2186878740157481
20
0.5841684251968504
11
1.2187543307086615
21
0.5840874409448819
0
LINE
8
BLACK
6
CONTINUOUS
10
1.2187543307086615
20
0.5840874409448819
11
1.2187841338582677
21
0.5840155118110236
0
LINE
8
BLACK
6
CONTINUOUS
10
1.2187841338582677
20
0.5840155118110236
11
1.2189402362204724
21
0.5837674803149606
0
LINE
8
BLACK
6
CONTINUOUS
10
1.2189402362204724
20
0.5837674803149606
11
1.220815
21
0.5800179527559055
0
LINE
8
BLACK
6
CONTINUOUS
10
1.220815
20
0.5800179527559055
11
1.2210218897637795
21
0.5794773622047243
0
LINE
8
BLACK
6
CONTINUOUS
10
1.2210218897637795
20
0.5794773622047243
11
1.2210294094488188
21
0.5793714960629921
0
LINE
8
BLACK
6
CONTINUOUS
10
1.2210294094488188
20
0.5793714960629921
11
1.2210699999999999
21
0.5792735039370078
0
LINE
8
BLACK
6
CONTINUOUS
10
1.2210699999999999
20
0.5792735039370078
11
1.2211267322834645
21
0.5786974409448818
0
LINE
8
BLACK
6
CONTINUOUS
10
1.2211267322834645
20
0.5786974409448818
11
1.2211267322834645
21
0.5749479133858267
0
LINE
8
BLACK
6
CONTINUOUS
10
1.2211267322834645
20
0.5749479133858267
11
1.2210699999999999
21
0.5743718503937008
0
LINE
8
BLACK
6
CONTINUOUS
10
1.2210699999999999
20
0.5743718503937008
11
1.2210294094488188
21
0.5742738976377952
0
LINE
8
BLACK
6
CONTINUOUS
10
1.2210294094488188
20
0.5742738976377952
11
1.2210218897637795
21
0.5741679921259842
0
LINE
8
BLACK
6
CONTINUOUS
10
1.2210218897637795
20
0.5741679921259842
11
1.220815
21
0.5736274015748032
0
LINE
8
BLACK
6
CONTINUOUS
10
1.220815
20
0.5736274015748032
11
1.2189402362204724
21
0.569877874015748
0
LINE
8
BLACK
6
CONTINUOUS
10
1.2189402362204724
20
0.569877874015748
11
1.2187841338582677
21
0.5696298818897637
0
LINE
8
BLACK
6
CONTINUOUS
10
1.2187841338582677
20
0.5696298818897637
11
1.2187543307086615
21
0.5695579133858267
0
LINE
8
BLACK
6
CONTINUOUS
10
1.2187543307086615
20
0.5695579133858267
11
1.2186878740157481
21
0.569476968503937
0
LINE
8
BLACK
6
CONTINUOUS
10
1.2186878740157481
20
0.569476968503937
11
1.2186318897637796
21
0.5693879921259842
0
LINE
8
BLACK
6
CONTINUOUS
10
1.2186318897637796
20
0.5693879921259842
11
1.2185728346456692
21
0.569336811023622
0
LINE
8
BLACK
6
CONTINUOUS
10
1.2185728346456692
20
0.569336811023622
11
1.2183870866141733
21
0.5691104330708662
0
LINE
8
BLACK
6
CONTINUOUS
10
1.2183870866141733
20
0.5691104330708662
11
1.216512283464567
21
0.5672356692913386
0
LINE
8
BLACK
6
CONTINUOUS
10
1.216512283464567
20
0.5672356692913386
11
1.2162859448818897
21
0.5670499606299213
0
LINE
8
BLACK
6
CONTINUOUS
10
1.2162859448818897
20
0.5670499606299213
11
1.2162348031496062
21
0.5669909448818897
0
LINE
8
BLACK
6
CONTINUOUS
10
1.2162348031496062
20
0.5669909448818897
11
1.2161458661417321
21
0.566935
0
LINE
8
BLACK
6
CONTINUOUS
10
1.2161458661417321
20
0.566935
11
1.2160648425196849
21
0.5668684645669291
0
LINE
8
BLACK
6
CONTINUOUS
10
1.2160648425196849
20
0.5668684645669291
11
1.2159927952755905
21
0.5668386614173229
0
LINE
8
BLACK
6
CONTINUOUS
10
1.2159927952755905
20
0.5668386614173229
11
1.2157449212598426
21
0.5666825984251969
0
LINE
8
BLACK
6
CONTINUOUS
10
1.2157449212598426
20
0.5666825984251969
11
1.2119953937007875
21
0.5648078346456693
0
LINE
8
BLACK
6
CONTINUOUS
10
1.2119953937007875
20
0.5648078346456693
11
1.2119532677165354
21
0.5647917322834646
0
LINE
8
BLACK
6
CONTINUOUS
10
1.2119532677165354
20
0.5647917322834646
11
1.2119361417322834
21
0.5647790157480315
0
LINE
8
BLACK
6
CONTINUOUS
10
1.2119361417322834
20
0.5647790157480315
11
1.2116941732283464
21
0.5646925984251968
0
LINE
8
BLACK
6
CONTINUOUS
10
1.2116941732283464
20
0.5646925984251968
11
1.2114547637795274
21
0.5646009448818897
0
LINE
8
BLACK
6
CONTINUOUS
10
1.2114547637795274
20
0.5646009448818897
11
1.2114335039370079
21
0.5645994488188977
0
LINE
8
BLACK
6
CONTINUOUS
10
1.2114335039370079
20
0.5645994488188977
11
1.2113910236220473
21
0.5645842519685039
0
LINE
8
BLACK
6
CONTINUOUS
10
1.2113910236220473
20
0.5645842519685039
11
1.2038919685039369
21
0.5627094881889764
0
LINE
8
BLACK
6
CONTINUOUS
10
1.2038919685039369
20
0.5627094881889764
11
1.2037920866141731
21
0.5626947244094488
0
LINE
8
BLACK
6
CONTINUOUS
10
1.2037920866141731
20
0.5626947244094488
11
1.2037518897637796
21
0.5626780708661417
0
LINE
8
BLACK
6
CONTINUOUS
10
1.2037518897637796
20
0.5626780708661417
11
1.203534842519685
21
0.5626567322834646
0
LINE
8
BLACK
6
CONTINUOUS
10
1.203534842519685
20
0.5626567322834646
11
1.2033193700787401
21
0.562624842519685
0
LINE
8
BLACK
6
CONTINUOUS
10
1.2033193700787401
20
0.562624842519685
11
1.2032763385826772
21
0.5626312598425197
0
LINE
8
BLACK
6
CONTINUOUS
10
1.2032763385826772
20
0.5626312598425197
11
1.2031758267716535
21
0.5626213385826772
0
LINE
8
BLACK
6
CONTINUOUS
10
1.2031758267716535
20
0.5626213385826772
11
1.1938020078740157
21
0.5626213385826772
0
LINE
8
BLACK
6
CONTINUOUS
10
1.1938020078740157
20
0.5626213385826772
11
1.1937014566929134
21
0.5626312598425197
0
LINE
8
BLACK
6
CONTINUOUS
10
1.1937014566929134
20
0.5626312598425197
11
1.193658464566929
21
0.562624842519685
0
LINE
8
BLACK
6
CONTINUOUS
10
1.193658464566929
20
0.562624842519685
11
1.1934429527559054
21
0.5626567322834646
0
LINE
8
BLACK
6
CONTINUOUS
10
1.1934429527559054
20
0.5626567322834646
11
1.1932259448818898
21
0.5626780708661417
0
LINE
8
BLACK
6
CONTINUOUS
10
1.1932259448818898
20
0.5626780708661417
11
1.1931857086614173
21
0.5626947244094488
0
LINE
8
BLACK
6
CONTINUOUS
10
1.1931857086614173
20
0.5626947244094488
11
1.1930858661417323
21
0.5627094881889764
0
LINE
8
BLACK
6
CONTINUOUS
10
1.1930858661417323
20
0.5627094881889764
11
1.1855868110236221
21
0.5645842519685039
0
LINE
8
BLACK
6
CONTINUOUS
10
1.1855868110236221
20
0.5645842519685039
11
1.1855442913385827
21
0.5645994488188977
0
LINE
8
BLACK
6
CONTINUOUS
10
1.1855442913385827
20
0.5645994488188977
11
1.185523031496063
21
0.5646009448818897
0
LINE
8
BLACK
6
CONTINUOUS
10
1.185523031496063
20
0.5646009448818897
11
1.1852832677165355
21
0.5646927165354331
0
LINE
8
BLACK
6
CONTINUOUS
10
1.1852832677165355
20
0.5646927165354331
11
1.1850416929133858
21
0.5647790157480315
0
LINE
8
BLACK
6
CONTINUOUS
10
1.1850416929133858
20
0.5647790157480315
11
1.1850245275590552
21
0.5647917322834646
0
LINE
8
BLACK
6
CONTINUOUS
10
1.1850245275590552
20
0.5647917322834646
11
1.1849824409448819
21
0.5648078346456693
0
LINE
8
BLACK
6
CONTINUOUS
10
1.1849824409448819
20
0.5648078346456693
11
1.1812329133858268
21
0.5666825984251969
0
LINE
8
BLACK
6
CONTINUOUS
10
1.1812329133858268
20
0.5666825984251969
11
1.1809848818897637
21
0.5668387007874016
0
LINE
8
BLACK
6
CONTINUOUS
10
1.1809848818897637
20
0.5668387007874016
11
1.1809129527559055
21
0.5668685039370078
0
LINE
8
BLACK
6
CONTINUOUS
10
1.1809129527559055
20
0.5668685039370078
11
1.180831968503937
21
0.566935
0
LINE
8
BLACK
6
CONTINUOUS
10
1.180831968503937
20
0.566935
11
1.180743031496063
21
0.5669909448818897
0
LINE
8
BLACK
6
CONTINUOUS
10
1.180743031496063
20
0.5669909448818897
11
1.1806918503937007
21
0.5670499606299213
0
LINE
8
BLACK
6
CONTINUOUS
10
1.1806918503937007
20
0.5670499606299213
11
1.1804655118110237
21
0.5672357086614173
0
LINE
8
BLACK
6
CONTINUOUS
10
1.1804655118110237
20
0.5672357086614173
11
1.1785907480314961
21
0.5691104724409448
0
LINE
8
BLACK
6
CONTINUOUS
10
1.1785907480314961
20
0.5691104724409448
11
1.1784049606299212
21
0.5693368503937007
0
LINE
8
BLACK
6
CONTINUOUS
10
1.1784049606299212
20
0.5693368503937007
11
1.1783459842519686
21
0.5693879921259842
0
LINE
8
BLACK
6
CONTINUOUS
10
1.1783459842519686
20
0.5693879921259842
11
1.1782900000000001
21
0.569476968503937
0
LINE
8
BLACK
6
CONTINUOUS
10
1.1782900000000001
20
0.569476968503937
11
1.1782235433070867
21
0.5695579133858267
0
LINE
8
BLACK
6
CONTINUOUS
10
1.1782235433070867
20
0.5695579133858267
11
1.1781937007874015
21
0.5696298818897637
0
LINE
8
BLACK
6
CONTINUOUS
10
1.1781937007874015
20
0.5696298818897637
11
1.1780376377952755
21
0.569877874015748
0
LINE
8
BLACK
6
CONTINUOUS
10
1.1780376377952755
20
0.569877874015748
11
1.1761628740157479
21
0.5736274015748032
0
LINE
8
BLACK
6
CONTINUOUS
10
1.1761628740157479
20
0.5736274015748032
11
1.1759559842519685
21
0.574168031496063
0
LINE
8
BLACK
6
CONTINUOUS
10
1.1759559842519685
20
0.574168031496063
11
1.1759484645669291
21
0.5742738582677165
0
LINE
8
BLACK
6
CONTINUOUS
10
1.1759484645669291
20
0.5742738582677165
11
1.175907874015748
21
0.5743718503937008
0
LINE
8
BLACK
6
CONTINUOUS
10
1.175907874015748
20
0.5743718503937008
11
1.1758511417322834
21
0.5749479133858267
0
LINE
8
BLACK
6
CONTINUOUS
10
1.1758511417322834
20
0.5749479133858267
11
1.1758511417322834
21
0.5786974409448818
0
LINE
8
BLACK
6
CONTINUOUS
10
1.1758511417322834
20
0.5786974409448818
11
1.175907874015748
21
0.5792735039370078
0
LINE
8
BLACK
6
CONTINUOUS
10
1.175907874015748
20
0.5792735039370078
11
1.1759484645669291
21
0.5793715354330709
0
LINE
8
BLACK
6
CONTINUOUS
10
1.1759484645669291
20
0.5793715354330709
11
1.1759559842519685
21
0.5794773228346457
0
LINE
8
BLACK
6
CONTINUOUS
10
1.1759559842519685
20
0.5794773228346457
11
1.1761628740157479
21
0.5800179527559055
0
LINE
8
BLACK
6
CONTINUOUS
10
1.1761628740157479
20
0.5800179527559055
11
1.1780376377952755
21
0.5837674803149606
0
LINE
8
BLACK
6
CONTINUOUS
10
1.1780376377952755
20
0.5837674803149606
11
1.1781937007874015
21
0.5840155118110236
0
LINE
8
BLACK
6
CONTINUOUS
10
1.1781937007874015
20
0.5840155118110236
11
1.1782235433070867
21
0.5840874409448819
0
LINE
8
BLACK
6
CONTINUOUS
10
1.1782235433070867
20
0.5840874409448819
11
1.1782900000000001
21
0.5841684251968504
0
LINE
8
BLACK
6
CONTINUOUS
10
1.1782900000000001
20
0.5841684251968504
11
1.1783459842519686
21
0.5842573622047244
0
LINE
8
BLACK
6
CONTINUOUS
10
1.1783459842519686
20
0.5842573622047244
11
1.1784049606299212
21
0.5843085433070866
0
LINE
8
BLACK
6
CONTINUOUS
10
1.1784049606299212
20
0.5843085433070866
11
1.1785907480314961
21
0.5845348818897638
0
LINE
8
BLACK
6
CONTINUOUS
10
1.1785907480314961
20
0.5845348818897638
11
1.1804655118110237
21
0.5864096456692913
0
LINE
8
BLACK
6
CONTINUOUS
10
1.1804655118110237
20
0.5864096456692913
11
1.1806918503937007
21
0.5865954330708661
0
LINE
8
BLACK
6
CONTINUOUS
10
1.1806918503937007
20
0.5865954330708661
11
1.180743031496063
21
0.5866544094488189
0
LINE
8
BLACK
6
CONTINUOUS
10
1.180743031496063
20
0.5866544094488189
11
1.180831968503937
21
0.5867103937007874
0
LINE
8
BLACK
6
CONTINUOUS
10
1.180831968503937
20
0.5867103937007874
11
1.1809129527559055
21
0.5867768503937008
0
LINE
8
BLACK
6
CONTINUOUS
10
1.1809129527559055
20
0.5867768503937008
11
1.1809848818897637
21
0.5868066929133858
0
LINE
8
BLACK
6
CONTINUOUS
10
1.1809848818897637
20
0.5868066929133858
11
1.1812329133858268
21
0.5869627559055118
0
LINE
8
BLACK
6
CONTINUOUS
10
1.1812329133858268
20
0.5869627559055118
11
1.1849824409448819
21
0.5888375196850394
0
LINE
8
BLACK
6
CONTINUOUS
10
1.1849824409448819
20
0.5888375196850394
11
1.1850245275590552
21
0.5888536614173229
0
LINE
8
BLACK
6
CONTINUOUS
10
1.1850245275590552
20
0.5888536614173229
11
1.1850416929133858
21
0.5888663385826771
0
LINE
8
BLACK
6
CONTINUOUS
10
1.1850416929133858
20
0.5888663385826771
11
1.1852832677165355
21
0.5889526771653543
0
LINE
8
BLACK
6
CONTINUOUS
10
1.1852832677165355
20
0.5889526771653543
11
1.185523031496063
21
0.5890444094488189
0
LINE
8
BLACK
6
CONTINUOUS
10
1.185523031496063
20
0.5890444094488189
11
1.1855442913385827
21
0.5890459448818898
0
LINE
8
BLACK
6
CONTINUOUS
10
1.1855442913385827
20
0.5890459448818898
11
1.1855868110236221
21
0.5890611023622047
0
LINE
8
BLACK
6
CONTINUOUS
10
1.1855868110236221
20
0.5890611023622047
11
1.1930858661417323
21
0.5909358661417323
0
LINE
8
BLACK
6
CONTINUOUS
10
1.1930858661417323
20
0.5909358661417323
11
1.1931857086614173
21
0.5909506692913385
0
LINE
8
BLACK
6
CONTINUOUS
10
1.1931857086614173
20
0.5909506692913385
11
1.1932259448818898
21
0.590967283464567
0
LINE
8
BLACK
6
CONTINUOUS
10
1.1932259448818898
20
0.590967283464567
11
1.1934429527559054
21
0.5909886614173229
0
LINE
8
BLACK
6
CONTINUOUS
10
1.1934429527559054
20
0.5909886614173229
11
1.193658464566929
21
0.5910205118110237
0
LINE
8
BLACK
6
CONTINUOUS
10
1.193658464566929
20
0.5910205118110237
11
1.1937014566929134
21
0.5910141338582677
0
LINE
8
BLACK
6
CONTINUOUS
10
1.1937014566929134
20
0.5910141338582677
11
1.1938020078740157
21
0.5910240157480314
0
LINE
8
BLACK
6
CONTINUOUS
10
1.1938020078740157
20
0.5910240157480314
11
1.2031758267716535
21
0.5910240157480314
0
LINE
8
BLACK
6
CONTINUOUS
10
1.2031758267716535
20
0.5910240157480314
11
1.2032763385826772
21
0.5910141338582677
0
LINE
8
BLACK
6
CONTINUOUS
10
1.1873335039370079
20
0.5834105118110237
11
1.1843025196850394
21
0.5818949999999999
0
LINE
8
BLACK
6
CONTINUOUS
10
1.1843025196850394
20
0.5818949999999999
11
1.1831053937007874
21
0.580697874015748
0
LINE
8
BLACK
6
CONTINUOUS
10
1.1831053937007874
20
0.580697874015748
11
1.1817566535433071
21
0.5780003937007874
0
LINE
8
BLACK
6
CONTINUOUS
10
1.1817566535433071
20
0.5780003937007874
11
1.1817566535433071
21
0.5756449606299212
0
LINE
8
BLACK
6
CONTINUOUS
10
1.1817566535433071
20
0.5756449606299212
11
1.1831053937007874
21
0.5729474803149606
0
LINE
8
BLACK
6
CONTINUOUS
10
1.1831053937007874
20
0.5729474803149606
11
1.1843025196850394
21
0.5717503543307086
0
LINE
8
BLACK
6
CONTINUOUS
10
1.1843025196850394
20
0.5717503543307086
11
1.1873335039370079
21
0.5702348818897638
0
LINE
8
BLACK
6
CONTINUOUS
10
1.1873335039370079
20
0.5702348818897638
11
1.1941655511811022
21
0.5685268503937008
0
LINE
8
BLACK
6
CONTINUOUS
10
1.1941655511811022
20
0.5685268503937008
11
1.2028122834645669
21
0.5685268503937008
0
LINE
8
BLACK
6
CONTINUOUS
10
1.2028122834645669
20
0.5685268503937008
11
1.2096443307086613
21
0.5702348818897638
0
LINE
8
BLACK
6
CONTINUOUS
10
1.2096443307086613
20
0.5702348818897638
11
1.21267531496063
21
0.5717503937007874
0
LINE
8
BLACK
6
CONTINUOUS
10
1.21267531496063
20
0.5717503937007874
11
1.2138724803149605
21
0.5729475196850393
0
LINE
8
BLACK
6
CONTINUOUS
10
1.2138724803149605
20
0.5729475196850393
11
1.2152212204724409
21
0.5756449606299212
0
LINE
8
BLACK
6
CONTINUOUS
10
1.2152212204724409
20
0.5756449606299212
11
1.2152212204724409
21
0.5780003937007874
0
LINE
8
BLACK
6
CONTINUOUS
10
1.2152212204724409
20
0.5780003937007874
11
1.2138724803149605
21
0.580697874015748
0
LINE
8
BLACK
6
CONTINUOUS
10
1.2138724803149605
20
0.580697874015748
11
1.21267531496063
21
0.5818949999999999
0
LINE
8
BLACK
6
CONTINUOUS
10
1.21267531496063
20
0.5818949999999999
11
1.2096443307086613
21
0.5834105118110237
0
LINE
8
BLACK
6
CONTINUOUS
10
1.2096443307086613
20
0.5834105118110237
11
1.2028122834645669
21
0.5851185039370078
0
LINE
8
BLACK
6
CONTINUOUS
10
1.2028122834645669
20
0.5851185039370078
11
1.1941655511811022
21
0.5851185039370078
0
LINE
8
BLACK
6
CONTINUOUS
10
1.1941655511811022
20
0.5851185039370078
11
1.1873335039370079
21
0.5834105118110237
0
LINE
8
BLACK
6
CONTINUOUS
10
1.2112509448818898
20
0.6284625984251968
11
1.211348937007874
21
0.6284220078740157
0
LINE
8
BLACK
6
CONTINUOUS
10
1.211348937007874
20
0.6284220078740157
11
1.2114547637795274
21
0.6284144881889764
0
LINE
8
BLACK
6
CONTINUOUS
10
1.2114547637795274
20
0.6284144881889764
11
1.2119953937007875
21
0.6282075984251968
0
LINE
8
BLACK
6
CONTINUOUS
10
1.2119953937007875
20
0.6282075984251968
11
1.2157449212598426
21
0.6263328346456692
0
LINE
8
BLACK
6
CONTINUOUS
10
1.2157449212598426
20
0.6263328346456692
11
1.2159927952755905
21
0.626176811023622
0
LINE
8
BLACK
6
CONTINUOUS
10
1.2159927952755905
20
0.626176811023622
11
1.2160648425196849
21
0.626146968503937
0
LINE
8
BLACK
6
CONTINUOUS
10
1.2160648425196849
20
0.626146968503937
11
1.2161458661417321
21
0.6260804724409449
0
LINE
8
BLACK
6
CONTINUOUS
10
1.2161458661417321
20
0.6260804724409449
11
1.2162348031496062
21
0.6260244881889764
0
LINE
8
BLACK
6
CONTINUOUS
10
1.2162348031496062
20
0.6260244881889764
11
1.2162859448818897
21
0.6259655118110236
0
LINE
8
BLACK
6
CONTINUOUS
10
1.2162859448818897
20
0.6259655118110236
11
1.216512283464567
21
0.6257797637795276
0
LINE
8
BLACK
6
CONTINUOUS
10
1.216512283464567
20
0.6257797637795276
11
1.2183870866141733
21
0.6239049999999999
0
LINE
8
BLACK
6
CONTINUOUS
10
1.2183870866141733
20
0.6239049999999999
11
1.2185728346456692
21
0.6236786614173229
0
LINE
8
BLACK
6
CONTINUOUS
10
1.2185728346456692
20
0.6236786614173229
11
1.2186318897637796
21
0.6236274409448819
0
LINE
8
BLACK
6
CONTINUOUS
10
1.2186318897637796
20
0.6236274409448819
11
1.2186878740157481
21
0.6235385039370078
0
LINE
8
BLACK
6
CONTINUOUS
10
1.2186878740157481
20
0.6235385039370078
11
1.2187543307086615
21
0.6234575196850394
0
LINE
8
BLACK
6
CONTINUOUS
10
1.2187543307086615
20
0.6234575196850394
11
1.2187841338582677
21
0.623385590551181
0
LINE
8
BLACK
6
CONTINUOUS
10
1.2187841338582677
20
0.623385590551181
11
1.2189402362204724
21
0.6231375590551181
0
LINE
8
BLACK
6
CONTINUOUS
10
1.2189402362204724
20
0.6231375590551181
11
1.220815
21
0.619388031496063
0
LINE
8
BLACK
6
CONTINUOUS
10
1.220815
20
0.619388031496063
11
1.2210218897637795
21
0.6188474409448819
0
LINE
8
BLACK
6
CONTINUOUS
10
1.2210218897637795
20
0.6188474409448819
11
1.2210294094488188
21
0.6187415748031496
0
LINE
8
BLACK
6
CONTINUOUS
10
1.2210294094488188
20
0.6187415748031496
11
1.2210699999999999
21
0.6186435826771653
0
LINE
8
BLACK
6
CONTINUOUS
10
1.2210699999999999
20
0.6186435826771653
11
1.2211267322834645
21
0.6180675196850394
0
LINE
8
BLACK
6
CONTINUOUS
10
1.2211267322834645
20
0.6180675196850394
11
1.2211267322834645
21
0.6105684645669291
0
LINE
8
BLACK
6
CONTINUOUS
10
1.2211267322834645
20
0.6105684645669291
11
1.2210699999999999
21
0.6099924015748032
0
LINE
8
BLACK
6
CONTINUOUS
10
1.2210699999999999
20
0.6099924015748032
11
1.2210294094488188
21
0.6098944488188976
0
LINE
8
BLACK
6
CONTINUOUS
10
1.2210294094488188
20
0.6098944488188976
11
1.2210218897637795
21
0.6097885433070867
0
LINE
8
BLACK
6
CONTINUOUS
10
1.2210218897637795
20
0.6097885433070867
11
1.220815
21
0.6092479527559055
0
LINE
8
BLACK
6
CONTINUOUS
10
1.220815
20
0.6092479527559055
11
1.2189402362204724
21
0.6054984251968504
0
LINE
8
BLACK
6
CONTINUOUS
10
1.2189402362204724
20
0.6054984251968504
11
1.2187841338582677
21
0.6052504330708661
0
LINE
8
BLACK
6
CONTINUOUS
10
1.2187841338582677
20
0.6052504330708661
11
1.2187543307086615
21
0.6051784645669291
0
LINE
8
BLACK
6
CONTINUOUS
10
1.2187543307086615
20
0.6051784645669291
11
1.2186878740157481
21
0.6050975196850393
0
LINE
8
BLACK
6
CONTINUOUS
10
1.2186878740157481
20
0.6050975196850393
11
1.2186318897637796
21
0.6050085433070866
0
LINE
8
BLACK
6
CONTINUOUS
10
1.2186318897637796
20
0.6050085433070866
11
1.2185728346456692
21
0.6049573622047244
0
LINE
8
BLACK
6
CONTINUOUS
10
1.2185728346456692
20
0.6049573622047244
11
1.2183870866141733
21
0.6047309842519685
0
LINE
8
BLACK
6
CONTINUOUS
10
1.2183870866141733
20
0.6047309842519685
11
1.216512283464567
21
0.6028562204724409
0
LINE
8
BLACK
6
CONTINUOUS
10
1.216512283464567
20
0.6028562204724409
11
1.2162859448818897
21
0.6026705118110236
0
LINE
8
BLACK
6
CONTINUOUS
10
1.2162859448818897
20
0.6026705118110236
11
1.2162348031496062
21
0.6026114960629921
0
LINE
8
BLACK
6
CONTINUOUS
10
1.2162348031496062
20
0.6026114960629921
11
1.2161458661417321
21
0.6025555511811024
0
LINE
8
BLACK
6
CONTINUOUS
10
1.2161458661417321
20
0.6025555511811024
11
1.2160648425196849
21
0.6024890157480315
0
LINE
8
BLACK
6
CONTINUOUS
10
1.2160648425196849
20
0.6024890157480315
11
1.2159927952755905
21
0.6024592125984252
0
LINE
8
BLACK
6
CONTINUOUS
10
1.2159927952755905
20
0.6024592125984252
11
1.2157449212598426
21
0.6023031496062992
0
LINE
8
BLACK
6
CONTINUOUS
10
1.2157449212598426
20
0.6023031496062992
11
1.2119953937007875
21
0.6004283858267716
0
LINE
8
BLACK
6
CONTINUOUS
10
1.2119953937007875
20
0.6004283858267716
11
1.2114547637795274
21
0.6002214960629921
0
LINE
8
BLACK
6
CONTINUOUS
10
1.2114547637795274
20
0.6002214960629921
11
1.211348937007874
21
0.6002140157480315
0
LINE
8
BLACK
6
CONTINUOUS
10
1.211348937007874
20
0.6002140157480315
11
1.2112509448818898
21
0.6001733858267716
0
LINE
8
BLACK
6
CONTINUOUS
10
1.2112509448818898
20
0.6001733858267716
11
1.2106748818897637
21
0.6001166535433071
0
LINE
8
BLACK
6
CONTINUOUS
10
1.2106748818897637
20
0.6001166535433071
11
1.1956767716535432
21
0.6001166535433071
0
LINE
8
BLACK
6
CONTINUOUS
10
1.1956767716535432
20
0.6001166535433071
11
1.1955762204724409
21
0.6001265748031496
0
LINE
8
BLACK
6
CONTINUOUS
10
1.1955762204724409
20
0.6001265748031496
11
1.1955332283464566
21
0.600120157480315
0
LINE
8
BLACK
6
CONTINUOUS
10
1.1955332283464566
20
0.600120157480315
11
1.195317716535433
21
0.6001520472440944
0
LINE
8
BLACK
6
CONTINUOUS
10
1.195317716535433
20
0.6001520472440944
11
1.1951007086614174
21
0.6001733858267716
0
LINE
8
BLACK
6
CONTINUOUS
10
1.1951007086614174
20
0.6001733858267716
11
1.1950604724409448
21
0.6001900393700788
0
LINE
8
BLACK
6
CONTINUOUS
10
1.1950604724409448
20
0.6001900393700788
11
1.1949606299212598
21
0.6002048031496063
0
LINE
8
BLACK
6
CONTINUOUS
10
1.1949606299212598
20
0.6002048031496063
11
1.1874615748031496
21
0.6020795669291339
0
LINE
8
BLACK
6
CONTINUOUS
10
1.1874615748031496
20
0.6020795669291339
11
1.1871220472440944
21
0.602200905511811
0
LINE
8
BLACK
6
CONTINUOUS
10
1.1871220472440944
20
0.602200905511811
11
1.1870506299212598
21
0.6022149999999999
0
LINE
8
BLACK
6
CONTINUOUS
10
1.1870506299212598
20
0.6022149999999999
11
1.1869858267716535
21
0.6022495669291339
0
LINE
8
BLACK
6
CONTINUOUS
10
1.1869858267716535
20
0.6022495669291339
11
1.1869164566929133
21
0.6022743307086614
0
LINE
8
BLACK
6
CONTINUOUS
10
1.1869164566929133
20
0.6022743307086614
11
1.186857716535433
21
0.602317874015748
0
LINE
8
BLACK
6
CONTINUOUS
10
1.186857716535433
20
0.602317874015748
11
1.1865398425196849
21
0.6024873228346457
0
LINE
8
BLACK
6
CONTINUOUS
10
1.1865398425196849
20
0.6024873228346457
11
1.1809155118110235
21
0.6062368503937008
0
LINE
8
BLACK
6
CONTINUOUS
10
1.1809155118110235
20
0.6062368503937008
11
1.1809138188976378
21
0.6062382283464567
0
LINE
8
BLACK
6
CONTINUOUS
10
1.1809138188976378
20
0.6062382283464567
11
1.1809129527559055
21
0.6062385826771653
0
LINE
8
BLACK
6
CONTINUOUS
10
1.1809129527559055
20
0.6062385826771653
11
1.1806976377952756
21
0.6064153149606299
0
LINE
8
BLACK
6
CONTINUOUS
10
1.1806976377952756
20
0.6064153149606299
11
1.1804676771653544
21
0.6066036220472441
0
LINE
8
BLACK
6
CONTINUOUS
10
1.1804676771653544
20
0.6066036220472441
11
1.1804670866141731
21
0.6066044881889764
0
LINE
8
BLACK
6
CONTINUOUS
10
1.1804670866141731
20
0.6066044881889764
11
1.1804655118110237
21
0.6066057874015748
0
LINE
8
BLACK
6
CONTINUOUS
10
1.1804655118110237
20
0.6066057874015748
11
1.1785907480314961
21
0.6084805511811023
0
LINE
8
BLACK
6
CONTINUOUS
10
1.1785907480314961
20
0.6084805511811023
11
1.1784049606299212
21
0.6087069291338583
0
LINE
8
BLACK
6
CONTINUOUS
10
1.1784049606299212
20
0.6087069291338583
11
1.1783459842519686
21
0.6087580708661418
0
LINE
8
BLACK
6
CONTINUOUS
10
1.1783459842519686
20
0.6087580708661418
11
1.1782900000000001
21
0.6088470472440944
0
LINE
8
BLACK
6
CONTINUOUS
10
1.1782900000000001
20
0.6088470472440944
11
1.1782235433070867
21
0.6089279921259843
0
LINE
8
BLACK
6
CONTINUOUS
10
1.1782235433070867
20
0.6089279921259843
11
1.1781937007874015
21
0.6089999606299212
0
LINE
8
BLACK
6
CONTINUOUS
10
1.1781937007874015
20
0.6089999606299212
11
1.1780376377952755
21
0.6092479527559055
0
LINE
8
BLACK
6
CONTINUOUS
10
1.1780376377952755
20
0.6092479527559055
11
1.1761628740157479
21
0.6129974803149606
0
LINE
8
BLACK
6
CONTINUOUS
10
1.1761628740157479
20
0.6129974803149606
11
1.1759559842519685
21
0.6135381102362205
0
LINE
8
BLACK
6
CONTINUOUS
10
1.1759559842519685
20
0.6135381102362205
11
1.1759484645669291
21
0.613643937007874
0
LINE
8
BLACK
6
CONTINUOUS
10
1.1759484645669291
20
0.613643937007874
11
1.175907874015748
21
0.6137419291338583
0
LINE
8
BLACK
6
CONTINUOUS
10
1.175907874015748
20
0.6137419291338583
11
1.1758511417322834
21
0.6143179921259843
0
LINE
8
BLACK
6
CONTINUOUS
10
1.1758511417322834
20
0.6143179921259843
11
1.1758511417322834
21
0.6218170472440945
0
LINE
8
BLACK
6
CONTINUOUS
10
1.1758511417322834
20
0.6218170472440945
11
1.175907874015748
21
0.6223931102362205
0
LINE
8
BLACK
6
CONTINUOUS
10
1.175907874015748
20
0.6223931102362205
11
1.1763487795275591
21
0.6234575196850394
0
LINE
8
BLACK
6
CONTINUOUS
10
1.1763487795275591
20
0.6234575196850394
11
1.1771634251968504
21
0.6242721653543307
0
LINE
8
BLACK
6
CONTINUOUS
10
1.1771634251968504
20
0.6242721653543307
11
1.1782278346456692
21
0.6247130708661417
0
LINE
8
BLACK
6
CONTINUOUS
10
1.1782278346456692
20
0.6247130708661417
11
1.1793799606299213
21
0.6247130708661417
0
LINE
8
BLACK
6
CONTINUOUS
10
1.1793799606299213
20
0.6247130708661417
11
1.1804443700787401
21
0.6242721653543307
0
LINE
8
BLACK
6
CONTINUOUS
10
1.1804443700787401
20
0.6242721653543307
11
1.1812590157480314
21
0.6234575196850394
0
LINE
8
BLACK
6
CONTINUOUS
10
1.1812590157480314
20
0.6234575196850394
11
1.1816999212598425
21
0.6223931102362205
0
LINE
8
BLACK
6
CONTINUOUS
10
1.1816999212598425
20
0.6223931102362205
11
1.1817566535433071
21
0.6218170472440945
0
LINE
8
BLACK
6
CONTINUOUS
10
1.1817566535433071
20
0.6218170472440945
11
1.1817566535433071
21
0.6150150393700787
0
LINE
8
BLACK
6
CONTINUOUS
10
1.1817566535433071
20
0.6150150393700787
11
1.1831053937007874
21
0.6123175590551181
0
LINE
8
BLACK
6
CONTINUOUS
10
1.1831053937007874
20
0.6123175590551181
11
1.1844345275590551
21
0.6109884251968504
0
LINE
8
BLACK
6
CONTINUOUS
10
1.1844345275590551
20
0.6109884251968504
11
1.1893900787401575
21
0.6076847244094488
0
LINE
8
BLACK
6
CONTINUOUS
10
1.1893900787401575
20
0.6076847244094488
11
1.1923072440944882
21
0.6069554330708661
0
LINE
8
BLACK
6
CONTINUOUS
10
1.1923072440944882
20
0.6069554330708661
11
1.1911609842519684
21
0.6092479527559055
0
LINE
8
BLACK
6
CONTINUOUS
10
1.1911609842519684
20
0.6092479527559055
11
1.1909540944881889
21
0.6097885826771653
0
LINE
8
BLACK
6
CONTINUOUS
10
1.1909540944881889
20
0.6097885826771653
11
1.1909465748031496
21
0.6098944094488189
0
LINE
8
BLACK
6
CONTINUOUS
10
1.1909465748031496
20
0.6098944094488189
11
1.1909059842519685
21
0.6099924015748032
0
LINE
8
BLACK
6
CONTINUOUS
10
1.1909059842519685
20
0.6099924015748032
11
1.1908492519685039
21
0.6105684645669291
0
LINE
8
BLACK
6
CONTINUOUS
10
1.1908492519685039
20
0.6105684645669291
11
1.1908492519685039
21
0.6180675196850394
0
LINE
8
BLACK
6
CONTINUOUS
10
1.1908492519685039
20
0.6180675196850394
11
1.1909059842519685
21
0.6186435826771653
0
LINE
8
BLACK
6
CONTINUOUS
10
1.1909059842519685
20
0.6186435826771653
11
1.1909465748031496
21
0.6187416141732284
0
LINE
8
BLACK
6
CONTINUOUS
10
1.1909465748031496
20
0.6187416141732284
11
1.1909540944881889
21
0.6188474015748031
0
LINE
8
BLACK
6
CONTINUOUS
10
1.1909540944881889
20
0.6188474015748031
11
1.1911609842519684
21
0.619388031496063
0
LINE
8
BLACK
6
CONTINUOUS
10
1.1911609842519684
20
0.619388031496063
11
1.1930357480314961
21
0.6231375590551181
0
LINE
8
BLACK
6
CONTINUOUS
10
1.1930357480314961
20
0.6231375590551181
11
1.1931918110236219
21
0.623385590551181
0
LINE
8
BLACK
6
CONTINUOUS
10
1.1931918110236219
20
0.623385590551181
11
1.1932216535433071
21
0.6234575196850394
0
LINE
8
BLACK
6
CONTINUOUS
10
1.1932216535433071
20
0.6234575196850394
11
1.1932881102362205
21
0.6235385039370078
0
LINE
8
BLACK
6
CONTINUOUS
10
1.1932881102362205
20
0.6235385039370078
11
1.193344094488189
21
0.6236274409448819
0
LINE
8
BLACK
6
CONTINUOUS
10
1.193344094488189
20
0.6236274409448819
11
1.1934030708661416
21
0.6236786220472441
0
LINE
8
BLACK
6
CONTINUOUS
10
1.1934030708661416
20
0.6236786220472441
11
1.1935888582677165
21
0.6239049606299213
0
LINE
8
BLACK
6
CONTINUOUS
10
1.1935888582677165
20
0.6239049606299213
11
1.1954636220472441
21
0.6257797244094488
0
LINE
8
BLACK
6
CONTINUOUS
10
1.1954636220472441
20
0.6257797244094488
11
1.1956899606299212
21
0.6259655118110236
0
LINE
8
BLACK
6
CONTINUOUS
10
1.1956899606299212
20
0.6259655118110236
11
1.1957411417322834
21
0.6260244881889764
0
LINE
8
BLACK
6
CONTINUOUS
10
1.1957411417322834
20
0.6260244881889764
11
1.1958300787401575
21
0.6260804724409449
0
LINE
8
BLACK
6
CONTINUOUS
10
1.1958300787401575
20
0.6260804724409449
11
1.1959110629921259
21
0.6261469291338583
0
LINE
8
BLACK
6
CONTINUOUS
10
1.1959110629921259
20
0.6261469291338583
11
1.1959829921259841
21
0.6261767716535432
0
LINE
8
BLACK
6
CONTINUOUS
10
1.1959829921259841
20
0.6261767716535432
11
1.1962310236220473
21
0.6263328346456692
0
LINE
8
BLACK
6
CONTINUOUS
10
1.1962310236220473
20
0.6263328346456692
11
1.1999805511811024
21
0.6282075984251968
0
LINE
8
BLACK
6
CONTINUOUS
10
1.1999805511811024
20
0.6282075984251968
11
1.2005211417322834
21
0.6284144881889764
0
LINE
8
BLACK
6
CONTINUOUS
10
1.2005211417322834
20
0.6284144881889764
11
1.2006270078740158
21
0.6284220472440945
0
LINE
8
BLACK
6
CONTINUOUS
10
1.2006270078740158
20
0.6284220472440945
11
1.200725
21
0.6284625984251968
0
LINE
8
BLACK
6
CONTINUOUS
10
1.200725
20
0.6284625984251968
11
1.2013010629921259
21
0.6285193307086614
0
LINE
8
BLACK
6
CONTINUOUS
10
1.2013010629921259
20
0.6285193307086614
11
1.2106748818897637
21
0.6285193307086614
0
LINE
8
BLACK
6
CONTINUOUS
10
1.2106748818897637
20
0.6285193307086614
11
1.2112509448818898
21
0.6284625984251968
0
LINE
8
BLACK
6
CONTINUOUS
10
1.1993006299212599
20
0.6212650787401575
11
1.1981035039370078
21
0.6200679527559055
0
LINE
8
BLACK
6
CONTINUOUS
10
1.1981035039370078
20
0.6200679527559055
11
1.1967547637795275
21
0.6173704724409449
0
LINE
8
BLACK
6
CONTINUOUS
10
1.1967547637795275
20
0.6173704724409449
11
1.1967547637795275
21
0.6112655118110236
0
LINE
8
BLACK
6
CONTINUOUS
10
1.1967547637795275
20
0.6112655118110236
11
1.1981035039370078
21
0.608568031496063
0
LINE
8
BLACK
6
CONTINUOUS
10
1.1981035039370078
20
0.608568031496063
11
1.1993006299212599
21
0.6073709055118111
0
LINE
8
BLACK
6
CONTINUOUS
10
1.1993006299212599
20
0.6073709055118111
11
1.2019981102362205
21
0.6060221653543307
0
LINE
8
BLACK
6
CONTINUOUS
10
1.2019981102362205
20
0.6060221653543307
11
1.2099778346456693
21
0.6060221653543307
0
LINE
8
BLACK
6
CONTINUOUS
10
1.2099778346456693
20
0.6060221653543307
11
1.21267531496063
21
0.6073709448818897
0
LINE
8
BLACK
6
CONTINUOUS
10
1.21267531496063
20
0.6073709448818897
11
1.2138724803149605
21
0.6085680708661417
0
LINE
8
BLACK
6
CONTINUOUS
10
1.2138724803149605
20
0.6085680708661417
11
1.2152212204724409
21
0.6112655118110236
0
LINE
8
BLACK
6
CONTINUOUS
10
1.2152212204724409
20
0.6112655118110236
11
1.2152212204724409
21
0.6173704724409449
0
LINE
8
BLACK
6
CONTINUOUS
10
1.2152212204724409
20
0.6173704724409449
11
1.2138724803149605
21
0.6200679527559055
0
LINE
8
BLACK
6
CONTINUOUS
10
1.2138724803149605
20
0.6200679527559055
11
1.21267531496063
21
0.6212650787401575
0
LINE
8
BLACK
6
CONTINUOUS
10
1.21267531496063
20
0.6212650787401575
11
1.2099778346456693
21
0.6226138188976378
0
LINE
8
BLACK
6
CONTINUOUS
10
1.2099778346456693
20
0.6226138188976378
11
1.2019981102362205
21
0.6226138188976378
0
LINE
8
BLACK
6
CONTINUOUS
10
1.2019981102362205
20
0.6226138188976378
11
1.1993006299212599
21
0.6212650787401575
0
LINE
8
BLACK
6
CONTINUOUS
10
2.5389453937007875
20
0.6684937007874016
11
2.5390433858267718
21
0.6684531102362204
0
LINE
8
BLACK
6
CONTINUOUS
10
2.5390433858267718
20
0.6684531102362204
11
2.5391492125984252
21
0.6684455905511811
0
LINE
8
BLACK
6
CONTINUOUS
10
2.5391492125984252
20
0.6684455905511811
11
2.5396898425196848
21
0.6682387007874016
0
LINE
8
BLACK
6
CONTINUOUS
10
2.5396898425196848
20
0.6682387007874016
11
2.5434393700787399
21
0.666363937007874
0
LINE
8
BLACK
6
CONTINUOUS
10
2.5434393700787399
20
0.666363937007874
11
2.5436873622047242
21
0.666207874015748
0
LINE
8
BLACK
6
CONTINUOUS
10
2.5436873622047242
20
0.666207874015748
11
2.5437593307086614
21
0.666178031496063
0
LINE
8
BLACK
6
CONTINUOUS
10
2.5437593307086614
20
0.666178031496063
11
2.5438402755905511
21
0.6661115748031496
0
LINE
8
BLACK
6
CONTINUOUS
10
2.5438402755905511
20
0.6661115748031496
11
2.5439292519685037
21
0.6660555905511811
0
LINE
8
BLACK
6
CONTINUOUS
10
2.5439292519685037
20
0.6660555905511811
11
2.5439803937007874
21
0.6659966141732283
0
LINE
8
BLACK
6
CONTINUOUS
10
2.5439803937007874
20
0.6659966141732283
11
2.5442067716535433
21
0.6658108267716535
0
LINE
8
BLACK
6
CONTINUOUS
10
2.5442067716535433
20
0.6658108267716535
11
2.5460815354330708
21
0.6639360629921259
0
LINE
8
BLACK
6
CONTINUOUS
10
2.5460815354330708
20
0.6639360629921259
11
2.5462672834645668
21
0.6637097244094488
0
LINE
8
BLACK
6
CONTINUOUS
10
2.5462672834645668
20
0.6637097244094488
11
2.5463262992125983
21
0.6636585433070866
0
LINE
8
BLACK
6
CONTINUOUS
10
2.5463262992125983
20
0.6636585433070866
11
2.5463822440944881
21
0.6635696062992126
0
LINE
8
BLACK
6
CONTINUOUS
10
2.5463822440944881
20
0.6635696062992126
11
2.5464487401574805
21
0.6634886220472441
0
LINE
8
BLACK
6
CONTINUOUS
10
2.5464487401574805
20
0.6634886220472441
11
2.5464785433070865
21
0.6634166929133858
0
LINE
8
BLACK
6
CONTINUOUS
10
2.5464785433070865
20
0.6634166929133858
11
2.5466346456692914
21
0.6631686614173228
0
LINE
8
BLACK
6
CONTINUOUS
10
2.5466346456692914
20
0.6631686614173228
11
2.548509409448819
21
0.6594191338582677
0
LINE
8
BLACK
6
CONTINUOUS
10
2.548509409448819
20
0.6594191338582677
11
2.5487162992125985
21
0.6588785433070866
0
LINE
8
BLACK
6
CONTINUOUS
10
2.5487162992125985
20
0.6588785433070866
11
2.5487238188976375
21
0.6587726771653544
0
LINE
8
BLACK
6
CONTINUOUS
10
2.5487238188976375
20
0.6587726771653544
11
2.5487644094488187
21
0.6586746850393701
0
LINE
8
BLACK
6
CONTINUOUS
10
2.5487644094488187
20
0.6586746850393701
11
2.5488211417322835
21
0.6580986220472441
0
LINE
8
BLACK
6
CONTINUOUS
10
2.5488211417322835
20
0.6580986220472441
11
2.5488211417322835
21
0.6431005118110236
0
LINE
8
BLACK
6
CONTINUOUS
10
2.5488211417322835
20
0.6431005118110236
11
2.5488112204724409
21
0.643
0
LINE
8
BLACK
6
CONTINUOUS
10
2.5488112204724409
20
0.643
11
2.5488176377952754
21
0.642956968503937
0
LINE
8
BLACK
6
CONTINUOUS
10
2.5488176377952754
20
0.642956968503937
11
2.5487857480314959
21
0.6427414960629921
0
LINE
8
BLACK
6
CONTINUOUS
10
2.5487857480314959
20
0.6427414960629921
11
2.5487644094488187
21
0.6425244488188976
0
LINE
8
BLACK
6
CONTINUOUS
10
2.5487644094488187
20
0.6425244488188976
11
2.5487477559055116
21
0.6424842519685039
0
LINE
8
BLACK
6
CONTINUOUS
10
2.5487477559055116
20
0.6424842519685039
11
2.5487329921259843
21
0.6423843700787402
0
LINE
8
BLACK
6
CONTINUOUS
10
2.5487329921259843
20
0.6423843700787402
11
2.5468582283464567
21
0.6348853149606299
0
LINE
8
BLACK
6
CONTINUOUS
10
2.5468582283464567
20
0.6348853149606299
11
2.5467368897637797
21
0.6345458267716535
0
LINE
8
BLACK
6
CONTINUOUS
10
2.5467368897637797
20
0.6345458267716535
11
2.5467227952755906
21
0.6344743700787402
0
LINE
8
BLACK
6
CONTINUOUS
10
2.5467227952755906
20
0.6344743700787402
11
2.5466882283464565
21
0.6344096062992126
0
LINE
8
BLACK
6
CONTINUOUS
10
2.5466882283464565
20
0.6344096062992126
11
2.546663464566929
21
0.6343401968503937
0
LINE
8
BLACK
6
CONTINUOUS
10
2.546663464566929
20
0.6343401968503937
11
2.5466199212598424
21
0.6342814960629921
0
LINE
8
BLACK
6
CONTINUOUS
10
2.5466199212598424
20
0.6342814960629921
11
2.5464504724409447
21
0.6339635826771653
0
LINE
8
BLACK
6
CONTINUOUS
10
2.5464504724409447
20
0.6339635826771653
11
2.5427009448818896
21
0.6283392519685039
0
LINE
8
BLACK
6
CONTINUOUS
10
2.5427009448818896
20
0.6283392519685039
11
2.5426996062992124
21
0.6283376771653543
0
LINE
8
BLACK
6
CONTINUOUS
10
2.5426996062992124
20
0.6283376771653543
11
2.5426992519685037
21
0.6283367322834645
0
LINE
8
BLACK
6
CONTINUOUS
10
2.5426992519685037
20
0.6283367322834645
11
2.542520748031496
21
0.6281192519685039
0
LINE
8
BLACK
6
CONTINUOUS
10
2.542520748031496
20
0.6281192519685039
11
2.5423341732283462
21
0.6278914173228346
0
LINE
8
BLACK
6
CONTINUOUS
10
2.5423341732283462
20
0.6278914173228346
11
2.5423333070866141
21
0.6278908661417323
0
LINE
8
BLACK
6
CONTINUOUS
10
2.5423333070866141
20
0.6278908661417323
11
2.5423320078740157
21
0.6278892519685039
0
LINE
8
BLACK
6
CONTINUOUS
10
2.5423320078740157
20
0.6278892519685039
11
2.5404572834645669
21
0.6260144881889763
0
LINE
8
BLACK
6
CONTINUOUS
10
2.5404572834645669
20
0.6260144881889763
11
2.5402309055118111
21
0.6258287401574802
0
LINE
8
BLACK
6
CONTINUOUS
10
2.5402309055118111
20
0.6258287401574802
11
2.5401797244094486
21
0.62576968503937
0
LINE
8
BLACK
6
CONTINUOUS
10
2.5401797244094486
20
0.62576968503937
11
2.540090748031496
21
0.6257137007874015
0
LINE
8
BLACK
6
CONTINUOUS
10
2.540090748031496
20
0.6257137007874015
11
2.5400098031496063
21
0.6256472440944881
0
LINE
8
BLACK
6
CONTINUOUS
10
2.5400098031496063
20
0.6256472440944881
11
2.5399378346456691
21
0.6256174409448819
0
LINE
8
BLACK
6
CONTINUOUS
10
2.5399378346456691
20
0.6256174409448819
11
2.5396898425196848
21
0.6254613385826772
0
LINE
8
BLACK
6
CONTINUOUS
10
2.5396898425196848
20
0.6254613385826772
11
2.5359403149606297
21
0.6235865748031496
0
LINE
8
BLACK
6
CONTINUOUS
10
2.5359403149606297
20
0.6235865748031496
11
2.5353996850393701
21
0.62337968503937
0
LINE
8
BLACK
6
CONTINUOUS
10
2.5353996850393701
20
0.62337968503937
11
2.5352938582677167
21
0.6233722047244095
0
LINE
8
BLACK
6
CONTINUOUS
10
2.5352938582677167
20
0.6233722047244095
11
2.5351958661417324
21
0.6233315748031496
0
LINE
8
BLACK
6
CONTINUOUS
10
2.5351958661417324
20
0.6233315748031496
11
2.5346198031496061
21
0.623274842519685
0
LINE
8
BLACK
6
CONTINUOUS
10
2.5346198031496061
20
0.623274842519685
11
2.5271207480314959
21
0.623274842519685
0
LINE
8
BLACK
6
CONTINUOUS
10
2.5271207480314959
20
0.623274842519685
11
2.52654468503937
21
0.6233315748031496
0
LINE
8
BLACK
6
CONTINUOUS
10
2.52654468503937
20
0.6233315748031496
11
2.5254802755905512
21
0.6237724803149606
0
LINE
8
BLACK
6
CONTINUOUS
10
2.5254802755905512
20
0.6237724803149606
11
2.5246656299212598
21
0.6245871259842519
0
LINE
8
BLACK
6
CONTINUOUS
10
2.5246656299212598
20
0.6245871259842519
11
2.5242247244094487
21
0.6256515354330708
0
LINE
8
BLACK
6
CONTINUOUS
10
2.5242247244094487
20
0.6256515354330708
11
2.5242247244094487
21
0.6268036614173228
0
LINE
8
BLACK
6
CONTINUOUS
10
2.5242247244094487
20
0.6268036614173228
11
2.5246656299212598
21
0.6278680708661417
0
LINE
8
BLACK
6
CONTINUOUS
10
2.5246656299212598
20
0.6278680708661417
11
2.5254802755905512
21
0.6286827165354331
0
LINE
8
BLACK
6
CONTINUOUS
10
2.5254802755905512
20
0.6286827165354331
11
2.52654468503937
21
0.629123622047244
0
LINE
8
BLACK
6
CONTINUOUS
10
2.52654468503937
20
0.629123622047244
11
2.5271207480314959
21
0.6291803543307086
0
LINE
8
BLACK
6
CONTINUOUS
10
2.5271207480314959
20
0.6291803543307086
11
2.533922755905512
21
0.6291803543307086
0
LINE
8
BLACK
6
CONTINUOUS
10
2.533922755905512
20
0.6291803543307086
11
2.5366201968503939
21
0.6305290944881889
0
LINE
8
BLACK
6
CONTINUOUS
10
2.5366201968503939
20
0.6305290944881889
11
2.5379493307086616
21
0.6318582677165354
0
LINE
8
BLACK
6
CONTINUOUS
10
2.5379493307086616
20
0.6318582677165354
11
2.5412530708661416
21
0.6368138188976378
0
LINE
8
BLACK
6
CONTINUOUS
10
2.5412530708661416
20
0.6368138188976378
11
2.5419823622047244
21
0.6397309842519685
0
LINE
8
BLACK
6
CONTINUOUS
10
2.5419823622047244
20
0.6397309842519685
11
2.5396898425196848
21
0.6385847244094488
0
LINE
8
BLACK
6
CONTINUOUS
10
2.5396898425196848
20
0.6385847244094488
11
2.5391492125984252
21
0.6383778346456693
0
LINE
8
BLACK
6
CONTINUOUS
10
2.5391492125984252
20
0.6383778346456693
11
2.5390433858267718
21
0.6383703543307087
0
LINE
8
BLACK
6
CONTINUOUS
10
2.5390433858267718
20
0.6383703543307087
11
2.5389453937007875
21
0.6383297244094488
0
LINE
8
BLACK
6
CONTINUOUS
10
2.5389453937007875
20
0.6383297244094488
11
2.5383693307086612
21
0.6382729921259842
0
LINE
8
BLACK
6
CONTINUOUS
10
2.5383693307086612
20
0.6382729921259842
11
2.530870275590551
21
0.6382729921259842
0
LINE
8
BLACK
6
CONTINUOUS
10
2.530870275590551
20
0.6382729921259842
11
2.5302942125984251
21
0.6383297244094488
0
LINE
8
BLACK
6
CONTINUOUS
10
2.5302942125984251
20
0.6383297244094488
11
2.5301962204724409
21
0.6383703149606299
0
LINE
8
BLACK
6
CONTINUOUS
10
2.5301962204724409
20
0.6383703149606299
11
2.5300903543307087
21
0.6383778346456693
0
LINE
8
BLACK
6
CONTINUOUS
10
2.5300903543307087
20
0.6383778346456693
11
2.5295497637795274
21
0.6385847244094488
0
LINE
8
BLACK
6
CONTINUOUS
10
2.5295497637795274
20
0.6385847244094488
11
2.5258002362204723
21
0.6404594881889764
0
LINE
8
BLACK
6
CONTINUOUS
10
2.5258002362204723
20
0.6404594881889764
11
2.5255522047244092
21
0.6406155905511811
0
LINE
8
BLACK
6
CONTINUOUS
10
2.5255522047244092
20
0.6406155905511811
11
2.5254802755905512
21
0.6406453937007874
0
LINE
8
BLACK
6
CONTINUOUS
10
2.5254802755905512
20
0.6406453937007874
11
2.5253992913385828
21
0.6407118897637795
0
LINE
8
BLACK
6
CONTINUOUS
10
2.5253992913385828
20
0.6407118897637795
11
2.5253103543307085
21
0.6407678346456693
0
LINE
8
BLACK
6
CONTINUOUS
10
2.5253103543307085
20
0.6407678346456693
11
2.5252591732283465
21
0.6408268503937008
0
LINE
8
BLACK
6
CONTINUOUS
10
2.5252591732283465
20
0.6408268503937008
11
2.5250328346456694
21
0.6410125984251969
0
LINE
8
BLACK
6
CONTINUOUS
10
2.5250328346456694
20
0.6410125984251969
11
2.5231580708661419
21
0.6428873622047244
0
LINE
8
BLACK
6
CONTINUOUS
10
2.5231580708661419
20
0.6428873622047244
11
2.5229722834645667
21
0.6431137401574804
0
LINE
8
BLACK
6
CONTINUOUS
10
2.5229722834645667
20
0.6431137401574804
11
2.5229133070866143
21
0.6431648818897637
0
LINE
8
BLACK
6
CONTINUOUS
10
2.5229133070866143
20
0.6431648818897637
11
2.5228573228346458
21
0.6432538582677165
0
LINE
8
BLACK
6
CONTINUOUS
10
2.5228573228346458
20
0.6432538582677165
11
2.5227908661417322
21
0.6433348031496063
0
LINE
8
BLACK
6
CONTINUOUS
10
2.5227908661417322
20
0.6433348031496063
11
2.522761023622047
21
0.6434067716535433
0
LINE
8
BLACK
6
CONTINUOUS
10
2.522761023622047
20
0.6434067716535433
11
2.5226049606299212
21
0.6436547637795276
0
LINE
8
BLACK
6
CONTINUOUS
10
2.5226049606299212
20
0.6436547637795276
11
2.5207301968503937
21
0.6474042913385827
0
LINE
8
BLACK
6
CONTINUOUS
10
2.5207301968503937
20
0.6474042913385827
11
2.5205233070866142
21
0.6479449212598425
0
LINE
8
BLACK
6
CONTINUOUS
10
2.5205233070866142
20
0.6479449212598425
11
2.5205157874015747
21
0.6480507480314961
0
LINE
8
BLACK
6
CONTINUOUS
10
2.5205157874015747
20
0.6480507480314961
11
2.5204751968503936
21
0.6481487401574803
0
LINE
8
BLACK
6
CONTINUOUS
10
2.5204751968503936
20
0.6481487401574803
11
2.5204184645669292
21
0.6487248031496062
0
LINE
8
BLACK
6
CONTINUOUS
10
2.5204184645669292
20
0.6487248031496062
11
2.5204184645669292
21
0.6580986220472441
0
LINE
8
BLACK
6
CONTINUOUS
10
2.5204184645669292
20
0.6580986220472441
11
2.5204751968503936
21
0.6586746850393701
0
LINE
8
BLACK
6
CONTINUOUS
10
2.5204751968503936
20
0.6586746850393701
11
2.5205157874015747
21
0.658772716535433
0
LINE
8
BLACK
6
CONTINUOUS
10
2.5205157874015747
20
0.658772716535433
11
2.5205233070866142
21
0.6588785039370079
0
LINE
8
BLACK
6
CONTINUOUS
10
2.5205233070866142
20
0.6588785039370079
11
2.5207301968503937
21
0.6594191338582677
0
LINE
8
BLACK
6
CONTINUOUS
10
2.5207301968503937
20
0.6594191338582677
11
2.5226049606299212
21
0.6631686614173228
0
LINE
8
BLACK
6
CONTINUOUS
10
2.5226049606299212
20
0.6631686614173228
11
2.522761023622047
21
0.6634166929133858
0
LINE
8
BLACK
6
CONTINUOUS
10
2.522761023622047
20
0.6634166929133858
11
2.5227908661417322
21
0.6634886220472441
0
LINE
8
BLACK
6
CONTINUOUS
10
2.5227908661417322
20
0.6634886220472441
11
2.5228573228346458
21
0.6635696062992126
0
LINE
8
BLACK
6
CONTINUOUS
10
2.5228573228346458
20
0.6635696062992126
11
2.5229133070866143
21
0.6636585433070866
0
LINE
8
BLACK
6
CONTINUOUS
10
2.5229133070866143
20
0.6636585433070866
11
2.5229722834645667
21
0.6637097244094488
0
LINE
8
BLACK
6
CONTINUOUS
10
2.5229722834645667
20
0.6637097244094488
11
2.5231580708661419
21
0.6639360629921259
0
LINE
8
BLACK
6
CONTINUOUS
10
2.5231580708661419
20
0.6639360629921259
11
2.5250328346456694
21
0.6658108267716535
0
LINE
8
BLACK
6
CONTINUOUS
10
2.5250328346456694
20
0.6658108267716535
11
2.5252591732283465
21
0.6659966141732283
0
LINE
8
BLACK
6
CONTINUOUS
10
2.5252591732283465
20
0.6659966141732283
11
2.5253103543307085
21
0.6660555905511811
0
LINE
8
BLACK
6
CONTINUOUS
10
2.5253103543307085
20
0.6660555905511811
11
2.5253992913385828
21
0.6661115748031496
0
LINE
8
BLACK
6
CONTINUOUS
10
2.5253992913385828
20
0.6661115748031496
11
2.5254802755905512
21
0.666178031496063
0
LINE
8
BLACK
6
CONTINUOUS
10
2.5254802755905512
20
0.666178031496063
11
2.5255522047244092
21
0.666207874015748
0
LINE
8
BLACK
6
CONTINUOUS
10
2.5255522047244092
20
0.666207874015748
11
2.5258002362204723
21
0.666363937007874
0
LINE
8
BLACK
6
CONTINUOUS
10
2.5258002362204723
20
0.666363937007874
11
2.5295497637795274
21
0.6682387007874016
0
LINE
8
BLACK
6
CONTINUOUS
10
2.5295497637795274
20
0.6682387007874016
11
2.5300903543307087
21
0.6684455905511811
0
LINE
8
BLACK
6
CONTINUOUS
10
2.5300903543307087
20
0.6684455905511811
11
2.5301962204724409
21
0.6684531496062992
0
LINE
8
BLACK
6
CONTINUOUS
10
2.5301962204724409
20
0.6684531496062992
11
2.5302942125984251
21
0.6684937007874016
0
LINE
8
BLACK
6
CONTINUOUS
10
2.5302942125984251
20
0.6684937007874016
11
2.530870275590551
21
0.6685504330708661
0
LINE
8
BLACK
6
CONTINUOUS
10
2.530870275590551
20
0.6685504330708661
11
2.5383693307086612
21
0.6685504330708661
0
LINE
8
BLACK
6
CONTINUOUS
10
2.5383693307086612
20
0.6685504330708661
11
2.5389453937007875
21
0.6684937007874016
0
LINE
8
BLACK
6
CONTINUOUS
10
2.5288698425196849
20
0.6612961811023622
11
2.5276727165354331
21
0.6600990551181102
0
LINE
8
BLACK
6
CONTINUOUS
10
2.5276727165354331
20
0.6600990551181102
11
2.5263239763779528
21
0.6574015748031496
0
LINE
8
BLACK
6
CONTINUOUS
10
2.5263239763779528
20
0.6574015748031496
11
2.5263239763779528
21
0.6494218503937008
0
LINE
8
BLACK
6
CONTINUOUS
10
2.5263239763779528
20
0.6494218503937008
11
2.5276727165354331
21
0.6467243700787402
0
LINE
8
BLACK
6
CONTINUOUS
10
2.5276727165354331
20
0.6467243700787402
11
2.5288698425196849
21
0.6455272440944881
0
LINE
8
BLACK
6
CONTINUOUS
10
2.5288698425196849
20
0.6455272440944881
11
2.5315673228346456
21
0.6441785039370078
0
LINE
8
BLACK
6
CONTINUOUS
10
2.5315673228346456
20
0.6441785039370078
11
2.5376722834645671
21
0.6441785039370078
0
LINE
8
BLACK
6
CONTINUOUS
10
2.5376722834645671
20
0.6441785039370078
11
2.5403697637795277
21
0.6455272440944881
0
LINE
8
BLACK
6
CONTINUOUS
10
2.5403697637795277
20
0.6455272440944881
11
2.5415668897637795
21
0.6467243700787402
0
LINE
8
BLACK
6
CONTINUOUS
10
2.5415668897637795
20
0.6467243700787402
11
2.5429156299212599
21
0.6494218503937008
0
LINE
8
BLACK
6
CONTINUOUS
10
2.5429156299212599
20
0.6494218503937008
11
2.5429156299212599
21
0.6574015748031496
0
LINE
8
BLACK
6
CONTINUOUS
10
2.5429156299212599
20
0.6574015748031496
11
2.5415668897637795
21
0.6600990551181102
0
LINE
8
BLACK
6
CONTINUOUS
10
2.5415668897637795
20
0.6600990551181102
11
2.5403697637795277
21
0.6612961811023622
0
LINE
8
BLACK
6
CONTINUOUS
10
2.5403697637795277
20
0.6612961811023622
11
2.5376722834645671
21
0.6626449212598425
0
LINE
8
BLACK
6
CONTINUOUS
10
2.5376722834645671
20
0.6626449212598425
11
2.5315673228346456
21
0.6626449212598425
0
LINE
8
BLACK
6
CONTINUOUS
10
2.5315673228346456
20
0.6626449212598425
11
2.5288698425196849
21
0.6612961811023622
0
LINE
8
BLACK
6
CONTINUOUS
10
2.5911464173228347
20
0.6684937007874016
11
2.5914388188976378
21
0.6684937007874016
0
LINE
8
BLACK
6
CONTINUOUS
10
2.5914388188976378
20
0.6684937007874016
11
2.591706062992126
21
0.6683829921259843
0
LINE
8
BLACK
6
CONTINUOUS
10
2.591706062992126
20
0.6683829921259843
11
2.5919898818897638
21
0.6683268503937008
0
LINE
8
BLACK
6
CONTINUOUS
10
2.5919898818897638
20
0.6683268503937008
11
2.5922331496062991
21
0.6681646850393701
0
LINE
8
BLACK
6
CONTINUOUS
10
2.5922331496062991
20
0.6681646850393701
11
2.5925032283464566
21
0.6680527952755906
0
LINE
8
BLACK
6
CONTINUOUS
10
2.5925032283464566
20
0.6680527952755906
11
2.5927076771653543
21
0.6678483464566929
0
LINE
8
BLACK
6
CONTINUOUS
10
2.5927076771653543
20
0.6678483464566929
11
2.5929485039370079
21
0.6676877952755905
0
LINE
8
BLACK
6
CONTINUOUS
10
2.5929485039370079
20
0.6676877952755905
11
2.5931112204724407
21
0.6674448031496063
0
LINE
8
BLACK
6
CONTINUOUS
10
2.5931112204724407
20
0.6674448031496063
11
2.5933178740157481
21
0.6672381496062992
0
LINE
8
BLACK
6
CONTINUOUS
10
2.5933178740157481
20
0.6672381496062992
11
2.5934285433070867
21
0.6669709448818898
0
LINE
8
BLACK
6
CONTINUOUS
10
2.5934285433070867
20
0.6669709448818898
11
2.593589566929134
21
0.6667305118110236
0
LINE
8
BLACK
6
CONTINUOUS
10
2.593589566929134
20
0.6667305118110236
11
2.5936468897637797
21
0.6664438582677166
0
LINE
8
BLACK
6
CONTINUOUS
10
2.5936468897637797
20
0.6664438582677166
11
2.5937587795275592
21
0.6661737401574803
0
LINE
8
BLACK
6
CONTINUOUS
10
2.5937587795275592
20
0.6661737401574803
11
2.5938148818897635
21
0.6656038188976378
0
LINE
8
BLACK
6
CONTINUOUS
10
2.5938148818897635
20
0.6656038188976378
11
2.5938155118110235
21
0.6656007874015748
0
LINE
8
BLACK
6
CONTINUOUS
10
2.5938155118110235
20
0.6656007874015748
11
2.593815275590551
21
0.6655997637795276
0
LINE
8
BLACK
6
CONTINUOUS
10
2.593815275590551
20
0.6655997637795276
11
2.5938155118110235
21
0.6655976771653543
0
LINE
8
BLACK
6
CONTINUOUS
10
2.5938155118110235
20
0.6655976771653543
11
2.5938155118110235
21
0.6291803543307086
0
LINE
8
BLACK
6
CONTINUOUS
10
2.5938155118110235
20
0.6291803543307086
11
2.6021113385826773
21
0.6291803543307086
0
LINE
8
BLACK
6
CONTINUOUS
10
2.6021113385826773
20
0.6291803543307086
11
2.6026874015748032
21
0.629123622047244
0
LINE
8
BLACK
6
CONTINUOUS
10
2.6026874015748032
20
0.629123622047244
11
2.603751811023622
21
0.6286827165354331
0
LINE
8
BLACK
6
CONTINUOUS
10
2.603751811023622
20
0.6286827165354331
11
2.6045664566929134
21
0.6278680708661417
0
LINE
8
BLACK
6
CONTINUOUS
10
2.6045664566929134
20
0.6278680708661417
11
2.6050073622047245
21
0.6268036614173228
0
LINE
8
BLACK
6
CONTINUOUS
10
2.6050073622047245
20
0.6268036614173228
11
2.6050073622047245
21
0.6256515354330708
0
LINE
8
BLACK
6
CONTINUOUS
10
2.6050073622047245
20
0.6256515354330708
11
2.6045664566929134
21
0.6245871259842519
0
LINE
8
BLACK
6
CONTINUOUS
10
2.6045664566929134
20
0.6245871259842519
11
2.603751811023622
21
0.6237724803149606
0
LINE
8
BLACK
6
CONTINUOUS
10
2.603751811023622
20
0.6237724803149606
11
2.6026874015748032
21
0.6233315748031496
0
LINE
8
BLACK
6
CONTINUOUS
10
2.6026874015748032
20
0.6233315748031496
11
2.6021113385826773
21
0.623274842519685
0
LINE
8
BLACK
6
CONTINUOUS
10
2.6021113385826773
20
0.623274842519685
11
2.5796141732283462
21
0.623274842519685
0
LINE
8
BLACK
6
CONTINUOUS
10
2.5796141732283462
20
0.623274842519685
11
2.5790381102362203
21
0.6233315748031496
0
LINE
8
BLACK
6
CONTINUOUS
10
2.5790381102362203
20
0.6233315748031496
11
2.5779737007874015
21
0.6237724803149606
0
LINE
8
BLACK
6
CONTINUOUS
10
2.5779737007874015
20
0.6237724803149606
11
2.5771590551181101
21
0.6245871259842519
0
LINE
8
BLACK
6
CONTINUOUS
10
2.5771590551181101
20
0.6245871259842519
11
2.576718149606299
21
0.6256515354330708
0
LINE
8
BLACK
6
CONTINUOUS
10
2.576718149606299
20
0.6256515354330708
11
2.576718149606299
21
0.6268036614173228
0
LINE
8
BLACK
6
CONTINUOUS
10
2.576718149606299
20
0.6268036614173228
11
2.5771590551181101
21
0.6278680708661417
0
LINE
8
BLACK
6
CONTINUOUS
10
2.5771590551181101
20
0.6278680708661417
11
2.5779737007874015
21
0.6286827165354331
0
LINE
8
BLACK
6
CONTINUOUS
10
2.5779737007874015
20
0.6286827165354331
11
2.5790381102362203
21
0.629123622047244
0
LINE
8
BLACK
6
CONTINUOUS
10
2.5790381102362203
20
0.629123622047244
11
2.5796141732283462
21
0.6291803543307086
0
LINE
8
BLACK
6
CONTINUOUS
10
2.5796141732283462
20
0.6291803543307086
11
2.5879099999999999
21
0.6291803543307086
0
LINE
8
BLACK
6
CONTINUOUS
10
2.5879099999999999
20
0.6291803543307086
11
2.5879099999999999
21
0.6565943307086614
0
LINE
8
BLACK
6
CONTINUOUS
10
2.5879099999999999
20
0.6565943307086614
11
2.5854516141732282
21
0.6541359448818898
0
LINE
8
BLACK
6
CONTINUOUS
10
2.5854516141732282
20
0.6541359448818898
11
2.5852252362204724
21
0.6539501968503937
0
LINE
8
BLACK
6
CONTINUOUS
10
2.5852252362204724
20
0.6539501968503937
11
2.5851740944881891
21
0.6538911811023622
0
LINE
8
BLACK
6
CONTINUOUS
10
2.5851740944881891
20
0.6538911811023622
11
2.5850851181102361
21
0.6538352362204725
0
LINE
8
BLACK
6
CONTINUOUS
10
2.5850851181102361
20
0.6538352362204725
11
2.5850041732283464
21
0.6537687401574803
0
LINE
8
BLACK
6
CONTINUOUS
10
2.5850041732283464
20
0.6537687401574803
11
2.5849322047244092
21
0.653738937007874
0
LINE
8
BLACK
6
CONTINUOUS
10
2.5849322047244092
20
0.653738937007874
11
2.5846842125984253
21
0.6535828346456692
0
LINE
8
BLACK
6
CONTINUOUS
10
2.5846842125984253
20
0.6535828346456692
11
2.5809346850393702
21
0.6517080708661417
0
LINE
8
BLACK
6
CONTINUOUS
10
2.5809346850393702
20
0.6517080708661417
11
2.5803940551181102
21
0.6515011811023622
0
LINE
8
BLACK
6
CONTINUOUS
10
2.5803940551181102
20
0.6515011811023622
11
2.5792448425196848
21
0.6514195275590551
0
LINE
8
BLACK
6
CONTINUOUS
10
2.5792448425196848
20
0.6514195275590551
11
2.5781518897637796
21
0.6517838582677166
0
LINE
8
BLACK
6
CONTINUOUS
10
2.5781518897637796
20
0.6517838582677166
11
2.5772814960629922
21
0.6525387007874016
0
LINE
8
BLACK
6
CONTINUOUS
10
2.5772814960629922
20
0.6525387007874016
11
2.5767662598425196
21
0.6535692125984252
0
LINE
8
BLACK
6
CONTINUOUS
10
2.5767662598425196
20
0.6535692125984252
11
2.5766846062992124
21
0.6547184251968504
0
LINE
8
BLACK
6
CONTINUOUS
10
2.5766846062992124
20
0.6547184251968504
11
2.577048937007874
21
0.6558113779527559
0
LINE
8
BLACK
6
CONTINUOUS
10
2.577048937007874
20
0.6558113779527559
11
2.5778037795275588
21
0.6566817716535432
0
LINE
8
BLACK
6
CONTINUOUS
10
2.5778037795275588
20
0.6566817716535432
11
2.5782936614173226
21
0.6569901181102362
0
LINE
8
BLACK
6
CONTINUOUS
10
2.5782936614173226
20
0.6569901181102362
11
2.5816146062992127
21
0.6586505905511811
0
LINE
8
BLACK
6
CONTINUOUS
10
2.5816146062992127
20
0.6586505905511811
11
2.584818503937008
21
0.6618544881889764
0
LINE
8
BLACK
6
CONTINUOUS
10
2.584818503937008
20
0.6618544881889764
11
2.5884059055118112
21
0.6672355905511811
0
LINE
8
BLACK
6
CONTINUOUS
10
2.5884059055118112
20
0.6672355905511811
11
2.5884072440944883
21
0.6672372834645669
0
LINE
8
BLACK
6
CONTINUOUS
10
2.5884072440944883
20
0.6672372834645669
11
2.5884076377952754
21
0.6672381496062992
0
LINE
8
BLACK
6
CONTINUOUS
10
2.5884076377952754
20
0.6672381496062992
11
2.5884096456692913
21
0.6672401968503937
0
LINE
8
BLACK
6
CONTINUOUS
10
2.5884096456692913
20
0.6672401968503937
11
2.5887726771653541
21
0.6676834251968504
0
LINE
8
BLACK
6
CONTINUOUS
10
2.5887726771653541
20
0.6676834251968504
11
2.5890155511811024
21
0.6678461023622048
0
LINE
8
BLACK
6
CONTINUOUS
10
2.5890155511811024
20
0.6678461023622048
11
2.5892222834645668
21
0.6680527952755906
0
LINE
8
BLACK
6
CONTINUOUS
10
2.5892222834645668
20
0.6680527952755906
11
2.5894895669291338
21
0.6681635433070866
0
LINE
8
BLACK
6
CONTINUOUS
10
2.5894895669291338
20
0.6681635433070866
11
2.5897299606299211
21
0.6683244881889764
0
LINE
8
BLACK
6
CONTINUOUS
10
2.5897299606299211
20
0.6683244881889764
11
2.5900165748031494
21
0.6683818503937008
0
LINE
8
BLACK
6
CONTINUOUS
10
2.5900165748031494
20
0.6683818503937008
11
2.5902866929133856
21
0.6684937007874016
0
LINE
8
BLACK
6
CONTINUOUS
10
2.5902866929133856
20
0.6684937007874016
11
2.5905759842519687
21
0.6684937007874016
0
LINE
8
BLACK
6
CONTINUOUS
10
2.5905759842519687
20
0.6684937007874016
11
2.5908596456692914
21
0.6685504330708661
0
LINE
8
BLACK
6
CONTINUOUS
10
2.5908596456692914
20
0.6685504330708661
11
2.5911464173228347
21
0.6684937007874016
0
LINE
8
BLACK
6
CONTINUOUS
10
2.6326836614173228
20
0.6684937007874016
11
2.6327816535433071
21
0.6684531102362204
0
LINE
8
BLACK
6
CONTINUOUS
10
2.6327816535433071
20
0.6684531102362204
11
2.6328874803149604
21
0.6684455905511811
0
LINE
8
BLACK
6
CONTINUOUS
10
2.6328874803149604
20
0.6684455905511811
11
2.6334281102362205
21
0.6682387007874016
0
LINE
8
BLACK
6
CONTINUOUS
10
2.6334281102362205
20
0.6682387007874016
11
2.6371776377952756
21
0.666363937007874
0
LINE
8
BLACK
6
CONTINUOUS
10
2.6371776377952756
20
0.666363937007874
11
2.63742562992126
21
0.666207874015748
0
LINE
8
BLACK
6
CONTINUOUS
10
2.63742562992126
20
0.666207874015748
11
2.6374975984251967
21
0.666178031496063
0
LINE
8
BLACK
6
CONTINUOUS
10
2.6374975984251967
20
0.666178031496063
11
2.6375785433070864
21
0.6661115748031496
0
LINE
8
BLACK
6
CONTINUOUS
10
2.6375785433070864
20
0.6661115748031496
11
2.6376675196850394
21
0.6660555905511811
0
LINE
8
BLACK
6
CONTINUOUS
10
2.6376675196850394
20
0.6660555905511811
11
2.6377186614173227
21
0.6659966141732283
0
LINE
8
BLACK
6
CONTINUOUS
10
2.6377186614173227
20
0.6659966141732283
11
2.6379450393700785
21
0.6658108267716535
0
LINE
8
BLACK
6
CONTINUOUS
10
2.6379450393700785
20
0.6658108267716535
11
2.6398198031496061
21
0.6639360629921259
0
LINE
8
BLACK
6
CONTINUOUS
10
2.6398198031496061
20
0.6639360629921259
11
2.6400055511811025
21
0.6637097244094488
0
LINE
8
BLACK
6
CONTINUOUS
10
2.6400055511811025
20
0.6637097244094488
11
2.6400645669291336
21
0.6636585433070866
0
LINE
8
BLACK
6
CONTINUOUS
10
2.6400645669291336
20
0.6636585433070866
11
2.6401205118110234
21
0.6635696062992126
0
LINE
8
BLACK
6
CONTINUOUS
10
2.6401205118110234
20
0.6635696062992126
11
2.6401870078740157
21
0.6634886220472441
0
LINE
8
BLACK
6
CONTINUOUS
10
2.6401870078740157
20
0.6634886220472441
11
2.6402168110236222
21
0.6634166929133858
0
LINE
8
BLACK
6
CONTINUOUS
10
2.6402168110236222
20
0.6634166929133858
11
2.6403729133858267
21
0.6631686614173228
0
LINE
8
BLACK
6
CONTINUOUS
10
2.6403729133858267
20
0.6631686614173228
11
2.6422476771653542
21
0.6594191338582677
0
LINE
8
BLACK
6
CONTINUOUS
10
2.6422476771653542
20
0.6594191338582677
11
2.6424545669291337
21
0.6588785433070866
0
LINE
8
BLACK
6
CONTINUOUS
10
2.6424545669291337
20
0.6588785433070866
11
2.6424620866141733
21
0.6587726771653544
0
LINE
8
BLACK
6
CONTINUOUS
10
2.6424620866141733
20
0.6587726771653544
11
2.6425026771653544
21
0.6586746850393701
0
LINE
8
BLACK
6
CONTINUOUS
10
2.6425026771653544
20
0.6586746850393701
11
2.6425594094488187
21
0.6580986220472441
0
LINE
8
BLACK
6
CONTINUOUS
10
2.6425594094488187
20
0.6580986220472441
11
2.6425594094488187
21
0.6431005118110236
0
LINE
8
BLACK
6
CONTINUOUS
10
2.6425594094488187
20
0.6431005118110236
11
2.6425494881889762
21
0.643
0
LINE
8
BLACK
6
CONTINUOUS
10
2.6425494881889762
20
0.643
11
2.6425559055118111
21
0.642956968503937
0
LINE
8
BLACK
6
CONTINUOUS
10
2.6425559055118111
20
0.642956968503937
11
2.6425240157480316
21
0.6427414960629921
0
LINE
8
BLACK
6
CONTINUOUS
10
2.6425240157480316
20
0.6427414960629921
11
2.6425026771653544
21
0.6425244488188976
0
LINE
8
BLACK
6
CONTINUOUS
10
2.6425026771653544
20
0.6425244488188976
11
2.6424860236220473
21
0.6424842519685039
0
LINE
8
BLACK
6
CONTINUOUS
10
2.6424860236220473
20
0.6424842519685039
11
2.6424712598425195
21
0.6423843700787402
0
LINE
8
BLACK
6
CONTINUOUS
10
2.6424712598425195
20
0.6423843700787402
11
2.640596496062992
21
0.6348853149606299
0
LINE
8
BLACK
6
CONTINUOUS
10
2.640596496062992
20
0.6348853149606299
11
2.6404751574803149
21
0.6345458267716535
0
LINE
8
BLACK
6
CONTINUOUS
10
2.6404751574803149
20
0.6345458267716535
11
2.6404610629921259
21
0.6344743700787402
0
LINE
8
BLACK
6
CONTINUOUS
10
2.6404610629921259
20
0.6344743700787402
11
2.6404264960629922
21
0.6344096062992126
0
LINE
8
BLACK
6
CONTINUOUS
10
2.6404264960629922
20
0.6344096062992126
11
2.6404017322834643
21
0.6343401968503937
0
LINE
8
BLACK
6
CONTINUOUS
10
2.6404017322834643
20
0.6343401968503937
11
2.6403581889763781
21
0.6342814960629921
0
LINE
8
BLACK
6
CONTINUOUS
10
2.6403581889763781
20
0.6342814960629921
11
2.6401887401574804
21
0.6339635826771653
0
LINE
8
BLACK
6
CONTINUOUS
10
2.6401887401574804
20
0.6339635826771653
11
2.6364392125984253
21
0.6283392519685039
0
LINE
8
BLACK
6
CONTINUOUS
10
2.6364392125984253
20
0.6283392519685039
11
2.6364378740157481
21
0.6283376771653543
0
LINE
8
BLACK
6
CONTINUOUS
10
2.6364378740157481
20
0.6283376771653543
11
2.6364375196850394
21
0.6283367322834645
0
LINE
8
BLACK
6
CONTINUOUS
10
2.6364375196850394
20
0.6283367322834645
11
2.6362590157480312
21
0.6281192519685039
0
LINE
8
BLACK
6
CONTINUOUS
10
2.6362590157480312
20
0.6281192519685039
11
2.6360724409448819
21
0.6278914173228346
0
LINE
8
BLACK
6
CONTINUOUS
10
2.6360724409448819
20
0.6278914173228346
11
2.6360715748031494
21
0.6278908661417323
0
LINE
8
BLACK
6
CONTINUOUS
10
2.6360715748031494
20
0.6278908661417323
11
2.636070275590551
21
0.6278892519685039
0
LINE
8
BLACK
6
CONTINUOUS
10
2.636070275590551
20
0.6278892519685039
11
2.6341955511811022
21
0.6260144881889763
0
LINE
8
BLACK
6
CONTINUOUS
10
2.6341955511811022
20
0.6260144881889763
11
2.6339691732283463
21
0.6258287401574802
0
LINE
8
BLACK
6
CONTINUOUS
10
2.6339691732283463
20
0.6258287401574802
11
2.6339179921259843
21
0.62576968503937
0
LINE
8
BLACK
6
CONTINUOUS
10
2.6339179921259843
20
0.62576968503937
11
2.6338290157480313
21
0.6257137007874015
0
LINE
8
BLACK
6
CONTINUOUS
10
2.6338290157480313
20
0.6257137007874015
11
2.6337480708661416
21
0.6256472440944881
0
LINE
8
BLACK
6
CONTINUOUS
10
2.6337480708661416
20
0.6256472440944881
11
2.6336761023622048
21
0.6256174409448819
0
LINE
8
BLACK
6
CONTINUOUS
10
2.6336761023622048
20
0.6256174409448819
11
2.6334281102362205
21
0.6254613385826772
0
LINE
8
BLACK
6
CONTINUOUS
10
2.6334281102362205
20
0.6254613385826772
11
2.6296785826771654
21
0.6235865748031496
0
LINE
8
BLACK
6
CONTINUOUS
10
2.6296785826771654
20
0.6235865748031496
11
2.6291379527559053
21
0.62337968503937
0
LINE
8
BLACK
6
CONTINUOUS
10
2.6291379527559053
20
0.62337968503937
11
2.629032125984252
21
0.6233722047244095
0
LINE
8
BLACK
6
CONTINUOUS
10
2.629032125984252
20
0.6233722047244095
11
2.6289341338582677
21
0.6233315748031496
0
LINE
8
BLACK
6
CONTINUOUS
10
2.6289341338582677
20
0.6233315748031496
11
2.6283580708661418
21
0.623274842519685
0
LINE
8
BLACK
6
CONTINUOUS
10
2.6283580708661418
20
0.623274842519685
11
2.6208590157480316
21
0.623274842519685
0
LINE
8
BLACK
6
CONTINUOUS
10
2.6208590157480316
20
0.623274842519685
11
2.6202829527559053
21
0.6233315748031496
0
LINE
8
BLACK
6
CONTINUOUS
10
2.6202829527559053
20
0.6233315748031496
11
2.6192185433070865
21
0.6237724803149606
0
LINE
8
BLACK
6
CONTINUOUS
10
2.6192185433070865
20
0.6237724803149606
11
2.618403897637795
21
0.6245871259842519
0
LINE
8
BLACK
6
CONTINUOUS
10
2.618403897637795
20
0.6245871259842519
11
2.6179629921259844
21
0.6256515354330708
0
LINE
8
BLACK
6
CONTINUOUS
10
2.6179629921259844
20
0.6256515354330708
11
2.6179629921259844
21
0.6268036614173228
0
LINE
8
BLACK
6
CONTINUOUS
10
2.6179629921259844
20
0.6268036614173228
11
2.618403897637795
21
0.6278680708661417
0
LINE
8
BLACK
6
CONTINUOUS
10
2.618403897637795
20
0.6278680708661417
11
2.6192185433070865
21
0.6286827165354331
0
LINE
8
BLACK
6
CONTINUOUS
10
2.6192185433070865
20
0.6286827165354331
11
2.6202829527559053
21
0.629123622047244
0
LINE
8
BLACK
6
CONTINUOUS
10
2.6202829527559053
20
0.629123622047244
11
2.6208590157480316
21
0.6291803543307086
0
LINE
8
BLACK
6
CONTINUOUS
10
2.6208590157480316
20
0.6291803543307086
11
2.6276610236220472
21
0.6291803543307086
0
LINE
8
BLACK
6
CONTINUOUS
10
2.6276610236220472
20
0.6291803543307086
11
2.6303584645669291
21
0.6305290944881889
0
LINE
8
BLACK
6
CONTINUOUS
10
2.6303584645669291
20
0.6305290944881889
11
2.6316875984251968
21
0.6318582677165354
0
LINE
8
BLACK
6
CONTINUOUS
10
2.6316875984251968
20
0.6318582677165354
11
2.6349913385826773
21
0.6368138188976378
0
LINE
8
BLACK
6
CONTINUOUS
10
2.6349913385826773
20
0.6368138188976378
11
2.6357206299212597
21
0.6397309842519685
0
LINE
8
BLACK
6
CONTINUOUS
10
2.6357206299212597
20
0.6397309842519685
11
2.6334281102362205
21
0.6385847244094488
0
LINE
8
BLACK
6
CONTINUOUS
10
2.6334281102362205
20
0.6385847244094488
11
2.6328874803149604
21
0.6383778346456693
0
LINE
8
BLACK
6
CONTINUOUS
10
2.6328874803149604
20
0.6383778346456693
11
2.6327816535433071
21
0.6383703543307087
0
LINE
8
BLACK
6
CONTINUOUS
10
2.6327816535433071
20
0.6383703543307087
11
2.6326836614173228
21
0.6383297244094488
0
LINE
8
BLACK
6
CONTINUOUS
10
2.6326836614173228
20
0.6383297244094488
11
2.6321075984251969
21
0.6382729921259842
0
LINE
8
BLACK
6
CONTINUOUS
10
2.6321075984251969
20
0.6382729921259842
11
2.6246085433070867
21
0.6382729921259842
0
LINE
8
BLACK
6
CONTINUOUS
10
2.6246085433070867
20
0.6382729921259842
11
2.6240324803149604
21
0.6383297244094488
0
LINE
8
BLACK
6
CONTINUOUS
10
2.6240324803149604
20
0.6383297244094488
11
2.6239344881889761
21
0.6383703149606299
0
LINE
8
BLACK
6
CONTINUOUS
10
2.6239344881889761
20
0.6383703149606299
11
2.623828622047244
21
0.6383778346456693
0
LINE
8
BLACK
6
CONTINUOUS
10
2.623828622047244
20
0.6383778346456693
11
2.6232880314960627
21
0.6385847244094488
0
LINE
8
BLACK
6
CONTINUOUS
10
2.6232880314960627
20
0.6385847244094488
11
2.6195385039370076
21
0.6404594881889764
0
LINE
8
BLACK
6
CONTINUOUS
10
2.6195385039370076
20
0.6404594881889764
11
2.6192904724409449
21
0.6406155905511811
0
LINE
8
BLACK
6
CONTINUOUS
10
2.6192904724409449
20
0.6406155905511811
11
2.6192185433070865
21
0.6406453937007874
0
LINE
8
BLACK
6
CONTINUOUS
10
2.6192185433070865
20
0.6406453937007874
11
2.619137559055118
21
0.6407118897637795
0
LINE
8
BLACK
6
CONTINUOUS
10
2.619137559055118
20
0.6407118897637795
11
2.6190486220472442
21
0.6407678346456693
0
LINE
8
BLACK
6
CONTINUOUS
10
2.6190486220472442
20
0.6407678346456693
11
2.6189974409448817
21
0.6408268503937008
0
LINE
8
BLACK
6
CONTINUOUS
10
2.6189974409448817
20
0.6408268503937008
11
2.6187711023622047
21
0.6410125984251969
0
LINE
8
BLACK
6
CONTINUOUS
10
2.6187711023622047
20
0.6410125984251969
11
2.6168963385826771
21
0.6428873622047244
0
LINE
8
BLACK
6
CONTINUOUS
10
2.6168963385826771
20
0.6428873622047244
11
2.6167105511811024
21
0.6431137401574804
0
LINE
8
BLACK
6
CONTINUOUS
10
2.6167105511811024
20
0.6431137401574804
11
2.6166515748031496
21
0.6431648818897637
0
LINE
8
BLACK
6
CONTINUOUS
10
2.6166515748031496
20
0.6431648818897637
11
2.6165955905511811
21
0.6432538582677165
0
LINE
8
BLACK
6
CONTINUOUS
10
2.6165955905511811
20
0.6432538582677165
11
2.6165291338582675
21
0.6433348031496063
0
LINE
8
BLACK
6
CONTINUOUS
10
2.6165291338582675
20
0.6433348031496063
11
2.6164992913385827
21
0.6434067716535433
0
LINE
8
BLACK
6
CONTINUOUS
10
2.6164992913385827
20
0.6434067716535433
11
2.6163432283464565
21
0.6436547637795276
0
LINE
8
BLACK
6
CONTINUOUS
10
2.6163432283464565
20
0.6436547637795276
11
2.6144684645669289
21
0.6474042913385827
0
LINE
8
BLACK
6
CONTINUOUS
10
2.6144684645669289
20
0.6474042913385827
11
2.6142615748031495
21
0.6479449212598425
0
LINE
8
BLACK
6
CONTINUOUS
10
2.6142615748031495
20
0.6479449212598425
11
2.6142540551181104
21
0.6480507480314961
0
LINE
8
BLACK
6
CONTINUOUS
10
2.6142540551181104
20
0.6480507480314961
11
2.6142134645669293
21
0.6481487401574803
0
LINE
8
BLACK
6
CONTINUOUS
10
2.6142134645669293
20
0.6481487401574803
11
2.6141567322834645
21
0.6487248031496062
0
LINE
8
BLACK
6
CONTINUOUS
10
2.6141567322834645
20
0.6487248031496062
11
2.6141567322834645
21
0.6580986220472441
0
LINE
8
BLACK
6
CONTINUOUS
10
2.6141567322834645
20
0.6580986220472441
11
2.6142134645669293
21
0.6586746850393701
0
LINE
8
BLACK
6
CONTINUOUS
10
2.6142134645669293
20
0.6586746850393701
11
2.6142540551181104
21
0.658772716535433
0
LINE
8
BLACK
6
CONTINUOUS
10
2.6142540551181104
20
0.658772716535433
11
2.6142615748031495
21
0.6588785039370079
0
LINE
8
BLACK
6
CONTINUOUS
10
2.6142615748031495
20
0.6588785039370079
11
2.6144684645669289
21
0.6594191338582677
0
LINE
8
BLACK
6
CONTINUOUS
10
2.6144684645669289
20
0.6594191338582677
11
2.6163432283464565
21
0.6631686614173228
0
LINE
8
BLACK
6
CONTINUOUS
10
2.6163432283464565
20
0.6631686614173228
11
2.6164992913385827
21
0.6634166929133858
0
LINE
8
BLACK
6
CONTINUOUS
10
2.6164992913385827
20
0.6634166929133858
11
2.6165291338582675
21
0.6634886220472441
0
LINE
8
BLACK
6
CONTINUOUS
10
2.6165291338582675
20
0.6634886220472441
11
2.6165955905511811
21
0.6635696062992126
0
LINE
8
BLACK
6
CONTINUOUS
10
2.6165955905511811
20
0.6635696062992126
11
2.6166515748031496
21
0.6636585433070866
0
LINE
8
BLACK
6
CONTINUOUS
10
2.6166515748031496
20
0.6636585433070866
11
2.6167105511811024
21
0.6637097244094488
0
LINE
8
BLACK
6
CONTINUOUS
10
2.6167105511811024
20
0.6637097244094488
11
2.6168963385826771
21
0.6639360629921259
0
LINE
8
BLACK
6
CONTINUOUS
10
2.6168963385826771
20
0.6639360629921259
11
2.6187711023622047
21
0.6658108267716535
0
LINE
8
BLACK
6
CONTINUOUS
10
2.6187711023622047
20
0.6658108267716535
11
2.6189974409448817
21
0.6659966141732283
0
LINE
8
BLACK
6
CONTINUOUS
10
2.6189974409448817
20
0.6659966141732283
11
2.6190486220472442
21
0.6660555905511811
0
LINE
8
BLACK
6
CONTINUOUS
10
2.6190486220472442
20
0.6660555905511811
11
2.619137559055118
21
0.6661115748031496
0
LINE
8
BLACK
6
CONTINUOUS
10
2.619137559055118
20
0.6661115748031496
11
2.6192185433070865
21
0.666178031496063
0
LINE
8
BLACK
6
CONTINUOUS
10
2.6192185433070865
20
0.666178031496063
11
2.6192904724409449
21
0.666207874015748
0
LINE
8
BLACK
6
CONTINUOUS
10
2.6192904724409449
20
0.666207874015748
11
2.6195385039370076
21
0.666363937007874
0
LINE
8
BLACK
6
CONTINUOUS
10
2.6195385039370076
20
0.666363937007874
11
2.6232880314960627
21
0.6682387007874016
0
LINE
8
BLACK
6
CONTINUOUS
10
2.6232880314960627
20
0.6682387007874016
11
2.623828622047244
21
0.6684455905511811
0
LINE
8
BLACK
6
CONTINUOUS
10
2.623828622047244
20
0.6684455905511811
11
2.6239344881889761
21
0.6684531496062992
0
LINE
8
BLACK
6
CONTINUOUS
10
2.6239344881889761
20
0.6684531496062992
11
2.6240324803149604
21
0.6684937007874016
0
LINE
8
BLACK
6
CONTINUOUS
10
2.6240324803149604
20
0.6684937007874016
11
2.6246085433070867
21
0.6685504330708661
0
LINE
8
BLACK
6
CONTINUOUS
10
2.6246085433070867
20
0.6685504330708661
11
2.6321075984251969
21
0.6685504330708661
0
LINE
8
BLACK
6
CONTINUOUS
10
2.6321075984251969
20
0.6685504330708661
11
2.6326836614173228
21
0.6684937007874016
0
LINE
8
BLACK
6
CONTINUOUS
10
2.6226081102362202
20
0.6612961811023622
11
2.6214109842519684
21
0.6600990551181102
0
LINE
8
BLACK
6
CONTINUOUS
10
2.6214109842519684
20
0.6600990551181102
11
2.6200622440944881
21
0.6574015748031496
0
LINE
8
BLACK
6
CONTINUOUS
10
2.6200622440944881
20
0.6574015748031496
11
2.6200622440944881
21
0.6494218503937008
0
LINE
8
BLACK
6
CONTINUOUS
10
2.6200622440944881
20
0.6494218503937008
11
2.6214109842519684
21
0.6467243700787402
0
LINE
8
BLACK
6
CONTINUOUS
10
2.6214109842519684
20
0.6467243700787402
11
2.6226081102362202
21
0.6455272440944881
0
LINE
8
BLACK
6
CONTINUOUS
10
2.6226081102362202
20
0.6455272440944881
11
2.6253055905511808
21
0.6441785039370078
0
LINE
8
BLACK
6
CONTINUOUS
10
2.6253055905511808
20
0.6441785039370078
11
2.6314105511811023
21
0.6441785039370078
0
LINE
8
BLACK
6
CONTINUOUS
10
2.6314105511811023
20
0.6441785039370078
11
2.634108031496063
21
0.6455272440944881
0
LINE
8
BLACK
6
CONTINUOUS
10
2.634108031496063
20
0.6455272440944881
11
2.6353051574803148
21
0.6467243700787402
0
LINE
8
BLACK
6
CONTINUOUS
10
2.6353051574803148
20
0.6467243700787402
11
2.6366538976377951
21
0.6494218503937008
0
LINE
8
BLACK
6
CONTINUOUS
10
2.6366538976377951
20
0.6494218503937008
11
2.6366538976377951
21
0.6574015748031496
0
LINE
8
BLACK
6
CONTINUOUS
10
2.6366538976377951
20
0.6574015748031496
11
2.6353051574803148
21
0.6600990551181102
0
LINE
8
BLACK
6
CONTINUOUS
10
2.6353051574803148
20
0.6600990551181102
11
2.634108031496063
21
0.6612961811023622
0
LINE
8
BLACK
6
CONTINUOUS
10
2.634108031496063
20
0.6612961811023622
11
2.6314105511811023
21
0.6626449212598425
0
LINE
8
BLACK
6
CONTINUOUS
10
2.6314105511811023
20
0.6626449212598425
11
2.6253055905511808
21
0.6626449212598425
0
LINE
8
BLACK
6
CONTINUOUS
10
2.6253055905511808
20
0.6626449212598425
11
2.6226081102362202
21
0.6612961811023622
0
LINE
8
BLACK
6
CONTINUOUS
10
2.6758032677165353
20
0.6684937007874016
11
2.6768676771653541
21
0.6680527952755906
0
LINE
8
BLACK
6
CONTINUOUS
10
2.6768676771653541
20
0.6680527952755906
11
2.6776823228346456
21
0.6672381496062992
0
LINE
8
BLACK
6
CONTINUOUS
10
2.6776823228346456
20
0.6672381496062992
11
2.6781232283464567
21
0.6661737401574803
0
LINE
8
BLACK
6
CONTINUOUS
10
2.6781232283464567
20
0.6661737401574803
11
2.6781232283464567
21
0.6650216141732284
0
LINE
8
BLACK
6
CONTINUOUS
10
2.6781232283464567
20
0.6650216141732284
11
2.6776823228346456
21
0.6639572047244094
0
LINE
8
BLACK
6
CONTINUOUS
10
2.6776823228346456
20
0.6639572047244094
11
2.6768676771653541
21
0.6631425590551181
0
LINE
8
BLACK
6
CONTINUOUS
10
2.6768676771653541
20
0.6631425590551181
11
2.6758032677165353
21
0.6627016535433071
0
LINE
8
BLACK
6
CONTINUOUS
10
2.6758032677165353
20
0.6627016535433071
11
2.6752272047244094
21
0.6626449212598425
0
LINE
8
BLACK
6
CONTINUOUS
10
2.6752272047244094
20
0.6626449212598425
11
2.6591517716535433
21
0.6626449212598425
0
LINE
8
BLACK
6
CONTINUOUS
10
2.6591517716535433
20
0.6626449212598425
11
2.6581746456692912
21
0.6528736614173228
0
LINE
8
BLACK
6
CONTINUOUS
10
2.6581746456692912
20
0.6528736614173228
11
2.6589085826771655
21
0.6532405905511811
0
LINE
8
BLACK
6
CONTINUOUS
10
2.6589085826771655
20
0.6532405905511811
11
2.6594491732283463
21
0.6534474803149606
0
LINE
8
BLACK
6
CONTINUOUS
10
2.6594491732283463
20
0.6534474803149606
11
2.6595550393700789
21
0.6534550393700788
0
LINE
8
BLACK
6
CONTINUOUS
10
2.6595550393700789
20
0.6534550393700788
11
2.6596530314960631
21
0.6534955905511811
0
LINE
8
BLACK
6
CONTINUOUS
10
2.6596530314960631
20
0.6534955905511811
11
2.660229094488189
21
0.6535523228346457
0
LINE
8
BLACK
6
CONTINUOUS
10
2.660229094488189
20
0.6535523228346457
11
2.6696029133858268
21
0.6535523228346457
0
LINE
8
BLACK
6
CONTINUOUS
10
2.6696029133858268
20
0.6535523228346457
11
2.6701789763779527
21
0.6534955905511811
0
LINE
8
BLACK
6
CONTINUOUS
10
2.6701789763779527
20
0.6534955905511811
11
2.6702769685039369
21
0.653455
0
LINE
8
BLACK
6
CONTINUOUS
10
2.6702769685039369
20
0.653455
11
2.6703827952755903
21
0.6534474803149606
0
LINE
8
BLACK
6
CONTINUOUS
10
2.6703827952755903
20
0.6534474803149606
11
2.6709234251968503
21
0.6532405905511811
0
LINE
8
BLACK
6
CONTINUOUS
10
2.6709234251968503
20
0.6532405905511811
11
2.6746729527559054
21
0.6513658267716536
0
LINE
8
BLACK
6
CONTINUOUS
10
2.6746729527559054
20
0.6513658267716536
11
2.6749209448818898
21
0.6512097637795276
0
LINE
8
BLACK
6
CONTINUOUS
10
2.6749209448818898
20
0.6512097637795276
11
2.6749929133858266
21
0.6511799212598425
0
LINE
8
BLACK
6
CONTINUOUS
10
2.6749929133858266
20
0.6511799212598425
11
2.6750738582677163
21
0.6511134645669291
0
LINE
8
BLACK
6
CONTINUOUS
10
2.6750738582677163
20
0.6511134645669291
11
2.6751628346456693
21
0.6510574803149606
0
LINE
8
BLACK
6
CONTINUOUS
10
2.6751628346456693
20
0.6510574803149606
11
2.6752139763779526
21
0.6509985039370079
0
LINE
8
BLACK
6
CONTINUOUS
10
2.6752139763779526
20
0.6509985039370079
11
2.6754403543307088
21
0.650812716535433
0
LINE
8
BLACK
6
CONTINUOUS
10
2.6754403543307088
20
0.650812716535433
11
2.6773151181102364
21
0.6489379527559055
0
LINE
8
BLACK
6
CONTINUOUS
10
2.6773151181102364
20
0.6489379527559055
11
2.6775008661417323
21
0.6487116141732283
0
LINE
8
BLACK
6
CONTINUOUS
10
2.6775008661417323
20
0.6487116141732283
11
2.6775598818897639
21
0.6486604330708661
0
LINE
8
BLACK
6
CONTINUOUS
10
2.6775598818897639
20
0.6486604330708661
11
2.6776158267716537
21
0.6485714960629921
0
LINE
8
BLACK
6
CONTINUOUS
10
2.6776158267716537
20
0.6485714960629921
11
2.6776823228346456
21
0.6484905118110236
0
LINE
8
BLACK
6
CONTINUOUS
10
2.6776823228346456
20
0.6484905118110236
11
2.677712125984252
21
0.6484185826771653
0
LINE
8
BLACK
6
CONTINUOUS
10
2.677712125984252
20
0.6484185826771653
11
2.6778682283464565
21
0.6481705511811023
0
LINE
8
BLACK
6
CONTINUOUS
10
2.6778682283464565
20
0.6481705511811023
11
2.6797429921259841
21
0.6444210236220472
0
LINE
8
BLACK
6
CONTINUOUS
10
2.6797429921259841
20
0.6444210236220472
11
2.6799498818897636
21
0.6438804330708662
0
LINE
8
BLACK
6
CONTINUOUS
10
2.6799498818897636
20
0.6438804330708662
11
2.6799574015748031
21
0.6437745669291338
0
LINE
8
BLACK
6
CONTINUOUS
10
2.6799574015748031
20
0.6437745669291338
11
2.6799979921259842
21
0.6436765748031495
0
LINE
8
BLACK
6
CONTINUOUS
10
2.6799979921259842
20
0.6436765748031495
11
2.6800547244094486
21
0.6431005118110236
0
LINE
8
BLACK
6
CONTINUOUS
10
2.6800547244094486
20
0.6431005118110236
11
2.6800547244094486
21
0.6337266929133858
0
LINE
8
BLACK
6
CONTINUOUS
10
2.6800547244094486
20
0.6337266929133858
11
2.6799979921259842
21
0.6331506299212598
0
LINE
8
BLACK
6
CONTINUOUS
10
2.6799979921259842
20
0.6331506299212598
11
2.6799574015748031
21
0.6330526771653543
0
LINE
8
BLACK
6
CONTINUOUS
10
2.6799574015748031
20
0.6330526771653543
11
2.6799498818897636
21
0.6329467716535433
0
LINE
8
BLACK
6
CONTINUOUS
10
2.6799498818897636
20
0.6329467716535433
11
2.6797429921259841
21
0.6324061811023622
0
LINE
8
BLACK
6
CONTINUOUS
10
2.6797429921259841
20
0.6324061811023622
11
2.6778682283464565
21
0.628656653543307
0
LINE
8
BLACK
6
CONTINUOUS
10
2.6778682283464565
20
0.628656653543307
11
2.6777121653543308
21
0.628408779527559
0
LINE
8
BLACK
6
CONTINUOUS
10
2.6777121653543308
20
0.628408779527559
11
2.6776823622047243
21
0.6283367322834645
0
LINE
8
BLACK
6
CONTINUOUS
10
2.6776823622047243
20
0.6283367322834645
11
2.6776158267716537
21
0.6282557086614173
0
LINE
8
BLACK
6
CONTINUOUS
10
2.6776158267716537
20
0.6282557086614173
11
2.6775598818897639
21
0.6281667716535433
0
LINE
8
BLACK
6
CONTINUOUS
10
2.6775598818897639
20
0.6281667716535433
11
2.6775008661417323
21
0.6281156299212598
0
LINE
8
BLACK
6
CONTINUOUS
10
2.6775008661417323
20
0.6281156299212598
11
2.6773151181102364
21
0.6278892519685039
0
LINE
8
BLACK
6
CONTINUOUS
10
2.6773151181102364
20
0.6278892519685039
11
2.6754403937007871
21
0.6260144881889763
0
LINE
8
BLACK
6
CONTINUOUS
10
2.6754403937007871
20
0.6260144881889763
11
2.6752140157480313
21
0.6258287401574802
0
LINE
8
BLACK
6
CONTINUOUS
10
2.6752140157480313
20
0.6258287401574802
11
2.6751628346456693
21
0.62576968503937
0
LINE
8
BLACK
6
CONTINUOUS
10
2.6751628346456693
20
0.62576968503937
11
2.6750738582677163
21
0.6257137007874015
0
LINE
8
BLACK
6
CONTINUOUS
10
2.6750738582677163
20
0.6257137007874015
11
2.6749929133858266
21
0.6256472440944881
0
LINE
8
BLACK
6
CONTINUOUS
10
2.6749929133858266
20
0.6256472440944881
11
2.6749209448818898
21
0.6256174409448819
0
LINE
8
BLACK
6
CONTINUOUS
10
2.6749209448818898
20
0.6256174409448819
11
2.6746729527559054
21
0.6254613385826772
0
LINE
8
BLACK
6
CONTINUOUS
10
2.6746729527559054
20
0.6254613385826772
11
2.6709234251968503
21
0.6235865748031496
0
LINE
8
BLACK
6
CONTINUOUS
10
2.6709234251968503
20
0.6235865748031496
11
2.6703827952755903
21
0.62337968503937
0
LINE
8
BLACK
6
CONTINUOUS
10
2.6703827952755903
20
0.62337968503937
11
2.6702769685039369
21
0.6233722047244095
0
LINE
8
BLACK
6
CONTINUOUS
10
2.6702769685039369
20
0.6233722047244095
11
2.6701789763779527
21
0.6233315748031496
0
LINE
8
BLACK
6
CONTINUOUS
10
2.6701789763779527
20
0.6233315748031496
11
2.6696029133858268
21
0.623274842519685
0
LINE
8
BLACK
6
CONTINUOUS
10
2.6696029133858268
20
0.623274842519685
11
2.660229094488189
21
0.623274842519685
0
LINE
8
BLACK
6
CONTINUOUS
10
2.660229094488189
20
0.623274842519685
11
2.6596530314960631
21
0.6233315748031496
0
LINE
8
BLACK
6
CONTINUOUS
10
2.6596530314960631
20
0.6233315748031496
11
2.6595550393700789
21
0.6233721653543307
0
LINE
8
BLACK
6
CONTINUOUS
10
2.6595550393700789
20
0.6233721653543307
11
2.6594491732283463
21
0.62337968503937
0
LINE
8
BLACK
6
CONTINUOUS
10
2.6594491732283463
20
0.62337968503937
11
2.6589085826771655
21
0.6235865748031496
0
LINE
8
BLACK
6
CONTINUOUS
10
2.6589085826771655
20
0.6235865748031496
11
2.6551590551181103
21
0.6254613385826772
0
LINE
8
BLACK
6
CONTINUOUS
10
2.6551590551181103
20
0.6254613385826772
11
2.6549110236220472
21
0.6256174409448819
0
LINE
8
BLACK
6
CONTINUOUS
10
2.6549110236220472
20
0.6256174409448819
11
2.6548390944881888
21
0.6256472440944881
0
LINE
8
BLACK
6
CONTINUOUS
10
2.6548390944881888
20
0.6256472440944881
11
2.6547581102362203
21
0.6257137007874015
0
LINE
8
BLACK
6
CONTINUOUS
10
2.6547581102362203
20
0.6257137007874015
11
2.6546691732283465
21
0.62576968503937
0
LINE
8
BLACK
6
CONTINUOUS
10
2.6546691732283465
20
0.62576968503937
11
2.6546179527559053
21
0.6258287401574802
0
LINE
8
BLACK
6
CONTINUOUS
10
2.6546179527559053
20
0.6258287401574802
11
2.6543916141732282
21
0.6260144881889763
0
LINE
8
BLACK
6
CONTINUOUS
10
2.6543916141732282
20
0.6260144881889763
11
2.6525168503937007
21
0.6278892913385826
0
LINE
8
BLACK
6
CONTINUOUS
10
2.6525168503937007
20
0.6278892913385826
11
2.6521496456692915
21
0.6283367322834645
0
LINE
8
BLACK
6
CONTINUOUS
10
2.6521496456692915
20
0.6283367322834645
11
2.6517087795275591
21
0.6294011417322835
0
LINE
8
BLACK
6
CONTINUOUS
10
2.6517087795275591
20
0.6294011417322835
11
2.6517087795275591
21
0.6305532283464567
0
LINE
8
BLACK
6
CONTINUOUS
10
2.6517087795275591
20
0.6305532283464567
11
2.6521496850393702
21
0.6316176377952756
0
LINE
8
BLACK
6
CONTINUOUS
10
2.6521496850393702
20
0.6316176377952756
11
2.65296437007874
21
0.6324323228346457
0
LINE
8
BLACK
6
CONTINUOUS
10
2.65296437007874
20
0.6324323228346457
11
2.6540287795275588
21
0.6328731889763779
0
LINE
8
BLACK
6
CONTINUOUS
10
2.6540287795275588
20
0.6328731889763779
11
2.6551808661417322
21
0.6328731889763779
0
LINE
8
BLACK
6
CONTINUOUS
10
2.6551808661417322
20
0.6328731889763779
11
2.656245275590551
21
0.6324322834645669
0
LINE
8
BLACK
6
CONTINUOUS
10
2.656245275590551
20
0.6324322834645669
11
2.6566927559055116
21
0.6320650393700787
0
LINE
8
BLACK
6
CONTINUOUS
10
2.6566927559055116
20
0.6320650393700787
11
2.6582286614173229
21
0.6305290944881889
0
LINE
8
BLACK
6
CONTINUOUS
10
2.6582286614173229
20
0.6305290944881889
11
2.6609261417322836
21
0.6291803543307086
0
LINE
8
BLACK
6
CONTINUOUS
10
2.6609261417322836
20
0.6291803543307086
11
2.6689058661417322
21
0.6291803543307086
0
LINE
8
BLACK
6
CONTINUOUS
10
2.6689058661417322
20
0.6291803543307086
11
2.6716033070866141
21
0.6305290944881889
0
LINE
8
BLACK
6
CONTINUOUS
10
2.6716033070866141
20
0.6305290944881889
11
2.6728004330708659
21
0.6317262598425196
0
LINE
8
BLACK
6
CONTINUOUS
10
2.6728004330708659
20
0.6317262598425196
11
2.674149212598425
21
0.6344237401574803
0
LINE
8
BLACK
6
CONTINUOUS
10
2.674149212598425
20
0.6344237401574803
11
2.674149212598425
21
0.6424034645669291
0
LINE
8
BLACK
6
CONTINUOUS
10
2.674149212598425
20
0.6424034645669291
11
2.6728004724409447
21
0.6451009448818897
0
LINE
8
BLACK
6
CONTINUOUS
10
2.6728004724409447
20
0.6451009448818897
11
2.6716033464566928
21
0.6462980708661418
0
LINE
8
BLACK
6
CONTINUOUS
10
2.6716033464566928
20
0.6462980708661418
11
2.6689058661417322
21
0.647646811023622
0
LINE
8
BLACK
6
CONTINUOUS
10
2.6689058661417322
20
0.647646811023622
11
2.6609261417322836
21
0.647646811023622
0
LINE
8
BLACK
6
CONTINUOUS
10
2.6609261417322836
20
0.647646811023622
11
2.6582286614173229
21
0.6462980708661418
0
LINE
8
BLACK
6
CONTINUOUS
10
2.6582286614173229
20
0.6462980708661418
11
2.6566927165354328
21
0.644762125984252
0
LINE
8
BLACK
6
CONTINUOUS
10
2.6566927165354328
20
0.644762125984252
11
2.656245275590551
21
0.6443949212598425
0
LINE
8
BLACK
6
CONTINUOUS
10
2.656245275590551
20
0.6443949212598425
11
2.6561079133858265
21
0.6443380314960629
0
LINE
8
BLACK
6
CONTINUOUS
10
2.6561079133858265
20
0.6443380314960629
11
2.6559928346456694
21
0.6442438582677166
0
LINE
8
BLACK
6
CONTINUOUS
10
2.6559928346456694
20
0.6442438582677166
11
2.6555794488188975
21
0.6441191732283464
0
LINE
8
BLACK
6
CONTINUOUS
10
2.6555794488188975
20
0.6441191732283464
11
2.6551808267716535
21
0.6439540157480315
0
LINE
8
BLACK
6
CONTINUOUS
10
2.6551808267716535
20
0.6439540157480315
11
2.6550322047244093
21
0.6439540157480315
0
LINE
8
BLACK
6
CONTINUOUS
10
2.6550322047244093
20
0.6439540157480315
11
2.654889842519685
21
0.643911062992126
0
LINE
8
BLACK
6
CONTINUOUS
10
2.654889842519685
20
0.643911062992126
11
2.6544603149606298
21
0.6439540157480315
0
LINE
8
BLACK
6
CONTINUOUS
10
2.6544603149606298
20
0.6439540157480315
11
2.6540287795275588
21
0.6439540157480315
0
LINE
8
BLACK
6
CONTINUOUS
10
2.6540287795275588
20
0.6439540157480315
11
2.6538914173228347
21
0.6440109448818897
0
LINE
8
BLACK
6
CONTINUOUS
10
2.6538914173228347
20
0.6440109448818897
11
2.6537434251968501
21
0.6440257086614173
0
LINE
8
BLACK
6
CONTINUOUS
10
2.6537434251968501
20
0.6440257086614173
11
2.6533630314960628
21
0.6442297637795276
0
LINE
8
BLACK
6
CONTINUOUS
10
2.6533630314960628
20
0.6442297637795276
11
2.6529643307086612
21
0.6443949212598425
0
LINE
8
BLACK
6
CONTINUOUS
10
2.6529643307086612
20
0.6443949212598425
11
2.6528591338582674
21
0.6445001181102362
0
LINE
8
BLACK
6
CONTINUOUS
10
2.6528591338582674
20
0.6445001181102362
11
2.6527281889763779
21
0.6445703543307086
0
LINE
8
BLACK
6
CONTINUOUS
10
2.6527281889763779
20
0.6445703543307086
11
2.6524549212598423
21
0.6449043307086614
0
LINE
8
BLACK
6
CONTINUOUS
10
2.6524549212598423
20
0.6449043307086614
11
2.6521496850393702
21
0.6452095669291339
0
LINE
8
BLACK
6
CONTINUOUS
10
2.6521496850393702
20
0.6452095669291339
11
2.6520927559055116
21
0.6453469291338583
0
LINE
8
BLACK
6
CONTINUOUS
10
2.6520927559055116
20
0.6453469291338583
11
2.6519986220472442
21
0.6454620078740158
0
LINE
8
BLACK
6
CONTINUOUS
10
2.6519986220472442
20
0.6454620078740158
11
2.6518738976377954
21
0.6458753937007874
0
LINE
8
BLACK
6
CONTINUOUS
10
2.6518738976377954
20
0.6458753937007874
11
2.6517087795275591
21
0.6462740157480314
0
LINE
8
BLACK
6
CONTINUOUS
10
2.6517087795275591
20
0.6462740157480314
11
2.6517087795275591
21
0.6464226771653543
0
LINE
8
BLACK
6
CONTINUOUS
10
2.6517087795275591
20
0.6464226771653543
11
2.6516658267716533
21
0.6465649999999999
0
LINE
8
BLACK
6
CONTINUOUS
10
2.6516658267716533
20
0.6465649999999999
11
2.6516666929133859
21
0.6471438582677165
0
LINE
8
BLACK
6
CONTINUOUS
10
2.6516666929133859
20
0.6471438582677165
11
2.6535414566929134
21
0.6658914960629921
0
LINE
8
BLACK
6
CONTINUOUS
10
2.6535414566929134
20
0.6658914960629921
11
2.6535835433070867
21
0.6661014566929133
0
LINE
8
BLACK
6
CONTINUOUS
10
2.6535835433070867
20
0.6661014566929133
11
2.6535835433070867
21
0.6661737401574803
0
LINE
8
BLACK
6
CONTINUOUS
10
2.6535835433070867
20
0.6661737401574803
11
2.6536116141732284
21
0.6662415748031496
0
LINE
8
BLACK
6
CONTINUOUS
10
2.6536116141732284
20
0.6662415748031496
11
2.6536552362204722
21
0.6664590551181102
0
LINE
8
BLACK
6
CONTINUOUS
10
2.6536552362204722
20
0.6664590551181102
11
2.653859251968504
21
0.6668393700787402
0
LINE
8
BLACK
6
CONTINUOUS
10
2.653859251968504
20
0.6668393700787402
11
2.6540244488188978
21
0.6672381496062992
0
LINE
8
BLACK
6
CONTINUOUS
10
2.6540244488188978
20
0.6672381496062992
11
2.6541296062992124
21
0.6673433464566929
0
LINE
8
BLACK
6
CONTINUOUS
10
2.6541296062992124
20
0.6673433464566929
11
2.6541998818897636
21
0.6674742913385827
0
LINE
8
BLACK
6
CONTINUOUS
10
2.6541998818897636
20
0.6674742913385827
11
2.654533818897638
21
0.6677475590551181
0
LINE
8
BLACK
6
CONTINUOUS
10
2.654533818897638
20
0.6677475590551181
11
2.6548390944881888
21
0.6680527952755906
0
LINE
8
BLACK
6
CONTINUOUS
10
2.6548390944881888
20
0.6680527952755906
11
2.6549764173228345
21
0.6681097244094488
0
LINE
8
BLACK
6
CONTINUOUS
10
2.6549764173228345
20
0.6681097244094488
11
2.6550915354330709
21
0.6682038582677166
0
LINE
8
BLACK
6
CONTINUOUS
10
2.6550915354330709
20
0.6682038582677166
11
2.655504803149606
21
0.6683285826771653
0
LINE
8
BLACK
6
CONTINUOUS
10
2.655504803149606
20
0.6683285826771653
11
2.655903503937008
21
0.6684937007874016
0
LINE
8
BLACK
6
CONTINUOUS
10
2.655903503937008
20
0.6684937007874016
11
2.6561241732283465
21
0.6685154724409449
0
LINE
8
BLACK
6
CONTINUOUS
10
2.6561241732283465
20
0.6685154724409449
11
2.6561945275590553
21
0.668536653543307
0
LINE
8
BLACK
6
CONTINUOUS
10
2.6561945275590553
20
0.668536653543307
11
2.656266496062992
21
0.6685294881889764
0
LINE
8
BLACK
6
CONTINUOUS
10
2.656266496062992
20
0.6685294881889764
11
2.6564795669291339
21
0.6685504330708661
0
LINE
8
BLACK
6
CONTINUOUS
10
2.6564795669291339
20
0.6685504330708661
11
2.6752272047244094
21
0.6685504330708661
0
LINE
8
BLACK
6
CONTINUOUS
10
2.6752272047244094
20
0.6685504330708661
11
2.6758032677165353
21
0.6684937007874016
0
LINE
8
BLACK
6
CONTINUOUS
10
2.7114238188976376
20
0.6684937007874016
11
2.7124882283464564
21
0.6680527952755906
0
LINE
8
BLACK
6
CONTINUOUS
10
2.7124882283464564
20
0.6680527952755906
11
2.7133028740157479
21
0.6672381496062992
0
LINE
8
BLACK
6
CONTINUOUS
10
2.7133028740157479
20
0.6672381496062992
11
2.713743779527559
21
0.6661737401574803
0
LINE
8
BLACK
6
CONTINUOUS
10
2.713743779527559
20
0.6661737401574803
11
2.713743779527559
21
0.6650216141732284
0
LINE
8
BLACK
6
CONTINUOUS
10
2.713743779527559
20
0.6650216141732284
11
2.7133028740157479
21
0.6639572047244094
0
LINE
8
BLACK
6
CONTINUOUS
10
2.7133028740157479
20
0.6639572047244094
11
2.7124882283464564
21
0.6631425590551181
0
LINE
8
BLACK
6
CONTINUOUS
10
2.7124882283464564
20
0.6631425590551181
11
2.7114238188976376
21
0.6627016535433071
0
LINE
8
BLACK
6
CONTINUOUS
10
2.7114238188976376
20
0.6627016535433071
11
2.7108477559055117
21
0.6626449212598425
0
LINE
8
BLACK
6
CONTINUOUS
10
2.7108477559055117
20
0.6626449212598425
11
2.7040457480314961
21
0.6626449212598425
0
LINE
8
BLACK
6
CONTINUOUS
10
2.7040457480314961
20
0.6626449212598425
11
2.7013482677165355
21
0.6612961811023622
0
LINE
8
BLACK
6
CONTINUOUS
10
2.7013482677165355
20
0.6612961811023622
11
2.7000190551181102
21
0.6599670078740157
0
LINE
8
BLACK
6
CONTINUOUS
10
2.7000190551181102
20
0.6599670078740157
11
2.696715433070866
21
0.6550115354330709
0
LINE
8
BLACK
6
CONTINUOUS
10
2.696715433070866
20
0.6550115354330709
11
2.6959861417322832
21
0.6520943307086614
0
LINE
8
BLACK
6
CONTINUOUS
10
2.6959861417322832
20
0.6520943307086614
11
2.6982786614173229
21
0.6532405905511811
0
LINE
8
BLACK
6
CONTINUOUS
10
2.6982786614173229
20
0.6532405905511811
11
2.6988192519685037
21
0.6534474803149606
0
LINE
8
BLACK
6
CONTINUOUS
10
2.6988192519685037
20
0.6534474803149606
11
2.6989251181102363
21
0.6534550393700788
0
LINE
8
BLACK
6
CONTINUOUS
10
2.6989251181102363
20
0.6534550393700788
11
2.6990231102362205
21
0.6534955905511811
0
LINE
8
BLACK
6
CONTINUOUS
10
2.6990231102362205
20
0.6534955905511811
11
2.6995991732283464
21
0.6535523228346457
0
LINE
8
BLACK
6
CONTINUOUS
10
2.6995991732283464
20
0.6535523228346457
11
2.7070982283464566
21
0.6535523228346457
0
LINE
8
BLACK
6
CONTINUOUS
10
2.7070982283464566
20
0.6535523228346457
11
2.7076742913385825
21
0.6534955905511811
0
LINE
8
BLACK
6
CONTINUOUS
10
2.7076742913385825
20
0.6534955905511811
11
2.7077722834645668
21
0.653455
0
LINE
8
BLACK
6
CONTINUOUS
10
2.7077722834645668
20
0.653455
11
2.7078781102362206
21
0.6534474803149606
0
LINE
8
BLACK
6
CONTINUOUS
10
2.7078781102362206
20
0.6534474803149606
11
2.7084187401574802
21
0.6532405905511811
0
LINE
8
BLACK
6
CONTINUOUS
10
2.7084187401574802
20
0.6532405905511811
11
2.7121682677165353
21
0.6513658267716536
0
LINE
8
BLACK
6
CONTINUOUS
10
2.7121682677165353
20
0.6513658267716536
11
2.7124162598425197
21
0.6512097637795276
0
LINE
8
BLACK
6
CONTINUOUS
10
2.7124162598425197
20
0.6512097637795276
11
2.7124882283464564
21
0.6511799212598425
0
LINE
8
BLACK
6
CONTINUOUS
10
2.7124882283464564
20
0.6511799212598425
11
2.7125691732283466
21
0.6511134645669291
0
LINE
8
BLACK
6
CONTINUOUS
10
2.7125691732283466
20
0.6511134645669291
11
2.7126581496062991
21
0.6510574803149606
0
LINE
8
BLACK
6
CONTINUOUS
10
2.7126581496062991
20
0.6510574803149606
11
2.7127092913385824
21
0.6509985039370079
0
LINE
8
BLACK
6
CONTINUOUS
10
2.7127092913385824
20
0.6509985039370079
11
2.7129356692913387
21
0.650812716535433
0
LINE
8
BLACK
6
CONTINUOUS
10
2.7129356692913387
20
0.650812716535433
11
2.7148104330708662
21
0.6489379527559055
0
LINE
8
BLACK
6
CONTINUOUS
10
2.7148104330708662
20
0.6489379527559055
11
2.7149961811023622
21
0.6487116141732283
0
LINE
8
BLACK
6
CONTINUOUS
10
2.7149961811023622
20
0.6487116141732283
11
2.7150551968503938
21
0.6486604330708661
0
LINE
8
BLACK
6
CONTINUOUS
10
2.7150551968503938
20
0.6486604330708661
11
2.7151111417322835
21
0.6485714960629921
0
LINE
8
BLACK
6
CONTINUOUS
10
2.7151111417322835
20
0.6485714960629921
11
2.7151776377952754
21
0.6484905118110236
0
LINE
8
BLACK
6
CONTINUOUS
10
2.7151776377952754
20
0.6484905118110236
11
2.7152074409448819
21
0.6484185826771653
0
LINE
8
BLACK
6
CONTINUOUS
10
2.7152074409448819
20
0.6484185826771653
11
2.7153635433070864
21
0.6481705511811023
0
LINE
8
BLACK
6
CONTINUOUS
10
2.7153635433070864
20
0.6481705511811023
11
2.717238307086614
21
0.6444210236220472
0
LINE
8
BLACK
6
CONTINUOUS
10
2.717238307086614
20
0.6444210236220472
11
2.7174451968503934
21
0.6438804330708662
0
LINE
8
BLACK
6
CONTINUOUS
10
2.7174451968503934
20
0.6438804330708662
11
2.717452716535433
21
0.6437745669291338
0
LINE
8
BLACK
6
CONTINUOUS
10
2.717452716535433
20
0.6437745669291338
11
2.7174933070866141
21
0.6436765748031495
0
LINE
8
BLACK
6
CONTINUOUS
10
2.7174933070866141
20
0.6436765748031495
11
2.7175500393700789
21
0.6431005118110236
0
LINE
8
BLACK
6
CONTINUOUS
10
2.7175500393700789
20
0.6431005118110236
11
2.7175500393700789
21
0.6337266929133858
0
LINE
8
BLACK
6
CONTINUOUS
10
2.7175500393700789
20
0.6337266929133858
11
2.7174933070866141
21
0.6331506299212598
0
LINE
8
BLACK
6
CONTINUOUS
10
2.7174933070866141
20
0.6331506299212598
11
2.717452716535433
21
0.6330526771653543
0
LINE
8
BLACK
6
CONTINUOUS
10
2.717452716535433
20
0.6330526771653543
11
2.7174451968503934
21
0.6329467716535433
0
LINE
8
BLACK
6
CONTINUOUS
10
2.7174451968503934
20
0.6329467716535433
11
2.717238307086614
21
0.6324061811023622
0
LINE
8
BLACK
6
CONTINUOUS
10
2.717238307086614
20
0.6324061811023622
11
2.7153635433070864
21
0.628656653543307
0
LINE
8
BLACK
6
CONTINUOUS
10
2.7153635433070864
20
0.628656653543307
11
2.7152074803149606
21
0.628408779527559
0
LINE
8
BLACK
6
CONTINUOUS
10
2.7152074803149606
20
0.628408779527559
11
2.7151776771653542
21
0.6283367322834645
0
LINE
8
BLACK
6
CONTINUOUS
10
2.7151776771653542
20
0.6283367322834645
11
2.7151111417322835
21
0.6282557086614173
0
LINE
8
BLACK
6
CONTINUOUS
10
2.7151111417322835
20
0.6282557086614173
11
2.7150551968503938
21
0.6281667716535433
0
LINE
8
BLACK
6
CONTINUOUS
10
2.7150551968503938
20
0.6281667716535433
11
2.7149961811023622
21
0.6281156299212598
0
LINE
8
BLACK
6
CONTINUOUS
10
2.7149961811023622
20
0.6281156299212598
11
2.7148104330708662
21
0.6278892519685039
0
LINE
8
BLACK
6
CONTINUOUS
10
2.7148104330708662
20
0.6278892519685039
11
2.7129357086614174
21
0.6260144881889763
0
LINE
8
BLACK
6
CONTINUOUS
10
2.7129357086614174
20
0.6260144881889763
11
2.7127093307086612
21
0.6258287401574802
0
LINE
8
BLACK
6
CONTINUOUS
10
2.7127093307086612
20
0.6258287401574802
11
2.7126581496062991
21
0.62576968503937
0
LINE
8
BLACK
6
CONTINUOUS
10
2.7126581496062991
20
0.62576968503937
11
2.7125691732283466
21
0.6257137007874015
0
LINE
8
BLACK
6
CONTINUOUS
10
2.7125691732283466
20
0.6257137007874015
11
2.7124882283464564
21
0.6256472440944881
0
LINE
8
BLACK
6
CONTINUOUS
10
2.7124882283464564
20
0.6256472440944881
11
2.7124162598425197
21
0.6256174409448819
0
LINE
8
BLACK
6
CONTINUOUS
10
2.7124162598425197
20
0.6256174409448819
11
2.7121682677165353
21
0.6254613385826772
0
LINE
8
BLACK
6
CONTINUOUS
10
2.7121682677165353
20
0.6254613385826772
11
2.7084187401574802
21
0.6235865748031496
0
LINE
8
BLACK
6
CONTINUOUS
10
2.7084187401574802
20
0.6235865748031496
11
2.7078781102362206
21
0.62337968503937
0
LINE
8
BLACK
6
CONTINUOUS
10
2.7078781102362206
20
0.62337968503937
11
2.7077722834645668
21
0.6233722047244095
0
LINE
8
BLACK
6
CONTINUOUS
10
2.7077722834645668
20
0.6233722047244095
11
2.7076742913385825
21
0.6233315748031496
0
LINE
8
BLACK
6
CONTINUOUS
10
2.7076742913385825
20
0.6233315748031496
11
2.7070982283464566
21
0.623274842519685
0
LINE
8
BLACK
6
CONTINUOUS
10
2.7070982283464566
20
0.623274842519685
11
2.6995991732283464
21
0.623274842519685
0
LINE
8
BLACK
6
CONTINUOUS
10
2.6995991732283464
20
0.623274842519685
11
2.6990231102362205
21
0.6233315748031496
0
LINE
8
BLACK
6
CONTINUOUS
10
2.6990231102362205
20
0.6233315748031496
11
2.6989251181102363
21
0.6233721653543307
0
LINE
8
BLACK
6
CONTINUOUS
10
2.6989251181102363
20
0.6233721653543307
11
2.6988192519685037
21
0.62337968503937
0
LINE
8
BLACK
6
CONTINUOUS
10
2.6988192519685037
20
0.62337968503937
11
2.6982786614173229
21
0.6235865748031496
0
LINE
8
BLACK
6
CONTINUOUS
10
2.6982786614173229
20
0.6235865748031496
11
2.6945291338582678
21
0.6254613385826772
0
LINE
8
BLACK
6
CONTINUOUS
10
2.6945291338582678
20
0.6254613385826772
11
2.6942811023622046
21
0.6256174409448819
0
LINE
8
BLACK
6
CONTINUOUS
10
2.6942811023622046
20
0.6256174409448819
11
2.6942091732283462
21
0.6256472440944881
0
LINE
8
BLACK
6
CONTINUOUS
10
2.6942091732283462
20
0.6256472440944881
11
2.6941281889763777
21
0.6257137007874015
0
LINE
8
BLACK
6
CONTINUOUS
10
2.6941281889763777
20
0.6257137007874015
11
2.6940392519685039
21
0.62576968503937
0
LINE
8
BLACK
6
CONTINUOUS
10
2.6940392519685039
20
0.62576968503937
11
2.6939880314960631
21
0.6258287401574802
0
LINE
8
BLACK
6
CONTINUOUS
10
2.6939880314960631
20
0.6258287401574802
11
2.6937616929133856
21
0.6260144881889763
0
LINE
8
BLACK
6
CONTINUOUS
10
2.6937616929133856
20
0.6260144881889763
11
2.6918869291338581
21
0.6278892913385826
0
LINE
8
BLACK
6
CONTINUOUS
10
2.6918869291338581
20
0.6278892913385826
11
2.6917011811023621
21
0.6281156299212598
0
LINE
8
BLACK
6
CONTINUOUS
10
2.6917011811023621
20
0.6281156299212598
11
2.6916422047244093
21
0.6281667716535433
0
LINE
8
BLACK
6
CONTINUOUS
10
2.6916422047244093
20
0.6281667716535433
11
2.6915862204724408
21
0.6282557086614173
0
LINE
8
BLACK
6
CONTINUOUS
10
2.6915862204724408
20
0.6282557086614173
11
2.6915197244094489
21
0.6283367322834645
0
LINE
8
BLACK
6
CONTINUOUS
10
2.6915197244094489
20
0.6283367322834645
11
2.6914898818897637
21
0.628408779527559
0
LINE
8
BLACK
6
CONTINUOUS
10
2.6914898818897637
20
0.628408779527559
11
2.6913338582677166
21
0.628656653543307
0
LINE
8
BLACK
6
CONTINUOUS
10
2.6913338582677166
20
0.628656653543307
11
2.6894590944881891
21
0.6324061811023622
0
LINE
8
BLACK
6
CONTINUOUS
10
2.6894590944881891
20
0.6324061811023622
11
2.6892522047244092
21
0.632946811023622
0
LINE
8
BLACK
6
CONTINUOUS
10
2.6892522047244092
20
0.632946811023622
11
2.6892446850393701
21
0.6330526377952755
0
LINE
8
BLACK
6
CONTINUOUS
10
2.6892446850393701
20
0.6330526377952755
11
2.689204094488189
21
0.6331506299212598
0
LINE
8
BLACK
6
CONTINUOUS
10
2.689204094488189
20
0.6331506299212598
11
2.6891473622047242
21
0.6337266929133858
0
LINE
8
BLACK
6
CONTINUOUS
10
2.6891473622047242
20
0.6337266929133858
11
2.6891473622047242
21
0.6487248031496062
0
LINE
8
BLACK
6
CONTINUOUS
10
2.6891473622047242
20
0.6487248031496062
11
2.689157244094488
21
0.6488253543307086
0
LINE
8
BLACK
6
CONTINUOUS
10
2.689157244094488
20
0.6488253543307086
11
2.6891508661417323
21
0.6488683464566929
0
LINE
8
BLACK
6
CONTINUOUS
10
2.6891508661417323
20
0.6488683464566929
11
2.6891827165354329
21
0.6490838582677165
0
LINE
8
BLACK
6
CONTINUOUS
10
2.6891827165354329
20
0.6490838582677165
11
2.689204094488189
21
0.6493008661417322
0
LINE
8
BLACK
6
CONTINUOUS
10
2.689204094488189
20
0.6493008661417322
11
2.6892207086614173
21
0.6493411023622047
0
LINE
8
BLACK
6
CONTINUOUS
10
2.6892207086614173
20
0.6493411023622047
11
2.6892355118110234
21
0.6494409448818897
0
LINE
8
BLACK
6
CONTINUOUS
10
2.6892355118110234
20
0.6494409448818897
11
2.6911102755905509
21
0.65694
0
LINE
8
BLACK
6
CONTINUOUS
10
2.6911102755905509
20
0.65694
11
2.6912315354330709
21
0.6572794881889764
0
LINE
8
BLACK
6
CONTINUOUS
10
2.6912315354330709
20
0.6572794881889764
11
2.6912457086614174
21
0.6573509842519685
0
LINE
8
BLACK
6
CONTINUOUS
10
2.6912457086614174
20
0.6573509842519685
11
2.6912802755905512
21
0.6574158661417323
0
LINE
8
BLACK
6
CONTINUOUS
10
2.6912802755905512
20
0.6574158661417323
11
2.6913050393700786
21
0.6574851181102362
0
LINE
8
BLACK
6
CONTINUOUS
10
2.6913050393700786
20
0.6574851181102362
11
2.691348464566929
21
0.6575437401574803
0
LINE
8
BLACK
6
CONTINUOUS
10
2.691348464566929
20
0.6575437401574803
11
2.6915180314960629
21
0.6578617716535433
0
LINE
8
BLACK
6
CONTINUOUS
10
2.6915180314960629
20
0.6578617716535433
11
2.6952675590551181
21
0.663486062992126
0
LINE
8
BLACK
6
CONTINUOUS
10
2.6952675590551181
20
0.663486062992126
11
2.6952688976377952
21
0.6634877559055118
0
LINE
8
BLACK
6
CONTINUOUS
10
2.6952688976377952
20
0.6634877559055118
11
2.6952692913385827
21
0.6634886220472441
0
LINE
8
BLACK
6
CONTINUOUS
10
2.6952692913385827
20
0.6634886220472441
11
2.6954459842519682
21
0.663703937007874
0
LINE
8
BLACK
6
CONTINUOUS
10
2.6954459842519682
20
0.663703937007874
11
2.6956343307086614
21
0.6639338976377953
0
LINE
8
BLACK
6
CONTINUOUS
10
2.6956343307086614
20
0.6639338976377953
11
2.6956351574803148
21
0.6639344881889764
0
LINE
8
BLACK
6
CONTINUOUS
10
2.6956351574803148
20
0.6639344881889764
11
2.6956364960629919
21
0.6639360629921259
0
LINE
8
BLACK
6
CONTINUOUS
10
2.6956364960629919
20
0.6639360629921259
11
2.6975112598425195
21
0.6658108267716535
0
LINE
8
BLACK
6
CONTINUOUS
10
2.6975112598425195
20
0.6658108267716535
11
2.697737598425197
21
0.6659966141732283
0
LINE
8
BLACK
6
CONTINUOUS
10
2.697737598425197
20
0.6659966141732283
11
2.697788779527559
21
0.6660555905511811
0
LINE
8
BLACK
6
CONTINUOUS
10
2.697788779527559
20
0.6660555905511811
11
2.6978777165354328
21
0.6661115748031496
0
LINE
8
BLACK
6
CONTINUOUS
10
2.6978777165354328
20
0.6661115748031496
11
2.6979587007874013
21
0.666178031496063
0
LINE
8
BLACK
6
CONTINUOUS
10
2.6979587007874013
20
0.666178031496063
11
2.6980306299212597
21
0.666207874015748
0
LINE
8
BLACK
6
CONTINUOUS
10
2.6980306299212597
20
0.666207874015748
11
2.6982786614173229
21
0.666363937007874
0
LINE
8
BLACK
6
CONTINUOUS
10
2.6982786614173229
20
0.666363937007874
11
2.702028188976378
21
0.6682387007874016
0
LINE
8
BLACK
6
CONTINUOUS
10
2.702028188976378
20
0.6682387007874016
11
2.7025687795275588
21
0.6684455905511811
0
LINE
8
BLACK
6
CONTINUOUS
10
2.7025687795275588
20
0.6684455905511811
11
2.7026746456692914
21
0.6684531496062992
0
LINE
8
BLACK
6
CONTINUOUS
10
2.7026746456692914
20
0.6684531496062992
11
2.7027726377952757
21
0.6684937007874016
0
LINE
8
BLACK
6
CONTINUOUS
10
2.7027726377952757
20
0.6684937007874016
11
2.7033487007874015
21
0.6685504330708661
0
LINE
8
BLACK
6
CONTINUOUS
10
2.7033487007874015
20
0.6685504330708661
11
2.7108477559055117
21
0.6685504330708661
0
LINE
8
BLACK
6
CONTINUOUS
10
2.7108477559055117
20
0.6685504330708661
11
2.7114238188976376
21
0.6684937007874016
0
LINE
8
BLACK
6
CONTINUOUS
10
2.6975987401574804
20
0.6462980708661418
11
2.6964016141732281
21
0.6451009448818897
0
LINE
8
BLACK
6
CONTINUOUS
10
2.6964016141732281
20
0.6451009448818897
11
2.6950528740157478
21
0.6424034645669291
0
LINE
8
BLACK
6
CONTINUOUS
10
2.6950528740157478
20
0.6424034645669291
11
2.6950528740157478
21
0.6344237401574803
0
LINE
8
BLACK
6
CONTINUOUS
10
2.6950528740157478
20
0.6344237401574803
11
2.6964016141732281
21
0.6317262598425196
0
LINE
8
BLACK
6
CONTINUOUS
10
2.6964016141732281
20
0.6317262598425196
11
2.6975987401574804
21
0.6305290944881889
0
LINE
8
BLACK
6
CONTINUOUS
10
2.6975987401574804
20
0.6305290944881889
11
2.700296220472441
21
0.6291803543307086
0
LINE
8
BLACK
6
CONTINUOUS
10
2.700296220472441
20
0.6291803543307086
11
2.7064011811023621
21
0.6291803543307086
0
LINE
8
BLACK
6
CONTINUOUS
10
2.7064011811023621
20
0.6291803543307086
11
2.7090986220472439
21
0.6305290944881889
0
LINE
8
BLACK
6
CONTINUOUS
10
2.7090986220472439
20
0.6305290944881889
11
2.7102957480314962
21
0.6317262598425196
0
LINE
8
BLACK
6
CONTINUOUS
10
2.7102957480314962
20
0.6317262598425196
11
2.7116445275590553
21
0.6344237401574803
0
LINE
8
BLACK
6
CONTINUOUS
10
2.7116445275590553
20
0.6344237401574803
11
2.7116445275590553
21
0.6424034645669291
0
LINE
8
BLACK
6
CONTINUOUS
10
2.7116445275590553
20
0.6424034645669291
11
2.710295787401575
21
0.6451009448818897
0
LINE
8
BLACK
6
CONTINUOUS
10
2.710295787401575
20
0.6451009448818897
11
2.7090986614173227
21
0.6462980708661418
0
LINE
8
BLACK
6
CONTINUOUS
10
2.7090986614173227
20
0.6462980708661418
11
2.7064011811023621
21
0.647646811023622
0
LINE
8
BLACK
6
CONTINUOUS
10
2.7064011811023621
20
0.647646811023622
11
2.700296220472441
21
0.647646811023622
0
LINE
8
BLACK
6
CONTINUOUS
10
2.700296220472441
20
0.647646811023622
11
2.6975987401574804
21
0.6462980708661418
0
LINE
8
BLACK
6
CONTINUOUS
10
2.5637582283464568
20
0.632690590551181
11
2.5643817322834646
21
0.6324323228346457
0
LINE
8
BLACK
6
CONTINUOUS
10
2.5643817322834646
20
0.6324323228346457
11
2.5643817716535433
21
0.6324322834645669
0
LINE
8
BLACK
6
CONTINUOUS
10
2.5643817716535433
20
0.6324322834645669
11
2.5648292519685039
21
0.6320650393700787
0
LINE
8
BLACK
6
CONTINUOUS
10
2.5648292519685039
20
0.6320650393700787
11
2.5667039763779527
21
0.6301902755905512
0
LINE
8
BLACK
6
CONTINUOUS
10
2.5667039763779527
20
0.6301902755905512
11
2.5670712204724411
21
0.6297427952755905
0
LINE
8
BLACK
6
CONTINUOUS
10
2.5670712204724411
20
0.6297427952755905
11
2.567443346456693
21
0.6288443700787402
0
LINE
8
BLACK
6
CONTINUOUS
10
2.567443346456693
20
0.6288443700787402
11
2.567512086614173
21
0.6286783858267716
0
LINE
8
BLACK
6
CONTINUOUS
10
2.567512086614173
20
0.6286783858267716
11
2.567512086614173
21
0.6275262992125984
0
LINE
8
BLACK
6
CONTINUOUS
10
2.567512086614173
20
0.6275262992125984
11
2.5670711811023623
21
0.6264618897637795
0
LINE
8
BLACK
6
CONTINUOUS
10
2.5670711811023623
20
0.6264618897637795
11
2.5667039763779527
21
0.6260144488188977
0
LINE
8
BLACK
6
CONTINUOUS
10
2.5667039763779527
20
0.6260144488188977
11
2.5648292125984251
21
0.6241396850393701
0
LINE
8
BLACK
6
CONTINUOUS
10
2.5648292125984251
20
0.6241396850393701
11
2.5643817716535433
21
0.6237724803149606
0
LINE
8
BLACK
6
CONTINUOUS
10
2.5643817716535433
20
0.6237724803149606
11
2.5633173622047245
21
0.6233315748031496
0
LINE
8
BLACK
6
CONTINUOUS
10
2.5633173622047245
20
0.6233315748031496
11
2.5633173228346458
21
0.6233315748031496
0
LINE
8
BLACK
6
CONTINUOUS
10
2.5633173228346458
20
0.6233315748031496
11
2.5621652755905511
21
0.6233315748031496
0
LINE
8
BLACK
6
CONTINUOUS
10
2.5621652755905511
20
0.6233315748031496
11
2.5621652362204723
21
0.6233315748031496
0
LINE
8
BLACK
6
CONTINUOUS
10
2.5621652362204723
20
0.6233315748031496
11
2.5611008267716535
21
0.6237724803149606
0
LINE
8
BLACK
6
CONTINUOUS
10
2.5611008267716535
20
0.6237724803149606
11
2.5606533858267717
21
0.6241396850393701
0
LINE
8
BLACK
6
CONTINUOUS
10
2.5606533858267717
20
0.6241396850393701
11
2.5587786220472442
21
0.6260144488188977
0
LINE
8
BLACK
6
CONTINUOUS
10
2.5587786220472442
20
0.6260144488188977
11
2.5584114173228345
21
0.6264618897637795
0
LINE
8
BLACK
6
CONTINUOUS
10
2.5584114173228345
20
0.6264618897637795
11
2.5581688188976379
21
0.6270475984251969
0
LINE
8
BLACK
6
CONTINUOUS
10
2.5581688188976379
20
0.6270475984251969
11
2.5579705118110234
21
0.6275262992125984
0
LINE
8
BLACK
6
CONTINUOUS
10
2.5579705118110234
20
0.6275262992125984
11
2.5579705118110234
21
0.6286783858267716
0
LINE
8
BLACK
6
CONTINUOUS
10
2.5579705118110234
20
0.6286783858267716
11
2.5584113779527557
21
0.6297427952755905
0
LINE
8
BLACK
6
CONTINUOUS
10
2.5584113779527557
20
0.6297427952755905
11
2.5587785826771654
21
0.6301902362204724
0
LINE
8
BLACK
6
CONTINUOUS
10
2.5587785826771654
20
0.6301902362204724
11
2.560653346456693
21
0.6320650393700787
0
LINE
8
BLACK
6
CONTINUOUS
10
2.560653346456693
20
0.6320650393700787
11
2.5611008267716535
21
0.6324322834645669
0
LINE
8
BLACK
6
CONTINUOUS
10
2.5611008267716535
20
0.6324322834645669
11
2.5611008661417323
21
0.6324323228346457
0
LINE
8
BLACK
6
CONTINUOUS
10
2.5611008661417323
20
0.6324323228346457
11
2.56172437007874
21
0.632690590551181
0
LINE
8
BLACK
6
CONTINUOUS
10
2.56172437007874
20
0.632690590551181
11
2.5621652362204723
21
0.6328731889763779
0
LINE
8
BLACK
6
CONTINUOUS
10
2.5621652362204723
20
0.6328731889763779
11
2.5633173228346458
21
0.6328731889763779
0
LINE
8
BLACK
6
CONTINUOUS
10
2.5633173228346458
20
0.6328731889763779
11
2.5633173622047245
21
0.6328731889763779
0
LINE
8
BLACK
6
CONTINUOUS
10
2.5633173622047245
20
0.6328731889763779
11
2.5637582283464568
21
0.632690590551181
0
LINE
8
BLACK
6
CONTINUOUS
10
1.2066910629921259
20
0.6673917716535432
11
1.2075057086614174
21
0.666577125984252
0
LINE
8
BLACK
6
CONTINUOUS
10
1.2075057086614174
20
0.666577125984252
11
1.2079466141732282
21
0.6655127165354331
0
LINE
8
BLACK
6
CONTINUOUS
10
1.2079466141732282
20
0.6655127165354331
11
1.2080033464566928
21
0.6649366535433071
0
LINE
8
BLACK
6
CONTINUOUS
10
1.2080033464566928
20
0.6649366535433071
11
1.2080033464566928
21
0.6622651181102363
0
LINE
8
BLACK
6
CONTINUOUS
10
1.2080033464566928
20
0.6622651181102363
11
1.2181739763779527
21
0.6622651181102363
0
LINE
8
BLACK
6
CONTINUOUS
10
1.2181739763779527
20
0.6622651181102363
11
1.2187500393700788
21
0.6622083858267717
0
LINE
8
BLACK
6
CONTINUOUS
10
1.2187500393700788
20
0.6622083858267717
11
1.2198144488188976
21
0.6617674803149606
0
LINE
8
BLACK
6
CONTINUOUS
10
1.2198144488188976
20
0.6617674803149606
11
1.220629094488189
21
0.6609528346456692
0
LINE
8
BLACK
6
CONTINUOUS
10
1.220629094488189
20
0.6609528346456692
11
1.2210699999999999
21
0.6598884251968504
0
LINE
8
BLACK
6
CONTINUOUS
10
1.2210699999999999
20
0.6598884251968504
11
1.2210699999999999
21
0.6587362992125985
0
LINE
8
BLACK
6
CONTINUOUS
10
1.2210699999999999
20
0.6587362992125985
11
1.220629094488189
21
0.6576718897637795
0
LINE
8
BLACK
6
CONTINUOUS
10
1.220629094488189
20
0.6576718897637795
11
1.2198144488188976
21
0.6568572440944882
0
LINE
8
BLACK
6
CONTINUOUS
10
1.2198144488188976
20
0.6568572440944882
11
1.2187500393700788
21
0.6564163385826771
0
LINE
8
BLACK
6
CONTINUOUS
10
1.2187500393700788
20
0.6564163385826771
11
1.2181739763779527
21
0.6563596062992126
0
LINE
8
BLACK
6
CONTINUOUS
10
1.2181739763779527
20
0.6563596062992126
11
1.2080033464566928
21
0.6563596062992126
0
LINE
8
BLACK
6
CONTINUOUS
10
1.2080033464566928
20
0.6563596062992126
11
1.2080033464566928
21
0.6405647244094488
0
LINE
8
BLACK
6
CONTINUOUS
10
1.2080033464566928
20
0.6405647244094488
11
1.2079746062992125
21
0.640273188976378
0
LINE
8
BLACK
6
CONTINUOUS
10
1.2079746062992125
20
0.640273188976378
11
1.2079801574803148
21
0.6401954330708661
0
LINE
8
BLACK
6
CONTINUOUS
10
1.2079801574803148
20
0.6401954330708661
11
1.2079614173228346
21
0.6401393307086614
0
LINE
8
BLACK
6
CONTINUOUS
10
1.2079614173228346
20
0.6401393307086614
11
1.2079466141732282
21
0.6399886614173228
0
LINE
8
BLACK
6
CONTINUOUS
10
1.2079466141732282
20
0.6399886614173228
11
1.207765433070866
21
0.6395512992125985
0
LINE
8
BLACK
6
CONTINUOUS
10
1.207765433070866
20
0.6395512992125985
11
1.2076158267716535
21
0.6391024409448819
0
LINE
8
BLACK
6
CONTINUOUS
10
1.2076158267716535
20
0.6391024409448819
11
1.2075462992125985
21
0.6390223228346457
0
LINE
8
BLACK
6
CONTINUOUS
10
1.2075462992125985
20
0.6390223228346457
11
1.2075057086614174
21
0.6389242519685039
0
LINE
8
BLACK
6
CONTINUOUS
10
1.2075057086614174
20
0.6389242519685039
11
1.2071709448818897
21
0.6385895275590551
0
LINE
8
BLACK
6
CONTINUOUS
10
1.2071709448818897
20
0.6385895275590551
11
1.2068609448818897
21
0.6382320472440944
0
LINE
8
BLACK
6
CONTINUOUS
10
1.2068609448818897
20
0.6382320472440944
11
1.206766062992126
21
0.6381846456692913
0
LINE
8
BLACK
6
CONTINUOUS
10
1.206766062992126
20
0.6381846456692913
11
1.2066910629921259
21
0.6381096062992125
0
LINE
8
BLACK
6
CONTINUOUS
10
1.2066910629921259
20
0.6381096062992125
11
1.2062535826771654
21
0.6379284251968503
0
LINE
8
BLACK
6
CONTINUOUS
10
1.2062535826771654
20
0.6379284251968503
11
1.2058304724409448
21
0.6377168503937007
0
LINE
8
BLACK
6
CONTINUOUS
10
1.2058304724409448
20
0.6377168503937007
11
1.2057247244094489
21
0.6377093700787402
0
LINE
8
BLACK
6
CONTINUOUS
10
1.2057247244094489
20
0.6377093700787402
11
1.2056266535433071
21
0.6376687007874016
0
LINE
8
BLACK
6
CONTINUOUS
10
1.2056266535433071
20
0.6376687007874016
11
1.2051531102362205
21
0.6376687007874016
0
LINE
8
BLACK
6
CONTINUOUS
10
1.2051531102362205
20
0.6376687007874016
11
1.2046812598425196
21
0.637635157480315
0
LINE
8
BLACK
6
CONTINUOUS
10
1.2046812598425196
20
0.637635157480315
11
1.2045337401574803
21
0.6376687007874016
0
LINE
8
BLACK
6
CONTINUOUS
10
1.2045337401574803
20
0.6376687007874016
11
1.2044745275590552
21
0.6376687007874016
0
LINE
8
BLACK
6
CONTINUOUS
10
1.2044745275590552
20
0.6376687007874016
11
1.2044024409448819
21
0.6376985826771654
0
LINE
8
BLACK
6
CONTINUOUS
10
1.2044024409448819
20
0.6376985826771654
11
1.204116811023622
21
0.6377635039370079
0
LINE
8
BLACK
6
CONTINUOUS
10
1.204116811023622
20
0.6377635039370079
11
1.1759953937007874
21
0.6471373228346456
0
LINE
8
BLACK
6
CONTINUOUS
10
1.1759953937007874
20
0.6471373228346456
11
1.1754668110236219
21
0.6473733070866141
0
LINE
8
BLACK
6
CONTINUOUS
10
1.1754668110236219
20
0.6473733070866141
11
1.1745964566929135
21
0.6481281889763779
0
LINE
8
BLACK
6
CONTINUOUS
10
1.1745964566929135
20
0.6481281889763779
11
1.1740812598425197
21
0.6491586220472441
0
LINE
8
BLACK
6
CONTINUOUS
10
1.1740812598425197
20
0.6491586220472441
11
1.1739995669291339
21
0.6503078346456693
0
LINE
8
BLACK
6
CONTINUOUS
10
1.1739995669291339
20
0.6503078346456693
11
1.1743638976377953
21
0.6514008661417323
0
LINE
8
BLACK
6
CONTINUOUS
10
1.1743638976377953
20
0.6514008661417323
11
1.1751187795275591
21
0.6522712204724409
0
LINE
8
BLACK
6
CONTINUOUS
10
1.1751187795275591
20
0.6522712204724409
11
1.1761492125984252
21
0.6527864173228346
0
LINE
8
BLACK
6
CONTINUOUS
10
1.1761492125984252
20
0.6527864173228346
11
1.1772984251968504
21
0.6528681102362205
0
LINE
8
BLACK
6
CONTINUOUS
10
1.1772984251968504
20
0.6528681102362205
11
1.177862874015748
21
0.6527397637795276
0
LINE
8
BLACK
6
CONTINUOUS
10
1.177862874015748
20
0.6527397637795276
11
1.2020978346456692
21
0.6446614566929134
0
LINE
8
BLACK
6
CONTINUOUS
10
1.2020978346456692
20
0.6446614566929134
11
1.2020978346456692
21
0.6563596062992126
0
LINE
8
BLACK
6
CONTINUOUS
10
1.2020978346456692
20
0.6563596062992126
11
1.1919272440944881
21
0.6563596062992126
0
LINE
8
BLACK
6
CONTINUOUS
10
1.1919272440944881
20
0.6563596062992126
11
1.1913511811023623
21
0.6564163385826771
0
LINE
8
BLACK
6
CONTINUOUS
10
1.1913511811023623
20
0.6564163385826771
11
1.1902867716535432
21
0.6568572440944882
0
LINE
8
BLACK
6
CONTINUOUS
10
1.1902867716535432
20
0.6568572440944882
11
1.189472125984252
21
0.6576718897637795
0
LINE
8
BLACK
6
CONTINUOUS
10
1.189472125984252
20
0.6576718897637795
11
1.1890312204724409
21
0.6587362992125985
0
LINE
8
BLACK
6
CONTINUOUS
10
1.1890312204724409
20
0.6587362992125985
11
1.1890312204724409
21
0.6598884251968504
0
LINE
8
BLACK
6
CONTINUOUS
10
1.1890312204724409
20
0.6598884251968504
11
1.189472125984252
21
0.6609528346456692
0
LINE
8
BLACK
6
CONTINUOUS
10
1.189472125984252
20
0.6609528346456692
11
1.1902867716535432
21
0.6617674803149606
0
LINE
8
BLACK
6
CONTINUOUS
10
1.1902867716535432
20
0.6617674803149606
11
1.1913511811023623
21
0.6622083858267717
0
LINE
8
BLACK
6
CONTINUOUS
10
1.1913511811023623
20
0.6622083858267717
11
1.1919272440944881
21
0.6622651181102363
0
LINE
8
BLACK
6
CONTINUOUS
10
1.1919272440944881
20
0.6622651181102363
11
1.2020978346456692
21
0.6622651181102363
0
LINE
8
BLACK
6
CONTINUOUS
10
1.2020978346456692
20
0.6622651181102363
11
1.2020978346456692
21
0.6649366535433071
0
LINE
8
BLACK
6
CONTINUOUS
10
1.2020978346456692
20
0.6649366535433071
11
1.2021545669291338
21
0.6655127165354331
0
LINE
8
BLACK
6
CONTINUOUS
10
1.2021545669291338
20
0.6655127165354331
11
1.2025954724409449
21
0.666577125984252
0
LINE
8
BLACK
6
CONTINUOUS
10
1.2025954724409449
20
0.666577125984252
11
1.2034101181102361
21
0.6673917716535432
0
LINE
8
BLACK
6
CONTINUOUS
10
1.2034101181102361
20
0.6673917716535432
11
1.2044745275590552
21
0.6678326771653543
0
LINE
8
BLACK
6
CONTINUOUS
10
1.2044745275590552
20
0.6678326771653543
11
1.2056266535433071
21
0.6678326771653543
0
LINE
8
BLACK
6
CONTINUOUS
10
1.2056266535433071
20
0.6678326771653543
11
1.2066910629921259
21
0.6673917716535432
0
LINE
8
BLACK
6
CONTINUOUS
10
2.5902067716535431
20
1.2968487795275589
11
2.5912711811023623
21
1.2964078740157481
0
LINE
8
BLACK
6
CONTINUOUS
10
2.5912711811023623
20
1.2964078740157481
11
2.5920858267716533
21
1.2955932283464566
0
LINE
8
BLACK
6
CONTINUOUS
10
2.5920858267716533
20
1.2955932283464566
11
2.5925267322834644
21
1.2945288188976378
0
LINE
8
BLACK
6
CONTINUOUS
10
2.5925267322834644
20
1.2945288188976378
11
2.5925267322834644
21
1.2933766929133859
0
LINE
8
BLACK
6
CONTINUOUS
10
2.5925267322834644
20
1.2933766929133859
11
2.5920858267716533
21
1.2923122834645668
0
LINE
8
BLACK
6
CONTINUOUS
10
2.5920858267716533
20
1.2923122834645668
11
2.5912711811023623
21
1.2914976377952756
0
LINE
8
BLACK
6
CONTINUOUS
10
2.5912711811023623
20
1.2914976377952756
11
2.5902067716535431
21
1.2910567322834645
0
LINE
8
BLACK
6
CONTINUOUS
10
2.5902067716535431
20
1.2910567322834645
11
2.5896307086614172
21
1.2909999999999999
0
LINE
8
BLACK
6
CONTINUOUS
10
2.5896307086614172
20
1.2909999999999999
11
2.5714092913385826
21
1.2909999999999999
0
LINE
8
BLACK
6
CONTINUOUS
10
2.5714092913385826
20
1.2909999999999999
11
2.5922498818897637
21
1.2509656299212597
0
LINE
8
BLACK
6
CONTINUOUS
10
2.5922498818897637
20
1.2509656299212597
11
2.5924655511811023
21
1.250428464566929
0
LINE
8
BLACK
6
CONTINUOUS
10
2.5924655511811023
20
1.250428464566929
11
2.5925659448818896
21
1.249280748031496
0
LINE
8
BLACK
6
CONTINUOUS
10
2.5925659448818896
20
1.249280748031496
11
2.5922194881889764
21
1.248181968503937
0
LINE
8
BLACK
6
CONTINUOUS
10
2.5922194881889764
20
1.248181968503937
11
2.5914789370078739
21
1.2472994094488188
0
LINE
8
BLACK
6
CONTINUOUS
10
2.5914789370078739
20
1.2472994094488188
11
2.5904570078740159
21
1.2467674015748031
0
LINE
8
BLACK
6
CONTINUOUS
10
2.5904570078740159
20
1.2467674015748031
11
2.5893092913385827
21
1.2466670078740156
0
LINE
8
BLACK
6
CONTINUOUS
10
2.5893092913385827
20
1.2466670078740156
11
2.5882105118110235
21
1.2470134645669291
0
LINE
8
BLACK
6
CONTINUOUS
10
2.5882105118110235
20
1.2470134645669291
11
2.5873279527559054
21
1.2477540157480316
0
LINE
8
BLACK
6
CONTINUOUS
10
2.5873279527559054
20
1.2477540157480316
11
2.5870116141732282
21
1.2482387795275591
0
LINE
8
BLACK
6
CONTINUOUS
10
2.5870116141732282
20
1.2482387795275591
11
2.5694960629921257
21
1.2818858661417323
0
LINE
8
BLACK
6
CONTINUOUS
10
2.5694960629921257
20
1.2818858661417323
11
2.5694960629921257
21
0.7469645669291338
0
LINE
8
BLACK
6
CONTINUOUS
10
2.5694960629921257
20
0.7469645669291338
11
2.5870116141732282
21
0.7806116141732283
0
LINE
8
BLACK
6
CONTINUOUS
10
2.5870116141732282
20
0.7806116141732283
11
2.5873279527559054
21
0.7810963779527559
0
LINE
8
BLACK
6
CONTINUOUS
10
2.5873279527559054
20
0.7810963779527559
11
2.5882105118110235
21
0.7818369291338583
0
LINE
8
BLACK
6
CONTINUOUS
10
2.5882105118110235
20
0.7818369291338583
11
2.5893092913385827
21
0.7821833858267716
0
LINE
8
BLACK
6
CONTINUOUS
10
2.5893092913385827
20
0.7821833858267716
11
2.5904570078740159
21
0.7820829921259842
0
LINE
8
BLACK
6
CONTINUOUS
10
2.5904570078740159
20
0.7820829921259842
11
2.5914789370078739
21
0.7815509842519685
0
LINE
8
BLACK
6
CONTINUOUS
10
2.5914789370078739
20
0.7815509842519685
11
2.5922194881889764
21
0.7806684251968504
0
LINE
8
BLACK
6
CONTINUOUS
10
2.5922194881889764
20
0.7806684251968504
11
2.5925659448818896
21
0.7795696456692913
0
LINE
8
BLACK
6
CONTINUOUS
10
2.5925659448818896
20
0.7795696456692913
11
2.5924655511811023
21
0.7784219291338582
0
LINE
8
BLACK
6
CONTINUOUS
10
2.5924655511811023
20
0.7784219291338582
11
2.5922498818897637
21
0.7778847637795275
0
LINE
8
BLACK
6
CONTINUOUS
10
2.5922498818897637
20
0.7778847637795275
11
2.5714092913385826
21
0.7378503937007874
0
LINE
8
BLACK
6
CONTINUOUS
10
2.5714092913385826
20
0.7378503937007874
11
2.5896307086614172
21
0.7378503937007874
0
LINE
8
BLACK
6
CONTINUOUS
10
2.5896307086614172
20
0.7378503937007874
11
2.5902067716535431
21
0.7377936614173228
0
LINE
8
BLACK
6
CONTINUOUS
10
2.5902067716535431
20
0.7377936614173228
11
2.5912711811023623
21
0.7373527559055117
0
LINE
8
BLACK
6
CONTINUOUS
10
2.5912711811023623
20
0.7373527559055117
11
2.5920858267716533
21
0.7365381102362204
0
LINE
8
BLACK
6
CONTINUOUS
10
2.5920858267716533
20
0.7365381102362204
11
2.5925267322834644
21
0.7354737007874016
0
LINE
8
BLACK
6
CONTINUOUS
10
2.5925267322834644
20
0.7354737007874016
11
2.5925267322834644
21
0.7343215748031496
0
LINE
8
BLACK
6
CONTINUOUS
10
2.5925267322834644
20
0.7343215748031496
11
2.5920858267716533
21
0.7332571653543307
0
LINE
8
BLACK
6
CONTINUOUS
10
2.5920858267716533
20
0.7332571653543307
11
2.5912711811023623
21
0.7324425196850394
0
LINE
8
BLACK
6
CONTINUOUS
10
2.5912711811023623
20
0.7324425196850394
11
2.5902067716535431
21
0.7320016141732283
0
LINE
8
BLACK
6
CONTINUOUS
10
2.5902067716535431
20
0.7320016141732283
11
2.5896307086614172
21
0.7319448818897638
0
LINE
8
BLACK
6
CONTINUOUS
10
2.5896307086614172
20
0.7319448818897638
11
2.4576535433070865
21
0.7319448818897638
0
LINE
8
BLACK
6
CONTINUOUS
10
2.4576535433070865
20
0.7319448818897638
11
2.4570774803149606
21
0.7320016141732283
0
LINE
8
BLACK
6
CONTINUOUS
10
2.4570774803149606
20
0.7320016141732283
11
2.4560130708661418
21
0.7324425196850394
0
LINE
8
BLACK
6
CONTINUOUS
10
2.4560130708661418
20
0.7324425196850394
11
2.4551984251968504
21
0.7332571653543307
0
LINE
8
BLACK
6
CONTINUOUS
10
2.4551984251968504
20
0.7332571653543307
11
2.4547575196850393
21
0.7343215748031496
0
LINE
8
BLACK
6
CONTINUOUS
10
2.4547575196850393
20
0.7343215748031496
11
2.4547575196850393
21
0.7354737007874016
0
LINE
8
BLACK
6
CONTINUOUS
10
2.4547575196850393
20
0.7354737007874016
11
2.4551984251968504
21
0.7365381102362204
0
LINE
8
BLACK
6
CONTINUOUS
10
2.4551984251968504
20
0.7365381102362204
11
2.4560130708661418
21
0.7373527559055117
0
LINE
8
BLACK
6
CONTINUOUS
10
2.4560130708661418
20
0.7373527559055117
11
2.4570774803149606
21
0.7377936614173228
0
LINE
8
BLACK
6
CONTINUOUS
10
2.4570774803149606
20
0.7377936614173228
11
2.4576535433070865
21
0.7378503937007874
0
LINE
8
BLACK
6
CONTINUOUS
10
2.4576535433070865
20
0.7378503937007874
11
2.5616773228346457
21
0.7378503937007874
0
LINE
8
BLACK
6
CONTINUOUS
10
2.5616773228346457
20
0.7378503937007874
11
2.5408367322834646
21
0.7778847637795275
0
LINE
8
BLACK
6
CONTINUOUS
10
2.5408367322834646
20
0.7778847637795275
11
2.540621062992126
21
0.7784219291338582
0
LINE
8
BLACK
6
CONTINUOUS
10
2.540621062992126
20
0.7784219291338582
11
2.5405206692913387
21
0.7795696456692913
0
LINE
8
BLACK
6
CONTINUOUS
10
2.5405206692913387
20
0.7795696456692913
11
2.5408670866141732
21
0.7806684251968504
0
LINE
8
BLACK
6
CONTINUOUS
10
2.5408670866141732
20
0.7806684251968504
11
2.5416076377952757
21
0.7815509842519685
0
LINE
8
BLACK
6
CONTINUOUS
10
2.5416076377952757
20
0.7815509842519685
11
2.5426296062992124
21
0.7820829921259842
0
LINE
8
BLACK
6
CONTINUOUS
10
2.5426296062992124
20
0.7820829921259842
11
2.5437773228346456
21
0.7821833858267716
0
LINE
8
BLACK
6
CONTINUOUS
10
2.5437773228346456
20
0.7821833858267716
11
2.5448761023622049
21
0.781836968503937
0
LINE
8
BLACK
6
CONTINUOUS
10
2.5448761023622049
20
0.781836968503937
11
2.5457586614173229
21
0.7810964173228346
0
LINE
8
BLACK
6
CONTINUOUS
10
2.5457586614173229
20
0.7810964173228346
11
2.5460750000000001
21
0.7806116141732283
0
LINE
8
BLACK
6
CONTINUOUS
10
2.5460750000000001
20
0.7806116141732283
11
2.5635905511811021
21
0.7469645669291338
0
LINE
8
BLACK
6
CONTINUOUS
10
2.5635905511811021
20
0.7469645669291338
11
2.5635905511811021
21
1.2818858661417323
0
LINE
8
BLACK
6
CONTINUOUS
10
2.5635905511811021
20
1.2818858661417323
11
2.5460750000000001
21
1.2482387795275591
0
LINE
8
BLACK
6
CONTINUOUS
10
2.5460750000000001
20
1.2482387795275591
11
2.5457586614173229
21
1.2477539763779528
0
LINE
8
BLACK
6
CONTINUOUS
10
2.5457586614173229
20
1.2477539763779528
11
2.5448761023622049
21
1.2470134251968503
0
LINE
8
BLACK
6
CONTINUOUS
10
2.5448761023622049
20
1.2470134251968503
11
2.5437773228346456
21
1.2466670078740156
0
LINE
8
BLACK
6
CONTINUOUS
10
2.5437773228346456
20
1.2466670078740156
11
2.5426296062992124
21
1.2467674015748031
0
LINE
8
BLACK
6
CONTINUOUS
10
2.5426296062992124
20
1.2467674015748031
11
2.5416076377952757
21
1.2472994094488188
0
LINE
8
BLACK
6
CONTINUOUS
10
2.5416076377952757
20
1.2472994094488188
11
2.5408670866141732
21
1.248181968503937
0
LINE
8
BLACK
6
CONTINUOUS
10
2.5408670866141732
20
1.248181968503937
11
2.5405206692913387
21
1.249280748031496
0
LINE
8
BLACK
6
CONTINUOUS
10
2.5405206692913387
20
1.249280748031496
11
2.540621062992126
21
1.250428464566929
0
LINE
8
BLACK
6
CONTINUOUS
10
2.540621062992126
20
1.250428464566929
11
2.5408367322834646
21
1.2509656299212597
0
LINE
8
BLACK
6
CONTINUOUS
10
2.5408367322834646
20
1.2509656299212597
11
2.5616773228346457
21
1.2909999999999999
0
LINE
8
BLACK
6
CONTINUOUS
10
2.5616773228346457
20
1.2909999999999999
11
2.4576535433070865
21
1.2909999999999999
0
LINE
8
BLACK
6
CONTINUOUS
10
2.4576535433070865
20
1.2909999999999999
11
2.4570774803149606
21
1.2910567322834645
0
LINE
8
BLACK
6
CONTINUOUS
10
2.4570774803149606
20
1.2910567322834645
11
2.4560130708661418
21
1.2914976377952756
0
LINE
8
BLACK
6
CONTINUOUS
10
2.4560130708661418
20
1.2914976377952756
11
2.4551984251968504
21
1.2923122834645668
0
LINE
8
BLACK
6
CONTINUOUS
10
2.4551984251968504
20
1.2923122834645668
11
2.4547575196850393
21
1.2933766929133859
0
LINE
8
BLACK
6
CONTINUOUS
10
2.4547575196850393
20
1.2933766929133859
11
2.4547575196850393
21
1.2945288188976378
0
LINE
8
BLACK
6
CONTINUOUS
10
2.4547575196850393
20
1.2945288188976378
11
2.4551984251968504
21
1.2955932283464566
0
LINE
8
BLACK
6
CONTINUOUS
10
2.4551984251968504
20
1.2955932283464566
11
2.4560130708661418
21
1.2964078740157481
0
LINE
8
BLACK
6
CONTINUOUS
10
2.4560130708661418
20
1.2964078740157481
11
2.4570774803149606
21
1.2968487795275589
0
LINE
8
BLACK
6
CONTINUOUS
10
2.4570774803149606
20
1.2968487795275589
11
2.4576535433070865
21
1.2969055118110235
0
LINE
8
BLACK
6
CONTINUOUS
10
2.4576535433070865
20
1.2969055118110235
11
2.5896307086614172
21
1.2969055118110235
0
LINE
8
BLACK
6
CONTINUOUS
10
2.5896307086614172
20
1.2969055118110235
11
2.5902067716535431
21
1.2968487795275589
0
LINE
8
BLACK
6
CONTINUOUS
10
2.5408144488188977
20
0.9812598031496063
11
2.5416290944881887
21
0.9804451574803149
0
LINE
8
BLACK
6
CONTINUOUS
10
2.5416290944881887
20
0.9804451574803149
11
2.5420699999999998
21
0.979380748031496
0
LINE
8
BLACK
6
CONTINUOUS
10
2.5420699999999998
20
0.979380748031496
11
2.5421267322834646
21
0.97880468503937
0
LINE
8
BLACK
6
CONTINUOUS
10
2.5421267322834646
20
0.97880468503937
11
2.5421267322834646
21
0.9563075196850394
0
LINE
8
BLACK
6
CONTINUOUS
10
2.5421267322834646
20
0.9563075196850394
11
2.5420699999999998
21
0.9557314566929134
0
LINE
8
BLACK
6
CONTINUOUS
10
2.5420699999999998
20
0.9557314566929134
11
2.5416290944881887
21
0.9546670472440945
0
LINE
8
BLACK
6
CONTINUOUS
10
2.5416290944881887
20
0.9546670472440945
11
2.5408144488188977
21
0.9538524015748031
0
LINE
8
BLACK
6
CONTINUOUS
10
2.5408144488188977
20
0.9538524015748031
11
2.5397500393700785
21
0.9534114960629921
0
LINE
8
BLACK
6
CONTINUOUS
10
2.5397500393700785
20
0.9534114960629921
11
2.5385979133858267
21
0.9534114960629921
0
LINE
8
BLACK
6
CONTINUOUS
10
2.5385979133858267
20
0.9534114960629921
11
2.5375335039370079
21
0.9538524015748031
0
LINE
8
BLACK
6
CONTINUOUS
10
2.5375335039370079
20
0.9538524015748031
11
2.5367188582677165
21
0.9546670472440945
0
LINE
8
BLACK
6
CONTINUOUS
10
2.5367188582677165
20
0.9546670472440945
11
2.5362779527559054
21
0.9557314566929134
0
LINE
8
BLACK
6
CONTINUOUS
10
2.5362779527559054
20
0.9557314566929134
11
2.536221220472441
21
0.9563075196850394
0
LINE
8
BLACK
6
CONTINUOUS
10
2.536221220472441
20
0.9563075196850394
11
2.536221220472441
21
0.9646033464566929
0
LINE
8
BLACK
6
CONTINUOUS
10
2.536221220472441
20
0.9646033464566929
11
2.5088072440944882
21
0.9646033464566929
0
LINE
8
BLACK
6
CONTINUOUS
10
2.5088072440944882
20
0.9646033464566929
11
2.5112656299212599
21
0.9621449606299213
0
LINE
8
BLACK
6
CONTINUOUS
10
2.5112656299212599
20
0.9621449606299213
11
2.5114514566929134
21
0.9619185826771653
0
LINE
8
BLACK
6
CONTINUOUS
10
2.5114514566929134
20
0.9619185826771653
11
2.5115103937007874
21
0.9618674409448819
0
LINE
8
BLACK
6
CONTINUOUS
10
2.5115103937007874
20
0.9618674409448819
11
2.5115662598425197
21
0.9617787007874016
0
LINE
8
BLACK
6
CONTINUOUS
10
2.5115662598425197
20
0.9617787007874016
11
2.5116328740157479
21
0.9616975196850394
0
LINE
8
BLACK
6
CONTINUOUS
10
2.5116328740157479
20
0.9616975196850394
11
2.511662716535433
21
0.9616253937007874
0
LINE
8
BLACK
6
CONTINUOUS
10
2.511662716535433
20
0.9616253937007874
11
2.5118187401574801
21
0.9613775590551181
0
LINE
8
BLACK
6
CONTINUOUS
10
2.5118187401574801
20
0.9613775590551181
11
2.5136935039370076
21
0.957628031496063
0
LINE
8
BLACK
6
CONTINUOUS
10
2.5136935039370076
20
0.957628031496063
11
2.5139003937007875
21
0.9570874409448819
0
LINE
8
BLACK
6
CONTINUOUS
10
2.5139003937007875
20
0.9570874409448819
11
2.5139820472440944
21
0.9559382283464567
0
LINE
8
BLACK
6
CONTINUOUS
10
2.5139820472440944
20
0.9559382283464567
11
2.5136177165354332
21
0.9548452362204725
0
LINE
8
BLACK
6
CONTINUOUS
10
2.5136177165354332
20
0.9548452362204725
11
2.5128628740157479
21
0.9539748818897638
0
LINE
8
BLACK
6
CONTINUOUS
10
2.5128628740157479
20
0.9539748818897638
11
2.5118323622047245
21
0.9534596062992126
0
LINE
8
BLACK
6
CONTINUOUS
10
2.5118323622047245
20
0.9534596062992126
11
2.5106831496062991
21
0.9533779527559055
0
LINE
8
BLACK
6
CONTINUOUS
10
2.5106831496062991
20
0.9533779527559055
11
2.5095901968503935
21
0.9537422834645669
0
LINE
8
BLACK
6
CONTINUOUS
10
2.5095901968503935
20
0.9537422834645669
11
2.5087198031496061
21
0.954497125984252
0
LINE
8
BLACK
6
CONTINUOUS
10
2.5087198031496061
20
0.954497125984252
11
2.5084114566929134
21
0.9549870078740157
0
LINE
8
BLACK
6
CONTINUOUS
10
2.5084114566929134
20
0.9549870078740157
11
2.5067509842519686
21
0.9583079527559055
0
LINE
8
BLACK
6
CONTINUOUS
10
2.5067509842519686
20
0.9583079527559055
11
2.5035470078740159
21
0.9615119291338583
0
LINE
8
BLACK
6
CONTINUOUS
10
2.5035470078740159
20
0.9615119291338583
11
2.4981659842519686
21
0.9650992519685039
0
LINE
8
BLACK
6
CONTINUOUS
10
2.4981659842519686
20
0.9650992519685039
11
2.4981642913385826
21
0.9651006299212598
0
LINE
8
BLACK
6
CONTINUOUS
10
2.4981642913385826
20
0.9651006299212598
11
2.4981634251968505
21
0.9651009842519684
0
LINE
8
BLACK
6
CONTINUOUS
10
2.4981634251968505
20
0.9651009842519684
11
2.4981613779527558
21
0.965103031496063
0
LINE
8
BLACK
6
CONTINUOUS
10
2.4981613779527558
20
0.965103031496063
11
2.4977181496062992
21
0.9654660236220473
0
LINE
8
BLACK
6
CONTINUOUS
10
2.4977181496062992
20
0.9654660236220473
11
2.4975554724409448
21
0.965708937007874
0
LINE
8
BLACK
6
CONTINUOUS
10
2.4975554724409448
20
0.965708937007874
11
2.4973487795275591
21
0.9659156299212598
0
LINE
8
BLACK
6
CONTINUOUS
10
2.4973487795275591
20
0.9659156299212598
11
2.4972380314960629
21
0.9661829527559055
0
LINE
8
BLACK
6
CONTINUOUS
10
2.4972380314960629
20
0.9661829527559055
11
2.4970770866141732
21
0.9664233070866142
0
LINE
8
BLACK
6
CONTINUOUS
10
2.4970770866141732
20
0.9664233070866142
11
2.4970197244094487
21
0.9667099606299212
0
LINE
8
BLACK
6
CONTINUOUS
10
2.4970197244094487
20
0.9667099606299212
11
2.496907874015748
21
0.9669800393700787
0
LINE
8
BLACK
6
CONTINUOUS
10
2.496907874015748
20
0.9669800393700787
11
2.496907874015748
21
0.9672693700787401
0
LINE
8
BLACK
6
CONTINUOUS
10
2.496907874015748
20
0.9672693700787401
11
2.4968511417322836
21
0.9675529921259842
0
LINE
8
BLACK
6
CONTINUOUS
10
2.4968511417322836
20
0.9675529921259842
11
2.496907874015748
21
0.9678398031496063
0
LINE
8
BLACK
6
CONTINUOUS
10
2.496907874015748
20
0.9678398031496063
11
2.496907874015748
21
0.9681321653543307
0
LINE
8
BLACK
6
CONTINUOUS
10
2.496907874015748
20
0.9681321653543307
11
2.4970185826771654
21
0.9683994488188976
0
LINE
8
BLACK
6
CONTINUOUS
10
2.4970185826771654
20
0.9683994488188976
11
2.4970747244094489
21
0.9686832283464567
0
LINE
8
BLACK
6
CONTINUOUS
10
2.4970747244094489
20
0.9686832283464567
11
2.4972368897637796
21
0.9689264960629921
0
LINE
8
BLACK
6
CONTINUOUS
10
2.4972368897637796
20
0.9689264960629921
11
2.4973487795275591
21
0.9691965748031496
0
LINE
8
BLACK
6
CONTINUOUS
10
2.4973487795275591
20
0.9691965748031496
11
2.4975533070866143
21
0.9694011417322834
0
LINE
8
BLACK
6
CONTINUOUS
10
2.4975533070866143
20
0.9694011417322834
11
2.4977138188976378
21
0.9696418503937008
0
LINE
8
BLACK
6
CONTINUOUS
10
2.4977138188976378
20
0.9696418503937008
11
2.4979566929133856
21
0.9698045275590551
0
LINE
8
BLACK
6
CONTINUOUS
10
2.4979566929133856
20
0.9698045275590551
11
2.4981634251968505
21
0.9700112204724409
0
LINE
8
BLACK
6
CONTINUOUS
10
2.4981634251968505
20
0.9700112204724409
11
2.4984307086614175
21
0.9701219685039369
0
LINE
8
BLACK
6
CONTINUOUS
10
2.4984307086614175
20
0.9701219685039369
11
2.4986711023622048
21
0.9702829133858267
0
LINE
8
BLACK
6
CONTINUOUS
10
2.4986711023622048
20
0.9702829133858267
11
2.4989577165354331
21
0.9703402755905511
0
LINE
8
BLACK
6
CONTINUOUS
10
2.4989577165354331
20
0.9703402755905511
11
2.4992278346456693
21
0.9704521259842519
0
LINE
8
BLACK
6
CONTINUOUS
10
2.4992278346456693
20
0.9704521259842519
11
2.4997977559055116
21
0.9705082677165354
0
LINE
8
BLACK
6
CONTINUOUS
10
2.4997977559055116
20
0.9705082677165354
11
2.4998007874015746
21
0.9705088582677165
0
LINE
8
BLACK
6
CONTINUOUS
10
2.4998007874015746
20
0.9705088582677165
11
2.4998018110236222
21
0.9705086614173228
0
LINE
8
BLACK
6
CONTINUOUS
10
2.4998018110236222
20
0.9705086614173228
11
2.4998038976377952
21
0.9705088582677165
0
LINE
8
BLACK
6
CONTINUOUS
10
2.4998038976377952
20
0.9705088582677165
11
2.536221220472441
21
0.9705088582677165
0
LINE
8
BLACK
6
CONTINUOUS
10
2.536221220472441
20
0.9705088582677165
11
2.536221220472441
21
0.97880468503937
0
LINE
8
BLACK
6
CONTINUOUS
10
2.536221220472441
20
0.97880468503937
11
2.5362779527559054
21
0.979380748031496
0
LINE
8
BLACK
6
CONTINUOUS
10
2.5362779527559054
20
0.979380748031496
11
2.5367188582677165
21
0.9804451574803149
0
LINE
8
BLACK
6
CONTINUOUS
10
2.5367188582677165
20
0.9804451574803149
11
2.5375335039370079
21
0.9812598031496063
0
LINE
8
BLACK
6
CONTINUOUS
10
2.5375335039370079
20
0.9812598031496063
11
2.5385979133858267
21
0.9817007086614173
0
LINE
8
BLACK
6
CONTINUOUS
10
2.5385979133858267
20
0.9817007086614173
11
2.5397500393700785
21
0.9817007086614173
0
LINE
8
BLACK
6
CONTINUOUS
10
2.5397500393700785
20
0.9817007086614173
11
2.5408144488188977
21
0.9812598031496063
0
LINE
8
BLACK
6
CONTINUOUS
10
2.5276910629921261
20
1.0206298818897637
11
2.5285057086614171
21
1.0198152362204724
0
LINE
8
BLACK
6
CONTINUOUS
10
2.5285057086614171
20
1.0198152362204724
11
2.5289466141732282
21
1.0187508267716536
0
LINE
8
BLACK
6
CONTINUOUS
10
2.5289466141732282
20
1.0187508267716536
11
2.529003346456693
21
1.0181747637795275
0
LINE
8
BLACK
6
CONTINUOUS
10
2.529003346456693
20
1.0181747637795275
11
2.529003346456693
21
1.0155032283464567
0
LINE
8
BLACK
6
CONTINUOUS
10
2.529003346456693
20
1.0155032283464567
11
2.5391739763779526
21
1.0155032283464567
0
LINE
8
BLACK
6
CONTINUOUS
10
2.5391739763779526
20
1.0155032283464567
11
2.5397500393700785
21
1.0154464960629921
0
LINE
8
BLACK
6
CONTINUOUS
10
2.5397500393700785
20
1.0154464960629921
11
2.5408144488188977
21
1.015005590551181
0
LINE
8
BLACK
6
CONTINUOUS
10
2.5408144488188977
20
1.015005590551181
11
2.5416290944881887
21
1.0141909448818898
0
LINE
8
BLACK
6
CONTINUOUS
10
2.5416290944881887
20
1.0141909448818898
11
2.5420699999999998
21
1.0131265354330707
0
LINE
8
BLACK
6
CONTINUOUS
10
2.5420699999999998
20
1.0131265354330707
11
2.5420699999999998
21
1.0119744094488188
0
LINE
8
BLACK
6
CONTINUOUS
10
2.5420699999999998
20
1.0119744094488188
11
2.5416290944881887
21
1.01091
0
LINE
8
BLACK
6
CONTINUOUS
10
2.5416290944881887
20
1.01091
11
2.5408144488188977
21
1.0100953543307087
0
LINE
8
BLACK
6
CONTINUOUS
10
2.5408144488188977
20
1.0100953543307087
11
2.5397500393700785
21
1.0096544488188977
0
LINE
8
BLACK
6
CONTINUOUS
10
2.5397500393700785
20
1.0096544488188977
11
2.5391739763779526
21
1.0095977165354331
0
LINE
8
BLACK
6
CONTINUOUS
10
2.5391739763779526
20
1.0095977165354331
11
2.529003346456693
21
1.0095977165354331
0
LINE
8
BLACK
6
CONTINUOUS
10
2.529003346456693
20
1.0095977165354331
11
2.529003346456693
21
0.9938028346456693
0
LINE
8
BLACK
6
CONTINUOUS
10
2.529003346456693
20
0.9938028346456693
11
2.5289746062992124
21
0.9935112992125984
0
LINE
8
BLACK
6
CONTINUOUS
10
2.5289746062992124
20
0.9935112992125984
11
2.5289801574803148
21
0.9934335433070866
0
LINE
8
BLACK
6
CONTINUOUS
10
2.5289801574803148
20
0.9934335433070866
11
2.5289614173228347
21
0.9933774409448819
0
LINE
8
BLACK
6
CONTINUOUS
10
2.5289614173228347
20
0.9933774409448819
11
2.5289466141732282
21
0.9932267716535433
0
LINE
8
BLACK
6
CONTINUOUS
10
2.5289466141732282
20
0.9932267716535433
11
2.5287654330708662
21
0.9927894094488189
0
LINE
8
BLACK
6
CONTINUOUS
10
2.5287654330708662
20
0.9927894094488189
11
2.5286158267716536
21
0.9923405511811023
0
LINE
8
BLACK
6
CONTINUOUS
10
2.5286158267716536
20
0.9923405511811023
11
2.5285462992125982
21
0.9922604330708661
0
LINE
8
BLACK
6
CONTINUOUS
10
2.5285462992125982
20
0.9922604330708661
11
2.5285057086614171
21
0.9921623622047244
0
LINE
8
BLACK
6
CONTINUOUS
10
2.5285057086614171
20
0.9921623622047244
11
2.5281709448818899
21
0.9918276377952756
0
LINE
8
BLACK
6
CONTINUOUS
10
2.5281709448818899
20
0.9918276377952756
11
2.5278609448818896
21
0.991470157480315
0
LINE
8
BLACK
6
CONTINUOUS
10
2.5278609448818896
20
0.991470157480315
11
2.5277660629921259
21
0.9914227559055118
0
LINE
8
BLACK
6
CONTINUOUS
10
2.5277660629921259
20
0.9914227559055118
11
2.5276910629921261
21
0.9913477165354331
0
LINE
8
BLACK
6
CONTINUOUS
10
2.5276910629921261
20
0.9913477165354331
11
2.5272535826771652
21
0.9911665354330709
0
LINE
8
BLACK
6
CONTINUOUS
10
2.5272535826771652
20
0.9911665354330709
11
2.5268304724409449
21
0.9909549606299213
0
LINE
8
BLACK
6
CONTINUOUS
10
2.5268304724409449
20
0.9909549606299213
11
2.5267247244094486
21
0.9909474803149606
0
LINE
8
BLACK
6
CONTINUOUS
10
2.5267247244094486
20
0.9909474803149606
11
2.5266266535433068
21
0.990906811023622
0
LINE
8
BLACK
6
CONTINUOUS
10
2.5266266535433068
20
0.990906811023622
11
2.5261531102362205
21
0.990906811023622
0
LINE
8
BLACK
6
CONTINUOUS
10
2.5261531102362205
20
0.990906811023622
11
2.5256812598425196
21
0.9908732677165354
0
LINE
8
BLACK
6
CONTINUOUS
10
2.5256812598425196
20
0.9908732677165354
11
2.5255337401574804
21
0.990906811023622
0
LINE
8
BLACK
6
CONTINUOUS
10
2.5255337401574804
20
0.990906811023622
11
2.5254745275590551
21
0.990906811023622
0
LINE
8
BLACK
6
CONTINUOUS
10
2.5254745275590551
20
0.990906811023622
11
2.5254024409448816
21
0.9909366929133858
0
LINE
8
BLACK
6
CONTINUOUS
10
2.5254024409448816
20
0.9909366929133858
11
2.5251168110236222
21
0.9910016141732283
0
LINE
8
BLACK
6
CONTINUOUS
10
2.5251168110236222
20
0.9910016141732283
11
2.4969953937007872
21
1.0003754330708661
0
LINE
8
BLACK
6
CONTINUOUS
10
2.4969953937007872
20
1.0003754330708661
11
2.4964668110236219
21
1.0006114173228347
0
LINE
8
BLACK
6
CONTINUOUS
10
2.4964668110236219
20
1.0006114173228347
11
2.4955964566929132
21
1.0013662992125985
0
LINE
8
BLACK
6
CONTINUOUS
10
2.4955964566929132
20
1.0013662992125985
11
2.4950812598425198
21
1.0023967322834646
0
LINE
8
BLACK
6
CONTINUOUS
10
2.4950812598425198
20
1.0023967322834646
11
2.4949995669291338
21
1.0035459448818898
0
LINE
8
BLACK
6
CONTINUOUS
10
2.4949995669291338
20
1.0035459448818898
11
2.4953638976377954
21
1.0046389763779526
0
LINE
8
BLACK
6
CONTINUOUS
10
2.4953638976377954
20
1.0046389763779526
11
2.496118779527559
21
1.0055093307086613
0
LINE
8
BLACK
6
CONTINUOUS
10
2.496118779527559
20
1.0055093307086613
11
2.4971492125984249
21
1.0060245275590551
0
LINE
8
BLACK
6
CONTINUOUS
10
2.4971492125984249
20
1.0060245275590551
11
2.4982984251968503
21
1.0061062204724409
0
LINE
8
BLACK
6
CONTINUOUS
10
2.4982984251968503
20
1.0061062204724409
11
2.4988628740157481
21
1.0059778740157481
0
LINE
8
BLACK
6
CONTINUOUS
10
2.4988628740157481
20
1.0059778740157481
11
2.5230978346456694
21
0.9978995669291338
0
LINE
8
BLACK
6
CONTINUOUS
10
2.5230978346456694
20
0.9978995669291338
11
2.5230978346456694
21
1.0095977165354331
0
LINE
8
BLACK
6
CONTINUOUS
10
2.5230978346456694
20
1.0095977165354331
11
2.5129272440944881
21
1.0095977165354331
0
LINE
8
BLACK
6
CONTINUOUS
10
2.5129272440944881
20
1.0095977165354331
11
2.5123511811023622
21
1.0096544488188977
0
LINE
8
BLACK
6
CONTINUOUS
10
2.5123511811023622
20
1.0096544488188977
11
2.5112867716535434
21
1.0100953543307087
0
LINE
8
BLACK
6
CONTINUOUS
10
2.5112867716535434
20
1.0100953543307087
11
2.510472125984252
21
1.01091
0
LINE
8
BLACK
6
CONTINUOUS
10
2.510472125984252
20
1.01091
11
2.5100312204724409
21
1.0119744094488188
0
LINE
8
BLACK
6
CONTINUOUS
10
2.5100312204724409
20
1.0119744094488188
11
2.5100312204724409
21
1.0131265354330707
0
LINE
8
BLACK
6
CONTINUOUS
10
2.5100312204724409
20
1.0131265354330707
11
2.510472125984252
21
1.0141909448818898
0
LINE
8
BLACK
6
CONTINUOUS
10
2.510472125984252
20
1.0141909448818898
11
2.5112867716535434
21
1.015005590551181
0
LINE
8
BLACK
6
CONTINUOUS
10
2.5112867716535434
20
1.015005590551181
11
2.5123511811023622
21
1.0154464960629921
0
LINE
8
BLACK
6
CONTINUOUS
10
2.5123511811023622
20
1.0154464960629921
11
2.5129272440944881
21
1.0155032283464567
0
LINE
8
BLACK
6
CONTINUOUS
10
2.5129272440944881
20
1.0155032283464567
11
2.5230978346456694
21
1.0155032283464567
0
LINE
8
BLACK
6
CONTINUOUS
10
2.5230978346456694
20
1.0155032283464567
11
2.5230978346456694
21
1.0181747637795275
0
LINE
8
BLACK
6
CONTINUOUS
10
2.5230978346456694
20
1.0181747637795275
11
2.5231545669291338
21
1.0187508267716536
0
LINE
8
BLACK
6
CONTINUOUS
10
2.5231545669291338
20
1.0187508267716536
11
2.5235954724409448
21
1.0198152362204724
0
LINE
8
BLACK
6
CONTINUOUS
10
2.5235954724409448
20
1.0198152362204724
11
2.5244101181102363
21
1.0206298818897637
0
LINE
8
BLACK
6
CONTINUOUS
10
2.5244101181102363
20
1.0206298818897637
11
2.5254745275590551
21
1.0210707874015748
0
LINE
8
BLACK
6
CONTINUOUS
10
2.5254745275590551
20
1.0210707874015748
11
2.5266266535433068
21
1.0210707874015748
0
LINE
8
BLACK
6
CONTINUOUS
10
2.5266266535433068
20
1.0210707874015748
11
2.5276910629921261
21
1.0206298818897637
0
LINE
8
BLACK
6
CONTINUOUS
10
2.5389396062992127
20
1.0375028346456692
11
2.5389396850393702
21
1.0375027952755904
0
LINE
8
BLACK
6
CONTINUOUS
10
2.5389396850393702
20
1.0375027952755904
11
2.539387125984252
21
1.037135590551181
0
LINE
8
BLACK
6
CONTINUOUS
10
2.539387125984252
20
1.037135590551181
11
2.5412618897637795
21
1.0352608267716534
0
LINE
8
BLACK
6
CONTINUOUS
10
2.5412618897637795
20
1.0352608267716534
11
2.5416290944881887
21
1.0348133858267716
0
LINE
8
BLACK
6
CONTINUOUS
10
2.5416290944881887
20
1.0348133858267716
11
2.5417706692913384
21
1.0344716141732284
0
LINE
8
BLACK
6
CONTINUOUS
10
2.5417706692913384
20
1.0344716141732284
11
2.5420699999999998
21
1.0337489370078741
0
LINE
8
BLACK
6
CONTINUOUS
10
2.5420699999999998
20
1.0337489370078741
11
2.5420699999999998
21
1.0325968503937009
0
LINE
8
BLACK
6
CONTINUOUS
10
2.5420699999999998
20
1.0325968503937009
11
2.5416290944881887
21
1.0315324409448818
0
LINE
8
BLACK
6
CONTINUOUS
10
2.5416290944881887
20
1.0315324409448818
11
2.5412618897637795
21
1.031085
0
LINE
8
BLACK
6
CONTINUOUS
10
2.5412618897637795
20
1.031085
11
2.539387125984252
21
1.0292102362204725
0
LINE
8
BLACK
6
CONTINUOUS
10
2.539387125984252
20
1.0292102362204725
11
2.5389396850393702
21
1.028843031496063
0
LINE
8
BLACK
6
CONTINUOUS
10
2.5389396850393702
20
1.028843031496063
11
2.5378752755905509
21
1.028402125984252
0
LINE
8
BLACK
6
CONTINUOUS
10
2.5378752755905509
20
1.028402125984252
11
2.5367231889763779
21
1.028402125984252
0
LINE
8
BLACK
6
CONTINUOUS
10
2.5367231889763779
20
1.028402125984252
11
2.5356587795275591
21
1.0288429921259843
0
LINE
8
BLACK
6
CONTINUOUS
10
2.5356587795275591
20
1.0288429921259843
11
2.5352112992125986
21
1.0292102362204725
0
LINE
8
BLACK
6
CONTINUOUS
10
2.5352112992125986
20
1.0292102362204725
11
2.533336535433071
21
1.0310849606299213
0
LINE
8
BLACK
6
CONTINUOUS
10
2.533336535433071
20
1.0310849606299213
11
2.5329692913385826
21
1.0315324409448818
0
LINE
8
BLACK
6
CONTINUOUS
10
2.5329692913385826
20
1.0315324409448818
11
2.5329692519685039
21
1.0315324803149606
0
LINE
8
BLACK
6
CONTINUOUS
10
2.5329692519685039
20
1.0315324803149606
11
2.5325283858267715
21
1.0325968897637796
0
LINE
8
BLACK
6
CONTINUOUS
10
2.5325283858267715
20
1.0325968897637796
11
2.5325283858267715
21
1.0337489763779528
0
LINE
8
BLACK
6
CONTINUOUS
10
2.5325283858267715
20
1.0337489763779528
11
2.5328277165354329
21
1.0344716141732284
0
LINE
8
BLACK
6
CONTINUOUS
10
2.5328277165354329
20
1.0344716141732284
11
2.5329692519685039
21
1.0348133464566929
0
LINE
8
BLACK
6
CONTINUOUS
10
2.5329692519685039
20
1.0348133464566929
11
2.5329692913385826
21
1.0348133858267716
0
LINE
8
BLACK
6
CONTINUOUS
10
2.5329692913385826
20
1.0348133858267716
11
2.533336535433071
21
1.0352608661417322
0
LINE
8
BLACK
6
CONTINUOUS
10
2.533336535433071
20
1.0352608661417322
11
2.5352112992125986
21
1.037135590551181
0
LINE
8
BLACK
6
CONTINUOUS
10
2.5352112992125986
20
1.037135590551181
11
2.5356587795275591
21
1.0375028346456692
0
LINE
8
BLACK
6
CONTINUOUS
10
2.5356587795275591
20
1.0375028346456692
11
2.5367231889763779
21
1.0379437007874015
0
LINE
8
BLACK
6
CONTINUOUS
10
2.5367231889763779
20
1.0379437007874015
11
2.5378752755905509
21
1.0379437007874015
0
LINE
8
BLACK
6
CONTINUOUS
10
2.5378752755905509
20
1.0379437007874015
11
2.5389396062992127
21
1.0375028346456692
0
LINE
8
BLACK
6
CONTINUOUS
10
0.0242509448818898
20
1.0622886614173228
11
0.024348937007874
21
1.0622480708661417
0
LINE
8
BLACK
6
CONTINUOUS
10
0.024348937007874
20
1.0622480708661417
11
0.0244547637795276
21
1.0622405511811024
0
LINE
8
BLACK
6
CONTINUOUS
10
0.0244547637795276
20
1.0622405511811024
11
0.0249953937007874
21
1.0620336614173229
0
LINE
8
BLACK
6
CONTINUOUS
10
0.0249953937007874
20
1.0620336614173229
11
0.0287449212598425
21
1.0601588976377954
0
LINE
8
BLACK
6
CONTINUOUS
10
0.0287449212598425
20
1.0601588976377954
11
0.0289927952755906
21
1.0600028740157481
0
LINE
8
BLACK
6
CONTINUOUS
10
0.0289927952755906
20
1.0600028740157481
11
0.029064842519685
21
1.0599730314960629
0
LINE
8
BLACK
6
CONTINUOUS
10
0.029064842519685
20
1.0599730314960629
11
0.0291458661417323
21
1.0599065354330708
0
LINE
8
BLACK
6
CONTINUOUS
10
0.0291458661417323
20
1.0599065354330708
11
0.0292348031496063
21
1.0598505511811023
0
LINE
8
BLACK
6
CONTINUOUS
10
0.0292348031496063
20
1.0598505511811023
11
0.0292859448818898
21
1.0597915748031497
0
LINE
8
BLACK
6
CONTINUOUS
10
0.0292859448818898
20
1.0597915748031497
11
0.0295122834645669
21
1.0596058267716535
0
LINE
8
BLACK
6
CONTINUOUS
10
0.0295122834645669
20
1.0596058267716535
11
0.0313870866141732
21
1.0577310629921259
0
LINE
8
BLACK
6
CONTINUOUS
10
0.0313870866141732
20
1.0577310629921259
11
0.0315728346456693
21
1.0575047244094489
0
LINE
8
BLACK
6
CONTINUOUS
10
0.0315728346456693
20
1.0575047244094489
11
0.0316318897637795
21
1.0574535039370079
0
LINE
8
BLACK
6
CONTINUOUS
10
0.0316318897637795
20
1.0574535039370079
11
0.031687874015748
21
1.0573645669291338
0
LINE
8
BLACK
6
CONTINUOUS
10
0.031687874015748
20
1.0573645669291338
11
0.0317543307086614
21
1.0572835826771654
0
LINE
8
BLACK
6
CONTINUOUS
10
0.0317543307086614
20
1.0572835826771654
11
0.0317841338582677
21
1.0572116535433072
0
LINE
8
BLACK
6
CONTINUOUS
10
0.0317841338582677
20
1.0572116535433072
11
0.0319402362204724
21
1.056963622047244
0
LINE
8
BLACK
6
CONTINUOUS
10
0.0319402362204724
20
1.056963622047244
11
0.033815
21
1.0532140944881889
0
LINE
8
BLACK
6
CONTINUOUS
10
0.033815
20
1.0532140944881889
11
0.0340218897637795
21
1.0526735039370079
0
LINE
8
BLACK
6
CONTINUOUS
10
0.0340218897637795
20
1.0526735039370079
11
0.0340294094488189
21
1.0525676377952755
0
LINE
8
BLACK
6
CONTINUOUS
10
0.0340294094488189
20
1.0525676377952755
11
0.03407
21
1.0524696456692912
0
LINE
8
BLACK
6
CONTINUOUS
10
0.03407
20
1.0524696456692912
11
0.0341267322834646
21
1.0518935826771654
0
LINE
8
BLACK
6
CONTINUOUS
10
0.0341267322834646
20
1.0518935826771654
11
0.0341267322834646
21
1.0425197637795276
0
LINE
8
BLACK
6
CONTINUOUS
10
0.0341267322834646
20
1.0425197637795276
11
0.03407
21
1.0419437007874015
0
LINE
8
BLACK
6
CONTINUOUS
10
0.03407
20
1.0419437007874015
11
0.0340294094488189
21
1.041845748031496
0
LINE
8
BLACK
6
CONTINUOUS
10
0.0340294094488189
20
1.041845748031496
11
0.0340218897637795
21
1.0417398425196851
0
LINE
8
BLACK
6
CONTINUOUS
10
0.0340218897637795
20
1.0417398425196851
11
0.033815
21
1.0411992519685038
0
LINE
8
BLACK
6
CONTINUOUS
10
0.033815
20
1.0411992519685038
11
0.0319402362204724
21
1.0374497244094487
0
LINE
8
BLACK
6
CONTINUOUS
10
0.0319402362204724
20
1.0374497244094487
11
0.0317841338582677
21
1.0372017322834646
0
LINE
8
BLACK
6
CONTINUOUS
10
0.0317841338582677
20
1.0372017322834646
11
0.0317543307086614
21
1.0371297637795276
0
LINE
8
BLACK
6
CONTINUOUS
10
0.0317543307086614
20
1.0371297637795276
11
0.031687874015748
21
1.0370488188976377
0
LINE
8
BLACK
6
CONTINUOUS
10
0.031687874015748
20
1.0370488188976377
11
0.0316318897637795
21
1.0369598425196851
0
LINE
8
BLACK
6
CONTINUOUS
10
0.0316318897637795
20
1.0369598425196851
11
0.0315728346456693
21
1.0369086614173229
0
LINE
8
BLACK
6
CONTINUOUS
10
0.0315728346456693
20
1.0369086614173229
11
0.0313870866141732
21
1.0366822834645668
0
LINE
8
BLACK
6
CONTINUOUS
10
0.0313870866141732
20
1.0366822834645668
11
0.0295122834645669
21
1.0348075196850393
0
LINE
8
BLACK
6
CONTINUOUS
10
0.0295122834645669
20
1.0348075196850393
11
0.029064842519685
21
1.0344403149606298
0
LINE
8
BLACK
6
CONTINUOUS
10
0.029064842519685
20
1.0344403149606298
11
0.0280004330708661
21
1.0339994488188977
0
LINE
8
BLACK
6
CONTINUOUS
10
0.0280004330708661
20
1.0339994488188977
11
0.0268483464566929
21
1.0339994488188977
0
LINE
8
BLACK
6
CONTINUOUS
10
0.0268483464566929
20
1.0339994488188977
11
0.025783937007874
21
1.0344403543307086
0
LINE
8
BLACK
6
CONTINUOUS
10
0.025783937007874
20
1.0344403543307086
11
0.0249692519685039
21
1.0352550393700788
0
LINE
8
BLACK
6
CONTINUOUS
10
0.0249692519685039
20
1.0352550393700788
11
0.0245283858267717
21
1.0363194488188976
0
LINE
8
BLACK
6
CONTINUOUS
10
0.0245283858267717
20
1.0363194488188976
11
0.0245283858267717
21
1.0374715354330708
0
LINE
8
BLACK
6
CONTINUOUS
10
0.0245283858267717
20
1.0374715354330708
11
0.0249692913385827
21
1.0385359448818898
0
LINE
8
BLACK
6
CONTINUOUS
10
0.0249692913385827
20
1.0385359448818898
11
0.0253365354330709
21
1.0389834251968504
0
LINE
8
BLACK
6
CONTINUOUS
10
0.0253365354330709
20
1.0389834251968504
11
0.0268724803149606
21
1.0405193700787401
0
LINE
8
BLACK
6
CONTINUOUS
10
0.0268724803149606
20
1.0405193700787401
11
0.0282212204724409
21
1.043216811023622
0
LINE
8
BLACK
6
CONTINUOUS
10
0.0282212204724409
20
1.043216811023622
11
0.0282212204724409
21
1.0511965354330708
0
LINE
8
BLACK
6
CONTINUOUS
10
0.0282212204724409
20
1.0511965354330708
11
0.0268724803149606
21
1.0538940157480314
0
LINE
8
BLACK
6
CONTINUOUS
10
0.0268724803149606
20
1.0538940157480314
11
0.0256753149606299
21
1.0550911417322835
0
LINE
8
BLACK
6
CONTINUOUS
10
0.0256753149606299
20
1.0550911417322835
11
0.0229778346456693
21
1.0564398818897638
0
LINE
8
BLACK
6
CONTINUOUS
10
0.0229778346456693
20
1.0564398818897638
11
0.0149981102362205
21
1.0564398818897638
0
LINE
8
BLACK
6
CONTINUOUS
10
0.0149981102362205
20
1.0564398818897638
11
0.0123006299212598
21
1.0550911417322835
0
LINE
8
BLACK
6
CONTINUOUS
10
0.0123006299212598
20
1.0550911417322835
11
0.0111035039370079
21
1.0538940157480314
0
LINE
8
BLACK
6
CONTINUOUS
10
0.0111035039370079
20
1.0538940157480314
11
0.0097547637795276
21
1.0511965354330708
0
LINE
8
BLACK
6
CONTINUOUS
10
0.0097547637795276
20
1.0511965354330708
11
0.0097547637795276
21
1.043216811023622
0
LINE
8
BLACK
6
CONTINUOUS
10
0.0097547637795276
20
1.043216811023622
11
0.0111035039370079
21
1.0405193307086613
0
LINE
8
BLACK
6
CONTINUOUS
10
0.0111035039370079
20
1.0405193307086613
11
0.0126394488188976
21
1.0389833858267716
0
LINE
8
BLACK
6
CONTINUOUS
10
0.0126394488188976
20
1.0389833858267716
11
0.0130066535433071
21
1.0385359448818898
0
LINE
8
BLACK
6
CONTINUOUS
10
0.0130066535433071
20
1.0385359448818898
11
0.0130635433070866
21
1.0383986220472441
0
LINE
8
BLACK
6
CONTINUOUS
10
0.0130635433070866
20
1.0383986220472441
11
0.0131577165354331
21
1.0382835039370077
0
LINE
8
BLACK
6
CONTINUOUS
10
0.0131577165354331
20
1.0382835039370077
11
0.0132824015748031
21
1.0378702362204724
0
LINE
8
BLACK
6
CONTINUOUS
10
0.0132824015748031
20
1.0378702362204724
11
0.0134475590551181
21
1.0374715354330708
0
LINE
8
BLACK
6
CONTINUOUS
10
0.0134475590551181
20
1.0374715354330708
11
0.0134475590551181
21
1.0373228740157481
0
LINE
8
BLACK
6
CONTINUOUS
10
0.0134475590551181
20
1.0373228740157481
11
0.0134905118110236
21
1.0371805118110236
0
LINE
8
BLACK
6
CONTINUOUS
10
0.0134905118110236
20
1.0371805118110236
11
0.0134475590551181
21
1.0367510236220472
0
LINE
8
BLACK
6
CONTINUOUS
10
0.0134475590551181
20
1.0367510236220472
11
0.0134475590551181
21
1.0363194488188976
0
LINE
8
BLACK
6
CONTINUOUS
10
0.0134475590551181
20
1.0363194488188976
11
0.0133906299212598
21
1.0361821259842519
0
LINE
8
BLACK
6
CONTINUOUS
10
0.0133906299212598
20
1.0361821259842519
11
0.0133758661417323
21
1.036034094488189
0
LINE
8
BLACK
6
CONTINUOUS
10
0.0133758661417323
20
1.036034094488189
11
0.0131717322834646
21
1.0356536614173228
0
LINE
8
BLACK
6
CONTINUOUS
10
0.0131717322834646
20
1.0356536614173228
11
0.0130066535433071
21
1.0352550393700788
0
LINE
8
BLACK
6
CONTINUOUS
10
0.0130066535433071
20
1.0352550393700788
11
0.0129014960629921
21
1.0351499212598425
0
LINE
8
BLACK
6
CONTINUOUS
10
0.0129014960629921
20
1.0351499212598425
11
0.0128312204724409
21
1.0350188582677164
0
LINE
8
BLACK
6
CONTINUOUS
10
0.0128312204724409
20
1.0350188582677164
11
0.0124970078740157
21
1.0347454330708661
0
LINE
8
BLACK
6
CONTINUOUS
10
0.0124970078740157
20
1.0347454330708661
11
0.012191968503937
21
1.0344403543307086
0
LINE
8
BLACK
6
CONTINUOUS
10
0.012191968503937
20
1.0344403543307086
11
0.0120546850393701
21
1.034383503937008
0
LINE
8
BLACK
6
CONTINUOUS
10
0.0120546850393701
20
1.034383503937008
11
0.0119395669291339
21
1.0342892913385826
0
LINE
8
BLACK
6
CONTINUOUS
10
0.0119395669291339
20
1.0342892913385826
11
0.0115261417322835
21
1.0341645669291339
0
LINE
8
BLACK
6
CONTINUOUS
10
0.0115261417322835
20
1.0341645669291339
11
0.0111275590551181
21
1.0339994488188977
0
LINE
8
BLACK
6
CONTINUOUS
10
0.0111275590551181
20
1.0339994488188977
11
0.010978937007874
21
1.0339994488188977
0
LINE
8
BLACK
6
CONTINUOUS
10
0.010978937007874
20
1.0339994488188977
11
0.0108365748031496
21
1.0339564960629921
0
LINE
8
BLACK
6
CONTINUOUS
10
0.0108365748031496
20
1.0339564960629921
11
0.0102577165354331
21
1.0339573622047245
0
LINE
8
BLACK
6
CONTINUOUS
10
0.0102577165354331
20
1.0339573622047245
11
-0.0084899212598425
21
1.035832125984252
0
LINE
8
BLACK
6
CONTINUOUS
10
-0.0084899212598425
20
1.035832125984252
11
-0.008699842519685
21
1.0358742125984253
0
LINE
8
BLACK
6
CONTINUOUS
10
-0.008699842519685
20
1.0358742125984253
11
-0.0087721653543307
21
1.0358742125984253
0
LINE
8
BLACK
6
CONTINUOUS
10
-0.0087721653543307
20
1.0358742125984253
11
-0.00884
21
1.0359023228346456
0
LINE
8
BLACK
6
CONTINUOUS
10
-0.00884
20
1.0359023228346456
11
-0.0090574803149606
21
1.035945905511811
0
LINE
8
BLACK
6
CONTINUOUS
10
-0.0090574803149606
20
1.035945905511811
11
-0.0094377952755906
21
1.0361499606299212
0
LINE
8
BLACK
6
CONTINUOUS
10
-0.0094377952755906
20
1.0361499606299212
11
-0.0098365748031496
21
1.0363151181102361
0
LINE
8
BLACK
6
CONTINUOUS
10
-0.0098365748031496
20
1.0363151181102361
11
-0.0099417716535433
21
1.0364203149606299
0
LINE
8
BLACK
6
CONTINUOUS
10
-0.0099417716535433
20
1.0364203149606299
11
-0.0100727165354331
21
1.0364905511811024
0
LINE
8
BLACK
6
CONTINUOUS
10
-0.0100727165354331
20
1.0364905511811024
11
-0.0103459842519685
21
1.0368245275590551
0
LINE
8
BLACK
6
CONTINUOUS
10
-0.0103459842519685
20
1.0368245275590551
11
-0.0106512204724409
21
1.0371297637795276
0
LINE
8
BLACK
6
CONTINUOUS
10
-0.0106512204724409
20
1.0371297637795276
11
-0.0107081496062992
21
1.0372671259842519
0
LINE
8
BLACK
6
CONTINUOUS
10
-0.0107081496062992
20
1.0372671259842519
11
-0.0108022834645669
21
1.0373822047244095
0
LINE
8
BLACK
6
CONTINUOUS
10
-0.0108022834645669
20
1.0373822047244095
11
-0.0109270078740157
21
1.0377955118110236
0
LINE
8
BLACK
6
CONTINUOUS
10
-0.0109270078740157
20
1.0377955118110236
11
-0.011092125984252
21
1.0381941732283464
0
LINE
8
BLACK
6
CONTINUOUS
10
-0.011092125984252
20
1.0381941732283464
11
-0.0111138976377953
21
1.0384148818897638
0
LINE
8
BLACK
6
CONTINUOUS
10
-0.0111138976377953
20
1.0384148818897638
11
-0.0111350787401575
21
1.0384851968503936
0
LINE
8
BLACK
6
CONTINUOUS
10
-0.0111350787401575
20
1.0384851968503936
11
-0.0111279133858268
21
1.0385572047244094
0
LINE
8
BLACK
6
CONTINUOUS
10
-0.0111279133858268
20
1.0385572047244094
11
-0.0111488582677165
21
1.0387702362204725
0
LINE
8
BLACK
6
CONTINUOUS
10
-0.0111488582677165
20
1.0387702362204725
11
-0.0111488582677165
21
1.057517874015748
0
LINE
8
BLACK
6
CONTINUOUS
10
-0.0111488582677165
20
1.057517874015748
11
-0.011092125984252
21
1.0580939370078739
0
LINE
8
BLACK
6
CONTINUOUS
10
-0.011092125984252
20
1.0580939370078739
11
-0.0106512204724409
21
1.0591583464566929
0
LINE
8
BLACK
6
CONTINUOUS
10
-0.0106512204724409
20
1.0591583464566929
11
-0.0098365748031496
21
1.0599729921259842
0
LINE
8
BLACK
6
CONTINUOUS
10
-0.0098365748031496
20
1.0599729921259842
11
-0.0087721653543307
21
1.0604138976377953
0
LINE
8
BLACK
6
CONTINUOUS
10
-0.0087721653543307
20
1.0604138976377953
11
-0.0076200393700787
21
1.0604138976377953
0
LINE
8
BLACK
6
CONTINUOUS
10
-0.0076200393700787
20
1.0604138976377953
11
-0.0065556299212598
21
1.0599729921259842
0
LINE
8
BLACK
6
CONTINUOUS
10
-0.0065556299212598
20
1.0599729921259842
11
-0.0057409842519685
21
1.0591583464566929
0
LINE
8
BLACK
6
CONTINUOUS
10
-0.0057409842519685
20
1.0591583464566929
11
-0.0053000787401575
21
1.0580939370078739
0
LINE
8
BLACK
6
CONTINUOUS
10
-0.0053000787401575
20
1.0580939370078739
11
-0.0052433464566929
21
1.057517874015748
0
LINE
8
BLACK
6
CONTINUOUS
10
-0.0052433464566929
20
1.057517874015748
11
-0.0052433464566929
21
1.0414424803149607
0
LINE
8
BLACK
6
CONTINUOUS
10
-0.0052433464566929
20
1.0414424803149607
11
0.0045279133858268
21
1.0404653543307087
0
LINE
8
BLACK
6
CONTINUOUS
10
0.0045279133858268
20
1.0404653543307087
11
0.0041609842519685
21
1.0411992519685038
0
LINE
8
BLACK
6
CONTINUOUS
10
0.0041609842519685
20
1.0411992519685038
11
0.003954094488189
21
1.0417398818897639
0
LINE
8
BLACK
6
CONTINUOUS
10
0.003954094488189
20
1.0417398818897639
11
0.0039465748031496
21
1.0418457086614172
0
LINE
8
BLACK
6
CONTINUOUS
10
0.0039465748031496
20
1.0418457086614172
11
0.0039059842519685
21
1.0419437007874015
0
LINE
8
BLACK
6
CONTINUOUS
10
0.0039059842519685
20
1.0419437007874015
11
0.0038492519685039
21
1.0425197637795276
0
LINE
8
BLACK
6
CONTINUOUS
10
0.0038492519685039
20
1.0425197637795276
11
0.0038492519685039
21
1.0518935826771654
0
LINE
8
BLACK
6
CONTINUOUS
10
0.0038492519685039
20
1.0518935826771654
11
0.0039059842519685
21
1.0524696456692912
0
LINE
8
BLACK
6
CONTINUOUS
10
0.0039059842519685
20
1.0524696456692912
11
0.0039465748031496
21
1.0525676771653543
0
LINE
8
BLACK
6
CONTINUOUS
10
0.0039465748031496
20
1.0525676771653543
11
0.003954094488189
21
1.0526734645669291
0
LINE
8
BLACK
6
CONTINUOUS
10
0.003954094488189
20
1.0526734645669291
11
0.0041609842519685
21
1.0532140944881889
0
LINE
8
BLACK
6
CONTINUOUS
10
0.0041609842519685
20
1.0532140944881889
11
0.0060357480314961
21
1.056963622047244
0
LINE
8
BLACK
6
CONTINUOUS
10
0.0060357480314961
20
1.056963622047244
11
0.006191811023622
21
1.0572116535433072
0
LINE
8
BLACK
6
CONTINUOUS
10
0.006191811023622
20
1.0572116535433072
11
0.0062216535433071
21
1.0572835826771654
0
LINE
8
BLACK
6
CONTINUOUS
10
0.0062216535433071
20
1.0572835826771654
11
0.0062881102362205
21
1.0573645669291338
0
LINE
8
BLACK
6
CONTINUOUS
10
0.0062881102362205
20
1.0573645669291338
11
0.006344094488189
21
1.0574535039370079
0
LINE
8
BLACK
6
CONTINUOUS
10
0.006344094488189
20
1.0574535039370079
11
0.0064030708661417
21
1.0575046850393701
0
LINE
8
BLACK
6
CONTINUOUS
10
0.0064030708661417
20
1.0575046850393701
11
0.0065888582677165
21
1.0577310236220472
0
LINE
8
BLACK
6
CONTINUOUS
10
0.0065888582677165
20
1.0577310236220472
11
0.0084636220472441
21
1.0596057874015747
0
LINE
8
BLACK
6
CONTINUOUS
10
0.0084636220472441
20
1.0596057874015747
11
0.0086899606299213
21
1.0597915748031497
0
LINE
8
BLACK
6
CONTINUOUS
10
0.0086899606299213
20
1.0597915748031497
11
0.0087411417322835
21
1.0598505511811023
0
LINE
8
BLACK
6
CONTINUOUS
10
0.0087411417322835
20
1.0598505511811023
11
0.0088300787401575
21
1.0599065354330708
0
LINE
8
BLACK
6
CONTINUOUS
10
0.0088300787401575
20
1.0599065354330708
11
0.008911062992126
21
1.0599729921259842
0
LINE
8
BLACK
6
CONTINUOUS
10
0.008911062992126
20
1.0599729921259842
11
0.0089829921259843
21
1.0600028346456694
0
LINE
8
BLACK
6
CONTINUOUS
10
0.0089829921259843
20
1.0600028346456694
11
0.0092310236220472
21
1.0601588976377954
0
LINE
8
BLACK
6
CONTINUOUS
10
0.0092310236220472
20
1.0601588976377954
11
0.0129805511811024
21
1.0620336614173229
0
LINE
8
BLACK
6
CONTINUOUS
10
0.0129805511811024
20
1.0620336614173229
11
0.0135211417322835
21
1.0622405511811024
0
LINE
8
BLACK
6
CONTINUOUS
10
0.0135211417322835
20
1.0622405511811024
11
0.0136270078740157
21
1.0622481102362205
0
LINE
8
BLACK
6
CONTINUOUS
10
0.0136270078740157
20
1.0622481102362205
11
0.013725
21
1.0622886614173228
0
LINE
8
BLACK
6
CONTINUOUS
10
0.013725
20
1.0622886614173228
11
0.014301062992126
21
1.0623453937007874
0
LINE
8
BLACK
6
CONTINUOUS
10
0.014301062992126
20
1.0623453937007874
11
0.0236748818897638
21
1.0623453937007874
0
LINE
8
BLACK
6
CONTINUOUS
10
0.0236748818897638
20
1.0623453937007874
11
0.0242509448818898
21
1.0622886614173228
0
LINE
8
BLACK
6
CONTINUOUS
10
2.5113440157480316
20
1.0754670078740158
11
2.5114217716535432
21
1.0754725196850394
0
LINE
8
BLACK
6
CONTINUOUS
10
2.5114217716535432
20
1.0754725196850394
11
2.5115240157480314
21
1.0754492913385827
0
LINE
8
BLACK
6
CONTINUOUS
10
2.5115240157480314
20
1.0754492913385827
11
2.5116285433070864
21
1.0754389763779528
0
LINE
8
BLACK
6
CONTINUOUS
10
2.5116285433070864
20
1.0754389763779528
11
2.5117006299212599
21
1.0754091338582676
0
LINE
8
BLACK
6
CONTINUOUS
10
2.5117006299212599
20
1.0754091338582676
11
2.511986220472441
21
1.0753441732283464
0
LINE
8
BLACK
6
CONTINUOUS
10
2.511986220472441
20
1.0753441732283464
11
2.5176105118110237
21
1.0734694094488189
0
LINE
8
BLACK
6
CONTINUOUS
10
2.5176105118110237
20
1.0734694094488189
11
2.5181390551181102
21
1.0732334251968503
0
LINE
8
BLACK
6
CONTINUOUS
10
2.5181390551181102
20
1.0732334251968503
11
2.5182191732283465
21
1.073163937007874
0
LINE
8
BLACK
6
CONTINUOUS
10
2.5182191732283465
20
1.073163937007874
11
2.5183172440944883
21
1.0731233070866142
0
LINE
8
BLACK
6
CONTINUOUS
10
2.5183172440944883
20
1.0731233070866142
11
2.5187646850393701
21
1.0727561023622048
0
LINE
8
BLACK
6
CONTINUOUS
10
2.5187646850393701
20
1.0727561023622048
11
2.536221220472441
21
1.0552996062992126
0
LINE
8
BLACK
6
CONTINUOUS
10
2.536221220472441
20
1.0552996062992126
11
2.536221220472441
21
1.0725429527559054
0
LINE
8
BLACK
6
CONTINUOUS
10
2.536221220472441
20
1.0725429527559054
11
2.5362779527559054
21
1.0731190157480315
0
LINE
8
BLACK
6
CONTINUOUS
10
2.5362779527559054
20
1.0731190157480315
11
2.5367188582677165
21
1.0741834251968503
0
LINE
8
BLACK
6
CONTINUOUS
10
2.5367188582677165
20
1.0741834251968503
11
2.5375335039370079
21
1.0749980708661417
0
LINE
8
BLACK
6
CONTINUOUS
10
2.5375335039370079
20
1.0749980708661417
11
2.5385979133858267
21
1.0754389763779528
0
LINE
8
BLACK
6
CONTINUOUS
10
2.5385979133858267
20
1.0754389763779528
11
2.5397500393700785
21
1.0754389763779528
0
LINE
8
BLACK
6
CONTINUOUS
10
2.5397500393700785
20
1.0754389763779528
11
2.5408144488188977
21
1.0749980708661417
0
LINE
8
BLACK
6
CONTINUOUS
10
2.5408144488188977
20
1.0749980708661417
11
2.5416290944881887
21
1.0741834251968503
0
LINE
8
BLACK
6
CONTINUOUS
10
2.5416290944881887
20
1.0741834251968503
11
2.5420699999999998
21
1.0731190157480315
0
LINE
8
BLACK
6
CONTINUOUS
10
2.5420699999999998
20
1.0731190157480315
11
2.5421267322834646
21
1.0725429527559054
0
LINE
8
BLACK
6
CONTINUOUS
10
2.5421267322834646
20
1.0725429527559054
11
2.5421267322834646
21
1.0481710236220472
0
LINE
8
BLACK
6
CONTINUOUS
10
2.5421267322834646
20
1.0481710236220472
11
2.5420699999999998
21
1.0475949606299213
0
LINE
8
BLACK
6
CONTINUOUS
10
2.5420699999999998
20
1.0475949606299213
11
2.5419408661417324
21
1.0472832283464566
0
LINE
8
BLACK
6
CONTINUOUS
10
2.5419408661417324
20
1.0472832283464566
11
2.5416291338582675
21
1.0465305511811023
0
LINE
8
BLACK
6
CONTINUOUS
10
2.5416291338582675
20
1.0465305511811023
11
2.5408144488188977
21
1.045715905511811
0
LINE
8
BLACK
6
CONTINUOUS
10
2.5408144488188977
20
1.045715905511811
11
2.5397500393700785
21
1.045275
0
LINE
8
BLACK
6
CONTINUOUS
10
2.5397500393700785
20
1.045275
11
2.5385979527559055
21
1.045275
0
LINE
8
BLACK
6
CONTINUOUS
10
2.5385979527559055
20
1.045275
11
2.5385979133858267
21
1.045275
0
LINE
8
BLACK
6
CONTINUOUS
10
2.5385979133858267
20
1.045275
11
2.5382861417322835
21
1.0454041338582678
0
LINE
8
BLACK
6
CONTINUOUS
10
2.5382861417322835
20
1.0454041338582678
11
2.5375335039370079
21
1.0457158661417323
0
LINE
8
BLACK
6
CONTINUOUS
10
2.5375335039370079
20
1.0457158661417323
11
2.5370860629921261
21
1.0460831102362205
0
LINE
8
BLACK
6
CONTINUOUS
10
2.5370860629921261
20
1.0460831102362205
11
2.5150817322834644
21
1.0680874015748032
0
LINE
8
BLACK
6
CONTINUOUS
10
2.5150817322834644
20
1.0680874015748032
11
2.5105733464566931
21
1.0695901968503936
0
LINE
8
BLACK
6
CONTINUOUS
10
2.5105733464566931
20
1.0695901968503936
11
2.508
21
1.0695901968503936
0
LINE
8
BLACK
6
CONTINUOUS
10
2.508
20
1.0695901968503936
11
2.5053025196850394
21
1.0682414566929133
0
LINE
8
BLACK
6
CONTINUOUS
10
2.5053025196850394
20
1.0682414566929133
11
2.5041053937007876
21
1.0670443307086614
0
LINE
8
BLACK
6
CONTINUOUS
10
2.5041053937007876
20
1.0670443307086614
11
2.5027566535433072
21
1.0643468503937008
0
LINE
8
BLACK
6
CONTINUOUS
10
2.5027566535433072
20
1.0643468503937008
11
2.5027566535433072
21
1.056367125984252
0
LINE
8
BLACK
6
CONTINUOUS
10
2.5027566535433072
20
1.056367125984252
11
2.5041053937007876
21
1.0536696456692913
0
LINE
8
BLACK
6
CONTINUOUS
10
2.5041053937007876
20
1.0536696456692913
11
2.5056413385826772
21
1.0521337007874016
0
LINE
8
BLACK
6
CONTINUOUS
10
2.5056413385826772
20
1.0521337007874016
11
2.5060085433070864
21
1.0516862598425196
0
LINE
8
BLACK
6
CONTINUOUS
10
2.5060085433070864
20
1.0516862598425196
11
2.5064494488188975
21
1.0506218503937008
0
LINE
8
BLACK
6
CONTINUOUS
10
2.5064494488188975
20
1.0506218503937008
11
2.5064494488188975
21
1.0494697637795276
0
LINE
8
BLACK
6
CONTINUOUS
10
2.5064494488188975
20
1.0494697637795276
11
2.5060085433070864
21
1.0484053543307086
0
LINE
8
BLACK
6
CONTINUOUS
10
2.5060085433070864
20
1.0484053543307086
11
2.5051938582677167
21
1.0475906692913386
0
LINE
8
BLACK
6
CONTINUOUS
10
2.5051938582677167
20
1.0475906692913386
11
2.5041294488188974
21
1.0471497637795275
0
LINE
8
BLACK
6
CONTINUOUS
10
2.5041294488188974
20
1.0471497637795275
11
2.5029773622047244
21
1.0471497637795275
0
LINE
8
BLACK
6
CONTINUOUS
10
2.5029773622047244
20
1.0471497637795275
11
2.5019129527559056
21
1.0475906692913386
0
LINE
8
BLACK
6
CONTINUOUS
10
2.5019129527559056
20
1.0475906692913386
11
2.5014655118110234
21
1.047957874015748
0
LINE
8
BLACK
6
CONTINUOUS
10
2.5014655118110234
20
1.047957874015748
11
2.4995907480314958
21
1.0498326377952756
0
LINE
8
BLACK
6
CONTINUOUS
10
2.4995907480314958
20
1.0498326377952756
11
2.4994049606299211
21
1.0500590157480314
0
LINE
8
BLACK
6
CONTINUOUS
10
2.4994049606299211
20
1.0500590157480314
11
2.4993459842519683
21
1.0501101574803149
0
LINE
8
BLACK
6
CONTINUOUS
10
2.4993459842519683
20
1.0501101574803149
11
2.4992899999999998
21
1.0501991338582677
0
LINE
8
BLACK
6
CONTINUOUS
10
2.4992899999999998
20
1.0501991338582677
11
2.4992235433070866
21
1.0502800787401574
0
LINE
8
BLACK
6
CONTINUOUS
10
2.4992235433070866
20
1.0502800787401574
11
2.4991937007874014
21
1.0503520472440944
0
LINE
8
BLACK
6
CONTINUOUS
10
2.4991937007874014
20
1.0503520472440944
11
2.4990376377952757
21
1.0506000393700787
0
LINE
8
BLACK
6
CONTINUOUS
10
2.4990376377952757
20
1.0506000393700787
11
2.4971628740157481
21
1.0543495669291338
0
LINE
8
BLACK
6
CONTINUOUS
10
2.4971628740157481
20
1.0543495669291338
11
2.4969559842519686
21
1.0548901968503936
0
LINE
8
BLACK
6
CONTINUOUS
10
2.4969559842519686
20
1.0548901968503936
11
2.4969484645669291
21
1.0549960236220473
0
LINE
8
BLACK
6
CONTINUOUS
10
2.4969484645669291
20
1.0549960236220473
11
2.496907874015748
21
1.0550940157480315
0
LINE
8
BLACK
6
CONTINUOUS
10
2.496907874015748
20
1.0550940157480315
11
2.4968511417322836
21
1.0556700787401574
0
LINE
8
BLACK
6
CONTINUOUS
10
2.4968511417322836
20
1.0556700787401574
11
2.4968511417322836
21
1.0650438976377952
0
LINE
8
BLACK
6
CONTINUOUS
10
2.4968511417322836
20
1.0650438976377952
11
2.496907874015748
21
1.0656199606299213
0
LINE
8
BLACK
6
CONTINUOUS
10
2.496907874015748
20
1.0656199606299213
11
2.4969484645669291
21
1.0657179921259843
0
LINE
8
BLACK
6
CONTINUOUS
10
2.4969484645669291
20
1.0657179921259843
11
2.4969559842519686
21
1.0658237795275591
0
LINE
8
BLACK
6
CONTINUOUS
10
2.4969559842519686
20
1.0658237795275591
11
2.4971628740157481
21
1.0663644094488189
0
LINE
8
BLACK
6
CONTINUOUS
10
2.4971628740157481
20
1.0663644094488189
11
2.4990376377952757
21
1.070113937007874
0
LINE
8
BLACK
6
CONTINUOUS
10
2.4990376377952757
20
1.070113937007874
11
2.4991937007874014
21
1.0703619685039369
0
LINE
8
BLACK
6
CONTINUOUS
10
2.4991937007874014
20
1.0703619685039369
11
2.4992235433070866
21
1.0704338976377952
0
LINE
8
BLACK
6
CONTINUOUS
10
2.4992235433070866
20
1.0704338976377952
11
2.4992899999999998
21
1.0705148818897638
0
LINE
8
BLACK
6
CONTINUOUS
10
2.4992899999999998
20
1.0705148818897638
11
2.4993459842519683
21
1.0706038188976377
0
LINE
8
BLACK
6
CONTINUOUS
10
2.4993459842519683
20
1.0706038188976377
11
2.4994049606299211
21
1.0706549999999999
0
LINE
8
BLACK
6
CONTINUOUS
10
2.4994049606299211
20
1.0706549999999999
11
2.4995907480314958
21
1.0708813385826772
0
LINE
8
BLACK
6
CONTINUOUS
10
2.4995907480314958
20
1.0708813385826772
11
2.5014655118110234
21
1.0727561023622048
0
LINE
8
BLACK
6
CONTINUOUS
10
2.5014655118110234
20
1.0727561023622048
11
2.5016918503937009
21
1.0729418897637795
0
LINE
8
BLACK
6
CONTINUOUS
10
2.5016918503937009
20
1.0729418897637795
11
2.5017430314960629
21
1.0730008661417323
0
LINE
8
BLACK
6
CONTINUOUS
10
2.5017430314960629
20
1.0730008661417323
11
2.5018319685039367
21
1.0730568503937008
0
LINE
8
BLACK
6
CONTINUOUS
10
2.5018319685039367
20
1.0730568503937008
11
2.5019129527559056
21
1.0731233070866142
0
LINE
8
BLACK
6
CONTINUOUS
10
2.5019129527559056
20
1.0731233070866142
11
2.5019848818897636
21
1.0731531496062992
0
LINE
8
BLACK
6
CONTINUOUS
10
2.5019848818897636
20
1.0731531496062992
11
2.5022329133858268
21
1.0733092125984252
0
LINE
8
BLACK
6
CONTINUOUS
10
2.5022329133858268
20
1.0733092125984252
11
2.5059824409448819
21
1.0751839763779527
0
LINE
8
BLACK
6
CONTINUOUS
10
2.5059824409448819
20
1.0751839763779527
11
2.5065230314960631
21
1.0753908661417322
0
LINE
8
BLACK
6
CONTINUOUS
10
2.5065230314960631
20
1.0753908661417322
11
2.5066288976377953
21
1.0753984251968505
0
LINE
8
BLACK
6
CONTINUOUS
10
2.5066288976377953
20
1.0753984251968505
11
2.5067268897637796
21
1.0754389763779528
0
LINE
8
BLACK
6
CONTINUOUS
10
2.5067268897637796
20
1.0754389763779528
11
2.5073029527559054
21
1.0754957086614172
0
LINE
8
BLACK
6
CONTINUOUS
10
2.5073029527559054
20
1.0754957086614172
11
2.5110524803149605
21
1.0754957086614172
0
LINE
8
BLACK
6
CONTINUOUS
10
2.5110524803149605
20
1.0754957086614172
11
2.5113440157480316
21
1.0754670078740158
0
LINE
8
BLACK
6
CONTINUOUS
10
3.1726910629921261
20
1.0824701574803148
11
3.1735057086614171
21
1.0816555118110236
0
LINE
8
BLACK
6
CONTINUOUS
10
3.1735057086614171
20
1.0816555118110236
11
3.1739466141732282
21
1.0805911023622048
0
LINE
8
BLACK
6
CONTINUOUS
10
3.1739466141732282
20
1.0805911023622048
11
3.174003346456693
21
1.0800150393700787
0
LINE
8
BLACK
6
CONTINUOUS
10
3.174003346456693
20
1.0800150393700787
11
3.174003346456693
21
1.0773435039370078
0
LINE
8
BLACK
6
CONTINUOUS
10
3.174003346456693
20
1.0773435039370078
11
3.1841739763779526
21
1.0773435039370078
0
LINE
8
BLACK
6
CONTINUOUS
10
3.1841739763779526
20
1.0773435039370078
11
3.1847500393700785
21
1.0772867716535433
0
LINE
8
BLACK
6
CONTINUOUS
10
3.1847500393700785
20
1.0772867716535433
11
3.1858144488188977
21
1.0768458661417322
0
LINE
8
BLACK
6
CONTINUOUS
10
3.1858144488188977
20
1.0768458661417322
11
3.1866290944881888
21
1.0760312204724409
0
LINE
8
BLACK
6
CONTINUOUS
10
3.1866290944881888
20
1.0760312204724409
11
3.1870699999999998
21
1.0749668110236221
0
LINE
8
BLACK
6
CONTINUOUS
10
3.1870699999999998
20
1.0749668110236221
11
3.1870699999999998
21
1.0738146850393702
0
LINE
8
BLACK
6
CONTINUOUS
10
3.1870699999999998
20
1.0738146850393702
11
3.1866290944881888
21
1.0727502755905511
0
LINE
8
BLACK
6
CONTINUOUS
10
3.1866290944881888
20
1.0727502755905511
11
3.1858144488188977
21
1.0719356299212599
0
LINE
8
BLACK
6
CONTINUOUS
10
3.1858144488188977
20
1.0719356299212599
11
3.1847500393700785
21
1.0714947244094488
0
LINE
8
BLACK
6
CONTINUOUS
10
3.1847500393700785
20
1.0714947244094488
11
3.1841739763779526
21
1.0714379921259842
0
LINE
8
BLACK
6
CONTINUOUS
10
3.1841739763779526
20
1.0714379921259842
11
3.174003346456693
21
1.0714379921259842
0
LINE
8
BLACK
6
CONTINUOUS
10
3.174003346456693
20
1.0714379921259842
11
3.174003346456693
21
1.0556431102362205
0
LINE
8
BLACK
6
CONTINUOUS
10
3.174003346456693
20
1.0556431102362205
11
3.1739746062992125
21
1.0553515748031497
0
LINE
8
BLACK
6
CONTINUOUS
10
3.1739746062992125
20
1.0553515748031497
11
3.1739801574803148
21
1.0552738188976378
0
LINE
8
BLACK
6
CONTINUOUS
10
3.1739801574803148
20
1.0552738188976378
11
3.1739614173228348
21
1.0552177165354331
0
LINE
8
BLACK
6
CONTINUOUS
10
3.1739614173228348
20
1.0552177165354331
11
3.1739466141732282
21
1.0550670472440944
0
LINE
8
BLACK
6
CONTINUOUS
10
3.1739466141732282
20
1.0550670472440944
11
3.1737654330708662
21
1.0546296850393702
0
LINE
8
BLACK
6
CONTINUOUS
10
3.1737654330708662
20
1.0546296850393702
11
3.1736158267716537
21
1.0541808267716535
0
LINE
8
BLACK
6
CONTINUOUS
10
3.1736158267716537
20
1.0541808267716535
11
3.1735462992125982
21
1.0541007086614174
0
LINE
8
BLACK
6
CONTINUOUS
10
3.1735462992125982
20
1.0541007086614174
11
3.1735057086614171
21
1.0540026377952756
0
LINE
8
BLACK
6
CONTINUOUS
10
3.1735057086614171
20
1.0540026377952756
11
3.1731709448818899
21
1.0536679133858267
0
LINE
8
BLACK
6
CONTINUOUS
10
3.1731709448818899
20
1.0536679133858267
11
3.1728609448818896
21
1.053310433070866
0
LINE
8
BLACK
6
CONTINUOUS
10
3.1728609448818896
20
1.053310433070866
11
3.1727660629921259
21
1.0532630314960629
0
LINE
8
BLACK
6
CONTINUOUS
10
3.1727660629921259
20
1.0532630314960629
11
3.1726910629921261
21
1.0531879921259841
0
LINE
8
BLACK
6
CONTINUOUS
10
3.1726910629921261
20
1.0531879921259841
11
3.1722535826771652
21
1.0530068110236219
0
LINE
8
BLACK
6
CONTINUOUS
10
3.1722535826771652
20
1.0530068110236219
11
3.171830472440945
21
1.0527952362204724
0
LINE
8
BLACK
6
CONTINUOUS
10
3.171830472440945
20
1.0527952362204724
11
3.1717247244094486
21
1.0527877559055119
0
LINE
8
BLACK
6
CONTINUOUS
10
3.1717247244094486
20
1.0527877559055119
11
3.1716266535433069
21
1.0527470866141733
0
LINE
8
BLACK
6
CONTINUOUS
10
3.1716266535433069
20
1.0527470866141733
11
3.1711531102362205
21
1.0527470866141733
0
LINE
8
BLACK
6
CONTINUOUS
10
3.1711531102362205
20
1.0527470866141733
11
3.1706812598425196
21
1.0527135433070867
0
LINE
8
BLACK
6
CONTINUOUS
10
3.1706812598425196
20
1.0527135433070867
11
3.1705337401574805
21
1.0527470866141733
0
LINE
8
BLACK
6
CONTINUOUS
10
3.1705337401574805
20
1.0527470866141733
11
3.1704745275590551
21
1.0527470866141733
0
LINE
8
BLACK
6
CONTINUOUS
10
3.1704745275590551
20
1.0527470866141733
11
3.1704024409448817
21
1.052776968503937
0
LINE
8
BLACK
6
CONTINUOUS
10
3.1704024409448817
20
1.052776968503937
11
3.1701168110236222
21
1.0528418897637795
0
LINE
8
BLACK
6
CONTINUOUS
10
3.1701168110236222
20
1.0528418897637795
11
3.1419953937007872
21
1.0622157086614172
0
LINE
8
BLACK
6
CONTINUOUS
10
3.1419953937007872
20
1.0622157086614172
11
3.1414668110236219
21
1.0624516929133858
0
LINE
8
BLACK
6
CONTINUOUS
10
3.1414668110236219
20
1.0624516929133858
11
3.1405964566929132
21
1.0632065748031496
0
LINE
8
BLACK
6
CONTINUOUS
10
3.1405964566929132
20
1.0632065748031496
11
3.1400812598425194
21
1.0642370078740158
0
LINE
8
BLACK
6
CONTINUOUS
10
3.1400812598425194
20
1.0642370078740158
11
3.1399995669291338
21
1.0653862204724409
0
LINE
8
BLACK
6
CONTINUOUS
10
3.1399995669291338
20
1.0653862204724409
11
3.140363897637795
21
1.066479251968504
0
LINE
8
BLACK
6
CONTINUOUS
10
3.140363897637795
20
1.066479251968504
11
3.141118779527559
21
1.0673496062992125
0
LINE
8
BLACK
6
CONTINUOUS
10
3.141118779527559
20
1.0673496062992125
11
3.1421492125984249
21
1.0678648031496063
0
LINE
8
BLACK
6
CONTINUOUS
10
3.1421492125984249
20
1.0678648031496063
11
3.1432984251968503
21
1.0679464960629921
0
LINE
8
BLACK
6
CONTINUOUS
10
3.1432984251968503
20
1.0679464960629921
11
3.1438628740157482
21
1.0678181496062993
0
LINE
8
BLACK
6
CONTINUOUS
10
3.1438628740157482
20
1.0678181496062993
11
3.1680978346456694
21
1.0597398425196851
0
LINE
8
BLACK
6
CONTINUOUS
10
3.1680978346456694
20
1.0597398425196851
11
3.1680978346456694
21
1.0714379921259842
0
LINE
8
BLACK
6
CONTINUOUS
10
3.1680978346456694
20
1.0714379921259842
11
3.1579272440944881
21
1.0714379921259842
0
LINE
8
BLACK
6
CONTINUOUS
10
3.1579272440944881
20
1.0714379921259842
11
3.1573511811023622
21
1.0714947244094488
0
LINE
8
BLACK
6
CONTINUOUS
10
3.1573511811023622
20
1.0714947244094488
11
3.1562867716535434
21
1.0719356299212599
0
LINE
8
BLACK
6
CONTINUOUS
10
3.1562867716535434
20
1.0719356299212599
11
3.155472125984252
21
1.0727502755905511
0
LINE
8
BLACK
6
CONTINUOUS
10
3.155472125984252
20
1.0727502755905511
11
3.1550312204724409
21
1.0738146850393702
0
LINE
8
BLACK
6
CONTINUOUS
10
3.1550312204724409
20
1.0738146850393702
11
3.1550312204724409
21
1.0749668110236221
0
LINE
8
BLACK
6
CONTINUOUS
10
3.1550312204724409
20
1.0749668110236221
11
3.155472125984252
21
1.0760312204724409
0
LINE
8
BLACK
6
CONTINUOUS
10
3.155472125984252
20
1.0760312204724409
11
3.1562867716535434
21
1.0768458661417322
0
LINE
8
BLACK
6
CONTINUOUS
10
3.1562867716535434
20
1.0768458661417322
11
3.1573511811023622
21
1.0772867716535433
0
LINE
8
BLACK
6
CONTINUOUS
10
3.1573511811023622
20
1.0772867716535433
11
3.1579272440944881
21
1.0773435039370078
0
LINE
8
BLACK
6
CONTINUOUS
10
3.1579272440944881
20
1.0773435039370078
11
3.1680978346456694
21
1.0773435039370078
0
LINE
8
BLACK
6
CONTINUOUS
10
3.1680978346456694
20
1.0773435039370078
11
3.1680978346456694
21
1.0800150393700787
0
LINE
8
BLACK
6
CONTINUOUS
10
3.1680978346456694
20
1.0800150393700787
11
3.1681545669291338
21
1.0805911023622048
0
LINE
8
BLACK
6
CONTINUOUS
10
3.1681545669291338
20
1.0805911023622048
11
3.1685954724409449
21
1.0816555118110236
0
LINE
8
BLACK
6
CONTINUOUS
10
3.1685954724409449
20
1.0816555118110236
11
3.1694101181102363
21
1.0824701574803148
0
LINE
8
BLACK
6
CONTINUOUS
10
3.1694101181102363
20
1.0824701574803148
11
3.1704745275590551
21
1.0829110629921259
0
LINE
8
BLACK
6
CONTINUOUS
10
3.1704745275590551
20
1.0829110629921259
11
3.1716266535433069
21
1.0829110629921259
0
LINE
8
BLACK
6
CONTINUOUS
10
3.1716266535433069
20
1.0829110629921259
11
3.1726910629921261
21
1.0824701574803148
0
LINE
8
BLACK
6
CONTINUOUS
10
0.0162763385826772
20
1.0998308267716534
11
0.0163193700787402
21
1.0998372047244094
0
LINE
8
BLACK
6
CONTINUOUS
10
0.0163193700787402
20
1.0998372047244094
11
0.016534842519685
21
1.0998053543307087
0
LINE
8
BLACK
6
CONTINUOUS
10
0.016534842519685
20
1.0998053543307087
11
0.0167518897637795
21
1.0997839763779527
0
LINE
8
BLACK
6
CONTINUOUS
10
0.0167518897637795
20
1.0997839763779527
11
0.0167920866141732
21
1.0997673622047244
0
LINE
8
BLACK
6
CONTINUOUS
10
0.0167920866141732
20
1.0997673622047244
11
0.016891968503937
21
1.099752559055118
0
LINE
8
BLACK
6
CONTINUOUS
10
0.016891968503937
20
1.099752559055118
11
0.0243910236220472
21
1.0978777952755905
0
LINE
8
BLACK
6
CONTINUOUS
10
0.0243910236220472
20
1.0978777952755905
11
0.0244335039370079
21
1.0978626377952756
0
LINE
8
BLACK
6
CONTINUOUS
10
0.0244335039370079
20
1.0978626377952756
11
0.0244547637795276
21
1.0978611023622047
0
LINE
8
BLACK
6
CONTINUOUS
10
0.0244547637795276
20
1.0978611023622047
11
0.0246941732283465
21
1.0977694881889764
0
LINE
8
BLACK
6
CONTINUOUS
10
0.0246941732283465
20
1.0977694881889764
11
0.0249361417322835
21
1.0976830314960631
0
LINE
8
BLACK
6
CONTINUOUS
10
0.0249361417322835
20
1.0976830314960631
11
0.0249532677165354
21
1.0976703543307087
0
LINE
8
BLACK
6
CONTINUOUS
10
0.0249532677165354
20
1.0976703543307087
11
0.0249953937007874
21
1.0976542125984252
0
LINE
8
BLACK
6
CONTINUOUS
10
0.0249953937007874
20
1.0976542125984252
11
0.0287449212598425
21
1.0957794488188977
0
LINE
8
BLACK
6
CONTINUOUS
10
0.0287449212598425
20
1.0957794488188977
11
0.0289927952755906
21
1.0956234251968504
0
LINE
8
BLACK
6
CONTINUOUS
10
0.0289927952755906
20
1.0956234251968504
11
0.029064842519685
21
1.0955935826771652
0
LINE
8
BLACK
6
CONTINUOUS
10
0.029064842519685
20
1.0955935826771652
11
0.0291458661417323
21
1.0955270866141733
0
LINE
8
BLACK
6
CONTINUOUS
10
0.0291458661417323
20
1.0955270866141733
11
0.0292348031496063
21
1.0954711023622048
0
LINE
8
BLACK
6
CONTINUOUS
10
0.0292348031496063
20
1.0954711023622048
11
0.0292859448818898
21
1.095412125984252
0
LINE
8
BLACK
6
CONTINUOUS
10
0.0292859448818898
20
1.095412125984252
11
0.0295122834645669
21
1.0952263779527558
0
LINE
8
BLACK
6
CONTINUOUS
10
0.0295122834645669
20
1.0952263779527558
11
0.0313870866141732
21
1.0933516141732282
0
LINE
8
BLACK
6
CONTINUOUS
10
0.0313870866141732
20
1.0933516141732282
11
0.0315728346456693
21
1.0931252755905512
0
LINE
8
BLACK
6
CONTINUOUS
10
0.0315728346456693
20
1.0931252755905512
11
0.0316318897637795
21
1.0930740551181102
0
LINE
8
BLACK
6
CONTINUOUS
10
0.0316318897637795
20
1.0930740551181102
11
0.031687874015748
21
1.0929851181102361
0
LINE
8
BLACK
6
CONTINUOUS
10
0.031687874015748
20
1.0929851181102361
11
0.0317543307086614
21
1.0929041338582677
0
LINE
8
BLACK
6
CONTINUOUS
10
0.0317543307086614
20
1.0929041338582677
11
0.0317841338582677
21
1.0928322047244095
0
LINE
8
BLACK
6
CONTINUOUS
10
0.0317841338582677
20
1.0928322047244095
11
0.0319402362204724
21
1.0925841732283463
0
LINE
8
BLACK
6
CONTINUOUS
10
0.0319402362204724
20
1.0925841732283463
11
0.033815
21
1.0888346456692912
0
LINE
8
BLACK
6
CONTINUOUS
10
0.033815
20
1.0888346456692912
11
0.0340218897637795
21
1.0882940551181102
0
LINE
8
BLACK
6
CONTINUOUS
10
0.0340218897637795
20
1.0882940551181102
11
0.0340294094488189
21
1.088188188976378
0
LINE
8
BLACK
6
CONTINUOUS
10
0.0340294094488189
20
1.088188188976378
11
0.03407
21
1.0880901968503938
0
LINE
8
BLACK
6
CONTINUOUS
10
0.03407
20
1.0880901968503938
11
0.0341267322834646
21
1.0875141338582677
0
LINE
8
BLACK
6
CONTINUOUS
10
0.0341267322834646
20
1.0875141338582677
11
0.0341267322834646
21
1.0837646062992126
0
LINE
8
BLACK
6
CONTINUOUS
10
0.0341267322834646
20
1.0837646062992126
11
0.03407
21
1.0831885433070867
0
LINE
8
BLACK
6
CONTINUOUS
10
0.03407
20
1.0831885433070867
11
0.0340294094488189
21
1.0830905905511812
0
LINE
8
BLACK
6
CONTINUOUS
10
0.0340294094488189
20
1.0830905905511812
11
0.0340218897637795
21
1.0829846850393701
0
LINE
8
BLACK
6
CONTINUOUS
10
0.0340218897637795
20
1.0829846850393701
11
0.033815
21
1.082444094488189
0
LINE
8
BLACK
6
CONTINUOUS
10
0.033815
20
1.082444094488189
11
0.0319402362204724
21
1.0786945669291339
0
LINE
8
BLACK
6
CONTINUOUS
10
0.0319402362204724
20
1.0786945669291339
11
0.0317841338582677
21
1.0784465748031495
0
LINE
8
BLACK
6
CONTINUOUS
10
0.0317841338582677
20
1.0784465748031495
11
0.0317543307086614
21
1.0783746062992126
0
LINE
8
BLACK
6
CONTINUOUS
10
0.0317543307086614
20
1.0783746062992126
11
0.031687874015748
21
1.0782936614173229
0
LINE
8
BLACK
6
CONTINUOUS
10
0.031687874015748
20
1.0782936614173229
11
0.0316318897637795
21
1.0782046850393701
0
LINE
8
BLACK
6
CONTINUOUS
10
0.0316318897637795
20
1.0782046850393701
11
0.0315728346456693
21
1.0781535039370078
0
LINE
8
BLACK
6
CONTINUOUS
10
0.0315728346456693
20
1.0781535039370078
11
0.0313870866141732
21
1.077927125984252
0
LINE
8
BLACK
6
CONTINUOUS
10
0.0313870866141732
20
1.077927125984252
11
0.0295122834645669
21
1.0760523622047244
0
LINE
8
BLACK
6
CONTINUOUS
10
0.0295122834645669
20
1.0760523622047244
11
0.0292859448818898
21
1.075866653543307
0
LINE
8
BLACK
6
CONTINUOUS
10
0.0292859448818898
20
1.075866653543307
11
0.0292348031496063
21
1.0758076377952757
0
LINE
8
BLACK
6
CONTINUOUS
10
0.0292348031496063
20
1.0758076377952757
11
0.0291458661417323
21
1.0757516929133859
0
LINE
8
BLACK
6
CONTINUOUS
10
0.0291458661417323
20
1.0757516929133859
11
0.029064842519685
21
1.075685157480315
0
LINE
8
BLACK
6
CONTINUOUS
10
0.029064842519685
20
1.075685157480315
11
0.0289927952755906
21
1.0756553543307086
0
LINE
8
BLACK
6
CONTINUOUS
10
0.0289927952755906
20
1.0756553543307086
11
0.0287449212598425
21
1.0754992913385826
0
LINE
8
BLACK
6
CONTINUOUS
10
0.0287449212598425
20
1.0754992913385826
11
0.0249953937007874
21
1.073624527559055
0
LINE
8
BLACK
6
CONTINUOUS
10
0.0249953937007874
20
1.073624527559055
11
0.0249532677165354
21
1.0736084251968503
0
LINE
8
BLACK
6
CONTINUOUS
10
0.0249532677165354
20
1.0736084251968503
11
0.0249361417322835
21
1.0735957086614174
0
LINE
8
BLACK
6
CONTINUOUS
10
0.0249361417322835
20
1.0735957086614174
11
0.0246941732283465
21
1.0735092913385826
0
LINE
8
BLACK
6
CONTINUOUS
10
0.0246941732283465
20
1.0735092913385826
11
0.0244547637795276
21
1.0734176377952755
0
LINE
8
BLACK
6
CONTINUOUS
10
0.0244547637795276
20
1.0734176377952755
11
0.0244335039370079
21
1.0734161417322834
0
LINE
8
BLACK
6
CONTINUOUS
10
0.0244335039370079
20
1.0734161417322834
11
0.0243910236220472
21
1.0734009448818898
0
LINE
8
BLACK
6
CONTINUOUS
10
0.0243910236220472
20
1.0734009448818898
11
0.016891968503937
21
1.0715261811023622
0
LINE
8
BLACK
6
CONTINUOUS
10
0.016891968503937
20
1.0715261811023622
11
0.0167920866141732
21
1.0715114173228346
0
LINE
8
BLACK
6
CONTINUOUS
10
0.0167920866141732
20
1.0715114173228346
11
0.0167518897637795
21
1.0714947637795276
0
LINE
8
BLACK
6
CONTINUOUS
10
0.0167518897637795
20
1.0714947637795276
11
0.016534842519685
21
1.0714734251968503
0
LINE
8
BLACK
6
CONTINUOUS
10
0.016534842519685
20
1.0714734251968503
11
0.0163193700787402
21
1.0714415354330709
0
LINE
8
BLACK
6
CONTINUOUS
10
0.0163193700787402
20
1.0714415354330709
11
0.0162763385826772
21
1.0714479527559055
0
LINE
8
BLACK
6
CONTINUOUS
10
0.0162763385826772
20
1.0714479527559055
11
0.0161758267716535
21
1.071438031496063
0
LINE
8
BLACK
6
CONTINUOUS
10
0.0161758267716535
20
1.071438031496063
11
0.0068020078740157
21
1.071438031496063
0
LINE
8
BLACK
6
CONTINUOUS
10
0.0068020078740157
20
1.071438031496063
11
0.0067014566929134
21
1.0714479527559055
0
LINE
8
BLACK
6
CONTINUOUS
10
0.0067014566929134
20
1.0714479527559055
11
0.0066584645669291
21
1.0714415354330709
0
LINE
8
BLACK
6
CONTINUOUS
10
0.0066584645669291
20
1.0714415354330709
11
0.0064429527559055
21
1.0714734251968503
0
LINE
8
BLACK
6
CONTINUOUS
10
0.0064429527559055
20
1.0714734251968503
11
0.0062259448818898
21
1.0714947637795276
0
LINE
8
BLACK
6
CONTINUOUS
10
0.0062259448818898
20
1.0714947637795276
11
0.0061857086614173
21
1.0715114173228346
0
LINE
8
BLACK
6
CONTINUOUS
10
0.0061857086614173
20
1.0715114173228346
11
0.0060858661417323
21
1.0715261811023622
0
LINE
8
BLACK
6
CONTINUOUS
10
0.0060858661417323
20
1.0715261811023622
11
-0.001413188976378
21
1.0734009448818898
0
LINE
8
BLACK
6
CONTINUOUS
10
-0.001413188976378
20
1.0734009448818898
11
-0.0014557086614173
21
1.0734161417322834
0
LINE
8
BLACK
6
CONTINUOUS
10
-0.0014557086614173
20
1.0734161417322834
11
-0.001476968503937
21
1.0734176377952755
0
LINE
8
BLACK
6
CONTINUOUS
10
-0.001476968503937
20
1.0734176377952755
11
-0.0017167322834646
21
1.0735094094488189
0
LINE
8
BLACK
6
CONTINUOUS
10
-0.0017167322834646
20
1.0735094094488189
11
-0.0019583070866142
21
1.0735957086614174
0
LINE
8
BLACK
6
CONTINUOUS
10
-0.0019583070866142
20
1.0735957086614174
11
-0.0019754724409449
21
1.0736084251968503
0
LINE
8
BLACK
6
CONTINUOUS
10
-0.0019754724409449
20
1.0736084251968503
11
-0.0020175590551181
21
1.073624527559055
0
LINE
8
BLACK
6
CONTINUOUS
10
-0.0020175590551181
20
1.073624527559055
11
-0.0057670866141732
21
1.0754992913385826
0
LINE
8
BLACK
6
CONTINUOUS
10
-0.0057670866141732
20
1.0754992913385826
11
-0.0060151181102362
21
1.0756553937007873
0
LINE
8
BLACK
6
CONTINUOUS
10
-0.0060151181102362
20
1.0756553937007873
11
-0.0060870472440945
21
1.0756851968503938
0
LINE
8
BLACK
6
CONTINUOUS
10
-0.0060870472440945
20
1.0756851968503938
11
-0.006168031496063
21
1.0757516929133859
0
LINE
8
BLACK
6
CONTINUOUS
10
-0.006168031496063
20
1.0757516929133859
11
-0.006256968503937
21
1.0758076377952757
0
LINE
8
BLACK
6
CONTINUOUS
10
-0.006256968503937
20
1.0758076377952757
11
-0.0063081496062992
21
1.075866653543307
0
LINE
8
BLACK
6
CONTINUOUS
10
-0.0063081496062992
20
1.075866653543307
11
-0.0065344881889764
21
1.0760524015748032
0
LINE
8
BLACK
6
CONTINUOUS
10
-0.0065344881889764
20
1.0760524015748032
11
-0.0084092519685039
21
1.0779271653543308
0
LINE
8
BLACK
6
CONTINUOUS
10
-0.0084092519685039
20
1.0779271653543308
11
-0.0085950393700787
21
1.0781535433070866
0
LINE
8
BLACK
6
CONTINUOUS
10
-0.0085950393700787
20
1.0781535433070866
11
-0.0086540157480315
21
1.0782046850393701
0
LINE
8
BLACK
6
CONTINUOUS
10
-0.0086540157480315
20
1.0782046850393701
11
-0.00871
21
1.0782936614173229
0
LINE
8
BLACK
6
CONTINUOUS
10
-0.00871
20
1.0782936614173229
11
-0.0087764566929134
21
1.0783746062992126
0
LINE
8
BLACK
6
CONTINUOUS
10
-0.0087764566929134
20
1.0783746062992126
11
-0.0088062992125984
21
1.0784465748031495
0
LINE
8
BLACK
6
CONTINUOUS
10
-0.0088062992125984
20
1.0784465748031495
11
-0.0089623622047244
21
1.0786945669291339
0
LINE
8
BLACK
6
CONTINUOUS
10
-0.0089623622047244
20
1.0786945669291339
11
-0.010837125984252
21
1.082444094488189
0
LINE
8
BLACK
6
CONTINUOUS
10
-0.010837125984252
20
1.082444094488189
11
-0.0110440157480315
21
1.0829847244094488
0
LINE
8
BLACK
6
CONTINUOUS
10
-0.0110440157480315
20
1.0829847244094488
11
-0.0110515354330709
21
1.0830905511811024
0
LINE
8
BLACK
6
CONTINUOUS
10
-0.0110515354330709
20
1.0830905511811024
11
-0.011092125984252
21
1.0831885433070867
0
LINE
8
BLACK
6
CONTINUOUS
10
-0.011092125984252
20
1.0831885433070867
11
-0.0111488582677165
21
1.0837646062992126
0
LINE
8
BLACK
6
CONTINUOUS
10
-0.0111488582677165
20
1.0837646062992126
11
-0.0111488582677165
21
1.0875141338582677
0
LINE
8
BLACK
6
CONTINUOUS
10
-0.0111488582677165
20
1.0875141338582677
11
-0.011092125984252
21
1.0880901968503938
0
LINE
8
BLACK
6
CONTINUOUS
10
-0.011092125984252
20
1.0880901968503938
11
-0.0110515354330709
21
1.0881882283464566
0
LINE
8
BLACK
6
CONTINUOUS
10
-0.0110515354330709
20
1.0881882283464566
11
-0.0110440157480315
21
1.0882940157480314
0
LINE
8
BLACK
6
CONTINUOUS
10
-0.0110440157480315
20
1.0882940157480314
11
-0.010837125984252
21
1.0888346456692912
0
LINE
8
BLACK
6
CONTINUOUS
10
-0.010837125984252
20
1.0888346456692912
11
-0.0089623622047244
21
1.0925841732283463
0
LINE
8
BLACK
6
CONTINUOUS
10
-0.0089623622047244
20
1.0925841732283463
11
-0.0088062992125984
21
1.0928322047244095
0
LINE
8
BLACK
6
CONTINUOUS
10
-0.0088062992125984
20
1.0928322047244095
11
-0.0087764566929134
21
1.0929041338582677
0
LINE
8
BLACK
6
CONTINUOUS
10
-0.0087764566929134
20
1.0929041338582677
11
-0.00871
21
1.0929851181102361
0
LINE
8
BLACK
6
CONTINUOUS
10
-0.00871
20
1.0929851181102361
11
-0.0086540157480315
21
1.0930740551181102
0
LINE
8
BLACK
6
CONTINUOUS
10
-0.0086540157480315
20
1.0930740551181102
11
-0.0085950393700787
21
1.0931252362204724
0
LINE
8
BLACK
6
CONTINUOUS
10
-0.0085950393700787
20
1.0931252362204724
11
-0.0084092519685039
21
1.0933515748031495
0
LINE
8
BLACK
6
CONTINUOUS
10
-0.0084092519685039
20
1.0933515748031495
11
-0.0065344881889764
21
1.095226338582677
0
LINE
8
BLACK
6
CONTINUOUS
10
-0.0065344881889764
20
1.095226338582677
11
-0.0063081496062992
21
1.095412125984252
0
LINE
8
BLACK
6
CONTINUOUS
10
-0.0063081496062992
20
1.095412125984252
11
-0.006256968503937
21
1.0954711023622048
0
LINE
8
BLACK
6
CONTINUOUS
10
-0.006256968503937
20
1.0954711023622048
11
-0.006168031496063
21
1.0955270866141733
0
LINE
8
BLACK
6
CONTINUOUS
10
-0.006168031496063
20
1.0955270866141733
11
-0.0060870472440945
21
1.0955935433070867
0
LINE
8
BLACK
6
CONTINUOUS
10
-0.0060870472440945
20
1.0955935433070867
11
-0.0060151181102362
21
1.0956233858267717
0
LINE
8
BLACK
6
CONTINUOUS
10
-0.0060151181102362
20
1.0956233858267717
11
-0.0057670866141732
21
1.0957794488188977
0
LINE
8
BLACK
6
CONTINUOUS
10
-0.0057670866141732
20
1.0957794488188977
11
-0.0020175590551181
21
1.0976542125984252
0
LINE
8
BLACK
6
CONTINUOUS
10
-0.0020175590551181
20
1.0976542125984252
11
-0.0019754724409449
21
1.0976703543307087
0
LINE
8
BLACK
6
CONTINUOUS
10
-0.0019754724409449
20
1.0976703543307087
11
-0.0019583070866142
21
1.0976830314960631
0
LINE
8
BLACK
6
CONTINUOUS
10
-0.0019583070866142
20
1.0976830314960631
11
-0.0017167322834646
21
1.0977693700787401
0
LINE
8
BLACK
6
CONTINUOUS
10
-0.0017167322834646
20
1.0977693700787401
11
-0.001476968503937
21
1.0978611023622047
0
LINE
8
BLACK
6
CONTINUOUS
10
-0.001476968503937
20
1.0978611023622047
11
-0.0014557086614173
21
1.0978626377952756
0
LINE
8
BLACK
6
CONTINUOUS
10
-0.0014557086614173
20
1.0978626377952756
11
-0.001413188976378
21
1.0978777952755905
0
LINE
8
BLACK
6
CONTINUOUS
10
-0.001413188976378
20
1.0978777952755905
11
0.0060858661417323
21
1.099752559055118
0
LINE
8
BLACK
6
CONTINUOUS
10
0.0060858661417323
20
1.099752559055118
11
0.0061857086614173
21
1.0997673622047244
0
LINE
8
BLACK
6
CONTINUOUS
10
0.0061857086614173
20
1.0997673622047244
11
0.0062259448818898
21
1.0997839763779527
0
LINE
8
BLACK
6
CONTINUOUS
10
0.0062259448818898
20
1.0997839763779527
11
0.0064429527559055
21
1.0998053543307087
0
LINE
8
BLACK
6
CONTINUOUS
10
0.0064429527559055
20
1.0998053543307087
11
0.0066584645669291
21
1.0998372047244094
0
LINE
8
BLACK
6
CONTINUOUS
10
0.0066584645669291
20
1.0998372047244094
11
0.0067014566929134
21
1.0998308267716534
0
LINE
8
BLACK
6
CONTINUOUS
10
0.0067014566929134
20
1.0998308267716534
11
0.0068020078740157
21
1.0998407086614173
0
LINE
8
BLACK
6
CONTINUOUS
10
0.0068020078740157
20
1.0998407086614173
11
0.0161758267716535
21
1.0998407086614173
0
LINE
8
BLACK
6
CONTINUOUS
10
0.0161758267716535
20
1.0998407086614173
11
0.0162763385826772
21
1.0998308267716534
0
LINE
8
BLACK
6
CONTINUOUS
10
0.0003335039370079
20
1.0922272047244095
11
-0.0026974803149606
21
1.0907116929133858
0
LINE
8
BLACK
6
CONTINUOUS
10
-0.0026974803149606
20
1.0907116929133858
11
-0.0038946062992126
21
1.0895145669291337
0
LINE
8
BLACK
6
CONTINUOUS
10
-0.0038946062992126
20
1.0895145669291337
11
-0.0052433464566929
21
1.0868170866141733
0
LINE
8
BLACK
6
CONTINUOUS
10
-0.0052433464566929
20
1.0868170866141733
11
-0.0052433464566929
21
1.0844616535433071
0
LINE
8
BLACK
6
CONTINUOUS
10
-0.0052433464566929
20
1.0844616535433071
11
-0.0038946062992126
21
1.0817641732283465
0
LINE
8
BLACK
6
CONTINUOUS
10
-0.0038946062992126
20
1.0817641732283465
11
-0.0026974803149606
21
1.0805670472440945
0
LINE
8
BLACK
6
CONTINUOUS
10
-0.0026974803149606
20
1.0805670472440945
11
0.0003335039370079
21
1.0790515748031495
0
LINE
8
BLACK
6
CONTINUOUS
10
0.0003335039370079
20
1.0790515748031495
11
0.0071655511811024
21
1.0773435433070866
0
LINE
8
BLACK
6
CONTINUOUS
10
0.0071655511811024
20
1.0773435433070866
11
0.0158122834645669
21
1.0773435433070866
0
LINE
8
BLACK
6
CONTINUOUS
10
0.0158122834645669
20
1.0773435433070866
11
0.0226443307086614
21
1.0790515748031495
0
LINE
8
BLACK
6
CONTINUOUS
10
0.0226443307086614
20
1.0790515748031495
11
0.0256753149606299
21
1.0805670866141732
0
LINE
8
BLACK
6
CONTINUOUS
10
0.0256753149606299
20
1.0805670866141732
11
0.0268724803149606
21
1.0817642125984253
0
LINE
8
BLACK
6
CONTINUOUS
10
0.0268724803149606
20
1.0817642125984253
11
0.0282212204724409
21
1.0844616535433071
0
LINE
8
BLACK
6
CONTINUOUS
10
0.0282212204724409
20
1.0844616535433071
11
0.0282212204724409
21
1.0868170866141733
0
LINE
8
BLACK
6
CONTINUOUS
10
0.0282212204724409
20
1.0868170866141733
11
0.0268724803149606
21
1.0895145669291337
0
LINE
8
BLACK
6
CONTINUOUS
10
0.0268724803149606
20
1.0895145669291337
11
0.0256753149606299
21
1.0907116929133858
0
LINE
8
BLACK
6
CONTINUOUS
10
0.0256753149606299
20
1.0907116929133858
11
0.0226443307086614
21
1.0922272047244095
0
LINE
8
BLACK
6
CONTINUOUS
10
0.0226443307086614
20
1.0922272047244095
11
0.0158122834645669
21
1.0939351968503936
0
LINE
8
BLACK
6
CONTINUOUS
10
0.0158122834645669
20
1.0939351968503936
11
0.0071655511811024
21
1.0939351968503936
0
LINE
8
BLACK
6
CONTINUOUS
10
0.0071655511811024
20
1.0939351968503936
11
0.0003335039370079
21
1.0922272047244095
0
LINE
8
BLACK
6
CONTINUOUS
10
3.169276338582677
20
1.118578464566929
11
3.1693193700787399
21
1.1185848425196849
0
LINE
8
BLACK
6
CONTINUOUS
10
3.1693193700787399
20
1.1185848425196849
11
3.1695348425196848
21
1.1185529921259842
0
LINE
8
BLACK
6
CONTINUOUS
10
3.1695348425196848
20
1.1185529921259842
11
3.1697518897637793
21
1.1185316141732282
0
LINE
8
BLACK
6
CONTINUOUS
10
3.1697518897637793
20
1.1185316141732282
11
3.1697920866141733
21
1.1185149999999999
0
LINE
8
BLACK
6
CONTINUOUS
10
3.1697920866141733
20
1.1185149999999999
11
3.1698919685039368
21
1.1185001968503936
0
LINE
8
BLACK
6
CONTINUOUS
10
3.1698919685039368
20
1.1185001968503936
11
3.1773910236220471
21
1.116625433070866
0
LINE
8
BLACK
6
CONTINUOUS
10
3.1773910236220471
20
1.116625433070866
11
3.1774335039370079
21
1.1166102755905511
0
LINE
8
BLACK
6
CONTINUOUS
10
3.1774335039370079
20
1.1166102755905511
11
3.1774547637795276
21
1.1166087401574802
0
LINE
8
BLACK
6
CONTINUOUS
10
3.1774547637795276
20
1.1166087401574802
11
3.1776941732283466
21
1.1165171259842519
0
LINE
8
BLACK
6
CONTINUOUS
10
3.1776941732283466
20
1.1165171259842519
11
3.1779361417322836
21
1.1164306692913386
0
LINE
8
BLACK
6
CONTINUOUS
10
3.1779361417322836
20
1.1164306692913386
11
3.1779532677165352
21
1.1164179921259842
0
LINE
8
BLACK
6
CONTINUOUS
10
3.1779532677165352
20
1.1164179921259842
11
3.1779953937007872
21
1.1164018503937008
0
LINE
8
BLACK
6
CONTINUOUS
10
3.1779953937007872
20
1.1164018503937008
11
3.1817449212598423
21
1.1145270866141732
0
LINE
8
BLACK
6
CONTINUOUS
10
3.1817449212598423
20
1.1145270866141732
11
3.1819927952755904
21
1.114371062992126
0
LINE
8
BLACK
6
CONTINUOUS
10
3.1819927952755904
20
1.114371062992126
11
3.1820648425196851
21
1.114341220472441
0
LINE
8
BLACK
6
CONTINUOUS
10
3.1820648425196851
20
1.114341220472441
11
3.1821458661417323
21
1.1142747244094489
0
LINE
8
BLACK
6
CONTINUOUS
10
3.1821458661417323
20
1.1142747244094489
11
3.1822348031496062
21
1.1142187401574803
0
LINE
8
BLACK
6
CONTINUOUS
10
3.1822348031496062
20
1.1142187401574803
11
3.1822859448818899
21
1.1141597637795275
0
LINE
8
BLACK
6
CONTINUOUS
10
3.1822859448818899
20
1.1141597637795275
11
3.1825122834645669
21
1.1139740157480316
0
LINE
8
BLACK
6
CONTINUOUS
10
3.1825122834645669
20
1.1139740157480316
11
3.1843870866141732
21
1.112099251968504
0
LINE
8
BLACK
6
CONTINUOUS
10
3.1843870866141732
20
1.112099251968504
11
3.1845728346456692
21
1.1118729133858267
0
LINE
8
BLACK
6
CONTINUOUS
10
3.1845728346456692
20
1.1118729133858267
11
3.1846318897637795
21
1.1118216929133857
0
LINE
8
BLACK
6
CONTINUOUS
10
3.1846318897637795
20
1.1118216929133857
11
3.184687874015748
21
1.1117327559055117
0
LINE
8
BLACK
6
CONTINUOUS
10
3.184687874015748
20
1.1117327559055117
11
3.1847543307086612
21
1.1116517716535432
0
LINE
8
BLACK
6
CONTINUOUS
10
3.1847543307086612
20
1.1116517716535432
11
3.1847841338582676
21
1.111579842519685
0
LINE
8
BLACK
6
CONTINUOUS
10
3.1847841338582676
20
1.111579842519685
11
3.1849402362204722
21
1.1113318110236221
0
LINE
8
BLACK
6
CONTINUOUS
10
3.1849402362204722
20
1.1113318110236221
11
3.1868149999999997
21
1.107582283464567
0
LINE
8
BLACK
6
CONTINUOUS
10
3.1868149999999997
20
1.107582283464567
11
3.1870218897637796
21
1.1070416929133857
0
LINE
8
BLACK
6
CONTINUOUS
10
3.1870218897637796
20
1.1070416929133857
11
3.1870294094488187
21
1.1069358267716536
0
LINE
8
BLACK
6
CONTINUOUS
10
3.1870294094488187
20
1.1069358267716536
11
3.1870699999999998
21
1.1068378346456693
0
LINE
8
BLACK
6
CONTINUOUS
10
3.1870699999999998
20
1.1068378346456693
11
3.1871267322834647
21
1.1062617716535432
0
LINE
8
BLACK
6
CONTINUOUS
10
3.1871267322834647
20
1.1062617716535432
11
3.1871267322834647
21
1.1025122440944881
0
LINE
8
BLACK
6
CONTINUOUS
10
3.1871267322834647
20
1.1025122440944881
11
3.1870699999999998
21
1.1019361811023622
0
LINE
8
BLACK
6
CONTINUOUS
10
3.1870699999999998
20
1.1019361811023622
11
3.1870294094488187
21
1.1018382283464567
0
LINE
8
BLACK
6
CONTINUOUS
10
3.1870294094488187
20
1.1018382283464567
11
3.1870218897637796
21
1.1017323228346456
0
LINE
8
BLACK
6
CONTINUOUS
10
3.1870218897637796
20
1.1017323228346456
11
3.1868149999999997
21
1.1011917322834646
0
LINE
8
BLACK
6
CONTINUOUS
10
3.1868149999999997
20
1.1011917322834646
11
3.1849402362204722
21
1.0974422047244095
0
LINE
8
BLACK
6
CONTINUOUS
10
3.1849402362204722
20
1.0974422047244095
11
3.1847841338582676
21
1.0971942125984251
0
LINE
8
BLACK
6
CONTINUOUS
10
3.1847841338582676
20
1.0971942125984251
11
3.1847543307086612
21
1.0971222440944881
0
LINE
8
BLACK
6
CONTINUOUS
10
3.1847543307086612
20
1.0971222440944881
11
3.184687874015748
21
1.0970412992125984
0
LINE
8
BLACK
6
CONTINUOUS
10
3.184687874015748
20
1.0970412992125984
11
3.1846318897637795
21
1.0969523228346456
0
LINE
8
BLACK
6
CONTINUOUS
10
3.1846318897637795
20
1.0969523228346456
11
3.1845728346456692
21
1.0969011417322834
0
LINE
8
BLACK
6
CONTINUOUS
10
3.1845728346456692
20
1.0969011417322834
11
3.1843870866141732
21
1.0966747637795276
0
LINE
8
BLACK
6
CONTINUOUS
10
3.1843870866141732
20
1.0966747637795276
11
3.1825122834645669
21
1.0948
0
LINE
8
BLACK
6
CONTINUOUS
10
3.1825122834645669
20
1.0948
11
3.1822859448818899
21
1.0946142913385826
0
LINE
8
BLACK
6
CONTINUOUS
10
3.1822859448818899
20
1.0946142913385826
11
3.1822348031496062
21
1.0945552755905512
0
LINE
8
BLACK
6
CONTINUOUS
10
3.1822348031496062
20
1.0945552755905512
11
3.1821458661417323
21
1.0944993307086615
0
LINE
8
BLACK
6
CONTINUOUS
10
3.1821458661417323
20
1.0944993307086615
11
3.1820648425196851
21
1.0944327952755906
0
LINE
8
BLACK
6
CONTINUOUS
10
3.1820648425196851
20
1.0944327952755906
11
3.1819927952755904
21
1.0944029921259841
0
LINE
8
BLACK
6
CONTINUOUS
10
3.1819927952755904
20
1.0944029921259841
11
3.1817449212598423
21
1.0942469291338583
0
LINE
8
BLACK
6
CONTINUOUS
10
3.1817449212598423
20
1.0942469291338583
11
3.1779953937007872
21
1.0923721653543308
0
LINE
8
BLACK
6
CONTINUOUS
10
3.1779953937007872
20
1.0923721653543308
11
3.1779532677165352
21
1.0923560629921261
0
LINE
8
BLACK
6
CONTINUOUS
10
3.1779532677165352
20
1.0923560629921261
11
3.1779361417322836
21
1.092343346456693
0
LINE
8
BLACK
6
CONTINUOUS
10
3.1779361417322836
20
1.092343346456693
11
3.1776941732283466
21
1.0922569291338582
0
LINE
8
BLACK
6
CONTINUOUS
10
3.1776941732283466
20
1.0922569291338582
11
3.1774547637795276
21
1.0921652755905511
0
LINE
8
BLACK
6
CONTINUOUS
10
3.1774547637795276
20
1.0921652755905511
11
3.1774335039370079
21
1.0921637795275589
0
LINE
8
BLACK
6
CONTINUOUS
10
3.1774335039370079
20
1.0921637795275589
11
3.1773910236220471
21
1.0921485826771653
0
LINE
8
BLACK
6
CONTINUOUS
10
3.1773910236220471
20
1.0921485826771653
11
3.1698919685039368
21
1.0902738188976377
0
LINE
8
BLACK
6
CONTINUOUS
10
3.1698919685039368
20
1.0902738188976377
11
3.1697920866141733
21
1.0902590551181102
0
LINE
8
BLACK
6
CONTINUOUS
10
3.1697920866141733
20
1.0902590551181102
11
3.1697518897637793
21
1.0902424015748031
0
LINE
8
BLACK
6
CONTINUOUS
10
3.1697518897637793
20
1.0902424015748031
11
3.1695348425196848
21
1.0902210629921261
0
LINE
8
BLACK
6
CONTINUOUS
10
3.1695348425196848
20
1.0902210629921261
11
3.1693193700787399
21
1.0901891732283464
0
LINE
8
BLACK
6
CONTINUOUS
10
3.1693193700787399
20
1.0901891732283464
11
3.169276338582677
21
1.0901955905511811
0
LINE
8
BLACK
6
CONTINUOUS
10
3.169276338582677
20
1.0901955905511811
11
3.1691758267716534
21
1.0901856692913385
0
LINE
8
BLACK
6
CONTINUOUS
10
3.1691758267716534
20
1.0901856692913385
11
3.1598020078740157
21
1.0901856692913385
0
LINE
8
BLACK
6
CONTINUOUS
10
3.1598020078740157
20
1.0901856692913385
11
3.1597014566929134
21
1.0901955905511811
0
LINE
8
BLACK
6
CONTINUOUS
10
3.1597014566929134
20
1.0901955905511811
11
3.1596584645669292
21
1.0901891732283464
0
LINE
8
BLACK
6
CONTINUOUS
10
3.1596584645669292
20
1.0901891732283464
11
3.1594429527559056
21
1.0902210629921261
0
LINE
8
BLACK
6
CONTINUOUS
10
3.1594429527559056
20
1.0902210629921261
11
3.1592259448818898
21
1.0902424015748031
0
LINE
8
BLACK
6
CONTINUOUS
10
3.1592259448818898
20
1.0902424015748031
11
3.1591857086614175
21
1.0902590551181102
0
LINE
8
BLACK
6
CONTINUOUS
10
3.1591857086614175
20
1.0902590551181102
11
3.1590858661417323
21
1.0902738188976377
0
LINE
8
BLACK
6
CONTINUOUS
10
3.1590858661417323
20
1.0902738188976377
11
3.151586811023622
21
1.0921485826771653
0
LINE
8
BLACK
6
CONTINUOUS
10
3.151586811023622
20
1.0921485826771653
11
3.1515442913385825
21
1.0921637795275589
0
LINE
8
BLACK
6
CONTINUOUS
10
3.1515442913385825
20
1.0921637795275589
11
3.1515230314960627
21
1.0921652755905511
0
LINE
8
BLACK
6
CONTINUOUS
10
3.1515230314960627
20
1.0921652755905511
11
3.1512832677165354
21
1.0922570472440944
0
LINE
8
BLACK
6
CONTINUOUS
10
3.1512832677165354
20
1.0922570472440944
11
3.1510416929133855
21
1.092343346456693
0
LINE
8
BLACK
6
CONTINUOUS
10
3.1510416929133855
20
1.092343346456693
11
3.1510245275590552
21
1.0923560629921261
0
LINE
8
BLACK
6
CONTINUOUS
10
3.1510245275590552
20
1.0923560629921261
11
3.1509824409448819
21
1.0923721653543308
0
LINE
8
BLACK
6
CONTINUOUS
10
3.1509824409448819
20
1.0923721653543308
11
3.1472329133858268
21
1.0942469291338583
0
LINE
8
BLACK
6
CONTINUOUS
10
3.1472329133858268
20
1.0942469291338583
11
3.1469848818897637
21
1.0944030314960629
0
LINE
8
BLACK
6
CONTINUOUS
10
3.1469848818897637
20
1.0944030314960629
11
3.1469129527559057
21
1.0944328346456693
0
LINE
8
BLACK
6
CONTINUOUS
10
3.1469129527559057
20
1.0944328346456693
11
3.1468319685039368
21
1.0944993307086615
0
LINE
8
BLACK
6
CONTINUOUS
10
3.1468319685039368
20
1.0944993307086615
11
3.1467430314960629
21
1.0945552755905512
0
LINE
8
BLACK
6
CONTINUOUS
10
3.1467430314960629
20
1.0945552755905512
11
3.1466918503937009
21
1.0946142913385826
0
LINE
8
BLACK
6
CONTINUOUS
10
3.1466918503937009
20
1.0946142913385826
11
3.1464655118110234
21
1.0948000393700787
0
LINE
8
BLACK
6
CONTINUOUS
10
3.1464655118110234
20
1.0948000393700787
11
3.1445907480314959
21
1.0966748031496063
0
LINE
8
BLACK
6
CONTINUOUS
10
3.1445907480314959
20
1.0966748031496063
11
3.1444049606299211
21
1.0969011811023621
0
LINE
8
BLACK
6
CONTINUOUS
10
3.1444049606299211
20
1.0969011811023621
11
3.1443459842519683
21
1.0969523228346456
0
LINE
8
BLACK
6
CONTINUOUS
10
3.1443459842519683
20
1.0969523228346456
11
3.1442899999999998
21
1.0970412992125984
0
LINE
8
BLACK
6
CONTINUOUS
10
3.1442899999999998
20
1.0970412992125984
11
3.1442235433070866
21
1.0971222440944881
0
LINE
8
BLACK
6
CONTINUOUS
10
3.1442235433070866
20
1.0971222440944881
11
3.1441937007874015
21
1.0971942125984251
0
LINE
8
BLACK
6
CONTINUOUS
10
3.1441937007874015
20
1.0971942125984251
11
3.1440376377952757
21
1.0974422047244095
0
LINE
8
BLACK
6
CONTINUOUS
10
3.1440376377952757
20
1.0974422047244095
11
3.1421628740157481
21
1.1011917322834646
0
LINE
8
BLACK
6
CONTINUOUS
10
3.1421628740157481
20
1.1011917322834646
11
3.1419559842519686
21
1.1017323622047244
0
LINE
8
BLACK
6
CONTINUOUS
10
3.1419559842519686
20
1.1017323622047244
11
3.1419484645669291
21
1.101838188976378
0
LINE
8
BLACK
6
CONTINUOUS
10
3.1419484645669291
20
1.101838188976378
11
3.141907874015748
21
1.1019361811023622
0
LINE
8
BLACK
6
CONTINUOUS
10
3.141907874015748
20
1.1019361811023622
11
3.1418511417322832
21
1.1025122440944881
0
LINE
8
BLACK
6
CONTINUOUS
10
3.1418511417322832
20
1.1025122440944881
11
3.1418511417322832
21
1.1062617716535432
0
LINE
8
BLACK
6
CONTINUOUS
10
3.1418511417322832
20
1.1062617716535432
11
3.141907874015748
21
1.1068378346456693
0
LINE
8
BLACK
6
CONTINUOUS
10
3.141907874015748
20
1.1068378346456693
11
3.1419484645669291
21
1.1069358661417323
0
LINE
8
BLACK
6
CONTINUOUS
10
3.1419484645669291
20
1.1069358661417323
11
3.1419559842519686
21
1.107041653543307
0
LINE
8
BLACK
6
CONTINUOUS
10
3.1419559842519686
20
1.107041653543307
11
3.1421628740157481
21
1.107582283464567
0
LINE
8
BLACK
6
CONTINUOUS
10
3.1421628740157481
20
1.107582283464567
11
3.1440376377952757
21
1.1113318110236221
0
LINE
8
BLACK
6
CONTINUOUS
10
3.1440376377952757
20
1.1113318110236221
11
3.1441937007874015
21
1.111579842519685
0
LINE
8
BLACK
6
CONTINUOUS
10
3.1441937007874015
20
1.111579842519685
11
3.1442235433070866
21
1.1116517716535432
0
LINE
8
BLACK
6
CONTINUOUS
10
3.1442235433070866
20
1.1116517716535432
11
3.1442899999999998
21
1.1117327559055117
0
LINE
8
BLACK
6
CONTINUOUS
10
3.1442899999999998
20
1.1117327559055117
11
3.1443459842519683
21
1.1118216929133857
0
LINE
8
BLACK
6
CONTINUOUS
10
3.1443459842519683
20
1.1118216929133857
11
3.1444049606299211
21
1.111872874015748
0
LINE
8
BLACK
6
CONTINUOUS
10
3.1444049606299211
20
1.111872874015748
11
3.1445907480314959
21
1.1120992125984253
0
LINE
8
BLACK
6
CONTINUOUS
10
3.1445907480314959
20
1.1120992125984253
11
3.1464655118110234
21
1.1139739763779528
0
LINE
8
BLACK
6
CONTINUOUS
10
3.1464655118110234
20
1.1139739763779528
11
3.1466918503937009
21
1.1141597637795275
0
LINE
8
BLACK
6
CONTINUOUS
10
3.1466918503937009
20
1.1141597637795275
11
3.1467430314960629
21
1.1142187401574803
0
LINE
8
BLACK
6
CONTINUOUS
10
3.1467430314960629
20
1.1142187401574803
11
3.1468319685039368
21
1.1142747244094489
0
LINE
8
BLACK
6
CONTINUOUS
10
3.1468319685039368
20
1.1142747244094489
11
3.1469129527559057
21
1.1143411811023622
0
LINE
8
BLACK
6
CONTINUOUS
10
3.1469129527559057
20
1.1143411811023622
11
3.1469848818897637
21
1.1143710236220472
0
LINE
8
BLACK
6
CONTINUOUS
10
3.1469848818897637
20
1.1143710236220472
11
3.1472329133858268
21
1.1145270866141732
0
LINE
8
BLACK
6
CONTINUOUS
10
3.1472329133858268
20
1.1145270866141732
11
3.1509824409448819
21
1.1164018503937008
0
LINE
8
BLACK
6
CONTINUOUS
10
3.1509824409448819
20
1.1164018503937008
11
3.1510245275590552
21
1.1164179921259842
0
LINE
8
BLACK
6
CONTINUOUS
10
3.1510245275590552
20
1.1164179921259842
11
3.1510416929133855
21
1.1164306692913386
0
LINE
8
BLACK
6
CONTINUOUS
10
3.1510416929133855
20
1.1164306692913386
11
3.1512832677165354
21
1.1165170078740156
0
LINE
8
BLACK
6
CONTINUOUS
10
3.1512832677165354
20
1.1165170078740156
11
3.1515230314960627
21
1.1166087401574802
0
LINE
8
BLACK
6
CONTINUOUS
10
3.1515230314960627
20
1.1166087401574802
11
3.1515442913385825
21
1.1166102755905511
0
LINE
8
BLACK
6
CONTINUOUS
10
3.1515442913385825
20
1.1166102755905511
11
3.151586811023622
21
1.116625433070866
0
LINE
8
BLACK
6
CONTINUOUS
10
3.151586811023622
20
1.116625433070866
11
3.1590858661417323
21
1.1185001968503936
0
LINE
8
BLACK
6
CONTINUOUS
10
3.1590858661417323
20
1.1185001968503936
11
3.1591857086614175
21
1.1185149999999999
0
LINE
8
BLACK
6
CONTINUOUS
10
3.1591857086614175
20
1.1185149999999999
11
3.1592259448818898
21
1.1185316141732282
0
LINE
8
BLACK
6
CONTINUOUS
10
3.1592259448818898
20
1.1185316141732282
11
3.1594429527559056
21
1.1185529921259842
0
LINE
8
BLACK
6
CONTINUOUS
10
3.1594429527559056
20
1.1185529921259842
11
3.1596584645669292
21
1.1185848425196849
0
LINE
8
BLACK
6
CONTINUOUS
10
3.1596584645669292
20
1.1185848425196849
11
3.1597014566929134
21
1.118578464566929
0
LINE
8
BLACK
6
CONTINUOUS
10
3.1597014566929134
20
1.118578464566929
11
3.1598020078740157
21
1.1185883464566928
0
LINE
8
BLACK
6
CONTINUOUS
10
3.1598020078740157
20
1.1185883464566928
11
3.1691758267716534
21
1.1185883464566928
0
LINE
8
BLACK
6
CONTINUOUS
10
3.1691758267716534
20
1.1185883464566928
11
3.169276338582677
21
1.118578464566929
0
LINE
8
BLACK
6
CONTINUOUS
10
3.1533335039370076
20
1.110974842519685
11
3.1503025196850394
21
1.1094593307086613
0
LINE
8
BLACK
6
CONTINUOUS
10
3.1503025196850394
20
1.1094593307086613
11
3.1491053937007871
21
1.1082622047244095
0
LINE
8
BLACK
6
CONTINUOUS
10
3.1491053937007871
20
1.1082622047244095
11
3.1477566535433068
21
1.1055647244094489
0
LINE
8
BLACK
6
CONTINUOUS
10
3.1477566535433068
20
1.1055647244094489
11
3.1477566535433068
21
1.1032092913385827
0
LINE
8
BLACK
6
CONTINUOUS
10
3.1477566535433068
20
1.1032092913385827
11
3.1491053937007871
21
1.1005118110236221
0
LINE
8
BLACK
6
CONTINUOUS
10
3.1491053937007871
20
1.1005118110236221
11
3.1503025196850394
21
1.09931468503937
0
LINE
8
BLACK
6
CONTINUOUS
10
3.1503025196850394
20
1.09931468503937
11
3.1533335039370076
21
1.0977992125984253
0
LINE
8
BLACK
6
CONTINUOUS
10
3.1533335039370076
20
1.0977992125984253
11
3.1601655511811022
21
1.0960911811023621
0
LINE
8
BLACK
6
CONTINUOUS
10
3.1601655511811022
20
1.0960911811023621
11
3.1688122834645669
21
1.0960911811023621
0
LINE
8
BLACK
6
CONTINUOUS
10
3.1688122834645669
20
1.0960911811023621
11
3.1756443307086615
21
1.0977992125984253
0
LINE
8
BLACK
6
CONTINUOUS
10
3.1756443307086615
20
1.0977992125984253
11
3.1786753149606297
21
1.0993147244094488
0
LINE
8
BLACK
6
CONTINUOUS
10
3.1786753149606297
20
1.0993147244094488
11
3.1798724803149607
21
1.1005118503937008
0
LINE
8
BLACK
6
CONTINUOUS
10
3.1798724803149607
20
1.1005118503937008
11
3.181221220472441
21
1.1032092913385827
0
LINE
8
BLACK
6
CONTINUOUS
10
3.181221220472441
20
1.1032092913385827
11
3.181221220472441
21
1.1055647244094489
0
LINE
8
BLACK
6
CONTINUOUS
10
3.181221220472441
20
1.1055647244094489
11
3.1798724803149607
21
1.1082622047244095
0
LINE
8
BLACK
6
CONTINUOUS
10
3.1798724803149607
20
1.1082622047244095
11
3.1786753149606297
21
1.1094593307086613
0
LINE
8
BLACK
6
CONTINUOUS
10
3.1786753149606297
20
1.1094593307086613
11
3.1756443307086615
21
1.110974842519685
0
LINE
8
BLACK
6
CONTINUOUS
10
3.1756443307086615
20
1.110974842519685
11
3.1688122834645669
21
1.1126828346456692
0
LINE
8
BLACK
6
CONTINUOUS
10
3.1688122834645669
20
1.1126828346456692
11
3.1601655511811022
21
1.1126828346456692
0
LINE
8
BLACK
6
CONTINUOUS
10
3.1601655511811022
20
1.1126828346456692
11
3.1533335039370076
21
1.110974842519685
0
LINE
8
BLACK
6
CONTINUOUS
10
1.9603473228346455
20
1.1500947637795276
11
1.9604453149606298
21
1.1500541732283465
0
LINE
8
BLACK
6
CONTINUOUS
10
1.9604453149606298
20
1.1500541732283465
11
1.9605511417322834
21
1.1500466535433072
0
LINE
8
BLACK
6
CONTINUOUS
10
1.9605511417322834
20
1.1500466535433072
11
1.9610917716535432
21
1.1498397637795275
0
LINE
8
BLACK
6
CONTINUOUS
10
1.9610917716535432
20
1.1498397637795275
11
1.9617413779527559
21
1.1495149606299213
0
LINE
8
BLACK
6
CONTINUOUS
10
1.9617413779527559
20
1.1495149606299213
11
1.9618803149606299
21
1.1496538582677165
0
LINE
8
BLACK
6
CONTINUOUS
10
1.9618803149606299
20
1.1496538582677165
11
1.9629447244094487
21
1.1500947637795276
0
LINE
8
BLACK
6
CONTINUOUS
10
1.9629447244094487
20
1.1500947637795276
11
1.9640968503937006
21
1.1500947637795276
0
LINE
8
BLACK
6
CONTINUOUS
10
1.9640968503937006
20
1.1500947637795276
11
1.9651612598425197
21
1.1496538582677165
0
LINE
8
BLACK
6
CONTINUOUS
10
1.9651612598425197
20
1.1496538582677165
11
1.9659759055118109
21
1.1488392125984253
0
LINE
8
BLACK
6
CONTINUOUS
10
1.9659759055118109
20
1.1488392125984253
11
1.966416811023622
21
1.1477748031496062
0
LINE
8
BLACK
6
CONTINUOUS
10
1.966416811023622
20
1.1477748031496062
11
1.9664735433070866
21
1.1471987401574804
0
LINE
8
BLACK
6
CONTINUOUS
10
1.9664735433070866
20
1.1471987401574804
11
1.9664735433070866
21
1.1153277165354329
0
LINE
8
BLACK
6
CONTINUOUS
10
1.9664735433070866
20
1.1153277165354329
11
1.966416811023622
21
1.1147516535433071
0
LINE
8
BLACK
6
CONTINUOUS
10
1.966416811023622
20
1.1147516535433071
11
1.9663762204724409
21
1.1146537007874016
0
LINE
8
BLACK
6
CONTINUOUS
10
1.9663762204724409
20
1.1146537007874016
11
1.9663687007874016
21
1.1145477952755904
0
LINE
8
BLACK
6
CONTINUOUS
10
1.9663687007874016
20
1.1145477952755904
11
1.9661618110236221
21
1.1140072047244094
0
LINE
8
BLACK
6
CONTINUOUS
10
1.9661618110236221
20
1.1140072047244094
11
1.9642870472440945
21
1.1102576771653543
0
LINE
8
BLACK
6
CONTINUOUS
10
1.9642870472440945
20
1.1102576771653543
11
1.9641309448818898
21
1.1100096850393701
0
LINE
8
BLACK
6
CONTINUOUS
10
1.9641309448818898
20
1.1100096850393701
11
1.9641011417322833
21
1.1099377165354329
0
LINE
8
BLACK
6
CONTINUOUS
10
1.9641011417322833
20
1.1099377165354329
11
1.9640346456692912
21
1.1098567716535432
0
LINE
8
BLACK
6
CONTINUOUS
10
1.9640346456692912
20
1.1098567716535432
11
1.9639787007874014
21
1.1097677952755904
0
LINE
8
BLACK
6
CONTINUOUS
10
1.9639787007874014
20
1.1097677952755904
11
1.9639196850393701
21
1.109716653543307
0
LINE
8
BLACK
6
CONTINUOUS
10
1.9639196850393701
20
1.109716653543307
11
1.9637339370078739
21
1.1094902755905511
0
LINE
8
BLACK
6
CONTINUOUS
10
1.9637339370078739
20
1.1094902755905511
11
1.9618591732283464
21
1.1076155118110236
0
LINE
8
BLACK
6
CONTINUOUS
10
1.9618591732283464
20
1.1076155118110236
11
1.9616327952755905
21
1.1074297637795276
0
LINE
8
BLACK
6
CONTINUOUS
10
1.9616327952755905
20
1.1074297637795276
11
1.961581653543307
21
1.107370748031496
0
LINE
8
BLACK
6
CONTINUOUS
10
1.961581653543307
20
1.107370748031496
11
1.9614926771653542
21
1.1073148031496063
0
LINE
8
BLACK
6
CONTINUOUS
10
1.9614926771653542
20
1.1073148031496063
11
1.9614117322834645
21
1.1072483070866141
0
LINE
8
BLACK
6
CONTINUOUS
10
1.9614117322834645
20
1.1072483070866141
11
1.9613397637795276
21
1.1072185039370079
0
LINE
8
BLACK
6
CONTINUOUS
10
1.9613397637795276
20
1.1072185039370079
11
1.9610917716535432
21
1.1070624015748032
0
LINE
8
BLACK
6
CONTINUOUS
10
1.9610917716535432
20
1.1070624015748032
11
1.9573422440944881
21
1.1051876377952756
0
LINE
8
BLACK
6
CONTINUOUS
10
1.9573422440944881
20
1.1051876377952756
11
1.9568016141732283
21
1.1049807480314959
0
LINE
8
BLACK
6
CONTINUOUS
10
1.9568016141732283
20
1.1049807480314959
11
1.9566957874015747
21
1.1049732677165354
0
LINE
8
BLACK
6
CONTINUOUS
10
1.9566957874015747
20
1.1049732677165354
11
1.9565977952755904
21
1.1049326377952755
0
LINE
8
BLACK
6
CONTINUOUS
10
1.9565977952755904
20
1.1049326377952755
11
1.9560217322834645
21
1.1048759055118109
0
LINE
8
BLACK
6
CONTINUOUS
10
1.9560217322834645
20
1.1048759055118109
11
1.9503974409448819
21
1.1048759055118109
0
LINE
8
BLACK
6
CONTINUOUS
10
1.9503974409448819
20
1.1048759055118109
11
1.9498213779527558
21
1.1049326377952755
0
LINE
8
BLACK
6
CONTINUOUS
10
1.9498213779527558
20
1.1049326377952755
11
1.9497233858267715
21
1.1049732283464566
0
LINE
8
BLACK
6
CONTINUOUS
10
1.9497233858267715
20
1.1049732283464566
11
1.9496175196850394
21
1.1049807480314959
0
LINE
8
BLACK
6
CONTINUOUS
10
1.9496175196850394
20
1.1049807480314959
11
1.9490769291338583
21
1.1051876377952756
0
LINE
8
BLACK
6
CONTINUOUS
10
1.9490769291338583
20
1.1051876377952756
11
1.945327401574803
21
1.1070624015748032
0
LINE
8
BLACK
6
CONTINUOUS
10
1.945327401574803
20
1.1070624015748032
11
1.9448375196850394
21
1.107370748031496
0
LINE
8
BLACK
6
CONTINUOUS
10
1.9448375196850394
20
1.107370748031496
11
1.9440826771653543
21
1.1082411417322835
0
LINE
8
BLACK
6
CONTINUOUS
10
1.9440826771653543
20
1.1082411417322835
11
1.9437183464566929
21
1.1093340944881889
0
LINE
8
BLACK
6
CONTINUOUS
10
1.9437183464566929
20
1.1093340944881889
11
1.9438
21
1.1104833070866142
0
LINE
8
BLACK
6
CONTINUOUS
10
1.9438
20
1.1104833070866142
11
1.9443152362204723
21
1.1115138188976377
0
LINE
8
BLACK
6
CONTINUOUS
10
1.9443152362204723
20
1.1115138188976377
11
1.9451856299212598
21
1.1122686614173227
0
LINE
8
BLACK
6
CONTINUOUS
10
1.9451856299212598
20
1.1122686614173227
11
1.9462785826771654
21
1.1126329921259843
0
LINE
8
BLACK
6
CONTINUOUS
10
1.9462785826771654
20
1.1126329921259843
11
1.9474277952755905
21
1.1125513385826771
0
LINE
8
BLACK
6
CONTINUOUS
10
1.9474277952755905
20
1.1125513385826771
11
1.9479684251968503
21
1.1123444488188976
0
LINE
8
BLACK
6
CONTINUOUS
10
1.9479684251968503
20
1.1123444488188976
11
1.9510944881889762
21
1.1107814173228345
0
LINE
8
BLACK
6
CONTINUOUS
10
1.9510944881889762
20
1.1107814173228345
11
1.95532468503937
21
1.1107814173228345
0
LINE
8
BLACK
6
CONTINUOUS
10
1.95532468503937
20
1.1107814173228345
11
1.9580221653543306
21
1.1121301574803149
0
LINE
8
BLACK
6
CONTINUOUS
10
1.9580221653543306
20
1.1121301574803149
11
1.9592192913385826
21
1.1133272834645669
0
LINE
8
BLACK
6
CONTINUOUS
10
1.9592192913385826
20
1.1133272834645669
11
1.960568031496063
21
1.1160247637795275
0
LINE
8
BLACK
6
CONTINUOUS
10
1.960568031496063
20
1.1160247637795275
11
1.960568031496063
21
1.118110590551181
0
LINE
8
BLACK
6
CONTINUOUS
10
1.960568031496063
20
1.118110590551181
11
1.9605511417322834
21
1.118104094488189
0
LINE
8
BLACK
6
CONTINUOUS
10
1.9605511417322834
20
1.118104094488189
11
1.9604453149606298
21
1.1180966141732283
0
LINE
8
BLACK
6
CONTINUOUS
10
1.9604453149606298
20
1.1180966141732283
11
1.9603473228346455
21
1.1180559842519684
0
LINE
8
BLACK
6
CONTINUOUS
10
1.9603473228346455
20
1.1180559842519684
11
1.9597712598425197
21
1.1179992519685038
0
LINE
8
BLACK
6
CONTINUOUS
10
1.9597712598425197
20
1.1179992519685038
11
1.9522722047244094
21
1.1179992519685038
0
LINE
8
BLACK
6
CONTINUOUS
10
1.9522722047244094
20
1.1179992519685038
11
1.9516961417322833
21
1.1180559842519684
0
LINE
8
BLACK
6
CONTINUOUS
10
1.9516961417322833
20
1.1180559842519684
11
1.9515981496062991
21
1.1180965748031495
0
LINE
8
BLACK
6
CONTINUOUS
10
1.9515981496062991
20
1.1180965748031495
11
1.9514922834645669
21
1.118104094488189
0
LINE
8
BLACK
6
CONTINUOUS
10
1.9514922834645669
20
1.118104094488189
11
1.9509516929133859
21
1.1183109842519685
0
LINE
8
BLACK
6
CONTINUOUS
10
1.9509516929133859
20
1.1183109842519685
11
1.9472021653543308
21
1.1201857480314961
0
LINE
8
BLACK
6
CONTINUOUS
10
1.9472021653543308
20
1.1201857480314961
11
1.9469541338582677
21
1.1203418503937008
0
LINE
8
BLACK
6
CONTINUOUS
10
1.9469541338582677
20
1.1203418503937008
11
1.9468822047244094
21
1.120371653543307
0
LINE
8
BLACK
6
CONTINUOUS
10
1.9468822047244094
20
1.120371653543307
11
1.946801220472441
21
1.1204381102362204
0
LINE
8
BLACK
6
CONTINUOUS
10
1.946801220472441
20
1.1204381102362204
11
1.9467122834645669
21
1.1204940944881889
0
LINE
8
BLACK
6
CONTINUOUS
10
1.9467122834645669
20
1.1204940944881889
11
1.9466610629921259
21
1.1205531496062993
0
LINE
8
BLACK
6
CONTINUOUS
10
1.9466610629921259
20
1.1205531496062993
11
1.9464347244094489
21
1.1207388976377952
0
LINE
8
BLACK
6
CONTINUOUS
10
1.9464347244094489
20
1.1207388976377952
11
1.9445599606299213
21
1.1226137007874015
0
LINE
8
BLACK
6
CONTINUOUS
10
1.9445599606299213
20
1.1226137007874015
11
1.9443742125984251
21
1.1228400393700788
0
LINE
8
BLACK
6
CONTINUOUS
10
1.9443742125984251
20
1.1228400393700788
11
1.9443152362204723
21
1.1228911811023621
0
LINE
8
BLACK
6
CONTINUOUS
10
1.9443152362204723
20
1.1228911811023621
11
1.9442592519685038
21
1.1229801181102361
0
LINE
8
BLACK
6
CONTINUOUS
10
1.9442592519685038
20
1.1229801181102361
11
1.9441927559055117
21
1.1230611417322833
0
LINE
8
BLACK
6
CONTINUOUS
10
1.9441927559055117
20
1.1230611417322833
11
1.9441629133858267
21
1.1231331889763778
0
LINE
8
BLACK
6
CONTINUOUS
10
1.9441629133858267
20
1.1231331889763778
11
1.9440068897637794
21
1.1233810629921259
0
LINE
8
BLACK
6
CONTINUOUS
10
1.9440068897637794
20
1.1233810629921259
11
1.9421321259842519
21
1.127130590551181
0
LINE
8
BLACK
6
CONTINUOUS
10
1.9421321259842519
20
1.127130590551181
11
1.9419252362204724
21
1.1276712204724408
0
LINE
8
BLACK
6
CONTINUOUS
10
1.9419252362204724
20
1.1276712204724408
11
1.9419177165354331
21
1.1277770472440944
0
LINE
8
BLACK
6
CONTINUOUS
10
1.9419177165354331
20
1.1277770472440944
11
1.941877125984252
21
1.1278750393700787
0
LINE
8
BLACK
6
CONTINUOUS
10
1.941877125984252
20
1.1278750393700787
11
1.9418203937007874
21
1.1284511023622048
0
LINE
8
BLACK
6
CONTINUOUS
10
1.9418203937007874
20
1.1284511023622048
11
1.9418203937007874
21
1.1396996850393701
0
LINE
8
BLACK
6
CONTINUOUS
10
1.9418203937007874
20
1.1396996850393701
11
1.941877125984252
21
1.140275748031496
0
LINE
8
BLACK
6
CONTINUOUS
10
1.941877125984252
20
1.140275748031496
11
1.9419177165354331
21
1.140373779527559
0
LINE
8
BLACK
6
CONTINUOUS
10
1.9419177165354331
20
1.140373779527559
11
1.9419252362204724
21
1.1404795669291339
0
LINE
8
BLACK
6
CONTINUOUS
10
1.9419252362204724
20
1.1404795669291339
11
1.9421321259842519
21
1.1410201968503937
0
LINE
8
BLACK
6
CONTINUOUS
10
1.9421321259842519
20
1.1410201968503937
11
1.9440068897637794
21
1.1447697244094488
0
LINE
8
BLACK
6
CONTINUOUS
10
1.9440068897637794
20
1.1447697244094488
11
1.9441629527559054
21
1.1450177559055117
0
LINE
8
BLACK
6
CONTINUOUS
10
1.9441629527559054
20
1.1450177559055117
11
1.9441927952755904
21
1.1450896850393701
0
LINE
8
BLACK
6
CONTINUOUS
10
1.9441927952755904
20
1.1450896850393701
11
1.9442592519685038
21
1.1451706692913386
0
LINE
8
BLACK
6
CONTINUOUS
10
1.9442592519685038
20
1.1451706692913386
11
1.9443152362204723
21
1.1452596062992126
0
LINE
8
BLACK
6
CONTINUOUS
10
1.9443152362204723
20
1.1452596062992126
11
1.9443742125984251
21
1.1453107874015749
0
LINE
8
BLACK
6
CONTINUOUS
10
1.9443742125984251
20
1.1453107874015749
11
1.9445600000000001
21
1.1455371259842519
0
LINE
8
BLACK
6
CONTINUOUS
10
1.9445600000000001
20
1.1455371259842519
11
1.9464347637795276
21
1.1474118897637795
0
LINE
8
BLACK
6
CONTINUOUS
10
1.9464347637795276
20
1.1474118897637795
11
1.9466611023622047
21
1.1475976771653542
0
LINE
8
BLACK
6
CONTINUOUS
10
1.9466611023622047
20
1.1475976771653542
11
1.9467122834645669
21
1.147656653543307
0
LINE
8
BLACK
6
CONTINUOUS
10
1.9467122834645669
20
1.147656653543307
11
1.946801220472441
21
1.1477126377952755
0
LINE
8
BLACK
6
CONTINUOUS
10
1.946801220472441
20
1.1477126377952755
11
1.9468822047244094
21
1.1477790944881889
0
LINE
8
BLACK
6
CONTINUOUS
10
1.9468822047244094
20
1.1477790944881889
11
1.9469541338582677
21
1.1478089370078739
0
LINE
8
BLACK
6
CONTINUOUS
10
1.9469541338582677
20
1.1478089370078739
11
1.9472021653543308
21
1.1479649999999999
0
LINE
8
BLACK
6
CONTINUOUS
10
1.9472021653543308
20
1.1479649999999999
11
1.9509516929133859
21
1.1498397637795275
0
LINE
8
BLACK
6
CONTINUOUS
10
1.9509516929133859
20
1.1498397637795275
11
1.9514922834645669
21
1.1500466535433072
0
LINE
8
BLACK
6
CONTINUOUS
10
1.9514922834645669
20
1.1500466535433072
11
1.9515981496062991
21
1.1500542125984252
0
LINE
8
BLACK
6
CONTINUOUS
10
1.9515981496062991
20
1.1500542125984252
11
1.9516961417322833
21
1.1500947637795276
0
LINE
8
BLACK
6
CONTINUOUS
10
1.9516961417322833
20
1.1500947637795276
11
1.9522722047244094
21
1.1501514960629922
0
LINE
8
BLACK
6
CONTINUOUS
10
1.9522722047244094
20
1.1501514960629922
11
1.9597712598425197
21
1.1501514960629922
0
LINE
8
BLACK
6
CONTINUOUS
10
1.9597712598425197
20
1.1501514960629922
11
1.9603473228346455
21
1.1500947637795276
0
LINE
8
BLACK
6
CONTINUOUS
10
1.9502717716535434
20
1.1428972440944882
11
1.9490746456692913
21
1.1417001181102362
0
LINE
8
BLACK
6
CONTINUOUS
10
1.9490746456692913
20
1.1417001181102362
11
1.947725905511811
21
1.1390026377952756
0
LINE
8
BLACK
6
CONTINUOUS
10
1.947725905511811
20
1.1390026377952756
11
1.947725905511811
21
1.1291481496062992
0
LINE
8
BLACK
6
CONTINUOUS
10
1.947725905511811
20
1.1291481496062992
11
1.9490746456692913
21
1.1264506692913385
0
LINE
8
BLACK
6
CONTINUOUS
10
1.9490746456692913
20
1.1264506692913385
11
1.9502717716535434
21
1.1252535039370077
0
LINE
8
BLACK
6
CONTINUOUS
10
1.9502717716535434
20
1.1252535039370077
11
1.9529692519685038
21
1.1239047637795276
0
LINE
8
BLACK
6
CONTINUOUS
10
1.9529692519685038
20
1.1239047637795276
11
1.9590742125984251
21
1.1239047637795276
0
LINE
8
BLACK
6
CONTINUOUS
10
1.9590742125984251
20
1.1239047637795276
11
1.960568031496063
21
1.1246516929133858
0
LINE
8
BLACK
6
CONTINUOUS
10
1.960568031496063
20
1.1246516929133858
11
1.960568031496063
21
1.1434990944881889
0
LINE
8
BLACK
6
CONTINUOUS
10
1.960568031496063
20
1.1434990944881889
11
1.9590742125984251
21
1.1442459842519686
0
LINE
8
BLACK
6
CONTINUOUS
10
1.9590742125984251
20
1.1442459842519686
11
1.9529692519685038
21
1.1442459842519686
0
LINE
8
BLACK
6
CONTINUOUS
10
1.9529692519685038
20
1.1442459842519686
11
1.9502717716535434
21
1.1428972440944882
0
LINE
8
BLACK
6
CONTINUOUS
10
0.0309396062992126
20
1.1180907874015749
11
0.0309396850393701
21
1.1180907480314961
0
LINE
8
BLACK
6
CONTINUOUS
10
0.0309396850393701
20
1.1180907480314961
11
0.031387125984252
21
1.1177235433070867
0
LINE
8
BLACK
6
CONTINUOUS
10
0.031387125984252
20
1.1177235433070867
11
0.0332618897637795
21
1.1158487795275591
0
LINE
8
BLACK
6
CONTINUOUS
10
0.0332618897637795
20
1.1158487795275591
11
0.033629094488189
21
1.1154013385826771
0
LINE
8
BLACK
6
CONTINUOUS
10
0.033629094488189
20
1.1154013385826771
11
0.0337706692913386
21
1.1150595669291339
0
LINE
8
BLACK
6
CONTINUOUS
10
0.0337706692913386
20
1.1150595669291339
11
0.03407
21
1.1143368897637795
0
LINE
8
BLACK
6
CONTINUOUS
10
0.03407
20
1.1143368897637795
11
0.03407
21
1.1131848031496063
0
LINE
8
BLACK
6
CONTINUOUS
10
0.03407
20
1.1131848031496063
11
0.033629094488189
21
1.1121203937007873
0
LINE
8
BLACK
6
CONTINUOUS
10
0.033629094488189
20
1.1121203937007873
11
0.0332618897637795
21
1.1116729527559055
0
LINE
8
BLACK
6
CONTINUOUS
10
0.0332618897637795
20
1.1116729527559055
11
0.031387125984252
21
1.1097981889763779
0
LINE
8
BLACK
6
CONTINUOUS
10
0.031387125984252
20
1.1097981889763779
11
0.0309396850393701
21
1.1094309842519685
0
LINE
8
BLACK
6
CONTINUOUS
10
0.0309396850393701
20
1.1094309842519685
11
0.0298752755905512
21
1.1089900787401574
0
LINE
8
BLACK
6
CONTINUOUS
10
0.0298752755905512
20
1.1089900787401574
11
0.028723188976378
21
1.1089900787401574
0
LINE
8
BLACK
6
CONTINUOUS
10
0.028723188976378
20
1.1089900787401574
11
0.0276587795275591
21
1.1094309448818898
0
LINE
8
BLACK
6
CONTINUOUS
10
0.0276587795275591
20
1.1094309448818898
11
0.0272112992125984
21
1.1097981889763779
0
LINE
8
BLACK
6
CONTINUOUS
10
0.0272112992125984
20
1.1097981889763779
11
0.0253365354330709
21
1.1116729133858267
0
LINE
8
BLACK
6
CONTINUOUS
10
0.0253365354330709
20
1.1116729133858267
11
0.0249692913385827
21
1.1121203937007873
0
LINE
8
BLACK
6
CONTINUOUS
10
0.0249692913385827
20
1.1121203937007873
11
0.0249692519685039
21
1.1121204330708661
0
LINE
8
BLACK
6
CONTINUOUS
10
0.0249692519685039
20
1.1121204330708661
11
0.0245283858267717
21
1.1131848425196851
0
LINE
8
BLACK
6
CONTINUOUS
10
0.0245283858267717
20
1.1131848425196851
11
0.0245283858267717
21
1.1143369291338583
0
LINE
8
BLACK
6
CONTINUOUS
10
0.0245283858267717
20
1.1143369291338583
11
0.0248277165354331
21
1.1150595669291339
0
LINE
8
BLACK
6
CONTINUOUS
10
0.0248277165354331
20
1.1150595669291339
11
0.0249692519685039
21
1.1154012992125983
0
LINE
8
BLACK
6
CONTINUOUS
10
0.0249692519685039
20
1.1154012992125983
11
0.0249692913385827
21
1.1154013385826771
0
LINE
8
BLACK
6
CONTINUOUS
10
0.0249692913385827
20
1.1154013385826771
11
0.0253365354330709
21
1.1158488188976379
0
LINE
8
BLACK
6
CONTINUOUS
10
0.0253365354330709
20
1.1158488188976379
11
0.0272112992125984
21
1.1177235433070867
0
LINE
8
BLACK
6
CONTINUOUS
10
0.0272112992125984
20
1.1177235433070867
11
0.0276587795275591
21
1.1180907874015749
0
LINE
8
BLACK
6
CONTINUOUS
10
0.0276587795275591
20
1.1180907874015749
11
0.028723188976378
21
1.118531653543307
0
LINE
8
BLACK
6
CONTINUOUS
10
0.028723188976378
20
1.118531653543307
11
0.0298752755905512
21
1.118531653543307
0
LINE
8
BLACK
6
CONTINUOUS
10
0.0298752755905512
20
1.118531653543307
11
0.0309396062992126
21
1.1180907874015749
0
LINE
8
BLACK
6
CONTINUOUS
10
1.4972801968503937
20
1.1500947637795276
11
1.497378188976378
21
1.1500541732283465
0
LINE
8
BLACK
6
CONTINUOUS
10
1.497378188976378
20
1.1500541732283465
11
1.4974840157480314
21
1.1500466535433072
0
LINE
8
BLACK
6
CONTINUOUS
10
1.4974840157480314
20
1.1500466535433072
11
1.4980246456692914
21
1.1498397637795275
0
LINE
8
BLACK
6
CONTINUOUS
10
1.4980246456692914
20
1.1498397637795275
11
1.5017741732283465
21
1.1479649999999999
0
LINE
8
BLACK
6
CONTINUOUS
10
1.5017741732283465
20
1.1479649999999999
11
1.5018705118110236
21
1.1479043700787401
0
LINE
8
BLACK
6
CONTINUOUS
10
1.5018705118110236
20
1.1479043700787401
11
1.5019159448818897
21
1.1478892125984252
0
LINE
8
BLACK
6
CONTINUOUS
10
1.5019159448818897
20
1.1478892125984252
11
1.5019724803149606
21
1.1478401968503937
0
LINE
8
BLACK
6
CONTINUOUS
10
1.5019724803149606
20
1.1478401968503937
11
1.5022640551181101
21
1.147656653543307
0
LINE
8
BLACK
6
CONTINUOUS
10
1.5022640551181101
20
1.147656653543307
11
1.5025066141732284
21
1.147376968503937
0
LINE
8
BLACK
6
CONTINUOUS
10
1.5025066141732284
20
1.147376968503937
11
1.5027863385826772
21
1.1471343700787402
0
LINE
8
BLACK
6
CONTINUOUS
10
1.5027863385826772
20
1.1471343700787402
11
1.5029698425196849
21
1.1468428346456692
0
LINE
8
BLACK
6
CONTINUOUS
10
1.5029698425196849
20
1.1468428346456692
11
1.5030188976377952
21
1.1467862598425196
0
LINE
8
BLACK
6
CONTINUOUS
10
1.5030188976377952
20
1.1467862598425196
11
1.5030340157480315
21
1.1467408661417322
0
LINE
8
BLACK
6
CONTINUOUS
10
1.5030340157480315
20
1.1467408661417322
11
1.50309468503937
21
1.1466444881889764
0
LINE
8
BLACK
6
CONTINUOUS
10
1.50309468503937
20
1.1466444881889764
11
1.5049694488188976
21
1.1428949606299212
0
LINE
8
BLACK
6
CONTINUOUS
10
1.5049694488188976
20
1.1428949606299212
11
1.5051763385826771
21
1.1423543700787402
0
LINE
8
BLACK
6
CONTINUOUS
10
1.5051763385826771
20
1.1423543700787402
11
1.5051838582677164
21
1.1422485039370078
0
LINE
8
BLACK
6
CONTINUOUS
10
1.5051838582677164
20
1.1422485039370078
11
1.5052244488188975
21
1.1421505118110236
0
LINE
8
BLACK
6
CONTINUOUS
10
1.5052244488188975
20
1.1421505118110236
11
1.5052811811023621
21
1.1415744488188977
0
LINE
8
BLACK
6
CONTINUOUS
10
1.5052811811023621
20
1.1415744488188977
11
1.5052811811023621
21
1.1209520078740158
0
LINE
8
BLACK
6
CONTINUOUS
10
1.5052811811023621
20
1.1209520078740158
11
1.5052244488188975
21
1.1203759448818897
0
LINE
8
BLACK
6
CONTINUOUS
10
1.5052244488188975
20
1.1203759448818897
11
1.5047835433070866
21
1.1193115354330709
0
LINE
8
BLACK
6
CONTINUOUS
10
1.5047835433070866
20
1.1193115354330709
11
1.5039688976377952
21
1.1184968897637795
0
LINE
8
BLACK
6
CONTINUOUS
10
1.5039688976377952
20
1.1184968897637795
11
1.5029044881889764
21
1.1180559842519684
0
LINE
8
BLACK
6
CONTINUOUS
10
1.5029044881889764
20
1.1180559842519684
11
1.5017523622047244
21
1.1180559842519684
0
LINE
8
BLACK
6
CONTINUOUS
10
1.5017523622047244
20
1.1180559842519684
11
1.5006879527559054
21
1.1184968897637795
0
LINE
8
BLACK
6
CONTINUOUS
10
1.5006879527559054
20
1.1184968897637795
11
1.5005490157480315
21
1.1186358267716534
0
LINE
8
BLACK
6
CONTINUOUS
10
1.5005490157480315
20
1.1186358267716534
11
1.4998994094488189
21
1.1183109842519685
0
LINE
8
BLACK
6
CONTINUOUS
10
1.4998994094488189
20
1.1183109842519685
11
1.4993587795275589
21
1.118104094488189
0
LINE
8
BLACK
6
CONTINUOUS
10
1.4993587795275589
20
1.118104094488189
11
1.4992529527559055
21
1.1180966141732283
0
LINE
8
BLACK
6
CONTINUOUS
10
1.4992529527559055
20
1.1180966141732283
11
1.4991549606299213
21
1.1180559842519684
0
LINE
8
BLACK
6
CONTINUOUS
10
1.4991549606299213
20
1.1180559842519684
11
1.4985788976377952
21
1.1179992519685038
0
LINE
8
BLACK
6
CONTINUOUS
10
1.4985788976377952
20
1.1179992519685038
11
1.4892050787401574
21
1.1179992519685038
0
LINE
8
BLACK
6
CONTINUOUS
10
1.4892050787401574
20
1.1179992519685038
11
1.4886290157480315
21
1.1180559842519684
0
LINE
8
BLACK
6
CONTINUOUS
10
1.4886290157480315
20
1.1180559842519684
11
1.4885310236220473
21
1.1180965748031495
0
LINE
8
BLACK
6
CONTINUOUS
10
1.4885310236220473
20
1.1180965748031495
11
1.4884251574803149
21
1.118104094488189
0
LINE
8
BLACK
6
CONTINUOUS
10
1.4884251574803149
20
1.118104094488189
11
1.4878845669291338
21
1.1183109842519685
0
LINE
8
BLACK
6
CONTINUOUS
10
1.4878845669291338
20
1.1183109842519685
11
1.4841350393700787
21
1.1201857480314961
0
LINE
8
BLACK
6
CONTINUOUS
10
1.4841350393700787
20
1.1201857480314961
11
1.4840386614173229
21
1.1202464173228346
0
LINE
8
BLACK
6
CONTINUOUS
10
1.4840386614173229
20
1.1202464173228346
11
1.4839932677165355
21
1.1202615354330709
0
LINE
8
BLACK
6
CONTINUOUS
10
1.4839932677165355
20
1.1202615354330709
11
1.4839366929133857
21
1.120310590551181
0
LINE
8
BLACK
6
CONTINUOUS
10
1.4839366929133857
20
1.120310590551181
11
1.4836451574803149
21
1.1204940944881889
0
LINE
8
BLACK
6
CONTINUOUS
10
1.4836451574803149
20
1.1204940944881889
11
1.4834024803149606
21
1.120773937007874
0
LINE
8
BLACK
6
CONTINUOUS
10
1.4834024803149606
20
1.120773937007874
11
1.483122874015748
21
1.1210164173228345
0
LINE
8
BLACK
6
CONTINUOUS
10
1.483122874015748
20
1.1210164173228345
11
1.4829393700787401
21
1.1213079133858268
0
LINE
8
BLACK
6
CONTINUOUS
10
1.4829393700787401
20
1.1213079133858268
11
1.4828903149606298
21
1.1213644881889764
0
LINE
8
BLACK
6
CONTINUOUS
10
1.4828903149606298
20
1.1213644881889764
11
1.482875157480315
21
1.1214099606299213
0
LINE
8
BLACK
6
CONTINUOUS
10
1.482875157480315
20
1.1214099606299213
11
1.4828145275590552
21
1.1215062598425196
0
LINE
8
BLACK
6
CONTINUOUS
10
1.4828145275590552
20
1.1215062598425196
11
1.4809397637795276
21
1.1252558267716535
0
LINE
8
BLACK
6
CONTINUOUS
10
1.4809397637795276
20
1.1252558267716535
11
1.4807328740157479
21
1.1257964566929133
0
LINE
8
BLACK
6
CONTINUOUS
10
1.4807328740157479
20
1.1257964566929133
11
1.4807253543307086
21
1.1259022834645669
0
LINE
8
BLACK
6
CONTINUOUS
10
1.4807253543307086
20
1.1259022834645669
11
1.4806847637795275
21
1.1260002755905512
0
LINE
8
BLACK
6
CONTINUOUS
10
1.4806847637795275
20
1.1260002755905512
11
1.4806280314960629
21
1.1265763385826773
0
LINE
8
BLACK
6
CONTINUOUS
10
1.4806280314960629
20
1.1265763385826773
11
1.4806280314960629
21
1.1303258661417324
0
LINE
8
BLACK
6
CONTINUOUS
10
1.4806280314960629
20
1.1303258661417324
11
1.4806847637795275
21
1.1309019291338582
0
LINE
8
BLACK
6
CONTINUOUS
10
1.4806847637795275
20
1.1309019291338582
11
1.4807253543307086
21
1.1309999606299213
0
LINE
8
BLACK
6
CONTINUOUS
10
1.4807253543307086
20
1.1309999606299213
11
1.4807328740157479
21
1.1311057480314961
0
LINE
8
BLACK
6
CONTINUOUS
10
1.4807328740157479
20
1.1311057480314961
11
1.4809397637795276
21
1.1316463779527559
0
LINE
8
BLACK
6
CONTINUOUS
10
1.4809397637795276
20
1.1316463779527559
11
1.4828145275590552
21
1.135395905511811
0
LINE
8
BLACK
6
CONTINUOUS
10
1.4828145275590552
20
1.135395905511811
11
1.482875157480315
21
1.1354922834645669
0
LINE
8
BLACK
6
CONTINUOUS
10
1.482875157480315
20
1.1354922834645669
11
1.4828903149606298
21
1.1355376771653543
0
LINE
8
BLACK
6
CONTINUOUS
10
1.4828903149606298
20
1.1355376771653543
11
1.4829393307086614
21
1.1355942519685038
0
LINE
8
BLACK
6
CONTINUOUS
10
1.4829393307086614
20
1.1355942519685038
11
1.483122874015748
21
1.1358857874015749
0
LINE
8
BLACK
6
CONTINUOUS
10
1.483122874015748
20
1.1358857874015749
11
1.4834025590551181
21
1.1361283858267717
0
LINE
8
BLACK
6
CONTINUOUS
10
1.4834025590551181
20
1.1361283858267717
11
1.4836451574803149
21
1.1364080708661417
0
LINE
8
BLACK
6
CONTINUOUS
10
1.4836451574803149
20
1.1364080708661417
11
1.4839366929133857
21
1.1365916141732284
0
LINE
8
BLACK
6
CONTINUOUS
10
1.4839366929133857
20
1.1365916141732284
11
1.4839932677165355
21
1.1366406299212599
0
LINE
8
BLACK
6
CONTINUOUS
10
1.4839932677165355
20
1.1366406299212599
11
1.4840386614173229
21
1.1366557874015748
0
LINE
8
BLACK
6
CONTINUOUS
10
1.4840386614173229
20
1.1366557874015748
11
1.4841350393700787
21
1.1367164173228346
0
LINE
8
BLACK
6
CONTINUOUS
10
1.4841350393700787
20
1.1367164173228346
11
1.4878845669291338
21
1.1385911811023621
0
LINE
8
BLACK
6
CONTINUOUS
10
1.4878845669291338
20
1.1385911811023621
11
1.4884251574803149
21
1.1387980708661416
0
LINE
8
BLACK
6
CONTINUOUS
10
1.4884251574803149
20
1.1387980708661416
11
1.4885310236220473
21
1.1388056299212599
0
LINE
8
BLACK
6
CONTINUOUS
10
1.4885310236220473
20
1.1388056299212599
11
1.4886290157480315
21
1.1388461811023622
0
LINE
8
BLACK
6
CONTINUOUS
10
1.4886290157480315
20
1.1388461811023622
11
1.4892050787401574
21
1.1389029133858268
0
LINE
8
BLACK
6
CONTINUOUS
10
1.4892050787401574
20
1.1389029133858268
11
1.4978818503937008
21
1.1389029133858268
0
LINE
8
BLACK
6
CONTINUOUS
10
1.4978818503937008
20
1.1389029133858268
11
1.4993756692913385
21
1.139649842519685
0
LINE
8
BLACK
6
CONTINUOUS
10
1.4993756692913385
20
1.139649842519685
11
1.4993756692913385
21
1.1408774015748031
0
LINE
8
BLACK
6
CONTINUOUS
10
1.4993756692913385
20
1.1408774015748031
11
1.4982527952755904
21
1.1431231496062992
0
LINE
8
BLACK
6
CONTINUOUS
10
1.4982527952755904
20
1.1431231496062992
11
1.4960070866141733
21
1.1442459842519686
0
LINE
8
BLACK
6
CONTINUOUS
10
1.4960070866141733
20
1.1442459842519686
11
1.489902125984252
21
1.1442459842519686
0
LINE
8
BLACK
6
CONTINUOUS
10
1.489902125984252
20
1.1442459842519686
11
1.4867760629921261
21
1.1426829527559055
0
LINE
8
BLACK
6
CONTINUOUS
10
1.4867760629921261
20
1.1426829527559055
11
1.486235433070866
21
1.142476062992126
0
LINE
8
BLACK
6
CONTINUOUS
10
1.486235433070866
20
1.142476062992126
11
1.4850862204724409
21
1.142394409448819
0
LINE
8
BLACK
6
CONTINUOUS
10
1.4850862204724409
20
1.142394409448819
11
1.4839932677165355
21
1.1427587401574804
0
LINE
8
BLACK
6
CONTINUOUS
10
1.4839932677165355
20
1.1427587401574804
11
1.483122874015748
21
1.1435135826771654
0
LINE
8
BLACK
6
CONTINUOUS
10
1.483122874015748
20
1.1435135826771654
11
1.4826076377952755
21
1.1445440944881891
0
LINE
8
BLACK
6
CONTINUOUS
10
1.4826076377952755
20
1.1445440944881891
11
1.4825259842519685
21
1.1456933070866142
0
LINE
8
BLACK
6
CONTINUOUS
10
1.4825259842519685
20
1.1456933070866142
11
1.4828903149606298
21
1.1467862598425196
0
LINE
8
BLACK
6
CONTINUOUS
10
1.4828903149606298
20
1.1467862598425196
11
1.4836451574803149
21
1.147656653543307
0
LINE
8
BLACK
6
CONTINUOUS
10
1.4836451574803149
20
1.147656653543307
11
1.4841350393700787
21
1.1479649999999999
0
LINE
8
BLACK
6
CONTINUOUS
10
1.4841350393700787
20
1.1479649999999999
11
1.4878845669291338
21
1.1498397637795275
0
LINE
8
BLACK
6
CONTINUOUS
10
1.4878845669291338
20
1.1498397637795275
11
1.4884251574803149
21
1.1500466535433072
0
LINE
8
BLACK
6
CONTINUOUS
10
1.4884251574803149
20
1.1500466535433072
11
1.4885310236220473
21
1.1500542125984252
0
LINE
8
BLACK
6
CONTINUOUS
10
1.4885310236220473
20
1.1500542125984252
11
1.4886290157480315
21
1.1500947637795276
0
LINE
8
BLACK
6
CONTINUOUS
10
1.4886290157480315
20
1.1500947637795276
11
1.4892050787401574
21
1.1501514960629922
0
LINE
8
BLACK
6
CONTINUOUS
10
1.4892050787401574
20
1.1501514960629922
11
1.4967041338582676
21
1.1501514960629922
0
LINE
8
BLACK
6
CONTINUOUS
10
1.4967041338582676
20
1.1501514960629922
11
1.4972801968503937
21
1.1500947637795276
0
LINE
8
BLACK
6
CONTINUOUS
10
1.4993587795275589
20
1.1331022440944882
11
1.4992529527559055
21
1.1330947637795274
0
LINE
8
BLACK
6
CONTINUOUS
10
1.4992529527559055
20
1.1330947637795274
11
1.4991549606299213
21
1.1330541338582676
0
LINE
8
BLACK
6
CONTINUOUS
10
1.4991549606299213
20
1.1330541338582676
11
1.4985788976377952
21
1.1329974015748032
0
LINE
8
BLACK
6
CONTINUOUS
10
1.4985788976377952
20
1.1329974015748032
11
1.489902125984252
21
1.1329974015748032
0
LINE
8
BLACK
6
CONTINUOUS
10
1.489902125984252
20
1.1329974015748032
11
1.4876563779527558
21
1.1318745669291339
0
LINE
8
BLACK
6
CONTINUOUS
10
1.4876563779527558
20
1.1318745669291339
11
1.4865335433070865
21
1.1296288188976378
0
LINE
8
BLACK
6
CONTINUOUS
10
1.4865335433070865
20
1.1296288188976378
11
1.4865335433070865
21
1.1272733858267716
0
LINE
8
BLACK
6
CONTINUOUS
10
1.4865335433070865
20
1.1272733858267716
11
1.4876563779527558
21
1.1250276377952755
0
LINE
8
BLACK
6
CONTINUOUS
10
1.4876563779527558
20
1.1250276377952755
11
1.489902125984252
21
1.1239047637795276
0
LINE
8
BLACK
6
CONTINUOUS
10
1.489902125984252
20
1.1239047637795276
11
1.4978818503937008
21
1.1239047637795276
0
LINE
8
BLACK
6
CONTINUOUS
10
1.4978818503937008
20
1.1239047637795276
11
1.4993756692913385
21
1.1246516929133858
0
LINE
8
BLACK
6
CONTINUOUS
10
1.4993756692913385
20
1.1246516929133858
11
1.4993756692913385
21
1.1331087401574802
0
LINE
8
BLACK
6
CONTINUOUS
10
1.4993756692913385
20
1.1331087401574802
11
1.4993587795275589
21
1.1331022440944882
0
LINE
8
BLACK
6
CONTINUOUS
10
1.5395894488188977
20
1.1627772047244094
11
1.5404040944881889
21
1.1619625590551181
0
LINE
8
BLACK
6
CONTINUOUS
10
1.5404040944881889
20
1.1619625590551181
11
1.540845
21
1.1608981496062991
0
LINE
8
BLACK
6
CONTINUOUS
10
1.540845
20
1.1608981496062991
11
1.5409017322834646
21
1.1603220866141732
0
LINE
8
BLACK
6
CONTINUOUS
10
1.5409017322834646
20
1.1603220866141732
11
1.5409017322834646
21
1.1209520078740158
0
LINE
8
BLACK
6
CONTINUOUS
10
1.5409017322834646
20
1.1209520078740158
11
1.540845
21
1.1203759448818897
0
LINE
8
BLACK
6
CONTINUOUS
10
1.540845
20
1.1203759448818897
11
1.5404040944881889
21
1.1193115354330709
0
LINE
8
BLACK
6
CONTINUOUS
10
1.5404040944881889
20
1.1193115354330709
11
1.5395894488188977
21
1.1184968897637795
0
LINE
8
BLACK
6
CONTINUOUS
10
1.5395894488188977
20
1.1184968897637795
11
1.5385250393700787
21
1.1180559842519684
0
LINE
8
BLACK
6
CONTINUOUS
10
1.5385250393700787
20
1.1180559842519684
11
1.5373729133858267
21
1.1180559842519684
0
LINE
8
BLACK
6
CONTINUOUS
10
1.5373729133858267
20
1.1180559842519684
11
1.5363085039370079
21
1.1184968897637795
0
LINE
8
BLACK
6
CONTINUOUS
10
1.5363085039370079
20
1.1184968897637795
11
1.5361695669291338
21
1.1186358267716534
0
LINE
8
BLACK
6
CONTINUOUS
10
1.5361695669291338
20
1.1186358267716534
11
1.5355199606299212
21
1.1183109842519685
0
LINE
8
BLACK
6
CONTINUOUS
10
1.5355199606299212
20
1.1183109842519685
11
1.5349793307086614
21
1.118104094488189
0
LINE
8
BLACK
6
CONTINUOUS
10
1.5349793307086614
20
1.118104094488189
11
1.5348735039370078
21
1.1180966141732283
0
LINE
8
BLACK
6
CONTINUOUS
10
1.5348735039370078
20
1.1180966141732283
11
1.5347755118110236
21
1.1180559842519684
0
LINE
8
BLACK
6
CONTINUOUS
10
1.5347755118110236
20
1.1180559842519684
11
1.5341994488188977
21
1.1179992519685038
0
LINE
8
BLACK
6
CONTINUOUS
10
1.5341994488188977
20
1.1179992519685038
11
1.5267003937007875
21
1.1179992519685038
0
LINE
8
BLACK
6
CONTINUOUS
10
1.5267003937007875
20
1.1179992519685038
11
1.5261243307086614
21
1.1180559842519684
0
LINE
8
BLACK
6
CONTINUOUS
10
1.5261243307086614
20
1.1180559842519684
11
1.5260263385826771
21
1.1180965748031495
0
LINE
8
BLACK
6
CONTINUOUS
10
1.5260263385826771
20
1.1180965748031495
11
1.5259204724409448
21
1.118104094488189
0
LINE
8
BLACK
6
CONTINUOUS
10
1.5259204724409448
20
1.118104094488189
11
1.5253798818897637
21
1.1183109842519685
0
LINE
8
BLACK
6
CONTINUOUS
10
1.5253798818897637
20
1.1183109842519685
11
1.5216303543307086
21
1.1201857480314961
0
LINE
8
BLACK
6
CONTINUOUS
10
1.5216303543307086
20
1.1201857480314961
11
1.5213823228346457
21
1.1203418503937008
0
LINE
8
BLACK
6
CONTINUOUS
10
1.5213823228346457
20
1.1203418503937008
11
1.5213103937007875
21
1.120371653543307
0
LINE
8
BLACK
6
CONTINUOUS
10
1.5213103937007875
20
1.120371653543307
11
1.5212294094488188
21
1.1204381102362204
0
LINE
8
BLACK
6
CONTINUOUS
10
1.5212294094488188
20
1.1204381102362204
11
1.5211404724409447
21
1.1204940944881889
0
LINE
8
BLACK
6
CONTINUOUS
10
1.5211404724409447
20
1.1204940944881889
11
1.521089251968504
21
1.1205531496062993
0
LINE
8
BLACK
6
CONTINUOUS
10
1.521089251968504
20
1.1205531496062993
11
1.5208629133858267
21
1.1207388976377952
0
LINE
8
BLACK
6
CONTINUOUS
10
1.5208629133858267
20
1.1207388976377952
11
1.5189881496062991
21
1.1226137007874015
0
LINE
8
BLACK
6
CONTINUOUS
10
1.5189881496062991
20
1.1226137007874015
11
1.5188024015748032
21
1.1228400393700788
0
LINE
8
BLACK
6
CONTINUOUS
10
1.5188024015748032
20
1.1228400393700788
11
1.5187434251968503
21
1.1228911811023621
0
LINE
8
BLACK
6
CONTINUOUS
10
1.5187434251968503
20
1.1228911811023621
11
1.5186874409448818
21
1.1229801181102361
0
LINE
8
BLACK
6
CONTINUOUS
10
1.5186874409448818
20
1.1229801181102361
11
1.5186209448818897
21
1.1230611417322833
0
LINE
8
BLACK
6
CONTINUOUS
10
1.5186209448818897
20
1.1230611417322833
11
1.5185911023622047
21
1.1231331889763778
0
LINE
8
BLACK
6
CONTINUOUS
10
1.5185911023622047
20
1.1231331889763778
11
1.5184350787401575
21
1.1233810629921259
0
LINE
8
BLACK
6
CONTINUOUS
10
1.5184350787401575
20
1.1233810629921259
11
1.5165603149606299
21
1.127130590551181
0
LINE
8
BLACK
6
CONTINUOUS
10
1.5165603149606299
20
1.127130590551181
11
1.5163534251968505
21
1.1276712204724408
0
LINE
8
BLACK
6
CONTINUOUS
10
1.5163534251968505
20
1.1276712204724408
11
1.5163459055118109
21
1.1277770472440944
0
LINE
8
BLACK
6
CONTINUOUS
10
1.5163459055118109
20
1.1277770472440944
11
1.5163053149606298
21
1.1278750393700787
0
LINE
8
BLACK
6
CONTINUOUS
10
1.5163053149606298
20
1.1278750393700787
11
1.5162485826771652
21
1.1284511023622048
0
LINE
8
BLACK
6
CONTINUOUS
10
1.5162485826771652
20
1.1284511023622048
11
1.5162485826771652
21
1.1396996850393701
0
LINE
8
BLACK
6
CONTINUOUS
10
1.5162485826771652
20
1.1396996850393701
11
1.5163053149606298
21
1.140275748031496
0
LINE
8
BLACK
6
CONTINUOUS
10
1.5163053149606298
20
1.140275748031496
11
1.5163459055118109
21
1.140373779527559
0
LINE
8
BLACK
6
CONTINUOUS
10
1.5163459055118109
20
1.140373779527559
11
1.5163534251968505
21
1.1404795669291339
0
LINE
8
BLACK
6
CONTINUOUS
10
1.5163534251968505
20
1.1404795669291339
11
1.5165603149606299
21
1.1410201968503937
0
LINE
8
BLACK
6
CONTINUOUS
10
1.5165603149606299
20
1.1410201968503937
11
1.5184350787401575
21
1.1447697244094488
0
LINE
8
BLACK
6
CONTINUOUS
10
1.5184350787401575
20
1.1447697244094488
11
1.5185911417322835
21
1.1450177559055117
0
LINE
8
BLACK
6
CONTINUOUS
10
1.5185911417322835
20
1.1450177559055117
11
1.5186209842519685
21
1.1450896850393701
0
LINE
8
BLACK
6
CONTINUOUS
10
1.5186209842519685
20
1.1450896850393701
11
1.5186874409448818
21
1.1451706692913386
0
LINE
8
BLACK
6
CONTINUOUS
10
1.5186874409448818
20
1.1451706692913386
11
1.5187434251968503
21
1.1452596062992126
0
LINE
8
BLACK
6
CONTINUOUS
10
1.5187434251968503
20
1.1452596062992126
11
1.5188024015748032
21
1.1453107874015749
0
LINE
8
BLACK
6
CONTINUOUS
10
1.5188024015748032
20
1.1453107874015749
11
1.5189881889763779
21
1.1455371259842519
0
LINE
8
BLACK
6
CONTINUOUS
10
1.5189881889763779
20
1.1455371259842519
11
1.5208629527559054
21
1.1474118897637795
0
LINE
8
BLACK
6
CONTINUOUS
10
1.5208629527559054
20
1.1474118897637795
11
1.5210892913385827
21
1.1475976771653542
0
LINE
8
BLACK
6
CONTINUOUS
10
1.5210892913385827
20
1.1475976771653542
11
1.5211404724409447
21
1.147656653543307
0
LINE
8
BLACK
6
CONTINUOUS
10
1.5211404724409447
20
1.147656653543307
11
1.5212294094488188
21
1.1477126377952755
0
LINE
8
BLACK
6
CONTINUOUS
10
1.5212294094488188
20
1.1477126377952755
11
1.5213103937007875
21
1.1477790944881889
0
LINE
8
BLACK
6
CONTINUOUS
10
1.5213103937007875
20
1.1477790944881889
11
1.5213823228346457
21
1.1478089370078739
0
LINE
8
BLACK
6
CONTINUOUS
10
1.5213823228346457
20
1.1478089370078739
11
1.5216303543307086
21
1.1479649999999999
0
LINE
8
BLACK
6
CONTINUOUS
10
1.5216303543307086
20
1.1479649999999999
11
1.5253798818897637
21
1.1498397637795275
0
LINE
8
BLACK
6
CONTINUOUS
10
1.5253798818897637
20
1.1498397637795275
11
1.5259204724409448
21
1.1500466535433072
0
LINE
8
BLACK
6
CONTINUOUS
10
1.5259204724409448
20
1.1500466535433072
11
1.5260263385826771
21
1.1500542125984252
0
LINE
8
BLACK
6
CONTINUOUS
10
1.5260263385826771
20
1.1500542125984252
11
1.5261243307086614
21
1.1500947637795276
0
LINE
8
BLACK
6
CONTINUOUS
10
1.5261243307086614
20
1.1500947637795276
11
1.5267003937007875
21
1.1501514960629922
0
LINE
8
BLACK
6
CONTINUOUS
10
1.5267003937007875
20
1.1501514960629922
11
1.5341994488188977
21
1.1501514960629922
0
LINE
8
BLACK
6
CONTINUOUS
10
1.5341994488188977
20
1.1501514960629922
11
1.5347755118110236
21
1.1500947637795276
0
LINE
8
BLACK
6
CONTINUOUS
10
1.5347755118110236
20
1.1500947637795276
11
1.5348735039370078
21
1.1500541732283465
0
LINE
8
BLACK
6
CONTINUOUS
10
1.5348735039370078
20
1.1500541732283465
11
1.5349793307086614
21
1.1500466535433072
0
LINE
8
BLACK
6
CONTINUOUS
10
1.5349793307086614
20
1.1500466535433072
11
1.534996220472441
21
1.1500401968503937
0
LINE
8
BLACK
6
CONTINUOUS
10
1.534996220472441
20
1.1500401968503937
11
1.534996220472441
21
1.1603220866141732
0
LINE
8
BLACK
6
CONTINUOUS
10
1.534996220472441
20
1.1603220866141732
11
1.5350529527559056
21
1.1608981496062991
0
LINE
8
BLACK
6
CONTINUOUS
10
1.5350529527559056
20
1.1608981496062991
11
1.5354938582677164
21
1.1619625590551181
0
LINE
8
BLACK
6
CONTINUOUS
10
1.5354938582677164
20
1.1619625590551181
11
1.5363085039370079
21
1.1627772047244094
0
LINE
8
BLACK
6
CONTINUOUS
10
1.5363085039370079
20
1.1627772047244094
11
1.5373729133858267
21
1.1632181102362205
0
LINE
8
BLACK
6
CONTINUOUS
10
1.5373729133858267
20
1.1632181102362205
11
1.5385250393700787
21
1.1632181102362205
0
LINE
8
BLACK
6
CONTINUOUS
10
1.5385250393700787
20
1.1632181102362205
11
1.5395894488188977
21
1.1627772047244094
0
LINE
8
BLACK
6
CONTINUOUS
10
1.5246999606299212
20
1.1428972440944882
11
1.5235028346456692
21
1.1417001181102362
0
LINE
8
BLACK
6
CONTINUOUS
10
1.5235028346456692
20
1.1417001181102362
11
1.5221540944881888
21
1.1390026377952756
0
LINE
8
BLACK
6
CONTINUOUS
10
1.5221540944881888
20
1.1390026377952756
11
1.5221540944881888
21
1.1291481496062992
0
LINE
8
BLACK
6
CONTINUOUS
10
1.5221540944881888
20
1.1291481496062992
11
1.5235028346456692
21
1.1264506692913385
0
LINE
8
BLACK
6
CONTINUOUS
10
1.5235028346456692
20
1.1264506692913385
11
1.5246999606299212
21
1.1252535039370077
0
LINE
8
BLACK
6
CONTINUOUS
10
1.5246999606299212
20
1.1252535039370077
11
1.5273974409448818
21
1.1239047637795276
0
LINE
8
BLACK
6
CONTINUOUS
10
1.5273974409448818
20
1.1239047637795276
11
1.5335024015748031
21
1.1239047637795276
0
LINE
8
BLACK
6
CONTINUOUS
10
1.5335024015748031
20
1.1239047637795276
11
1.534996220472441
21
1.1246516929133858
0
LINE
8
BLACK
6
CONTINUOUS
10
1.534996220472441
20
1.1246516929133858
11
1.534996220472441
21
1.1434990944881889
0
LINE
8
BLACK
6
CONTINUOUS
10
1.534996220472441
20
1.1434990944881889
11
1.5335024015748031
21
1.1442459842519686
0
LINE
8
BLACK
6
CONTINUOUS
10
1.5335024015748031
20
1.1442459842519686
11
1.5273974409448818
21
1.1442459842519686
0
LINE
8
BLACK
6
CONTINUOUS
10
1.5273974409448818
20
1.1442459842519686
11
1.5246999606299212
21
1.1428972440944882
0
LINE
8
BLACK
6
CONTINUOUS
10
1.5872689370078741
20
1.1500947637795276
11
1.5873669291338581
21
1.1500541732283465
0
LINE
8
BLACK
6
CONTINUOUS
10
1.5873669291338581
20
1.1500541732283465
11
1.5874727559055117
21
1.1500466535433072
0
LINE
8
BLACK
6
CONTINUOUS
10
1.5874727559055117
20
1.1500466535433072
11
1.5880133858267715
21
1.1498397637795275
0
LINE
8
BLACK
6
CONTINUOUS
10
1.5880133858267715
20
1.1498397637795275
11
1.5917629133858266
21
1.1479649999999999
0
LINE
8
BLACK
6
CONTINUOUS
10
1.5917629133858266
20
1.1479649999999999
11
1.591859251968504
21
1.1479043700787401
0
LINE
8
BLACK
6
CONTINUOUS
10
1.591859251968504
20
1.1479043700787401
11
1.5919046850393701
21
1.1478892125984252
0
LINE
8
BLACK
6
CONTINUOUS
10
1.5919046850393701
20
1.1478892125984252
11
1.5919612204724409
21
1.1478401968503937
0
LINE
8
BLACK
6
CONTINUOUS
10
1.5919612204724409
20
1.1478401968503937
11
1.5922527952755905
21
1.147656653543307
0
LINE
8
BLACK
6
CONTINUOUS
10
1.5922527952755905
20
1.147656653543307
11
1.5924953543307085
21
1.147376968503937
0
LINE
8
BLACK
6
CONTINUOUS
10
1.5924953543307085
20
1.147376968503937
11
1.5927750787401573
21
1.1471343700787402
0
LINE
8
BLACK
6
CONTINUOUS
10
1.5927750787401573
20
1.1471343700787402
11
1.5929585826771653
21
1.1468428346456692
0
LINE
8
BLACK
6
CONTINUOUS
10
1.5929585826771653
20
1.1468428346456692
11
1.5930076377952755
21
1.1467862598425196
0
LINE
8
BLACK
6
CONTINUOUS
10
1.5930076377952755
20
1.1467862598425196
11
1.5930227559055117
21
1.1467408661417322
0
LINE
8
BLACK
6
CONTINUOUS
10
1.5930227559055117
20
1.1467408661417322
11
1.5930834251968504
21
1.1466444881889764
0
LINE
8
BLACK
6
CONTINUOUS
10
1.5930834251968504
20
1.1466444881889764
11
1.594958188976378
21
1.1428949606299212
0
LINE
8
BLACK
6
CONTINUOUS
10
1.594958188976378
20
1.1428949606299212
11
1.5951650787401574
21
1.1423543700787402
0
LINE
8
BLACK
6
CONTINUOUS
10
1.5951650787401574
20
1.1423543700787402
11
1.5951725984251968
21
1.1422485039370078
0
LINE
8
BLACK
6
CONTINUOUS
10
1.5951725984251968
20
1.1422485039370078
11
1.5952131889763779
21
1.1421505118110236
0
LINE
8
BLACK
6
CONTINUOUS
10
1.5952131889763779
20
1.1421505118110236
11
1.5952699212598425
21
1.1415744488188977
0
LINE
8
BLACK
6
CONTINUOUS
10
1.5952699212598425
20
1.1415744488188977
11
1.5952699212598425
21
1.1209520078740158
0
LINE
8
BLACK
6
CONTINUOUS
10
1.5952699212598425
20
1.1209520078740158
11
1.5952131889763779
21
1.1203759448818897
0
LINE
8
BLACK
6
CONTINUOUS
10
1.5952131889763779
20
1.1203759448818897
11
1.5947722834645668
21
1.1193115354330709
0
LINE
8
BLACK
6
CONTINUOUS
10
1.5947722834645668
20
1.1193115354330709
11
1.5939576377952756
21
1.1184968897637795
0
LINE
8
BLACK
6
CONTINUOUS
10
1.5939576377952756
20
1.1184968897637795
11
1.5928932283464567
21
1.1180559842519684
0
LINE
8
BLACK
6
CONTINUOUS
10
1.5928932283464567
20
1.1180559842519684
11
1.5917411023622048
21
1.1180559842519684
0
LINE
8
BLACK
6
CONTINUOUS
10
1.5917411023622048
20
1.1180559842519684
11
1.5906766929133858
21
1.1184968897637795
0
LINE
8
BLACK
6
CONTINUOUS
10
1.5906766929133858
20
1.1184968897637795
11
1.5905377559055118
21
1.1186358267716534
0
LINE
8
BLACK
6
CONTINUOUS
10
1.5905377559055118
20
1.1186358267716534
11
1.5898881496062991
21
1.1183109842519685
0
LINE
8
BLACK
6
CONTINUOUS
10
1.5898881496062991
20
1.1183109842519685
11
1.5893475196850393
21
1.118104094488189
0
LINE
8
BLACK
6
CONTINUOUS
10
1.5893475196850393
20
1.118104094488189
11
1.5892416929133857
21
1.1180966141732283
0
LINE
8
BLACK
6
CONTINUOUS
10
1.5892416929133857
20
1.1180966141732283
11
1.5891437007874016
21
1.1180559842519684
0
LINE
8
BLACK
6
CONTINUOUS
10
1.5891437007874016
20
1.1180559842519684
11
1.5885676377952755
21
1.1179992519685038
0
LINE
8
BLACK
6
CONTINUOUS
10
1.5885676377952755
20
1.1179992519685038
11
1.5791938188976378
21
1.1179992519685038
0
LINE
8
BLACK
6
CONTINUOUS
10
1.5791938188976378
20
1.1179992519685038
11
1.5786177559055117
21
1.1180559842519684
0
LINE
8
BLACK
6
CONTINUOUS
10
1.5786177559055117
20
1.1180559842519684
11
1.5785197637795276
21
1.1180965748031495
0
LINE
8
BLACK
6
CONTINUOUS
10
1.5785197637795276
20
1.1180965748031495
11
1.5784138976377953
21
1.118104094488189
0
LINE
8
BLACK
6
CONTINUOUS
10
1.5784138976377953
20
1.118104094488189
11
1.5778733070866142
21
1.1183109842519685
0
LINE
8
BLACK
6
CONTINUOUS
10
1.5778733070866142
20
1.1183109842519685
11
1.5741237795275591
21
1.1201857480314961
0
LINE
8
BLACK
6
CONTINUOUS
10
1.5741237795275591
20
1.1201857480314961
11
1.574027401574803
21
1.1202464173228346
0
LINE
8
BLACK
6
CONTINUOUS
10
1.574027401574803
20
1.1202464173228346
11
1.5739820078740157
21
1.1202615354330709
0
LINE
8
BLACK
6
CONTINUOUS
10
1.5739820078740157
20
1.1202615354330709
11
1.5739254330708661
21
1.120310590551181
0
LINE
8
BLACK
6
CONTINUOUS
10
1.5739254330708661
20
1.120310590551181
11
1.5736338976377953
21
1.1204940944881889
0
LINE
8
BLACK
6
CONTINUOUS
10
1.5736338976377953
20
1.1204940944881889
11
1.573391220472441
21
1.120773937007874
0
LINE
8
BLACK
6
CONTINUOUS
10
1.573391220472441
20
1.120773937007874
11
1.5731116141732282
21
1.1210164173228345
0
LINE
8
BLACK
6
CONTINUOUS
10
1.5731116141732282
20
1.1210164173228345
11
1.5729281102362205
21
1.1213079133858268
0
LINE
8
BLACK
6
CONTINUOUS
10
1.5729281102362205
20
1.1213079133858268
11
1.5728790551181102
21
1.1213644881889764
0
LINE
8
BLACK
6
CONTINUOUS
10
1.5728790551181102
20
1.1213644881889764
11
1.5728638976377953
21
1.1214099606299213
0
LINE
8
BLACK
6
CONTINUOUS
10
1.5728638976377953
20
1.1214099606299213
11
1.5728032677165353
21
1.1215062598425196
0
LINE
8
BLACK
6
CONTINUOUS
10
1.5728032677165353
20
1.1215062598425196
11
1.5709285039370078
21
1.1252558267716535
0
LINE
8
BLACK
6
CONTINUOUS
10
1.5709285039370078
20
1.1252558267716535
11
1.5707216141732283
21
1.1257964566929133
0
LINE
8
BLACK
6
CONTINUOUS
10
1.5707216141732283
20
1.1257964566929133
11
1.570714094488189
21
1.1259022834645669
0
LINE
8
BLACK
6
CONTINUOUS
10
1.570714094488189
20
1.1259022834645669
11
1.5706735039370079
21
1.1260002755905512
0
LINE
8
BLACK
6
CONTINUOUS
10
1.5706735039370079
20
1.1260002755905512
11
1.5706167716535433
21
1.1265763385826773
0
LINE
8
BLACK
6
CONTINUOUS
10
1.5706167716535433
20
1.1265763385826773
11
1.5706167716535433
21
1.1303258661417324
0
LINE
8
BLACK
6
CONTINUOUS
10
1.5706167716535433
20
1.1303258661417324
11
1.5706735039370079
21
1.1309019291338582
0
LINE
8
BLACK
6
CONTINUOUS
10
1.5706735039370079
20
1.1309019291338582
11
1.570714094488189
21
1.1309999606299213
0
LINE
8
BLACK
6
CONTINUOUS
10
1.570714094488189
20
1.1309999606299213
11
1.5707216141732283
21
1.1311057480314961
0
LINE
8
BLACK
6
CONTINUOUS
10
1.5707216141732283
20
1.1311057480314961
11
1.5709285039370078
21
1.1316463779527559
0
LINE
8
BLACK
6
CONTINUOUS
10
1.5709285039370078
20
1.1316463779527559
11
1.5728032677165353
21
1.135395905511811
0
LINE
8
BLACK
6
CONTINUOUS
10
1.5728032677165353
20
1.135395905511811
11
1.5728638976377953
21
1.1354922834645669
0
LINE
8
BLACK
6
CONTINUOUS
10
1.5728638976377953
20
1.1354922834645669
11
1.5728790551181102
21
1.1355376771653543
0
LINE
8
BLACK
6
CONTINUOUS
10
1.5728790551181102
20
1.1355376771653543
11
1.5729280708661417
21
1.1355942519685038
0
LINE
8
BLACK
6
CONTINUOUS
10
1.5729280708661417
20
1.1355942519685038
11
1.5731116141732282
21
1.1358857874015749
0
LINE
8
BLACK
6
CONTINUOUS
10
1.5731116141732282
20
1.1358857874015749
11
1.5733912992125985
21
1.1361283858267717
0
LINE
8
BLACK
6
CONTINUOUS
10
1.5733912992125985
20
1.1361283858267717
11
1.5736338976377953
21
1.1364080708661417
0
LINE
8
BLACK
6
CONTINUOUS
10
1.5736338976377953
20
1.1364080708661417
11
1.5739254330708661
21
1.1365916141732284
0
LINE
8
BLACK
6
CONTINUOUS
10
1.5739254330708661
20
1.1365916141732284
11
1.5739820078740157
21
1.1366406299212599
0
LINE
8
BLACK
6
CONTINUOUS
10
1.5739820078740157
20
1.1366406299212599
11
1.574027401574803
21
1.1366557874015748
0
LINE
8
BLACK
6
CONTINUOUS
10
1.574027401574803
20
1.1366557874015748
11
1.5741237795275591
21
1.1367164173228346
0
LINE
8
BLACK
6
CONTINUOUS
10
1.5741237795275591
20
1.1367164173228346
11
1.5778733070866142
21
1.1385911811023621
0
LINE
8
BLACK
6
CONTINUOUS
10
1.5778733070866142
20
1.1385911811023621
11
1.5784138976377953
21
1.1387980708661416
0
LINE
8
BLACK
6
CONTINUOUS
10
1.5784138976377953
20
1.1387980708661416
11
1.5785197637795276
21
1.1388056299212599
0
LINE
8
BLACK
6
CONTINUOUS
10
1.5785197637795276
20
1.1388056299212599
11
1.5786177559055117
21
1.1388461811023622
0
LINE
8
BLACK
6
CONTINUOUS
10
1.5786177559055117
20
1.1388461811023622
11
1.5791938188976378
21
1.1389029133858268
0
LINE
8
BLACK
6
CONTINUOUS
10
1.5791938188976378
20
1.1389029133858268
11
1.587870590551181
21
1.1389029133858268
0
LINE
8
BLACK
6
CONTINUOUS
10
1.587870590551181
20
1.1389029133858268
11
1.5893644094488188
21
1.139649842519685
0
LINE
8
BLACK
6
CONTINUOUS
10
1.5893644094488188
20
1.139649842519685
11
1.5893644094488188
21
1.1408774015748031
0
LINE
8
BLACK
6
CONTINUOUS
10
1.5893644094488188
20
1.1408774015748031
11
1.5882415354330708
21
1.1431231496062992
0
LINE
8
BLACK
6
CONTINUOUS
10
1.5882415354330708
20
1.1431231496062992
11
1.5859958267716534
21
1.1442459842519686
0
LINE
8
BLACK
6
CONTINUOUS
10
1.5859958267716534
20
1.1442459842519686
11
1.5798908661417324
21
1.1442459842519686
0
LINE
8
BLACK
6
CONTINUOUS
10
1.5798908661417324
20
1.1442459842519686
11
1.5767648031496062
21
1.1426829527559055
0
LINE
8
BLACK
6
CONTINUOUS
10
1.5767648031496062
20
1.1426829527559055
11
1.5762241732283464
21
1.142476062992126
0
LINE
8
BLACK
6
CONTINUOUS
10
1.5762241732283464
20
1.142476062992126
11
1.5750749606299213
21
1.142394409448819
0
LINE
8
BLACK
6
CONTINUOUS
10
1.5750749606299213
20
1.142394409448819
11
1.5739820078740157
21
1.1427587401574804
0
LINE
8
BLACK
6
CONTINUOUS
10
1.5739820078740157
20
1.1427587401574804
11
1.5731116141732282
21
1.1435135826771654
0
LINE
8
BLACK
6
CONTINUOUS
10
1.5731116141732282
20
1.1435135826771654
11
1.5725963779527559
21
1.1445440944881891
0
LINE
8
BLACK
6
CONTINUOUS
10
1.5725963779527559
20
1.1445440944881891
11
1.5725147244094488
21
1.1456933070866142
0
LINE
8
BLACK
6
CONTINUOUS
10
1.5725147244094488
20
1.1456933070866142
11
1.5728790551181102
21
1.1467862598425196
0
LINE
8
BLACK
6
CONTINUOUS
10
1.5728790551181102
20
1.1467862598425196
11
1.5736338976377953
21
1.147656653543307
0
LINE
8
BLACK
6
CONTINUOUS
10
1.5736338976377953
20
1.147656653543307
11
1.5741237795275591
21
1.1479649999999999
0
LINE
8
BLACK
6
CONTINUOUS
10
1.5741237795275591
20
1.1479649999999999
11
1.5778733070866142
21
1.1498397637795275
0
LINE
8
BLACK
6
CONTINUOUS
10
1.5778733070866142
20
1.1498397637795275
11
1.5784138976377953
21
1.1500466535433072
0
LINE
8
BLACK
6
CONTINUOUS
10
1.5784138976377953
20
1.1500466535433072
11
1.5785197637795276
21
1.1500542125984252
0
LINE
8
BLACK
6
CONTINUOUS
10
1.5785197637795276
20
1.1500542125984252
11
1.5786177559055117
21
1.1500947637795276
0
LINE
8
BLACK
6
CONTINUOUS
10
1.5786177559055117
20
1.1500947637795276
11
1.5791938188976378
21
1.1501514960629922
0
LINE
8
BLACK
6
CONTINUOUS
10
1.5791938188976378
20
1.1501514960629922
11
1.586692874015748
21
1.1501514960629922
0
LINE
8
BLACK
6
CONTINUOUS
10
1.586692874015748
20
1.1501514960629922
11
1.5872689370078741
21
1.1500947637795276
0
LINE
8
BLACK
6
CONTINUOUS
10
1.5893475196850393
20
1.1331022440944882
11
1.5892416929133857
21
1.1330947637795274
0
LINE
8
BLACK
6
CONTINUOUS
10
1.5892416929133857
20
1.1330947637795274
11
1.5891437007874016
21
1.1330541338582676
0
LINE
8
BLACK
6
CONTINUOUS
10
1.5891437007874016
20
1.1330541338582676
11
1.5885676377952755
21
1.1329974015748032
0
LINE
8
BLACK
6
CONTINUOUS
10
1.5885676377952755
20
1.1329974015748032
11
1.5798908661417324
21
1.1329974015748032
0
LINE
8
BLACK
6
CONTINUOUS
10
1.5798908661417324
20
1.1329974015748032
11
1.5776451181102362
21
1.1318745669291339
0
LINE
8
BLACK
6
CONTINUOUS
10
1.5776451181102362
20
1.1318745669291339
11
1.5765222834645669
21
1.1296288188976378
0
LINE
8
BLACK
6
CONTINUOUS
10
1.5765222834645669
20
1.1296288188976378
11
1.5765222834645669
21
1.1272733858267716
0
LINE
8
BLACK
6
CONTINUOUS
10
1.5765222834645669
20
1.1272733858267716
11
1.5776451181102362
21
1.1250276377952755
0
LINE
8
BLACK
6
CONTINUOUS
10
1.5776451181102362
20
1.1250276377952755
11
1.5798908661417324
21
1.1239047637795276
0
LINE
8
BLACK
6
CONTINUOUS
10
1.5798908661417324
20
1.1239047637795276
11
1.587870590551181
21
1.1239047637795276
0
LINE
8
BLACK
6
CONTINUOUS
10
1.587870590551181
20
1.1239047637795276
11
1.5893644094488188
21
1.1246516929133858
0
LINE
8
BLACK
6
CONTINUOUS
10
1.5893644094488188
20
1.1246516929133858
11
1.5893644094488188
21
1.1331087401574802
0
LINE
8
BLACK
6
CONTINUOUS
10
1.5893644094488188
20
1.1331087401574802
11
1.5893475196850393
21
1.1331022440944882
0
LINE
8
BLACK
6
CONTINUOUS
10
1.6127053149606299
20
1.1627772047244094
11
1.6135199606299213
21
1.1619625590551181
0
LINE
8
BLACK
6
CONTINUOUS
10
1.6135199606299213
20
1.1619625590551181
11
1.6139608661417322
21
1.1608981496062991
0
LINE
8
BLACK
6
CONTINUOUS
10
1.6139608661417322
20
1.1608981496062991
11
1.6140175984251968
21
1.1603220866141732
0
LINE
8
BLACK
6
CONTINUOUS
10
1.6140175984251968
20
1.1603220866141732
11
1.6140175984251968
21
1.1501514960629922
0
LINE
8
BLACK
6
CONTINUOUS
10
1.6140175984251968
20
1.1501514960629922
11
1.6204386614173227
21
1.1501514960629922
0
LINE
8
BLACK
6
CONTINUOUS
10
1.6204386614173227
20
1.1501514960629922
11
1.6210147244094488
21
1.1500947637795276
0
LINE
8
BLACK
6
CONTINUOUS
10
1.6210147244094488
20
1.1500947637795276
11
1.6220791338582676
21
1.1496538582677165
0
LINE
8
BLACK
6
CONTINUOUS
10
1.6220791338582676
20
1.1496538582677165
11
1.6228937795275591
21
1.1488392125984253
0
LINE
8
BLACK
6
CONTINUOUS
10
1.6228937795275591
20
1.1488392125984253
11
1.62333468503937
21
1.1477748031496062
0
LINE
8
BLACK
6
CONTINUOUS
10
1.62333468503937
20
1.1477748031496062
11
1.62333468503937
21
1.1466226771653543
0
LINE
8
BLACK
6
CONTINUOUS
10
1.62333468503937
20
1.1466226771653543
11
1.6228937795275591
21
1.1455582677165355
0
LINE
8
BLACK
6
CONTINUOUS
10
1.6228937795275591
20
1.1455582677165355
11
1.6220791338582676
21
1.144743622047244
0
LINE
8
BLACK
6
CONTINUOUS
10
1.6220791338582676
20
1.144743622047244
11
1.6210147244094488
21
1.1443027165354331
0
LINE
8
BLACK
6
CONTINUOUS
10
1.6210147244094488
20
1.1443027165354331
11
1.6204386614173227
21
1.1442459842519686
0
LINE
8
BLACK
6
CONTINUOUS
10
1.6204386614173227
20
1.1442459842519686
11
1.6140175984251968
21
1.1442459842519686
0
LINE
8
BLACK
6
CONTINUOUS
10
1.6140175984251968
20
1.1442459842519686
11
1.6140175984251968
21
1.1272733858267716
0
LINE
8
BLACK
6
CONTINUOUS
10
1.6140175984251968
20
1.1272733858267716
11
1.6151404330708661
21
1.1250276377952755
0
LINE
8
BLACK
6
CONTINUOUS
10
1.6151404330708661
20
1.1250276377952755
11
1.6173861811023622
21
1.1239047637795276
0
LINE
8
BLACK
6
CONTINUOUS
10
1.6173861811023622
20
1.1239047637795276
11
1.6204386614173227
21
1.1239047637795276
0
LINE
8
BLACK
6
CONTINUOUS
10
1.6204386614173227
20
1.1239047637795276
11
1.6210147244094488
21
1.123848031496063
0
LINE
8
BLACK
6
CONTINUOUS
10
1.6210147244094488
20
1.123848031496063
11
1.6220791338582676
21
1.123407125984252
0
LINE
8
BLACK
6
CONTINUOUS
10
1.6220791338582676
20
1.123407125984252
11
1.6228937795275591
21
1.1225924803149605
0
LINE
8
BLACK
6
CONTINUOUS
10
1.6228937795275591
20
1.1225924803149605
11
1.62333468503937
21
1.1215280708661417
0
LINE
8
BLACK
6
CONTINUOUS
10
1.62333468503937
20
1.1215280708661417
11
1.62333468503937
21
1.1203759448818897
0
LINE
8
BLACK
6
CONTINUOUS
10
1.62333468503937
20
1.1203759448818897
11
1.6228937795275591
21
1.1193115354330709
0
LINE
8
BLACK
6
CONTINUOUS
10
1.6228937795275591
20
1.1193115354330709
11
1.6220791338582676
21
1.1184968897637795
0
LINE
8
BLACK
6
CONTINUOUS
10
1.6220791338582676
20
1.1184968897637795
11
1.6210147244094488
21
1.1180559842519684
0
LINE
8
BLACK
6
CONTINUOUS
10
1.6210147244094488
20
1.1180559842519684
11
1.6204386614173227
21
1.1179992519685038
0
LINE
8
BLACK
6
CONTINUOUS
10
1.6204386614173227
20
1.1179992519685038
11
1.6166891338582676
21
1.1179992519685038
0
LINE
8
BLACK
6
CONTINUOUS
10
1.6166891338582676
20
1.1179992519685038
11
1.6161130708661418
21
1.1180559842519684
0
LINE
8
BLACK
6
CONTINUOUS
10
1.6161130708661418
20
1.1180559842519684
11
1.6160150787401575
21
1.1180965748031495
0
LINE
8
BLACK
6
CONTINUOUS
10
1.6160150787401575
20
1.1180965748031495
11
1.6159092125984251
21
1.118104094488189
0
LINE
8
BLACK
6
CONTINUOUS
10
1.6159092125984251
20
1.118104094488189
11
1.6153686220472441
21
1.1183109842519685
0
LINE
8
BLACK
6
CONTINUOUS
10
1.6153686220472441
20
1.1183109842519685
11
1.611619094488189
21
1.1201857480314961
0
LINE
8
BLACK
6
CONTINUOUS
10
1.611619094488189
20
1.1201857480314961
11
1.6115227165354331
21
1.1202464173228346
0
LINE
8
BLACK
6
CONTINUOUS
10
1.6115227165354331
20
1.1202464173228346
11
1.6114773228346457
21
1.1202615354330709
0
LINE
8
BLACK
6
CONTINUOUS
10
1.6114773228346457
20
1.1202615354330709
11
1.6114207480314959
21
1.120310590551181
0
LINE
8
BLACK
6
CONTINUOUS
10
1.6114207480314959
20
1.120310590551181
11
1.6111292125984251
21
1.1204940944881889
0
LINE
8
BLACK
6
CONTINUOUS
10
1.6111292125984251
20
1.1204940944881889
11
1.6108865354330708
21
1.120773937007874
0
LINE
8
BLACK
6
CONTINUOUS
10
1.6108865354330708
20
1.120773937007874
11
1.6106069291338583
21
1.1210164173228345
0
LINE
8
BLACK
6
CONTINUOUS
10
1.6106069291338583
20
1.1210164173228345
11
1.6104234251968503
21
1.1213079133858268
0
LINE
8
BLACK
6
CONTINUOUS
10
1.6104234251968503
20
1.1213079133858268
11
1.6103743700787401
21
1.1213644881889764
0
LINE
8
BLACK
6
CONTINUOUS
10
1.6103743700787401
20
1.1213644881889764
11
1.6103592125984252
21
1.1214099606299213
0
LINE
8
BLACK
6
CONTINUOUS
10
1.6103592125984252
20
1.1214099606299213
11
1.6102985826771654
21
1.1215062598425196
0
LINE
8
BLACK
6
CONTINUOUS
10
1.6102985826771654
20
1.1215062598425196
11
1.6084238188976379
21
1.1252558267716535
0
LINE
8
BLACK
6
CONTINUOUS
10
1.6084238188976379
20
1.1252558267716535
11
1.6082169291338582
21
1.1257964566929133
0
LINE
8
BLACK
6
CONTINUOUS
10
1.6082169291338582
20
1.1257964566929133
11
1.6082094094488188
21
1.1259022834645669
0
LINE
8
BLACK
6
CONTINUOUS
10
1.6082094094488188
20
1.1259022834645669
11
1.6081688188976377
21
1.1260002755905512
0
LINE
8
BLACK
6
CONTINUOUS
10
1.6081688188976377
20
1.1260002755905512
11
1.6081120866141732
21
1.1265763385826773
0
LINE
8
BLACK
6
CONTINUOUS
10
1.6081120866141732
20
1.1265763385826773
11
1.6081120866141732
21
1.1442459842519686
0
LINE
8
BLACK
6
CONTINUOUS
10
1.6081120866141732
20
1.1442459842519686
11
1.6054405511811023
21
1.1442459842519686
0
LINE
8
BLACK
6
CONTINUOUS
10
1.6054405511811023
20
1.1442459842519686
11
1.6048644881889764
21
1.1443027165354331
0
LINE
8
BLACK
6
CONTINUOUS
10
1.6048644881889764
20
1.1443027165354331
11
1.6038000787401574
21
1.144743622047244
0
LINE
8
BLACK
6
CONTINUOUS
10
1.6038000787401574
20
1.144743622047244
11
1.6029854330708662
21
1.1455582677165355
0
LINE
8
BLACK
6
CONTINUOUS
10
1.6029854330708662
20
1.1455582677165355
11
1.6025445275590551
21
1.1466226771653543
0
LINE
8
BLACK
6
CONTINUOUS
10
1.6025445275590551
20
1.1466226771653543
11
1.6025445275590551
21
1.1477748031496062
0
LINE
8
BLACK
6
CONTINUOUS
10
1.6025445275590551
20
1.1477748031496062
11
1.6029854330708662
21
1.1488392125984253
0
LINE
8
BLACK
6
CONTINUOUS
10
1.6029854330708662
20
1.1488392125984253
11
1.6038000787401574
21
1.1496538582677165
0
LINE
8
BLACK
6
CONTINUOUS
10
1.6038000787401574
20
1.1496538582677165
11
1.6048644881889764
21
1.1500947637795276
0
LINE
8
BLACK
6
CONTINUOUS
10
1.6048644881889764
20
1.1500947637795276
11
1.6054405511811023
21
1.1501514960629922
0
LINE
8
BLACK
6
CONTINUOUS
10
1.6054405511811023
20
1.1501514960629922
11
1.6081120866141732
21
1.1501514960629922
0
LINE
8
BLACK
6
CONTINUOUS
10
1.6081120866141732
20
1.1501514960629922
11
1.6081120866141732
21
1.1603220866141732
0
LINE
8
BLACK
6
CONTINUOUS
10
1.6081120866141732
20
1.1603220866141732
11
1.6081688188976377
21
1.1608981496062991
0
LINE
8
BLACK
6
CONTINUOUS
10
1.6081688188976377
20
1.1608981496062991
11
1.6086097244094488
21
1.1619625590551181
0
LINE
8
BLACK
6
CONTINUOUS
10
1.6086097244094488
20
1.1619625590551181
11
1.6094243700787401
21
1.1627772047244094
0
LINE
8
BLACK
6
CONTINUOUS
10
1.6094243700787401
20
1.1627772047244094
11
1.6104887795275591
21
1.1632181102362205
0
LINE
8
BLACK
6
CONTINUOUS
10
1.6104887795275591
20
1.1632181102362205
11
1.6116409055118111
21
1.1632181102362205
0
LINE
8
BLACK
6
CONTINUOUS
10
1.6116409055118111
20
1.1632181102362205
11
1.6127053149606299
21
1.1627772047244094
0
LINE
8
BLACK
6
CONTINUOUS
10
1.6641343307086613
20
1.1500947637795276
11
1.6642323228346456
21
1.1500541732283465
0
LINE
8
BLACK
6
CONTINUOUS
10
1.6642323228346456
20
1.1500541732283465
11
1.6643381496062992
21
1.1500466535433072
0
LINE
8
BLACK
6
CONTINUOUS
10
1.6643381496062992
20
1.1500466535433072
11
1.664878779527559
21
1.1498397637795275
0
LINE
8
BLACK
6
CONTINUOUS
10
1.664878779527559
20
1.1498397637795275
11
1.6686283070866141
21
1.1479649999999999
0
LINE
8
BLACK
6
CONTINUOUS
10
1.6686283070866141
20
1.1479649999999999
11
1.6688762992125983
21
1.1478089370078739
0
LINE
8
BLACK
6
CONTINUOUS
10
1.6688762992125983
20
1.1478089370078739
11
1.6689482677165355
21
1.1477790944881889
0
LINE
8
BLACK
6
CONTINUOUS
10
1.6689482677165355
20
1.1477790944881889
11
1.6690292125984252
21
1.1477126377952755
0
LINE
8
BLACK
6
CONTINUOUS
10
1.6690292125984252
20
1.1477126377952755
11
1.669118188976378
21
1.147656653543307
0
LINE
8
BLACK
6
CONTINUOUS
10
1.669118188976378
20
1.147656653543307
11
1.6691693307086615
21
1.1475976771653542
0
LINE
8
BLACK
6
CONTINUOUS
10
1.6691693307086615
20
1.1475976771653542
11
1.6693957086614173
21
1.1474118897637795
0
LINE
8
BLACK
6
CONTINUOUS
10
1.6693957086614173
20
1.1474118897637795
11
1.6712704724409448
21
1.1455371259842519
0
LINE
8
BLACK
6
CONTINUOUS
10
1.6712704724409448
20
1.1455371259842519
11
1.6714562204724408
21
1.1453107874015749
0
LINE
8
BLACK
6
CONTINUOUS
10
1.6714562204724408
20
1.1453107874015749
11
1.6715152362204724
21
1.1452596062992126
0
LINE
8
BLACK
6
CONTINUOUS
10
1.6715152362204724
20
1.1452596062992126
11
1.6715711811023621
21
1.1451706692913386
0
LINE
8
BLACK
6
CONTINUOUS
10
1.6715711811023621
20
1.1451706692913386
11
1.6716376771653543
21
1.1450896850393701
0
LINE
8
BLACK
6
CONTINUOUS
10
1.6716376771653543
20
1.1450896850393701
11
1.6716674803149605
21
1.1450177559055117
0
LINE
8
BLACK
6
CONTINUOUS
10
1.6716674803149605
20
1.1450177559055117
11
1.6718235826771652
21
1.1447697244094488
0
LINE
8
BLACK
6
CONTINUOUS
10
1.6718235826771652
20
1.1447697244094488
11
1.6736983464566928
21
1.1410201968503937
0
LINE
8
BLACK
6
CONTINUOUS
10
1.6736983464566928
20
1.1410201968503937
11
1.6739052362204725
21
1.1404796062992126
0
LINE
8
BLACK
6
CONTINUOUS
10
1.6739052362204725
20
1.1404796062992126
11
1.6739127559055118
21
1.1403737401574803
0
LINE
8
BLACK
6
CONTINUOUS
10
1.6739127559055118
20
1.1403737401574803
11
1.6739533464566929
21
1.140275748031496
0
LINE
8
BLACK
6
CONTINUOUS
10
1.6739533464566929
20
1.140275748031496
11
1.6740100787401575
21
1.1396996850393701
0
LINE
8
BLACK
6
CONTINUOUS
10
1.6740100787401575
20
1.1396996850393701
11
1.6740100787401575
21
1.1284511023622048
0
LINE
8
BLACK
6
CONTINUOUS
10
1.6740100787401575
20
1.1284511023622048
11
1.6739533464566929
21
1.1278750393700787
0
LINE
8
BLACK
6
CONTINUOUS
10
1.6739533464566929
20
1.1278750393700787
11
1.6739127559055118
21
1.1277770866141732
0
LINE
8
BLACK
6
CONTINUOUS
10
1.6739127559055118
20
1.1277770866141732
11
1.6739052362204725
21
1.1276711811023621
0
LINE
8
BLACK
6
CONTINUOUS
10
1.6739052362204725
20
1.1276711811023621
11
1.6736983464566928
21
1.127130590551181
0
LINE
8
BLACK
6
CONTINUOUS
10
1.6736983464566928
20
1.127130590551181
11
1.6718235826771652
21
1.1233810629921259
0
LINE
8
BLACK
6
CONTINUOUS
10
1.6718235826771652
20
1.1233810629921259
11
1.6716675196850392
21
1.1231331889763778
0
LINE
8
BLACK
6
CONTINUOUS
10
1.6716675196850392
20
1.1231331889763778
11
1.671637716535433
21
1.1230611417322833
0
LINE
8
BLACK
6
CONTINUOUS
10
1.671637716535433
20
1.1230611417322833
11
1.6715711811023621
21
1.1229801181102361
0
LINE
8
BLACK
6
CONTINUOUS
10
1.6715711811023621
20
1.1229801181102361
11
1.6715152362204724
21
1.1228911811023621
0
LINE
8
BLACK
6
CONTINUOUS
10
1.6715152362204724
20
1.1228911811023621
11
1.6714562204724408
21
1.1228400393700788
0
LINE
8
BLACK
6
CONTINUOUS
10
1.6714562204724408
20
1.1228400393700788
11
1.6712704724409448
21
1.1226136614173228
0
LINE
8
BLACK
6
CONTINUOUS
10
1.6712704724409448
20
1.1226136614173228
11
1.669395748031496
21
1.1207388976377952
0
LINE
8
BLACK
6
CONTINUOUS
10
1.669395748031496
20
1.1207388976377952
11
1.6691693700787402
21
1.1205531496062993
0
LINE
8
BLACK
6
CONTINUOUS
10
1.6691693700787402
20
1.1205531496062993
11
1.669118188976378
21
1.1204940944881889
0
LINE
8
BLACK
6
CONTINUOUS
10
1.669118188976378
20
1.1204940944881889
11
1.6690292125984252
21
1.1204381102362204
0
LINE
8
BLACK
6
CONTINUOUS
10
1.6690292125984252
20
1.1204381102362204
11
1.6689482677165355
21
1.120371653543307
0
LINE
8
BLACK
6
CONTINUOUS
10
1.6689482677165355
20
1.120371653543307
11
1.6688762992125983
21
1.1203418503937008
0
LINE
8
BLACK
6
CONTINUOUS
10
1.6688762992125983
20
1.1203418503937008
11
1.6686283070866141
21
1.1201857480314961
0
LINE
8
BLACK
6
CONTINUOUS
10
1.6686283070866141
20
1.1201857480314961
11
1.664878779527559
21
1.1183109842519685
0
LINE
8
BLACK
6
CONTINUOUS
10
1.664878779527559
20
1.1183109842519685
11
1.6643381496062992
21
1.118104094488189
0
LINE
8
BLACK
6
CONTINUOUS
10
1.6643381496062992
20
1.118104094488189
11
1.6642323228346456
21
1.1180966141732283
0
LINE
8
BLACK
6
CONTINUOUS
10
1.6642323228346456
20
1.1180966141732283
11
1.6641343307086613
21
1.1180559842519684
0
LINE
8
BLACK
6
CONTINUOUS
10
1.6641343307086613
20
1.1180559842519684
11
1.6635582677165355
21
1.1179992519685038
0
LINE
8
BLACK
6
CONTINUOUS
10
1.6635582677165355
20
1.1179992519685038
11
1.6579339763779528
21
1.1179992519685038
0
LINE
8
BLACK
6
CONTINUOUS
10
1.6579339763779528
20
1.1179992519685038
11
1.6573579133858267
21
1.1180559842519684
0
LINE
8
BLACK
6
CONTINUOUS
10
1.6573579133858267
20
1.1180559842519684
11
1.6572599212598425
21
1.1180965748031495
0
LINE
8
BLACK
6
CONTINUOUS
10
1.6572599212598425
20
1.1180965748031495
11
1.6571540551181101
21
1.118104094488189
0
LINE
8
BLACK
6
CONTINUOUS
10
1.6571540551181101
20
1.118104094488189
11
1.656613464566929
21
1.1183109842519685
0
LINE
8
BLACK
6
CONTINUOUS
10
1.656613464566929
20
1.1183109842519685
11
1.6528639370078739
21
1.1201857480314961
0
LINE
8
BLACK
6
CONTINUOUS
10
1.6528639370078739
20
1.1201857480314961
11
1.652615905511811
21
1.1203418503937008
0
LINE
8
BLACK
6
CONTINUOUS
10
1.652615905511811
20
1.1203418503937008
11
1.6525439763779528
21
1.120371653543307
0
LINE
8
BLACK
6
CONTINUOUS
10
1.6525439763779528
20
1.120371653543307
11
1.6524629921259841
21
1.1204381102362204
0
LINE
8
BLACK
6
CONTINUOUS
10
1.6524629921259841
20
1.1204381102362204
11
1.6523740551181103
21
1.1204940944881889
0
LINE
8
BLACK
6
CONTINUOUS
10
1.6523740551181103
20
1.1204940944881889
11
1.6523228346456693
21
1.1205531496062993
0
LINE
8
BLACK
6
CONTINUOUS
10
1.6523228346456693
20
1.1205531496062993
11
1.652096496062992
21
1.1207388976377952
0
LINE
8
BLACK
6
CONTINUOUS
10
1.652096496062992
20
1.1207388976377952
11
1.6502217322834645
21
1.1226137007874015
0
LINE
8
BLACK
6
CONTINUOUS
10
1.6502217322834645
20
1.1226137007874015
11
1.6500359842519685
21
1.1228400393700788
0
LINE
8
BLACK
6
CONTINUOUS
10
1.6500359842519685
20
1.1228400393700788
11
1.6499770078740157
21
1.1228911811023621
0
LINE
8
BLACK
6
CONTINUOUS
10
1.6499770078740157
20
1.1228911811023621
11
1.6499210236220472
21
1.1229801181102361
0
LINE
8
BLACK
6
CONTINUOUS
10
1.6499210236220472
20
1.1229801181102361
11
1.649854527559055
21
1.1230611417322833
0
LINE
8
BLACK
6
CONTINUOUS
10
1.649854527559055
20
1.1230611417322833
11
1.6498246850393701
21
1.1231331889763778
0
LINE
8
BLACK
6
CONTINUOUS
10
1.6498246850393701
20
1.1231331889763778
11
1.6496686614173228
21
1.1233810629921259
0
LINE
8
BLACK
6
CONTINUOUS
10
1.6496686614173228
20
1.1233810629921259
11
1.6477938976377953
21
1.127130590551181
0
LINE
8
BLACK
6
CONTINUOUS
10
1.6477938976377953
20
1.127130590551181
11
1.6475870078740158
21
1.1276712204724408
0
LINE
8
BLACK
6
CONTINUOUS
10
1.6475870078740158
20
1.1276712204724408
11
1.6475794881889763
21
1.1277770472440944
0
LINE
8
BLACK
6
CONTINUOUS
10
1.6475794881889763
20
1.1277770472440944
11
1.6475388976377952
21
1.1278750393700787
0
LINE
8
BLACK
6
CONTINUOUS
10
1.6475388976377952
20
1.1278750393700787
11
1.6474821653543306
21
1.1284511023622048
0
LINE
8
BLACK
6
CONTINUOUS
10
1.6474821653543306
20
1.1284511023622048
11
1.6474821653543306
21
1.1396996850393701
0
LINE
8
BLACK
6
CONTINUOUS
10
1.6474821653543306
20
1.1396996850393701
11
1.6475388976377952
21
1.140275748031496
0
LINE
8
BLACK
6
CONTINUOUS
10
1.6475388976377952
20
1.140275748031496
11
1.6475794881889763
21
1.140373779527559
0
LINE
8
BLACK
6
CONTINUOUS
10
1.6475794881889763
20
1.140373779527559
11
1.6475870078740158
21
1.1404795669291339
0
LINE
8
BLACK
6
CONTINUOUS
10
1.6475870078740158
20
1.1404795669291339
11
1.6477938976377953
21
1.1410201968503937
0
LINE
8
BLACK
6
CONTINUOUS
10
1.6477938976377953
20
1.1410201968503937
11
1.6496686614173228
21
1.1447697244094488
0
LINE
8
BLACK
6
CONTINUOUS
10
1.6496686614173228
20
1.1447697244094488
11
1.6498247244094488
21
1.1450177559055117
0
LINE
8
BLACK
6
CONTINUOUS
10
1.6498247244094488
20
1.1450177559055117
11
1.6498545669291338
21
1.1450896850393701
0
LINE
8
BLACK
6
CONTINUOUS
10
1.6498545669291338
20
1.1450896850393701
11
1.6499210236220472
21
1.1451706692913386
0
LINE
8
BLACK
6
CONTINUOUS
10
1.6499210236220472
20
1.1451706692913386
11
1.6499770078740157
21
1.1452596062992126
0
LINE
8
BLACK
6
CONTINUOUS
10
1.6499770078740157
20
1.1452596062992126
11
1.6500359842519685
21
1.1453107874015749
0
LINE
8
BLACK
6
CONTINUOUS
10
1.6500359842519685
20
1.1453107874015749
11
1.6502217716535432
21
1.1455371259842519
0
LINE
8
BLACK
6
CONTINUOUS
10
1.6502217716535432
20
1.1455371259842519
11
1.6520965354330708
21
1.1474118897637795
0
LINE
8
BLACK
6
CONTINUOUS
10
1.6520965354330708
20
1.1474118897637795
11
1.6523228740157481
21
1.1475976771653542
0
LINE
8
BLACK
6
CONTINUOUS
10
1.6523228740157481
20
1.1475976771653542
11
1.6523740551181103
21
1.147656653543307
0
LINE
8
BLACK
6
CONTINUOUS
10
1.6523740551181103
20
1.147656653543307
11
1.6524629921259841
21
1.1477126377952755
0
LINE
8
BLACK
6
CONTINUOUS
10
1.6524629921259841
20
1.1477126377952755
11
1.6525439763779528
21
1.1477790944881889
0
LINE
8
BLACK
6
CONTINUOUS
10
1.6525439763779528
20
1.1477790944881889
11
1.652615905511811
21
1.1478089370078739
0
LINE
8
BLACK
6
CONTINUOUS
10
1.652615905511811
20
1.1478089370078739
11
1.6528639370078739
21
1.1479649999999999
0
LINE
8
BLACK
6
CONTINUOUS
10
1.6528639370078739
20
1.1479649999999999
11
1.656613464566929
21
1.1498397637795275
0
LINE
8
BLACK
6
CONTINUOUS
10
1.656613464566929
20
1.1498397637795275
11
1.6571540551181101
21
1.1500466535433072
0
LINE
8
BLACK
6
CONTINUOUS
10
1.6571540551181101
20
1.1500466535433072
11
1.6572599212598425
21
1.1500542125984252
0
LINE
8
BLACK
6
CONTINUOUS
10
1.6572599212598425
20
1.1500542125984252
11
1.6573579133858267
21
1.1500947637795276
0
LINE
8
BLACK
6
CONTINUOUS
10
1.6573579133858267
20
1.1500947637795276
11
1.6579339763779528
21
1.1501514960629922
0
LINE
8
BLACK
6
CONTINUOUS
10
1.6579339763779528
20
1.1501514960629922
11
1.6635582677165355
21
1.1501514960629922
0
LINE
8
BLACK
6
CONTINUOUS
10
1.6635582677165355
20
1.1501514960629922
11
1.6641343307086613
21
1.1500947637795276
0
LINE
8
BLACK
6
CONTINUOUS
10
1.6559335433070865
20
1.1428972440944882
11
1.6547364173228347
21
1.1417001181102362
0
LINE
8
BLACK
6
CONTINUOUS
10
1.6547364173228347
20
1.1417001181102362
11
1.6533876771653544
21
1.1390026377952756
0
LINE
8
BLACK
6
CONTINUOUS
10
1.6533876771653544
20
1.1390026377952756
11
1.6533876771653544
21
1.1291481496062992
0
LINE
8
BLACK
6
CONTINUOUS
10
1.6533876771653544
20
1.1291481496062992
11
1.6547364173228347
21
1.1264506692913385
0
LINE
8
BLACK
6
CONTINUOUS
10
1.6547364173228347
20
1.1264506692913385
11
1.6559335433070865
21
1.1252535039370077
0
LINE
8
BLACK
6
CONTINUOUS
10
1.6559335433070865
20
1.1252535039370077
11
1.6586310236220472
21
1.1239047637795276
0
LINE
8
BLACK
6
CONTINUOUS
10
1.6586310236220472
20
1.1239047637795276
11
1.6628612204724409
21
1.1239047637795276
0
LINE
8
BLACK
6
CONTINUOUS
10
1.6628612204724409
20
1.1239047637795276
11
1.6655586614173228
21
1.1252535039370077
0
LINE
8
BLACK
6
CONTINUOUS
10
1.6655586614173228
20
1.1252535039370077
11
1.6667557874015748
21
1.1264506692913385
0
LINE
8
BLACK
6
CONTINUOUS
10
1.6667557874015748
20
1.1264506692913385
11
1.6681045669291339
21
1.1291481496062992
0
LINE
8
BLACK
6
CONTINUOUS
10
1.6681045669291339
20
1.1291481496062992
11
1.6681045669291339
21
1.1390026377952756
0
LINE
8
BLACK
6
CONTINUOUS
10
1.6681045669291339
20
1.1390026377952756
11
1.6667558267716536
21
1.1417001181102362
0
LINE
8
BLACK
6
CONTINUOUS
10
1.6667558267716536
20
1.1417001181102362
11
1.6655587007874015
21
1.1428972440944882
0
LINE
8
BLACK
6
CONTINUOUS
10
1.6655587007874015
20
1.1428972440944882
11
1.6628612204724409
21
1.1442459842519686
0
LINE
8
BLACK
6
CONTINUOUS
10
1.6628612204724409
20
1.1442459842519686
11
1.6586310236220472
21
1.1442459842519686
0
LINE
8
BLACK
6
CONTINUOUS
10
1.6586310236220472
20
1.1442459842519686
11
1.6559335433070865
21
1.1428972440944882
0
LINE
8
BLACK
6
CONTINUOUS
10
1.7688366929133859
20
1.1632461417322835
11
1.7689144488188977
21
1.1632516535433071
0
LINE
8
BLACK
6
CONTINUOUS
10
1.7689144488188977
20
1.1632516535433071
11
1.7690166929133857
21
1.1632284251968503
0
LINE
8
BLACK
6
CONTINUOUS
10
1.7690166929133857
20
1.1632284251968503
11
1.7691212204724409
21
1.1632181102362205
0
LINE
8
BLACK
6
CONTINUOUS
10
1.7691212204724409
20
1.1632181102362205
11
1.7691933070866142
21
1.1631882677165355
0
LINE
8
BLACK
6
CONTINUOUS
10
1.7691933070866142
20
1.1631882677165355
11
1.7694788976377953
21
1.163123307086614
0
LINE
8
BLACK
6
CONTINUOUS
10
1.7694788976377953
20
1.163123307086614
11
1.775103188976378
21
1.1612485433070865
0
LINE
8
BLACK
6
CONTINUOUS
10
1.775103188976378
20
1.1612485433070865
11
1.7756317322834645
21
1.1610125590551181
0
LINE
8
BLACK
6
CONTINUOUS
10
1.7756317322834645
20
1.1610125590551181
11
1.7765020866141732
21
1.1602576771653543
0
LINE
8
BLACK
6
CONTINUOUS
10
1.7765020866141732
20
1.1602576771653543
11
1.7770173228346455
21
1.1592272440944882
0
LINE
8
BLACK
6
CONTINUOUS
10
1.7770173228346455
20
1.1592272440944882
11
1.7770990157480315
21
1.158078031496063
0
LINE
8
BLACK
6
CONTINUOUS
10
1.7770990157480315
20
1.158078031496063
11
1.7767346850393699
21
1.1569850393700787
0
LINE
8
BLACK
6
CONTINUOUS
10
1.7767346850393699
20
1.1569850393700787
11
1.7759798031496064
21
1.1561146456692912
0
LINE
8
BLACK
6
CONTINUOUS
10
1.7759798031496064
20
1.1561146456692912
11
1.7749493307086615
21
1.1555994488188976
0
LINE
8
BLACK
6
CONTINUOUS
10
1.7749493307086615
20
1.1555994488188976
11
1.7738001181102361
21
1.1555177559055119
0
LINE
8
BLACK
6
CONTINUOUS
10
1.7738001181102361
20
1.1555177559055119
11
1.7732356692913385
21
1.1556461023622047
0
LINE
8
BLACK
6
CONTINUOUS
10
1.7732356692913385
20
1.1556461023622047
11
1.7680660236220471
21
1.1573693307086614
0
LINE
8
BLACK
6
CONTINUOUS
10
1.7680660236220471
20
1.1573693307086614
11
1.7598683858267716
21
1.1573693307086614
0
LINE
8
BLACK
6
CONTINUOUS
10
1.7598683858267716
20
1.1573693307086614
11
1.757170905511811
21
1.1560205905511811
0
LINE
8
BLACK
6
CONTINUOUS
10
1.757170905511811
20
1.1560205905511811
11
1.755973779527559
21
1.1548234645669291
0
LINE
8
BLACK
6
CONTINUOUS
10
1.755973779527559
20
1.1548234645669291
11
1.7546250393700786
21
1.1521259842519684
0
LINE
8
BLACK
6
CONTINUOUS
10
1.7546250393700786
20
1.1521259842519684
11
1.7546250393700786
21
1.1497705511811023
0
LINE
8
BLACK
6
CONTINUOUS
10
1.7546250393700786
20
1.1497705511811023
11
1.755973779527559
21
1.1470730708661416
0
LINE
8
BLACK
6
CONTINUOUS
10
1.755973779527559
20
1.1470730708661416
11
1.757170905511811
21
1.1458759448818898
0
LINE
8
BLACK
6
CONTINUOUS
10
1.757170905511811
20
1.1458759448818898
11
1.7602018897637794
21
1.1443604724409449
0
LINE
8
BLACK
6
CONTINUOUS
10
1.7602018897637794
20
1.1443604724409449
11
1.7673865354330709
21
1.1425642913385827
0
LINE
8
BLACK
6
CONTINUOUS
10
1.7673865354330709
20
1.1425642913385827
11
1.7674290157480315
21
1.1425491338582676
0
LINE
8
BLACK
6
CONTINUOUS
10
1.7674290157480315
20
1.1425491338582676
11
1.7674502755905512
21
1.1425475984251969
0
LINE
8
BLACK
6
CONTINUOUS
10
1.7674502755905512
20
1.1425475984251969
11
1.76768968503937
21
1.1424559842519684
0
LINE
8
BLACK
6
CONTINUOUS
10
1.76768968503937
20
1.1424559842519684
11
1.7679316535433069
21
1.1423695275590551
0
LINE
8
BLACK
6
CONTINUOUS
10
1.7679316535433069
20
1.1423695275590551
11
1.767948779527559
21
1.1423568503937007
0
LINE
8
BLACK
6
CONTINUOUS
10
1.767948779527559
20
1.1423568503937007
11
1.767990905511811
21
1.1423407086614172
0
LINE
8
BLACK
6
CONTINUOUS
10
1.767990905511811
20
1.1423407086614172
11
1.7717404330708661
21
1.1404659448818897
0
LINE
8
BLACK
6
CONTINUOUS
10
1.7717404330708661
20
1.1404659448818897
11
1.7719884251968503
21
1.1403098818897637
0
LINE
8
BLACK
6
CONTINUOUS
10
1.7719884251968503
20
1.1403098818897637
11
1.7720603937007873
21
1.1402800393700787
0
LINE
8
BLACK
6
CONTINUOUS
10
1.7720603937007873
20
1.1402800393700787
11
1.7721413385826772
21
1.1402135826771653
0
LINE
8
BLACK
6
CONTINUOUS
10
1.7721413385826772
20
1.1402135826771653
11
1.7722303149606298
21
1.1401575984251968
0
LINE
8
BLACK
6
CONTINUOUS
10
1.7722303149606298
20
1.1401575984251968
11
1.7722814566929133
21
1.140098622047244
0
LINE
8
BLACK
6
CONTINUOUS
10
1.7722814566929133
20
1.140098622047244
11
1.7725078346456693
21
1.1399128346456693
0
LINE
8
BLACK
6
CONTINUOUS
10
1.7725078346456693
20
1.1399128346456693
11
1.7743825984251969
21
1.1380380708661417
0
LINE
8
BLACK
6
CONTINUOUS
10
1.7743825984251969
20
1.1380380708661417
11
1.7745683464566928
21
1.1378117322834644
0
LINE
8
BLACK
6
CONTINUOUS
10
1.7745683464566928
20
1.1378117322834644
11
1.7746273622047244
21
1.1377605511811024
0
LINE
8
BLACK
6
CONTINUOUS
10
1.7746273622047244
20
1.1377605511811024
11
1.7746833070866141
21
1.1376716141732284
0
LINE
8
BLACK
6
CONTINUOUS
10
1.7746833070866141
20
1.1376716141732284
11
1.7747498031496063
21
1.1375906299212599
0
LINE
8
BLACK
6
CONTINUOUS
10
1.7747498031496063
20
1.1375906299212599
11
1.7747796062992125
21
1.1375187007874015
0
LINE
8
BLACK
6
CONTINUOUS
10
1.7747796062992125
20
1.1375187007874015
11
1.7749357086614173
21
1.1372706692913386
0
LINE
8
BLACK
6
CONTINUOUS
10
1.7749357086614173
20
1.1372706692913386
11
1.7768104724409448
21
1.1335211417322835
0
LINE
8
BLACK
6
CONTINUOUS
10
1.7768104724409448
20
1.1335211417322835
11
1.7770173622047243
21
1.1329805511811024
0
LINE
8
BLACK
6
CONTINUOUS
10
1.7770173622047243
20
1.1329805511811024
11
1.7770248818897638
21
1.1328746850393701
0
LINE
8
BLACK
6
CONTINUOUS
10
1.7770248818897638
20
1.1328746850393701
11
1.7770654724409449
21
1.1327766929133858
0
LINE
8
BLACK
6
CONTINUOUS
10
1.7770654724409449
20
1.1327766929133858
11
1.7771222047244095
21
1.1322006299212599
0
LINE
8
BLACK
6
CONTINUOUS
10
1.7771222047244095
20
1.1322006299212599
11
1.7771222047244095
21
1.1284511023622048
0
LINE
8
BLACK
6
CONTINUOUS
10
1.7771222047244095
20
1.1284511023622048
11
1.7770654724409449
21
1.1278750393700787
0
LINE
8
BLACK
6
CONTINUOUS
10
1.7770654724409449
20
1.1278750393700787
11
1.7770248818897638
21
1.1277770866141732
0
LINE
8
BLACK
6
CONTINUOUS
10
1.7770248818897638
20
1.1277770866141732
11
1.7770173622047243
21
1.1276711811023621
0
LINE
8
BLACK
6
CONTINUOUS
10
1.7770173622047243
20
1.1276711811023621
11
1.7768104724409448
21
1.127130590551181
0
LINE
8
BLACK
6
CONTINUOUS
10
1.7768104724409448
20
1.127130590551181
11
1.7749357086614173
21
1.1233810629921259
0
LINE
8
BLACK
6
CONTINUOUS
10
1.7749357086614173
20
1.1233810629921259
11
1.7747796456692913
21
1.1231331889763778
0
LINE
8
BLACK
6
CONTINUOUS
10
1.7747796456692913
20
1.1231331889763778
11
1.774749842519685
21
1.1230611417322833
0
LINE
8
BLACK
6
CONTINUOUS
10
1.774749842519685
20
1.1230611417322833
11
1.7746833070866141
21
1.1229801181102361
0
LINE
8
BLACK
6
CONTINUOUS
10
1.7746833070866141
20
1.1229801181102361
11
1.7746273622047244
21
1.1228911811023621
0
LINE
8
BLACK
6
CONTINUOUS
10
1.7746273622047244
20
1.1228911811023621
11
1.7745683464566928
21
1.1228400393700788
0
LINE
8
BLACK
6
CONTINUOUS
10
1.7745683464566928
20
1.1228400393700788
11
1.7743825984251969
21
1.1226136614173228
0
LINE
8
BLACK
6
CONTINUOUS
10
1.7743825984251969
20
1.1226136614173228
11
1.7725078740157481
21
1.1207388976377952
0
LINE
8
BLACK
6
CONTINUOUS
10
1.7725078740157481
20
1.1207388976377952
11
1.772281496062992
21
1.1205531496062993
0
LINE
8
BLACK
6
CONTINUOUS
10
1.772281496062992
20
1.1205531496062993
11
1.7722303149606298
21
1.1204940944881889
0
LINE
8
BLACK
6
CONTINUOUS
10
1.7722303149606298
20
1.1204940944881889
11
1.7721413385826772
21
1.1204381102362204
0
LINE
8
BLACK
6
CONTINUOUS
10
1.7721413385826772
20
1.1204381102362204
11
1.7720603937007873
21
1.120371653543307
0
LINE
8
BLACK
6
CONTINUOUS
10
1.7720603937007873
20
1.120371653543307
11
1.7719884251968503
21
1.1203418503937008
0
LINE
8
BLACK
6
CONTINUOUS
10
1.7719884251968503
20
1.1203418503937008
11
1.7717404330708661
21
1.1201857480314961
0
LINE
8
BLACK
6
CONTINUOUS
10
1.7717404330708661
20
1.1201857480314961
11
1.767990905511811
21
1.1183109842519685
0
LINE
8
BLACK
6
CONTINUOUS
10
1.767990905511811
20
1.1183109842519685
11
1.7674502755905512
21
1.118104094488189
0
LINE
8
BLACK
6
CONTINUOUS
10
1.7674502755905512
20
1.118104094488189
11
1.7673444488188976
21
1.1180966141732283
0
LINE
8
BLACK
6
CONTINUOUS
10
1.7673444488188976
20
1.1180966141732283
11
1.7672464566929134
21
1.1180559842519684
0
LINE
8
BLACK
6
CONTINUOUS
10
1.7672464566929134
20
1.1180559842519684
11
1.7666703937007873
21
1.1179992519685038
0
LINE
8
BLACK
6
CONTINUOUS
10
1.7666703937007873
20
1.1179992519685038
11
1.7572965748031495
21
1.1179992519685038
0
LINE
8
BLACK
6
CONTINUOUS
10
1.7572965748031495
20
1.1179992519685038
11
1.7570049606299212
21
1.1180279921259841
0
LINE
8
BLACK
6
CONTINUOUS
10
1.7570049606299212
20
1.1180279921259841
11
1.7569272440944881
21
1.1180224409448818
0
LINE
8
BLACK
6
CONTINUOUS
10
1.7569272440944881
20
1.1180224409448818
11
1.7568249606299213
21
1.1180457086614173
0
LINE
8
BLACK
6
CONTINUOUS
10
1.7568249606299213
20
1.1180457086614173
11
1.7567205118110236
21
1.1180559842519684
0
LINE
8
BLACK
6
CONTINUOUS
10
1.7567205118110236
20
1.1180559842519684
11
1.7566484251968504
21
1.1180858661417323
0
LINE
8
BLACK
6
CONTINUOUS
10
1.7566484251968504
20
1.1180858661417323
11
1.7563627952755905
21
1.1181507874015748
0
LINE
8
BLACK
6
CONTINUOUS
10
1.7563627952755905
20
1.1181507874015748
11
1.7507385433070866
21
1.1200255511811024
0
LINE
8
BLACK
6
CONTINUOUS
10
1.7507385433070866
20
1.1200255511811024
11
1.7502099606299213
21
1.1202615354330709
0
LINE
8
BLACK
6
CONTINUOUS
10
1.7502099606299213
20
1.1202615354330709
11
1.7493396062992126
21
1.1210164173228345
0
LINE
8
BLACK
6
CONTINUOUS
10
1.7493396062992126
20
1.1210164173228345
11
1.7488244094488188
21
1.1220468503937007
0
LINE
8
BLACK
6
CONTINUOUS
10
1.7488244094488188
20
1.1220468503937007
11
1.748742716535433
21
1.123196062992126
0
LINE
8
BLACK
6
CONTINUOUS
10
1.748742716535433
20
1.123196062992126
11
1.7491070472440944
21
1.1242890944881889
0
LINE
8
BLACK
6
CONTINUOUS
10
1.7491070472440944
20
1.1242890944881889
11
1.7498619291338582
21
1.1251594488188976
0
LINE
8
BLACK
6
CONTINUOUS
10
1.7498619291338582
20
1.1251594488188976
11
1.7508923622047243
21
1.1256746456692912
0
LINE
8
BLACK
6
CONTINUOUS
10
1.7508923622047243
20
1.1256746456692912
11
1.7520415748031495
21
1.1257563385826772
0
LINE
8
BLACK
6
CONTINUOUS
10
1.7520415748031495
20
1.1257563385826772
11
1.7526060236220471
21
1.1256279921259842
0
LINE
8
BLACK
6
CONTINUOUS
10
1.7526060236220471
20
1.1256279921259842
11
1.7577757086614172
21
1.1239047637795276
0
LINE
8
BLACK
6
CONTINUOUS
10
1.7577757086614172
20
1.1239047637795276
11
1.7659733464566929
21
1.1239047637795276
0
LINE
8
BLACK
6
CONTINUOUS
10
1.7659733464566929
20
1.1239047637795276
11
1.7686707874015748
21
1.1252535039370077
0
LINE
8
BLACK
6
CONTINUOUS
10
1.7686707874015748
20
1.1252535039370077
11
1.7698679133858268
21
1.1264506692913385
0
LINE
8
BLACK
6
CONTINUOUS
10
1.7698679133858268
20
1.1264506692913385
11
1.7712166929133857
21
1.1291481496062992
0
LINE
8
BLACK
6
CONTINUOUS
10
1.7712166929133857
20
1.1291481496062992
11
1.7712166929133857
21
1.1315035826771653
0
LINE
8
BLACK
6
CONTINUOUS
10
1.7712166929133857
20
1.1315035826771653
11
1.7698679527559056
21
1.134201062992126
0
LINE
8
BLACK
6
CONTINUOUS
10
1.7698679527559056
20
1.134201062992126
11
1.7686708267716535
21
1.135398188976378
0
LINE
8
BLACK
6
CONTINUOUS
10
1.7686708267716535
20
1.135398188976378
11
1.7656398425196851
21
1.1369137007874015
0
LINE
8
BLACK
6
CONTINUOUS
10
1.7656398425196851
20
1.1369137007874015
11
1.7584551968503936
21
1.1387098425196851
0
LINE
8
BLACK
6
CONTINUOUS
10
1.7584551968503936
20
1.1387098425196851
11
1.7584126771653543
21
1.1387250393700787
0
LINE
8
BLACK
6
CONTINUOUS
10
1.7584126771653543
20
1.1387250393700787
11
1.7583914173228345
21
1.1387265354330709
0
LINE
8
BLACK
6
CONTINUOUS
10
1.7583914173228345
20
1.1387265354330709
11
1.758151653543307
21
1.1388183070866142
0
LINE
8
BLACK
6
CONTINUOUS
10
1.758151653543307
20
1.1388183070866142
11
1.7579100787401574
21
1.1389046062992125
0
LINE
8
BLACK
6
CONTINUOUS
10
1.7579100787401574
20
1.1389046062992125
11
1.7578929133858268
21
1.1389173228346456
0
LINE
8
BLACK
6
CONTINUOUS
10
1.7578929133858268
20
1.1389173228346456
11
1.7578508267716535
21
1.1389334251968504
0
LINE
8
BLACK
6
CONTINUOUS
10
1.7578508267716535
20
1.1389334251968504
11
1.7541012992125984
21
1.1408081889763779
0
LINE
8
BLACK
6
CONTINUOUS
10
1.7541012992125984
20
1.1408081889763779
11
1.7538532677165355
21
1.1409642913385827
0
LINE
8
BLACK
6
CONTINUOUS
10
1.7538532677165355
20
1.1409642913385827
11
1.753781338582677
21
1.1409940944881889
0
LINE
8
BLACK
6
CONTINUOUS
10
1.753781338582677
20
1.1409940944881889
11
1.7537003543307086
21
1.141060590551181
0
LINE
8
BLACK
6
CONTINUOUS
10
1.7537003543307086
20
1.141060590551181
11
1.7536114173228345
21
1.1411165354330708
0
LINE
8
BLACK
6
CONTINUOUS
10
1.7536114173228345
20
1.1411165354330708
11
1.7535602362204723
21
1.1411755511811024
0
LINE
8
BLACK
6
CONTINUOUS
10
1.7535602362204723
20
1.1411755511811024
11
1.7533338976377952
21
1.1413612992125983
0
LINE
8
BLACK
6
CONTINUOUS
10
1.7533338976377952
20
1.1413612992125983
11
1.7514591338582677
21
1.1432360629921259
0
LINE
8
BLACK
6
CONTINUOUS
10
1.7514591338582677
20
1.1432360629921259
11
1.751273346456693
21
1.1434624409448819
0
LINE
8
BLACK
6
CONTINUOUS
10
1.751273346456693
20
1.1434624409448819
11
1.7512143700787401
21
1.1435135826771654
0
LINE
8
BLACK
6
CONTINUOUS
10
1.7512143700787401
20
1.1435135826771654
11
1.7511583858267716
21
1.143602559055118
0
LINE
8
BLACK
6
CONTINUOUS
10
1.7511583858267716
20
1.143602559055118
11
1.7510919291338582
21
1.1436835039370079
0
LINE
8
BLACK
6
CONTINUOUS
10
1.7510919291338582
20
1.1436835039370079
11
1.7510620866141733
21
1.1437554724409449
0
LINE
8
BLACK
6
CONTINUOUS
10
1.7510620866141733
20
1.1437554724409449
11
1.7509060236220473
21
1.144003464566929
0
LINE
8
BLACK
6
CONTINUOUS
10
1.7509060236220473
20
1.144003464566929
11
1.7490312598425197
21
1.1477529921259841
0
LINE
8
BLACK
6
CONTINUOUS
10
1.7490312598425197
20
1.1477529921259841
11
1.74882437007874
21
1.1482936220472442
0
LINE
8
BLACK
6
CONTINUOUS
10
1.74882437007874
20
1.1482936220472442
11
1.7488168503937007
21
1.1483994488188976
0
LINE
8
BLACK
6
CONTINUOUS
10
1.7488168503937007
20
1.1483994488188976
11
1.7487762598425196
21
1.1484974409448818
0
LINE
8
BLACK
6
CONTINUOUS
10
1.7487762598425196
20
1.1484974409448818
11
1.748719527559055
21
1.1490735039370079
0
LINE
8
BLACK
6
CONTINUOUS
10
1.748719527559055
20
1.1490735039370079
11
1.748719527559055
21
1.152823031496063
0
LINE
8
BLACK
6
CONTINUOUS
10
1.748719527559055
20
1.152823031496063
11
1.7487762598425196
21
1.1533990944881889
0
LINE
8
BLACK
6
CONTINUOUS
10
1.7487762598425196
20
1.1533990944881889
11
1.7488168503937007
21
1.1534971259842519
0
LINE
8
BLACK
6
CONTINUOUS
10
1.7488168503937007
20
1.1534971259842519
11
1.74882437007874
21
1.1536029133858268
0
LINE
8
BLACK
6
CONTINUOUS
10
1.74882437007874
20
1.1536029133858268
11
1.7490312598425197
21
1.1541435433070866
0
LINE
8
BLACK
6
CONTINUOUS
10
1.7490312598425197
20
1.1541435433070866
11
1.7509060236220473
21
1.1578930708661417
0
LINE
8
BLACK
6
CONTINUOUS
10
1.7509060236220473
20
1.1578930708661417
11
1.7510620866141733
21
1.1581411023622048
0
LINE
8
BLACK
6
CONTINUOUS
10
1.7510620866141733
20
1.1581411023622048
11
1.7510919291338582
21
1.158213031496063
0
LINE
8
BLACK
6
CONTINUOUS
10
1.7510919291338582
20
1.158213031496063
11
1.7511583858267716
21
1.1582940157480315
0
LINE
8
BLACK
6
CONTINUOUS
10
1.7511583858267716
20
1.1582940157480315
11
1.7512143700787401
21
1.1583829527559055
0
LINE
8
BLACK
6
CONTINUOUS
10
1.7512143700787401
20
1.1583829527559055
11
1.751273346456693
21
1.1584341338582678
0
LINE
8
BLACK
6
CONTINUOUS
10
1.751273346456693
20
1.1584341338582678
11
1.7514591338582677
21
1.1586604724409448
0
LINE
8
BLACK
6
CONTINUOUS
10
1.7514591338582677
20
1.1586604724409448
11
1.7533338976377952
21
1.1605352362204724
0
LINE
8
BLACK
6
CONTINUOUS
10
1.7533338976377952
20
1.1605352362204724
11
1.7535602362204723
21
1.1607210236220473
0
LINE
8
BLACK
6
CONTINUOUS
10
1.7535602362204723
20
1.1607210236220473
11
1.7536114173228345
21
1.1607799999999999
0
LINE
8
BLACK
6
CONTINUOUS
10
1.7536114173228345
20
1.1607799999999999
11
1.7537003543307086
21
1.1608359842519684
0
LINE
8
BLACK
6
CONTINUOUS
10
1.7537003543307086
20
1.1608359842519684
11
1.753781338582677
21
1.1609024409448818
0
LINE
8
BLACK
6
CONTINUOUS
10
1.753781338582677
20
1.1609024409448818
11
1.7538532677165355
21
1.160932283464567
0
LINE
8
BLACK
6
CONTINUOUS
10
1.7538532677165355
20
1.160932283464567
11
1.7541012992125984
21
1.1610883464566928
0
LINE
8
BLACK
6
CONTINUOUS
10
1.7541012992125984
20
1.1610883464566928
11
1.7578508267716535
21
1.1629631102362203
0
LINE
8
BLACK
6
CONTINUOUS
10
1.7578508267716535
20
1.1629631102362203
11
1.7583914173228345
21
1.16317
0
LINE
8
BLACK
6
CONTINUOUS
10
1.7583914173228345
20
1.16317
11
1.7584972834645669
21
1.1631775590551181
0
LINE
8
BLACK
6
CONTINUOUS
10
1.7584972834645669
20
1.1631775590551181
11
1.7585952755905512
21
1.1632181102362205
0
LINE
8
BLACK
6
CONTINUOUS
10
1.7585952755905512
20
1.1632181102362205
11
1.759171338582677
21
1.163274842519685
0
LINE
8
BLACK
6
CONTINUOUS
10
1.759171338582677
20
1.163274842519685
11
1.7685451574803148
21
1.163274842519685
0
LINE
8
BLACK
6
CONTINUOUS
10
1.7685451574803148
20
1.163274842519685
11
1.7688366929133859
21
1.1632461417322835
0
LINE
8
BLACK
6
CONTINUOUS
10
1.8028670078740157
20
1.1500947637795276
11
1.8029649999999999
21
1.1500541732283465
0
LINE
8
BLACK
6
CONTINUOUS
10
1.8029649999999999
20
1.1500541732283465
11
1.8030708267716535
21
1.1500466535433072
0
LINE
8
BLACK
6
CONTINUOUS
10
1.8030708267716535
20
1.1500466535433072
11
1.8036114566929133
21
1.1498397637795275
0
LINE
8
BLACK
6
CONTINUOUS
10
1.8036114566929133
20
1.1498397637795275
11
1.8073609842519684
21
1.1479649999999999
0
LINE
8
BLACK
6
CONTINUOUS
10
1.8073609842519684
20
1.1479649999999999
11
1.8074573228346456
21
1.1479043700787401
0
LINE
8
BLACK
6
CONTINUOUS
10
1.8074573228346456
20
1.1479043700787401
11
1.8075027559055117
21
1.1478892125984252
0
LINE
8
BLACK
6
CONTINUOUS
10
1.8075027559055117
20
1.1478892125984252
11
1.8075592913385827
21
1.1478401968503937
0
LINE
8
BLACK
6
CONTINUOUS
10
1.8075592913385827
20
1.1478401968503937
11
1.8078508661417323
21
1.147656653543307
0
LINE
8
BLACK
6
CONTINUOUS
10
1.8078508661417323
20
1.147656653543307
11
1.8080934251968503
21
1.147376968503937
0
LINE
8
BLACK
6
CONTINUOUS
10
1.8080934251968503
20
1.147376968503937
11
1.8083731496062991
21
1.1471343700787402
0
LINE
8
BLACK
6
CONTINUOUS
10
1.8083731496062991
20
1.1471343700787402
11
1.8085566535433071
21
1.1468428346456692
0
LINE
8
BLACK
6
CONTINUOUS
10
1.8085566535433071
20
1.1468428346456692
11
1.8086057086614173
21
1.1467862598425196
0
LINE
8
BLACK
6
CONTINUOUS
10
1.8086057086614173
20
1.1467862598425196
11
1.8086208267716535
21
1.1467408661417322
0
LINE
8
BLACK
6
CONTINUOUS
10
1.8086208267716535
20
1.1467408661417322
11
1.808681496062992
21
1.1466444881889764
0
LINE
8
BLACK
6
CONTINUOUS
10
1.808681496062992
20
1.1466444881889764
11
1.8105562598425196
21
1.1428949606299212
0
LINE
8
BLACK
6
CONTINUOUS
10
1.8105562598425196
20
1.1428949606299212
11
1.8107631496062992
21
1.1423543700787402
0
LINE
8
BLACK
6
CONTINUOUS
10
1.8107631496062992
20
1.1423543700787402
11
1.8107706692913386
21
1.1422485039370078
0
LINE
8
BLACK
6
CONTINUOUS
10
1.8107706692913386
20
1.1422485039370078
11
1.8108112598425197
21
1.1421505118110236
0
LINE
8
BLACK
6
CONTINUOUS
10
1.8108112598425197
20
1.1421505118110236
11
1.8108679921259843
21
1.1415744488188977
0
LINE
8
BLACK
6
CONTINUOUS
10
1.8108679921259843
20
1.1415744488188977
11
1.8108679921259843
21
1.1378249212598426
0
LINE
8
BLACK
6
CONTINUOUS
10
1.8108679921259843
20
1.1378249212598426
11
1.8108112598425197
21
1.1372488582677165
0
LINE
8
BLACK
6
CONTINUOUS
10
1.8108112598425197
20
1.1372488582677165
11
1.8107004724409448
21
1.136981496062992
0
LINE
8
BLACK
6
CONTINUOUS
10
1.8107004724409448
20
1.136981496062992
11
1.81064437007874
21
1.1366977952755906
0
LINE
8
BLACK
6
CONTINUOUS
10
1.81064437007874
20
1.1366977952755906
11
1.8104822834645669
21
1.13645468503937
0
LINE
8
BLACK
6
CONTINUOUS
10
1.8104822834645669
20
1.13645468503937
11
1.8103703543307086
21
1.1361844488188977
0
LINE
8
BLACK
6
CONTINUOUS
10
1.8103703543307086
20
1.1361844488188977
11
1.8101657086614173
21
1.1359798031496062
0
LINE
8
BLACK
6
CONTINUOUS
10
1.8101657086614173
20
1.1359798031496062
11
1.8100053149606299
21
1.1357392125984251
0
LINE
8
BLACK
6
CONTINUOUS
10
1.8100053149606299
20
1.1357392125984251
11
1.8097624803149606
21
1.1355766141732284
0
LINE
8
BLACK
6
CONTINUOUS
10
1.8097624803149606
20
1.1355766141732284
11
1.8095557086614174
21
1.1353698031496062
0
LINE
8
BLACK
6
CONTINUOUS
10
1.8095557086614174
20
1.1353698031496062
11
1.8092884251968504
21
1.1352590944881888
0
LINE
8
BLACK
6
CONTINUOUS
10
1.8092884251968504
20
1.1352590944881888
11
1.8090480708661416
21
1.1350981102362205
0
LINE
8
BLACK
6
CONTINUOUS
10
1.8090480708661416
20
1.1350981102362205
11
1.8084942913385826
21
1.1349294881889764
0
LINE
8
BLACK
6
CONTINUOUS
10
1.8084942913385826
20
1.1349294881889764
11
1.7921203543307087
21
1.1316547244094488
0
LINE
8
BLACK
6
CONTINUOUS
10
1.7921203543307087
20
1.1316547244094488
11
1.7921203543307087
21
1.1272733858267716
0
LINE
8
BLACK
6
CONTINUOUS
10
1.7921203543307087
20
1.1272733858267716
11
1.793243188976378
21
1.1250276377952755
0
LINE
8
BLACK
6
CONTINUOUS
10
1.793243188976378
20
1.1250276377952755
11
1.7954889370078739
21
1.1239047637795276
0
LINE
8
BLACK
6
CONTINUOUS
10
1.7954889370078739
20
1.1239047637795276
11
1.8015938976377952
21
1.1239047637795276
0
LINE
8
BLACK
6
CONTINUOUS
10
1.8015938976377952
20
1.1239047637795276
11
1.8047199606299211
21
1.1254677952755905
0
LINE
8
BLACK
6
CONTINUOUS
10
1.8047199606299211
20
1.1254677952755905
11
1.8052605511811024
21
1.12567468503937
0
LINE
8
BLACK
6
CONTINUOUS
10
1.8052605511811024
20
1.12567468503937
11
1.8064097637795276
21
1.1257563385826772
0
LINE
8
BLACK
6
CONTINUOUS
10
1.8064097637795276
20
1.1257563385826772
11
1.8075027559055117
21
1.1253920078740158
0
LINE
8
BLACK
6
CONTINUOUS
10
1.8075027559055117
20
1.1253920078740158
11
1.8083731102362204
21
1.1246371653543308
0
LINE
8
BLACK
6
CONTINUOUS
10
1.8083731102362204
20
1.1246371653543308
11
1.8088883858267717
21
1.1236066535433071
0
LINE
8
BLACK
6
CONTINUOUS
10
1.8088883858267717
20
1.1236066535433071
11
1.8089700393700787
21
1.1224574409448818
0
LINE
8
BLACK
6
CONTINUOUS
10
1.8089700393700787
20
1.1224574409448818
11
1.8086057086614173
21
1.1213644881889764
0
LINE
8
BLACK
6
CONTINUOUS
10
1.8086057086614173
20
1.1213644881889764
11
1.8078508661417323
21
1.1204940944881889
0
LINE
8
BLACK
6
CONTINUOUS
10
1.8078508661417323
20
1.1204940944881889
11
1.8073609842519684
21
1.1201857480314961
0
LINE
8
BLACK
6
CONTINUOUS
10
1.8073609842519684
20
1.1201857480314961
11
1.8036114566929133
21
1.1183109842519685
0
LINE
8
BLACK
6
CONTINUOUS
10
1.8036114566929133
20
1.1183109842519685
11
1.8030708267716535
21
1.118104094488189
0
LINE
8
BLACK
6
CONTINUOUS
10
1.8030708267716535
20
1.118104094488189
11
1.8029649999999999
21
1.1180966141732283
0
LINE
8
BLACK
6
CONTINUOUS
10
1.8029649999999999
20
1.1180966141732283
11
1.8028670078740157
21
1.1180559842519684
0
LINE
8
BLACK
6
CONTINUOUS
10
1.8028670078740157
20
1.1180559842519684
11
1.8022909448818898
21
1.1179992519685038
0
LINE
8
BLACK
6
CONTINUOUS
10
1.8022909448818898
20
1.1179992519685038
11
1.7947918897637796
21
1.1179992519685038
0
LINE
8
BLACK
6
CONTINUOUS
10
1.7947918897637796
20
1.1179992519685038
11
1.7942158267716535
21
1.1180559842519684
0
LINE
8
BLACK
6
CONTINUOUS
10
1.7942158267716535
20
1.1180559842519684
11
1.7941178346456692
21
1.1180965748031495
0
LINE
8
BLACK
6
CONTINUOUS
10
1.7941178346456692
20
1.1180965748031495
11
1.7940119685039371
21
1.118104094488189
0
LINE
8
BLACK
6
CONTINUOUS
10
1.7940119685039371
20
1.118104094488189
11
1.7934713779527558
21
1.1183109842519685
0
LINE
8
BLACK
6
CONTINUOUS
10
1.7934713779527558
20
1.1183109842519685
11
1.7897218503937007
21
1.1201857480314961
0
LINE
8
BLACK
6
CONTINUOUS
10
1.7897218503937007
20
1.1201857480314961
11
1.7896254724409448
21
1.1202464173228346
0
LINE
8
BLACK
6
CONTINUOUS
10
1.7896254724409448
20
1.1202464173228346
11
1.7895800787401575
21
1.1202615354330709
0
LINE
8
BLACK
6
CONTINUOUS
10
1.7895800787401575
20
1.1202615354330709
11
1.7895235039370079
21
1.120310590551181
0
LINE
8
BLACK
6
CONTINUOUS
10
1.7895235039370079
20
1.120310590551181
11
1.7892319685039371
21
1.1204940944881889
0
LINE
8
BLACK
6
CONTINUOUS
10
1.7892319685039371
20
1.1204940944881889
11
1.7889892913385825
21
1.120773937007874
0
LINE
8
BLACK
6
CONTINUOUS
10
1.7889892913385825
20
1.120773937007874
11
1.78870968503937
21
1.1210164173228345
0
LINE
8
BLACK
6
CONTINUOUS
10
1.78870968503937
20
1.1210164173228345
11
1.7885261811023621
21
1.1213079133858268
0
LINE
8
BLACK
6
CONTINUOUS
10
1.7885261811023621
20
1.1213079133858268
11
1.788477125984252
21
1.1213644881889764
0
LINE
8
BLACK
6
CONTINUOUS
10
1.788477125984252
20
1.1213644881889764
11
1.7884619685039369
21
1.1214099606299213
0
LINE
8
BLACK
6
CONTINUOUS
10
1.7884619685039369
20
1.1214099606299213
11
1.7884013385826771
21
1.1215062598425196
0
LINE
8
BLACK
6
CONTINUOUS
10
1.7884013385826771
20
1.1215062598425196
11
1.7865265748031496
21
1.1252558267716535
0
LINE
8
BLACK
6
CONTINUOUS
10
1.7865265748031496
20
1.1252558267716535
11
1.7863196850393701
21
1.1257964566929133
0
LINE
8
BLACK
6
CONTINUOUS
10
1.7863196850393701
20
1.1257964566929133
11
1.7863121653543306
21
1.1259022834645669
0
LINE
8
BLACK
6
CONTINUOUS
10
1.7863121653543306
20
1.1259022834645669
11
1.7862715748031495
21
1.1260002755905512
0
LINE
8
BLACK
6
CONTINUOUS
10
1.7862715748031495
20
1.1260002755905512
11
1.7862148425196851
21
1.1265763385826773
0
LINE
8
BLACK
6
CONTINUOUS
10
1.7862148425196851
20
1.1265763385826773
11
1.7862148425196851
21
1.1415744488188977
0
LINE
8
BLACK
6
CONTINUOUS
10
1.7862148425196851
20
1.1415744488188977
11
1.7862715748031495
21
1.1421505118110236
0
LINE
8
BLACK
6
CONTINUOUS
10
1.7862715748031495
20
1.1421505118110236
11
1.7863121653543306
21
1.1422485433070866
0
LINE
8
BLACK
6
CONTINUOUS
10
1.7863121653543306
20
1.1422485433070866
11
1.7863196850393701
21
1.1423543307086614
0
LINE
8
BLACK
6
CONTINUOUS
10
1.7863196850393701
20
1.1423543307086614
11
1.7865265748031496
21
1.1428949606299212
0
LINE
8
BLACK
6
CONTINUOUS
10
1.7865265748031496
20
1.1428949606299212
11
1.7884013385826771
21
1.1466444881889764
0
LINE
8
BLACK
6
CONTINUOUS
10
1.7884013385826771
20
1.1466444881889764
11
1.7884619685039369
21
1.1467408661417322
0
LINE
8
BLACK
6
CONTINUOUS
10
1.7884619685039369
20
1.1467408661417322
11
1.788477125984252
21
1.1467862598425196
0
LINE
8
BLACK
6
CONTINUOUS
10
1.788477125984252
20
1.1467862598425196
11
1.7885261417322835
21
1.1468428346456692
0
LINE
8
BLACK
6
CONTINUOUS
10
1.7885261417322835
20
1.1468428346456692
11
1.78870968503937
21
1.1471343700787402
0
LINE
8
BLACK
6
CONTINUOUS
10
1.78870968503937
20
1.1471343700787402
11
1.78898937007874
21
1.147376968503937
0
LINE
8
BLACK
6
CONTINUOUS
10
1.78898937007874
20
1.147376968503937
11
1.7892319685039371
21
1.147656653543307
0
LINE
8
BLACK
6
CONTINUOUS
10
1.7892319685039371
20
1.147656653543307
11
1.7895235039370079
21
1.1478401968503937
0
LINE
8
BLACK
6
CONTINUOUS
10
1.7895235039370079
20
1.1478401968503937
11
1.7895800787401575
21
1.1478892125984252
0
LINE
8
BLACK
6
CONTINUOUS
10
1.7895800787401575
20
1.1478892125984252
11
1.7896254724409448
21
1.1479043700787401
0
LINE
8
BLACK
6
CONTINUOUS
10
1.7896254724409448
20
1.1479043700787401
11
1.7897218503937007
21
1.1479649999999999
0
LINE
8
BLACK
6
CONTINUOUS
10
1.7897218503937007
20
1.1479649999999999
11
1.7934713779527558
21
1.1498397637795275
0
LINE
8
BLACK
6
CONTINUOUS
10
1.7934713779527558
20
1.1498397637795275
11
1.7940119685039371
21
1.1500466535433072
0
LINE
8
BLACK
6
CONTINUOUS
10
1.7940119685039371
20
1.1500466535433072
11
1.7941178346456692
21
1.1500542125984252
0
LINE
8
BLACK
6
CONTINUOUS
10
1.7941178346456692
20
1.1500542125984252
11
1.7942158267716535
21
1.1500947637795276
0
LINE
8
BLACK
6
CONTINUOUS
10
1.7942158267716535
20
1.1500947637795276
11
1.7947918897637796
21
1.1501514960629922
0
LINE
8
BLACK
6
CONTINUOUS
10
1.7947918897637796
20
1.1501514960629922
11
1.8022909448818898
21
1.1501514960629922
0
LINE
8
BLACK
6
CONTINUOUS
10
1.8022909448818898
20
1.1501514960629922
11
1.8028670078740157
21
1.1500947637795276
0
LINE
8
BLACK
6
CONTINUOUS
10
1.793243188976378
20
1.1431231496062992
11
1.7921203543307087
21
1.1408774015748031
0
LINE
8
BLACK
6
CONTINUOUS
10
1.7921203543307087
20
1.1408774015748031
11
1.7921203543307087
21
1.1376772047244095
0
LINE
8
BLACK
6
CONTINUOUS
10
1.7921203543307087
20
1.1376772047244095
11
1.8049624803149606
21
1.140245590551181
0
LINE
8
BLACK
6
CONTINUOUS
10
1.8049624803149606
20
1.140245590551181
11
1.8049624803149606
21
1.1408774015748031
0
LINE
8
BLACK
6
CONTINUOUS
10
1.8049624803149606
20
1.1408774015748031
11
1.8038396062992126
21
1.1431231496062992
0
LINE
8
BLACK
6
CONTINUOUS
10
1.8038396062992126
20
1.1431231496062992
11
1.8015938976377952
21
1.1442459842519686
0
LINE
8
BLACK
6
CONTINUOUS
10
1.8015938976377952
20
1.1442459842519686
11
1.7954889370078739
21
1.1442459842519686
0
LINE
8
BLACK
6
CONTINUOUS
10
1.7954889370078739
20
1.1442459842519686
11
1.793243188976378
21
1.1431231496062992
0
LINE
8
BLACK
6
CONTINUOUS
10
1.8703585826771654
20
1.1500947637795276
11
1.8704565748031496
21
1.1500541732283465
0
LINE
8
BLACK
6
CONTINUOUS
10
1.8704565748031496
20
1.1500541732283465
11
1.870562401574803
21
1.1500466535433072
0
LINE
8
BLACK
6
CONTINUOUS
10
1.870562401574803
20
1.1500466535433072
11
1.8711030314960631
21
1.1498397637795275
0
LINE
8
BLACK
6
CONTINUOUS
10
1.8711030314960631
20
1.1498397637795275
11
1.8748525590551182
21
1.1479649999999999
0
LINE
8
BLACK
6
CONTINUOUS
10
1.8748525590551182
20
1.1479649999999999
11
1.8753424409448818
21
1.147656653543307
0
LINE
8
BLACK
6
CONTINUOUS
10
1.8753424409448818
20
1.147656653543307
11
1.8760972834645668
21
1.1467862598425196
0
LINE
8
BLACK
6
CONTINUOUS
10
1.8760972834645668
20
1.1467862598425196
11
1.8764616141732282
21
1.1456933070866142
0
LINE
8
BLACK
6
CONTINUOUS
10
1.8764616141732282
20
1.1456933070866142
11
1.8763799606299212
21
1.1445440944881891
0
LINE
8
BLACK
6
CONTINUOUS
10
1.8763799606299212
20
1.1445440944881891
11
1.8758646850393701
21
1.1435135826771654
0
LINE
8
BLACK
6
CONTINUOUS
10
1.8758646850393701
20
1.1435135826771654
11
1.8749943307086614
21
1.1427587401574804
0
LINE
8
BLACK
6
CONTINUOUS
10
1.8749943307086614
20
1.1427587401574804
11
1.873901338582677
21
1.142394409448819
0
LINE
8
BLACK
6
CONTINUOUS
10
1.873901338582677
20
1.142394409448819
11
1.8727521259842519
21
1.142476062992126
0
LINE
8
BLACK
6
CONTINUOUS
10
1.8727521259842519
20
1.142476062992126
11
1.8722115354330708
21
1.1426829527559055
0
LINE
8
BLACK
6
CONTINUOUS
10
1.8722115354330708
20
1.1426829527559055
11
1.8690854724409449
21
1.1442459842519686
0
LINE
8
BLACK
6
CONTINUOUS
10
1.8690854724409449
20
1.1442459842519686
11
1.8648552755905512
21
1.1442459842519686
0
LINE
8
BLACK
6
CONTINUOUS
10
1.8648552755905512
20
1.1442459842519686
11
1.8626095275590551
21
1.1431231496062992
0
LINE
8
BLACK
6
CONTINUOUS
10
1.8626095275590551
20
1.1431231496062992
11
1.8614866929133858
21
1.1408774015748031
0
LINE
8
BLACK
6
CONTINUOUS
10
1.8614866929133858
20
1.1408774015748031
11
1.8614866929133858
21
1.1403967322834645
0
LINE
8
BLACK
6
CONTINUOUS
10
1.8614866929133858
20
1.1403967322834645
11
1.8626095275590551
21
1.1381510236220471
0
LINE
8
BLACK
6
CONTINUOUS
10
1.8626095275590551
20
1.1381510236220471
11
1.8648552755905512
21
1.1370281496062993
0
LINE
8
BLACK
6
CONTINUOUS
10
1.8648552755905512
20
1.1370281496062993
11
1.8697825196850393
21
1.1370281496062993
0
LINE
8
BLACK
6
CONTINUOUS
10
1.8697825196850393
20
1.1370281496062993
11
1.8703585826771654
21
1.1369714173228347
0
LINE
8
BLACK
6
CONTINUOUS
10
1.8703585826771654
20
1.1369714173228347
11
1.8704565748031496
21
1.1369308267716536
0
LINE
8
BLACK
6
CONTINUOUS
10
1.8704565748031496
20
1.1369308267716536
11
1.870562401574803
21
1.136923307086614
0
LINE
8
BLACK
6
CONTINUOUS
10
1.870562401574803
20
1.136923307086614
11
1.8711030314960631
21
1.1367164173228346
0
LINE
8
BLACK
6
CONTINUOUS
10
1.8711030314960631
20
1.1367164173228346
11
1.8748525590551182
21
1.134841653543307
0
LINE
8
BLACK
6
CONTINUOUS
10
1.8748525590551182
20
1.134841653543307
11
1.8749488976377953
21
1.1347810236220472
0
LINE
8
BLACK
6
CONTINUOUS
10
1.8749488976377953
20
1.1347810236220472
11
1.8749943307086614
21
1.1347658661417324
0
LINE
8
BLACK
6
CONTINUOUS
10
1.8749943307086614
20
1.1347658661417324
11
1.8750508661417322
21
1.1347168503937008
0
LINE
8
BLACK
6
CONTINUOUS
10
1.8750508661417322
20
1.1347168503937008
11
1.8753424409448818
21
1.1345333070866142
0
LINE
8
BLACK
6
CONTINUOUS
10
1.8753424409448818
20
1.1345333070866142
11
1.8755850000000001
21
1.1342536220472441
0
LINE
8
BLACK
6
CONTINUOUS
10
1.8755850000000001
20
1.1342536220472441
11
1.8758647244094488
21
1.1340110236220473
0
LINE
8
BLACK
6
CONTINUOUS
10
1.8758647244094488
20
1.1340110236220473
11
1.8760482283464566
21
1.1337194881889763
0
LINE
8
BLACK
6
CONTINUOUS
10
1.8760482283464566
20
1.1337194881889763
11
1.8760972834645668
21
1.1336629133858267
0
LINE
8
BLACK
6
CONTINUOUS
10
1.8760972834645668
20
1.1336629133858267
11
1.8761124015748032
21
1.1336175196850393
0
LINE
8
BLACK
6
CONTINUOUS
10
1.8761124015748032
20
1.1336175196850393
11
1.8761730708661417
21
1.1335211417322835
0
LINE
8
BLACK
6
CONTINUOUS
10
1.8761730708661417
20
1.1335211417322835
11
1.8780478346456693
21
1.1297716141732284
0
LINE
8
BLACK
6
CONTINUOUS
10
1.8780478346456693
20
1.1297716141732284
11
1.8782547244094487
21
1.1292310236220473
0
LINE
8
BLACK
6
CONTINUOUS
10
1.8782547244094487
20
1.1292310236220473
11
1.8782622440944881
21
1.1291251574803149
0
LINE
8
BLACK
6
CONTINUOUS
10
1.8782622440944881
20
1.1291251574803149
11
1.8783028346456692
21
1.1290271653543307
0
LINE
8
BLACK
6
CONTINUOUS
10
1.8783028346456692
20
1.1290271653543307
11
1.8783595669291338
21
1.1284511023622048
0
LINE
8
BLACK
6
CONTINUOUS
10
1.8783595669291338
20
1.1284511023622048
11
1.8783595669291338
21
1.1265763385826773
0
LINE
8
BLACK
6
CONTINUOUS
10
1.8783595669291338
20
1.1265763385826773
11
1.8783028346456692
21
1.1260002755905512
0
LINE
8
BLACK
6
CONTINUOUS
10
1.8783028346456692
20
1.1260002755905512
11
1.8782622047244093
21
1.1259022834645669
0
LINE
8
BLACK
6
CONTINUOUS
10
1.8782622047244093
20
1.1259022834645669
11
1.8782547244094487
21
1.1257964566929133
0
LINE
8
BLACK
6
CONTINUOUS
10
1.8782547244094487
20
1.1257964566929133
11
1.8780478346456693
21
1.1252558267716535
0
LINE
8
BLACK
6
CONTINUOUS
10
1.8780478346456693
20
1.1252558267716535
11
1.8761730708661417
21
1.1215062598425196
0
LINE
8
BLACK
6
CONTINUOUS
10
1.8761730708661417
20
1.1215062598425196
11
1.8761124015748032
21
1.1214099212598425
0
LINE
8
BLACK
6
CONTINUOUS
10
1.8761124015748032
20
1.1214099212598425
11
1.8760972834645668
21
1.1213644881889764
0
LINE
8
BLACK
6
CONTINUOUS
10
1.8760972834645668
20
1.1213644881889764
11
1.8760482283464566
21
1.1213079527559056
0
LINE
8
BLACK
6
CONTINUOUS
10
1.8760482283464566
20
1.1213079527559056
11
1.8758647244094488
21
1.1210163779527558
0
LINE
8
BLACK
6
CONTINUOUS
10
1.8758647244094488
20
1.1210163779527558
11
1.8755850000000001
21
1.1207738188976377
0
LINE
8
BLACK
6
CONTINUOUS
10
1.8755850000000001
20
1.1207738188976377
11
1.8753424409448818
21
1.1204940944881889
0
LINE
8
BLACK
6
CONTINUOUS
10
1.8753424409448818
20
1.1204940944881889
11
1.8750508661417322
21
1.120310590551181
0
LINE
8
BLACK
6
CONTINUOUS
10
1.8750508661417322
20
1.120310590551181
11
1.8749943307086614
21
1.1202615354330709
0
LINE
8
BLACK
6
CONTINUOUS
10
1.8749943307086614
20
1.1202615354330709
11
1.8749488976377953
21
1.1202464173228346
0
LINE
8
BLACK
6
CONTINUOUS
10
1.8749488976377953
20
1.1202464173228346
11
1.8748525590551182
21
1.1201857480314961
0
LINE
8
BLACK
6
CONTINUOUS
10
1.8748525590551182
20
1.1201857480314961
11
1.8711030314960631
21
1.1183109842519685
0
LINE
8
BLACK
6
CONTINUOUS
10
1.8711030314960631
20
1.1183109842519685
11
1.870562401574803
21
1.118104094488189
0
LINE
8
BLACK
6
CONTINUOUS
10
1.870562401574803
20
1.118104094488189
11
1.8704565748031496
21
1.1180966141732283
0
LINE
8
BLACK
6
CONTINUOUS
10
1.8704565748031496
20
1.1180966141732283
11
1.8703585826771654
21
1.1180559842519684
0
LINE
8
BLACK
6
CONTINUOUS
10
1.8703585826771654
20
1.1180559842519684
11
1.8697825196850393
21
1.1179992519685038
0
LINE
8
BLACK
6
CONTINUOUS
10
1.8697825196850393
20
1.1179992519685038
11
1.8622834645669291
21
1.1179992519685038
0
LINE
8
BLACK
6
CONTINUOUS
10
1.8622834645669291
20
1.1179992519685038
11
1.8617074015748032
21
1.1180559842519684
0
LINE
8
BLACK
6
CONTINUOUS
10
1.8617074015748032
20
1.1180559842519684
11
1.8616094094488189
21
1.1180965748031495
0
LINE
8
BLACK
6
CONTINUOUS
10
1.8616094094488189
20
1.1180965748031495
11
1.8615035433070866
21
1.118104094488189
0
LINE
8
BLACK
6
CONTINUOUS
10
1.8615035433070866
20
1.118104094488189
11
1.8609629527559055
21
1.1183109842519685
0
LINE
8
BLACK
6
CONTINUOUS
10
1.8609629527559055
20
1.1183109842519685
11
1.8572134251968504
21
1.1201857480314961
0
LINE
8
BLACK
6
CONTINUOUS
10
1.8572134251968504
20
1.1201857480314961
11
1.8567235433070866
21
1.1204940944881889
0
LINE
8
BLACK
6
CONTINUOUS
10
1.8567235433070866
20
1.1204940944881889
11
1.8559687007874015
21
1.1213644881889764
0
LINE
8
BLACK
6
CONTINUOUS
10
1.8559687007874015
20
1.1213644881889764
11
1.8556043700787401
21
1.1224574409448818
0
LINE
8
BLACK
6
CONTINUOUS
10
1.8556043700787401
20
1.1224574409448818
11
1.8556860236220472
21
1.1236066535433071
0
LINE
8
BLACK
6
CONTINUOUS
10
1.8556860236220472
20
1.1236066535433071
11
1.8562012598425197
21
1.1246371653543308
0
LINE
8
BLACK
6
CONTINUOUS
10
1.8562012598425197
20
1.1246371653543308
11
1.8570716535433069
21
1.1253920078740158
0
LINE
8
BLACK
6
CONTINUOUS
10
1.8570716535433069
20
1.1253920078740158
11
1.8581646062992125
21
1.1257563385826772
0
LINE
8
BLACK
6
CONTINUOUS
10
1.8581646062992125
20
1.1257563385826772
11
1.8593138188976377
21
1.12567468503937
0
LINE
8
BLACK
6
CONTINUOUS
10
1.8593138188976377
20
1.12567468503937
11
1.8598544488188975
21
1.1254677952755905
0
LINE
8
BLACK
6
CONTINUOUS
10
1.8598544488188975
20
1.1254677952755905
11
1.8629805118110236
21
1.1239047637795276
0
LINE
8
BLACK
6
CONTINUOUS
10
1.8629805118110236
20
1.1239047637795276
11
1.8690854724409449
21
1.1239047637795276
0
LINE
8
BLACK
6
CONTINUOUS
10
1.8690854724409449
20
1.1239047637795276
11
1.8713311811023621
21
1.1250276377952755
0
LINE
8
BLACK
6
CONTINUOUS
10
1.8713311811023621
20
1.1250276377952755
11
1.8724540551181101
21
1.1272733858267716
0
LINE
8
BLACK
6
CONTINUOUS
10
1.8724540551181101
20
1.1272733858267716
11
1.8724540551181101
21
1.1277540551181102
0
LINE
8
BLACK
6
CONTINUOUS
10
1.8724540551181101
20
1.1277540551181102
11
1.8713311811023621
21
1.1299998031496064
0
LINE
8
BLACK
6
CONTINUOUS
10
1.8713311811023621
20
1.1299998031496064
11
1.8690854724409449
21
1.1311226377952757
0
LINE
8
BLACK
6
CONTINUOUS
10
1.8690854724409449
20
1.1311226377952757
11
1.8641582283464566
21
1.1311226377952757
0
LINE
8
BLACK
6
CONTINUOUS
10
1.8641582283464566
20
1.1311226377952757
11
1.8635821653543307
21
1.13117937007874
0
LINE
8
BLACK
6
CONTINUOUS
10
1.8635821653543307
20
1.13117937007874
11
1.8634841732283465
21
1.1312199606299211
0
LINE
8
BLACK
6
CONTINUOUS
10
1.8634841732283465
20
1.1312199606299211
11
1.8633783070866141
21
1.1312274803149607
0
LINE
8
BLACK
6
CONTINUOUS
10
1.8633783070866141
20
1.1312274803149607
11
1.8628377165354331
21
1.1314343700787401
0
LINE
8
BLACK
6
CONTINUOUS
10
1.8628377165354331
20
1.1314343700787401
11
1.859088188976378
21
1.1333091338582677
0
LINE
8
BLACK
6
CONTINUOUS
10
1.859088188976378
20
1.1333091338582677
11
1.8589918110236221
21
1.1333698031496062
0
LINE
8
BLACK
6
CONTINUOUS
10
1.8589918110236221
20
1.1333698031496062
11
1.8589464173228345
21
1.1333849212598426
0
LINE
8
BLACK
6
CONTINUOUS
10
1.8589464173228345
20
1.1333849212598426
11
1.8588898425196849
21
1.1334339763779526
0
LINE
8
BLACK
6
CONTINUOUS
10
1.8588898425196849
20
1.1334339763779526
11
1.8585983070866141
21
1.1336174803149606
0
LINE
8
BLACK
6
CONTINUOUS
10
1.8585983070866141
20
1.1336174803149606
11
1.8583557086614173
21
1.1338972047244094
0
LINE
8
BLACK
6
CONTINUOUS
10
1.8583557086614173
20
1.1338972047244094
11
1.8580760236220473
21
1.1341397637795276
0
LINE
8
BLACK
6
CONTINUOUS
10
1.8580760236220473
20
1.1341397637795276
11
1.8578924803149606
21
1.1344313385826772
0
LINE
8
BLACK
6
CONTINUOUS
10
1.8578924803149606
20
1.1344313385826772
11
1.8578434645669291
21
1.134487874015748
0
LINE
8
BLACK
6
CONTINUOUS
10
1.8578434645669291
20
1.134487874015748
11
1.8578283070866142
21
1.1345333070866142
0
LINE
8
BLACK
6
CONTINUOUS
10
1.8578283070866142
20
1.1345333070866142
11
1.8577676771653542
21
1.1346296456692913
0
LINE
8
BLACK
6
CONTINUOUS
10
1.8577676771653542
20
1.1346296456692913
11
1.8558929133858266
21
1.1383791732283464
0
LINE
8
BLACK
6
CONTINUOUS
10
1.8558929133858266
20
1.1383791732283464
11
1.8556860236220472
21
1.1389198031496062
0
LINE
8
BLACK
6
CONTINUOUS
10
1.8556860236220472
20
1.1389198031496062
11
1.8556785039370078
21
1.1390256299212598
0
LINE
8
BLACK
6
CONTINUOUS
10
1.8556785039370078
20
1.1390256299212598
11
1.8556379133858267
21
1.139123622047244
0
LINE
8
BLACK
6
CONTINUOUS
10
1.8556379133858267
20
1.139123622047244
11
1.8555811811023621
21
1.1396996850393701
0
LINE
8
BLACK
6
CONTINUOUS
10
1.8555811811023621
20
1.1396996850393701
11
1.8555811811023621
21
1.1415744488188977
0
LINE
8
BLACK
6
CONTINUOUS
10
1.8555811811023621
20
1.1415744488188977
11
1.8556379133858267
21
1.1421505118110236
0
LINE
8
BLACK
6
CONTINUOUS
10
1.8556379133858267
20
1.1421505118110236
11
1.8556785039370078
21
1.1422485433070866
0
LINE
8
BLACK
6
CONTINUOUS
10
1.8556785039370078
20
1.1422485433070866
11
1.8556860236220472
21
1.1423543307086614
0
LINE
8
BLACK
6
CONTINUOUS
10
1.8556860236220472
20
1.1423543307086614
11
1.8558929133858266
21
1.1428949606299212
0
LINE
8
BLACK
6
CONTINUOUS
10
1.8558929133858266
20
1.1428949606299212
11
1.8577676771653542
21
1.1466444881889764
0
LINE
8
BLACK
6
CONTINUOUS
10
1.8577676771653542
20
1.1466444881889764
11
1.8578283070866142
21
1.1467408661417322
0
LINE
8
BLACK
6
CONTINUOUS
10
1.8578283070866142
20
1.1467408661417322
11
1.8578434645669291
21
1.1467862598425196
0
LINE
8
BLACK
6
CONTINUOUS
10
1.8578434645669291
20
1.1467862598425196
11
1.8578924803149606
21
1.1468428346456692
0
LINE
8
BLACK
6
CONTINUOUS
10
1.8578924803149606
20
1.1468428346456692
11
1.8580760236220473
21
1.1471343700787402
0
LINE
8
BLACK
6
CONTINUOUS
10
1.8580760236220473
20
1.1471343700787402
11
1.8583557086614173
21
1.147376968503937
0
LINE
8
BLACK
6
CONTINUOUS
10
1.8583557086614173
20
1.147376968503937
11
1.8585983070866141
21
1.147656653543307
0
LINE
8
BLACK
6
CONTINUOUS
10
1.8585983070866141
20
1.147656653543307
11
1.8588898425196849
21
1.1478401968503937
0
LINE
8
BLACK
6
CONTINUOUS
10
1.8588898425196849
20
1.1478401968503937
11
1.8589464173228345
21
1.1478892125984252
0
LINE
8
BLACK
6
CONTINUOUS
10
1.8589464173228345
20
1.1478892125984252
11
1.8589918110236221
21
1.1479043700787401
0
LINE
8
BLACK
6
CONTINUOUS
10
1.8589918110236221
20
1.1479043700787401
11
1.859088188976378
21
1.1479649999999999
0
LINE
8
BLACK
6
CONTINUOUS
10
1.859088188976378
20
1.1479649999999999
11
1.8628377165354331
21
1.1498397637795275
0
LINE
8
BLACK
6
CONTINUOUS
10
1.8628377165354331
20
1.1498397637795275
11
1.8633783070866141
21
1.1500466535433072
0
LINE
8
BLACK
6
CONTINUOUS
10
1.8633783070866141
20
1.1500466535433072
11
1.8634841732283465
21
1.1500542125984252
0
LINE
8
BLACK
6
CONTINUOUS
10
1.8634841732283465
20
1.1500542125984252
11
1.8635821653543307
21
1.1500947637795276
0
LINE
8
BLACK
6
CONTINUOUS
10
1.8635821653543307
20
1.1500947637795276
11
1.8641582283464566
21
1.1501514960629922
0
LINE
8
BLACK
6
CONTINUOUS
10
1.8641582283464566
20
1.1501514960629922
11
1.8697825196850393
21
1.1501514960629922
0
LINE
8
BLACK
6
CONTINUOUS
10
1.8697825196850393
20
1.1501514960629922
11
1.8703585826771654
21
1.1500947637795276
0
LINE
8
BLACK
6
CONTINUOUS
10
2.0822071259842518
20
1.1500947637795276
11
2.0823051181102361
21
1.1500541732283465
0
LINE
8
BLACK
6
CONTINUOUS
10
2.0823051181102361
20
1.1500541732283465
11
2.0824109448818899
21
1.1500466535433072
0
LINE
8
BLACK
6
CONTINUOUS
10
2.0824109448818899
20
1.1500466535433072
11
2.0829515748031495
21
1.1498397637795275
0
LINE
8
BLACK
6
CONTINUOUS
10
2.0829515748031495
20
1.1498397637795275
11
2.0867011023622046
21
1.1479649999999999
0
LINE
8
BLACK
6
CONTINUOUS
10
2.0867011023622046
20
1.1479649999999999
11
2.0867974409448817
21
1.1479043700787401
0
LINE
8
BLACK
6
CONTINUOUS
10
2.0867974409448817
20
1.1479043700787401
11
2.0868428740157481
21
1.1478892125984252
0
LINE
8
BLACK
6
CONTINUOUS
10
2.0868428740157481
20
1.1478892125984252
11
2.0868994094488187
21
1.1478401968503937
0
LINE
8
BLACK
6
CONTINUOUS
10
2.0868994094488187
20
1.1478401968503937
11
2.0871909842519685
21
1.147656653543307
0
LINE
8
BLACK
6
CONTINUOUS
10
2.0871909842519685
20
1.147656653543307
11
2.0874335433070867
21
1.147376968503937
0
LINE
8
BLACK
6
CONTINUOUS
10
2.0874335433070867
20
1.147376968503937
11
2.0877132677165355
21
1.1471343700787402
0
LINE
8
BLACK
6
CONTINUOUS
10
2.0877132677165355
20
1.1471343700787402
11
2.087896771653543
21
1.1468428346456692
0
LINE
8
BLACK
6
CONTINUOUS
10
2.087896771653543
20
1.1468428346456692
11
2.0879458267716533
21
1.1467862598425196
0
LINE
8
BLACK
6
CONTINUOUS
10
2.0879458267716533
20
1.1467862598425196
11
2.0879609448818899
21
1.1467408661417322
0
LINE
8
BLACK
6
CONTINUOUS
10
2.0879609448818899
20
1.1467408661417322
11
2.0880216141732282
21
1.1466444881889764
0
LINE
8
BLACK
6
CONTINUOUS
10
2.0880216141732282
20
1.1466444881889764
11
2.0898963779527557
21
1.1428949606299212
0
LINE
8
BLACK
6
CONTINUOUS
10
2.0898963779527557
20
1.1428949606299212
11
2.0901032677165352
21
1.1423543700787402
0
LINE
8
BLACK
6
CONTINUOUS
10
2.0901032677165352
20
1.1423543700787402
11
2.0901107874015747
21
1.1422485039370078
0
LINE
8
BLACK
6
CONTINUOUS
10
2.0901107874015747
20
1.1422485039370078
11
2.0901513779527559
21
1.1421505118110236
0
LINE
8
BLACK
6
CONTINUOUS
10
2.0901513779527559
20
1.1421505118110236
11
2.0902081102362202
21
1.1415744488188977
0
LINE
8
BLACK
6
CONTINUOUS
10
2.0902081102362202
20
1.1415744488188977
11
2.0902081102362202
21
1.1378249212598426
0
LINE
8
BLACK
6
CONTINUOUS
10
2.0902081102362202
20
1.1378249212598426
11
2.0901513779527559
21
1.1372488582677165
0
LINE
8
BLACK
6
CONTINUOUS
10
2.0901513779527559
20
1.1372488582677165
11
2.090040590551181
21
1.136981496062992
0
LINE
8
BLACK
6
CONTINUOUS
10
2.090040590551181
20
1.136981496062992
11
2.0899844881889762
21
1.1366977952755906
0
LINE
8
BLACK
6
CONTINUOUS
10
2.0899844881889762
20
1.1366977952755906
11
2.089822401574803
21
1.13645468503937
0
LINE
8
BLACK
6
CONTINUOUS
10
2.089822401574803
20
1.13645468503937
11
2.0897104724409448
21
1.1361844488188977
0
LINE
8
BLACK
6
CONTINUOUS
10
2.0897104724409448
20
1.1361844488188977
11
2.0895058267716533
21
1.1359798031496062
0
LINE
8
BLACK
6
CONTINUOUS
10
2.0895058267716533
20
1.1359798031496062
11
2.0893454330708661
21
1.1357392125984251
0
LINE
8
BLACK
6
CONTINUOUS
10
2.0893454330708661
20
1.1357392125984251
11
2.089102598425197
21
1.1355766141732284
0
LINE
8
BLACK
6
CONTINUOUS
10
2.089102598425197
20
1.1355766141732284
11
2.0888958267716533
21
1.1353698031496062
0
LINE
8
BLACK
6
CONTINUOUS
10
2.0888958267716533
20
1.1353698031496062
11
2.0886285433070864
21
1.1352590944881888
0
LINE
8
BLACK
6
CONTINUOUS
10
2.0886285433070864
20
1.1352590944881888
11
2.0883881889763778
21
1.1350981102362205
0
LINE
8
BLACK
6
CONTINUOUS
10
2.0883881889763778
20
1.1350981102362205
11
2.0878344094488188
21
1.1349294881889764
0
LINE
8
BLACK
6
CONTINUOUS
10
2.0878344094488188
20
1.1349294881889764
11
2.0714604724409447
21
1.1316547244094488
0
LINE
8
BLACK
6
CONTINUOUS
10
2.0714604724409447
20
1.1316547244094488
11
2.0714604724409447
21
1.1272733858267716
0
LINE
8
BLACK
6
CONTINUOUS
10
2.0714604724409447
20
1.1272733858267716
11
2.0725833070866142
21
1.1250276377952755
0
LINE
8
BLACK
6
CONTINUOUS
10
2.0725833070866142
20
1.1250276377952755
11
2.0748290551181103
21
1.1239047637795276
0
LINE
8
BLACK
6
CONTINUOUS
10
2.0748290551181103
20
1.1239047637795276
11
2.0809340157480314
21
1.1239047637795276
0
LINE
8
BLACK
6
CONTINUOUS
10
2.0809340157480314
20
1.1239047637795276
11
2.0840600787401575
21
1.1254677952755905
0
LINE
8
BLACK
6
CONTINUOUS
10
2.0840600787401575
20
1.1254677952755905
11
2.0846006692913384
21
1.12567468503937
0
LINE
8
BLACK
6
CONTINUOUS
10
2.0846006692913384
20
1.12567468503937
11
2.0857498818897637
21
1.1257563385826772
0
LINE
8
BLACK
6
CONTINUOUS
10
2.0857498818897637
20
1.1257563385826772
11
2.0868428740157481
21
1.1253920078740158
0
LINE
8
BLACK
6
CONTINUOUS
10
2.0868428740157481
20
1.1253920078740158
11
2.0877132283464568
21
1.1246371653543308
0
LINE
8
BLACK
6
CONTINUOUS
10
2.0877132283464568
20
1.1246371653543308
11
2.0882285039370077
21
1.1236066535433071
0
LINE
8
BLACK
6
CONTINUOUS
10
2.0882285039370077
20
1.1236066535433071
11
2.0883101574803149
21
1.1224574409448818
0
LINE
8
BLACK
6
CONTINUOUS
10
2.0883101574803149
20
1.1224574409448818
11
2.0879458267716533
21
1.1213644881889764
0
LINE
8
BLACK
6
CONTINUOUS
10
2.0879458267716533
20
1.1213644881889764
11
2.0871909842519685
21
1.1204940944881889
0
LINE
8
BLACK
6
CONTINUOUS
10
2.0871909842519685
20
1.1204940944881889
11
2.0867011023622046
21
1.1201857480314961
0
LINE
8
BLACK
6
CONTINUOUS
10
2.0867011023622046
20
1.1201857480314961
11
2.0829515748031495
21
1.1183109842519685
0
LINE
8
BLACK
6
CONTINUOUS
10
2.0829515748031495
20
1.1183109842519685
11
2.0824109448818899
21
1.118104094488189
0
LINE
8
BLACK
6
CONTINUOUS
10
2.0824109448818899
20
1.118104094488189
11
2.0823051181102361
21
1.1180966141732283
0
LINE
8
BLACK
6
CONTINUOUS
10
2.0823051181102361
20
1.1180966141732283
11
2.0822071259842518
21
1.1180559842519684
0
LINE
8
BLACK
6
CONTINUOUS
10
2.0822071259842518
20
1.1180559842519684
11
2.081631062992126
21
1.1179992519685038
0
LINE
8
BLACK
6
CONTINUOUS
10
2.081631062992126
20
1.1179992519685038
11
2.0741320078740157
21
1.1179992519685038
0
LINE
8
BLACK
6
CONTINUOUS
10
2.0741320078740157
20
1.1179992519685038
11
2.0735559448818899
21
1.1180559842519684
0
LINE
8
BLACK
6
CONTINUOUS
10
2.0735559448818899
20
1.1180559842519684
11
2.0734579527559056
21
1.1180965748031495
0
LINE
8
BLACK
6
CONTINUOUS
10
2.0734579527559056
20
1.1180965748031495
11
2.073352086614173
21
1.118104094488189
0
LINE
8
BLACK
6
CONTINUOUS
10
2.073352086614173
20
1.118104094488189
11
2.0728114960629922
21
1.1183109842519685
0
LINE
8
BLACK
6
CONTINUOUS
10
2.0728114960629922
20
1.1183109842519685
11
2.0690619685039371
21
1.1201857480314961
0
LINE
8
BLACK
6
CONTINUOUS
10
2.0690619685039371
20
1.1201857480314961
11
2.0689655905511812
21
1.1202464173228346
0
LINE
8
BLACK
6
CONTINUOUS
10
2.0689655905511812
20
1.1202464173228346
11
2.0689201968503936
21
1.1202615354330709
0
LINE
8
BLACK
6
CONTINUOUS
10
2.0689201968503936
20
1.1202615354330709
11
2.0688636220472438
21
1.120310590551181
0
LINE
8
BLACK
6
CONTINUOUS
10
2.0688636220472438
20
1.120310590551181
11
2.0685720866141732
21
1.1204940944881889
0
LINE
8
BLACK
6
CONTINUOUS
10
2.0685720866141732
20
1.1204940944881889
11
2.0683294094488187
21
1.120773937007874
0
LINE
8
BLACK
6
CONTINUOUS
10
2.0683294094488187
20
1.120773937007874
11
2.0680498031496062
21
1.1210164173228345
0
LINE
8
BLACK
6
CONTINUOUS
10
2.0680498031496062
20
1.1210164173228345
11
2.0678662992125982
21
1.1213079133858268
0
LINE
8
BLACK
6
CONTINUOUS
10
2.0678662992125982
20
1.1213079133858268
11
2.067817244094488
21
1.1213644881889764
0
LINE
8
BLACK
6
CONTINUOUS
10
2.067817244094488
20
1.1213644881889764
11
2.0678020866141731
21
1.1214099606299213
0
LINE
8
BLACK
6
CONTINUOUS
10
2.0678020866141731
20
1.1214099606299213
11
2.0677414566929135
21
1.1215062598425196
0
LINE
8
BLACK
6
CONTINUOUS
10
2.0677414566929135
20
1.1215062598425196
11
2.065866692913386
21
1.1252558267716535
0
LINE
8
BLACK
6
CONTINUOUS
10
2.065866692913386
20
1.1252558267716535
11
2.0656598031496061
21
1.1257964566929133
0
LINE
8
BLACK
6
CONTINUOUS
10
2.0656598031496061
20
1.1257964566929133
11
2.065652283464567
21
1.1259022834645669
0
LINE
8
BLACK
6
CONTINUOUS
10
2.065652283464567
20
1.1259022834645669
11
2.0656116929133859
21
1.1260002755905512
0
LINE
8
BLACK
6
CONTINUOUS
10
2.0656116929133859
20
1.1260002755905512
11
2.0655549606299211
21
1.1265763385826773
0
LINE
8
BLACK
6
CONTINUOUS
10
2.0655549606299211
20
1.1265763385826773
11
2.0655549606299211
21
1.1415744488188977
0
LINE
8
BLACK
6
CONTINUOUS
10
2.0655549606299211
20
1.1415744488188977
11
2.0656116929133859
21
1.1421505118110236
0
LINE
8
BLACK
6
CONTINUOUS
10
2.0656116929133859
20
1.1421505118110236
11
2.065652283464567
21
1.1422485433070866
0
LINE
8
BLACK
6
CONTINUOUS
10
2.065652283464567
20
1.1422485433070866
11
2.0656598031496061
21
1.1423543307086614
0
LINE
8
BLACK
6
CONTINUOUS
10
2.0656598031496061
20
1.1423543307086614
11
2.065866692913386
21
1.1428949606299212
0
LINE
8
BLACK
6
CONTINUOUS
10
2.065866692913386
20
1.1428949606299212
11
2.0677414566929135
21
1.1466444881889764
0
LINE
8
BLACK
6
CONTINUOUS
10
2.0677414566929135
20
1.1466444881889764
11
2.0678020866141731
21
1.1467408661417322
0
LINE
8
BLACK
6
CONTINUOUS
10
2.0678020866141731
20
1.1467408661417322
11
2.067817244094488
21
1.1467862598425196
0
LINE
8
BLACK
6
CONTINUOUS
10
2.067817244094488
20
1.1467862598425196
11
2.0678662598425195
21
1.1468428346456692
0
LINE
8
BLACK
6
CONTINUOUS
10
2.0678662598425195
20
1.1468428346456692
11
2.0680498031496062
21
1.1471343700787402
0
LINE
8
BLACK
6
CONTINUOUS
10
2.0680498031496062
20
1.1471343700787402
11
2.0683294881889762
21
1.147376968503937
0
LINE
8
BLACK
6
CONTINUOUS
10
2.0683294881889762
20
1.147376968503937
11
2.0685720866141732
21
1.147656653543307
0
LINE
8
BLACK
6
CONTINUOUS
10
2.0685720866141732
20
1.147656653543307
11
2.0688636220472438
21
1.1478401968503937
0
LINE
8
BLACK
6
CONTINUOUS
10
2.0688636220472438
20
1.1478401968503937
11
2.0689201968503936
21
1.1478892125984252
0
LINE
8
BLACK
6
CONTINUOUS
10
2.0689201968503936
20
1.1478892125984252
11
2.0689655905511812
21
1.1479043700787401
0
LINE
8
BLACK
6
CONTINUOUS
10
2.0689655905511812
20
1.1479043700787401
11
2.0690619685039371
21
1.1479649999999999
0
LINE
8
BLACK
6
CONTINUOUS
10
2.0690619685039371
20
1.1479649999999999
11
2.0728114960629922
21
1.1498397637795275
0
LINE
8
BLACK
6
CONTINUOUS
10
2.0728114960629922
20
1.1498397637795275
11
2.073352086614173
21
1.1500466535433072
0
LINE
8
BLACK
6
CONTINUOUS
10
2.073352086614173
20
1.1500466535433072
11
2.0734579527559056
21
1.1500542125984252
0
LINE
8
BLACK
6
CONTINUOUS
10
2.0734579527559056
20
1.1500542125984252
11
2.0735559448818899
21
1.1500947637795276
0
LINE
8
BLACK
6
CONTINUOUS
10
2.0735559448818899
20
1.1500947637795276
11
2.0741320078740157
21
1.1501514960629922
0
LINE
8
BLACK
6
CONTINUOUS
10
2.0741320078740157
20
1.1501514960629922
11
2.081631062992126
21
1.1501514960629922
0
LINE
8
BLACK
6
CONTINUOUS
10
2.081631062992126
20
1.1501514960629922
11
2.0822071259842518
21
1.1500947637795276
0
LINE
8
BLACK
6
CONTINUOUS
10
2.0725833070866142
20
1.1431231496062992
11
2.0714604724409447
21
1.1408774015748031
0
LINE
8
BLACK
6
CONTINUOUS
10
2.0714604724409447
20
1.1408774015748031
11
2.0714604724409447
21
1.1376772047244095
0
LINE
8
BLACK
6
CONTINUOUS
10
2.0714604724409447
20
1.1376772047244095
11
2.0843025984251966
21
1.140245590551181
0
LINE
8
BLACK
6
CONTINUOUS
10
2.0843025984251966
20
1.140245590551181
11
2.0843025984251966
21
1.1408774015748031
0
LINE
8
BLACK
6
CONTINUOUS
10
2.0843025984251966
20
1.1408774015748031
11
2.0831797244094488
21
1.1431231496062992
0
LINE
8
BLACK
6
CONTINUOUS
10
2.0831797244094488
20
1.1431231496062992
11
2.0809340157480314
21
1.1442459842519686
0
LINE
8
BLACK
6
CONTINUOUS
10
2.0809340157480314
20
1.1442459842519686
11
2.0748290551181103
21
1.1442459842519686
0
LINE
8
BLACK
6
CONTINUOUS
10
2.0748290551181103
20
1.1442459842519686
11
2.0725833070866142
21
1.1431231496062992
0
LINE
8
BLACK
6
CONTINUOUS
10
2.1159529133858266
20
1.1500947637795276
11
2.1160509055118109
21
1.1500541732283465
0
LINE
8
BLACK
6
CONTINUOUS
10
2.1160509055118109
20
1.1500541732283465
11
2.1161567322834647
21
1.1500466535433072
0
LINE
8
BLACK
6
CONTINUOUS
10
2.1161567322834647
20
1.1500466535433072
11
2.1166973622047243
21
1.1498397637795275
0
LINE
8
BLACK
6
CONTINUOUS
10
2.1166973622047243
20
1.1498397637795275
11
2.1204468897637794
21
1.1479649999999999
0
LINE
8
BLACK
6
CONTINUOUS
10
2.1204468897637794
20
1.1479649999999999
11
2.1205432283464565
21
1.1479043700787401
0
LINE
8
BLACK
6
CONTINUOUS
10
2.1205432283464565
20
1.1479043700787401
11
2.1205886614173228
21
1.1478892125984252
0
LINE
8
BLACK
6
CONTINUOUS
10
2.1205886614173228
20
1.1478892125984252
11
2.1206451968503934
21
1.1478401968503937
0
LINE
8
BLACK
6
CONTINUOUS
10
2.1206451968503934
20
1.1478401968503937
11
2.1209367716535432
21
1.147656653543307
0
LINE
8
BLACK
6
CONTINUOUS
10
2.1209367716535432
20
1.147656653543307
11
2.1211793307086615
21
1.147376968503937
0
LINE
8
BLACK
6
CONTINUOUS
10
2.1211793307086615
20
1.147376968503937
11
2.1214590551181103
21
1.1471343700787402
0
LINE
8
BLACK
6
CONTINUOUS
10
2.1214590551181103
20
1.1471343700787402
11
2.1216425590551182
21
1.1468428346456692
0
LINE
8
BLACK
6
CONTINUOUS
10
2.1216425590551182
20
1.1468428346456692
11
2.1216916141732285
21
1.1467862598425196
0
LINE
8
BLACK
6
CONTINUOUS
10
2.1216916141732285
20
1.1467862598425196
11
2.1217067322834646
21
1.1467408661417322
0
LINE
8
BLACK
6
CONTINUOUS
10
2.1217067322834646
20
1.1467408661417322
11
2.1217674015748029
21
1.1466444881889764
0
LINE
8
BLACK
6
CONTINUOUS
10
2.1217674015748029
20
1.1466444881889764
11
2.1236421653543305
21
1.1428949606299212
0
LINE
8
BLACK
6
CONTINUOUS
10
2.1236421653543305
20
1.1428949606299212
11
2.1238490551181104
21
1.1423543700787402
0
LINE
8
BLACK
6
CONTINUOUS
10
2.1238490551181104
20
1.1423543700787402
11
2.1238565748031495
21
1.1422485039370078
0
LINE
8
BLACK
6
CONTINUOUS
10
2.1238565748031495
20
1.1422485039370078
11
2.1238971653543306
21
1.1421505118110236
0
LINE
8
BLACK
6
CONTINUOUS
10
2.1238971653543306
20
1.1421505118110236
11
2.1239538976377954
21
1.1415744488188977
0
LINE
8
BLACK
6
CONTINUOUS
10
2.1239538976377954
20
1.1415744488188977
11
2.1239538976377954
21
1.1209520078740158
0
LINE
8
BLACK
6
CONTINUOUS
10
2.1239538976377954
20
1.1209520078740158
11
2.1238971653543306
21
1.1203759448818897
0
LINE
8
BLACK
6
CONTINUOUS
10
2.1238971653543306
20
1.1203759448818897
11
2.1234562598425195
21
1.1193115354330709
0
LINE
8
BLACK
6
CONTINUOUS
10
2.1234562598425195
20
1.1193115354330709
11
2.1226416141732285
21
1.1184968897637795
0
LINE
8
BLACK
6
CONTINUOUS
10
2.1226416141732285
20
1.1184968897637795
11
2.1215772047244092
21
1.1180559842519684
0
LINE
8
BLACK
6
CONTINUOUS
10
2.1215772047244092
20
1.1180559842519684
11
2.1204250787401575
21
1.1180559842519684
0
LINE
8
BLACK
6
CONTINUOUS
10
2.1204250787401575
20
1.1180559842519684
11
2.1193606692913387
21
1.1184968897637795
0
LINE
8
BLACK
6
CONTINUOUS
10
2.1193606692913387
20
1.1184968897637795
11
2.1192217322834646
21
1.1186358267716534
0
LINE
8
BLACK
6
CONTINUOUS
10
2.1192217322834646
20
1.1186358267716534
11
2.1185721259842518
21
1.1183109842519685
0
LINE
8
BLACK
6
CONTINUOUS
10
2.1185721259842518
20
1.1183109842519685
11
2.1180314960629922
21
1.118104094488189
0
LINE
8
BLACK
6
CONTINUOUS
10
2.1180314960629922
20
1.118104094488189
11
2.1179256692913384
21
1.1180966141732283
0
LINE
8
BLACK
6
CONTINUOUS
10
2.1179256692913384
20
1.1180966141732283
11
2.1178276771653541
21
1.1180559842519684
0
LINE
8
BLACK
6
CONTINUOUS
10
2.1178276771653541
20
1.1180559842519684
11
2.1172516141732283
21
1.1179992519685038
0
LINE
8
BLACK
6
CONTINUOUS
10
2.1172516141732283
20
1.1179992519685038
11
2.1078777952755905
21
1.1179992519685038
0
LINE
8
BLACK
6
CONTINUOUS
10
2.1078777952755905
20
1.1179992519685038
11
2.1073017322834646
21
1.1180559842519684
0
LINE
8
BLACK
6
CONTINUOUS
10
2.1073017322834646
20
1.1180559842519684
11
2.1072037401574804
21
1.1180965748031495
0
LINE
8
BLACK
6
CONTINUOUS
10
2.1072037401574804
20
1.1180965748031495
11
2.1070978740157478
21
1.118104094488189
0
LINE
8
BLACK
6
CONTINUOUS
10
2.1070978740157478
20
1.118104094488189
11
2.1065572834645669
21
1.1183109842519685
0
LINE
8
BLACK
6
CONTINUOUS
10
2.1065572834645669
20
1.1183109842519685
11
2.1028077559055118
21
1.1201857480314961
0
LINE
8
BLACK
6
CONTINUOUS
10
2.1028077559055118
20
1.1201857480314961
11
2.102711377952756
21
1.1202464173228346
0
LINE
8
BLACK
6
CONTINUOUS
10
2.102711377952756
20
1.1202464173228346
11
2.1026659842519684
21
1.1202615354330709
0
LINE
8
BLACK
6
CONTINUOUS
10
2.1026659842519684
20
1.1202615354330709
11
2.102609409448819
21
1.120310590551181
0
LINE
8
BLACK
6
CONTINUOUS
10
2.102609409448819
20
1.120310590551181
11
2.102317874015748
21
1.1204940944881889
0
LINE
8
BLACK
6
CONTINUOUS
10
2.102317874015748
20
1.1204940944881889
11
2.1020751968503935
21
1.120773937007874
0
LINE
8
BLACK
6
CONTINUOUS
10
2.1020751968503935
20
1.120773937007874
11
2.1017955905511809
21
1.1210164173228345
0
LINE
8
BLACK
6
CONTINUOUS
10
2.1017955905511809
20
1.1210164173228345
11
2.101612086614173
21
1.1213079133858268
0
LINE
8
BLACK
6
CONTINUOUS
10
2.101612086614173
20
1.1213079133858268
11
2.1015630314960632
21
1.1213644881889764
0
LINE
8
BLACK
6
CONTINUOUS
10
2.1015630314960632
20
1.1213644881889764
11
2.1015478740157478
21
1.1214099606299213
0
LINE
8
BLACK
6
CONTINUOUS
10
2.1015478740157478
20
1.1214099606299213
11
2.1014872440944883
21
1.1215062598425196
0
LINE
8
BLACK
6
CONTINUOUS
10
2.1014872440944883
20
1.1215062598425196
11
2.0996124803149607
21
1.1252558267716535
0
LINE
8
BLACK
6
CONTINUOUS
10
2.0996124803149607
20
1.1252558267716535
11
2.0994055905511813
21
1.1257964566929133
0
LINE
8
BLACK
6
CONTINUOUS
10
2.0994055905511813
20
1.1257964566929133
11
2.0993980708661417
21
1.1259022834645669
0
LINE
8
BLACK
6
CONTINUOUS
10
2.0993980708661417
20
1.1259022834645669
11
2.0993574803149606
21
1.1260002755905512
0
LINE
8
BLACK
6
CONTINUOUS
10
2.0993574803149606
20
1.1260002755905512
11
2.0993007480314958
21
1.1265763385826773
0
LINE
8
BLACK
6
CONTINUOUS
10
2.0993007480314958
20
1.1265763385826773
11
2.0993007480314958
21
1.1303258661417324
0
LINE
8
BLACK
6
CONTINUOUS
10
2.0993007480314958
20
1.1303258661417324
11
2.0993574803149606
21
1.1309019291338582
0
LINE
8
BLACK
6
CONTINUOUS
10
2.0993574803149606
20
1.1309019291338582
11
2.0993980708661417
21
1.1309999606299213
0
LINE
8
BLACK
6
CONTINUOUS
10
2.0993980708661417
20
1.1309999606299213
11
2.0994055905511813
21
1.1311057480314961
0
LINE
8
BLACK
6
CONTINUOUS
10
2.0994055905511813
20
1.1311057480314961
11
2.0996124803149607
21
1.1316463779527559
0
LINE
8
BLACK
6
CONTINUOUS
10
2.0996124803149607
20
1.1316463779527559
11
2.1014872440944883
21
1.135395905511811
0
LINE
8
BLACK
6
CONTINUOUS
10
2.1014872440944883
20
1.135395905511811
11
2.1015478740157478
21
1.1354922834645669
0
LINE
8
BLACK
6
CONTINUOUS
10
2.1015478740157478
20
1.1354922834645669
11
2.1015630314960632
21
1.1355376771653543
0
LINE
8
BLACK
6
CONTINUOUS
10
2.1015630314960632
20
1.1355376771653543
11
2.1016120472440942
21
1.1355942519685038
0
LINE
8
BLACK
6
CONTINUOUS
10
2.1016120472440942
20
1.1355942519685038
11
2.1017955905511809
21
1.1358857874015749
0
LINE
8
BLACK
6
CONTINUOUS
10
2.1017955905511809
20
1.1358857874015749
11
2.102075275590551
21
1.1361283858267717
0
LINE
8
BLACK
6
CONTINUOUS
10
2.102075275590551
20
1.1361283858267717
11
2.102317874015748
21
1.1364080708661417
0
LINE
8
BLACK
6
CONTINUOUS
10
2.102317874015748
20
1.1364080708661417
11
2.102609409448819
21
1.1365916141732284
0
LINE
8
BLACK
6
CONTINUOUS
10
2.102609409448819
20
1.1365916141732284
11
2.1026659842519684
21
1.1366406299212599
0
LINE
8
BLACK
6
CONTINUOUS
10
2.1026659842519684
20
1.1366406299212599
11
2.102711377952756
21
1.1366557874015748
0
LINE
8
BLACK
6
CONTINUOUS
10
2.102711377952756
20
1.1366557874015748
11
2.1028077559055118
21
1.1367164173228346
0
LINE
8
BLACK
6
CONTINUOUS
10
2.1028077559055118
20
1.1367164173228346
11
2.1065572834645669
21
1.1385911811023621
0
LINE
8
BLACK
6
CONTINUOUS
10
2.1065572834645669
20
1.1385911811023621
11
2.1070978740157478
21
1.1387980708661416
0
LINE
8
BLACK
6
CONTINUOUS
10
2.1070978740157478
20
1.1387980708661416
11
2.1072037401574804
21
1.1388056299212599
0
LINE
8
BLACK
6
CONTINUOUS
10
2.1072037401574804
20
1.1388056299212599
11
2.1073017322834646
21
1.1388461811023622
0
LINE
8
BLACK
6
CONTINUOUS
10
2.1073017322834646
20
1.1388461811023622
11
2.1078777952755905
21
1.1389029133858268
0
LINE
8
BLACK
6
CONTINUOUS
10
2.1078777952755905
20
1.1389029133858268
11
2.1165545669291337
21
1.1389029133858268
0
LINE
8
BLACK
6
CONTINUOUS
10
2.1165545669291337
20
1.1389029133858268
11
2.1180483858267718
21
1.139649842519685
0
LINE
8
BLACK
6
CONTINUOUS
10
2.1180483858267718
20
1.139649842519685
11
2.1180483858267718
21
1.1408774015748031
0
LINE
8
BLACK
6
CONTINUOUS
10
2.1180483858267718
20
1.1408774015748031
11
2.1169255118110235
21
1.1431231496062992
0
LINE
8
BLACK
6
CONTINUOUS
10
2.1169255118110235
20
1.1431231496062992
11
2.1146798031496061
21
1.1442459842519686
0
LINE
8
BLACK
6
CONTINUOUS
10
2.1146798031496061
20
1.1442459842519686
11
2.1085748425196851
21
1.1442459842519686
0
LINE
8
BLACK
6
CONTINUOUS
10
2.1085748425196851
20
1.1442459842519686
11
2.1054487795275589
21
1.1426829527559055
0
LINE
8
BLACK
6
CONTINUOUS
10
2.1054487795275589
20
1.1426829527559055
11
2.1049081496062994
21
1.142476062992126
0
LINE
8
BLACK
6
CONTINUOUS
10
2.1049081496062994
20
1.142476062992126
11
2.103758937007874
21
1.142394409448819
0
LINE
8
BLACK
6
CONTINUOUS
10
2.103758937007874
20
1.142394409448819
11
2.1026659842519684
21
1.1427587401574804
0
LINE
8
BLACK
6
CONTINUOUS
10
2.1026659842519684
20
1.1427587401574804
11
2.1017955905511809
21
1.1435135826771654
0
LINE
8
BLACK
6
CONTINUOUS
10
2.1017955905511809
20
1.1435135826771654
11
2.1012803543307088
21
1.1445440944881891
0
LINE
8
BLACK
6
CONTINUOUS
10
2.1012803543307088
20
1.1445440944881891
11
2.1011987007874016
21
1.1456933070866142
0
LINE
8
BLACK
6
CONTINUOUS
10
2.1011987007874016
20
1.1456933070866142
11
2.1015630314960632
21
1.1467862598425196
0
LINE
8
BLACK
6
CONTINUOUS
10
2.1015630314960632
20
1.1467862598425196
11
2.102317874015748
21
1.147656653543307
0
LINE
8
BLACK
6
CONTINUOUS
10
2.102317874015748
20
1.147656653543307
11
2.1028077559055118
21
1.1479649999999999
0
LINE
8
BLACK
6
CONTINUOUS
10
2.1028077559055118
20
1.1479649999999999
11
2.1065572834645669
21
1.1498397637795275
0
LINE
8
BLACK
6
CONTINUOUS
10
2.1065572834645669
20
1.1498397637795275
11
2.1070978740157478
21
1.1500466535433072
0
LINE
8
BLACK
6
CONTINUOUS
10
2.1070978740157478
20
1.1500466535433072
11
2.1072037401574804
21
1.1500542125984252
0
LINE
8
BLACK
6
CONTINUOUS
10
2.1072037401574804
20
1.1500542125984252
11
2.1073017322834646
21
1.1500947637795276
0
LINE
8
BLACK
6
CONTINUOUS
10
2.1073017322834646
20
1.1500947637795276
11
2.1078777952755905
21
1.1501514960629922
0
LINE
8
BLACK
6
CONTINUOUS
10
2.1078777952755905
20
1.1501514960629922
11
2.1153768503937007
21
1.1501514960629922
0
LINE
8
BLACK
6
CONTINUOUS
10
2.1153768503937007
20
1.1501514960629922
11
2.1159529133858266
21
1.1500947637795276
0
LINE
8
BLACK
6
CONTINUOUS
10
2.1180314960629922
20
1.1331022440944882
11
2.1179256692913384
21
1.1330947637795274
0
LINE
8
BLACK
6
CONTINUOUS
10
2.1179256692913384
20
1.1330947637795274
11
2.1178276771653541
21
1.1330541338582676
0
LINE
8
BLACK
6
CONTINUOUS
10
2.1178276771653541
20
1.1330541338582676
11
2.1172516141732283
21
1.1329974015748032
0
LINE
8
BLACK
6
CONTINUOUS
10
2.1172516141732283
20
1.1329974015748032
11
2.1085748425196851
21
1.1329974015748032
0
LINE
8
BLACK
6
CONTINUOUS
10
2.1085748425196851
20
1.1329974015748032
11
2.1063290944881889
21
1.1318745669291339
0
LINE
8
BLACK
6
CONTINUOUS
10
2.1063290944881889
20
1.1318745669291339
11
2.1052062598425199
21
1.1296288188976378
0
LINE
8
BLACK
6
CONTINUOUS
10
2.1052062598425199
20
1.1296288188976378
11
2.1052062598425199
21
1.1272733858267716
0
LINE
8
BLACK
6
CONTINUOUS
10
2.1052062598425199
20
1.1272733858267716
11
2.1063290944881889
21
1.1250276377952755
0
LINE
8
BLACK
6
CONTINUOUS
10
2.1063290944881889
20
1.1250276377952755
11
2.1085748425196851
21
1.1239047637795276
0
LINE
8
BLACK
6
CONTINUOUS
10
2.1085748425196851
20
1.1239047637795276
11
2.1165545669291337
21
1.1239047637795276
0
LINE
8
BLACK
6
CONTINUOUS
10
2.1165545669291337
20
1.1239047637795276
11
2.1180483858267718
21
1.1246516929133858
0
LINE
8
BLACK
6
CONTINUOUS
10
2.1180483858267718
20
1.1246516929133858
11
2.1180483858267718
21
1.1331087401574802
0
LINE
8
BLACK
6
CONTINUOUS
10
2.1180483858267718
20
1.1331087401574802
11
2.1180314960629922
21
1.1331022440944882
0
LINE
8
BLACK
6
CONTINUOUS
10
1.4616596456692914
20
1.1632181102362205
11
1.4617576377952755
21
1.1631775196850394
0
LINE
8
BLACK
6
CONTINUOUS
10
1.4617576377952755
20
1.1631775196850394
11
1.4618634645669291
21
1.16317
0
LINE
8
BLACK
6
CONTINUOUS
10
1.4618634645669291
20
1.16317
11
1.4624040944881889
21
1.1629631102362203
0
LINE
8
BLACK
6
CONTINUOUS
10
1.4624040944881889
20
1.1629631102362203
11
1.466153622047244
21
1.1610883464566928
0
LINE
8
BLACK
6
CONTINUOUS
10
1.466153622047244
20
1.1610883464566928
11
1.4664016141732283
21
1.160932283464567
0
LINE
8
BLACK
6
CONTINUOUS
10
1.4664016141732283
20
1.160932283464567
11
1.4664735826771653
21
1.1609024409448818
0
LINE
8
BLACK
6
CONTINUOUS
10
1.4664735826771653
20
1.1609024409448818
11
1.466554527559055
21
1.1608359842519684
0
LINE
8
BLACK
6
CONTINUOUS
10
1.466554527559055
20
1.1608359842519684
11
1.4666435039370078
21
1.1607799999999999
0
LINE
8
BLACK
6
CONTINUOUS
10
1.4666435039370078
20
1.1607799999999999
11
1.4666946456692913
21
1.1607210236220473
0
LINE
8
BLACK
6
CONTINUOUS
10
1.4666946456692913
20
1.1607210236220473
11
1.4669210236220471
21
1.1605352362204724
0
LINE
8
BLACK
6
CONTINUOUS
10
1.4669210236220471
20
1.1605352362204724
11
1.4687957874015747
21
1.1586604724409448
0
LINE
8
BLACK
6
CONTINUOUS
10
1.4687957874015747
20
1.1586604724409448
11
1.4689815354330709
21
1.1584341338582678
0
LINE
8
BLACK
6
CONTINUOUS
10
1.4689815354330709
20
1.1584341338582678
11
1.4690405511811024
21
1.1583829527559055
0
LINE
8
BLACK
6
CONTINUOUS
10
1.4690405511811024
20
1.1583829527559055
11
1.4690964960629922
21
1.1582940157480315
0
LINE
8
BLACK
6
CONTINUOUS
10
1.4690964960629922
20
1.1582940157480315
11
1.4691629921259841
21
1.158213031496063
0
LINE
8
BLACK
6
CONTINUOUS
10
1.4691629921259841
20
1.158213031496063
11
1.4691927952755905
21
1.1581411023622048
0
LINE
8
BLACK
6
CONTINUOUS
10
1.4691927952755905
20
1.1581411023622048
11
1.4693488976377953
21
1.1578930708661417
0
LINE
8
BLACK
6
CONTINUOUS
10
1.4693488976377953
20
1.1578930708661417
11
1.4712236614173229
21
1.1541435433070866
0
LINE
8
BLACK
6
CONTINUOUS
10
1.4712236614173229
20
1.1541435433070866
11
1.4714305511811023
21
1.1536029527559055
0
LINE
8
BLACK
6
CONTINUOUS
10
1.4714305511811023
20
1.1536029527559055
11
1.4714380708661416
21
1.1534970866141732
0
LINE
8
BLACK
6
CONTINUOUS
10
1.4714380708661416
20
1.1534970866141732
11
1.4714786614173228
21
1.1533990944881889
0
LINE
8
BLACK
6
CONTINUOUS
10
1.4714786614173228
20
1.1533990944881889
11
1.4715353937007873
21
1.152823031496063
0
LINE
8
BLACK
6
CONTINUOUS
10
1.4715353937007873
20
1.152823031496063
11
1.4715353937007873
21
1.1471987401574804
0
LINE
8
BLACK
6
CONTINUOUS
10
1.4715353937007873
20
1.1471987401574804
11
1.4714786614173228
21
1.1466226771653543
0
LINE
8
BLACK
6
CONTINUOUS
10
1.4714786614173228
20
1.1466226771653543
11
1.4714380708661416
21
1.1465247244094487
0
LINE
8
BLACK
6
CONTINUOUS
10
1.4714380708661416
20
1.1465247244094487
11
1.4714305511811023
21
1.1464188188976379
0
LINE
8
BLACK
6
CONTINUOUS
10
1.4714305511811023
20
1.1464188188976379
11
1.4712236614173229
21
1.1458782283464566
0
LINE
8
BLACK
6
CONTINUOUS
10
1.4712236614173229
20
1.1458782283464566
11
1.4693488976377953
21
1.1421287007874015
0
LINE
8
BLACK
6
CONTINUOUS
10
1.4693488976377953
20
1.1421287007874015
11
1.4691927952755905
21
1.1418807086614173
0
LINE
8
BLACK
6
CONTINUOUS
10
1.4691927952755905
20
1.1418807086614173
11
1.4691629921259841
21
1.1418087401574804
0
LINE
8
BLACK
6
CONTINUOUS
10
1.4691629921259841
20
1.1418087401574804
11
1.4690964960629922
21
1.1417277952755904
0
LINE
8
BLACK
6
CONTINUOUS
10
1.4690964960629922
20
1.1417277952755904
11
1.4690405511811024
21
1.1416388188976379
0
LINE
8
BLACK
6
CONTINUOUS
10
1.4690405511811024
20
1.1416388188976379
11
1.4689815354330709
21
1.1415876771653544
0
LINE
8
BLACK
6
CONTINUOUS
10
1.4689815354330709
20
1.1415876771653544
11
1.4687957874015747
21
1.1413612992125983
0
LINE
8
BLACK
6
CONTINUOUS
10
1.4687957874015747
20
1.1413612992125983
11
1.4669210236220471
21
1.1394865354330708
0
LINE
8
BLACK
6
CONTINUOUS
10
1.4669210236220471
20
1.1394865354330708
11
1.4666946456692913
21
1.1393007874015748
0
LINE
8
BLACK
6
CONTINUOUS
10
1.4666946456692913
20
1.1393007874015748
11
1.4666435039370078
21
1.1392417716535432
0
LINE
8
BLACK
6
CONTINUOUS
10
1.4666435039370078
20
1.1392417716535432
11
1.466554527559055
21
1.1391858267716535
0
LINE
8
BLACK
6
CONTINUOUS
10
1.466554527559055
20
1.1391858267716535
11
1.4664735826771653
21
1.1391193307086613
0
LINE
8
BLACK
6
CONTINUOUS
10
1.4664735826771653
20
1.1391193307086613
11
1.4664016141732283
21
1.1390895275590551
0
LINE
8
BLACK
6
CONTINUOUS
10
1.4664016141732283
20
1.1390895275590551
11
1.466153622047244
21
1.1389334251968504
0
LINE
8
BLACK
6
CONTINUOUS
10
1.466153622047244
20
1.1389334251968504
11
1.4624040944881889
21
1.1370586614173228
0
LINE
8
BLACK
6
CONTINUOUS
10
1.4624040944881889
20
1.1370586614173228
11
1.4618634645669291
21
1.1368517716535433
0
LINE
8
BLACK
6
CONTINUOUS
10
1.4618634645669291
20
1.1368517716535433
11
1.4617576377952755
21
1.1368442913385826
0
LINE
8
BLACK
6
CONTINUOUS
10
1.4617576377952755
20
1.1368442913385826
11
1.4616596456692914
21
1.1368036614173229
0
LINE
8
BLACK
6
CONTINUOUS
10
1.4616596456692914
20
1.1368036614173229
11
1.4611274803149605
21
1.1367512598425196
0
LINE
8
BLACK
6
CONTINUOUS
10
1.4611274803149605
20
1.1367512598425196
11
1.471001653543307
21
1.1226452755905512
0
LINE
8
BLACK
6
CONTINUOUS
10
1.471001653543307
20
1.1226452755905512
11
1.4712855118110235
21
1.1221408267716535
0
LINE
8
BLACK
6
CONTINUOUS
10
1.4712855118110235
20
1.1221408267716535
11
1.47153468503937
21
1.1210159842519685
0
LINE
8
BLACK
6
CONTINUOUS
10
1.47153468503937
20
1.1210159842519685
11
1.4713344881889763
21
1.1198814173228346
0
LINE
8
BLACK
6
CONTINUOUS
10
1.4713344881889763
20
1.1198814173228346
11
1.4707153149606298
21
1.1189098425196851
0
LINE
8
BLACK
6
CONTINUOUS
10
1.4707153149606298
20
1.1189098425196851
11
1.4697714566929134
21
1.1182491338582676
0
LINE
8
BLACK
6
CONTINUOUS
10
1.4697714566929134
20
1.1182491338582676
11
1.4686466141732284
21
1.1179999212598426
0
LINE
8
BLACK
6
CONTINUOUS
10
1.4686466141732284
20
1.1179999212598426
11
1.4675120866141731
21
1.1182001574803149
0
LINE
8
BLACK
6
CONTINUOUS
10
1.4675120866141731
20
1.1182001574803149
11
1.4665404724409448
21
1.1188193307086614
0
LINE
8
BLACK
6
CONTINUOUS
10
1.4665404724409448
20
1.1188193307086614
11
1.4661636614173228
21
1.1192587007874015
0
LINE
8
BLACK
6
CONTINUOUS
10
1.4661636614173228
20
1.1192587007874015
11
1.4539219291338583
21
1.1367469291338583
0
LINE
8
BLACK
6
CONTINUOUS
10
1.4539219291338583
20
1.1367469291338583
11
1.4490382283464567
21
1.1367469291338583
0
LINE
8
BLACK
6
CONTINUOUS
10
1.4490382283464567
20
1.1367469291338583
11
1.4490382283464567
21
1.1209520078740158
0
LINE
8
BLACK
6
CONTINUOUS
10
1.4490382283464567
20
1.1209520078740158
11
1.4489814960629921
21
1.1203759448818897
0
LINE
8
BLACK
6
CONTINUOUS
10
1.4489814960629921
20
1.1203759448818897
11
1.448540590551181
21
1.1193115354330709
0
LINE
8
BLACK
6
CONTINUOUS
10
1.448540590551181
20
1.1193115354330709
11
1.4477259448818898
21
1.1184968897637795
0
LINE
8
BLACK
6
CONTINUOUS
10
1.4477259448818898
20
1.1184968897637795
11
1.4466615354330707
21
1.1180559842519684
0
LINE
8
BLACK
6
CONTINUOUS
10
1.4466615354330707
20
1.1180559842519684
11
1.4455094094488188
21
1.1180559842519684
0
LINE
8
BLACK
6
CONTINUOUS
10
1.4455094094488188
20
1.1180559842519684
11
1.444445
21
1.1184968897637795
0
LINE
8
BLACK
6
CONTINUOUS
10
1.444445
20
1.1184968897637795
11
1.4436303543307085
21
1.1193115354330709
0
LINE
8
BLACK
6
CONTINUOUS
10
1.4436303543307085
20
1.1193115354330709
11
1.4431894488188977
21
1.1203759448818897
0
LINE
8
BLACK
6
CONTINUOUS
10
1.4431894488188977
20
1.1203759448818897
11
1.4431327165354331
21
1.1209520078740158
0
LINE
8
BLACK
6
CONTINUOUS
10
1.4431327165354331
20
1.1209520078740158
11
1.4431327165354331
21
1.1603220866141732
0
LINE
8
BLACK
6
CONTINUOUS
10
1.4431327165354331
20
1.1603220866141732
11
1.4431894488188977
21
1.1608981496062991
0
LINE
8
BLACK
6
CONTINUOUS
10
1.4431894488188977
20
1.1608981496062991
11
1.4436303543307085
21
1.1619625590551181
0
LINE
8
BLACK
6
CONTINUOUS
10
1.4436303543307085
20
1.1619625590551181
11
1.444445
21
1.1627772047244094
0
LINE
8
BLACK
6
CONTINUOUS
10
1.444445
20
1.1627772047244094
11
1.4455094094488188
21
1.1632181102362205
0
LINE
8
BLACK
6
CONTINUOUS
10
1.4455094094488188
20
1.1632181102362205
11
1.4460854724409449
21
1.163274842519685
0
LINE
8
BLACK
6
CONTINUOUS
10
1.4460854724409449
20
1.163274842519685
11
1.4610835826771653
21
1.163274842519685
0
LINE
8
BLACK
6
CONTINUOUS
10
1.4610835826771653
20
1.163274842519685
11
1.4616596456692914
21
1.1632181102362205
0
LINE
8
BLACK
6
CONTINUOUS
10
1.4490382283464567
20
1.1426524409448819
11
1.4603865354330707
21
1.1426524409448819
0
LINE
8
BLACK
6
CONTINUOUS
10
1.4603865354330707
20
1.1426524409448819
11
1.4630840157480314
21
1.1440011811023623
0
LINE
8
BLACK
6
CONTINUOUS
10
1.4630840157480314
20
1.1440011811023623
11
1.4642811417322834
21
1.1451983070866141
0
LINE
8
BLACK
6
CONTINUOUS
10
1.4642811417322834
20
1.1451983070866141
11
1.4656298818897637
21
1.1478957874015747
0
LINE
8
BLACK
6
CONTINUOUS
10
1.4656298818897637
20
1.1478957874015747
11
1.4656298818897637
21
1.1521259842519684
0
LINE
8
BLACK
6
CONTINUOUS
10
1.4656298818897637
20
1.1521259842519684
11
1.4642811417322834
21
1.1548234645669291
0
LINE
8
BLACK
6
CONTINUOUS
10
1.4642811417322834
20
1.1548234645669291
11
1.4630840157480314
21
1.1560205905511811
0
LINE
8
BLACK
6
CONTINUOUS
10
1.4630840157480314
20
1.1560205905511811
11
1.4603865354330707
21
1.1573693307086614
0
LINE
8
BLACK
6
CONTINUOUS
10
1.4603865354330707
20
1.1573693307086614
11
1.4490382283464567
21
1.1573693307086614
0
LINE
8
BLACK
6
CONTINUOUS
10
1.4490382283464567
20
1.1573693307086614
11
1.4490382283464567
21
1.1426524409448819
0
LINE
8
BLACK
6
CONTINUOUS
10
2.0203332677165355
20
1.1631849212598424
11
2.0205437007874014
21
1.1631699606299213
0
LINE
8
BLACK
6
CONTINUOUS
10
2.0205437007874014
20
1.1631699606299213
11
2.0208748031496064
21
1.1630044094488188
0
LINE
8
BLACK
6
CONTINUOUS
10
2.0208748031496064
20
1.1630044094488188
11
2.0212260629921261
21
1.1628873228346457
0
LINE
8
BLACK
6
CONTINUOUS
10
2.0212260629921261
20
1.1628873228346457
11
2.0213853937007875
21
1.1627491338582676
0
LINE
8
BLACK
6
CONTINUOUS
10
2.0213853937007875
20
1.1627491338582676
11
2.0215741338582678
21
1.1626547637795275
0
LINE
8
BLACK
6
CONTINUOUS
10
2.0215741338582678
20
1.1626547637795275
11
2.0218167716535431
21
1.1623750393700787
0
LINE
8
BLACK
6
CONTINUOUS
10
2.0218167716535431
20
1.1623750393700787
11
2.0220964566929132
21
1.1621324409448819
0
LINE
8
BLACK
6
CONTINUOUS
10
2.0220964566929132
20
1.1621324409448819
11
2.022190748031496
21
1.1619438188976379
0
LINE
8
BLACK
6
CONTINUOUS
10
2.022190748031496
20
1.1619438188976379
11
2.0223290157480314
21
1.1617844094488188
0
LINE
8
BLACK
6
CONTINUOUS
10
2.0223290157480314
20
1.1617844094488188
11
2.0225650000000002
21
1.1612558267716535
0
LINE
8
BLACK
6
CONTINUOUS
10
2.0225650000000002
20
1.1612558267716535
11
2.0356883464566931
21
1.1218857480314961
0
LINE
8
BLACK
6
CONTINUOUS
10
2.0356883464566931
20
1.1218857480314961
11
2.0358166929133859
21
1.1213213385826772
0
LINE
8
BLACK
6
CONTINUOUS
10
2.0358166929133859
20
1.1213213385826772
11
2.0357349999999999
21
1.1201721259842519
0
LINE
8
BLACK
6
CONTINUOUS
10
2.0357349999999999
20
1.1201721259842519
11
2.035219803149606
21
1.119141653543307
0
LINE
8
BLACK
6
CONTINUOUS
10
2.035219803149606
20
1.119141653543307
11
2.034349409448819
21
1.1183867716535434
0
LINE
8
BLACK
6
CONTINUOUS
10
2.034349409448819
20
1.1183867716535434
11
2.0332564173228347
21
1.1180224409448818
0
LINE
8
BLACK
6
CONTINUOUS
10
2.0332564173228347
20
1.1180224409448818
11
2.0321072047244093
21
1.1181041338582678
0
LINE
8
BLACK
6
CONTINUOUS
10
2.0321072047244093
20
1.1181041338582678
11
2.0310767716535434
21
1.1186193700787401
0
LINE
8
BLACK
6
CONTINUOUS
10
2.0310767716535434
20
1.1186193700787401
11
2.0303218897637794
21
1.1194897244094488
0
LINE
8
BLACK
6
CONTINUOUS
10
2.0303218897637794
20
1.1194897244094488
11
2.030085905511811
21
1.1200182677165353
0
LINE
8
BLACK
6
CONTINUOUS
10
2.030085905511811
20
1.1200182677165353
11
2.0270093700787402
21
1.1292478740157481
0
LINE
8
BLACK
6
CONTINUOUS
10
2.0270093700787402
20
1.1292478740157481
11
2.0125181889763777
21
1.1292478740157481
0
LINE
8
BLACK
6
CONTINUOUS
10
2.0125181889763777
20
1.1292478740157481
11
2.0094416535433068
21
1.1200182677165353
0
LINE
8
BLACK
6
CONTINUOUS
10
2.0094416535433068
20
1.1200182677165353
11
2.0092056692913385
21
1.1194896850393701
0
LINE
8
BLACK
6
CONTINUOUS
10
2.0092056692913385
20
1.1194896850393701
11
2.0084507874015749
21
1.1186193307086614
0
LINE
8
BLACK
6
CONTINUOUS
10
2.0084507874015749
20
1.1186193307086614
11
2.0074203543307085
21
1.1181041338582678
0
LINE
8
BLACK
6
CONTINUOUS
10
2.0074203543307085
20
1.1181041338582678
11
2.0062711417322836
21
1.1180224409448818
0
LINE
8
BLACK
6
CONTINUOUS
10
2.0062711417322836
20
1.1180224409448818
11
2.0051781102362205
21
1.1183867716535434
0
LINE
8
BLACK
6
CONTINUOUS
10
2.0051781102362205
20
1.1183867716535434
11
2.0043077559055118
21
1.119141653543307
0
LINE
8
BLACK
6
CONTINUOUS
10
2.0043077559055118
20
1.119141653543307
11
2.003792559055118
21
1.1201720866141731
0
LINE
8
BLACK
6
CONTINUOUS
10
2.003792559055118
20
1.1201720866141731
11
2.0037108661417324
21
1.1213212992125985
0
LINE
8
BLACK
6
CONTINUOUS
10
2.0037108661417324
20
1.1213212992125985
11
2.0038392125984252
21
1.1218857480314961
0
LINE
8
BLACK
6
CONTINUOUS
10
2.0038392125984252
20
1.1218857480314961
11
2.0169625590551181
21
1.1612558267716535
0
LINE
8
BLACK
6
CONTINUOUS
10
2.0169625590551181
20
1.1612558267716535
11
2.0171985433070865
21
1.16178437007874
0
LINE
8
BLACK
6
CONTINUOUS
10
2.0171985433070865
20
1.16178437007874
11
2.0173367322834643
21
1.1619437401574804
0
LINE
8
BLACK
6
CONTINUOUS
10
2.0173367322834643
20
1.1619437401574804
11
2.0174311023622047
21
1.1621324409448819
0
LINE
8
BLACK
6
CONTINUOUS
10
2.0174311023622047
20
1.1621324409448819
11
2.0177109448818897
21
1.1623751968503937
0
LINE
8
BLACK
6
CONTINUOUS
10
2.0177109448818897
20
1.1623751968503937
11
2.0179534251968505
21
1.1626547244094487
0
LINE
8
BLACK
6
CONTINUOUS
10
2.0179534251968505
20
1.1626547244094487
11
2.018141968503937
21
1.1627490157480316
0
LINE
8
BLACK
6
CONTINUOUS
10
2.018141968503937
20
1.1627490157480316
11
2.0183014566929134
21
1.1628873228346457
0
LINE
8
BLACK
6
CONTINUOUS
10
2.0183014566929134
20
1.1628873228346457
11
2.0186528346456694
21
1.1630044488188975
0
LINE
8
BLACK
6
CONTINUOUS
10
2.0186528346456694
20
1.1630044488188975
11
2.0189838582677164
21
1.1631699606299213
0
LINE
8
BLACK
6
CONTINUOUS
10
2.0189838582677164
20
1.1631699606299213
11
2.019194251968504
21
1.1631849212598424
0
LINE
8
BLACK
6
CONTINUOUS
10
2.019194251968504
20
1.1631849212598424
11
2.0193944881889765
21
1.1632516535433071
0
LINE
8
BLACK
6
CONTINUOUS
10
2.0193944881889765
20
1.1632516535433071
11
2.0197637795275591
21
1.163225433070866
0
LINE
8
BLACK
6
CONTINUOUS
10
2.0197637795275591
20
1.163225433070866
11
2.0201330708661418
21
1.1632516535433071
0
LINE
8
BLACK
6
CONTINUOUS
10
2.0201330708661418
20
1.1632516535433071
11
2.0203332677165355
21
1.1631849212598424
0
LINE
8
BLACK
6
CONTINUOUS
10
2.014486692913386
20
1.1351533858267717
11
2.0250408661417323
21
1.1351533858267717
0
LINE
8
BLACK
6
CONTINUOUS
10
2.0250408661417323
20
1.1351533858267717
11
2.0197637795275591
21
1.1509846850393701
0
LINE
8
BLACK
6
CONTINUOUS
10
2.0197637795275591
20
1.1509846850393701
11
2.014486692913386
21
1.1351533858267717
0
LINE
8
BLACK
6
CONTINUOUS
10
1.558337125984252
20
1.1496538582677165
11
1.5591517716535432
21
1.1488392125984253
0
LINE
8
BLACK
6
CONTINUOUS
10
1.5591517716535432
20
1.1488392125984253
11
1.5595926771653543
21
1.1477748031496062
0
LINE
8
BLACK
6
CONTINUOUS
10
1.5595926771653543
20
1.1477748031496062
11
1.5596494094488189
21
1.1471987401574804
0
LINE
8
BLACK
6
CONTINUOUS
10
1.5596494094488189
20
1.1471987401574804
11
1.5596494094488189
21
1.1209520078740158
0
LINE
8
BLACK
6
CONTINUOUS
10
1.5596494094488189
20
1.1209520078740158
11
1.5595926771653543
21
1.1203759448818897
0
LINE
8
BLACK
6
CONTINUOUS
10
1.5595926771653543
20
1.1203759448818897
11
1.5591517716535432
21
1.1193115354330709
0
LINE
8
BLACK
6
CONTINUOUS
10
1.5591517716535432
20
1.1193115354330709
11
1.558337125984252
21
1.1184968897637795
0
LINE
8
BLACK
6
CONTINUOUS
10
1.558337125984252
20
1.1184968897637795
11
1.557272716535433
21
1.1180559842519684
0
LINE
8
BLACK
6
CONTINUOUS
10
1.557272716535433
20
1.1180559842519684
11
1.556120590551181
21
1.1180559842519684
0
LINE
8
BLACK
6
CONTINUOUS
10
1.556120590551181
20
1.1180559842519684
11
1.5550561811023622
21
1.1184968897637795
0
LINE
8
BLACK
6
CONTINUOUS
10
1.5550561811023622
20
1.1184968897637795
11
1.5542415354330708
21
1.1193115354330709
0
LINE
8
BLACK
6
CONTINUOUS
10
1.5542415354330708
20
1.1193115354330709
11
1.5538006299212599
21
1.1203759448818897
0
LINE
8
BLACK
6
CONTINUOUS
10
1.5538006299212599
20
1.1203759448818897
11
1.5537438976377953
21
1.1209520078740158
0
LINE
8
BLACK
6
CONTINUOUS
10
1.5537438976377953
20
1.1209520078740158
11
1.5537438976377953
21
1.1471987401574804
0
LINE
8
BLACK
6
CONTINUOUS
10
1.5537438976377953
20
1.1471987401574804
11
1.5538006299212599
21
1.1477748031496062
0
LINE
8
BLACK
6
CONTINUOUS
10
1.5538006299212599
20
1.1477748031496062
11
1.5542415354330708
21
1.1488392125984253
0
LINE
8
BLACK
6
CONTINUOUS
10
1.5542415354330708
20
1.1488392125984253
11
1.5550561811023622
21
1.1496538582677165
0
LINE
8
BLACK
6
CONTINUOUS
10
1.5550561811023622
20
1.1496538582677165
11
1.556120590551181
21
1.1500947637795276
0
LINE
8
BLACK
6
CONTINUOUS
10
1.556120590551181
20
1.1500947637795276
11
1.557272716535433
21
1.1500947637795276
0
LINE
8
BLACK
6
CONTINUOUS
10
1.557272716535433
20
1.1500947637795276
11
1.558337125984252
21
1.1496538582677165
0
LINE
8
BLACK
6
CONTINUOUS
10
1.6352025196850393
20
1.1496538582677165
11
1.6360171653543307
21
1.1488392125984253
0
LINE
8
BLACK
6
CONTINUOUS
10
1.6360171653543307
20
1.1488392125984253
11
1.6364580708661416
21
1.1477748031496062
0
LINE
8
BLACK
6
CONTINUOUS
10
1.6364580708661416
20
1.1477748031496062
11
1.6365148031496062
21
1.1471987401574804
0
LINE
8
BLACK
6
CONTINUOUS
10
1.6365148031496062
20
1.1471987401574804
11
1.6365148031496062
21
1.1209520078740158
0
LINE
8
BLACK
6
CONTINUOUS
10
1.6365148031496062
20
1.1209520078740158
11
1.6364580708661416
21
1.1203759448818897
0
LINE
8
BLACK
6
CONTINUOUS
10
1.6364580708661416
20
1.1203759448818897
11
1.6360171653543307
21
1.1193115354330709
0
LINE
8
BLACK
6
CONTINUOUS
10
1.6360171653543307
20
1.1193115354330709
11
1.6352025196850393
21
1.1184968897637795
0
LINE
8
BLACK
6
CONTINUOUS
10
1.6352025196850393
20
1.1184968897637795
11
1.6341381102362205
21
1.1180559842519684
0
LINE
8
BLACK
6
CONTINUOUS
10
1.6341381102362205
20
1.1180559842519684
11
1.6329859842519685
21
1.1180559842519684
0
LINE
8
BLACK
6
CONTINUOUS
10
1.6329859842519685
20
1.1180559842519684
11
1.6319215748031495
21
1.1184968897637795
0
LINE
8
BLACK
6
CONTINUOUS
10
1.6319215748031495
20
1.1184968897637795
11
1.6311069291338582
21
1.1193115354330709
0
LINE
8
BLACK
6
CONTINUOUS
10
1.6311069291338582
20
1.1193115354330709
11
1.6306660236220472
21
1.1203759448818897
0
LINE
8
BLACK
6
CONTINUOUS
10
1.6306660236220472
20
1.1203759448818897
11
1.6306092913385826
21
1.1209520078740158
0
LINE
8
BLACK
6
CONTINUOUS
10
1.6306092913385826
20
1.1209520078740158
11
1.6306092913385826
21
1.1471987401574804
0
LINE
8
BLACK
6
CONTINUOUS
10
1.6306092913385826
20
1.1471987401574804
11
1.6306660236220472
21
1.1477748031496062
0
LINE
8
BLACK
6
CONTINUOUS
10
1.6306660236220472
20
1.1477748031496062
11
1.6311069291338582
21
1.1488392125984253
0
LINE
8
BLACK
6
CONTINUOUS
10
1.6311069291338582
20
1.1488392125984253
11
1.6319215748031495
21
1.1496538582677165
0
LINE
8
BLACK
6
CONTINUOUS
10
1.6319215748031495
20
1.1496538582677165
11
1.6329859842519685
21
1.1500947637795276
0
LINE
8
BLACK
6
CONTINUOUS
10
1.6329859842519685
20
1.1500947637795276
11
1.6341381102362205
21
1.1500947637795276
0
LINE
8
BLACK
6
CONTINUOUS
10
1.6341381102362205
20
1.1500947637795276
11
1.6352025196850393
21
1.1496538582677165
0
LINE
8
BLACK
6
CONTINUOUS
10
1.6997548818897636
20
1.1500947637795276
11
1.6998528740157479
21
1.1500541732283465
0
LINE
8
BLACK
6
CONTINUOUS
10
1.6998528740157479
20
1.1500541732283465
11
1.6999587007874015
21
1.1500466535433072
0
LINE
8
BLACK
6
CONTINUOUS
10
1.6999587007874015
20
1.1500466535433072
11
1.7004993307086613
21
1.1498397637795275
0
LINE
8
BLACK
6
CONTINUOUS
10
1.7004993307086613
20
1.1498397637795275
11
1.7042488582677164
21
1.1479649999999999
0
LINE
8
BLACK
6
CONTINUOUS
10
1.7042488582677164
20
1.1479649999999999
11
1.7043451968503938
21
1.1479043700787401
0
LINE
8
BLACK
6
CONTINUOUS
10
1.7043451968503938
20
1.1479043700787401
11
1.7043906299212599
21
1.1478892125984252
0
LINE
8
BLACK
6
CONTINUOUS
10
1.7043906299212599
20
1.1478892125984252
11
1.7044471653543307
21
1.1478401968503937
0
LINE
8
BLACK
6
CONTINUOUS
10
1.7044471653543307
20
1.1478401968503937
11
1.7047387401574803
21
1.147656653543307
0
LINE
8
BLACK
6
CONTINUOUS
10
1.7047387401574803
20
1.147656653543307
11
1.7049812992125983
21
1.147376968503937
0
LINE
8
BLACK
6
CONTINUOUS
10
1.7049812992125983
20
1.147376968503937
11
1.7052610236220471
21
1.1471343700787402
0
LINE
8
BLACK
6
CONTINUOUS
10
1.7052610236220471
20
1.1471343700787402
11
1.7054445275590551
21
1.1468428346456692
0
LINE
8
BLACK
6
CONTINUOUS
10
1.7054445275590551
20
1.1468428346456692
11
1.7054935826771653
21
1.1467862598425196
0
LINE
8
BLACK
6
CONTINUOUS
10
1.7054935826771653
20
1.1467862598425196
11
1.7055087007874015
21
1.1467408661417322
0
LINE
8
BLACK
6
CONTINUOUS
10
1.7055087007874015
20
1.1467408661417322
11
1.7055693700787402
21
1.1466444881889764
0
LINE
8
BLACK
6
CONTINUOUS
10
1.7055693700787402
20
1.1466444881889764
11
1.7074441338582678
21
1.1428949606299212
0
LINE
8
BLACK
6
CONTINUOUS
10
1.7074441338582678
20
1.1428949606299212
11
1.7076510236220472
21
1.1423543700787402
0
LINE
8
BLACK
6
CONTINUOUS
10
1.7076510236220472
20
1.1423543700787402
11
1.7076585433070866
21
1.1422485039370078
0
LINE
8
BLACK
6
CONTINUOUS
10
1.7076585433070866
20
1.1422485039370078
11
1.7076991338582677
21
1.1421505118110236
0
LINE
8
BLACK
6
CONTINUOUS
10
1.7076991338582677
20
1.1421505118110236
11
1.7077558661417322
21
1.1415744488188977
0
LINE
8
BLACK
6
CONTINUOUS
10
1.7077558661417322
20
1.1415744488188977
11
1.7077558661417322
21
1.1209520078740158
0
LINE
8
BLACK
6
CONTINUOUS
10
1.7077558661417322
20
1.1209520078740158
11
1.7076991338582677
21
1.1203759448818897
0
LINE
8
BLACK
6
CONTINUOUS
10
1.7076991338582677
20
1.1203759448818897
11
1.7072582283464566
21
1.1193115354330709
0
LINE
8
BLACK
6
CONTINUOUS
10
1.7072582283464566
20
1.1193115354330709
11
1.7064435826771653
21
1.1184968897637795
0
LINE
8
BLACK
6
CONTINUOUS
10
1.7064435826771653
20
1.1184968897637795
11
1.7053791732283463
21
1.1180559842519684
0
LINE
8
BLACK
6
CONTINUOUS
10
1.7053791732283463
20
1.1180559842519684
11
1.7042270472440944
21
1.1180559842519684
0
LINE
8
BLACK
6
CONTINUOUS
10
1.7042270472440944
20
1.1180559842519684
11
1.7031626377952755
21
1.1184968897637795
0
LINE
8
BLACK
6
CONTINUOUS
10
1.7031626377952755
20
1.1184968897637795
11
1.7023479921259843
21
1.1193115354330709
0
LINE
8
BLACK
6
CONTINUOUS
10
1.7023479921259843
20
1.1193115354330709
11
1.7019070866141732
21
1.1203759448818897
0
LINE
8
BLACK
6
CONTINUOUS
10
1.7019070866141732
20
1.1203759448818897
11
1.7018503543307086
21
1.1209520078740158
0
LINE
8
BLACK
6
CONTINUOUS
10
1.7018503543307086
20
1.1209520078740158
11
1.7018503543307086
21
1.1408774015748031
0
LINE
8
BLACK
6
CONTINUOUS
10
1.7018503543307086
20
1.1408774015748031
11
1.7007274803149606
21
1.1431231496062992
0
LINE
8
BLACK
6
CONTINUOUS
10
1.7007274803149606
20
1.1431231496062992
11
1.6984817716535432
21
1.1442459842519686
0
LINE
8
BLACK
6
CONTINUOUS
10
1.6984817716535432
20
1.1442459842519686
11
1.6942515748031495
21
1.1442459842519686
0
LINE
8
BLACK
6
CONTINUOUS
10
1.6942515748031495
20
1.1442459842519686
11
1.6915540944881888
21
1.1428972440944882
0
LINE
8
BLACK
6
CONTINUOUS
10
1.6915540944881888
20
1.1428972440944882
11
1.6908829921259843
21
1.1422261417322834
0
LINE
8
BLACK
6
CONTINUOUS
10
1.6908829921259843
20
1.1422261417322834
11
1.6908829921259843
21
1.1209520078740158
0
LINE
8
BLACK
6
CONTINUOUS
10
1.6908829921259843
20
1.1209520078740158
11
1.6908262598425197
21
1.1203759448818897
0
LINE
8
BLACK
6
CONTINUOUS
10
1.6908262598425197
20
1.1203759448818897
11
1.6903853543307086
21
1.1193115354330709
0
LINE
8
BLACK
6
CONTINUOUS
10
1.6903853543307086
20
1.1193115354330709
11
1.6895707086614173
21
1.1184968897637795
0
LINE
8
BLACK
6
CONTINUOUS
10
1.6895707086614173
20
1.1184968897637795
11
1.6885062992125983
21
1.1180559842519684
0
LINE
8
BLACK
6
CONTINUOUS
10
1.6885062992125983
20
1.1180559842519684
11
1.6873541732283464
21
1.1180559842519684
0
LINE
8
BLACK
6
CONTINUOUS
10
1.6873541732283464
20
1.1180559842519684
11
1.6862897637795276
21
1.1184968897637795
0
LINE
8
BLACK
6
CONTINUOUS
10
1.6862897637795276
20
1.1184968897637795
11
1.6854751181102361
21
1.1193115354330709
0
LINE
8
BLACK
6
CONTINUOUS
10
1.6854751181102361
20
1.1193115354330709
11
1.6850342125984252
21
1.1203759448818897
0
LINE
8
BLACK
6
CONTINUOUS
10
1.6850342125984252
20
1.1203759448818897
11
1.6849774803149606
21
1.1209520078740158
0
LINE
8
BLACK
6
CONTINUOUS
10
1.6849774803149606
20
1.1209520078740158
11
1.6849774803149606
21
1.1471987401574804
0
LINE
8
BLACK
6
CONTINUOUS
10
1.6849774803149606
20
1.1471987401574804
11
1.6850342125984252
21
1.1477748031496062
0
LINE
8
BLACK
6
CONTINUOUS
10
1.6850342125984252
20
1.1477748031496062
11
1.6854751181102361
21
1.1488392125984253
0
LINE
8
BLACK
6
CONTINUOUS
10
1.6854751181102361
20
1.1488392125984253
11
1.6862897637795276
21
1.1496538582677165
0
LINE
8
BLACK
6
CONTINUOUS
10
1.6862897637795276
20
1.1496538582677165
11
1.6873541732283464
21
1.1500947637795276
0
LINE
8
BLACK
6
CONTINUOUS
10
1.6873541732283464
20
1.1500947637795276
11
1.6885062992125983
21
1.1500947637795276
0
LINE
8
BLACK
6
CONTINUOUS
10
1.6885062992125983
20
1.1500947637795276
11
1.6895707086614173
21
1.1496538582677165
0
LINE
8
BLACK
6
CONTINUOUS
10
1.6895707086614173
20
1.1496538582677165
11
1.6903345275590551
21
1.1488900393700787
0
LINE
8
BLACK
6
CONTINUOUS
10
1.6903345275590551
20
1.1488900393700787
11
1.6922340157480316
21
1.1498397637795275
0
LINE
8
BLACK
6
CONTINUOUS
10
1.6922340157480316
20
1.1498397637795275
11
1.6927746062992126
21
1.1500466535433072
0
LINE
8
BLACK
6
CONTINUOUS
10
1.6927746062992126
20
1.1500466535433072
11
1.6928804724409448
21
1.1500542125984252
0
LINE
8
BLACK
6
CONTINUOUS
10
1.6928804724409448
20
1.1500542125984252
11
1.692978464566929
21
1.1500947637795276
0
LINE
8
BLACK
6
CONTINUOUS
10
1.692978464566929
20
1.1500947637795276
11
1.6935545275590551
21
1.1501514960629922
0
LINE
8
BLACK
6
CONTINUOUS
10
1.6935545275590551
20
1.1501514960629922
11
1.6991788188976378
21
1.1501514960629922
0
LINE
8
BLACK
6
CONTINUOUS
10
1.6991788188976378
20
1.1501514960629922
11
1.6997548818897636
21
1.1500947637795276
0
LINE
8
BLACK
6
CONTINUOUS
10
1.8366127952755904
20
1.1500947637795276
11
1.8367107874015747
21
1.1500541732283465
0
LINE
8
BLACK
6
CONTINUOUS
10
1.8367107874015747
20
1.1500541732283465
11
1.8368166141732283
21
1.1500466535433072
0
LINE
8
BLACK
6
CONTINUOUS
10
1.8368166141732283
20
1.1500466535433072
11
1.8373572440944881
21
1.1498397637795275
0
LINE
8
BLACK
6
CONTINUOUS
10
1.8373572440944881
20
1.1498397637795275
11
1.8411067716535432
21
1.1479649999999999
0
LINE
8
BLACK
6
CONTINUOUS
10
1.8411067716535432
20
1.1479649999999999
11
1.8412031102362205
21
1.1479043700787401
0
LINE
8
BLACK
6
CONTINUOUS
10
1.8412031102362205
20
1.1479043700787401
11
1.8412485433070866
21
1.1478892125984252
0
LINE
8
BLACK
6
CONTINUOUS
10
1.8412485433070866
20
1.1478892125984252
11
1.8413050787401575
21
1.1478401968503937
0
LINE
8
BLACK
6
CONTINUOUS
10
1.8413050787401575
20
1.1478401968503937
11
1.841596653543307
21
1.147656653543307
0
LINE
8
BLACK
6
CONTINUOUS
10
1.841596653543307
20
1.147656653543307
11
1.8418392125984251
21
1.147376968503937
0
LINE
8
BLACK
6
CONTINUOUS
10
1.8418392125984251
20
1.147376968503937
11
1.8421189370078739
21
1.1471343700787402
0
LINE
8
BLACK
6
CONTINUOUS
10
1.8421189370078739
20
1.1471343700787402
11
1.8423024409448818
21
1.1468428346456692
0
LINE
8
BLACK
6
CONTINUOUS
10
1.8423024409448818
20
1.1468428346456692
11
1.8423514960629921
21
1.1467862598425196
0
LINE
8
BLACK
6
CONTINUOUS
10
1.8423514960629921
20
1.1467862598425196
11
1.8423666141732282
21
1.1467408661417322
0
LINE
8
BLACK
6
CONTINUOUS
10
1.8423666141732282
20
1.1467408661417322
11
1.842427283464567
21
1.1466444881889764
0
LINE
8
BLACK
6
CONTINUOUS
10
1.842427283464567
20
1.1466444881889764
11
1.8443020472440945
21
1.1428949606299212
0
LINE
8
BLACK
6
CONTINUOUS
10
1.8443020472440945
20
1.1428949606299212
11
1.844508937007874
21
1.1423543700787402
0
LINE
8
BLACK
6
CONTINUOUS
10
1.844508937007874
20
1.1423543700787402
11
1.8445164566929133
21
1.1422485039370078
0
LINE
8
BLACK
6
CONTINUOUS
10
1.8445164566929133
20
1.1422485039370078
11
1.8445570472440944
21
1.1421505118110236
0
LINE
8
BLACK
6
CONTINUOUS
10
1.8445570472440944
20
1.1421505118110236
11
1.844613779527559
21
1.1415744488188977
0
LINE
8
BLACK
6
CONTINUOUS
10
1.844613779527559
20
1.1415744488188977
11
1.844613779527559
21
1.1209520078740158
0
LINE
8
BLACK
6
CONTINUOUS
10
1.844613779527559
20
1.1209520078740158
11
1.8445570472440944
21
1.1203759448818897
0
LINE
8
BLACK
6
CONTINUOUS
10
1.8445570472440944
20
1.1203759448818897
11
1.8441161417322833
21
1.1193115354330709
0
LINE
8
BLACK
6
CONTINUOUS
10
1.8441161417322833
20
1.1193115354330709
11
1.8433014960629921
21
1.1184968897637795
0
LINE
8
BLACK
6
CONTINUOUS
10
1.8433014960629921
20
1.1184968897637795
11
1.8422370866141733
21
1.1180559842519684
0
LINE
8
BLACK
6
CONTINUOUS
10
1.8422370866141733
20
1.1180559842519684
11
1.8410849606299211
21
1.1180559842519684
0
LINE
8
BLACK
6
CONTINUOUS
10
1.8410849606299211
20
1.1180559842519684
11
1.8400205511811023
21
1.1184968897637795
0
LINE
8
BLACK
6
CONTINUOUS
10
1.8400205511811023
20
1.1184968897637795
11
1.8392059055118111
21
1.1193115354330709
0
LINE
8
BLACK
6
CONTINUOUS
10
1.8392059055118111
20
1.1193115354330709
11
1.838765
21
1.1203759448818897
0
LINE
8
BLACK
6
CONTINUOUS
10
1.838765
20
1.1203759448818897
11
1.8387082677165354
21
1.1209520078740158
0
LINE
8
BLACK
6
CONTINUOUS
10
1.8387082677165354
20
1.1209520078740158
11
1.8387082677165354
21
1.1408774015748031
0
LINE
8
BLACK
6
CONTINUOUS
10
1.8387082677165354
20
1.1408774015748031
11
1.8375853937007873
21
1.1431231496062992
0
LINE
8
BLACK
6
CONTINUOUS
10
1.8375853937007873
20
1.1431231496062992
11
1.83533968503937
21
1.1442459842519686
0
LINE
8
BLACK
6
CONTINUOUS
10
1.83533968503937
20
1.1442459842519686
11
1.8311094881889762
21
1.1442459842519686
0
LINE
8
BLACK
6
CONTINUOUS
10
1.8311094881889762
20
1.1442459842519686
11
1.8284120078740158
21
1.1428972440944882
0
LINE
8
BLACK
6
CONTINUOUS
10
1.8284120078740158
20
1.1428972440944882
11
1.827740905511811
21
1.1422261417322834
0
LINE
8
BLACK
6
CONTINUOUS
10
1.827740905511811
20
1.1422261417322834
11
1.827740905511811
21
1.1209520078740158
0
LINE
8
BLACK
6
CONTINUOUS
10
1.827740905511811
20
1.1209520078740158
11
1.8276841732283464
21
1.1203759448818897
0
LINE
8
BLACK
6
CONTINUOUS
10
1.8276841732283464
20
1.1203759448818897
11
1.8272432677165353
21
1.1193115354330709
0
LINE
8
BLACK
6
CONTINUOUS
10
1.8272432677165353
20
1.1193115354330709
11
1.8264286220472441
21
1.1184968897637795
0
LINE
8
BLACK
6
CONTINUOUS
10
1.8264286220472441
20
1.1184968897637795
11
1.8253642125984251
21
1.1180559842519684
0
LINE
8
BLACK
6
CONTINUOUS
10
1.8253642125984251
20
1.1180559842519684
11
1.8242120866141731
21
1.1180559842519684
0
LINE
8
BLACK
6
CONTINUOUS
10
1.8242120866141731
20
1.1180559842519684
11
1.8231476771653543
21
1.1184968897637795
0
LINE
8
BLACK
6
CONTINUOUS
10
1.8231476771653543
20
1.1184968897637795
11
1.8223330314960628
21
1.1193115354330709
0
LINE
8
BLACK
6
CONTINUOUS
10
1.8223330314960628
20
1.1193115354330709
11
1.821892125984252
21
1.1203759448818897
0
LINE
8
BLACK
6
CONTINUOUS
10
1.821892125984252
20
1.1203759448818897
11
1.8218353937007874
21
1.1209520078740158
0
LINE
8
BLACK
6
CONTINUOUS
10
1.8218353937007874
20
1.1209520078740158
11
1.8218353937007874
21
1.1471987401574804
0
LINE
8
BLACK
6
CONTINUOUS
10
1.8218353937007874
20
1.1471987401574804
11
1.821892125984252
21
1.1477748031496062
0
LINE
8
BLACK
6
CONTINUOUS
10
1.821892125984252
20
1.1477748031496062
11
1.8223330314960628
21
1.1488392125984253
0
LINE
8
BLACK
6
CONTINUOUS
10
1.8223330314960628
20
1.1488392125984253
11
1.8231476771653543
21
1.1496538582677165
0
LINE
8
BLACK
6
CONTINUOUS
10
1.8231476771653543
20
1.1496538582677165
11
1.8242120866141731
21
1.1500947637795276
0
LINE
8
BLACK
6
CONTINUOUS
10
1.8242120866141731
20
1.1500947637795276
11
1.8253642125984251
21
1.1500947637795276
0
LINE
8
BLACK
6
CONTINUOUS
10
1.8253642125984251
20
1.1500947637795276
11
1.8264286220472441
21
1.1496538582677165
0
LINE
8
BLACK
6
CONTINUOUS
10
1.8264286220472441
20
1.1496538582677165
11
1.8271924409448819
21
1.1488900393700787
0
LINE
8
BLACK
6
CONTINUOUS
10
1.8271924409448819
20
1.1488900393700787
11
1.8290919291338583
21
1.1498397637795275
0
LINE
8
BLACK
6
CONTINUOUS
10
1.8290919291338583
20
1.1498397637795275
11
1.8296325196850394
21
1.1500466535433072
0
LINE
8
BLACK
6
CONTINUOUS
10
1.8296325196850394
20
1.1500466535433072
11
1.8297383858267715
21
1.1500542125984252
0
LINE
8
BLACK
6
CONTINUOUS
10
1.8297383858267715
20
1.1500542125984252
11
1.8298363779527558
21
1.1500947637795276
0
LINE
8
BLACK
6
CONTINUOUS
10
1.8298363779527558
20
1.1500947637795276
11
1.8304124409448819
21
1.1501514960629922
0
LINE
8
BLACK
6
CONTINUOUS
10
1.8304124409448819
20
1.1501514960629922
11
1.8360367322834645
21
1.1501514960629922
0
LINE
8
BLACK
6
CONTINUOUS
10
1.8360367322834645
20
1.1501514960629922
11
1.8366127952755904
21
1.1500947637795276
0
LINE
8
BLACK
6
CONTINUOUS
10
1.8939201968503936
20
1.1496538582677165
11
1.894734842519685
21
1.1488392125984253
0
LINE
8
BLACK
6
CONTINUOUS
10
1.894734842519685
20
1.1488392125984253
11
1.8951757480314959
21
1.1477748031496062
0
LINE
8
BLACK
6
CONTINUOUS
10
1.8951757480314959
20
1.1477748031496062
11
1.8952324803149605
21
1.1471987401574804
0
LINE
8
BLACK
6
CONTINUOUS
10
1.8952324803149605
20
1.1471987401574804
11
1.8952324803149605
21
1.1209520078740158
0
LINE
8
BLACK
6
CONTINUOUS
10
1.8952324803149605
20
1.1209520078740158
11
1.8951757480314959
21
1.1203759448818897
0
LINE
8
BLACK
6
CONTINUOUS
10
1.8951757480314959
20
1.1203759448818897
11
1.894734842519685
21
1.1193115354330709
0
LINE
8
BLACK
6
CONTINUOUS
10
1.894734842519685
20
1.1193115354330709
11
1.8939201968503936
21
1.1184968897637795
0
LINE
8
BLACK
6
CONTINUOUS
10
1.8939201968503936
20
1.1184968897637795
11
1.8928557874015748
21
1.1180559842519684
0
LINE
8
BLACK
6
CONTINUOUS
10
1.8928557874015748
20
1.1180559842519684
11
1.8917036614173228
21
1.1180559842519684
0
LINE
8
BLACK
6
CONTINUOUS
10
1.8917036614173228
20
1.1180559842519684
11
1.8906392519685038
21
1.1184968897637795
0
LINE
8
BLACK
6
CONTINUOUS
10
1.8906392519685038
20
1.1184968897637795
11
1.8898246062992126
21
1.1193115354330709
0
LINE
8
BLACK
6
CONTINUOUS
10
1.8898246062992126
20
1.1193115354330709
11
1.8893837007874015
21
1.1203759448818897
0
LINE
8
BLACK
6
CONTINUOUS
10
1.8893837007874015
20
1.1203759448818897
11
1.8893269685039369
21
1.1209520078740158
0
LINE
8
BLACK
6
CONTINUOUS
10
1.8893269685039369
20
1.1209520078740158
11
1.8893269685039369
21
1.1471987401574804
0
LINE
8
BLACK
6
CONTINUOUS
10
1.8893269685039369
20
1.1471987401574804
11
1.8893837007874015
21
1.1477748031496062
0
LINE
8
BLACK
6
CONTINUOUS
10
1.8893837007874015
20
1.1477748031496062
11
1.8898246062992126
21
1.1488392125984253
0
LINE
8
BLACK
6
CONTINUOUS
10
1.8898246062992126
20
1.1488392125984253
11
1.8906392519685038
21
1.1496538582677165
0
LINE
8
BLACK
6
CONTINUOUS
10
1.8906392519685038
20
1.1496538582677165
11
1.8917036614173228
21
1.1500947637795276
0
LINE
8
BLACK
6
CONTINUOUS
10
1.8917036614173228
20
1.1500947637795276
11
1.8928557874015748
21
1.1500947637795276
0
LINE
8
BLACK
6
CONTINUOUS
10
1.8928557874015748
20
1.1500947637795276
11
1.8939201968503936
21
1.1496538582677165
0
LINE
8
BLACK
6
CONTINUOUS
10
1.9228520078740157
20
1.1500947637795276
11
1.9229499999999999
21
1.1500541732283465
0
LINE
8
BLACK
6
CONTINUOUS
10
1.9229499999999999
20
1.1500541732283465
11
1.9230558267716535
21
1.1500466535433072
0
LINE
8
BLACK
6
CONTINUOUS
10
1.9230558267716535
20
1.1500466535433072
11
1.9235964566929133
21
1.1498397637795275
0
LINE
8
BLACK
6
CONTINUOUS
10
1.9235964566929133
20
1.1498397637795275
11
1.9273459842519685
21
1.1479649999999999
0
LINE
8
BLACK
6
CONTINUOUS
10
1.9273459842519685
20
1.1479649999999999
11
1.9274423228346456
21
1.1479043700787401
0
LINE
8
BLACK
6
CONTINUOUS
10
1.9274423228346456
20
1.1479043700787401
11
1.9274877559055117
21
1.1478892125984252
0
LINE
8
BLACK
6
CONTINUOUS
10
1.9274877559055117
20
1.1478892125984252
11
1.9275442913385827
21
1.1478401968503937
0
LINE
8
BLACK
6
CONTINUOUS
10
1.9275442913385827
20
1.1478401968503937
11
1.9278358661417323
21
1.147656653543307
0
LINE
8
BLACK
6
CONTINUOUS
10
1.9278358661417323
20
1.147656653543307
11
1.9280784251968504
21
1.147376968503937
0
LINE
8
BLACK
6
CONTINUOUS
10
1.9280784251968504
20
1.147376968503937
11
1.9283581496062991
21
1.1471343700787402
0
LINE
8
BLACK
6
CONTINUOUS
10
1.9283581496062991
20
1.1471343700787402
11
1.9285416535433071
21
1.1468428346456692
0
LINE
8
BLACK
6
CONTINUOUS
10
1.9285416535433071
20
1.1468428346456692
11
1.9285907086614174
21
1.1467862598425196
0
LINE
8
BLACK
6
CONTINUOUS
10
1.9285907086614174
20
1.1467862598425196
11
1.9286058267716535
21
1.1467408661417322
0
LINE
8
BLACK
6
CONTINUOUS
10
1.9286058267716535
20
1.1467408661417322
11
1.928666496062992
21
1.1466444881889764
0
LINE
8
BLACK
6
CONTINUOUS
10
1.928666496062992
20
1.1466444881889764
11
1.9305412598425196
21
1.1428949606299212
0
LINE
8
BLACK
6
CONTINUOUS
10
1.9305412598425196
20
1.1428949606299212
11
1.9307481496062993
21
1.1423543700787402
0
LINE
8
BLACK
6
CONTINUOUS
10
1.9307481496062993
20
1.1423543700787402
11
1.9307556692913386
21
1.1422485039370078
0
LINE
8
BLACK
6
CONTINUOUS
10
1.9307556692913386
20
1.1422485039370078
11
1.9307962598425197
21
1.1421505118110236
0
LINE
8
BLACK
6
CONTINUOUS
10
1.9307962598425197
20
1.1421505118110236
11
1.9308529921259843
21
1.1415744488188977
0
LINE
8
BLACK
6
CONTINUOUS
10
1.9308529921259843
20
1.1415744488188977
11
1.9308529921259843
21
1.1209520078740158
0
LINE
8
BLACK
6
CONTINUOUS
10
1.9308529921259843
20
1.1209520078740158
11
1.9307962598425197
21
1.1203759448818897
0
LINE
8
BLACK
6
CONTINUOUS
10
1.9307962598425197
20
1.1203759448818897
11
1.9303553543307086
21
1.1193115354330709
0
LINE
8
BLACK
6
CONTINUOUS
10
1.9303553543307086
20
1.1193115354330709
11
1.9295407086614174
21
1.1184968897637795
0
LINE
8
BLACK
6
CONTINUOUS
10
1.9295407086614174
20
1.1184968897637795
11
1.9284762992125983
21
1.1180559842519684
0
LINE
8
BLACK
6
CONTINUOUS
10
1.9284762992125983
20
1.1180559842519684
11
1.9273241732283464
21
1.1180559842519684
0
LINE
8
BLACK
6
CONTINUOUS
10
1.9273241732283464
20
1.1180559842519684
11
1.9262597637795276
21
1.1184968897637795
0
LINE
8
BLACK
6
CONTINUOUS
10
1.9262597637795276
20
1.1184968897637795
11
1.9254451181102361
21
1.1193115354330709
0
LINE
8
BLACK
6
CONTINUOUS
10
1.9254451181102361
20
1.1193115354330709
11
1.9250042125984252
21
1.1203759448818897
0
LINE
8
BLACK
6
CONTINUOUS
10
1.9250042125984252
20
1.1203759448818897
11
1.9249474803149607
21
1.1209520078740158
0
LINE
8
BLACK
6
CONTINUOUS
10
1.9249474803149607
20
1.1209520078740158
11
1.9249474803149607
21
1.1408774015748031
0
LINE
8
BLACK
6
CONTINUOUS
10
1.9249474803149607
20
1.1408774015748031
11
1.9238246062992126
21
1.1431231496062992
0
LINE
8
BLACK
6
CONTINUOUS
10
1.9238246062992126
20
1.1431231496062992
11
1.9215788976377952
21
1.1442459842519686
0
LINE
8
BLACK
6
CONTINUOUS
10
1.9215788976377952
20
1.1442459842519686
11
1.9173487007874015
21
1.1442459842519686
0
LINE
8
BLACK
6
CONTINUOUS
10
1.9173487007874015
20
1.1442459842519686
11
1.9146512204724409
21
1.1428972440944882
0
LINE
8
BLACK
6
CONTINUOUS
10
1.9146512204724409
20
1.1428972440944882
11
1.9139801181102363
21
1.1422261417322834
0
LINE
8
BLACK
6
CONTINUOUS
10
1.9139801181102363
20
1.1422261417322834
11
1.9139801181102363
21
1.1209520078740158
0
LINE
8
BLACK
6
CONTINUOUS
10
1.9139801181102363
20
1.1209520078740158
11
1.9139233858267717
21
1.1203759448818897
0
LINE
8
BLACK
6
CONTINUOUS
10
1.9139233858267717
20
1.1203759448818897
11
1.9134824803149606
21
1.1193115354330709
0
LINE
8
BLACK
6
CONTINUOUS
10
1.9134824803149606
20
1.1193115354330709
11
1.9126678346456691
21
1.1184968897637795
0
LINE
8
BLACK
6
CONTINUOUS
10
1.9126678346456691
20
1.1184968897637795
11
1.9116034251968503
21
1.1180559842519684
0
LINE
8
BLACK
6
CONTINUOUS
10
1.9116034251968503
20
1.1180559842519684
11
1.9104512992125984
21
1.1180559842519684
0
LINE
8
BLACK
6
CONTINUOUS
10
1.9104512992125984
20
1.1180559842519684
11
1.9093868897637796
21
1.1184968897637795
0
LINE
8
BLACK
6
CONTINUOUS
10
1.9093868897637796
20
1.1184968897637795
11
1.9085722440944881
21
1.1193115354330709
0
LINE
8
BLACK
6
CONTINUOUS
10
1.9085722440944881
20
1.1193115354330709
11
1.908131338582677
21
1.1203759448818897
0
LINE
8
BLACK
6
CONTINUOUS
10
1.908131338582677
20
1.1203759448818897
11
1.9080746062992127
21
1.1209520078740158
0
LINE
8
BLACK
6
CONTINUOUS
10
1.9080746062992127
20
1.1209520078740158
11
1.9080746062992127
21
1.1471987401574804
0
LINE
8
BLACK
6
CONTINUOUS
10
1.9080746062992127
20
1.1471987401574804
11
1.908131338582677
21
1.1477748031496062
0
LINE
8
BLACK
6
CONTINUOUS
10
1.908131338582677
20
1.1477748031496062
11
1.9085722440944881
21
1.1488392125984253
0
LINE
8
BLACK
6
CONTINUOUS
10
1.9085722440944881
20
1.1488392125984253
11
1.9093868897637796
21
1.1496538582677165
0
LINE
8
BLACK
6
CONTINUOUS
10
1.9093868897637796
20
1.1496538582677165
11
1.9104512992125984
21
1.1500947637795276
0
LINE
8
BLACK
6
CONTINUOUS
10
1.9104512992125984
20
1.1500947637795276
11
1.9116034251968503
21
1.1500947637795276
0
LINE
8
BLACK
6
CONTINUOUS
10
1.9116034251968503
20
1.1500947637795276
11
1.9126678346456691
21
1.1496538582677165
0
LINE
8
BLACK
6
CONTINUOUS
10
1.9126678346456691
20
1.1496538582677165
11
1.9134316535433071
21
1.1488900393700787
0
LINE
8
BLACK
6
CONTINUOUS
10
1.9134316535433071
20
1.1488900393700787
11
1.9153311417322834
21
1.1498397637795275
0
LINE
8
BLACK
6
CONTINUOUS
10
1.9153311417322834
20
1.1498397637795275
11
1.9158717322834644
21
1.1500466535433072
0
LINE
8
BLACK
6
CONTINUOUS
10
1.9158717322834644
20
1.1500466535433072
11
1.9159775984251968
21
1.1500542125984252
0
LINE
8
BLACK
6
CONTINUOUS
10
1.9159775984251968
20
1.1500542125984252
11
1.916075590551181
21
1.1500947637795276
0
LINE
8
BLACK
6
CONTINUOUS
10
1.916075590551181
20
1.1500947637795276
11
1.9166516535433071
21
1.1501514960629922
0
LINE
8
BLACK
6
CONTINUOUS
10
1.9166516535433071
20
1.1501514960629922
11
1.9222759448818898
21
1.1501514960629922
0
LINE
8
BLACK
6
CONTINUOUS
10
1.9222759448818898
20
1.1501514960629922
11
1.9228520078740157
21
1.1500947637795276
0
LINE
8
BLACK
6
CONTINUOUS
10
2.0578351574803149
20
1.1500947637795276
11
2.0588995669291337
21
1.1496538582677165
0
LINE
8
BLACK
6
CONTINUOUS
10
2.0588995669291337
20
1.1496538582677165
11
2.0597142125984251
21
1.1488392125984253
0
LINE
8
BLACK
6
CONTINUOUS
10
2.0597142125984251
20
1.1488392125984253
11
2.0601551181102362
21
1.1477748031496062
0
LINE
8
BLACK
6
CONTINUOUS
10
2.0601551181102362
20
1.1477748031496062
11
2.0601551181102362
21
1.1466226771653543
0
LINE
8
BLACK
6
CONTINUOUS
10
2.0601551181102362
20
1.1466226771653543
11
2.0597142125984251
21
1.1455582677165355
0
LINE
8
BLACK
6
CONTINUOUS
10
2.0597142125984251
20
1.1455582677165355
11
2.0588995669291337
21
1.144743622047244
0
LINE
8
BLACK
6
CONTINUOUS
10
2.0588995669291337
20
1.144743622047244
11
2.0578351574803149
21
1.1443027165354331
0
LINE
8
BLACK
6
CONTINUOUS
10
2.0578351574803149
20
1.1443027165354331
11
2.057259094488189
21
1.1442459842519686
0
LINE
8
BLACK
6
CONTINUOUS
10
2.057259094488189
20
1.1442459842519686
11
2.0542066141732285
21
1.1442459842519686
0
LINE
8
BLACK
6
CONTINUOUS
10
2.0542066141732285
20
1.1442459842519686
11
2.0515091338582678
21
1.1428972440944882
0
LINE
8
BLACK
6
CONTINUOUS
10
2.0515091338582678
20
1.1428972440944882
11
2.0503120078740156
21
1.1417001181102362
0
LINE
8
BLACK
6
CONTINUOUS
10
2.0503120078740156
20
1.1417001181102362
11
2.0489632677165353
21
1.1390026377952756
0
LINE
8
BLACK
6
CONTINUOUS
10
2.0489632677165353
20
1.1390026377952756
11
2.0489632677165353
21
1.1209520078740158
0
LINE
8
BLACK
6
CONTINUOUS
10
2.0489632677165353
20
1.1209520078740158
11
2.0489065354330709
21
1.1203759448818897
0
LINE
8
BLACK
6
CONTINUOUS
10
2.0489065354330709
20
1.1203759448818897
11
2.0484656299212598
21
1.1193115354330709
0
LINE
8
BLACK
6
CONTINUOUS
10
2.0484656299212598
20
1.1193115354330709
11
2.0476509842519683
21
1.1184968897637795
0
LINE
8
BLACK
6
CONTINUOUS
10
2.0476509842519683
20
1.1184968897637795
11
2.0465865748031495
21
1.1180559842519684
0
LINE
8
BLACK
6
CONTINUOUS
10
2.0465865748031495
20
1.1180559842519684
11
2.0454344488188978
21
1.1180559842519684
0
LINE
8
BLACK
6
CONTINUOUS
10
2.0454344488188978
20
1.1180559842519684
11
2.0443700393700786
21
1.1184968897637795
0
LINE
8
BLACK
6
CONTINUOUS
10
2.0443700393700786
20
1.1184968897637795
11
2.0435553937007875
21
1.1193115354330709
0
LINE
8
BLACK
6
CONTINUOUS
10
2.0435553937007875
20
1.1193115354330709
11
2.0431144881889765
21
1.1203759448818897
0
LINE
8
BLACK
6
CONTINUOUS
10
2.0431144881889765
20
1.1203759448818897
11
2.0430577559055116
21
1.1209520078740158
0
LINE
8
BLACK
6
CONTINUOUS
10
2.0430577559055116
20
1.1209520078740158
11
2.0430577559055116
21
1.1471987401574804
0
LINE
8
BLACK
6
CONTINUOUS
10
2.0430577559055116
20
1.1471987401574804
11
2.0431144881889765
21
1.1477748031496062
0
LINE
8
BLACK
6
CONTINUOUS
10
2.0431144881889765
20
1.1477748031496062
11
2.0435553937007875
21
1.1488392125984253
0
LINE
8
BLACK
6
CONTINUOUS
10
2.0435553937007875
20
1.1488392125984253
11
2.0443700393700786
21
1.1496538582677165
0
LINE
8
BLACK
6
CONTINUOUS
10
2.0443700393700786
20
1.1496538582677165
11
2.0454344488188978
21
1.1500947637795276
0
LINE
8
BLACK
6
CONTINUOUS
10
2.0454344488188978
20
1.1500947637795276
11
2.0465865748031495
21
1.1500947637795276
0
LINE
8
BLACK
6
CONTINUOUS
10
2.0465865748031495
20
1.1500947637795276
11
2.0476509842519683
21
1.1496538582677165
0
LINE
8
BLACK
6
CONTINUOUS
10
2.0476509842519683
20
1.1496538582677165
11
2.0484656299212598
21
1.1488392125984253
0
LINE
8
BLACK
6
CONTINUOUS
10
2.0484656299212598
20
1.1488392125984253
11
2.0487611023622048
21
1.1481258267716534
0
LINE
8
BLACK
6
CONTINUOUS
10
2.0487611023622048
20
1.1481258267716534
11
2.0521890551181103
21
1.1498397637795275
0
LINE
8
BLACK
6
CONTINUOUS
10
2.0521890551181103
20
1.1498397637795275
11
2.0527296456692912
21
1.1500466535433072
0
LINE
8
BLACK
6
CONTINUOUS
10
2.0527296456692912
20
1.1500466535433072
11
2.0528355118110237
21
1.1500542125984252
0
LINE
8
BLACK
6
CONTINUOUS
10
2.0528355118110237
20
1.1500542125984252
11
2.052933503937008
21
1.1500947637795276
0
LINE
8
BLACK
6
CONTINUOUS
10
2.052933503937008
20
1.1500947637795276
11
2.0535095669291339
21
1.1501514960629922
0
LINE
8
BLACK
6
CONTINUOUS
10
2.0535095669291339
20
1.1501514960629922
11
2.057259094488189
21
1.1501514960629922
0
LINE
8
BLACK
6
CONTINUOUS
10
2.057259094488189
20
1.1501514960629922
11
2.0578351574803149
21
1.1500947637795276
0
LINE
8
BLACK
6
CONTINUOUS
10
0.0033440157480315
20
1.1560549606299213
11
0.0034217716535433
21
1.1560604724409449
0
LINE
8
BLACK
6
CONTINUOUS
10
0.0034217716535433
20
1.1560604724409449
11
0.0035240157480315
21
1.1560372440944882
0
LINE
8
BLACK
6
CONTINUOUS
10
0.0035240157480315
20
1.1560372440944882
11
0.0036285433070866
21
1.1560269291338583
0
LINE
8
BLACK
6
CONTINUOUS
10
0.0036285433070866
20
1.1560269291338583
11
0.0037006299212598
21
1.1559970866141731
0
LINE
8
BLACK
6
CONTINUOUS
10
0.0037006299212598
20
1.1559970866141731
11
0.0039862204724409
21
1.1559321259842519
0
LINE
8
BLACK
6
CONTINUOUS
10
0.0039862204724409
20
1.1559321259842519
11
0.0096105118110236
21
1.1540573622047243
0
LINE
8
BLACK
6
CONTINUOUS
10
0.0096105118110236
20
1.1540573622047243
11
0.0101390551181102
21
1.153821377952756
0
LINE
8
BLACK
6
CONTINUOUS
10
0.0101390551181102
20
1.153821377952756
11
0.0102191732283465
21
1.1537518897637795
0
LINE
8
BLACK
6
CONTINUOUS
10
0.0102191732283465
20
1.1537518897637795
11
0.0103172440944882
21
1.1537112598425197
0
LINE
8
BLACK
6
CONTINUOUS
10
0.0103172440944882
20
1.1537112598425197
11
0.0107646850393701
21
1.1533440551181102
0
LINE
8
BLACK
6
CONTINUOUS
10
0.0107646850393701
20
1.1533440551181102
11
0.0282212204724409
21
1.1358875590551181
0
LINE
8
BLACK
6
CONTINUOUS
10
0.0282212204724409
20
1.1358875590551181
11
0.0282212204724409
21
1.1531309055118111
0
LINE
8
BLACK
6
CONTINUOUS
10
0.0282212204724409
20
1.1531309055118111
11
0.0282779527559055
21
1.1537069685039369
0
LINE
8
BLACK
6
CONTINUOUS
10
0.0282779527559055
20
1.1537069685039369
11
0.0287188582677165
21
1.154771377952756
0
LINE
8
BLACK
6
CONTINUOUS
10
0.0287188582677165
20
1.154771377952756
11
0.0295335039370079
21
1.1555860236220472
0
LINE
8
BLACK
6
CONTINUOUS
10
0.0295335039370079
20
1.1555860236220472
11
0.0305979133858268
21
1.1560269291338583
0
LINE
8
BLACK
6
CONTINUOUS
10
0.0305979133858268
20
1.1560269291338583
11
0.0317500393700787
21
1.1560269291338583
0
LINE
8
BLACK
6
CONTINUOUS
10
0.0317500393700787
20
1.1560269291338583
11
0.0328144488188976
21
1.1555860236220472
0
LINE
8
BLACK
6
CONTINUOUS
10
0.0328144488188976
20
1.1555860236220472
11
0.033629094488189
21
1.154771377952756
0
LINE
8
BLACK
6
CONTINUOUS
10
0.033629094488189
20
1.154771377952756
11
0.03407
21
1.1537069685039369
0
LINE
8
BLACK
6
CONTINUOUS
10
0.03407
20
1.1537069685039369
11
0.0341267322834646
21
1.1531309055118111
0
LINE
8
BLACK
6
CONTINUOUS
10
0.0341267322834646
20
1.1531309055118111
11
0.0341267322834646
21
1.1287589763779526
0
LINE
8
BLACK
6
CONTINUOUS
10
0.0341267322834646
20
1.1287589763779526
11
0.03407
21
1.1281829133858268
0
LINE
8
BLACK
6
CONTINUOUS
10
0.03407
20
1.1281829133858268
11
0.0339408661417323
21
1.1278711811023623
0
LINE
8
BLACK
6
CONTINUOUS
10
0.0339408661417323
20
1.1278711811023623
11
0.0336291338582677
21
1.1271185039370077
0
LINE
8
BLACK
6
CONTINUOUS
10
0.0336291338582677
20
1.1271185039370077
11
0.0328144488188976
21
1.1263038582677165
0
LINE
8
BLACK
6
CONTINUOUS
10
0.0328144488188976
20
1.1263038582677165
11
0.0317500393700787
21
1.1258629527559054
0
LINE
8
BLACK
6
CONTINUOUS
10
0.0317500393700787
20
1.1258629527559054
11
0.0305979527559055
21
1.1258629527559054
0
LINE
8
BLACK
6
CONTINUOUS
10
0.0305979527559055
20
1.1258629527559054
11
0.0305979133858268
21
1.1258629527559054
0
LINE
8
BLACK
6
CONTINUOUS
10
0.0305979133858268
20
1.1258629527559054
11
0.0302861417322835
21
1.1259920866141733
0
LINE
8
BLACK
6
CONTINUOUS
10
0.0302861417322835
20
1.1259920866141733
11
0.0295335039370079
21
1.1263038188976378
0
LINE
8
BLACK
6
CONTINUOUS
10
0.0295335039370079
20
1.1263038188976378
11
0.029086062992126
21
1.1266710629921259
0
LINE
8
BLACK
6
CONTINUOUS
10
0.029086062992126
20
1.1266710629921259
11
0.0070817322834646
21
1.1486753543307087
0
LINE
8
BLACK
6
CONTINUOUS
10
0.0070817322834646
20
1.1486753543307087
11
0.0025733464566929
21
1.1501781496062993
0
LINE
8
BLACK
6
CONTINUOUS
10
0.0025733464566929
20
1.1501781496062993
11
0.
21
1.1501781496062993
0
LINE
8
BLACK
6
CONTINUOUS
10
0.
20
1.1501781496062993
11
-0.0026974803149606
21
1.148829409448819
0
LINE
8
BLACK
6
CONTINUOUS
10
-0.0026974803149606
20
1.148829409448819
11
-0.0038946062992126
21
1.1476322834645669
0
LINE
8
BLACK
6
CONTINUOUS
10
-0.0038946062992126
20
1.1476322834645669
11
-0.0052433464566929
21
1.1449348031496063
0
LINE
8
BLACK
6
CONTINUOUS
10
-0.0052433464566929
20
1.1449348031496063
11
-0.0052433464566929
21
1.1369550787401574
0
LINE
8
BLACK
6
CONTINUOUS
10
-0.0052433464566929
20
1.1369550787401574
11
-0.0038946062992126
21
1.1342575984251968
0
LINE
8
BLACK
6
CONTINUOUS
10
-0.0038946062992126
20
1.1342575984251968
11
-0.0023586614173228
21
1.1327216535433071
0
LINE
8
BLACK
6
CONTINUOUS
10
-0.0023586614173228
20
1.1327216535433071
11
-0.0019914566929134
21
1.1322742125984251
0
LINE
8
BLACK
6
CONTINUOUS
10
-0.0019914566929134
20
1.1322742125984251
11
-0.0015505511811024
21
1.1312098031496063
0
LINE
8
BLACK
6
CONTINUOUS
10
-0.0015505511811024
20
1.1312098031496063
11
-0.0015505511811024
21
1.1300577165354331
0
LINE
8
BLACK
6
CONTINUOUS
10
-0.0015505511811024
20
1.1300577165354331
11
-0.0019914566929134
21
1.1289933070866141
0
LINE
8
BLACK
6
CONTINUOUS
10
-0.0019914566929134
20
1.1289933070866141
11
-0.0028061417322835
21
1.1281786220472441
0
LINE
8
BLACK
6
CONTINUOUS
10
-0.0028061417322835
20
1.1281786220472441
11
-0.0038705511811024
21
1.127737716535433
0
LINE
8
BLACK
6
CONTINUOUS
10
-0.0038705511811024
20
1.127737716535433
11
-0.0050226377952756
21
1.127737716535433
0
LINE
8
BLACK
6
CONTINUOUS
10
-0.0050226377952756
20
1.127737716535433
11
-0.0060870472440945
21
1.1281786220472441
0
LINE
8
BLACK
6
CONTINUOUS
10
-0.0060870472440945
20
1.1281786220472441
11
-0.0065344881889764
21
1.1285458267716535
0
LINE
8
BLACK
6
CONTINUOUS
10
-0.0065344881889764
20
1.1285458267716535
11
-0.0084092519685039
21
1.130420590551181
0
LINE
8
BLACK
6
CONTINUOUS
10
-0.0084092519685039
20
1.130420590551181
11
-0.0085950393700787
21
1.1306469685039371
0
LINE
8
BLACK
6
CONTINUOUS
10
-0.0085950393700787
20
1.1306469685039371
11
-0.0086540157480315
21
1.1306981102362204
0
LINE
8
BLACK
6
CONTINUOUS
10
-0.0086540157480315
20
1.1306981102362204
11
-0.00871
21
1.1307870866141732
0
LINE
8
BLACK
6
CONTINUOUS
10
-0.00871
20
1.1307870866141732
11
-0.0087764566929134
21
1.1308680314960631
0
LINE
8
BLACK
6
CONTINUOUS
10
-0.0087764566929134
20
1.1308680314960631
11
-0.0088062992125984
21
1.1309400000000001
0
LINE
8
BLACK
6
CONTINUOUS
10
-0.0088062992125984
20
1.1309400000000001
11
-0.0089623622047244
21
1.1311879921259842
0
LINE
8
BLACK
6
CONTINUOUS
10
-0.0089623622047244
20
1.1311879921259842
11
-0.010837125984252
21
1.1349375196850393
0
LINE
8
BLACK
6
CONTINUOUS
10
-0.010837125984252
20
1.1349375196850393
11
-0.0110440157480315
21
1.1354781496062991
0
LINE
8
BLACK
6
CONTINUOUS
10
-0.0110440157480315
20
1.1354781496062991
11
-0.0110515354330709
21
1.1355839763779527
0
LINE
8
BLACK
6
CONTINUOUS
10
-0.0110515354330709
20
1.1355839763779527
11
-0.011092125984252
21
1.135681968503937
0
LINE
8
BLACK
6
CONTINUOUS
10
-0.011092125984252
20
1.135681968503937
11
-0.0111488582677165
21
1.1362580314960629
0
LINE
8
BLACK
6
CONTINUOUS
10
-0.0111488582677165
20
1.1362580314960629
11
-0.0111488582677165
21
1.1456318503937009
0
LINE
8
BLACK
6
CONTINUOUS
10
-0.0111488582677165
20
1.1456318503937009
11
-0.011092125984252
21
1.1462079133858267
0
LINE
8
BLACK
6
CONTINUOUS
10
-0.011092125984252
20
1.1462079133858267
11
-0.0110515354330709
21
1.1463059448818897
0
LINE
8
BLACK
6
CONTINUOUS
10
-0.0110515354330709
20
1.1463059448818897
11
-0.0110440157480315
21
1.1464117322834646
0
LINE
8
BLACK
6
CONTINUOUS
10
-0.0110440157480315
20
1.1464117322834646
11
-0.010837125984252
21
1.1469523622047244
0
LINE
8
BLACK
6
CONTINUOUS
10
-0.010837125984252
20
1.1469523622047244
11
-0.0089623622047244
21
1.1507018897637795
0
LINE
8
BLACK
6
CONTINUOUS
10
-0.0089623622047244
20
1.1507018897637795
11
-0.0088062992125984
21
1.1509499212598424
0
LINE
8
BLACK
6
CONTINUOUS
10
-0.0088062992125984
20
1.1509499212598424
11
-0.0087764566929134
21
1.1510218503937009
0
LINE
8
BLACK
6
CONTINUOUS
10
-0.0087764566929134
20
1.1510218503937009
11
-0.00871
21
1.1511028346456693
0
LINE
8
BLACK
6
CONTINUOUS
10
-0.00871
20
1.1511028346456693
11
-0.0086540157480315
21
1.1511917716535434
0
LINE
8
BLACK
6
CONTINUOUS
10
-0.0086540157480315
20
1.1511917716535434
11
-0.0085950393700787
21
1.1512429527559054
0
LINE
8
BLACK
6
CONTINUOUS
10
-0.0085950393700787
20
1.1512429527559054
11
-0.0084092519685039
21
1.1514692913385827
0
LINE
8
BLACK
6
CONTINUOUS
10
-0.0084092519685039
20
1.1514692913385827
11
-0.0065344881889764
21
1.1533440551181102
0
LINE
8
BLACK
6
CONTINUOUS
10
-0.0065344881889764
20
1.1533440551181102
11
-0.0063081496062992
21
1.1535298425196849
0
LINE
8
BLACK
6
CONTINUOUS
10
-0.0063081496062992
20
1.1535298425196849
11
-0.006256968503937
21
1.1535888188976378
0
LINE
8
BLACK
6
CONTINUOUS
10
-0.006256968503937
20
1.1535888188976378
11
-0.006168031496063
21
1.1536448031496063
0
LINE
8
BLACK
6
CONTINUOUS
10
-0.006168031496063
20
1.1536448031496063
11
-0.0060870472440945
21
1.1537112598425197
0
LINE
8
BLACK
6
CONTINUOUS
10
-0.0060870472440945
20
1.1537112598425197
11
-0.0060151181102362
21
1.1537411023622046
0
LINE
8
BLACK
6
CONTINUOUS
10
-0.0060151181102362
20
1.1537411023622046
11
-0.0057670866141732
21
1.1538971653543306
0
LINE
8
BLACK
6
CONTINUOUS
10
-0.0057670866141732
20
1.1538971653543306
11
-0.0020175590551181
21
1.1557719291338582
0
LINE
8
BLACK
6
CONTINUOUS
10
-0.0020175590551181
20
1.1557719291338582
11
-0.001476968503937
21
1.1559788188976379
0
LINE
8
BLACK
6
CONTINUOUS
10
-0.001476968503937
20
1.1559788188976379
11
-0.0013711023622047
21
1.1559863779527559
0
LINE
8
BLACK
6
CONTINUOUS
10
-0.0013711023622047
20
1.1559863779527559
11
-0.0012731102362205
21
1.1560269291338583
0
LINE
8
BLACK
6
CONTINUOUS
10
-0.0012731102362205
20
1.1560269291338583
11
-0.0006970472440945
21
1.1560836614173229
0
LINE
8
BLACK
6
CONTINUOUS
10
-0.0006970472440945
20
1.1560836614173229
11
0.0030524803149606
21
1.1560836614173229
0
LINE
8
BLACK
6
CONTINUOUS
10
0.0030524803149606
20
1.1560836614173229
11
0.0033440157480315
21
1.1560549606299213
0
LINE
8
BLACK
6
CONTINUOUS
10
3.1839396062992127
20
1.1368384251968504
11
3.1839396850393702
21
1.1368383858267717
0
LINE
8
BLACK
6
CONTINUOUS
10
3.1839396850393702
20
1.1368383858267717
11
3.184387125984252
21
1.1364711811023622
0
LINE
8
BLACK
6
CONTINUOUS
10
3.184387125984252
20
1.1364711811023622
11
3.1862618897637796
21
1.1345964173228347
0
LINE
8
BLACK
6
CONTINUOUS
10
3.1862618897637796
20
1.1345964173228347
11
3.1866290944881888
21
1.1341489763779526
0
LINE
8
BLACK
6
CONTINUOUS
10
3.1866290944881888
20
1.1341489763779526
11
3.1867706692913385
21
1.1338072047244094
0
LINE
8
BLACK
6
CONTINUOUS
10
3.1867706692913385
20
1.1338072047244094
11
3.1870699999999998
21
1.1330845275590551
0
LINE
8
BLACK
6
CONTINUOUS
10
3.1870699999999998
20
1.1330845275590551
11
3.1870699999999998
21
1.1319324409448819
0
LINE
8
BLACK
6
CONTINUOUS
10
3.1870699999999998
20
1.1319324409448819
11
3.1866290944881888
21
1.1308680314960631
0
LINE
8
BLACK
6
CONTINUOUS
10
3.1866290944881888
20
1.1308680314960631
11
3.1862618897637796
21
1.130420590551181
0
LINE
8
BLACK
6
CONTINUOUS
10
3.1862618897637796
20
1.130420590551181
11
3.184387125984252
21
1.1285458267716535
0
LINE
8
BLACK
6
CONTINUOUS
10
3.184387125984252
20
1.1285458267716535
11
3.1839396850393702
21
1.1281786220472441
0
LINE
8
BLACK
6
CONTINUOUS
10
3.1839396850393702
20
1.1281786220472441
11
3.1828752755905509
21
1.127737716535433
0
LINE
8
BLACK
6
CONTINUOUS
10
3.1828752755905509
20
1.127737716535433
11
3.181723188976378
21
1.127737716535433
0
LINE
8
BLACK
6
CONTINUOUS
10
3.181723188976378
20
1.127737716535433
11
3.1806587795275592
21
1.1281785826771653
0
LINE
8
BLACK
6
CONTINUOUS
10
3.1806587795275592
20
1.1281785826771653
11
3.1802112992125982
21
1.1285458267716535
0
LINE
8
BLACK
6
CONTINUOUS
10
3.1802112992125982
20
1.1285458267716535
11
3.1783365354330706
21
1.1304205511811023
0
LINE
8
BLACK
6
CONTINUOUS
10
3.1783365354330706
20
1.1304205511811023
11
3.1779692913385826
21
1.1308680314960631
0
LINE
8
BLACK
6
CONTINUOUS
10
3.1779692913385826
20
1.1308680314960631
11
3.1779692519685039
21
1.1308680708661416
0
LINE
8
BLACK
6
CONTINUOUS
10
3.1779692519685039
20
1.1308680708661416
11
3.1775283858267716
21
1.1319324803149606
0
LINE
8
BLACK
6
CONTINUOUS
10
3.1775283858267716
20
1.1319324803149606
11
3.1775283858267716
21
1.1330845669291338
0
LINE
8
BLACK
6
CONTINUOUS
10
3.1775283858267716
20
1.1330845669291338
11
3.1778277165354329
21
1.1338072047244094
0
LINE
8
BLACK
6
CONTINUOUS
10
3.1778277165354329
20
1.1338072047244094
11
3.1779692519685039
21
1.1341489370078739
0
LINE
8
BLACK
6
CONTINUOUS
10
3.1779692519685039
20
1.1341489370078739
11
3.1779692913385826
21
1.1341489763779526
0
LINE
8
BLACK
6
CONTINUOUS
10
3.1779692913385826
20
1.1341489763779526
11
3.1783365354330706
21
1.1345964566929134
0
LINE
8
BLACK
6
CONTINUOUS
10
3.1783365354330706
20
1.1345964566929134
11
3.1802112992125982
21
1.1364711811023622
0
LINE
8
BLACK
6
CONTINUOUS
10
3.1802112992125982
20
1.1364711811023622
11
3.1806587795275592
21
1.1368384251968504
0
LINE
8
BLACK
6
CONTINUOUS
10
3.1806587795275592
20
1.1368384251968504
11
3.181723188976378
21
1.1372792913385827
0
LINE
8
BLACK
6
CONTINUOUS
10
3.181723188976378
20
1.1372792913385827
11
3.1828752755905509
21
1.1372792913385827
0
LINE
8
BLACK
6
CONTINUOUS
10
3.1828752755905509
20
1.1372792913385827
11
3.1839396062992127
21
1.1368384251968504
0
LINE
8
BLACK
6
CONTINUOUS
10
3.1772509448818895
20
1.1747745669291338
11
3.1773489370078738
21
1.1747339763779527
0
LINE
8
BLACK
6
CONTINUOUS
10
3.1773489370078738
20
1.1747339763779527
11
3.1774547637795276
21
1.1747264566929134
0
LINE
8
BLACK
6
CONTINUOUS
10
3.1774547637795276
20
1.1747264566929134
11
3.1779953937007872
21
1.1745195669291337
0
LINE
8
BLACK
6
CONTINUOUS
10
3.1779953937007872
20
1.1745195669291337
11
3.1817449212598423
21
1.1726448031496062
0
LINE
8
BLACK
6
CONTINUOUS
10
3.1817449212598423
20
1.1726448031496062
11
3.1819927952755904
21
1.1724887795275589
0
LINE
8
BLACK
6
CONTINUOUS
10
3.1819927952755904
20
1.1724887795275589
11
3.1820648425196851
21
1.172458937007874
0
LINE
8
BLACK
6
CONTINUOUS
10
3.1820648425196851
20
1.172458937007874
11
3.1821458661417323
21
1.1723924409448818
0
LINE
8
BLACK
6
CONTINUOUS
10
3.1821458661417323
20
1.1723924409448818
11
3.1822348031496062
21
1.1723364566929133
0
LINE
8
BLACK
6
CONTINUOUS
10
3.1822348031496062
20
1.1723364566929133
11
3.1822859448818899
21
1.1722774803149607
0
LINE
8
BLACK
6
CONTINUOUS
10
3.1822859448818899
20
1.1722774803149607
11
3.1825122834645669
21
1.1720917322834645
0
LINE
8
BLACK
6
CONTINUOUS
10
3.1825122834645669
20
1.1720917322834645
11
3.1843870866141732
21
1.170216968503937
0
LINE
8
BLACK
6
CONTINUOUS
10
3.1843870866141732
20
1.170216968503937
11
3.1845728346456692
21
1.1699906299212599
0
LINE
8
BLACK
6
CONTINUOUS
10
3.1845728346456692
20
1.1699906299212599
11
3.1846318897637795
21
1.1699394094488189
0
LINE
8
BLACK
6
CONTINUOUS
10
3.1846318897637795
20
1.1699394094488189
11
3.184687874015748
21
1.1698504724409449
0
LINE
8
BLACK
6
CONTINUOUS
10
3.184687874015748
20
1.1698504724409449
11
3.1847543307086612
21
1.1697694881889764
0
LINE
8
BLACK
6
CONTINUOUS
10
3.1847543307086612
20
1.1697694881889764
11
3.1847841338582676
21
1.1696975590551182
0
LINE
8
BLACK
6
CONTINUOUS
10
3.1847841338582676
20
1.1696975590551182
11
3.1849402362204722
21
1.1694495275590551
0
LINE
8
BLACK
6
CONTINUOUS
10
3.1849402362204722
20
1.1694495275590551
11
3.1868149999999997
21
1.1657
0
LINE
8
BLACK
6
CONTINUOUS
10
3.1868149999999997
20
1.1657
11
3.1870218897637796
21
1.1651594094488189
0
LINE
8
BLACK
6
CONTINUOUS
10
3.1870218897637796
20
1.1651594094488189
11
3.1870294094488187
21
1.1650535433070865
0
LINE
8
BLACK
6
CONTINUOUS
10
3.1870294094488187
20
1.1650535433070865
11
3.1870699999999998
21
1.1649555511811023
0
LINE
8
BLACK
6
CONTINUOUS
10
3.1870699999999998
20
1.1649555511811023
11
3.1871267322834647
21
1.1643794881889764
0
LINE
8
BLACK
6
CONTINUOUS
10
3.1871267322834647
20
1.1643794881889764
11
3.1871267322834647
21
1.1568804330708662
0
LINE
8
BLACK
6
CONTINUOUS
10
3.1871267322834647
20
1.1568804330708662
11
3.1870699999999998
21
1.1563043700787401
0
LINE
8
BLACK
6
CONTINUOUS
10
3.1870699999999998
20
1.1563043700787401
11
3.1870294094488187
21
1.1562064173228346
0
LINE
8
BLACK
6
CONTINUOUS
10
3.1870294094488187
20
1.1562064173228346
11
3.1870218897637796
21
1.1561005118110237
0
LINE
8
BLACK
6
CONTINUOUS
10
3.1870218897637796
20
1.1561005118110237
11
3.1868149999999997
21
1.1555599212598424
0
LINE
8
BLACK
6
CONTINUOUS
10
3.1868149999999997
20
1.1555599212598424
11
3.1849402362204722
21
1.1518103937007873
0
LINE
8
BLACK
6
CONTINUOUS
10
3.1849402362204722
20
1.1518103937007873
11
3.1847841338582676
21
1.1515624015748032
0
LINE
8
BLACK
6
CONTINUOUS
10
3.1847841338582676
20
1.1515624015748032
11
3.1847543307086612
21
1.1514904330708662
0
LINE
8
BLACK
6
CONTINUOUS
10
3.1847543307086612
20
1.1514904330708662
11
3.184687874015748
21
1.1514094881889763
0
LINE
8
BLACK
6
CONTINUOUS
10
3.184687874015748
20
1.1514094881889763
11
3.1846318897637795
21
1.1513205118110237
0
LINE
8
BLACK
6
CONTINUOUS
10
3.1846318897637795
20
1.1513205118110237
11
3.1845728346456692
21
1.1512693307086614
0
LINE
8
BLACK
6
CONTINUOUS
10
3.1845728346456692
20
1.1512693307086614
11
3.1843870866141732
21
1.1510429527559054
0
LINE
8
BLACK
6
CONTINUOUS
10
3.1843870866141732
20
1.1510429527559054
11
3.1825122834645669
21
1.1491681889763778
0
LINE
8
BLACK
6
CONTINUOUS
10
3.1825122834645669
20
1.1491681889763778
11
3.1822859448818899
21
1.1489824803149606
0
LINE
8
BLACK
6
CONTINUOUS
10
3.1822859448818899
20
1.1489824803149606
11
3.1822348031496062
21
1.1489234645669291
0
LINE
8
BLACK
6
CONTINUOUS
10
3.1822348031496062
20
1.1489234645669291
11
3.1821458661417323
21
1.1488675196850393
0
LINE
8
BLACK
6
CONTINUOUS
10
3.1821458661417323
20
1.1488675196850393
11
3.1820648425196851
21
1.1488009842519684
0
LINE
8
BLACK
6
CONTINUOUS
10
3.1820648425196851
20
1.1488009842519684
11
3.1819927952755904
21
1.1487711811023622
0
LINE
8
BLACK
6
CONTINUOUS
10
3.1819927952755904
20
1.1487711811023622
11
3.1817449212598423
21
1.1486151181102362
0
LINE
8
BLACK
6
CONTINUOUS
10
3.1817449212598423
20
1.1486151181102362
11
3.1779953937007872
21
1.1467403543307086
0
LINE
8
BLACK
6
CONTINUOUS
10
3.1779953937007872
20
1.1467403543307086
11
3.1774547637795276
21
1.1465334645669292
0
LINE
8
BLACK
6
CONTINUOUS
10
3.1774547637795276
20
1.1465334645669292
11
3.1773489370078738
21
1.1465259842519684
0
LINE
8
BLACK
6
CONTINUOUS
10
3.1773489370078738
20
1.1465259842519684
11
3.1772509448818895
21
1.1464853543307085
0
LINE
8
BLACK
6
CONTINUOUS
10
3.1772509448818895
20
1.1464853543307085
11
3.1766748818897637
21
1.1464286220472442
0
LINE
8
BLACK
6
CONTINUOUS
10
3.1766748818897637
20
1.1464286220472442
11
3.1616767716535432
21
1.1464286220472442
0
LINE
8
BLACK
6
CONTINUOUS
10
3.1616767716535432
20
1.1464286220472442
11
3.1615762204724409
21
1.1464385433070865
0
LINE
8
BLACK
6
CONTINUOUS
10
3.1615762204724409
20
1.1464385433070865
11
3.1615332283464568
21
1.146432125984252
0
LINE
8
BLACK
6
CONTINUOUS
10
3.1615332283464568
20
1.146432125984252
11
3.1613177165354331
21
1.1464640157480315
0
LINE
8
BLACK
6
CONTINUOUS
10
3.1613177165354331
20
1.1464640157480315
11
3.1611007086614173
21
1.1464853543307085
0
LINE
8
BLACK
6
CONTINUOUS
10
3.1611007086614173
20
1.1464853543307085
11
3.161060472440945
21
1.1465020078740158
0
LINE
8
BLACK
6
CONTINUOUS
10
3.161060472440945
20
1.1465020078740158
11
3.1609606299212598
21
1.1465167716535434
0
LINE
8
BLACK
6
CONTINUOUS
10
3.1609606299212598
20
1.1465167716535434
11
3.1534615748031496
21
1.1483915354330709
0
LINE
8
BLACK
6
CONTINUOUS
10
3.1534615748031496
20
1.1483915354330709
11
3.1531220472440946
21
1.148512874015748
0
LINE
8
BLACK
6
CONTINUOUS
10
3.1531220472440946
20
1.148512874015748
11
3.15305062992126
21
1.148526968503937
0
LINE
8
BLACK
6
CONTINUOUS
10
3.15305062992126
20
1.148526968503937
11
3.1529858267716535
21
1.1485615354330709
0
LINE
8
BLACK
6
CONTINUOUS
10
3.1529858267716535
20
1.1485615354330709
11
3.1529164566929131
21
1.1485862992125984
0
LINE
8
BLACK
6
CONTINUOUS
10
3.1529164566929131
20
1.1485862992125984
11
3.1528577165354328
21
1.148629842519685
0
LINE
8
BLACK
6
CONTINUOUS
10
3.1528577165354328
20
1.148629842519685
11
3.1525398425196851
21
1.1487992913385827
0
LINE
8
BLACK
6
CONTINUOUS
10
3.1525398425196851
20
1.1487992913385827
11
3.1469155118110237
21
1.1525488188976378
0
LINE
8
BLACK
6
CONTINUOUS
10
3.1469155118110237
20
1.1525488188976378
11
3.1469138188976378
21
1.1525501968503937
0
LINE
8
BLACK
6
CONTINUOUS
10
3.1469138188976378
20
1.1525501968503937
11
3.1469129527559057
21
1.1525505511811023
0
LINE
8
BLACK
6
CONTINUOUS
10
3.1469129527559057
20
1.1525505511811023
11
3.1466976377952753
21
1.152727283464567
0
LINE
8
BLACK
6
CONTINUOUS
10
3.1466976377952753
20
1.152727283464567
11
3.1464676771653544
21
1.152915590551181
0
LINE
8
BLACK
6
CONTINUOUS
10
3.1464676771653544
20
1.152915590551181
11
3.1464670866141731
21
1.1529164566929133
0
LINE
8
BLACK
6
CONTINUOUS
10
3.1464670866141731
20
1.1529164566929133
11
3.1464655118110234
21
1.1529177559055117
0
LINE
8
BLACK
6
CONTINUOUS
10
3.1464655118110234
20
1.1529177559055117
11
3.1445907480314959
21
1.1547925196850393
0
LINE
8
BLACK
6
CONTINUOUS
10
3.1445907480314959
20
1.1547925196850393
11
3.1444049606299211
21
1.1550188976377953
0
LINE
8
BLACK
6
CONTINUOUS
10
3.1444049606299211
20
1.1550188976377953
11
3.1443459842519683
21
1.1550700393700788
0
LINE
8
BLACK
6
CONTINUOUS
10
3.1443459842519683
20
1.1550700393700788
11
3.1442899999999998
21
1.1551590157480314
0
LINE
8
BLACK
6
CONTINUOUS
10
3.1442899999999998
20
1.1551590157480314
11
3.1442235433070866
21
1.1552399606299213
0
LINE
8
BLACK
6
CONTINUOUS
10
3.1442235433070866
20
1.1552399606299213
11
3.1441937007874015
21
1.1553119291338583
0
LINE
8
BLACK
6
CONTINUOUS
10
3.1441937007874015
20
1.1553119291338583
11
3.1440376377952757
21
1.1555599212598424
0
LINE
8
BLACK
6
CONTINUOUS
10
3.1440376377952757
20
1.1555599212598424
11
3.1421628740157481
21
1.1593094488188975
0
LINE
8
BLACK
6
CONTINUOUS
10
3.1421628740157481
20
1.1593094488188975
11
3.1419559842519686
21
1.1598500787401576
0
LINE
8
BLACK
6
CONTINUOUS
10
3.1419559842519686
20
1.1598500787401576
11
3.1419484645669291
21
1.1599559055118109
0
LINE
8
BLACK
6
CONTINUOUS
10
3.1419484645669291
20
1.1599559055118109
11
3.141907874015748
21
1.1600538976377952
0
LINE
8
BLACK
6
CONTINUOUS
10
3.141907874015748
20
1.1600538976377952
11
3.1418511417322832
21
1.1606299606299213
0
LINE
8
BLACK
6
CONTINUOUS
10
3.1418511417322832
20
1.1606299606299213
11
3.1418511417322832
21
1.1681290157480315
0
LINE
8
BLACK
6
CONTINUOUS
10
3.1418511417322832
20
1.1681290157480315
11
3.141907874015748
21
1.1687050787401574
0
LINE
8
BLACK
6
CONTINUOUS
10
3.141907874015748
20
1.1687050787401574
11
3.1423487795275591
21
1.1697694881889764
0
LINE
8
BLACK
6
CONTINUOUS
10
3.1423487795275591
20
1.1697694881889764
11
3.1431634251968501
21
1.1705841338582677
0
LINE
8
BLACK
6
CONTINUOUS
10
3.1431634251968501
20
1.1705841338582677
11
3.1442278346456694
21
1.1710250393700787
0
LINE
8
BLACK
6
CONTINUOUS
10
3.1442278346456694
20
1.1710250393700787
11
3.1453799606299211
21
1.1710250393700787
0
LINE
8
BLACK
6
CONTINUOUS
10
3.1453799606299211
20
1.1710250393700787
11
3.1464443700787399
21
1.1705841338582677
0
LINE
8
BLACK
6
CONTINUOUS
10
3.1464443700787399
20
1.1705841338582677
11
3.1472590157480314
21
1.1697694881889764
0
LINE
8
BLACK
6
CONTINUOUS
10
3.1472590157480314
20
1.1697694881889764
11
3.1476999212598424
21
1.1687050787401574
0
LINE
8
BLACK
6
CONTINUOUS
10
3.1476999212598424
20
1.1687050787401574
11
3.1477566535433068
21
1.1681290157480315
0
LINE
8
BLACK
6
CONTINUOUS
10
3.1477566535433068
20
1.1681290157480315
11
3.1477566535433068
21
1.1613270078740157
0
LINE
8
BLACK
6
CONTINUOUS
10
3.1477566535433068
20
1.1613270078740157
11
3.1491053937007871
21
1.158629527559055
0
LINE
8
BLACK
6
CONTINUOUS
10
3.1491053937007871
20
1.158629527559055
11
3.1504345275590548
21
1.1573003937007873
0
LINE
8
BLACK
6
CONTINUOUS
10
3.1504345275590548
20
1.1573003937007873
11
3.1553900787401572
21
1.1539966929133858
0
LINE
8
BLACK
6
CONTINUOUS
10
3.1553900787401572
20
1.1539966929133858
11
3.1583072440944879
21
1.1532674015748032
0
LINE
8
BLACK
6
CONTINUOUS
10
3.1583072440944879
20
1.1532674015748032
11
3.1571609842519686
21
1.1555599212598424
0
LINE
8
BLACK
6
CONTINUOUS
10
3.1571609842519686
20
1.1555599212598424
11
3.1569540944881891
21
1.1561005511811024
0
LINE
8
BLACK
6
CONTINUOUS
10
3.1569540944881891
20
1.1561005511811024
11
3.1569465748031496
21
1.1562063779527558
0
LINE
8
BLACK
6
CONTINUOUS
10
3.1569465748031496
20
1.1562063779527558
11
3.1569059842519684
21
1.1563043700787401
0
LINE
8
BLACK
6
CONTINUOUS
10
3.1569059842519684
20
1.1563043700787401
11
3.1568492519685041
21
1.1568804330708662
0
LINE
8
BLACK
6
CONTINUOUS
10
3.1568492519685041
20
1.1568804330708662
11
3.1568492519685041
21
1.1643794881889764
0
LINE
8
BLACK
6
CONTINUOUS
10
3.1568492519685041
20
1.1643794881889764
11
3.1569059842519684
21
1.1649555511811023
0
LINE
8
BLACK
6
CONTINUOUS
10
3.1569059842519684
20
1.1649555511811023
11
3.1569465748031496
21
1.1650535826771653
0
LINE
8
BLACK
6
CONTINUOUS
10
3.1569465748031496
20
1.1650535826771653
11
3.1569540944881891
21
1.1651593700787402
0
LINE
8
BLACK
6
CONTINUOUS
10
3.1569540944881891
20
1.1651593700787402
11
3.1571609842519686
21
1.1657
0
LINE
8
BLACK
6
CONTINUOUS
10
3.1571609842519686
20
1.1657
11
3.1590357480314961
21
1.1694495275590551
0
LINE
8
BLACK
6
CONTINUOUS
10
3.1590357480314961
20
1.1694495275590551
11
3.1591918110236219
21
1.1696975590551182
0
LINE
8
BLACK
6
CONTINUOUS
10
3.1591918110236219
20
1.1696975590551182
11
3.1592216535433071
21
1.1697694881889764
0
LINE
8
BLACK
6
CONTINUOUS
10
3.1592216535433071
20
1.1697694881889764
11
3.1592881102362202
21
1.1698504724409449
0
LINE
8
BLACK
6
CONTINUOUS
10
3.1592881102362202
20
1.1698504724409449
11
3.1593440944881888
21
1.1699394094488189
0
LINE
8
BLACK
6
CONTINUOUS
10
3.1593440944881888
20
1.1699394094488189
11
3.1594030708661416
21
1.1699905905511812
0
LINE
8
BLACK
6
CONTINUOUS
10
3.1594030708661416
20
1.1699905905511812
11
3.1595888582677163
21
1.1702169291338582
0
LINE
8
BLACK
6
CONTINUOUS
10
3.1595888582677163
20
1.1702169291338582
11
3.1614636220472438
21
1.1720916929133858
0
LINE
8
BLACK
6
CONTINUOUS
10
3.1614636220472438
20
1.1720916929133858
11
3.1616899606299214
21
1.1722774803149607
0
LINE
8
BLACK
6
CONTINUOUS
10
3.1616899606299214
20
1.1722774803149607
11
3.1617411417322834
21
1.1723364566929133
0
LINE
8
BLACK
6
CONTINUOUS
10
3.1617411417322834
20
1.1723364566929133
11
3.1618300787401572
21
1.1723924409448818
0
LINE
8
BLACK
6
CONTINUOUS
10
3.1618300787401572
20
1.1723924409448818
11
3.1619110629921261
21
1.1724588976377952
0
LINE
8
BLACK
6
CONTINUOUS
10
3.1619110629921261
20
1.1724588976377952
11
3.1619829921259841
21
1.1724887401574804
0
LINE
8
BLACK
6
CONTINUOUS
10
3.1619829921259841
20
1.1724887401574804
11
3.1622310236220472
21
1.1726448031496062
0
LINE
8
BLACK
6
CONTINUOUS
10
3.1622310236220472
20
1.1726448031496062
11
3.1659805511811023
21
1.1745195669291337
0
LINE
8
BLACK
6
CONTINUOUS
10
3.1659805511811023
20
1.1745195669291337
11
3.1665211417322836
21
1.1747264566929134
0
LINE
8
BLACK
6
CONTINUOUS
10
3.1665211417322836
20
1.1747264566929134
11
3.1666270078740157
21
1.1747340157480315
0
LINE
8
BLACK
6
CONTINUOUS
10
3.1666270078740157
20
1.1747340157480315
11
3.166725
21
1.1747745669291338
0
LINE
8
BLACK
6
CONTINUOUS
10
3.166725
20
1.1747745669291338
11
3.1673010629921259
21
1.1748312992125984
0
LINE
8
BLACK
6
CONTINUOUS
10
3.1673010629921259
20
1.1748312992125984
11
3.1766748818897637
21
1.1748312992125984
0
LINE
8
BLACK
6
CONTINUOUS
10
3.1766748818897637
20
1.1748312992125984
11
3.1772509448818895
21
1.1747745669291338
0
LINE
8
BLACK
6
CONTINUOUS
10
3.1653006299212598
20
1.1675770472440945
11
3.164103503937008
21
1.1663799212598425
0
LINE
8
BLACK
6
CONTINUOUS
10
3.164103503937008
20
1.1663799212598425
11
3.1627547637795277
21
1.1636824409448818
0
LINE
8
BLACK
6
CONTINUOUS
10
3.1627547637795277
20
1.1636824409448818
11
3.1627547637795277
21
1.1575774803149605
0
LINE
8
BLACK
6
CONTINUOUS
10
3.1627547637795277
20
1.1575774803149605
11
3.164103503937008
21
1.1548799999999999
0
LINE
8
BLACK
6
CONTINUOUS
10
3.164103503937008
20
1.1548799999999999
11
3.1653006299212598
21
1.1536828740157481
0
LINE
8
BLACK
6
CONTINUOUS
10
3.1653006299212598
20
1.1536828740157481
11
3.1679981102362205
21
1.1523341338582678
0
LINE
8
BLACK
6
CONTINUOUS
10
3.1679981102362205
20
1.1523341338582678
11
3.1759778346456691
21
1.1523341338582678
0
LINE
8
BLACK
6
CONTINUOUS
10
3.1759778346456691
20
1.1523341338582678
11
3.1786753149606297
21
1.1536829133858268
0
LINE
8
BLACK
6
CONTINUOUS
10
3.1786753149606297
20
1.1536829133858268
11
3.1798724803149607
21
1.1548800393700787
0
LINE
8
BLACK
6
CONTINUOUS
10
3.1798724803149607
20
1.1548800393700787
11
3.181221220472441
21
1.1575774803149605
0
LINE
8
BLACK
6
CONTINUOUS
10
3.181221220472441
20
1.1575774803149605
11
3.181221220472441
21
1.1636824409448818
0
LINE
8
BLACK
6
CONTINUOUS
10
3.181221220472441
20
1.1636824409448818
11
3.1798724803149607
21
1.1663799212598425
0
LINE
8
BLACK
6
CONTINUOUS
10
3.1798724803149607
20
1.1663799212598425
11
3.1786753149606297
21
1.1675770472440945
0
LINE
8
BLACK
6
CONTINUOUS
10
3.1786753149606297
20
1.1675770472440945
11
3.1759778346456691
21
1.1689257874015748
0
LINE
8
BLACK
6
CONTINUOUS
10
3.1759778346456691
20
1.1689257874015748
11
3.1679981102362205
21
1.1689257874015748
0
LINE
8
BLACK
6
CONTINUOUS
10
3.1679981102362205
20
1.1689257874015748
11
3.1653006299212598
21
1.1675770472440945
0
LINE
8
BLACK
6
CONTINUOUS
10
1.558337125984252
20
1.1627772047244094
11
1.5587845669291338
21
1.1624099999999999
0
LINE
8
BLACK
6
CONTINUOUS
10
1.5587845669291338
20
1.1624099999999999
11
1.5606593307086614
21
1.1605352362204724
0
LINE
8
BLACK
6
CONTINUOUS
10
1.5606593307086614
20
1.1605352362204724
11
1.5610265354330708
21
1.1600877952755906
0
LINE
8
BLACK
6
CONTINUOUS
10
1.5610265354330708
20
1.1600877952755906
11
1.5612525590551181
21
1.1595421653543307
0
LINE
8
BLACK
6
CONTINUOUS
10
1.5612525590551181
20
1.1595421653543307
11
1.5614674409448819
21
1.1590233464566928
0
LINE
8
BLACK
6
CONTINUOUS
10
1.5614674409448819
20
1.1590233464566928
11
1.5614674409448819
21
1.1578712598425196
0
LINE
8
BLACK
6
CONTINUOUS
10
1.5614674409448819
20
1.1578712598425196
11
1.5610265354330708
21
1.1568068503937008
0
LINE
8
BLACK
6
CONTINUOUS
10
1.5610265354330708
20
1.1568068503937008
11
1.5606593307086614
21
1.1563594094488188
0
LINE
8
BLACK
6
CONTINUOUS
10
1.5606593307086614
20
1.1563594094488188
11
1.5587845669291338
21
1.1544846456692912
0
LINE
8
BLACK
6
CONTINUOUS
10
1.5587845669291338
20
1.1544846456692912
11
1.558337125984252
21
1.1541174409448818
0
LINE
8
BLACK
6
CONTINUOUS
10
1.558337125984252
20
1.1541174409448818
11
1.557272716535433
21
1.1536765354330709
0
LINE
8
BLACK
6
CONTINUOUS
10
1.557272716535433
20
1.1536765354330709
11
1.5572726771653542
21
1.1536765354330709
0
LINE
8
BLACK
6
CONTINUOUS
10
1.5572726771653542
20
1.1536765354330709
11
1.5561206299212598
21
1.1536765354330709
0
LINE
8
BLACK
6
CONTINUOUS
10
1.5561206299212598
20
1.1536765354330709
11
1.556120590551181
21
1.1536765354330709
0
LINE
8
BLACK
6
CONTINUOUS
10
1.556120590551181
20
1.1536765354330709
11
1.5550561811023622
21
1.1541174409448818
0
LINE
8
BLACK
6
CONTINUOUS
10
1.5550561811023622
20
1.1541174409448818
11
1.5546087401574802
21
1.1544846456692912
0
LINE
8
BLACK
6
CONTINUOUS
10
1.5546087401574802
20
1.1544846456692912
11
1.5527339763779526
21
1.1563594094488188
0
LINE
8
BLACK
6
CONTINUOUS
10
1.5527339763779526
20
1.1563594094488188
11
1.5523667716535432
21
1.1568068503937008
0
LINE
8
BLACK
6
CONTINUOUS
10
1.5523667716535432
20
1.1568068503937008
11
1.5519258661417323
21
1.1578712992125983
0
LINE
8
BLACK
6
CONTINUOUS
10
1.5519258661417323
20
1.1578712992125983
11
1.5519258661417323
21
1.1590233464566928
0
LINE
8
BLACK
6
CONTINUOUS
10
1.5519258661417323
20
1.1590233464566928
11
1.5523667716535432
21
1.1600877952755906
0
LINE
8
BLACK
6
CONTINUOUS
10
1.5523667716535432
20
1.1600877952755906
11
1.5527339763779526
21
1.1605352362204724
0
LINE
8
BLACK
6
CONTINUOUS
10
1.5527339763779526
20
1.1605352362204724
11
1.5546087401574802
21
1.1624099999999999
0
LINE
8
BLACK
6
CONTINUOUS
10
1.5546087401574802
20
1.1624099999999999
11
1.5550561811023622
21
1.1627772047244094
0
LINE
8
BLACK
6
CONTINUOUS
10
1.5550561811023622
20
1.1627772047244094
11
1.556120590551181
21
1.1632181102362205
0
LINE
8
BLACK
6
CONTINUOUS
10
1.556120590551181
20
1.1632181102362205
11
1.5572726771653542
21
1.1632181102362205
0
LINE
8
BLACK
6
CONTINUOUS
10
1.5572726771653542
20
1.1632181102362205
11
1.557272716535433
21
1.1632181102362205
0
LINE
8
BLACK
6
CONTINUOUS
10
1.557272716535433
20
1.1632181102362205
11
1.558337125984252
21
1.1627772047244094
0
LINE
8
BLACK
6
CONTINUOUS
10
1.6352025196850393
20
1.1627772047244094
11
1.6356499606299213
21
1.1624099999999999
0
LINE
8
BLACK
6
CONTINUOUS
10
1.6356499606299213
20
1.1624099999999999
11
1.6375247244094489
21
1.1605352362204724
0
LINE
8
BLACK
6
CONTINUOUS
10
1.6375247244094489
20
1.1605352362204724
11
1.6378919291338583
21
1.1600877952755906
0
LINE
8
BLACK
6
CONTINUOUS
10
1.6378919291338583
20
1.1600877952755906
11
1.6381179527559055
21
1.1595421653543307
0
LINE
8
BLACK
6
CONTINUOUS
10
1.6381179527559055
20
1.1595421653543307
11
1.6383328346456691
21
1.1590233464566928
0
LINE
8
BLACK
6
CONTINUOUS
10
1.6383328346456691
20
1.1590233464566928
11
1.6383328346456691
21
1.1578712598425196
0
LINE
8
BLACK
6
CONTINUOUS
10
1.6383328346456691
20
1.1578712598425196
11
1.6378919291338583
21
1.1568068503937008
0
LINE
8
BLACK
6
CONTINUOUS
10
1.6378919291338583
20
1.1568068503937008
11
1.6375247244094489
21
1.1563594094488188
0
LINE
8
BLACK
6
CONTINUOUS
10
1.6375247244094489
20
1.1563594094488188
11
1.6356499606299213
21
1.1544846456692912
0
LINE
8
BLACK
6
CONTINUOUS
10
1.6356499606299213
20
1.1544846456692912
11
1.6352025196850393
21
1.1541174409448818
0
LINE
8
BLACK
6
CONTINUOUS
10
1.6352025196850393
20
1.1541174409448818
11
1.6341381102362205
21
1.1536765354330709
0
LINE
8
BLACK
6
CONTINUOUS
10
1.6341381102362205
20
1.1536765354330709
11
1.6341380708661417
21
1.1536765354330709
0
LINE
8
BLACK
6
CONTINUOUS
10
1.6341380708661417
20
1.1536765354330709
11
1.6329860236220473
21
1.1536765354330709
0
LINE
8
BLACK
6
CONTINUOUS
10
1.6329860236220473
20
1.1536765354330709
11
1.6329859842519685
21
1.1536765354330709
0
LINE
8
BLACK
6
CONTINUOUS
10
1.6329859842519685
20
1.1536765354330709
11
1.6319215748031495
21
1.1541174409448818
0
LINE
8
BLACK
6
CONTINUOUS
10
1.6319215748031495
20
1.1541174409448818
11
1.6314741338582677
21
1.1544846456692912
0
LINE
8
BLACK
6
CONTINUOUS
10
1.6314741338582677
20
1.1544846456692912
11
1.6295993700787401
21
1.1563594094488188
0
LINE
8
BLACK
6
CONTINUOUS
10
1.6295993700787401
20
1.1563594094488188
11
1.6292321653543307
21
1.1568068503937008
0
LINE
8
BLACK
6
CONTINUOUS
10
1.6292321653543307
20
1.1568068503937008
11
1.6287912598425196
21
1.1578712992125983
0
LINE
8
BLACK
6
CONTINUOUS
10
1.6287912598425196
20
1.1578712992125983
11
1.6287912598425196
21
1.1590233464566928
0
LINE
8
BLACK
6
CONTINUOUS
10
1.6287912598425196
20
1.1590233464566928
11
1.6292321653543307
21
1.1600877952755906
0
LINE
8
BLACK
6
CONTINUOUS
10
1.6292321653543307
20
1.1600877952755906
11
1.6295993700787401
21
1.1605352362204724
0
LINE
8
BLACK
6
CONTINUOUS
10
1.6295993700787401
20
1.1605352362204724
11
1.6314741338582677
21
1.1624099999999999
0
LINE
8
BLACK
6
CONTINUOUS
10
1.6314741338582677
20
1.1624099999999999
11
1.6319215748031495
21
1.1627772047244094
0
LINE
8
BLACK
6
CONTINUOUS
10
1.6319215748031495
20
1.1627772047244094
11
1.6329859842519685
21
1.1632181102362205
0
LINE
8
BLACK
6
CONTINUOUS
10
1.6329859842519685
20
1.1632181102362205
11
1.6341380708661417
21
1.1632181102362205
0
LINE
8
BLACK
6
CONTINUOUS
10
1.6341380708661417
20
1.1632181102362205
11
1.6341381102362205
21
1.1632181102362205
0
LINE
8
BLACK
6
CONTINUOUS
10
1.6341381102362205
20
1.1632181102362205
11
1.6352025196850393
21
1.1627772047244094
0
LINE
8
BLACK
6
CONTINUOUS
10
1.8939201968503936
20
1.1627772047244094
11
1.8943676377952756
21
1.1624099999999999
0
LINE
8
BLACK
6
CONTINUOUS
10
1.8943676377952756
20
1.1624099999999999
11
1.8962424015748032
21
1.1605352362204724
0
LINE
8
BLACK
6
CONTINUOUS
10
1.8962424015748032
20
1.1605352362204724
11
1.8966096062992126
21
1.1600877952755906
0
LINE
8
BLACK
6
CONTINUOUS
10
1.8966096062992126
20
1.1600877952755906
11
1.8968356299212599
21
1.1595421653543307
0
LINE
8
BLACK
6
CONTINUOUS
10
1.8968356299212599
20
1.1595421653543307
11
1.8970505118110237
21
1.1590233464566928
0
LINE
8
BLACK
6
CONTINUOUS
10
1.8970505118110237
20
1.1590233464566928
11
1.8970505118110237
21
1.1578712598425196
0
LINE
8
BLACK
6
CONTINUOUS
10
1.8970505118110237
20
1.1578712598425196
11
1.8966096062992126
21
1.1568068503937008
0
LINE
8
BLACK
6
CONTINUOUS
10
1.8966096062992126
20
1.1568068503937008
11
1.8962424015748032
21
1.1563594094488188
0
LINE
8
BLACK
6
CONTINUOUS
10
1.8962424015748032
20
1.1563594094488188
11
1.8943676377952756
21
1.1544846456692912
0
LINE
8
BLACK
6
CONTINUOUS
10
1.8943676377952756
20
1.1544846456692912
11
1.8939201968503936
21
1.1541174409448818
0
LINE
8
BLACK
6
CONTINUOUS
10
1.8939201968503936
20
1.1541174409448818
11
1.8928557874015748
21
1.1536765354330709
0
LINE
8
BLACK
6
CONTINUOUS
10
1.8928557874015748
20
1.1536765354330709
11
1.892855748031496
21
1.1536765354330709
0
LINE
8
BLACK
6
CONTINUOUS
10
1.892855748031496
20
1.1536765354330709
11
1.8917037007874016
21
1.1536765354330709
0
LINE
8
BLACK
6
CONTINUOUS
10
1.8917037007874016
20
1.1536765354330709
11
1.8917036614173228
21
1.1536765354330709
0
LINE
8
BLACK
6
CONTINUOUS
10
1.8917036614173228
20
1.1536765354330709
11
1.8906392519685038
21
1.1541174409448818
0
LINE
8
BLACK
6
CONTINUOUS
10
1.8906392519685038
20
1.1541174409448818
11
1.890191811023622
21
1.1544846456692912
0
LINE
8
BLACK
6
CONTINUOUS
10
1.890191811023622
20
1.1544846456692912
11
1.8883170472440944
21
1.1563594094488188
0
LINE
8
BLACK
6
CONTINUOUS
10
1.8883170472440944
20
1.1563594094488188
11
1.887949842519685
21
1.1568068503937008
0
LINE
8
BLACK
6
CONTINUOUS
10
1.887949842519685
20
1.1568068503937008
11
1.8875089370078739
21
1.1578712992125983
0
LINE
8
BLACK
6
CONTINUOUS
10
1.8875089370078739
20
1.1578712992125983
11
1.8875089370078739
21
1.1590233464566928
0
LINE
8
BLACK
6
CONTINUOUS
10
1.8875089370078739
20
1.1590233464566928
11
1.887949842519685
21
1.1600877952755906
0
LINE
8
BLACK
6
CONTINUOUS
10
1.887949842519685
20
1.1600877952755906
11
1.8883170472440944
21
1.1605352362204724
0
LINE
8
BLACK
6
CONTINUOUS
10
1.8883170472440944
20
1.1605352362204724
11
1.890191811023622
21
1.1624099999999999
0
LINE
8
BLACK
6
CONTINUOUS
10
1.890191811023622
20
1.1624099999999999
11
1.8906392519685038
21
1.1627772047244094
0
LINE
8
BLACK
6
CONTINUOUS
10
1.8906392519685038
20
1.1627772047244094
11
1.8917036614173228
21
1.1632181102362205
0
LINE
8
BLACK
6
CONTINUOUS
10
1.8917036614173228
20
1.1632181102362205
11
1.892855748031496
21
1.1632181102362205
0
LINE
8
BLACK
6
CONTINUOUS
10
1.892855748031496
20
1.1632181102362205
11
1.8928557874015748
21
1.1632181102362205
0
LINE
8
BLACK
6
CONTINUOUS
10
1.8928557874015748
20
1.1632181102362205
11
1.8939201968503936
21
1.1627772047244094
0
LINE
8
BLACK
6
CONTINUOUS
10
0.0144015748031496
20
1.1935690944881889
11
0.0144446062992126
21
1.1935754724409449
0
LINE
8
BLACK
6
CONTINUOUS
10
0.0144446062992126
20
1.1935754724409449
11
0.0146600787401575
21
1.193543622047244
0
LINE
8
BLACK
6
CONTINUOUS
10
0.0146600787401575
20
1.193543622047244
11
0.014877125984252
21
1.1935222440944881
0
LINE
8
BLACK
6
CONTINUOUS
10
0.014877125984252
20
1.1935222440944881
11
0.0149173228346457
21
1.1935056299212599
0
LINE
8
BLACK
6
CONTINUOUS
10
0.0149173228346457
20
1.1935056299212599
11
0.0150172047244094
21
1.1934908267716535
0
LINE
8
BLACK
6
CONTINUOUS
10
0.0150172047244094
20
1.1934908267716535
11
0.0225162598425197
21
1.191616062992126
0
LINE
8
BLACK
6
CONTINUOUS
10
0.0225162598425197
20
1.191616062992126
11
0.0228557086614173
21
1.1914948031496062
0
LINE
8
BLACK
6
CONTINUOUS
10
0.0228557086614173
20
1.1914948031496062
11
0.0229272440944882
21
1.1914806299212599
0
LINE
8
BLACK
6
CONTINUOUS
10
0.0229272440944882
20
1.1914806299212599
11
0.0229920866141732
21
1.191446062992126
0
LINE
8
BLACK
6
CONTINUOUS
10
0.0229920866141732
20
1.191446062992126
11
0.0230613779527559
21
1.1914212992125983
0
LINE
8
BLACK
6
CONTINUOUS
10
0.0230613779527559
20
1.1914212992125983
11
0.0231199606299213
21
1.1913778740157479
0
LINE
8
BLACK
6
CONTINUOUS
10
0.0231199606299213
20
1.1913778740157479
11
0.023438031496063
21
1.1912083070866142
0
LINE
8
BLACK
6
CONTINUOUS
10
0.023438031496063
20
1.1912083070866142
11
0.0290623228346457
21
1.1874587795275591
0
LINE
8
BLACK
6
CONTINUOUS
10
0.0290623228346457
20
1.1874587795275591
11
0.0290638976377953
21
1.1874574803149607
0
LINE
8
BLACK
6
CONTINUOUS
10
0.0290638976377953
20
1.1874574803149607
11
0.029064842519685
21
1.1874570866141732
0
LINE
8
BLACK
6
CONTINUOUS
10
0.029064842519685
20
1.1874570866141732
11
0.0292843700787402
21
1.1872769291338583
0
LINE
8
BLACK
6
CONTINUOUS
10
0.0292843700787402
20
1.1872769291338583
11
0.029510157480315
21
1.1870920078740157
0
LINE
8
BLACK
6
CONTINUOUS
10
0.029510157480315
20
1.1870920078740157
11
0.0295107086614173
21
1.1870911811023621
0
LINE
8
BLACK
6
CONTINUOUS
10
0.0295107086614173
20
1.1870911811023621
11
0.0295122834645669
21
1.1870898818897637
0
LINE
8
BLACK
6
CONTINUOUS
10
0.0295122834645669
20
1.1870898818897637
11
0.0313870866141732
21
1.1852151181102362
0
LINE
8
BLACK
6
CONTINUOUS
10
0.0313870866141732
20
1.1852151181102362
11
0.0315728346456693
21
1.1849887795275591
0
LINE
8
BLACK
6
CONTINUOUS
10
0.0315728346456693
20
1.1849887795275591
11
0.0316318897637795
21
1.1849375590551181
0
LINE
8
BLACK
6
CONTINUOUS
10
0.0316318897637795
20
1.1849375590551181
11
0.031687874015748
21
1.1848486220472441
0
LINE
8
BLACK
6
CONTINUOUS
10
0.031687874015748
20
1.1848486220472441
11
0.0317543307086614
21
1.1847676377952756
0
LINE
8
BLACK
6
CONTINUOUS
10
0.0317543307086614
20
1.1847676377952756
11
0.0317841338582677
21
1.1846957086614174
0
LINE
8
BLACK
6
CONTINUOUS
10
0.0317841338582677
20
1.1846957086614174
11
0.0319402362204724
21
1.1844476771653543
0
LINE
8
BLACK
6
CONTINUOUS
10
0.0319402362204724
20
1.1844476771653543
11
0.033815
21
1.1806981496062992
0
LINE
8
BLACK
6
CONTINUOUS
10
0.033815
20
1.1806981496062992
11
0.0340218897637795
21
1.1801575590551181
0
LINE
8
BLACK
6
CONTINUOUS
10
0.0340218897637795
20
1.1801575590551181
11
0.0340294094488189
21
1.1800516929133857
0
LINE
8
BLACK
6
CONTINUOUS
10
0.0340294094488189
20
1.1800516929133857
11
0.03407
21
1.1799537007874015
0
LINE
8
BLACK
6
CONTINUOUS
10
0.03407
20
1.1799537007874015
11
0.0341267322834646
21
1.1793776377952756
0
LINE
8
BLACK
6
CONTINUOUS
10
0.0341267322834646
20
1.1793776377952756
11
0.0341267322834646
21
1.1718785826771654
0
LINE
8
BLACK
6
CONTINUOUS
10
0.0341267322834646
20
1.1718785826771654
11
0.03407
21
1.1713025196850393
0
LINE
8
BLACK
6
CONTINUOUS
10
0.03407
20
1.1713025196850393
11
0.033629094488189
21
1.1702381102362205
0
LINE
8
BLACK
6
CONTINUOUS
10
0.033629094488189
20
1.1702381102362205
11
0.0328144488188976
21
1.169423464566929
0
LINE
8
BLACK
6
CONTINUOUS
10
0.0328144488188976
20
1.169423464566929
11
0.0317500393700787
21
1.1689825590551182
0
LINE
8
BLACK
6
CONTINUOUS
10
0.0317500393700787
20
1.1689825590551182
11
0.0305979133858268
21
1.1689825590551182
0
LINE
8
BLACK
6
CONTINUOUS
10
0.0305979133858268
20
1.1689825590551182
11
0.0295335039370079
21
1.169423464566929
0
LINE
8
BLACK
6
CONTINUOUS
10
0.0295335039370079
20
1.169423464566929
11
0.0287188582677165
21
1.1702381102362205
0
LINE
8
BLACK
6
CONTINUOUS
10
0.0287188582677165
20
1.1702381102362205
11
0.0282779527559055
21
1.1713025196850393
0
LINE
8
BLACK
6
CONTINUOUS
10
0.0282779527559055
20
1.1713025196850393
11
0.0282212204724409
21
1.1718785826771654
0
LINE
8
BLACK
6
CONTINUOUS
10
0.0282212204724409
20
1.1718785826771654
11
0.0282212204724409
21
1.178680590551181
0
LINE
8
BLACK
6
CONTINUOUS
10
0.0282212204724409
20
1.178680590551181
11
0.0268724803149606
21
1.1813780708661417
0
LINE
8
BLACK
6
CONTINUOUS
10
0.0268724803149606
20
1.1813780708661417
11
0.0255432283464567
21
1.1827072834645669
0
LINE
8
BLACK
6
CONTINUOUS
10
0.0255432283464567
20
1.1827072834645669
11
0.0205877559055118
21
1.1860109055118111
0
LINE
8
BLACK
6
CONTINUOUS
10
0.0205877559055118
20
1.1860109055118111
11
0.0176705905511811
21
1.1867401968503937
0
LINE
8
BLACK
6
CONTINUOUS
10
0.0176705905511811
20
1.1867401968503937
11
0.0188168503937008
21
1.1844476771653543
0
LINE
8
BLACK
6
CONTINUOUS
10
0.0188168503937008
20
1.1844476771653543
11
0.0190237401574803
21
1.1839070866141732
0
LINE
8
BLACK
6
CONTINUOUS
10
0.0190237401574803
20
1.1839070866141732
11
0.0190312598425197
21
1.1838012204724409
0
LINE
8
BLACK
6
CONTINUOUS
10
0.0190312598425197
20
1.1838012204724409
11
0.0190718503937008
21
1.1837032283464566
0
LINE
8
BLACK
6
CONTINUOUS
10
0.0190718503937008
20
1.1837032283464566
11
0.0191285826771654
21
1.1831271653543307
0
LINE
8
BLACK
6
CONTINUOUS
10
0.0191285826771654
20
1.1831271653543307
11
0.0191285826771654
21
1.1756281102362205
0
LINE
8
BLACK
6
CONTINUOUS
10
0.0191285826771654
20
1.1756281102362205
11
0.0190718503937008
21
1.1750520472440944
0
LINE
8
BLACK
6
CONTINUOUS
10
0.0190718503937008
20
1.1750520472440944
11
0.0190312598425197
21
1.1749540944881889
0
LINE
8
BLACK
6
CONTINUOUS
10
0.0190312598425197
20
1.1749540944881889
11
0.0190237401574803
21
1.174848188976378
0
LINE
8
BLACK
6
CONTINUOUS
10
0.0190237401574803
20
1.174848188976378
11
0.0188168503937008
21
1.1743075984251967
0
LINE
8
BLACK
6
CONTINUOUS
10
0.0188168503937008
20
1.1743075984251967
11
0.0169420866141732
21
1.1705580708661416
0
LINE
8
BLACK
6
CONTINUOUS
10
0.0169420866141732
20
1.1705580708661416
11
0.0167859842519685
21
1.1703100787401575
0
LINE
8
BLACK
6
CONTINUOUS
10
0.0167859842519685
20
1.1703100787401575
11
0.0167561811023622
21
1.1702381102362205
0
LINE
8
BLACK
6
CONTINUOUS
10
0.0167561811023622
20
1.1702381102362205
11
0.0166896850393701
21
1.1701571653543308
0
LINE
8
BLACK
6
CONTINUOUS
10
0.0166896850393701
20
1.1701571653543308
11
0.0166337401574803
21
1.170068188976378
0
LINE
8
BLACK
6
CONTINUOUS
10
0.0166337401574803
20
1.170068188976378
11
0.0165747244094488
21
1.1700170472440945
0
LINE
8
BLACK
6
CONTINUOUS
10
0.0165747244094488
20
1.1700170472440945
11
0.0163889763779528
21
1.1697906692913385
0
LINE
8
BLACK
6
CONTINUOUS
10
0.0163889763779528
20
1.1697906692913385
11
0.0145142125984252
21
1.1679159055118109
0
LINE
8
BLACK
6
CONTINUOUS
10
0.0145142125984252
20
1.1679159055118109
11
0.0142878346456693
21
1.1677301574803149
0
LINE
8
BLACK
6
CONTINUOUS
10
0.0142878346456693
20
1.1677301574803149
11
0.0142366929133858
21
1.1676711417322834
0
LINE
8
BLACK
6
CONTINUOUS
10
0.0142366929133858
20
1.1676711417322834
11
0.0141477165354331
21
1.1676151968503936
0
LINE
8
BLACK
6
CONTINUOUS
10
0.0141477165354331
20
1.1676151968503936
11
0.0140667716535433
21
1.1675487007874015
0
LINE
8
BLACK
6
CONTINUOUS
10
0.0140667716535433
20
1.1675487007874015
11
0.0139948031496063
21
1.1675188976377953
0
LINE
8
BLACK
6
CONTINUOUS
10
0.0139948031496063
20
1.1675188976377953
11
0.013746811023622
21
1.1673627952755905
0
LINE
8
BLACK
6
CONTINUOUS
10
0.013746811023622
20
1.1673627952755905
11
0.0099972834645669
21
1.1654880314960629
0
LINE
8
BLACK
6
CONTINUOUS
10
0.0099972834645669
20
1.1654880314960629
11
0.0094566535433071
21
1.1652811417322835
0
LINE
8
BLACK
6
CONTINUOUS
10
0.0094566535433071
20
1.1652811417322835
11
0.0093508267716535
21
1.1652736614173229
0
LINE
8
BLACK
6
CONTINUOUS
10
0.0093508267716535
20
1.1652736614173229
11
0.0092528346456693
21
1.1652330314960631
0
LINE
8
BLACK
6
CONTINUOUS
10
0.0092528346456693
20
1.1652330314960631
11
0.0086767716535433
21
1.1651762992125985
0
LINE
8
BLACK
6
CONTINUOUS
10
0.0086767716535433
20
1.1651762992125985
11
-0.0006970472440945
21
1.1651762992125985
0
LINE
8
BLACK
6
CONTINUOUS
10
-0.0006970472440945
20
1.1651762992125985
11
-0.0012731102362205
21
1.1652330314960631
0
LINE
8
BLACK
6
CONTINUOUS
10
-0.0012731102362205
20
1.1652330314960631
11
-0.0013711023622047
21
1.1652736220472442
0
LINE
8
BLACK
6
CONTINUOUS
10
-0.0013711023622047
20
1.1652736220472442
11
-0.001476968503937
21
1.1652811417322835
0
LINE
8
BLACK
6
CONTINUOUS
10
-0.001476968503937
20
1.1652811417322835
11
-0.0020175590551181
21
1.1654880314960629
0
LINE
8
BLACK
6
CONTINUOUS
10
-0.0020175590551181
20
1.1654880314960629
11
-0.0057670866141732
21
1.1673627952755905
0
LINE
8
BLACK
6
CONTINUOUS
10
-0.0057670866141732
20
1.1673627952755905
11
-0.0060151181102362
21
1.1675188976377953
0
LINE
8
BLACK
6
CONTINUOUS
10
-0.0060151181102362
20
1.1675188976377953
11
-0.0060870472440945
21
1.1675487007874015
0
LINE
8
BLACK
6
CONTINUOUS
10
-0.0060870472440945
20
1.1675487007874015
11
-0.006168031496063
21
1.1676151968503936
0
LINE
8
BLACK
6
CONTINUOUS
10
-0.006168031496063
20
1.1676151968503936
11
-0.006256968503937
21
1.1676711417322834
0
LINE
8
BLACK
6
CONTINUOUS
10
-0.006256968503937
20
1.1676711417322834
11
-0.0063081496062992
21
1.1677301574803149
0
LINE
8
BLACK
6
CONTINUOUS
10
-0.0063081496062992
20
1.1677301574803149
11
-0.0065344881889764
21
1.1679159055118109
0
LINE
8
BLACK
6
CONTINUOUS
10
-0.0065344881889764
20
1.1679159055118109
11
-0.0084092519685039
21
1.1697906692913385
0
LINE
8
BLACK
6
CONTINUOUS
10
-0.0084092519685039
20
1.1697906692913385
11
-0.0085950393700787
21
1.1700170472440945
0
LINE
8
BLACK
6
CONTINUOUS
10
-0.0085950393700787
20
1.1700170472440945
11
-0.0086540157480315
21
1.170068188976378
0
LINE
8
BLACK
6
CONTINUOUS
10
-0.0086540157480315
20
1.170068188976378
11
-0.00871
21
1.1701571653543308
0
LINE
8
BLACK
6
CONTINUOUS
10
-0.00871
20
1.1701571653543308
11
-0.0087764566929134
21
1.1702381102362205
0
LINE
8
BLACK
6
CONTINUOUS
10
-0.0087764566929134
20
1.1702381102362205
11
-0.0088062992125984
21
1.1703100787401575
0
LINE
8
BLACK
6
CONTINUOUS
10
-0.0088062992125984
20
1.1703100787401575
11
-0.0089623622047244
21
1.1705580708661416
0
LINE
8
BLACK
6
CONTINUOUS
10
-0.0089623622047244
20
1.1705580708661416
11
-0.010837125984252
21
1.1743075984251967
0
LINE
8
BLACK
6
CONTINUOUS
10
-0.010837125984252
20
1.1743075984251967
11
-0.0110440157480315
21
1.1748482283464567
0
LINE
8
BLACK
6
CONTINUOUS
10
-0.0110440157480315
20
1.1748482283464567
11
-0.0110515354330709
21
1.1749540551181101
0
LINE
8
BLACK
6
CONTINUOUS
10
-0.0110515354330709
20
1.1749540551181101
11
-0.011092125984252
21
1.1750520472440944
0
LINE
8
BLACK
6
CONTINUOUS
10
-0.011092125984252
20
1.1750520472440944
11
-0.0111488582677165
21
1.1756281102362205
0
LINE
8
BLACK
6
CONTINUOUS
10
-0.0111488582677165
20
1.1756281102362205
11
-0.0111488582677165
21
1.1831271653543307
0
LINE
8
BLACK
6
CONTINUOUS
10
-0.0111488582677165
20
1.1831271653543307
11
-0.011092125984252
21
1.1837032283464566
0
LINE
8
BLACK
6
CONTINUOUS
10
-0.011092125984252
20
1.1837032283464566
11
-0.0110515354330709
21
1.1838012598425196
0
LINE
8
BLACK
6
CONTINUOUS
10
-0.0110515354330709
20
1.1838012598425196
11
-0.0110440157480315
21
1.1839070472440945
0
LINE
8
BLACK
6
CONTINUOUS
10
-0.0110440157480315
20
1.1839070472440945
11
-0.010837125984252
21
1.1844476771653543
0
LINE
8
BLACK
6
CONTINUOUS
10
-0.010837125984252
20
1.1844476771653543
11
-0.0089623622047244
21
1.1881972047244094
0
LINE
8
BLACK
6
CONTINUOUS
10
-0.0089623622047244
20
1.1881972047244094
11
-0.0088062992125984
21
1.1884452362204725
0
LINE
8
BLACK
6
CONTINUOUS
10
-0.0088062992125984
20
1.1884452362204725
11
-0.0087764566929134
21
1.1885171653543307
0
LINE
8
BLACK
6
CONTINUOUS
10
-0.0087764566929134
20
1.1885171653543307
11
-0.00871
21
1.1885981496062992
0
LINE
8
BLACK
6
CONTINUOUS
10
-0.00871
20
1.1885981496062992
11
-0.0086540157480315
21
1.1886870866141732
0
LINE
8
BLACK
6
CONTINUOUS
10
-0.0086540157480315
20
1.1886870866141732
11
-0.0085950393700787
21
1.1887382677165355
0
LINE
8
BLACK
6
CONTINUOUS
10
-0.0085950393700787
20
1.1887382677165355
11
-0.0084092519685039
21
1.1889646062992125
0
LINE
8
BLACK
6
CONTINUOUS
10
-0.0084092519685039
20
1.1889646062992125
11
-0.0065344881889764
21
1.1908393700787401
0
LINE
8
BLACK
6
CONTINUOUS
10
-0.0065344881889764
20
1.1908393700787401
11
-0.0063081496062992
21
1.191025157480315
0
LINE
8
BLACK
6
CONTINUOUS
10
-0.0063081496062992
20
1.191025157480315
11
-0.006256968503937
21
1.1910841338582676
0
LINE
8
BLACK
6
CONTINUOUS
10
-0.006256968503937
20
1.1910841338582676
11
-0.006168031496063
21
1.1911401181102361
0
LINE
8
BLACK
6
CONTINUOUS
10
-0.006168031496063
20
1.1911401181102361
11
-0.0060870472440945
21
1.1912065748031495
0
LINE
8
BLACK
6
CONTINUOUS
10
-0.0060870472440945
20
1.1912065748031495
11
-0.0060151181102362
21
1.1912364173228347
0
LINE
8
BLACK
6
CONTINUOUS
10
-0.0060151181102362
20
1.1912364173228347
11
-0.0057670866141732
21
1.1913924803149607
0
LINE
8
BLACK
6
CONTINUOUS
10
-0.0057670866141732
20
1.1913924803149607
11
-0.0020175590551181
21
1.1932672440944883
0
LINE
8
BLACK
6
CONTINUOUS
10
-0.0020175590551181
20
1.1932672440944883
11
-0.001476968503937
21
1.1934741338582677
0
LINE
8
BLACK
6
CONTINUOUS
10
-0.001476968503937
20
1.1934741338582677
11
-0.0013711023622047
21
1.1934816929133858
0
LINE
8
BLACK
6
CONTINUOUS
10
-0.0013711023622047
20
1.1934816929133858
11
-0.0012731102362205
21
1.1935222440944881
0
LINE
8
BLACK
6
CONTINUOUS
10
-0.0012731102362205
20
1.1935222440944881
11
-0.0006970472440945
21
1.1935789763779527
0
LINE
8
BLACK
6
CONTINUOUS
10
-0.0006970472440945
20
1.1935789763779527
11
0.014301062992126
21
1.1935789763779527
0
LINE
8
BLACK
6
CONTINUOUS
10
0.014301062992126
20
1.1935789763779527
11
0.0144015748031496
21
1.1935690944881889
0
LINE
8
BLACK
6
CONTINUOUS
10
-0.0026974803149606
20
1.1863247244094488
11
-0.0038946062992126
21
1.1851275984251968
0
LINE
8
BLACK
6
CONTINUOUS
10
-0.0038946062992126
20
1.1851275984251968
11
-0.0052433464566929
21
1.1824301181102361
0
LINE
8
BLACK
6
CONTINUOUS
10
-0.0052433464566929
20
1.1824301181102361
11
-0.0052433464566929
21
1.1763251574803149
0
LINE
8
BLACK
6
CONTINUOUS
10
-0.0052433464566929
20
1.1763251574803149
11
-0.0038946062992126
21
1.1736276771653542
0
LINE
8
BLACK
6
CONTINUOUS
10
-0.0038946062992126
20
1.1736276771653542
11
-0.0026974803149606
21
1.1724305511811024
0
LINE
8
BLACK
6
CONTINUOUS
10
-0.0026974803149606
20
1.1724305511811024
11
0.
21
1.1710818110236221
0
LINE
8
BLACK
6
CONTINUOUS
10
0.
20
1.1710818110236221
11
0.0079797244094488
21
1.1710818110236221
0
LINE
8
BLACK
6
CONTINUOUS
10
0.0079797244094488
20
1.1710818110236221
11
0.0106772047244094
21
1.1724305511811024
0
LINE
8
BLACK
6
CONTINUOUS
10
0.0106772047244094
20
1.1724305511811024
11
0.0118743307086614
21
1.1736276771653542
0
LINE
8
BLACK
6
CONTINUOUS
10
0.0118743307086614
20
1.1736276771653542
11
0.0132230708661417
21
1.1763251574803149
0
LINE
8
BLACK
6
CONTINUOUS
10
0.0132230708661417
20
1.1763251574803149
11
0.0132230708661417
21
1.1824301181102361
0
LINE
8
BLACK
6
CONTINUOUS
10
0.0132230708661417
20
1.1824301181102361
11
0.0118743307086614
21
1.1851275984251968
0
LINE
8
BLACK
6
CONTINUOUS
10
0.0118743307086614
20
1.1851275984251968
11
0.0106772047244094
21
1.1863247244094488
0
LINE
8
BLACK
6
CONTINUOUS
10
0.0106772047244094
20
1.1863247244094488
11
0.0079797244094488
21
1.1876734645669291
0
LINE
8
BLACK
6
CONTINUOUS
10
0.0079797244094488
20
1.1876734645669291
11
0.
21
1.1876734645669291
0
LINE
8
BLACK
6
CONTINUOUS
10
0.
20
1.1876734645669291
11
-0.0026974803149606
21
1.1863247244094488
0
LINE
8
BLACK
6
CONTINUOUS
10
3.1726910629921261
20
1.2137037401574804
11
3.1735057086614171
21
1.2128890944881889
0
LINE
8
BLACK
6
CONTINUOUS
10
3.1735057086614171
20
1.2128890944881889
11
3.1739466141732282
21
1.2118246850393701
0
LINE
8
BLACK
6
CONTINUOUS
10
3.1739466141732282
20
1.2118246850393701
11
3.174003346456693
21
1.211248622047244
0
LINE
8
BLACK
6
CONTINUOUS
10
3.174003346456693
20
1.211248622047244
11
3.174003346456693
21
1.2085770866141732
0
LINE
8
BLACK
6
CONTINUOUS
10
3.174003346456693
20
1.2085770866141732
11
3.1841739763779526
21
1.2085770866141732
0
LINE
8
BLACK
6
CONTINUOUS
10
3.1841739763779526
20
1.2085770866141732
11
3.1847500393700785
21
1.2085203543307086
0
LINE
8
BLACK
6
CONTINUOUS
10
3.1847500393700785
20
1.2085203543307086
11
3.1858144488188977
21
1.2080794488188975
0
LINE
8
BLACK
6
CONTINUOUS
10
3.1858144488188977
20
1.2080794488188975
11
3.1866290944881888
21
1.2072648031496063
0
LINE
8
BLACK
6
CONTINUOUS
10
3.1866290944881888
20
1.2072648031496063
11
3.1870699999999998
21
1.2062003937007875
0
LINE
8
BLACK
6
CONTINUOUS
10
3.1870699999999998
20
1.2062003937007875
11
3.1870699999999998
21
1.2050482677165355
0
LINE
8
BLACK
6
CONTINUOUS
10
3.1870699999999998
20
1.2050482677165355
11
3.1866290944881888
21
1.2039838582677165
0
LINE
8
BLACK
6
CONTINUOUS
10
3.1866290944881888
20
1.2039838582677165
11
3.1858144488188977
21
1.2031692125984252
0
LINE
8
BLACK
6
CONTINUOUS
10
3.1858144488188977
20
1.2031692125984252
11
3.1847500393700785
21
1.2027283070866142
0
LINE
8
BLACK
6
CONTINUOUS
10
3.1847500393700785
20
1.2027283070866142
11
3.1841739763779526
21
1.2026715748031496
0
LINE
8
BLACK
6
CONTINUOUS
10
3.1841739763779526
20
1.2026715748031496
11
3.174003346456693
21
1.2026715748031496
0
LINE
8
BLACK
6
CONTINUOUS
10
3.174003346456693
20
1.2026715748031496
11
3.174003346456693
21
1.1868766929133858
0
LINE
8
BLACK
6
CONTINUOUS
10
3.174003346456693
20
1.1868766929133858
11
3.1739746062992125
21
1.186585157480315
0
LINE
8
BLACK
6
CONTINUOUS
10
3.1739746062992125
20
1.186585157480315
11
3.1739801574803148
21
1.1865074015748032
0
LINE
8
BLACK
6
CONTINUOUS
10
3.1739801574803148
20
1.1865074015748032
11
3.1739614173228348
21
1.1864512992125984
0
LINE
8
BLACK
6
CONTINUOUS
10
3.1739614173228348
20
1.1864512992125984
11
3.1739466141732282
21
1.1863006299212597
0
LINE
8
BLACK
6
CONTINUOUS
10
3.1739466141732282
20
1.1863006299212597
11
3.1737654330708662
21
1.1858632677165355
0
LINE
8
BLACK
6
CONTINUOUS
10
3.1737654330708662
20
1.1858632677165355
11
3.1736158267716537
21
1.1854144094488188
0
LINE
8
BLACK
6
CONTINUOUS
10
3.1736158267716537
20
1.1854144094488188
11
3.1735462992125982
21
1.1853342913385827
0
LINE
8
BLACK
6
CONTINUOUS
10
3.1735462992125982
20
1.1853342913385827
11
3.1735057086614171
21
1.1852362204724409
0
LINE
8
BLACK
6
CONTINUOUS
10
3.1735057086614171
20
1.1852362204724409
11
3.1731709448818899
21
1.184901496062992
0
LINE
8
BLACK
6
CONTINUOUS
10
3.1731709448818899
20
1.184901496062992
11
3.1728609448818896
21
1.1845440157480314
0
LINE
8
BLACK
6
CONTINUOUS
10
3.1728609448818896
20
1.1845440157480314
11
3.1727660629921259
21
1.1844966141732283
0
LINE
8
BLACK
6
CONTINUOUS
10
3.1727660629921259
20
1.1844966141732283
11
3.1726910629921261
21
1.1844215748031495
0
LINE
8
BLACK
6
CONTINUOUS
10
3.1726910629921261
20
1.1844215748031495
11
3.1722535826771652
21
1.1842403937007873
0
LINE
8
BLACK
6
CONTINUOUS
10
3.1722535826771652
20
1.1842403937007873
11
3.171830472440945
21
1.1840288188976378
0
LINE
8
BLACK
6
CONTINUOUS
10
3.171830472440945
20
1.1840288188976378
11
3.1717247244094486
21
1.1840213385826772
0
LINE
8
BLACK
6
CONTINUOUS
10
3.1717247244094486
20
1.1840213385826772
11
3.1716266535433069
21
1.1839806692913386
0
LINE
8
BLACK
6
CONTINUOUS
10
3.1716266535433069
20
1.1839806692913386
11
3.1711531102362205
21
1.1839806692913386
0
LINE
8
BLACK
6
CONTINUOUS
10
3.1711531102362205
20
1.1839806692913386
11
3.1706812598425196
21
1.183947125984252
0
LINE
8
BLACK
6
CONTINUOUS
10
3.1706812598425196
20
1.183947125984252
11
3.1705337401574805
21
1.1839806692913386
0
LINE
8
BLACK
6
CONTINUOUS
10
3.1705337401574805
20
1.1839806692913386
11
3.1704745275590551
21
1.1839806692913386
0
LINE
8
BLACK
6
CONTINUOUS
10
3.1704745275590551
20
1.1839806692913386
11
3.1704024409448817
21
1.1840105511811023
0
LINE
8
BLACK
6
CONTINUOUS
10
3.1704024409448817
20
1.1840105511811023
11
3.1701168110236222
21
1.1840754724409448
0
LINE
8
BLACK
6
CONTINUOUS
10
3.1701168110236222
20
1.1840754724409448
11
3.1419953937007872
21
1.1934492913385826
0
LINE
8
BLACK
6
CONTINUOUS
10
3.1419953937007872
20
1.1934492913385826
11
3.1414668110236219
21
1.1936852755905512
0
LINE
8
BLACK
6
CONTINUOUS
10
3.1414668110236219
20
1.1936852755905512
11
3.1405964566929132
21
1.194440157480315
0
LINE
8
BLACK
6
CONTINUOUS
10
3.1405964566929132
20
1.194440157480315
11
3.1400812598425194
21
1.1954705905511811
0
LINE
8
BLACK
6
CONTINUOUS
10
3.1400812598425194
20
1.1954705905511811
11
3.1399995669291338
21
1.1966198031496063
0
LINE
8
BLACK
6
CONTINUOUS
10
3.1399995669291338
20
1.1966198031496063
11
3.140363897637795
21
1.1977128346456694
0
LINE
8
BLACK
6
CONTINUOUS
10
3.140363897637795
20
1.1977128346456694
11
3.141118779527559
21
1.1985831889763778
0
LINE
8
BLACK
6
CONTINUOUS
10
3.141118779527559
20
1.1985831889763778
11
3.1421492125984249
21
1.1990983858267716
0
LINE
8
BLACK
6
CONTINUOUS
10
3.1421492125984249
20
1.1990983858267716
11
3.1432984251968503
21
1.1991800787401574
0
LINE
8
BLACK
6
CONTINUOUS
10
3.1432984251968503
20
1.1991800787401574
11
3.1438628740157482
21
1.1990517322834646
0
LINE
8
BLACK
6
CONTINUOUS
10
3.1438628740157482
20
1.1990517322834646
11
3.1680978346456694
21
1.1909734251968505
0
LINE
8
BLACK
6
CONTINUOUS
10
3.1680978346456694
20
1.1909734251968505
11
3.1680978346456694
21
1.2026715748031496
0
LINE
8
BLACK
6
CONTINUOUS
10
3.1680978346456694
20
1.2026715748031496
11
3.1579272440944881
21
1.2026715748031496
0
LINE
8
BLACK
6
CONTINUOUS
10
3.1579272440944881
20
1.2026715748031496
11
3.1573511811023622
21
1.2027283070866142
0
LINE
8
BLACK
6
CONTINUOUS
10
3.1573511811023622
20
1.2027283070866142
11
3.1562867716535434
21
1.2031692125984252
0
LINE
8
BLACK
6
CONTINUOUS
10
3.1562867716535434
20
1.2031692125984252
11
3.155472125984252
21
1.2039838582677165
0
LINE
8
BLACK
6
CONTINUOUS
10
3.155472125984252
20
1.2039838582677165
11
3.1550312204724409
21
1.2050482677165355
0
LINE
8
BLACK
6
CONTINUOUS
10
3.1550312204724409
20
1.2050482677165355
11
3.1550312204724409
21
1.2062003937007875
0
LINE
8
BLACK
6
CONTINUOUS
10
3.1550312204724409
20
1.2062003937007875
11
3.155472125984252
21
1.2072648031496063
0
LINE
8
BLACK
6
CONTINUOUS
10
3.155472125984252
20
1.2072648031496063
11
3.1562867716535434
21
1.2080794488188975
0
LINE
8
BLACK
6
CONTINUOUS
10
3.1562867716535434
20
1.2080794488188975
11
3.1573511811023622
21
1.2085203543307086
0
LINE
8
BLACK
6
CONTINUOUS
10
3.1573511811023622
20
1.2085203543307086
11
3.1579272440944881
21
1.2085770866141732
0
LINE
8
BLACK
6
CONTINUOUS
10
3.1579272440944881
20
1.2085770866141732
11
3.1680978346456694
21
1.2085770866141732
0
LINE
8
BLACK
6
CONTINUOUS
10
3.1680978346456694
20
1.2085770866141732
11
3.1680978346456694
21
1.211248622047244
0
LINE
8
BLACK
6
CONTINUOUS
10
3.1680978346456694
20
1.211248622047244
11
3.1681545669291338
21
1.2118246850393701
0
LINE
8
BLACK
6
CONTINUOUS
10
3.1681545669291338
20
1.2118246850393701
11
3.1685954724409449
21
1.2128890944881889
0
LINE
8
BLACK
6
CONTINUOUS
10
3.1685954724409449
20
1.2128890944881889
11
3.1694101181102363
21
1.2137037401574804
0
LINE
8
BLACK
6
CONTINUOUS
10
3.1694101181102363
20
1.2137037401574804
11
3.1704745275590551
21
1.2141446456692913
0
LINE
8
BLACK
6
CONTINUOUS
10
3.1704745275590551
20
1.2141446456692913
11
3.1716266535433069
21
1.2141446456692913
0
LINE
8
BLACK
6
CONTINUOUS
10
3.1716266535433069
20
1.2141446456692913
11
3.1726910629921261
21
1.2137037401574804
0
LINE
8
BLACK
6
CONTINUOUS
10
0.0033440157480315
20
1.231045590551181
11
0.0034217716535433
21
1.2310511023622046
0
LINE
8
BLACK
6
CONTINUOUS
10
0.0034217716535433
20
1.2310511023622046
11
0.0035240157480315
21
1.2310278740157481
0
LINE
8
BLACK
6
CONTINUOUS
10
0.0035240157480315
20
1.2310278740157481
11
0.0036285433070866
21
1.231017559055118
0
LINE
8
BLACK
6
CONTINUOUS
10
0.0036285433070866
20
1.231017559055118
11
0.0037006299212598
21
1.230987716535433
0
LINE
8
BLACK
6
CONTINUOUS
10
0.0037006299212598
20
1.230987716535433
11
0.0039862204724409
21
1.2309227559055118
0
LINE
8
BLACK
6
CONTINUOUS
10
0.0039862204724409
20
1.2309227559055118
11
0.0096105118110236
21
1.2290479921259843
0
LINE
8
BLACK
6
CONTINUOUS
10
0.0096105118110236
20
1.2290479921259843
11
0.0101390551181102
21
1.2288120078740157
0
LINE
8
BLACK
6
CONTINUOUS
10
0.0101390551181102
20
1.2288120078740157
11
0.0102191732283465
21
1.2287425196850394
0
LINE
8
BLACK
6
CONTINUOUS
10
0.0102191732283465
20
1.2287425196850394
11
0.0103172440944882
21
1.2287018897637796
0
LINE
8
BLACK
6
CONTINUOUS
10
0.0103172440944882
20
1.2287018897637796
11
0.0107646850393701
21
1.2283346850393702
0
LINE
8
BLACK
6
CONTINUOUS
10
0.0107646850393701
20
1.2283346850393702
11
0.0282212204724409
21
1.210878188976378
0
LINE
8
BLACK
6
CONTINUOUS
10
0.0282212204724409
20
1.210878188976378
11
0.0282212204724409
21
1.2281215354330708
0
LINE
8
BLACK
6
CONTINUOUS
10
0.0282212204724409
20
1.2281215354330708
11
0.0282779527559055
21
1.2286975984251969
0
LINE
8
BLACK
6
CONTINUOUS
10
0.0282779527559055
20
1.2286975984251969
11
0.0287188582677165
21
1.2297620078740157
0
LINE
8
BLACK
6
CONTINUOUS
10
0.0287188582677165
20
1.2297620078740157
11
0.0295335039370079
21
1.2305766535433071
0
LINE
8
BLACK
6
CONTINUOUS
10
0.0295335039370079
20
1.2305766535433071
11
0.0305979133858268
21
1.231017559055118
0
LINE
8
BLACK
6
CONTINUOUS
10
0.0305979133858268
20
1.231017559055118
11
0.0317500393700787
21
1.231017559055118
0
LINE
8
BLACK
6
CONTINUOUS
10
0.0317500393700787
20
1.231017559055118
11
0.0328144488188976
21
1.2305766535433071
0
LINE
8
BLACK
6
CONTINUOUS
10
0.0328144488188976
20
1.2305766535433071
11
0.033629094488189
21
1.2297620078740157
0
LINE
8
BLACK
6
CONTINUOUS
10
0.033629094488189
20
1.2297620078740157
11
0.03407
21
1.2286975984251969
0
LINE
8
BLACK
6
CONTINUOUS
10
0.03407
20
1.2286975984251969
11
0.0341267322834646
21
1.2281215354330708
0
LINE
8
BLACK
6
CONTINUOUS
10
0.0341267322834646
20
1.2281215354330708
11
0.0341267322834646
21
1.2037496062992126
0
LINE
8
BLACK
6
CONTINUOUS
10
0.0341267322834646
20
1.2037496062992126
11
0.03407
21
1.2031735433070865
0
LINE
8
BLACK
6
CONTINUOUS
10
0.03407
20
1.2031735433070865
11
0.0339408661417323
21
1.202861811023622
0
LINE
8
BLACK
6
CONTINUOUS
10
0.0339408661417323
20
1.202861811023622
11
0.0336291338582677
21
1.2021091338582677
0
LINE
8
BLACK
6
CONTINUOUS
10
0.0336291338582677
20
1.2021091338582677
11
0.0328144488188976
21
1.2012944881889764
0
LINE
8
BLACK
6
CONTINUOUS
10
0.0328144488188976
20
1.2012944881889764
11
0.0317500393700787
21
1.2008535826771654
0
LINE
8
BLACK
6
CONTINUOUS
10
0.0317500393700787
20
1.2008535826771654
11
0.0305979527559055
21
1.2008535826771654
0
LINE
8
BLACK
6
CONTINUOUS
10
0.0305979527559055
20
1.2008535826771654
11
0.0305979133858268
21
1.2008535826771654
0
LINE
8
BLACK
6
CONTINUOUS
10
0.0305979133858268
20
1.2008535826771654
11
0.0302861417322835
21
1.200982716535433
0
LINE
8
BLACK
6
CONTINUOUS
10
0.0302861417322835
20
1.200982716535433
11
0.0295335039370079
21
1.2012944488188977
0
LINE
8
BLACK
6
CONTINUOUS
10
0.0295335039370079
20
1.2012944488188977
11
0.029086062992126
21
1.2016616929133859
0
LINE
8
BLACK
6
CONTINUOUS
10
0.029086062992126
20
1.2016616929133859
11
0.0070817322834646
21
1.2236659842519684
0
LINE
8
BLACK
6
CONTINUOUS
10
0.0070817322834646
20
1.2236659842519684
11
0.0025733464566929
21
1.225168779527559
0
LINE
8
BLACK
6
CONTINUOUS
10
0.0025733464566929
20
1.225168779527559
11
0.
21
1.225168779527559
0
LINE
8
BLACK
6
CONTINUOUS
10
0.
20
1.225168779527559
11
-0.0026974803149606
21
1.2238200393700787
0
LINE
8
BLACK
6
CONTINUOUS
10
-0.0026974803149606
20
1.2238200393700787
11
-0.0038946062992126
21
1.2226229133858268
0
LINE
8
BLACK
6
CONTINUOUS
10
-0.0038946062992126
20
1.2226229133858268
11
-0.0052433464566929
21
1.2199254330708662
0
LINE
8
BLACK
6
CONTINUOUS
10
-0.0052433464566929
20
1.2199254330708662
11
-0.0052433464566929
21
1.2119457086614174
0
LINE
8
BLACK
6
CONTINUOUS
10
-0.0052433464566929
20
1.2119457086614174
11
-0.0038946062992126
21
1.2092482283464567
0
LINE
8
BLACK
6
CONTINUOUS
10
-0.0038946062992126
20
1.2092482283464567
11
-0.0023586614173228
21
1.2077122834645668
0
LINE
8
BLACK
6
CONTINUOUS
10
-0.0023586614173228
20
1.2077122834645668
11
-0.0019914566929134
21
1.207264842519685
0
LINE
8
BLACK
6
CONTINUOUS
10
-0.0019914566929134
20
1.207264842519685
11
-0.0015505511811024
21
1.2062004330708662
0
LINE
8
BLACK
6
CONTINUOUS
10
-0.0015505511811024
20
1.2062004330708662
11
-0.0015505511811024
21
1.2050483464566928
0
LINE
8
BLACK
6
CONTINUOUS
10
-0.0015505511811024
20
1.2050483464566928
11
-0.0019914566929134
21
1.203983937007874
0
LINE
8
BLACK
6
CONTINUOUS
10
-0.0019914566929134
20
1.203983937007874
11
-0.0028061417322835
21
1.203169251968504
0
LINE
8
BLACK
6
CONTINUOUS
10
-0.0028061417322835
20
1.203169251968504
11
-0.0038705511811024
21
1.2027283464566929
0
LINE
8
BLACK
6
CONTINUOUS
10
-0.0038705511811024
20
1.2027283464566929
11
-0.0050226377952756
21
1.2027283464566929
0
LINE
8
BLACK
6
CONTINUOUS
10
-0.0050226377952756
20
1.2027283464566929
11
-0.0060870472440945
21
1.203169251968504
0
LINE
8
BLACK
6
CONTINUOUS
10
-0.0060870472440945
20
1.203169251968504
11
-0.0065344881889764
21
1.2035364566929134
0
LINE
8
BLACK
6
CONTINUOUS
10
-0.0065344881889764
20
1.2035364566929134
11
-0.0084092519685039
21
1.205411220472441
0
LINE
8
BLACK
6
CONTINUOUS
10
-0.0084092519685039
20
1.205411220472441
11
-0.0085950393700787
21
1.2056375984251968
0
LINE
8
BLACK
6
CONTINUOUS
10
-0.0085950393700787
20
1.2056375984251968
11
-0.0086540157480315
21
1.2056887401574803
0
LINE
8
BLACK
6
CONTINUOUS
10
-0.0086540157480315
20
1.2056887401574803
11
-0.00871
21
1.2057777165354331
0
LINE
8
BLACK
6
CONTINUOUS
10
-0.00871
20
1.2057777165354331
11
-0.0087764566929134
21
1.2058586614173228
0
LINE
8
BLACK
6
CONTINUOUS
10
-0.0087764566929134
20
1.2058586614173228
11
-0.0088062992125984
21
1.2059306299212598
0
LINE
8
BLACK
6
CONTINUOUS
10
-0.0088062992125984
20
1.2059306299212598
11
-0.0089623622047244
21
1.2061786220472441
0
LINE
8
BLACK
6
CONTINUOUS
10
-0.0089623622047244
20
1.2061786220472441
11
-0.010837125984252
21
1.2099281496062992
0
LINE
8
BLACK
6
CONTINUOUS
10
-0.010837125984252
20
1.2099281496062992
11
-0.0110440157480315
21
1.210468779527559
0
LINE
8
BLACK
6
CONTINUOUS
10
-0.0110440157480315
20
1.210468779527559
11
-0.0110515354330709
21
1.2105746062992127
0
LINE
8
BLACK
6
CONTINUOUS
10
-0.0110515354330709
20
1.2105746062992127
11
-0.011092125984252
21
1.2106725984251969
0
LINE
8
BLACK
6
CONTINUOUS
10
-0.011092125984252
20
1.2106725984251969
11
-0.0111488582677165
21
1.2112486614173228
0
LINE
8
BLACK
6
CONTINUOUS
10
-0.0111488582677165
20
1.2112486614173228
11
-0.0111488582677165
21
1.2206224803149606
0
LINE
8
BLACK
6
CONTINUOUS
10
-0.0111488582677165
20
1.2206224803149606
11
-0.011092125984252
21
1.2211985433070867
0
LINE
8
BLACK
6
CONTINUOUS
10
-0.011092125984252
20
1.2211985433070867
11
-0.0110515354330709
21
1.2212965748031497
0
LINE
8
BLACK
6
CONTINUOUS
10
-0.0110515354330709
20
1.2212965748031497
11
-0.0110440157480315
21
1.2214023622047243
0
LINE
8
BLACK
6
CONTINUOUS
10
-0.0110440157480315
20
1.2214023622047243
11
-0.010837125984252
21
1.2219429921259841
0
LINE
8
BLACK
6
CONTINUOUS
10
-0.010837125984252
20
1.2219429921259841
11
-0.0089623622047244
21
1.2256925196850394
0
LINE
8
BLACK
6
CONTINUOUS
10
-0.0089623622047244
20
1.2256925196850394
11
-0.0088062992125984
21
1.2259405511811023
0
LINE
8
BLACK
6
CONTINUOUS
10
-0.0088062992125984
20
1.2259405511811023
11
-0.0087764566929134
21
1.2260124803149606
0
LINE
8
BLACK
6
CONTINUOUS
10
-0.0087764566929134
20
1.2260124803149606
11
-0.00871
21
1.226093464566929
0
LINE
8
BLACK
6
CONTINUOUS
10
-0.00871
20
1.226093464566929
11
-0.0086540157480315
21
1.2261824015748031
0
LINE
8
BLACK
6
CONTINUOUS
10
-0.0086540157480315
20
1.2261824015748031
11
-0.0085950393700787
21
1.2262335826771653
0
LINE
8
BLACK
6
CONTINUOUS
10
-0.0085950393700787
20
1.2262335826771653
11
-0.0084092519685039
21
1.2264599212598426
0
LINE
8
BLACK
6
CONTINUOUS
10
-0.0084092519685039
20
1.2264599212598426
11
-0.0065344881889764
21
1.2283346850393702
0
LINE
8
BLACK
6
CONTINUOUS
10
-0.0065344881889764
20
1.2283346850393702
11
-0.0063081496062992
21
1.2285204724409449
0
LINE
8
BLACK
6
CONTINUOUS
10
-0.0063081496062992
20
1.2285204724409449
11
-0.006256968503937
21
1.2285794488188977
0
LINE
8
BLACK
6
CONTINUOUS
10
-0.006256968503937
20
1.2285794488188977
11
-0.006168031496063
21
1.2286354330708662
0
LINE
8
BLACK
6
CONTINUOUS
10
-0.006168031496063
20
1.2286354330708662
11
-0.0060870472440945
21
1.2287018897637796
0
LINE
8
BLACK
6
CONTINUOUS
10
-0.0060870472440945
20
1.2287018897637796
11
-0.0060151181102362
21
1.2287317322834646
0
LINE
8
BLACK
6
CONTINUOUS
10
-0.0060151181102362
20
1.2287317322834646
11
-0.0057670866141732
21
1.2288877952755906
0
LINE
8
BLACK
6
CONTINUOUS
10
-0.0057670866141732
20
1.2288877952755906
11
-0.0020175590551181
21
1.2307625590551181
0
LINE
8
BLACK
6
CONTINUOUS
10
-0.0020175590551181
20
1.2307625590551181
11
-0.001476968503937
21
1.2309694488188976
0
LINE
8
BLACK
6
CONTINUOUS
10
-0.001476968503937
20
1.2309694488188976
11
-0.0013711023622047
21
1.2309770078740156
0
LINE
8
BLACK
6
CONTINUOUS
10
-0.0013711023622047
20
1.2309770078740156
11
-0.0012731102362205
21
1.231017559055118
0
LINE
8
BLACK
6
CONTINUOUS
10
-0.0012731102362205
20
1.231017559055118
11
-0.0006970472440945
21
1.2310742913385826
0
LINE
8
BLACK
6
CONTINUOUS
10
-0.0006970472440945
20
1.2310742913385826
11
0.0030524803149606
21
1.2310742913385826
0
LINE
8
BLACK
6
CONTINUOUS
10
0.0030524803149606
20
1.2310742913385826
11
0.0033440157480315
21
1.231045590551181
0
LINE
8
BLACK
6
CONTINUOUS
10
3.1847500393700785
20
1.2928848425196851
11
3.1858144488188977
21
1.292443937007874
0
LINE
8
BLACK
6
CONTINUOUS
10
3.1858144488188977
20
1.292443937007874
11
3.1866290944881888
21
1.2916292913385827
0
LINE
8
BLACK
6
CONTINUOUS
10
3.1866290944881888
20
1.2916292913385827
11
3.1870699999999998
21
1.2905648818897637
0
LINE
8
BLACK
6
CONTINUOUS
10
3.1870699999999998
20
1.2905648818897637
11
3.1870699999999998
21
1.2894127559055117
0
LINE
8
BLACK
6
CONTINUOUS
10
3.1870699999999998
20
1.2894127559055117
11
3.1866290944881888
21
1.2883483464566929
0
LINE
8
BLACK
6
CONTINUOUS
10
3.1866290944881888
20
1.2883483464566929
11
3.1858144488188977
21
1.2875337007874015
0
LINE
8
BLACK
6
CONTINUOUS
10
3.1858144488188977
20
1.2875337007874015
11
3.1847500393700785
21
1.2870927952755906
0
LINE
8
BLACK
6
CONTINUOUS
10
3.1847500393700785
20
1.2870927952755906
11
3.1841739763779526
21
1.287036062992126
0
LINE
8
BLACK
6
CONTINUOUS
10
3.1841739763779526
20
1.287036062992126
11
3.1642485826771654
21
1.287036062992126
0
LINE
8
BLACK
6
CONTINUOUS
10
3.1642485826771654
20
1.287036062992126
11
3.1620028346456692
21
1.2859132283464567
0
LINE
8
BLACK
6
CONTINUOUS
10
3.1620028346456692
20
1.2859132283464567
11
3.1608800000000001
21
1.2836674803149606
0
LINE
8
BLACK
6
CONTINUOUS
10
3.1608800000000001
20
1.2836674803149606
11
3.1608800000000001
21
1.2794372440944881
0
LINE
8
BLACK
6
CONTINUOUS
10
3.1608800000000001
20
1.2794372440944881
11
3.1620028346456692
21
1.2771915354330707
0
LINE
8
BLACK
6
CONTINUOUS
10
3.1620028346456692
20
1.2771915354330707
11
3.1642485826771654
21
1.2760686614173229
0
LINE
8
BLACK
6
CONTINUOUS
10
3.1642485826771654
20
1.2760686614173229
11
3.1841739763779526
21
1.2760686614173229
0
LINE
8
BLACK
6
CONTINUOUS
10
3.1841739763779526
20
1.2760686614173229
11
3.1847500393700785
21
1.2760119291338583
0
LINE
8
BLACK
6
CONTINUOUS
10
3.1847500393700785
20
1.2760119291338583
11
3.1858144488188977
21
1.2755710236220472
0
LINE
8
BLACK
6
CONTINUOUS
10
3.1858144488188977
20
1.2755710236220472
11
3.1866290944881888
21
1.274756377952756
0
LINE
8
BLACK
6
CONTINUOUS
10
3.1866290944881888
20
1.274756377952756
11
3.1870699999999998
21
1.273691968503937
0
LINE
8
BLACK
6
CONTINUOUS
10
3.1870699999999998
20
1.273691968503937
11
3.1870699999999998
21
1.272539842519685
0
LINE
8
BLACK
6
CONTINUOUS
10
3.1870699999999998
20
1.272539842519685
11
3.1866290944881888
21
1.2714754330708662
0
LINE
8
BLACK
6
CONTINUOUS
10
3.1866290944881888
20
1.2714754330708662
11
3.1858144488188977
21
1.2706607874015747
0
LINE
8
BLACK
6
CONTINUOUS
10
3.1858144488188977
20
1.2706607874015747
11
3.1847500393700785
21
1.2702198818897636
0
LINE
8
BLACK
6
CONTINUOUS
10
3.1847500393700785
20
1.2702198818897636
11
3.1841739763779526
21
1.2701631496062993
0
LINE
8
BLACK
6
CONTINUOUS
10
3.1841739763779526
20
1.2701631496062993
11
3.1642485826771654
21
1.2701631496062993
0
LINE
8
BLACK
6
CONTINUOUS
10
3.1642485826771654
20
1.2701631496062993
11
3.1620028346456692
21
1.26904031496063
0
LINE
8
BLACK
6
CONTINUOUS
10
3.1620028346456692
20
1.26904031496063
11
3.1608800000000001
21
1.2667945669291338
0
LINE
8
BLACK
6
CONTINUOUS
10
3.1608800000000001
20
1.2667945669291338
11
3.1608800000000001
21
1.2625643700787401
0
LINE
8
BLACK
6
CONTINUOUS
10
3.1608800000000001
20
1.2625643700787401
11
3.1622287401574805
21
1.2598668897637795
0
LINE
8
BLACK
6
CONTINUOUS
10
3.1622287401574805
20
1.2598668897637795
11
3.162899842519685
21
1.2591957874015747
0
LINE
8
BLACK
6
CONTINUOUS
10
3.162899842519685
20
1.2591957874015747
11
3.1841739763779526
21
1.2591957874015747
0
LINE
8
BLACK
6
CONTINUOUS
10
3.1841739763779526
20
1.2591957874015747
11
3.1847500393700785
21
1.2591390551181103
0
LINE
8
BLACK
6
CONTINUOUS
10
3.1847500393700785
20
1.2591390551181103
11
3.1858144488188977
21
1.2586981496062992
0
LINE
8
BLACK
6
CONTINUOUS
10
3.1858144488188977
20
1.2586981496062992
11
3.1866290944881888
21
1.2578835039370078
0
LINE
8
BLACK
6
CONTINUOUS
10
3.1866290944881888
20
1.2578835039370078
11
3.1870699999999998
21
1.256819094488189
0
LINE
8
BLACK
6
CONTINUOUS
10
3.1870699999999998
20
1.256819094488189
11
3.1870699999999998
21
1.255666968503937
0
LINE
8
BLACK
6
CONTINUOUS
10
3.1870699999999998
20
1.255666968503937
11
3.1866290944881888
21
1.254602559055118
0
LINE
8
BLACK
6
CONTINUOUS
10
3.1866290944881888
20
1.254602559055118
11
3.1858144488188977
21
1.2537879133858267
0
LINE
8
BLACK
6
CONTINUOUS
10
3.1858144488188977
20
1.2537879133858267
11
3.1847500393700785
21
1.2533470078740157
0
LINE
8
BLACK
6
CONTINUOUS
10
3.1847500393700785
20
1.2533470078740157
11
3.1841739763779526
21
1.2532902755905511
0
LINE
8
BLACK
6
CONTINUOUS
10
3.1841739763779526
20
1.2532902755905511
11
3.1579272440944881
21
1.2532902755905511
0
LINE
8
BLACK
6
CONTINUOUS
10
3.1579272440944881
20
1.2532902755905511
11
3.1573511811023622
21
1.2533470078740157
0
LINE
8
BLACK
6
CONTINUOUS
10
3.1573511811023622
20
1.2533470078740157
11
3.1562867716535434
21
1.2537879133858267
0
LINE
8
BLACK
6
CONTINUOUS
10
3.1562867716535434
20
1.2537879133858267
11
3.155472125984252
21
1.254602559055118
0
LINE
8
BLACK
6
CONTINUOUS
10
3.155472125984252
20
1.254602559055118
11
3.1550312204724409
21
1.255666968503937
0
LINE
8
BLACK
6
CONTINUOUS
10
3.1550312204724409
20
1.255666968503937
11
3.1550312204724409
21
1.256819094488189
0
LINE
8
BLACK
6
CONTINUOUS
10
3.1550312204724409
20
1.256819094488189
11
3.155472125984252
21
1.2578835039370078
0
LINE
8
BLACK
6
CONTINUOUS
10
3.155472125984252
20
1.2578835039370078
11
3.1562359448818897
21
1.2586473622047243
0
LINE
8
BLACK
6
CONTINUOUS
10
3.1562359448818897
20
1.2586473622047243
11
3.155286220472441
21
1.260546811023622
0
LINE
8
BLACK
6
CONTINUOUS
10
3.155286220472441
20
1.260546811023622
11
3.1550793307086615
21
1.2610874409448818
0
LINE
8
BLACK
6
CONTINUOUS
10
3.1550793307086615
20
1.2610874409448818
11
3.155071811023622
21
1.2611932677165354
0
LINE
8
BLACK
6
CONTINUOUS
10
3.155071811023622
20
1.2611932677165354
11
3.1550312204724409
21
1.2612912598425197
0
LINE
8
BLACK
6
CONTINUOUS
10
3.1550312204724409
20
1.2612912598425197
11
3.1549744881889765
21
1.2618673228346455
0
LINE
8
BLACK
6
CONTINUOUS
10
3.1549744881889765
20
1.2618673228346455
11
3.1549744881889765
21
1.2674916141732284
0
LINE
8
BLACK
6
CONTINUOUS
10
3.1549744881889765
20
1.2674916141732284
11
3.1550312204724409
21
1.2680676771653543
0
LINE
8
BLACK
6
CONTINUOUS
10
3.1550312204724409
20
1.2680676771653543
11
3.155071811023622
21
1.2681657086614173
0
LINE
8
BLACK
6
CONTINUOUS
10
3.155071811023622
20
1.2681657086614173
11
3.1550793307086615
21
1.2682714960629922
0
LINE
8
BLACK
6
CONTINUOUS
10
3.1550793307086615
20
1.2682714960629922
11
3.155286220472441
21
1.268812125984252
0
LINE
8
BLACK
6
CONTINUOUS
10
3.155286220472441
20
1.268812125984252
11
3.1571609842519686
21
1.2725616535433071
0
LINE
8
BLACK
6
CONTINUOUS
10
3.1571609842519686
20
1.2725616535433071
11
3.1572216141732281
21
1.2726580314960629
0
LINE
8
BLACK
6
CONTINUOUS
10
3.1572216141732281
20
1.2726580314960629
11
3.1572367716535434
21
1.2727034251968503
0
LINE
8
BLACK
6
CONTINUOUS
10
3.1572367716535434
20
1.2727034251968503
11
3.157285787401575
21
1.2727599999999999
0
LINE
8
BLACK
6
CONTINUOUS
10
3.157285787401575
20
1.2727599999999999
11
3.1574693307086612
21
1.2730515354330709
0
LINE
8
BLACK
6
CONTINUOUS
10
3.1574693307086612
20
1.2730515354330709
11
3.1575435433070864
21
1.2731159055118111
0
LINE
8
BLACK
6
CONTINUOUS
10
3.1575435433070864
20
1.2731159055118111
11
3.1574693307086612
21
1.2731802755905512
0
LINE
8
BLACK
6
CONTINUOUS
10
3.1574693307086612
20
1.2731802755905512
11
3.157285787401575
21
1.2734718503937008
0
LINE
8
BLACK
6
CONTINUOUS
10
3.157285787401575
20
1.2734718503937008
11
3.1572367716535434
21
1.2735283858267716
0
LINE
8
BLACK
6
CONTINUOUS
10
3.1572367716535434
20
1.2735283858267716
11
3.1572216141732281
21
1.2735738188976378
0
LINE
8
BLACK
6
CONTINUOUS
10
3.1572216141732281
20
1.2735738188976378
11
3.1571609842519686
21
1.2736701574803149
0
LINE
8
BLACK
6
CONTINUOUS
10
3.1571609842519686
20
1.2736701574803149
11
3.155286220472441
21
1.27741968503937
0
LINE
8
BLACK
6
CONTINUOUS
10
3.155286220472441
20
1.27741968503937
11
3.1550793307086615
21
1.2779603149606298
0
LINE
8
BLACK
6
CONTINUOUS
10
3.1550793307086615
20
1.2779603149606298
11
3.155071811023622
21
1.2780661417322834
0
LINE
8
BLACK
6
CONTINUOUS
10
3.155071811023622
20
1.2780661417322834
11
3.1550312204724409
21
1.2781641338582677
0
LINE
8
BLACK
6
CONTINUOUS
10
3.1550312204724409
20
1.2781641338582677
11
3.1549744881889765
21
1.2787401968503938
0
LINE
8
BLACK
6
CONTINUOUS
10
3.1549744881889765
20
1.2787401968503938
11
3.1549744881889765
21
1.2843644881889764
0
LINE
8
BLACK
6
CONTINUOUS
10
3.1549744881889765
20
1.2843644881889764
11
3.1550312204724409
21
1.2849405511811023
0
LINE
8
BLACK
6
CONTINUOUS
10
3.1550312204724409
20
1.2849405511811023
11
3.155071811023622
21
1.2850385826771653
0
LINE
8
BLACK
6
CONTINUOUS
10
3.155071811023622
20
1.2850385826771653
11
3.1550793307086615
21
1.2851443700787402
0
LINE
8
BLACK
6
CONTINUOUS
10
3.1550793307086615
20
1.2851443700787402
11
3.155286220472441
21
1.285685
0
LINE
8
BLACK
6
CONTINUOUS
10
3.155286220472441
20
1.285685
11
3.1571609842519686
21
1.2894345669291338
0
LINE
8
BLACK
6
CONTINUOUS
10
3.1571609842519686
20
1.2894345669291338
11
3.1572216141732281
21
1.2895309055118109
0
LINE
8
BLACK
6
CONTINUOUS
10
3.1572216141732281
20
1.2895309055118109
11
3.1572367716535434
21
1.2895763385826771
0
LINE
8
BLACK
6
CONTINUOUS
10
3.1572367716535434
20
1.2895763385826771
11
3.1572858267716533
21
1.2896329527559054
0
LINE
8
BLACK
6
CONTINUOUS
10
3.1572858267716533
20
1.2896329527559054
11
3.1574693307086612
21
1.2899244094488189
0
LINE
8
BLACK
6
CONTINUOUS
10
3.1574693307086612
20
1.2899244094488189
11
3.1577489370078737
21
1.2901669291338582
0
LINE
8
BLACK
6
CONTINUOUS
10
3.1577489370078737
20
1.2901669291338582
11
3.1579916141732283
21
1.2904467322834645
0
LINE
8
BLACK
6
CONTINUOUS
10
3.1579916141732283
20
1.2904467322834645
11
3.1582831496062993
21
1.2906302755905512
0
LINE
8
BLACK
6
CONTINUOUS
10
3.1582831496062993
20
1.2906302755905512
11
3.1583397244094487
21
1.2906792913385827
0
LINE
8
BLACK
6
CONTINUOUS
10
3.1583397244094487
20
1.2906792913385827
11
3.1583851181102363
21
1.2906944488188976
0
LINE
8
BLACK
6
CONTINUOUS
10
3.1583851181102363
20
1.2906944488188976
11
3.1584814960629921
21
1.2907550787401574
0
LINE
8
BLACK
6
CONTINUOUS
10
3.1584814960629921
20
1.2907550787401574
11
3.1622310236220472
21
1.2926298425196849
0
LINE
8
BLACK
6
CONTINUOUS
10
3.1622310236220472
20
1.2926298425196849
11
3.1627716141732285
21
1.2928367322834646
0
LINE
8
BLACK
6
CONTINUOUS
10
3.1627716141732285
20
1.2928367322834646
11
3.1628774803149606
21
1.2928442913385827
0
LINE
8
BLACK
6
CONTINUOUS
10
3.1628774803149606
20
1.2928442913385827
11
3.1629754724409449
21
1.2928848425196851
0
LINE
8
BLACK
6
CONTINUOUS
10
3.1629754724409449
20
1.2928848425196851
11
3.1635515354330708
21
1.2929415748031496
0
LINE
8
BLACK
6
CONTINUOUS
10
3.1635515354330708
20
1.2929415748031496
11
3.1841739763779526
21
1.2929415748031496
0
LINE
8
BLACK
6
CONTINUOUS
10
3.1841739763779526
20
1.2929415748031496
11
3.1847500393700785
21
1.2928848425196851
0
LINE
8
BLACK
6
CONTINUOUS
10
0.0317500393700787
20
1.3116325196850394
11
0.0328144488188976
21
1.3111916141732283
0
LINE
8
BLACK
6
CONTINUOUS
10
0.0328144488188976
20
1.3111916141732283
11
0.033629094488189
21
1.310376968503937
0
LINE
8
BLACK
6
CONTINUOUS
10
0.033629094488189
20
1.310376968503937
11
0.03407
21
1.309312559055118
0
LINE
8
BLACK
6
CONTINUOUS
10
0.03407
20
1.309312559055118
11
0.03407
21
1.308160433070866
0
LINE
8
BLACK
6
CONTINUOUS
10
0.03407
20
1.308160433070866
11
0.033629094488189
21
1.3070960236220472
0
LINE
8
BLACK
6
CONTINUOUS
10
0.033629094488189
20
1.3070960236220472
11
0.0328144488188976
21
1.3062813779527558
0
LINE
8
BLACK
6
CONTINUOUS
10
0.0328144488188976
20
1.3062813779527558
11
0.0317500393700787
21
1.3058404724409449
0
LINE
8
BLACK
6
CONTINUOUS
10
0.0317500393700787
20
1.3058404724409449
11
0.0311739763779528
21
1.3057837401574803
0
LINE
8
BLACK
6
CONTINUOUS
10
0.0311739763779528
20
1.3057837401574803
11
0.0112485826771654
21
1.3057837401574803
0
LINE
8
BLACK
6
CONTINUOUS
10
0.0112485826771654
20
1.3057837401574803
11
0.0090028346456693
21
1.304660905511811
0
LINE
8
BLACK
6
CONTINUOUS
10
0.0090028346456693
20
1.304660905511811
11
0.00788
21
1.3024151574803149
0
LINE
8
BLACK
6
CONTINUOUS
10
0.00788
20
1.3024151574803149
11
0.00788
21
1.2981849212598424
0
LINE
8
BLACK
6
CONTINUOUS
10
0.00788
20
1.2981849212598424
11
0.0090028346456693
21
1.2959392125984253
0
LINE
8
BLACK
6
CONTINUOUS
10
0.0090028346456693
20
1.2959392125984253
11
0.0112485826771654
21
1.2948163385826772
0
LINE
8
BLACK
6
CONTINUOUS
10
0.0112485826771654
20
1.2948163385826772
11
0.0311739763779528
21
1.2948163385826772
0
LINE
8
BLACK
6
CONTINUOUS
10
0.0311739763779528
20
1.2948163385826772
11
0.0317500393700787
21
1.2947596062992126
0
LINE
8
BLACK
6
CONTINUOUS
10
0.0317500393700787
20
1.2947596062992126
11
0.0328144488188976
21
1.2943187007874015
0
LINE
8
BLACK
6
CONTINUOUS
10
0.0328144488188976
20
1.2943187007874015
11
0.033629094488189
21
1.2935040551181103
0
LINE
8
BLACK
6
CONTINUOUS
10
0.033629094488189
20
1.2935040551181103
11
0.03407
21
1.2924396456692913
0
LINE
8
BLACK
6
CONTINUOUS
10
0.03407
20
1.2924396456692913
11
0.03407
21
1.2912875196850393
0
LINE
8
BLACK
6
CONTINUOUS
10
0.03407
20
1.2912875196850393
11
0.033629094488189
21
1.2902231102362205
0
LINE
8
BLACK
6
CONTINUOUS
10
0.033629094488189
20
1.2902231102362205
11
0.0328144488188976
21
1.289408464566929
0
LINE
8
BLACK
6
CONTINUOUS
10
0.0328144488188976
20
1.289408464566929
11
0.0317500393700787
21
1.2889675590551182
0
LINE
8
BLACK
6
CONTINUOUS
10
0.0317500393700787
20
1.2889675590551182
11
0.0311739763779528
21
1.2889108267716536
0
LINE
8
BLACK
6
CONTINUOUS
10
0.0311739763779528
20
1.2889108267716536
11
0.0112485826771654
21
1.2889108267716536
0
LINE
8
BLACK
6
CONTINUOUS
10
0.0112485826771654
20
1.2889108267716536
11
0.0090028346456693
21
1.2877879921259843
0
LINE
8
BLACK
6
CONTINUOUS
10
0.0090028346456693
20
1.2877879921259843
11
0.00788
21
1.2855422440944881
0
LINE
8
BLACK
6
CONTINUOUS
10
0.00788
20
1.2855422440944881
11
0.00788
21
1.2813120472440944
0
LINE
8
BLACK
6
CONTINUOUS
10
0.00788
20
1.2813120472440944
11
0.0092287401574803
21
1.2786145669291338
0
LINE
8
BLACK
6
CONTINUOUS
10
0.0092287401574803
20
1.2786145669291338
11
0.009899842519685
21
1.2779434645669292
0
LINE
8
BLACK
6
CONTINUOUS
10
0.009899842519685
20
1.2779434645669292
11
0.0311739763779528
21
1.2779434645669292
0
LINE
8
BLACK
6
CONTINUOUS
10
0.0311739763779528
20
1.2779434645669292
11
0.0317500393700787
21
1.2778867322834646
0
LINE
8
BLACK
6
CONTINUOUS
10
0.0317500393700787
20
1.2778867322834646
11
0.0328144488188976
21
1.2774458267716535
0
LINE
8
BLACK
6
CONTINUOUS
10
0.0328144488188976
20
1.2774458267716535
11
0.033629094488189
21
1.2766311811023621
0
LINE
8
BLACK
6
CONTINUOUS
10
0.033629094488189
20
1.2766311811023621
11
0.03407
21
1.2755667716535433
0
LINE
8
BLACK
6
CONTINUOUS
10
0.03407
20
1.2755667716535433
11
0.03407
21
1.2744146456692913
0
LINE
8
BLACK
6
CONTINUOUS
10
0.03407
20
1.2744146456692913
11
0.033629094488189
21
1.2733502362204725
0
LINE
8
BLACK
6
CONTINUOUS
10
0.033629094488189
20
1.2733502362204725
11
0.0328144488188976
21
1.272535590551181
0
LINE
8
BLACK
6
CONTINUOUS
10
0.0328144488188976
20
1.272535590551181
11
0.0317500393700787
21
1.27209468503937
0
LINE
8
BLACK
6
CONTINUOUS
10
0.0317500393700787
20
1.27209468503937
11
0.0311739763779528
21
1.2720379527559056
0
LINE
8
BLACK
6
CONTINUOUS
10
0.0311739763779528
20
1.2720379527559056
11
0.0049272440944882
21
1.2720379527559056
0
LINE
8
BLACK
6
CONTINUOUS
10
0.0049272440944882
20
1.2720379527559056
11
0.0043511811023622
21
1.27209468503937
0
LINE
8
BLACK
6
CONTINUOUS
10
0.0043511811023622
20
1.27209468503937
11
0.0032867716535433
21
1.272535590551181
0
LINE
8
BLACK
6
CONTINUOUS
10
0.0032867716535433
20
1.272535590551181
11
0.002472125984252
21
1.2733502362204725
0
LINE
8
BLACK
6
CONTINUOUS
10
0.002472125984252
20
1.2733502362204725
11
0.0020312204724409
21
1.2744146456692913
0
LINE
8
BLACK
6
CONTINUOUS
10
0.0020312204724409
20
1.2744146456692913
11
0.0020312204724409
21
1.2755667716535433
0
LINE
8
BLACK
6
CONTINUOUS
10
0.0020312204724409
20
1.2755667716535433
11
0.002472125984252
21
1.2766311811023621
0
LINE
8
BLACK
6
CONTINUOUS
10
0.002472125984252
20
1.2766311811023621
11
0.0032359448818898
21
1.2773950393700788
0
LINE
8
BLACK
6
CONTINUOUS
10
0.0032359448818898
20
1.2773950393700788
11
0.0022862204724409
21
1.2792944881889763
0
LINE
8
BLACK
6
CONTINUOUS
10
0.0022862204724409
20
1.2792944881889763
11
0.0020793307086614
21
1.2798351181102361
0
LINE
8
BLACK
6
CONTINUOUS
10
0.0020793307086614
20
1.2798351181102361
11
0.002071811023622
21
1.2799409448818897
0
LINE
8
BLACK
6
CONTINUOUS
10
0.002071811023622
20
1.2799409448818897
11
0.0020312204724409
21
1.280038937007874
0
LINE
8
BLACK
6
CONTINUOUS
10
0.0020312204724409
20
1.280038937007874
11
0.0019744881889764
21
1.2806150000000001
0
LINE
8
BLACK
6
CONTINUOUS
10
0.0019744881889764
20
1.2806150000000001
11
0.0019744881889764
21
1.2862392913385827
0
LINE
8
BLACK
6
CONTINUOUS
10
0.0019744881889764
20
1.2862392913385827
11
0.0020312204724409
21
1.2868153543307086
0
LINE
8
BLACK
6
CONTINUOUS
10
0.0020312204724409
20
1.2868153543307086
11
0.002071811023622
21
1.2869133858267716
0
LINE
8
BLACK
6
CONTINUOUS
10
0.002071811023622
20
1.2869133858267716
11
0.0020793307086614
21
1.2870191732283465
0
LINE
8
BLACK
6
CONTINUOUS
10
0.0020793307086614
20
1.2870191732283465
11
0.0022862204724409
21
1.2875598031496063
0
LINE
8
BLACK
6
CONTINUOUS
10
0.0022862204724409
20
1.2875598031496063
11
0.0041609842519685
21
1.2913093307086614
0
LINE
8
BLACK
6
CONTINUOUS
10
0.0041609842519685
20
1.2913093307086614
11
0.0042216141732283
21
1.2914057086614172
0
LINE
8
BLACK
6
CONTINUOUS
10
0.0042216141732283
20
1.2914057086614172
11
0.0042367716535433
21
1.2914511023622046
0
LINE
8
BLACK
6
CONTINUOUS
10
0.0042367716535433
20
1.2914511023622046
11
0.0042857874015748
21
1.2915076771653542
0
LINE
8
BLACK
6
CONTINUOUS
10
0.0042857874015748
20
1.2915076771653542
11
0.0044693307086614
21
1.2917992125984252
0
LINE
8
BLACK
6
CONTINUOUS
10
0.0044693307086614
20
1.2917992125984252
11
0.0045435433070866
21
1.2918635826771654
0
LINE
8
BLACK
6
CONTINUOUS
10
0.0045435433070866
20
1.2918635826771654
11
0.0044693307086614
21
1.2919279527559056
0
LINE
8
BLACK
6
CONTINUOUS
10
0.0044693307086614
20
1.2919279527559056
11
0.0042857874015748
21
1.2922195275590551
0
LINE
8
BLACK
6
CONTINUOUS
10
0.0042857874015748
20
1.2922195275590551
11
0.0042367716535433
21
1.2922760629921259
0
LINE
8
BLACK
6
CONTINUOUS
10
0.0042367716535433
20
1.2922760629921259
11
0.0042216141732283
21
1.2923214960629921
0
LINE
8
BLACK
6
CONTINUOUS
10
0.0042216141732283
20
1.2923214960629921
11
0.0041609842519685
21
1.2924178346456692
0
LINE
8
BLACK
6
CONTINUOUS
10
0.0041609842519685
20
1.2924178346456692
11
0.0022862204724409
21
1.2961673622047243
0
LINE
8
BLACK
6
CONTINUOUS
10
0.0022862204724409
20
1.2961673622047243
11
0.0020793307086614
21
1.2967079921259843
0
LINE
8
BLACK
6
CONTINUOUS
10
0.0020793307086614
20
1.2967079921259843
11
0.002071811023622
21
1.2968138188976377
0
LINE
8
BLACK
6
CONTINUOUS
10
0.002071811023622
20
1.2968138188976377
11
0.0020312204724409
21
1.296911811023622
0
LINE
8
BLACK
6
CONTINUOUS
10
0.0020312204724409
20
1.296911811023622
11
0.0019744881889764
21
1.2974878740157481
0
LINE
8
BLACK
6
CONTINUOUS
10
0.0019744881889764
20
1.2974878740157481
11
0.0019744881889764
21
1.3031121653543307
0
LINE
8
BLACK
6
CONTINUOUS
10
0.0019744881889764
20
1.3031121653543307
11
0.0020312204724409
21
1.3036882283464566
0
LINE
8
BLACK
6
CONTINUOUS
10
0.0020312204724409
20
1.3036882283464566
11
0.002071811023622
21
1.3037862598425196
0
LINE
8
BLACK
6
CONTINUOUS
10
0.002071811023622
20
1.3037862598425196
11
0.0020793307086614
21
1.3038920472440945
0
LINE
8
BLACK
6
CONTINUOUS
10
0.0020793307086614
20
1.3038920472440945
11
0.0022862204724409
21
1.3044326771653543
0
LINE
8
BLACK
6
CONTINUOUS
10
0.0022862204724409
20
1.3044326771653543
11
0.0041609842519685
21
1.3081822440944881
0
LINE
8
BLACK
6
CONTINUOUS
10
0.0041609842519685
20
1.3081822440944881
11
0.0042216141732283
21
1.3082785826771652
0
LINE
8
BLACK
6
CONTINUOUS
10
0.0042216141732283
20
1.3082785826771652
11
0.0042367716535433
21
1.3083240157480314
0
LINE
8
BLACK
6
CONTINUOUS
10
0.0042367716535433
20
1.3083240157480314
11
0.0042858267716535
21
1.3083806299212599
0
LINE
8
BLACK
6
CONTINUOUS
10
0.0042858267716535
20
1.3083806299212599
11
0.0044693307086614
21
1.3086720866141732
0
LINE
8
BLACK
6
CONTINUOUS
10
0.0044693307086614
20
1.3086720866141732
11
0.004748937007874
21
1.3089146062992125
0
LINE
8
BLACK
6
CONTINUOUS
10
0.004748937007874
20
1.3089146062992125
11
0.0049916141732283
21
1.3091944094488188
0
LINE
8
BLACK
6
CONTINUOUS
10
0.0049916141732283
20
1.3091944094488188
11
0.0052831496062992
21
1.3093779527559055
0
LINE
8
BLACK
6
CONTINUOUS
10
0.0052831496062992
20
1.3093779527559055
11
0.0053397244094488
21
1.309426968503937
0
LINE
8
BLACK
6
CONTINUOUS
10
0.0053397244094488
20
1.309426968503937
11
0.0053851181102362
21
1.3094421259842519
0
LINE
8
BLACK
6
CONTINUOUS
10
0.0053851181102362
20
1.3094421259842519
11
0.0054814960629921
21
1.3095027559055117
0
LINE
8
BLACK
6
CONTINUOUS
10
0.0054814960629921
20
1.3095027559055117
11
0.0092310236220472
21
1.3113775196850392
0
LINE
8
BLACK
6
CONTINUOUS
10
0.0092310236220472
20
1.3113775196850392
11
0.0097716141732283
21
1.3115844094488189
0
LINE
8
BLACK
6
CONTINUOUS
10
0.0097716141732283
20
1.3115844094488189
11
0.0098774803149606
21
1.311591968503937
0
LINE
8
BLACK
6
CONTINUOUS
10
0.0098774803149606
20
1.311591968503937
11
0.0099754724409449
21
1.3116325196850394
0
LINE
8
BLACK
6
CONTINUOUS
10
0.0099754724409449
20
1.3116325196850394
11
0.0105515354330709
21
1.3116892519685039
0
LINE
8
BLACK
6
CONTINUOUS
10
0.0105515354330709
20
1.3116892519685039
11
0.0311739763779528
21
1.3116892519685039
0
LINE
8
BLACK
6
CONTINUOUS
10
0.0311739763779528
20
1.3116892519685039
11
0.0317500393700787
21
1.3116325196850394
0
LINE
8
BLACK
6
CONTINUOUS
10
3.1847500393700785
20
1.3453782677165353
11
3.1858144488188977
21
1.3449373622047245
0
LINE
8
BLACK
6
CONTINUOUS
10
3.1858144488188977
20
1.3449373622047245
11
3.1866290944881888
21
1.344122716535433
0
LINE
8
BLACK
6
CONTINUOUS
10
3.1866290944881888
20
1.344122716535433
11
3.1870699999999998
21
1.3430583070866142
0
LINE
8
BLACK
6
CONTINUOUS
10
3.1870699999999998
20
1.3430583070866142
11
3.1870699999999998
21
1.3419061811023623
0
LINE
8
BLACK
6
CONTINUOUS
10
3.1870699999999998
20
1.3419061811023623
11
3.1866290944881888
21
1.3408417716535432
0
LINE
8
BLACK
6
CONTINUOUS
10
3.1866290944881888
20
1.3408417716535432
11
3.1858144488188977
21
1.340027125984252
0
LINE
8
BLACK
6
CONTINUOUS
10
3.1858144488188977
20
1.340027125984252
11
3.1847500393700785
21
1.3395862204724409
0
LINE
8
BLACK
6
CONTINUOUS
10
3.1847500393700785
20
1.3395862204724409
11
3.1841739763779526
21
1.3395294881889763
0
LINE
8
BLACK
6
CONTINUOUS
10
3.1841739763779526
20
1.3395294881889763
11
3.1642485826771654
21
1.3395294881889763
0
LINE
8
BLACK
6
CONTINUOUS
10
3.1642485826771654
20
1.3395294881889763
11
3.1620028346456692
21
1.338406653543307
0
LINE
8
BLACK
6
CONTINUOUS
10
3.1620028346456692
20
1.338406653543307
11
3.1608800000000001
21
1.3361609055118111
0
LINE
8
BLACK
6
CONTINUOUS
10
3.1608800000000001
20
1.3361609055118111
11
3.1608800000000001
21
1.3319306692913386
0
LINE
8
BLACK
6
CONTINUOUS
10
3.1608800000000001
20
1.3319306692913386
11
3.1620028346456692
21
1.3296849606299213
0
LINE
8
BLACK
6
CONTINUOUS
10
3.1620028346456692
20
1.3296849606299213
11
3.1642485826771654
21
1.3285620866141732
0
LINE
8
BLACK
6
CONTINUOUS
10
3.1642485826771654
20
1.3285620866141732
11
3.1841739763779526
21
1.3285620866141732
0
LINE
8
BLACK
6
CONTINUOUS
10
3.1841739763779526
20
1.3285620866141732
11
3.1847500393700785
21
1.3285053543307086
0
LINE
8
BLACK
6
CONTINUOUS
10
3.1847500393700785
20
1.3285053543307086
11
3.1858144488188977
21
1.3280644488188975
0
LINE
8
BLACK
6
CONTINUOUS
10
3.1858144488188977
20
1.3280644488188975
11
3.1866290944881888
21
1.3272498031496063
0
LINE
8
BLACK
6
CONTINUOUS
10
3.1866290944881888
20
1.3272498031496063
11
3.1870699999999998
21
1.3261853937007875
0
LINE
8
BLACK
6
CONTINUOUS
10
3.1870699999999998
20
1.3261853937007875
11
3.1870699999999998
21
1.3250332677165355
0
LINE
8
BLACK
6
CONTINUOUS
10
3.1870699999999998
20
1.3250332677165355
11
3.1866290944881888
21
1.3239688582677165
0
LINE
8
BLACK
6
CONTINUOUS
10
3.1866290944881888
20
1.3239688582677165
11
3.1858144488188977
21
1.3231542125984253
0
LINE
8
BLACK
6
CONTINUOUS
10
3.1858144488188977
20
1.3231542125984253
11
3.1847500393700785
21
1.3227133070866142
0
LINE
8
BLACK
6
CONTINUOUS
10
3.1847500393700785
20
1.3227133070866142
11
3.1841739763779526
21
1.3226565748031496
0
LINE
8
BLACK
6
CONTINUOUS
10
3.1841739763779526
20
1.3226565748031496
11
3.1642485826771654
21
1.3226565748031496
0
LINE
8
BLACK
6
CONTINUOUS
10
3.1642485826771654
20
1.3226565748031496
11
3.1620028346456692
21
1.3215337401574803
0
LINE
8
BLACK
6
CONTINUOUS
10
3.1620028346456692
20
1.3215337401574803
11
3.1608800000000001
21
1.3192879921259841
0
LINE
8
BLACK
6
CONTINUOUS
10
3.1608800000000001
20
1.3192879921259841
11
3.1608800000000001
21
1.3150577952755904
0
LINE
8
BLACK
6
CONTINUOUS
10
3.1608800000000001
20
1.3150577952755904
11
3.1622287401574805
21
1.31236031496063
0
LINE
8
BLACK
6
CONTINUOUS
10
3.1622287401574805
20
1.31236031496063
11
3.162899842519685
21
1.3116892125984252
0
LINE
8
BLACK
6
CONTINUOUS
10
3.162899842519685
20
1.3116892125984252
11
3.1841739763779526
21
1.3116892125984252
0
LINE
8
BLACK
6
CONTINUOUS
10
3.1841739763779526
20
1.3116892125984252
11
3.1847500393700785
21
1.3116324803149606
0
LINE
8
BLACK
6
CONTINUOUS
10
3.1847500393700785
20
1.3116324803149606
11
3.1858144488188977
21
1.3111915748031495
0
LINE
8
BLACK
6
CONTINUOUS
10
3.1858144488188977
20
1.3111915748031495
11
3.1866290944881888
21
1.3103769291338583
0
LINE
8
BLACK
6
CONTINUOUS
10
3.1866290944881888
20
1.3103769291338583
11
3.1870699999999998
21
1.3093125196850393
0
LINE
8
BLACK
6
CONTINUOUS
10
3.1870699999999998
20
1.3093125196850393
11
3.1870699999999998
21
1.3081603937007873
0
LINE
8
BLACK
6
CONTINUOUS
10
3.1870699999999998
20
1.3081603937007873
11
3.1866290944881888
21
1.3070959842519685
0
LINE
8
BLACK
6
CONTINUOUS
10
3.1866290944881888
20
1.3070959842519685
11
3.1858144488188977
21
1.306281338582677
0
LINE
8
BLACK
6
CONTINUOUS
10
3.1858144488188977
20
1.306281338582677
11
3.1847500393700785
21
1.3058404330708662
0
LINE
8
BLACK
6
CONTINUOUS
10
3.1847500393700785
20
1.3058404330708662
11
3.1841739763779526
21
1.3057837007874016
0
LINE
8
BLACK
6
CONTINUOUS
10
3.1841739763779526
20
1.3057837007874016
11
3.1579272440944881
21
1.3057837007874016
0
LINE
8
BLACK
6
CONTINUOUS
10
3.1579272440944881
20
1.3057837007874016
11
3.1573511811023622
21
1.3058404330708662
0
LINE
8
BLACK
6
CONTINUOUS
10
3.1573511811023622
20
1.3058404330708662
11
3.1562867716535434
21
1.306281338582677
0
LINE
8
BLACK
6
CONTINUOUS
10
3.1562867716535434
20
1.306281338582677
11
3.155472125984252
21
1.3070959842519685
0
LINE
8
BLACK
6
CONTINUOUS
10
3.155472125984252
20
1.3070959842519685
11
3.1550312204724409
21
1.3081603937007873
0
LINE
8
BLACK
6
CONTINUOUS
10
3.1550312204724409
20
1.3081603937007873
11
3.1550312204724409
21
1.3093125196850393
0
LINE
8
BLACK
6
CONTINUOUS
10
3.1550312204724409
20
1.3093125196850393
11
3.155472125984252
21
1.3103769291338583
0
LINE
8
BLACK
6
CONTINUOUS
10
3.155472125984252
20
1.3103769291338583
11
3.1562359448818897
21
1.3111407874015748
0
LINE
8
BLACK
6
CONTINUOUS
10
3.1562359448818897
20
1.3111407874015748
11
3.155286220472441
21
1.3130402362204725
0
LINE
8
BLACK
6
CONTINUOUS
10
3.155286220472441
20
1.3130402362204725
11
3.1550793307086615
21
1.3135808661417323
0
LINE
8
BLACK
6
CONTINUOUS
10
3.1550793307086615
20
1.3135808661417323
11
3.155071811023622
21
1.3136866929133857
0
LINE
8
BLACK
6
CONTINUOUS
10
3.155071811023622
20
1.3136866929133857
11
3.1550312204724409
21
1.31378468503937
0
LINE
8
BLACK
6
CONTINUOUS
10
3.1550312204724409
20
1.31378468503937
11
3.1549744881889765
21
1.3143607480314961
0
LINE
8
BLACK
6
CONTINUOUS
10
3.1549744881889765
20
1.3143607480314961
11
3.1549744881889765
21
1.3199850393700787
0
LINE
8
BLACK
6
CONTINUOUS
10
3.1549744881889765
20
1.3199850393700787
11
3.1550312204724409
21
1.3205611023622046
0
LINE
8
BLACK
6
CONTINUOUS
10
3.1550312204724409
20
1.3205611023622046
11
3.155071811023622
21
1.3206591338582676
0
LINE
8
BLACK
6
CONTINUOUS
10
3.155071811023622
20
1.3206591338582676
11
3.1550793307086615
21
1.3207649212598425
0
LINE
8
BLACK
6
CONTINUOUS
10
3.1550793307086615
20
1.3207649212598425
11
3.155286220472441
21
1.3213055511811023
0
LINE
8
BLACK
6
CONTINUOUS
10
3.155286220472441
20
1.3213055511811023
11
3.1571609842519686
21
1.3250550787401574
0
LINE
8
BLACK
6
CONTINUOUS
10
3.1571609842519686
20
1.3250550787401574
11
3.1572216141732281
21
1.3251514566929135
0
LINE
8
BLACK
6
CONTINUOUS
10
3.1572216141732281
20
1.3251514566929135
11
3.1572367716535434
21
1.3251968503937008
0
LINE
8
BLACK
6
CONTINUOUS
10
3.1572367716535434
20
1.3251968503937008
11
3.157285787401575
21
1.3252534251968504
0
LINE
8
BLACK
6
CONTINUOUS
10
3.157285787401575
20
1.3252534251968504
11
3.1574693307086612
21
1.3255449606299212
0
LINE
8
BLACK
6
CONTINUOUS
10
3.1574693307086612
20
1.3255449606299212
11
3.1575435433070864
21
1.3256093307086614
0
LINE
8
BLACK
6
CONTINUOUS
10
3.1575435433070864
20
1.3256093307086614
11
3.1574693307086612
21
1.3256737007874015
0
LINE
8
BLACK
6
CONTINUOUS
10
3.1574693307086612
20
1.3256737007874015
11
3.157285787401575
21
1.3259652755905511
0
LINE
8
BLACK
6
CONTINUOUS
10
3.157285787401575
20
1.3259652755905511
11
3.1572367716535434
21
1.3260218110236219
0
LINE
8
BLACK
6
CONTINUOUS
10
3.1572367716535434
20
1.3260218110236219
11
3.1572216141732281
21
1.3260672440944881
0
LINE
8
BLACK
6
CONTINUOUS
10
3.1572216141732281
20
1.3260672440944881
11
3.1571609842519686
21
1.3261635826771654
0
LINE
8
BLACK
6
CONTINUOUS
10
3.1571609842519686
20
1.3261635826771654
11
3.155286220472441
21
1.3299131102362205
0
LINE
8
BLACK
6
CONTINUOUS
10
3.155286220472441
20
1.3299131102362205
11
3.1550793307086615
21
1.3304537401574803
0
LINE
8
BLACK
6
CONTINUOUS
10
3.1550793307086615
20
1.3304537401574803
11
3.155071811023622
21
1.3305595669291339
0
LINE
8
BLACK
6
CONTINUOUS
10
3.155071811023622
20
1.3305595669291339
11
3.1550312204724409
21
1.3306575590551182
0
LINE
8
BLACK
6
CONTINUOUS
10
3.1550312204724409
20
1.3306575590551182
11
3.1549744881889765
21
1.331233622047244
0
LINE
8
BLACK
6
CONTINUOUS
10
3.1549744881889765
20
1.331233622047244
11
3.1549744881889765
21
1.3368579133858267
0
LINE
8
BLACK
6
CONTINUOUS
10
3.1549744881889765
20
1.3368579133858267
11
3.1550312204724409
21
1.3374339763779528
0
LINE
8
BLACK
6
CONTINUOUS
10
3.1550312204724409
20
1.3374339763779528
11
3.155071811023622
21
1.3375320078740158
0
LINE
8
BLACK
6
CONTINUOUS
10
3.155071811023622
20
1.3375320078740158
11
3.1550793307086615
21
1.3376377952755905
0
LINE
8
BLACK
6
CONTINUOUS
10
3.1550793307086615
20
1.3376377952755905
11
3.155286220472441
21
1.3381784251968503
0
LINE
8
BLACK
6
CONTINUOUS
10
3.155286220472441
20
1.3381784251968503
11
3.1571609842519686
21
1.3419279921259841
0
LINE
8
BLACK
6
CONTINUOUS
10
3.1571609842519686
20
1.3419279921259841
11
3.1572216141732281
21
1.3420243307086615
0
LINE
8
BLACK
6
CONTINUOUS
10
3.1572216141732281
20
1.3420243307086615
11
3.1572367716535434
21
1.3420697637795276
0
LINE
8
BLACK
6
CONTINUOUS
10
3.1572367716535434
20
1.3420697637795276
11
3.1572858267716533
21
1.3421263779527559
0
LINE
8
BLACK
6
CONTINUOUS
10
3.1572858267716533
20
1.3421263779527559
11
3.1574693307086612
21
1.3424178346456692
0
LINE
8
BLACK
6
CONTINUOUS
10
3.1574693307086612
20
1.3424178346456692
11
3.1577489370078737
21
1.3426603543307087
0
LINE
8
BLACK
6
CONTINUOUS
10
3.1577489370078737
20
1.3426603543307087
11
3.1579916141732283
21
1.342940157480315
0
LINE
8
BLACK
6
CONTINUOUS
10
3.1579916141732283
20
1.342940157480315
11
3.1582831496062993
21
1.3431237007874015
0
LINE
8
BLACK
6
CONTINUOUS
10
3.1582831496062993
20
1.3431237007874015
11
3.1583397244094487
21
1.343172716535433
0
LINE
8
BLACK
6
CONTINUOUS
10
3.1583397244094487
20
1.343172716535433
11
3.1583851181102363
21
1.3431878740157479
0
LINE
8
BLACK
6
CONTINUOUS
10
3.1583851181102363
20
1.3431878740157479
11
3.1584814960629921
21
1.3432485039370079
0
LINE
8
BLACK
6
CONTINUOUS
10
3.1584814960629921
20
1.3432485039370079
11
3.1622310236220472
21
1.3451232677165355
0
LINE
8
BLACK
6
CONTINUOUS
10
3.1622310236220472
20
1.3451232677165355
11
3.1627716141732285
21
1.3453301574803149
0
LINE
8
BLACK
6
CONTINUOUS
10
3.1627716141732285
20
1.3453301574803149
11
3.1628774803149606
21
1.345337716535433
0
LINE
8
BLACK
6
CONTINUOUS
10
3.1628774803149606
20
1.345337716535433
11
3.1629754724409449
21
1.3453782677165353
0
LINE
8
BLACK
6
CONTINUOUS
10
3.1629754724409449
20
1.3453782677165353
11
3.1635515354330708
21
1.3454349999999999
0
LINE
8
BLACK
6
CONTINUOUS
10
3.1635515354330708
20
1.3454349999999999
11
3.1841739763779526
21
1.3454349999999999
0
LINE
8
BLACK
6
CONTINUOUS
10
3.1841739763779526
20
1.3454349999999999
11
3.1847500393700785
21
1.3453782677165353
0
LINE
8
BLACK
6
CONTINUOUS
10
2.3944442125984251
20
1.4117805118110236
11
2.3949813779527558
21
1.4115648425196849
0
LINE
8
BLACK
6
CONTINUOUS
10
2.3949813779527558
20
1.4115648425196849
11
2.4350157480314958
21
1.3907242913385827
0
LINE
8
BLACK
6
CONTINUOUS
10
2.4350157480314958
20
1.3907242913385827
11
2.4350157480314958
21
1.4089456692913385
0
LINE
8
BLACK
6
CONTINUOUS
10
2.4350157480314958
20
1.4089456692913385
11
2.4350724803149606
21
1.4095217322834646
0
LINE
8
BLACK
6
CONTINUOUS
10
2.4350724803149606
20
1.4095217322834646
11
2.4355133858267717
21
1.4105861417322834
0
LINE
8
BLACK
6
CONTINUOUS
10
2.4355133858267717
20
1.4105861417322834
11
2.4363280314960631
21
1.4114007874015748
0
LINE
8
BLACK
6
CONTINUOUS
10
2.4363280314960631
20
1.4114007874015748
11
2.4373924409448819
21
1.4118416929133859
0
LINE
8
BLACK
6
CONTINUOUS
10
2.4373924409448819
20
1.4118416929133859
11
2.4385445669291337
21
1.4118416929133859
0
LINE
8
BLACK
6
CONTINUOUS
10
2.4385445669291337
20
1.4118416929133859
11
2.4396089763779525
21
1.4114007874015748
0
LINE
8
BLACK
6
CONTINUOUS
10
2.4396089763779525
20
1.4114007874015748
11
2.4404236220472439
21
1.4105861417322834
0
LINE
8
BLACK
6
CONTINUOUS
10
2.4404236220472439
20
1.4105861417322834
11
2.440864527559055
21
1.4095217322834646
0
LINE
8
BLACK
6
CONTINUOUS
10
2.440864527559055
20
1.4095217322834646
11
2.4409212598425198
21
1.4089456692913385
0
LINE
8
BLACK
6
CONTINUOUS
10
2.4409212598425198
20
1.4089456692913385
11
2.4409212598425198
21
1.3136377952755904
0
LINE
8
BLACK
6
CONTINUOUS
10
2.4409212598425198
20
1.3136377952755904
11
2.440864527559055
21
1.3130617322834646
0
LINE
8
BLACK
6
CONTINUOUS
10
2.440864527559055
20
1.3130617322834646
11
2.4404236220472439
21
1.3119973228346455
0
LINE
8
BLACK
6
CONTINUOUS
10
2.4404236220472439
20
1.3119973228346455
11
2.4396089763779525
21
1.3111826771653543
0
LINE
8
BLACK
6
CONTINUOUS
10
2.4396089763779525
20
1.3111826771653543
11
2.4385445669291337
21
1.3107417716535432
0
LINE
8
BLACK
6
CONTINUOUS
10
2.4385445669291337
20
1.3107417716535432
11
2.4373924409448819
21
1.3107417716535432
0
LINE
8
BLACK
6
CONTINUOUS
10
2.4373924409448819
20
1.3107417716535432
11
2.4363280314960631
21
1.3111826771653543
0
LINE
8
BLACK
6
CONTINUOUS
10
2.4363280314960631
20
1.3111826771653543
11
2.4355133858267717
21
1.3119973228346455
0
LINE
8
BLACK
6
CONTINUOUS
10
2.4355133858267717
20
1.3119973228346455
11
2.4350724803149606
21
1.3130617322834646
0
LINE
8
BLACK
6
CONTINUOUS
10
2.4350724803149606
20
1.3130617322834646
11
2.4350157480314958
21
1.3136377952755904
0
LINE
8
BLACK
6
CONTINUOUS
10
2.4350157480314958
20
1.3136377952755904
11
2.4350157480314958
21
1.3809922834645669
0
LINE
8
BLACK
6
CONTINUOUS
10
2.4350157480314958
20
1.3809922834645669
11
2.3949813779527558
21
1.3601516929133859
0
LINE
8
BLACK
6
CONTINUOUS
10
2.3949813779527558
20
1.3601516929133859
11
2.3944442125984251
21
1.3599360236220472
0
LINE
8
BLACK
6
CONTINUOUS
10
2.3944442125984251
20
1.3599360236220472
11
2.3932964960629919
21
1.3598356299212597
0
LINE
8
BLACK
6
CONTINUOUS
10
2.3932964960629919
20
1.3598356299212597
11
2.3921977165354331
21
1.3601820472440944
0
LINE
8
BLACK
6
CONTINUOUS
10
2.3921977165354331
20
1.3601820472440944
11
2.3913151574803151
21
1.3609225984251969
0
LINE
8
BLACK
6
CONTINUOUS
10
2.3913151574803151
20
1.3609225984251969
11
2.3907831496062992
21
1.3619445669291339
0
LINE
8
BLACK
6
CONTINUOUS
10
2.3907831496062992
20
1.3619445669291339
11
2.3906827559055119
21
1.3630922834645669
0
LINE
8
BLACK
6
CONTINUOUS
10
2.3906827559055119
20
1.3630922834645669
11
2.3910291732283464
21
1.3641910629921259
0
LINE
8
BLACK
6
CONTINUOUS
10
2.3910291732283464
20
1.3641910629921259
11
2.3917697244094489
21
1.3650736220472441
0
LINE
8
BLACK
6
CONTINUOUS
10
2.3917697244094489
20
1.3650736220472441
11
2.392254527559055
21
1.3653899606299211
0
LINE
8
BLACK
6
CONTINUOUS
10
2.392254527559055
20
1.3653899606299211
11
2.4259015748031496
21
1.3829055118110236
0
LINE
8
BLACK
6
CONTINUOUS
10
2.4259015748031496
20
1.3829055118110236
11
1.3870433070866142
21
1.3829055118110236
0
LINE
8
BLACK
6
CONTINUOUS
10
1.3870433070866142
20
1.3829055118110236
11
1.4206903543307086
21
1.3653899606299211
0
LINE
8
BLACK
6
CONTINUOUS
10
1.4206903543307086
20
1.3653899606299211
11
1.4211751181102361
21
1.3650736220472441
0
LINE
8
BLACK
6
CONTINUOUS
10
1.4211751181102361
20
1.3650736220472441
11
1.4219156692913386
21
1.3641910629921259
0
LINE
8
BLACK
6
CONTINUOUS
10
1.4219156692913386
20
1.3641910629921259
11
1.4222621259842518
21
1.3630922834645669
0
LINE
8
BLACK
6
CONTINUOUS
10
1.4222621259842518
20
1.3630922834645669
11
1.4221617322834645
21
1.3619445669291339
0
LINE
8
BLACK
6
CONTINUOUS
10
1.4221617322834645
20
1.3619445669291339
11
1.4216297244094487
21
1.3609226377952757
0
LINE
8
BLACK
6
CONTINUOUS
10
1.4216297244094487
20
1.3609226377952757
11
1.4207471653543307
21
1.3601820866141732
0
LINE
8
BLACK
6
CONTINUOUS
10
1.4207471653543307
20
1.3601820866141732
11
1.4196483858267717
21
1.3598356299212597
0
LINE
8
BLACK
6
CONTINUOUS
10
1.4196483858267717
20
1.3598356299212597
11
1.4185006692913384
21
1.3599360236220472
0
LINE
8
BLACK
6
CONTINUOUS
10
1.4185006692913384
20
1.3599360236220472
11
1.4179635039370078
21
1.3601516929133859
0
LINE
8
BLACK
6
CONTINUOUS
10
1.4179635039370078
20
1.3601516929133859
11
1.3779291338582678
21
1.3809922834645669
0
LINE
8
BLACK
6
CONTINUOUS
10
1.3779291338582678
20
1.3809922834645669
11
1.3779291338582678
21
1.3136377952755904
0
LINE
8
BLACK
6
CONTINUOUS
10
1.3779291338582678
20
1.3136377952755904
11
1.3778724015748032
21
1.3130617322834646
0
LINE
8
BLACK
6
CONTINUOUS
10
1.3778724015748032
20
1.3130617322834646
11
1.3774314960629921
21
1.3119973228346455
0
LINE
8
BLACK
6
CONTINUOUS
10
1.3774314960629921
20
1.3119973228346455
11
1.3766168503937009
21
1.3111826771653543
0
LINE
8
BLACK
6
CONTINUOUS
10
1.3766168503937009
20
1.3111826771653543
11
1.3755524409448818
21
1.3107417716535432
0
LINE
8
BLACK
6
CONTINUOUS
10
1.3755524409448818
20
1.3107417716535432
11
1.3744003149606299
21
1.3107417716535432
0
LINE
8
BLACK
6
CONTINUOUS
10
1.3744003149606299
20
1.3107417716535432
11
1.3733359055118111
21
1.3111826771653543
0
LINE
8
BLACK
6
CONTINUOUS
10
1.3733359055118111
20
1.3111826771653543
11
1.3725212598425196
21
1.3119973228346455
0
LINE
8
BLACK
6
CONTINUOUS
10
1.3725212598425196
20
1.3119973228346455
11
1.3720803543307087
21
1.3130617322834646
0
LINE
8
BLACK
6
CONTINUOUS
10
1.3720803543307087
20
1.3130617322834646
11
1.3720236220472442
21
1.3136377952755904
0
LINE
8
BLACK
6
CONTINUOUS
10
1.3720236220472442
20
1.3136377952755904
11
1.3720236220472442
21
1.4089456692913385
0
LINE
8
BLACK
6
CONTINUOUS
10
1.3720236220472442
20
1.4089456692913385
11
1.3720803543307087
21
1.4095217322834646
0
LINE
8
BLACK
6
CONTINUOUS
10
1.3720803543307087
20
1.4095217322834646
11
1.3725212598425196
21
1.4105861417322834
0
LINE
8
BLACK
6
CONTINUOUS
10
1.3725212598425196
20
1.4105861417322834
11
1.3733359055118111
21
1.4114007874015748
0
LINE
8
BLACK
6
CONTINUOUS
10
1.3733359055118111
20
1.4114007874015748
11
1.3744003149606299
21
1.4118416929133859
0
LINE
8
BLACK
6
CONTINUOUS
10
1.3744003149606299
20
1.4118416929133859
11
1.3755524409448818
21
1.4118416929133859
0
LINE
8
BLACK
6
CONTINUOUS
10
1.3755524409448818
20
1.4118416929133859
11
1.3766168503937009
21
1.4114007874015748
0
LINE
8
BLACK
6
CONTINUOUS
10
1.3766168503937009
20
1.4114007874015748
11
1.3774314960629921
21
1.4105861417322834
0
LINE
8
BLACK
6
CONTINUOUS
10
1.3774314960629921
20
1.4105861417322834
11
1.3778724015748032
21
1.4095217322834646
0
LINE
8
BLACK
6
CONTINUOUS
10
1.3778724015748032
20
1.4095217322834646
11
1.3779291338582678
21
1.4089456692913385
0
LINE
8
BLACK
6
CONTINUOUS
10
1.3779291338582678
20
1.4089456692913385
11
1.3779291338582678
21
1.3907242913385827
0
LINE
8
BLACK
6
CONTINUOUS
10
1.3779291338582678
20
1.3907242913385827
11
1.4179635039370078
21
1.4115648425196849
0
LINE
8
BLACK
6
CONTINUOUS
10
1.4179635039370078
20
1.4115648425196849
11
1.4185006692913384
21
1.4117805118110236
0
LINE
8
BLACK
6
CONTINUOUS
10
1.4185006692913384
20
1.4117805118110236
11
1.4196483858267717
21
1.4118809055118109
0
LINE
8
BLACK
6
CONTINUOUS
10
1.4196483858267717
20
1.4118809055118109
11
1.4207471653543307
21
1.4115344488188977
0
LINE
8
BLACK
6
CONTINUOUS
10
1.4207471653543307
20
1.4115344488188977
11
1.4216297244094487
21
1.4107938976377952
0
LINE
8
BLACK
6
CONTINUOUS
10
1.4216297244094487
20
1.4107938976377952
11
1.4221617322834645
21
1.4097719685039369
0
LINE
8
BLACK
6
CONTINUOUS
10
1.4221617322834645
20
1.4097719685039369
11
1.4222621259842518
21
1.4086242519685039
0
LINE
8
BLACK
6
CONTINUOUS
10
1.4222621259842518
20
1.4086242519685039
11
1.4219156692913386
21
1.4075254724409449
0
LINE
8
BLACK
6
CONTINUOUS
10
1.4219156692913386
20
1.4075254724409449
11
1.4211751181102361
21
1.4066429133858267
0
LINE
8
BLACK
6
CONTINUOUS
10
1.4211751181102361
20
1.4066429133858267
11
1.4206903543307086
21
1.4063265748031495
0
LINE
8
BLACK
6
CONTINUOUS
10
1.4206903543307086
20
1.4063265748031495
11
1.3870433070866142
21
1.3888110236220472
0
LINE
8
BLACK
6
CONTINUOUS
10
1.3870433070866142
20
1.3888110236220472
11
2.4259015748031496
21
1.3888110236220472
0
LINE
8
BLACK
6
CONTINUOUS
10
2.4259015748031496
20
1.3888110236220472
11
2.392254527559055
21
1.4063265748031495
0
LINE
8
BLACK
6
CONTINUOUS
10
2.392254527559055
20
1.4063265748031495
11
2.3917697244094489
21
1.4066429133858267
0
LINE
8
BLACK
6
CONTINUOUS
10
2.3917697244094489
20
1.4066429133858267
11
2.3910291732283464
21
1.4075254724409449
0
LINE
8
BLACK
6
CONTINUOUS
10
2.3910291732283464
20
1.4075254724409449
11
2.3906827559055119
21
1.4086242519685039
0
LINE
8
BLACK
6
CONTINUOUS
10
2.3906827559055119
20
1.4086242519685039
11
2.3907831496062992
21
1.4097719685039369
0
LINE
8
BLACK
6
CONTINUOUS
10
2.3907831496062992
20
1.4097719685039369
11
2.3913151574803151
21
1.4107939370078739
0
LINE
8
BLACK
6
CONTINUOUS
10
2.3913151574803151
20
1.4107939370078739
11
2.3921977165354331
21
1.4115344881889764
0
LINE
8
BLACK
6
CONTINUOUS
10
2.3921977165354331
20
1.4115344881889764
11
2.3932964960629919
21
1.4118809055118109
0
LINE
8
BLACK
6
CONTINUOUS
10
2.3932964960629919
20
1.4118809055118109
11
2.3944442125984251
21
1.4117805118110236
0
LINE
8
BLACK
6
CONTINUOUS
10
0.0317500393700787
20
1.3641259448818897
11
0.0328144488188976
21
1.3636850393700788
0
LINE
8
BLACK
6
CONTINUOUS
10
0.0328144488188976
20
1.3636850393700788
11
0.033629094488189
21
1.3628703937007873
0
LINE
8
BLACK
6
CONTINUOUS
10
0.033629094488189
20
1.3628703937007873
11
0.03407
21
1.3618059842519685
0
LINE
8
BLACK
6
CONTINUOUS
10
0.03407
20
1.3618059842519685
11
0.03407
21
1.3606538582677166
0
LINE
8
BLACK
6
CONTINUOUS
10
0.03407
20
1.3606538582677166
11
0.033629094488189
21
1.3595894488188975
0
LINE
8
BLACK
6
CONTINUOUS
10
0.033629094488189
20
1.3595894488188975
11
0.0328144488188976
21
1.3587748031496063
0
LINE
8
BLACK
6
CONTINUOUS
10
0.0328144488188976
20
1.3587748031496063
11
0.0317500393700787
21
1.3583338976377952
0
LINE
8
BLACK
6
CONTINUOUS
10
0.0317500393700787
20
1.3583338976377952
11
0.0311739763779528
21
1.3582771653543306
0
LINE
8
BLACK
6
CONTINUOUS
10
0.0311739763779528
20
1.3582771653543306
11
0.0112485826771654
21
1.3582771653543306
0
LINE
8
BLACK
6
CONTINUOUS
10
0.0112485826771654
20
1.3582771653543306
11
0.0090028346456693
21
1.3571543307086613
0
LINE
8
BLACK
6
CONTINUOUS
10
0.0090028346456693
20
1.3571543307086613
11
0.00788
21
1.3549085826771654
0
LINE
8
BLACK
6
CONTINUOUS
10
0.00788
20
1.3549085826771654
11
0.00788
21
1.3506783464566929
0
LINE
8
BLACK
6
CONTINUOUS
10
0.00788
20
1.3506783464566929
11
0.0090028346456693
21
1.3484326377952756
0
LINE
8
BLACK
6
CONTINUOUS
10
0.0090028346456693
20
1.3484326377952756
11
0.0112485826771654
21
1.3473097637795275
0
LINE
8
BLACK
6
CONTINUOUS
10
0.0112485826771654
20
1.3473097637795275
11
0.0311739763779528
21
1.3473097637795275
0
LINE
8
BLACK
6
CONTINUOUS
10
0.0311739763779528
20
1.3473097637795275
11
0.0317500393700787
21
1.3472530314960629
0
LINE
8
BLACK
6
CONTINUOUS
10
0.0317500393700787
20
1.3472530314960629
11
0.0328144488188976
21
1.346812125984252
0
LINE
8
BLACK
6
CONTINUOUS
10
0.0328144488188976
20
1.346812125984252
11
0.033629094488189
21
1.3459974803149606
0
LINE
8
BLACK
6
CONTINUOUS
10
0.033629094488189
20
1.3459974803149606
11
0.03407
21
1.3449330708661418
0
LINE
8
BLACK
6
CONTINUOUS
10
0.03407
20
1.3449330708661418
11
0.03407
21
1.3437809448818898
0
LINE
8
BLACK
6
CONTINUOUS
10
0.03407
20
1.3437809448818898
11
0.033629094488189
21
1.3427165354330708
0
LINE
8
BLACK
6
CONTINUOUS
10
0.033629094488189
20
1.3427165354330708
11
0.0328144488188976
21
1.3419018897637796
0
LINE
8
BLACK
6
CONTINUOUS
10
0.0328144488188976
20
1.3419018897637796
11
0.0317500393700787
21
1.3414609842519685
0
LINE
8
BLACK
6
CONTINUOUS
10
0.0317500393700787
20
1.3414609842519685
11
0.0311739763779528
21
1.3414042519685039
0
LINE
8
BLACK
6
CONTINUOUS
10
0.0311739763779528
20
1.3414042519685039
11
0.0112485826771654
21
1.3414042519685039
0
LINE
8
BLACK
6
CONTINUOUS
10
0.0112485826771654
20
1.3414042519685039
11
0.0090028346456693
21
1.3402814173228346
0
LINE
8
BLACK
6
CONTINUOUS
10
0.0090028346456693
20
1.3402814173228346
11
0.00788
21
1.3380356692913387
0
LINE
8
BLACK
6
CONTINUOUS
10
0.00788
20
1.3380356692913387
11
0.00788
21
1.3338054724409449
0
LINE
8
BLACK
6
CONTINUOUS
10
0.00788
20
1.3338054724409449
11
0.0092287401574803
21
1.3311079921259843
0
LINE
8
BLACK
6
CONTINUOUS
10
0.0092287401574803
20
1.3311079921259843
11
0.009899842519685
21
1.3304368897637795
0
LINE
8
BLACK
6
CONTINUOUS
10
0.009899842519685
20
1.3304368897637795
11
0.0311739763779528
21
1.3304368897637795
0
LINE
8
BLACK
6
CONTINUOUS
10
0.0311739763779528
20
1.3304368897637795
11
0.0317500393700787
21
1.3303801574803149
0
LINE
8
BLACK
6
CONTINUOUS
10
0.0317500393700787
20
1.3303801574803149
11
0.0328144488188976
21
1.3299392519685038
0
LINE
8
BLACK
6
CONTINUOUS
10
0.0328144488188976
20
1.3299392519685038
11
0.033629094488189
21
1.3291246062992126
0
LINE
8
BLACK
6
CONTINUOUS
10
0.033629094488189
20
1.3291246062992126
11
0.03407
21
1.3280601968503938
0
LINE
8
BLACK
6
CONTINUOUS
10
0.03407
20
1.3280601968503938
11
0.03407
21
1.3269080708661416
0
LINE
8
BLACK
6
CONTINUOUS
10
0.03407
20
1.3269080708661416
11
0.033629094488189
21
1.3258436614173228
0
LINE
8
BLACK
6
CONTINUOUS
10
0.033629094488189
20
1.3258436614173228
11
0.0328144488188976
21
1.3250290157480316
0
LINE
8
BLACK
6
CONTINUOUS
10
0.0328144488188976
20
1.3250290157480316
11
0.0317500393700787
21
1.3245881102362205
0
LINE
8
BLACK
6
CONTINUOUS
10
0.0317500393700787
20
1.3245881102362205
11
0.0311739763779528
21
1.3245313779527559
0
LINE
8
BLACK
6
CONTINUOUS
10
0.0311739763779528
20
1.3245313779527559
11
0.0049272440944882
21
1.3245313779527559
0
LINE
8
BLACK
6
CONTINUOUS
10
0.0049272440944882
20
1.3245313779527559
11
0.0043511811023622
21
1.3245881102362205
0
LINE
8
BLACK
6
CONTINUOUS
10
0.0043511811023622
20
1.3245881102362205
11
0.0032867716535433
21
1.3250290157480316
0
LINE
8
BLACK
6
CONTINUOUS
10
0.0032867716535433
20
1.3250290157480316
11
0.002472125984252
21
1.3258436614173228
0
LINE
8
BLACK
6
CONTINUOUS
10
0.002472125984252
20
1.3258436614173228
11
0.0020312204724409
21
1.3269080708661416
0
LINE
8
BLACK
6
CONTINUOUS
10
0.0020312204724409
20
1.3269080708661416
11
0.0020312204724409
21
1.3280601968503938
0
LINE
8
BLACK
6
CONTINUOUS
10
0.0020312204724409
20
1.3280601968503938
11
0.002472125984252
21
1.3291246062992126
0
LINE
8
BLACK
6
CONTINUOUS
10
0.002472125984252
20
1.3291246062992126
11
0.0032359448818898
21
1.3298884645669291
0
LINE
8
BLACK
6
CONTINUOUS
10
0.0032359448818898
20
1.3298884645669291
11
0.0022862204724409
21
1.3317879133858268
0
LINE
8
BLACK
6
CONTINUOUS
10
0.0022862204724409
20
1.3317879133858268
11
0.0020793307086614
21
1.3323285433070866
0
LINE
8
BLACK
6
CONTINUOUS
10
0.0020793307086614
20
1.3323285433070866
11
0.002071811023622
21
1.3324343700787402
0
LINE
8
BLACK
6
CONTINUOUS
10
0.002071811023622
20
1.3324343700787402
11
0.0020312204724409
21
1.3325323622047245
0
LINE
8
BLACK
6
CONTINUOUS
10
0.0020312204724409
20
1.3325323622047245
11
0.0019744881889764
21
1.3331084251968504
0
LINE
8
BLACK
6
CONTINUOUS
10
0.0019744881889764
20
1.3331084251968504
11
0.0019744881889764
21
1.338732716535433
0
LINE
8
BLACK
6
CONTINUOUS
10
0.0019744881889764
20
1.338732716535433
11
0.0020312204724409
21
1.3393087795275591
0
LINE
8
BLACK
6
CONTINUOUS
10
0.0020312204724409
20
1.3393087795275591
11
0.002071811023622
21
1.3394068110236219
0
LINE
8
BLACK
6
CONTINUOUS
10
0.002071811023622
20
1.3394068110236219
11
0.0020793307086614
21
1.3395125984251968
0
LINE
8
BLACK
6
CONTINUOUS
10
0.0020793307086614
20
1.3395125984251968
11
0.0022862204724409
21
1.3400532283464566
0
LINE
8
BLACK
6
CONTINUOUS
10
0.0022862204724409
20
1.3400532283464566
11
0.0041609842519685
21
1.3438027559055117
0
LINE
8
BLACK
6
CONTINUOUS
10
0.0041609842519685
20
1.3438027559055117
11
0.0042216141732283
21
1.3438991338582678
0
LINE
8
BLACK
6
CONTINUOUS
10
0.0042216141732283
20
1.3438991338582678
11
0.0042367716535433
21
1.3439445275590551
0
LINE
8
BLACK
6
CONTINUOUS
10
0.0042367716535433
20
1.3439445275590551
11
0.0042857874015748
21
1.3440011023622047
0
LINE
8
BLACK
6
CONTINUOUS
10
0.0042857874015748
20
1.3440011023622047
11
0.0044693307086614
21
1.3442926377952755
0
LINE
8
BLACK
6
CONTINUOUS
10
0.0044693307086614
20
1.3442926377952755
11
0.0045435433070866
21
1.3443570078740157
0
LINE
8
BLACK
6
CONTINUOUS
10
0.0045435433070866
20
1.3443570078740157
11
0.0044693307086614
21
1.3444213779527558
0
LINE
8
BLACK
6
CONTINUOUS
10
0.0044693307086614
20
1.3444213779527558
11
0.0042857874015748
21
1.3447129527559054
0
LINE
8
BLACK
6
CONTINUOUS
10
0.0042857874015748
20
1.3447129527559054
11
0.0042367716535433
21
1.3447694881889762
0
LINE
8
BLACK
6
CONTINUOUS
10
0.0042367716535433
20
1.3447694881889762
11
0.0042216141732283
21
1.3448149212598426
0
LINE
8
BLACK
6
CONTINUOUS
10
0.0042216141732283
20
1.3448149212598426
11
0.0041609842519685
21
1.3449112598425197
0
LINE
8
BLACK
6
CONTINUOUS
10
0.0041609842519685
20
1.3449112598425197
11
0.0022862204724409
21
1.3486607874015748
0
LINE
8
BLACK
6
CONTINUOUS
10
0.0022862204724409
20
1.3486607874015748
11
0.0020793307086614
21
1.3492014173228346
0
LINE
8
BLACK
6
CONTINUOUS
10
0.0020793307086614
20
1.3492014173228346
11
0.002071811023622
21
1.3493072440944882
0
LINE
8
BLACK
6
CONTINUOUS
10
0.002071811023622
20
1.3493072440944882
11
0.0020312204724409
21
1.3494052362204725
0
LINE
8
BLACK
6
CONTINUOUS
10
0.0020312204724409
20
1.3494052362204725
11
0.0019744881889764
21
1.3499812992125984
0
LINE
8
BLACK
6
CONTINUOUS
10
0.0019744881889764
20
1.3499812992125984
11
0.0019744881889764
21
1.355605590551181
0
LINE
8
BLACK
6
CONTINUOUS
10
0.0019744881889764
20
1.355605590551181
11
0.0020312204724409
21
1.3561816535433071
0
LINE
8
BLACK
6
CONTINUOUS
10
0.0020312204724409
20
1.3561816535433071
11
0.002071811023622
21
1.3562796850393701
0
LINE
8
BLACK
6
CONTINUOUS
10
0.002071811023622
20
1.3562796850393701
11
0.0020793307086614
21
1.3563854724409448
0
LINE
8
BLACK
6
CONTINUOUS
10
0.0020793307086614
20
1.3563854724409448
11
0.0022862204724409
21
1.3569261023622048
0
LINE
8
BLACK
6
CONTINUOUS
10
0.0022862204724409
20
1.3569261023622048
11
0.0041609842519685
21
1.3606756692913387
0
LINE
8
BLACK
6
CONTINUOUS
10
0.0041609842519685
20
1.3606756692913387
11
0.0042216141732283
21
1.3607720078740158
0
LINE
8
BLACK
6
CONTINUOUS
10
0.0042216141732283
20
1.3607720078740158
11
0.0042367716535433
21
1.3608174409448819
0
LINE
8
BLACK
6
CONTINUOUS
10
0.0042367716535433
20
1.3608174409448819
11
0.0042858267716535
21
1.3608740551181102
0
LINE
8
BLACK
6
CONTINUOUS
10
0.0042858267716535
20
1.3608740551181102
11
0.0044693307086614
21
1.3611655118110235
0
LINE
8
BLACK
6
CONTINUOUS
10
0.0044693307086614
20
1.3611655118110235
11
0.004748937007874
21
1.361408031496063
0
LINE
8
BLACK
6
CONTINUOUS
10
0.004748937007874
20
1.361408031496063
11
0.0049916141732283
21
1.3616878346456693
0
LINE
8
BLACK
6
CONTINUOUS
10
0.0049916141732283
20
1.3616878346456693
11
0.0052831496062992
21
1.3618713779527558
0
LINE
8
BLACK
6
CONTINUOUS
10
0.0052831496062992
20
1.3618713779527558
11
0.0053397244094488
21
1.3619203937007873
0
LINE
8
BLACK
6
CONTINUOUS
10
0.0053397244094488
20
1.3619203937007873
11
0.0053851181102362
21
1.3619355511811024
0
LINE
8
BLACK
6
CONTINUOUS
10
0.0053851181102362
20
1.3619355511811024
11
0.0054814960629921
21
1.3619961811023622
0
LINE
8
BLACK
6
CONTINUOUS
10
0.0054814960629921
20
1.3619961811023622
11
0.0092310236220472
21
1.3638709448818898
0
LINE
8
BLACK
6
CONTINUOUS
10
0.0092310236220472
20
1.3638709448818898
11
0.0097716141732283
21
1.3640778346456692
0
LINE
8
BLACK
6
CONTINUOUS
10
0.0097716141732283
20
1.3640778346456692
11
0.0098774803149606
21
1.3640853937007873
0
LINE
8
BLACK
6
CONTINUOUS
10
0.0098774803149606
20
1.3640853937007873
11
0.0099754724409449
21
1.3641259448818897
0
LINE
8
BLACK
6
CONTINUOUS
10
0.0099754724409449
20
1.3641259448818897
11
0.0105515354330709
21
1.3641826771653542
0
LINE
8
BLACK
6
CONTINUOUS
10
0.0105515354330709
20
1.3641826771653542
11
0.0311739763779528
21
1.3641826771653542
0
LINE
8
BLACK
6
CONTINUOUS
10
0.0311739763779528
20
1.3641826771653542
11
0.0317500393700787
21
1.3641259448818897
0
LINE
8
BLACK
6
CONTINUOUS
10
1.8920503543307086
20
1.4554937007874016
11
1.8921483464566928
21
1.4554531102362205
0
LINE
8
BLACK
6
CONTINUOUS
10
1.8921483464566928
20
1.4554531102362205
11
1.8922541732283464
21
1.4554455905511812
0
LINE
8
BLACK
6
CONTINUOUS
10
1.8922541732283464
20
1.4554455905511812
11
1.8927948031496062
21
1.4552387007874015
0
LINE
8
BLACK
6
CONTINUOUS
10
1.8927948031496062
20
1.4552387007874015
11
1.8965443307086614
21
1.4533639370078739
0
LINE
8
BLACK
6
CONTINUOUS
10
1.8965443307086614
20
1.4533639370078739
11
1.8967923228346457
21
1.4532078740157479
0
LINE
8
BLACK
6
CONTINUOUS
10
1.8967923228346457
20
1.4532078740157479
11
1.8968642913385827
21
1.4531780314960629
0
LINE
8
BLACK
6
CONTINUOUS
10
1.8968642913385827
20
1.4531780314960629
11
1.8969452362204724
21
1.4531115748031496
0
LINE
8
BLACK
6
CONTINUOUS
10
1.8969452362204724
20
1.4531115748031496
11
1.8970342125984252
21
1.4530555905511811
0
LINE
8
BLACK
6
CONTINUOUS
10
1.8970342125984252
20
1.4530555905511811
11
1.8970853543307087
21
1.4529966141732282
0
LINE
8
BLACK
6
CONTINUOUS
10
1.8970853543307087
20
1.4529966141732282
11
1.8973117322834645
21
1.4528108267716535
0
LINE
8
BLACK
6
CONTINUOUS
10
1.8973117322834645
20
1.4528108267716535
11
1.8991864960629921
21
1.450936062992126
0
LINE
8
BLACK
6
CONTINUOUS
10
1.8991864960629921
20
1.450936062992126
11
1.8993722440944882
21
1.4507097244094487
0
LINE
8
BLACK
6
CONTINUOUS
10
1.8993722440944882
20
1.4507097244094487
11
1.8994312598425196
21
1.4506585433070867
0
LINE
8
BLACK
6
CONTINUOUS
10
1.8994312598425196
20
1.4506585433070867
11
1.8994872047244094
21
1.4505696062992126
0
LINE
8
BLACK
6
CONTINUOUS
10
1.8994872047244094
20
1.4505696062992126
11
1.8995537007874015
21
1.4504886220472442
0
LINE
8
BLACK
6
CONTINUOUS
10
1.8995537007874015
20
1.4504886220472442
11
1.8995835039370079
21
1.4504166929133857
0
LINE
8
BLACK
6
CONTINUOUS
10
1.8995835039370079
20
1.4504166929133857
11
1.8997396062992125
21
1.4501686614173228
0
LINE
8
BLACK
6
CONTINUOUS
10
1.8997396062992125
20
1.4501686614173228
11
1.90161437007874
21
1.4464191338582677
0
LINE
8
BLACK
6
CONTINUOUS
10
1.90161437007874
20
1.4464191338582677
11
1.9018212598425197
21
1.4458785433070866
0
LINE
8
BLACK
6
CONTINUOUS
10
1.9018212598425197
20
1.4458785433070866
11
1.901828779527559
21
1.4457726771653543
0
LINE
8
BLACK
6
CONTINUOUS
10
1.901828779527559
20
1.4457726771653543
11
1.9018693700787401
21
1.44567468503937
0
LINE
8
BLACK
6
CONTINUOUS
10
1.9018693700787401
20
1.44567468503937
11
1.9019261023622047
21
1.4450986220472442
0
LINE
8
BLACK
6
CONTINUOUS
10
1.9019261023622047
20
1.4450986220472442
11
1.9019261023622047
21
1.441349094488189
0
LINE
8
BLACK
6
CONTINUOUS
10
1.9019261023622047
20
1.441349094488189
11
1.9018973622047244
21
1.4410575196850393
0
LINE
8
BLACK
6
CONTINUOUS
10
1.9018973622047244
20
1.4410575196850393
11
1.9019029133858267
21
1.4409797637795276
0
LINE
8
BLACK
6
CONTINUOUS
10
1.9019029133858267
20
1.4409797637795276
11
1.9018796456692912
21
1.4408775196850394
0
LINE
8
BLACK
6
CONTINUOUS
10
1.9018796456692912
20
1.4408775196850394
11
1.9018693700787401
21
1.440773031496063
0
LINE
8
BLACK
6
CONTINUOUS
10
1.9018693700787401
20
1.440773031496063
11
1.9018394881889764
21
1.4407009842519685
0
LINE
8
BLACK
6
CONTINUOUS
10
1.9018394881889764
20
1.4407009842519685
11
1.9017745669291337
21
1.4404153149606298
0
LINE
8
BLACK
6
CONTINUOUS
10
1.9017745669291337
20
1.4404153149606298
11
1.8998998031496062
21
1.4347910629921259
0
LINE
8
BLACK
6
CONTINUOUS
10
1.8998998031496062
20
1.4347910629921259
11
1.8996638188976378
21
1.4342624803149606
0
LINE
8
BLACK
6
CONTINUOUS
10
1.8996638188976378
20
1.4342624803149606
11
1.8995943307086613
21
1.434182401574803
0
LINE
8
BLACK
6
CONTINUOUS
10
1.8995943307086613
20
1.434182401574803
11
1.8995537401574802
21
1.4340843307086615
0
LINE
8
BLACK
6
CONTINUOUS
10
1.8995537401574802
20
1.4340843307086615
11
1.8991864960629921
21
1.4336368897637795
0
LINE
8
BLACK
6
CONTINUOUS
10
1.8991864960629921
20
1.4336368897637795
11
1.8817299999999999
21
1.4161803543307085
0
LINE
8
BLACK
6
CONTINUOUS
10
1.8817299999999999
20
1.4161803543307085
11
1.8989733464566929
21
1.4161803543307085
0
LINE
8
BLACK
6
CONTINUOUS
10
1.8989733464566929
20
1.4161803543307085
11
1.8995494094488188
21
1.416123622047244
0
LINE
8
BLACK
6
CONTINUOUS
10
1.8995494094488188
20
1.416123622047244
11
1.9006138188976378
21
1.4156827165354331
0
LINE
8
BLACK
6
CONTINUOUS
10
1.9006138188976378
20
1.4156827165354331
11
1.901428464566929
21
1.4148680708661416
0
LINE
8
BLACK
6
CONTINUOUS
10
1.901428464566929
20
1.4148680708661416
11
1.9018693700787401
21
1.4138036614173228
0
LINE
8
BLACK
6
CONTINUOUS
10
1.9018693700787401
20
1.4138036614173228
11
1.9018693700787401
21
1.4126515354330709
0
LINE
8
BLACK
6
CONTINUOUS
10
1.9018693700787401
20
1.4126515354330709
11
1.901428464566929
21
1.4115871259842518
0
LINE
8
BLACK
6
CONTINUOUS
10
1.901428464566929
20
1.4115871259842518
11
1.9006138188976378
21
1.4107724803149606
0
LINE
8
BLACK
6
CONTINUOUS
10
1.9006138188976378
20
1.4107724803149606
11
1.8995494094488188
21
1.4103315748031495
0
LINE
8
BLACK
6
CONTINUOUS
10
1.8995494094488188
20
1.4103315748031495
11
1.8989733464566929
21
1.4102748425196849
0
LINE
8
BLACK
6
CONTINUOUS
10
1.8989733464566929
20
1.4102748425196849
11
1.8746014173228347
21
1.4102748425196849
0
LINE
8
BLACK
6
CONTINUOUS
10
1.8746014173228347
20
1.4102748425196849
11
1.8740253543307086
21
1.4103315748031495
0
LINE
8
BLACK
6
CONTINUOUS
10
1.8740253543307086
20
1.4103315748031495
11
1.8729609448818898
21
1.4107724803149606
0
LINE
8
BLACK
6
CONTINUOUS
10
1.8729609448818898
20
1.4107724803149606
11
1.8721462992125983
21
1.4115871259842518
0
LINE
8
BLACK
6
CONTINUOUS
10
1.8721462992125983
20
1.4115871259842518
11
1.8717053937007873
21
1.4126515354330709
0
LINE
8
BLACK
6
CONTINUOUS
10
1.8717053937007873
20
1.4126515354330709
11
1.8717053937007873
21
1.4138036614173228
0
LINE
8
BLACK
6
CONTINUOUS
10
1.8717053937007873
20
1.4138036614173228
11
1.8721462992125983
21
1.4148680708661416
0
LINE
8
BLACK
6
CONTINUOUS
10
1.8721462992125983
20
1.4148680708661416
11
1.8725135039370078
21
1.4153155118110237
0
LINE
8
BLACK
6
CONTINUOUS
10
1.8725135039370078
20
1.4153155118110237
11
1.8945177559055117
21
1.4373198425196849
0
LINE
8
BLACK
6
CONTINUOUS
10
1.8945177559055117
20
1.4373198425196849
11
1.8960205905511811
21
1.4418282283464567
0
LINE
8
BLACK
6
CONTINUOUS
10
1.8960205905511811
20
1.4418282283464567
11
1.8960205905511811
21
1.4444015748031496
0
LINE
8
BLACK
6
CONTINUOUS
10
1.8960205905511811
20
1.4444015748031496
11
1.8946718503937008
21
1.4470990551181102
0
LINE
8
BLACK
6
CONTINUOUS
10
1.8946718503937008
20
1.4470990551181102
11
1.8934747244094488
21
1.4482961811023622
0
LINE
8
BLACK
6
CONTINUOUS
10
1.8934747244094488
20
1.4482961811023622
11
1.8907772440944881
21
1.4496449212598426
0
LINE
8
BLACK
6
CONTINUOUS
10
1.8907772440944881
20
1.4496449212598426
11
1.8827975196850393
21
1.4496449212598426
0
LINE
8
BLACK
6
CONTINUOUS
10
1.8827975196850393
20
1.4496449212598426
11
1.8801000393700786
21
1.4482961811023622
0
LINE
8
BLACK
6
CONTINUOUS
10
1.8801000393700786
20
1.4482961811023622
11
1.878564094488189
21
1.4467602362204723
0
LINE
8
BLACK
6
CONTINUOUS
10
1.878564094488189
20
1.4467602362204723
11
1.8781166535433071
21
1.4463930314960629
0
LINE
8
BLACK
6
CONTINUOUS
10
1.8781166535433071
20
1.4463930314960629
11
1.8770522047244094
21
1.445952125984252
0
LINE
8
BLACK
6
CONTINUOUS
10
1.8770522047244094
20
1.445952125984252
11
1.8759001574803149
21
1.445952125984252
0
LINE
8
BLACK
6
CONTINUOUS
10
1.8759001574803149
20
1.445952125984252
11
1.8748357086614174
21
1.4463930314960629
0
LINE
8
BLACK
6
CONTINUOUS
10
1.8748357086614174
20
1.4463930314960629
11
1.8740210629921259
21
1.4472076771653544
0
LINE
8
BLACK
6
CONTINUOUS
10
1.8740210629921259
20
1.4472076771653544
11
1.8735801574803148
21
1.4482721259842519
0
LINE
8
BLACK
6
CONTINUOUS
10
1.8735801574803148
20
1.4482721259842519
11
1.8735801574803148
21
1.4494241732283464
0
LINE
8
BLACK
6
CONTINUOUS
10
1.8735801574803148
20
1.4494241732283464
11
1.8740210629921259
21
1.4504886220472442
0
LINE
8
BLACK
6
CONTINUOUS
10
1.8740210629921259
20
1.4504886220472442
11
1.8743882677165353
21
1.450936062992126
0
LINE
8
BLACK
6
CONTINUOUS
10
1.8743882677165353
20
1.450936062992126
11
1.8762630314960629
21
1.4528108267716535
0
LINE
8
BLACK
6
CONTINUOUS
10
1.8762630314960629
20
1.4528108267716535
11
1.8764893700787402
21
1.4529966141732282
0
LINE
8
BLACK
6
CONTINUOUS
10
1.8764893700787402
20
1.4529966141732282
11
1.8765405511811024
21
1.4530555905511811
0
LINE
8
BLACK
6
CONTINUOUS
10
1.8765405511811024
20
1.4530555905511811
11
1.8766294881889762
21
1.4531115748031496
0
LINE
8
BLACK
6
CONTINUOUS
10
1.8766294881889762
20
1.4531115748031496
11
1.8767104724409449
21
1.4531780314960629
0
LINE
8
BLACK
6
CONTINUOUS
10
1.8767104724409449
20
1.4531780314960629
11
1.8767824015748031
21
1.4532078740157479
0
LINE
8
BLACK
6
CONTINUOUS
10
1.8767824015748031
20
1.4532078740157479
11
1.877030433070866
21
1.4533639370078739
0
LINE
8
BLACK
6
CONTINUOUS
10
1.877030433070866
20
1.4533639370078739
11
1.8807799606299211
21
1.4552387007874015
0
LINE
8
BLACK
6
CONTINUOUS
10
1.8807799606299211
20
1.4552387007874015
11
1.8813205511811024
21
1.4554455905511812
0
LINE
8
BLACK
6
CONTINUOUS
10
1.8813205511811024
20
1.4554455905511812
11
1.8814264173228346
21
1.4554531496062992
0
LINE
8
BLACK
6
CONTINUOUS
10
1.8814264173228346
20
1.4554531496062992
11
1.8815244094488188
21
1.4554937007874016
0
LINE
8
BLACK
6
CONTINUOUS
10
1.8815244094488188
20
1.4554937007874016
11
1.8821004724409449
21
1.4555504330708662
0
LINE
8
BLACK
6
CONTINUOUS
10
1.8821004724409449
20
1.4555504330708662
11
1.8914742913385827
21
1.4555504330708662
0
LINE
8
BLACK
6
CONTINUOUS
10
1.8914742913385827
20
1.4555504330708662
11
1.8920503543307086
21
1.4554937007874016
0
LINE
8
BLACK
6
CONTINUOUS
10
1.9389194881889764
20
1.4554937007874016
11
1.9389364173228345
21
1.4554866929133858
0
LINE
8
BLACK
6
CONTINUOUS
10
1.9389364173228345
20
1.4554866929133858
11
1.9389547244094487
21
1.4554864566929133
0
LINE
8
BLACK
6
CONTINUOUS
10
1.9389547244094487
20
1.4554864566929133
11
1.9394667716535432
21
1.4552670078740157
0
LINE
8
BLACK
6
CONTINUOUS
10
1.9394667716535432
20
1.4552670078740157
11
1.9399838976377952
21
1.4550527952755905
0
LINE
8
BLACK
6
CONTINUOUS
10
1.9399838976377952
20
1.4550527952755905
11
1.9399968503937008
21
1.4550398425196851
0
LINE
8
BLACK
6
CONTINUOUS
10
1.9399968503937008
20
1.4550398425196851
11
1.9400137007874014
21
1.4550325984251968
0
LINE
8
BLACK
6
CONTINUOUS
10
1.9400137007874014
20
1.4550325984251968
11
1.9404032677165355
21
1.4546334251968505
0
LINE
8
BLACK
6
CONTINUOUS
10
1.9404032677165355
20
1.4546334251968505
11
1.9407985433070867
21
1.4542381496062993
0
LINE
8
BLACK
6
CONTINUOUS
10
1.9407985433070867
20
1.4542381496062993
11
1.9408055511811024
21
1.454221220472441
0
LINE
8
BLACK
6
CONTINUOUS
10
1.9408055511811024
20
1.454221220472441
11
1.9408183858267716
21
1.4542080708661418
0
LINE
8
BLACK
6
CONTINUOUS
10
1.9408183858267716
20
1.4542080708661418
11
1.9410259842519684
21
1.4536890944881888
0
LINE
8
BLACK
6
CONTINUOUS
10
1.9410259842519684
20
1.4536890944881888
11
1.9412394488188975
21
1.4531737401574802
0
LINE
8
BLACK
6
CONTINUOUS
10
1.9412394488188975
20
1.4531737401574802
11
1.9412394488188975
21
1.453155433070866
0
LINE
8
BLACK
6
CONTINUOUS
10
1.9412394488188975
20
1.453155433070866
11
1.9412462598425198
21
1.4531383858267717
0
LINE
8
BLACK
6
CONTINUOUS
10
1.9412462598425198
20
1.4531383858267717
11
1.9412394488188975
21
1.4525801181102362
0
LINE
8
BLACK
6
CONTINUOUS
10
1.9412394488188975
20
1.4525801181102362
11
1.9412394488188975
21
1.4520216141732283
0
LINE
8
BLACK
6
CONTINUOUS
10
1.9412394488188975
20
1.4520216141732283
11
1.941232401574803
21
1.45200468503937
0
LINE
8
BLACK
6
CONTINUOUS
10
1.941232401574803
20
1.45200468503937
11
1.9412322047244095
21
1.4519863385826772
0
LINE
8
BLACK
6
CONTINUOUS
10
1.9412322047244095
20
1.4519863385826772
11
1.9410574409448818
21
1.451434527559055
0
LINE
8
BLACK
6
CONTINUOUS
10
1.9410574409448818
20
1.451434527559055
11
1.9241845669291338
21
1.4120644488188976
0
LINE
8
BLACK
6
CONTINUOUS
10
1.9241845669291338
20
1.4120644488188976
11
1.9239055118110235
21
1.4115573228346456
0
LINE
8
BLACK
6
CONTINUOUS
10
1.9239055118110235
20
1.4115573228346456
11
1.9230809448818897
21
1.4107526377952755
0
LINE
8
BLACK
6
CONTINUOUS
10
1.9230809448818897
20
1.4107526377952755
11
1.9220112598425196
21
1.4103247637795275
0
LINE
8
BLACK
6
CONTINUOUS
10
1.9220112598425196
20
1.4103247637795275
11
1.9208592519685039
21
1.4103388188976378
0
LINE
8
BLACK
6
CONTINUOUS
10
1.9208592519685039
20
1.4103388188976378
11
1.9198002755905512
21
1.4107926377952755
0
LINE
8
BLACK
6
CONTINUOUS
10
1.9198002755905512
20
1.4107926377952755
11
1.9189955905511811
21
1.4116172047244093
0
LINE
8
BLACK
6
CONTINUOUS
10
1.9189955905511811
20
1.4116172047244093
11
1.9185677165354331
21
1.4126868897637794
0
LINE
8
BLACK
6
CONTINUOUS
10
1.9185677165354331
20
1.4126868897637794
11
1.9185817716535432
21
1.4138388976377951
0
LINE
8
BLACK
6
CONTINUOUS
10
1.9185817716535432
20
1.4138388976377951
11
1.9187565354330709
21
1.4143907480314961
0
LINE
8
BLACK
6
CONTINUOUS
10
1.9187565354330709
20
1.4143907480314961
11
1.933865433070866
21
1.4496449212598426
0
LINE
8
BLACK
6
CONTINUOUS
10
1.933865433070866
20
1.4496449212598426
11
1.9120967322834646
21
1.4496449212598426
0
LINE
8
BLACK
6
CONTINUOUS
10
1.9120967322834646
20
1.4496449212598426
11
1.9115206692913385
21
1.4497016535433072
0
LINE
8
BLACK
6
CONTINUOUS
10
1.9115206692913385
20
1.4497016535433072
11
1.9104562598425197
21
1.450142559055118
0
LINE
8
BLACK
6
CONTINUOUS
10
1.9104562598425197
20
1.450142559055118
11
1.9096416141732282
21
1.4509572047244095
0
LINE
8
BLACK
6
CONTINUOUS
10
1.9096416141732282
20
1.4509572047244095
11
1.9092007086614173
21
1.4520216141732283
0
LINE
8
BLACK
6
CONTINUOUS
10
1.9092007086614173
20
1.4520216141732283
11
1.9092007086614173
21
1.4531737401574802
0
LINE
8
BLACK
6
CONTINUOUS
10
1.9092007086614173
20
1.4531737401574802
11
1.9096416141732282
21
1.4542381496062993
0
LINE
8
BLACK
6
CONTINUOUS
10
1.9096416141732282
20
1.4542381496062993
11
1.9104562598425197
21
1.4550527952755905
0
LINE
8
BLACK
6
CONTINUOUS
10
1.9104562598425197
20
1.4550527952755905
11
1.9115206692913385
21
1.4554937007874016
0
LINE
8
BLACK
6
CONTINUOUS
10
1.9115206692913385
20
1.4554937007874016
11
1.9120967322834646
21
1.4555504330708662
0
LINE
8
BLACK
6
CONTINUOUS
10
1.9120967322834646
20
1.4555504330708662
11
1.9383434251968503
21
1.4555504330708662
0
LINE
8
BLACK
6
CONTINUOUS
10
1.9383434251968503
20
1.4555504330708662
11
1.9389194881889764
21
1.4554937007874016
0
LINE
8
BLACK
6
CONTINUOUS
10
2.7564757086614171
20
2.575922244094488
11
2.7570128740157478
21
2.5757065748031494
0
LINE
8
BLACK
6
CONTINUOUS
10
2.7570128740157478
20
2.5757065748031494
11
2.7970472440944882
21
2.5548660236220471
0
LINE
8
BLACK
6
CONTINUOUS
10
2.7970472440944882
20
2.5548660236220471
11
2.7970472440944882
21
2.5730874015748033
0
LINE
8
BLACK
6
CONTINUOUS
10
2.7970472440944882
20
2.5730874015748033
11
2.7971039763779526
21
2.5736634645669292
0
LINE
8
BLACK
6
CONTINUOUS
10
2.7971039763779526
20
2.5736634645669292
11
2.7975448818897637
21
2.574727874015748
0
LINE
8
BLACK
6
CONTINUOUS
10
2.7975448818897637
20
2.574727874015748
11
2.7983595275590551
21
2.5755425196850394
0
LINE
8
BLACK
6
CONTINUOUS
10
2.7983595275590551
20
2.5755425196850394
11
2.799423937007874
21
2.5759834251968505
0
LINE
8
BLACK
6
CONTINUOUS
10
2.799423937007874
20
2.5759834251968505
11
2.8005760629921261
21
2.5759834251968505
0
LINE
8
BLACK
6
CONTINUOUS
10
2.8005760629921261
20
2.5759834251968505
11
2.8016404724409449
21
2.5755425196850394
0
LINE
8
BLACK
6
CONTINUOUS
10
2.8016404724409449
20
2.5755425196850394
11
2.802455118110236
21
2.574727874015748
0
LINE
8
BLACK
6
CONTINUOUS
10
2.802455118110236
20
2.574727874015748
11
2.802896023622047
21
2.5736634645669292
0
LINE
8
BLACK
6
CONTINUOUS
10
2.802896023622047
20
2.5736634645669292
11
2.8029527559055119
21
2.5730874015748033
0
LINE
8
BLACK
6
CONTINUOUS
10
2.8029527559055119
20
2.5730874015748033
11
2.8029527559055119
21
2.2196850393700789
0
LINE
8
BLACK
6
CONTINUOUS
10
2.8029527559055119
20
2.2196850393700789
11
2.802896023622047
21
2.2191089763779526
0
LINE
8
BLACK
6
CONTINUOUS
10
2.802896023622047
20
2.2191089763779526
11
2.802455118110236
21
2.2180445669291338
0
LINE
8
BLACK
6
CONTINUOUS
10
2.802455118110236
20
2.2180445669291338
11
2.8016404724409449
21
2.2172299212598423
0
LINE
8
BLACK
6
CONTINUOUS
10
2.8016404724409449
20
2.2172299212598423
11
2.8005760629921261
21
2.2167890157480317
0
LINE
8
BLACK
6
CONTINUOUS
10
2.8005760629921261
20
2.2167890157480317
11
2.799423937007874
21
2.2167890157480317
0
LINE
8
BLACK
6
CONTINUOUS
10
2.799423937007874
20
2.2167890157480317
11
2.7983595275590551
21
2.2172299212598423
0
LINE
8
BLACK
6
CONTINUOUS
10
2.7983595275590551
20
2.2172299212598423
11
2.7975448818897637
21
2.2180445669291338
0
LINE
8
BLACK
6
CONTINUOUS
10
2.7975448818897637
20
2.2180445669291338
11
2.7971039763779526
21
2.2191089763779526
0
LINE
8
BLACK
6
CONTINUOUS
10
2.7971039763779526
20
2.2191089763779526
11
2.7970472440944882
21
2.2196850393700789
0
LINE
8
BLACK
6
CONTINUOUS
10
2.7970472440944882
20
2.2196850393700789
11
2.7970472440944882
21
2.5451340157480313
0
LINE
8
BLACK
6
CONTINUOUS
10
2.7970472440944882
20
2.5451340157480313
11
2.7570128740157478
21
2.5242934251968503
0
LINE
8
BLACK
6
CONTINUOUS
10
2.7570128740157478
20
2.5242934251968503
11
2.7564757086614171
21
2.5240777559055116
0
LINE
8
BLACK
6
CONTINUOUS
10
2.7564757086614171
20
2.5240777559055116
11
2.7553279921259843
21
2.5239773622047244
0
LINE
8
BLACK
6
CONTINUOUS
10
2.7553279921259843
20
2.5239773622047244
11
2.7542292125984251
21
2.5243237795275588
0
LINE
8
BLACK
6
CONTINUOUS
10
2.7542292125984251
20
2.5243237795275588
11
2.7533466535433071
21
2.5250643307086613
0
LINE
8
BLACK
6
CONTINUOUS
10
2.7533466535433071
20
2.5250643307086613
11
2.7528146456692912
21
2.5260862992125985
0
LINE
8
BLACK
6
CONTINUOUS
10
2.7528146456692912
20
2.5260862992125985
11
2.7527142519685039
21
2.5272340157480313
0
LINE
8
BLACK
6
CONTINUOUS
10
2.7527142519685039
20
2.5272340157480313
11
2.7530606692913384
21
2.5283327952755905
0
LINE
8
BLACK
6
CONTINUOUS
10
2.7530606692913384
20
2.5283327952755905
11
2.7538012204724409
21
2.5292153543307085
0
LINE
8
BLACK
6
CONTINUOUS
10
2.7538012204724409
20
2.5292153543307085
11
2.754286023622047
21
2.5295316929133858
0
LINE
8
BLACK
6
CONTINUOUS
10
2.754286023622047
20
2.5295316929133858
11
2.7879330708661416
21
2.5470472440944882
0
LINE
8
BLACK
6
CONTINUOUS
10
2.7879330708661416
20
2.5470472440944882
11
0.4120669291338583
21
2.5470472440944882
0
LINE
8
BLACK
6
CONTINUOUS
10
0.4120669291338583
20
2.5470472440944882
11
0.4457139763779527
21
2.5295316929133858
0
LINE
8
BLACK
6
CONTINUOUS
10
0.4457139763779527
20
2.5295316929133858
11
0.4461987401574803
21
2.5292153543307085
0
LINE
8
BLACK
6
CONTINUOUS
10
0.4461987401574803
20
2.5292153543307085
11
0.4469392913385827
21
2.5283327952755905
0
LINE
8
BLACK
6
CONTINUOUS
10
0.4469392913385827
20
2.5283327952755905
11
0.4472857480314961
21
2.5272340157480313
0
LINE
8
BLACK
6
CONTINUOUS
10
0.4472857480314961
20
2.5272340157480313
11
0.4471853543307087
21
2.5260862992125985
0
LINE
8
BLACK
6
CONTINUOUS
10
0.4471853543307087
20
2.5260862992125985
11
0.4466533464566929
21
2.5250643700787401
0
LINE
8
BLACK
6
CONTINUOUS
10
0.4466533464566929
20
2.5250643700787401
11
0.4457707874015748
21
2.5243238188976376
0
LINE
8
BLACK
6
CONTINUOUS
10
0.4457707874015748
20
2.5243238188976376
11
0.4446720078740157
21
2.5239773622047244
0
LINE
8
BLACK
6
CONTINUOUS
10
0.4446720078740157
20
2.5239773622047244
11
0.4435242913385827
21
2.5240777559055116
0
LINE
8
BLACK
6
CONTINUOUS
10
0.4435242913385827
20
2.5240777559055116
11
0.4429871259842519
21
2.5242934251968503
0
LINE
8
BLACK
6
CONTINUOUS
10
0.4429871259842519
20
2.5242934251968503
11
0.4029527559055118
21
2.5451340157480313
0
LINE
8
BLACK
6
CONTINUOUS
10
0.4029527559055118
20
2.5451340157480313
11
0.4029527559055118
21
2.2196850393700789
0
LINE
8
BLACK
6
CONTINUOUS
10
0.4029527559055118
20
2.2196850393700789
11
0.4028960236220472
21
2.2191089763779526
0
LINE
8
BLACK
6
CONTINUOUS
10
0.4028960236220472
20
2.2191089763779526
11
0.4024551181102362
21
2.2180445669291338
0
LINE
8
BLACK
6
CONTINUOUS
10
0.4024551181102362
20
2.2180445669291338
11
0.4016404724409449
21
2.2172299212598423
0
LINE
8
BLACK
6
CONTINUOUS
10
0.4016404724409449
20
2.2172299212598423
11
0.4005760629921259
21
2.2167890157480317
0
LINE
8
BLACK
6
CONTINUOUS
10
0.4005760629921259
20
2.2167890157480317
11
0.399423937007874
21
2.2167890157480317
0
LINE
8
BLACK
6
CONTINUOUS
10
0.399423937007874
20
2.2167890157480317
11
0.3983595275590551
21
2.2172299212598423
0
LINE
8
BLACK
6
CONTINUOUS
10
0.3983595275590551
20
2.2172299212598423
11
0.3975448818897638
21
2.2180445669291338
0
LINE
8
BLACK
6
CONTINUOUS
10
0.3975448818897638
20
2.2180445669291338
11
0.3971039763779527
21
2.2191089763779526
0
LINE
8
BLACK
6
CONTINUOUS
10
0.3971039763779527
20
2.2191089763779526
11
0.3970472440944882
21
2.2196850393700789
0
LINE
8
BLACK
6
CONTINUOUS
10
0.3970472440944882
20
2.2196850393700789
11
0.3970472440944882
21
2.5730874015748033
0
LINE
8
BLACK
6
CONTINUOUS
10
0.3970472440944882
20
2.5730874015748033
11
0.3971039763779527
21
2.5736634645669292
0
LINE
8
BLACK
6
CONTINUOUS
10
0.3971039763779527
20
2.5736634645669292
11
0.3975448818897638
21
2.574727874015748
0
LINE
8
BLACK
6
CONTINUOUS
10
0.3975448818897638
20
2.574727874015748
11
0.3983595275590551
21
2.5755425196850394
0
LINE
8
BLACK
6
CONTINUOUS
10
0.3983595275590551
20
2.5755425196850394
11
0.399423937007874
21
2.5759834251968505
0
LINE
8
BLACK
6
CONTINUOUS
10
0.399423937007874
20
2.5759834251968505
11
0.4005760629921259
21
2.5759834251968505
0
LINE
8
BLACK
6
CONTINUOUS
10
0.4005760629921259
20
2.5759834251968505
11
0.4016404724409449
21
2.5755425196850394
0
LINE
8
BLACK
6
CONTINUOUS
10
0.4016404724409449
20
2.5755425196850394
11
0.4024551181102362
21
2.574727874015748
0
LINE
8
BLACK
6
CONTINUOUS
10
0.4024551181102362
20
2.574727874015748
11
0.4028960236220472
21
2.5736634645669292
0
LINE
8
BLACK
6
CONTINUOUS
10
0.4028960236220472
20
2.5736634645669292
11
0.4029527559055118
21
2.5730874015748033
0
LINE
8
BLACK
6
CONTINUOUS
10
0.4029527559055118
20
2.5730874015748033
11
0.4029527559055118
21
2.5548660236220471
0
LINE
8
BLACK
6
CONTINUOUS
10
0.4029527559055118
20
2.5548660236220471
11
0.4429871259842519
21
2.5757065748031494
0
LINE
8
BLACK
6
CONTINUOUS
10
0.4429871259842519
20
2.5757065748031494
11
0.4435242913385827
21
2.575922244094488
0
LINE
8
BLACK
6
CONTINUOUS
10
0.4435242913385827
20
2.575922244094488
11
0.4446720078740157
21
2.5760226377952757
0
LINE
8
BLACK
6
CONTINUOUS
10
0.4446720078740157
20
2.5760226377952757
11
0.4457707874015748
21
2.5756761811023621
0
LINE
8
BLACK
6
CONTINUOUS
10
0.4457707874015748
20
2.5756761811023621
11
0.4466533464566929
21
2.5749356299212596
0
LINE
8
BLACK
6
CONTINUOUS
10
0.4466533464566929
20
2.5749356299212596
11
0.4471853543307087
21
2.5739137007874016
0
LINE
8
BLACK
6
CONTINUOUS
10
0.4471853543307087
20
2.5739137007874016
11
0.4472857480314961
21
2.5727659842519683
0
LINE
8
BLACK
6
CONTINUOUS
10
0.4472857480314961
20
2.5727659842519683
11
0.4469392913385827
21
2.5716672047244096
0
LINE
8
BLACK
6
CONTINUOUS
10
0.4469392913385827
20
2.5716672047244096
11
0.4461987401574803
21
2.5707846456692911
0
LINE
8
BLACK
6
CONTINUOUS
10
0.4461987401574803
20
2.5707846456692911
11
0.4457139763779527
21
2.5704683070866143
0
LINE
8
BLACK
6
CONTINUOUS
10
0.4457139763779527
20
2.5704683070866143
11
0.4120669291338583
21
2.5529527559055119
0
LINE
8
BLACK
6
CONTINUOUS
10
0.4120669291338583
20
2.5529527559055119
11
2.7879330708661416
21
2.5529527559055119
0
LINE
8
BLACK
6
CONTINUOUS
10
2.7879330708661416
20
2.5529527559055119
11
2.754286023622047
21
2.5704683070866143
0
LINE
8
BLACK
6
CONTINUOUS
10
2.754286023622047
20
2.5704683070866143
11
2.7538012204724409
21
2.5707846456692911
0
LINE
8
BLACK
6
CONTINUOUS
10
2.7538012204724409
20
2.5707846456692911
11
2.7530606692913384
21
2.5716672047244096
0
LINE
8
BLACK
6
CONTINUOUS
10
2.7530606692913384
20
2.5716672047244096
11
2.7527142519685039
21
2.5727659842519683
0
LINE
8
BLACK
6
CONTINUOUS
10
2.7527142519685039
20
2.5727659842519683
11
2.7528146456692912
21
2.5739137007874016
0
LINE
8
BLACK
6
CONTINUOUS
10
2.7528146456692912
20
2.5739137007874016
11
2.7533466535433071
21
2.5749356692913383
0
LINE
8
BLACK
6
CONTINUOUS
10
2.7533466535433071
20
2.5749356692913383
11
2.7542292125984251
21
2.5756762204724408
0
LINE
8
BLACK
6
CONTINUOUS
10
2.7542292125984251
20
2.5756762204724408
11
2.7553279921259843
21
2.5760226377952757
0
LINE
8
BLACK
6
CONTINUOUS
10
2.7553279921259843
20
2.5760226377952757
11
2.7564757086614171
21
2.575922244094488
0
LINE
8
BLACK
6
CONTINUOUS
10
1.4749667716535433
20
2.619635433070866
11
1.4760311811023621
21
2.6191945275590549
0
LINE
8
BLACK
6
CONTINUOUS
10
1.4760311811023621
20
2.6191945275590549
11
1.4768458267716535
21
2.6183798818897639
0
LINE
8
BLACK
6
CONTINUOUS
10
1.4768458267716535
20
2.6183798818897639
11
1.4772867322834646
21
2.6173154724409446
0
LINE
8
BLACK
6
CONTINUOUS
10
1.4772867322834646
20
2.6173154724409446
11
1.4772867322834646
21
2.6161633464566929
0
LINE
8
BLACK
6
CONTINUOUS
10
1.4772867322834646
20
2.6161633464566929
11
1.4768458267716535
21
2.6150989370078741
0
LINE
8
BLACK
6
CONTINUOUS
10
1.4768458267716535
20
2.6150989370078741
11
1.4760311811023621
21
2.6142842913385826
0
LINE
8
BLACK
6
CONTINUOUS
10
1.4760311811023621
20
2.6142842913385826
11
1.4749667716535433
21
2.6138433858267716
0
LINE
8
BLACK
6
CONTINUOUS
10
1.4749667716535433
20
2.6138433858267716
11
1.4743907086614172
21
2.6137866535433072
0
LINE
8
BLACK
6
CONTINUOUS
10
1.4743907086614172
20
2.6137866535433072
11
1.4675887007874016
21
2.6137866535433072
0
LINE
8
BLACK
6
CONTINUOUS
10
1.4675887007874016
20
2.6137866535433072
11
1.4648912204724409
21
2.6124379133858269
0
LINE
8
BLACK
6
CONTINUOUS
10
1.4648912204724409
20
2.6124379133858269
11
1.4635620078740157
21
2.6111087401574804
0
LINE
8
BLACK
6
CONTINUOUS
10
1.4635620078740157
20
2.6111087401574804
11
1.4602583858267717
21
2.6061532677165355
0
LINE
8
BLACK
6
CONTINUOUS
10
1.4602583858267717
20
2.6061532677165355
11
1.4595290944881889
21
2.6032360629921261
0
LINE
8
BLACK
6
CONTINUOUS
10
1.4595290944881889
20
2.6032360629921261
11
1.4618216141732283
21
2.6043823228346454
0
LINE
8
BLACK
6
CONTINUOUS
10
1.4618216141732283
20
2.6043823228346454
11
1.4623622047244094
21
2.6045892125984254
0
LINE
8
BLACK
6
CONTINUOUS
10
1.4623622047244094
20
2.6045892125984254
11
1.4624680708661417
21
2.6045967716535432
0
LINE
8
BLACK
6
CONTINUOUS
10
1.4624680708661417
20
2.6045967716535432
11
1.462566062992126
21
2.6046373228346456
0
LINE
8
BLACK
6
CONTINUOUS
10
1.462566062992126
20
2.6046373228346456
11
1.4631421259842519
21
2.6046940551181104
0
LINE
8
BLACK
6
CONTINUOUS
10
1.4631421259842519
20
2.6046940551181104
11
1.4706411811023621
21
2.6046940551181104
0
LINE
8
BLACK
6
CONTINUOUS
10
1.4706411811023621
20
2.6046940551181104
11
1.4712172440944882
21
2.6046373228346456
0
LINE
8
BLACK
6
CONTINUOUS
10
1.4712172440944882
20
2.6046373228346456
11
1.4713152362204724
21
2.6045967322834644
0
LINE
8
BLACK
6
CONTINUOUS
10
1.4713152362204724
20
2.6045967322834644
11
1.471421062992126
21
2.6045892125984254
0
LINE
8
BLACK
6
CONTINUOUS
10
1.471421062992126
20
2.6045892125984254
11
1.4719616929133859
21
2.6043823228346454
0
LINE
8
BLACK
6
CONTINUOUS
10
1.4719616929133859
20
2.6043823228346454
11
1.475711220472441
21
2.6025075590551179
0
LINE
8
BLACK
6
CONTINUOUS
10
1.475711220472441
20
2.6025075590551179
11
1.4759592125984251
21
2.6023514960629921
0
LINE
8
BLACK
6
CONTINUOUS
10
1.4759592125984251
20
2.6023514960629921
11
1.4760311811023621
21
2.6023216535433069
0
LINE
8
BLACK
6
CONTINUOUS
10
1.4760311811023621
20
2.6023216535433069
11
1.476112125984252
21
2.6022551968503937
0
LINE
8
BLACK
6
CONTINUOUS
10
1.476112125984252
20
2.6022551968503937
11
1.4762011023622046
21
2.6021992125984252
0
LINE
8
BLACK
6
CONTINUOUS
10
1.4762011023622046
20
2.6021992125984252
11
1.4762522440944881
21
2.6021402362204724
0
LINE
8
BLACK
6
CONTINUOUS
10
1.4762522440944881
20
2.6021402362204724
11
1.4764786220472441
21
2.6019544488188977
0
LINE
8
BLACK
6
CONTINUOUS
10
1.4764786220472441
20
2.6019544488188977
11
1.4783533858267717
21
2.6000796850393701
0
LINE
8
BLACK
6
CONTINUOUS
10
1.4783533858267717
20
2.6000796850393701
11
1.4785391338582676
21
2.5998533464566926
0
LINE
8
BLACK
6
CONTINUOUS
10
1.4785391338582676
20
2.5998533464566926
11
1.4785981496062992
21
2.5998021653543306
0
LINE
8
BLACK
6
CONTINUOUS
10
1.4785981496062992
20
2.5998021653543306
11
1.478654094488189
21
2.5997132283464568
0
LINE
8
BLACK
6
CONTINUOUS
10
1.478654094488189
20
2.5997132283464568
11
1.4787205905511811
21
2.5996322440944883
0
LINE
8
BLACK
6
CONTINUOUS
10
1.4787205905511811
20
2.5996322440944883
11
1.4787503937007873
21
2.5995603149606299
0
LINE
8
BLACK
6
CONTINUOUS
10
1.4787503937007873
20
2.5995603149606299
11
1.4789064960629921
21
2.5993122834645668
0
LINE
8
BLACK
6
CONTINUOUS
10
1.4789064960629921
20
2.5993122834645668
11
1.4807812598425196
21
2.5955627559055117
0
LINE
8
BLACK
6
CONTINUOUS
10
1.4807812598425196
20
2.5955627559055117
11
1.4809881496062991
21
2.5950221653543308
0
LINE
8
BLACK
6
CONTINUOUS
10
1.4809881496062991
20
2.5950221653543308
11
1.4809956692913386
21
2.5949162992125983
0
LINE
8
BLACK
6
CONTINUOUS
10
1.4809956692913386
20
2.5949162992125983
11
1.4810362598425197
21
2.594818307086614
0
LINE
8
BLACK
6
CONTINUOUS
10
1.4810362598425197
20
2.594818307086614
11
1.4810929921259841
21
2.5942422440944881
0
LINE
8
BLACK
6
CONTINUOUS
10
1.4810929921259841
20
2.5942422440944881
11
1.4810929921259841
21
2.5848684251968503
0
LINE
8
BLACK
6
CONTINUOUS
10
1.4810929921259841
20
2.5848684251968503
11
1.4810362598425197
21
2.5842923622047245
0
LINE
8
BLACK
6
CONTINUOUS
10
1.4810362598425197
20
2.5842923622047245
11
1.4809956692913386
21
2.584194409448819
0
LINE
8
BLACK
6
CONTINUOUS
10
1.4809956692913386
20
2.584194409448819
11
1.4809881496062991
21
2.5840885039370076
0
LINE
8
BLACK
6
CONTINUOUS
10
1.4809881496062991
20
2.5840885039370076
11
1.4807812598425196
21
2.5835479133858268
0
LINE
8
BLACK
6
CONTINUOUS
10
1.4807812598425196
20
2.5835479133858268
11
1.4789064960629921
21
2.5797983858267717
0
LINE
8
BLACK
6
CONTINUOUS
10
1.4789064960629921
20
2.5797983858267717
11
1.4787504330708661
21
2.5795505118110236
0
LINE
8
BLACK
6
CONTINUOUS
10
1.4787504330708661
20
2.5795505118110236
11
1.4787206299212599
21
2.5794784645669289
0
LINE
8
BLACK
6
CONTINUOUS
10
1.4787206299212599
20
2.5794784645669289
11
1.478654094488189
21
2.5793974409448817
0
LINE
8
BLACK
6
CONTINUOUS
10
1.478654094488189
20
2.5793974409448817
11
1.4785981496062992
21
2.5793085039370078
0
LINE
8
BLACK
6
CONTINUOUS
10
1.4785981496062992
20
2.5793085039370078
11
1.4785391338582676
21
2.5792573622047246
0
LINE
8
BLACK
6
CONTINUOUS
10
1.4785391338582676
20
2.5792573622047246
11
1.4783533858267717
21
2.5790309842519683
0
LINE
8
BLACK
6
CONTINUOUS
10
1.4783533858267717
20
2.5790309842519683
11
1.4764786614173229
21
2.5771562204724408
0
LINE
8
BLACK
6
CONTINUOUS
10
1.4764786614173229
20
2.5771562204724408
11
1.4762522834645668
21
2.5769704724409448
0
LINE
8
BLACK
6
CONTINUOUS
10
1.4762522834645668
20
2.5769704724409448
11
1.4762011023622046
21
2.5769114173228345
0
LINE
8
BLACK
6
CONTINUOUS
10
1.4762011023622046
20
2.5769114173228345
11
1.476112125984252
21
2.576855433070866
0
LINE
8
BLACK
6
CONTINUOUS
10
1.476112125984252
20
2.576855433070866
11
1.4760311811023621
21
2.5767889763779528
0
LINE
8
BLACK
6
CONTINUOUS
10
1.4760311811023621
20
2.5767889763779528
11
1.4759592125984251
21
2.5767591732283464
0
LINE
8
BLACK
6
CONTINUOUS
10
1.4759592125984251
20
2.5767591732283464
11
1.475711220472441
21
2.5766030708661418
0
LINE
8
BLACK
6
CONTINUOUS
10
1.475711220472441
20
2.5766030708661418
11
1.4719616929133859
21
2.5747283070866143
0
LINE
8
BLACK
6
CONTINUOUS
10
1.4719616929133859
20
2.5747283070866143
11
1.471421062992126
21
2.5745214173228348
0
LINE
8
BLACK
6
CONTINUOUS
10
1.471421062992126
20
2.5745214173228348
11
1.4713152362204724
21
2.574513937007874
0
LINE
8
BLACK
6
CONTINUOUS
10
1.4713152362204724
20
2.574513937007874
11
1.4712172440944882
21
2.5744733070866141
0
LINE
8
BLACK
6
CONTINUOUS
10
1.4712172440944882
20
2.5744733070866141
11
1.4706411811023621
21
2.5744165748031493
0
LINE
8
BLACK
6
CONTINUOUS
10
1.4706411811023621
20
2.5744165748031493
11
1.4631421259842519
21
2.5744165748031493
0
LINE
8
BLACK
6
CONTINUOUS
10
1.4631421259842519
20
2.5744165748031493
11
1.462566062992126
21
2.5744733070866141
0
LINE
8
BLACK
6
CONTINUOUS
10
1.462566062992126
20
2.5744733070866141
11
1.4624680708661417
21
2.5745138976377953
0
LINE
8
BLACK
6
CONTINUOUS
10
1.4624680708661417
20
2.5745138976377953
11
1.4623622047244094
21
2.5745214173228348
0
LINE
8
BLACK
6
CONTINUOUS
10
1.4623622047244094
20
2.5745214173228348
11
1.4618216141732283
21
2.5747283070866143
0
LINE
8
BLACK
6
CONTINUOUS
10
1.4618216141732283
20
2.5747283070866143
11
1.4580720866141732
21
2.5766030708661418
0
LINE
8
BLACK
6
CONTINUOUS
10
1.4580720866141732
20
2.5766030708661418
11
1.4578240551181103
21
2.5767591732283464
0
LINE
8
BLACK
6
CONTINUOUS
10
1.4578240551181103
20
2.5767591732283464
11
1.4577521259842519
21
2.5767889763779528
0
LINE
8
BLACK
6
CONTINUOUS
10
1.4577521259842519
20
2.5767889763779528
11
1.4576711417322834
21
2.576855433070866
0
LINE
8
BLACK
6
CONTINUOUS
10
1.4576711417322834
20
2.576855433070866
11
1.4575822047244094
21
2.5769114173228345
0
LINE
8
BLACK
6
CONTINUOUS
10
1.4575822047244094
20
2.5769114173228345
11
1.4575309842519684
21
2.5769704724409448
0
LINE
8
BLACK
6
CONTINUOUS
10
1.4575309842519684
20
2.5769704724409448
11
1.4573046456692913
21
2.5771562204724408
0
LINE
8
BLACK
6
CONTINUOUS
10
1.4573046456692913
20
2.5771562204724408
11
1.4554298818897637
21
2.5790310236220471
0
LINE
8
BLACK
6
CONTINUOUS
10
1.4554298818897637
20
2.5790310236220471
11
1.4552441338582678
21
2.5792573622047246
0
LINE
8
BLACK
6
CONTINUOUS
10
1.4552441338582678
20
2.5792573622047246
11
1.455185157480315
21
2.5793085039370078
0
LINE
8
BLACK
6
CONTINUOUS
10
1.455185157480315
20
2.5793085039370078
11
1.4551291732283465
21
2.5793974409448817
0
LINE
8
BLACK
6
CONTINUOUS
10
1.4551291732283465
20
2.5793974409448817
11
1.4550626771653543
21
2.5794784645669289
0
LINE
8
BLACK
6
CONTINUOUS
10
1.4550626771653543
20
2.5794784645669289
11
1.4550328346456693
21
2.5795505118110236
0
LINE
8
BLACK
6
CONTINUOUS
10
1.4550328346456693
20
2.5795505118110236
11
1.4548768110236221
21
2.5797983858267717
0
LINE
8
BLACK
6
CONTINUOUS
10
1.4548768110236221
20
2.5797983858267717
11
1.4530020472440945
21
2.5835479133858268
0
LINE
8
BLACK
6
CONTINUOUS
10
1.4530020472440945
20
2.5835479133858268
11
1.4527951574803148
21
2.5840885433070864
0
LINE
8
BLACK
6
CONTINUOUS
10
1.4527951574803148
20
2.5840885433070864
11
1.4527876377952755
21
2.5841943700787402
0
LINE
8
BLACK
6
CONTINUOUS
10
1.4527876377952755
20
2.5841943700787402
11
1.4527470472440944
21
2.5842923622047245
0
LINE
8
BLACK
6
CONTINUOUS
10
1.4527470472440944
20
2.5842923622047245
11
1.4526903149606298
21
2.5848684251968503
0
LINE
8
BLACK
6
CONTINUOUS
10
1.4526903149606298
20
2.5848684251968503
11
1.4526903149606298
21
2.5998665354330708
0
LINE
8
BLACK
6
CONTINUOUS
10
1.4526903149606298
20
2.5998665354330708
11
1.4527001968503936
21
2.5999670866141731
0
LINE
8
BLACK
6
CONTINUOUS
10
1.4527001968503936
20
2.5999670866141731
11
1.4526938188976377
21
2.6000100787401572
0
LINE
8
BLACK
6
CONTINUOUS
10
1.4526938188976377
20
2.6000100787401572
11
1.4527256692913386
21
2.6002255905511809
0
LINE
8
BLACK
6
CONTINUOUS
10
1.4527256692913386
20
2.6002255905511809
11
1.4527470472440944
21
2.6004425984251966
0
LINE
8
BLACK
6
CONTINUOUS
10
1.4527470472440944
20
2.6004425984251966
11
1.4527636614173227
21
2.6004828346456694
0
LINE
8
BLACK
6
CONTINUOUS
10
1.4527636614173227
20
2.6004828346456694
11
1.4527784645669291
21
2.6005826771653542
0
LINE
8
BLACK
6
CONTINUOUS
10
1.4527784645669291
20
2.6005826771653542
11
1.4546532283464566
21
2.6080817322834644
0
LINE
8
BLACK
6
CONTINUOUS
10
1.4546532283464566
20
2.6080817322834644
11
1.4547744881889764
21
2.6084212204724411
0
LINE
8
BLACK
6
CONTINUOUS
10
1.4547744881889764
20
2.6084212204724411
11
1.4547886614173229
21
2.6084927165354328
0
LINE
8
BLACK
6
CONTINUOUS
10
1.4547886614173229
20
2.6084927165354328
11
1.4548232283464566
21
2.6085575984251967
0
LINE
8
BLACK
6
CONTINUOUS
10
1.4548232283464566
20
2.6085575984251967
11
1.4548479921259843
21
2.6086268503937009
0
LINE
8
BLACK
6
CONTINUOUS
10
1.4548479921259843
20
2.6086268503937009
11
1.4548914173228347
21
2.608685472440945
0
LINE
8
BLACK
6
CONTINUOUS
10
1.4548914173228347
20
2.608685472440945
11
1.4550609842519684
21
2.6090035039370076
0
LINE
8
BLACK
6
CONTINUOUS
10
1.4550609842519684
20
2.6090035039370076
11
1.4588105118110235
21
2.6146277952755903
0
LINE
8
BLACK
6
CONTINUOUS
10
1.4588105118110235
20
2.6146277952755903
11
1.4588118503937006
21
2.6146294881889762
0
LINE
8
BLACK
6
CONTINUOUS
10
1.4588118503937006
20
2.6146294881889762
11
1.4588122440944882
21
2.6146303543307088
0
LINE
8
BLACK
6
CONTINUOUS
10
1.4588122440944882
20
2.6146303543307088
11
1.4589889370078739
21
2.6148456692913387
0
LINE
8
BLACK
6
CONTINUOUS
10
1.4589889370078739
20
2.6148456692913387
11
1.4591772834645669
21
2.6150756299212596
0
LINE
8
BLACK
6
CONTINUOUS
10
1.4591772834645669
20
2.6150756299212596
11
1.4591781102362205
21
2.6150762204724409
0
LINE
8
BLACK
6
CONTINUOUS
10
1.4591781102362205
20
2.6150762204724409
11
1.4591794488188976
21
2.6150777952755906
0
LINE
8
BLACK
6
CONTINUOUS
10
1.4591794488188976
20
2.6150777952755906
11
1.4610542125984252
21
2.6169525590551181
0
LINE
8
BLACK
6
CONTINUOUS
10
1.4610542125984252
20
2.6169525590551181
11
1.4612805511811022
21
2.6171383464566929
0
LINE
8
BLACK
6
CONTINUOUS
10
1.4612805511811022
20
2.6171383464566929
11
1.4613317322834645
21
2.6171973228346457
0
LINE
8
BLACK
6
CONTINUOUS
10
1.4613317322834645
20
2.6171973228346457
11
1.4614206692913385
21
2.6172533070866142
0
LINE
8
BLACK
6
CONTINUOUS
10
1.4614206692913385
20
2.6172533070866142
11
1.461501653543307
21
2.6173197637795274
0
LINE
8
BLACK
6
CONTINUOUS
10
1.461501653543307
20
2.6173197637795274
11
1.4615735826771654
21
2.6173496062992125
0
LINE
8
BLACK
6
CONTINUOUS
10
1.4615735826771654
20
2.6173496062992125
11
1.4618216141732283
21
2.6175056692913383
0
LINE
8
BLACK
6
CONTINUOUS
10
1.4618216141732283
20
2.6175056692913383
11
1.4655711417322834
21
2.6193804330708659
0
LINE
8
BLACK
6
CONTINUOUS
10
1.4655711417322834
20
2.6193804330708659
11
1.4661117322834645
21
2.6195873228346458
0
LINE
8
BLACK
6
CONTINUOUS
10
1.4661117322834645
20
2.6195873228346458
11
1.4662175984251968
21
2.6195948818897636
0
LINE
8
BLACK
6
CONTINUOUS
10
1.4662175984251968
20
2.6195948818897636
11
1.4663155905511811
21
2.619635433070866
0
LINE
8
BLACK
6
CONTINUOUS
10
1.4663155905511811
20
2.619635433070866
11
1.466891653543307
21
2.6196921653543308
0
LINE
8
BLACK
6
CONTINUOUS
10
1.466891653543307
20
2.6196921653543308
11
1.4743907086614172
21
2.6196921653543308
0
LINE
8
BLACK
6
CONTINUOUS
10
1.4743907086614172
20
2.6196921653543308
11
1.4749667716535433
21
2.619635433070866
0
LINE
8
BLACK
6
CONTINUOUS
10
1.4611416929133858
20
2.5974398031496064
11
1.4599445669291338
21
2.5962426771653542
0
LINE
8
BLACK
6
CONTINUOUS
10
1.4599445669291338
20
2.5962426771653542
11
1.4585958267716534
21
2.5935451968503935
0
LINE
8
BLACK
6
CONTINUOUS
10
1.4585958267716534
20
2.5935451968503935
11
1.4585958267716534
21
2.5855654724409449
0
LINE
8
BLACK
6
CONTINUOUS
10
1.4585958267716534
20
2.5855654724409449
11
1.4599445669291338
21
2.5828679921259843
0
LINE
8
BLACK
6
CONTINUOUS
10
1.4599445669291338
20
2.5828679921259843
11
1.4611416929133858
21
2.5816708267716533
0
LINE
8
BLACK
6
CONTINUOUS
10
1.4611416929133858
20
2.5816708267716533
11
1.4638391732283464
21
2.5803220866141729
0
LINE
8
BLACK
6
CONTINUOUS
10
1.4638391732283464
20
2.5803220866141729
11
1.4699441338582677
21
2.5803220866141729
0
LINE
8
BLACK
6
CONTINUOUS
10
1.4699441338582677
20
2.5803220866141729
11
1.4726415748031496
21
2.5816708267716533
0
LINE
8
BLACK
6
CONTINUOUS
10
1.4726415748031496
20
2.5816708267716533
11
1.4738387007874016
21
2.5828679921259843
0
LINE
8
BLACK
6
CONTINUOUS
10
1.4738387007874016
20
2.5828679921259843
11
1.4751874803149605
21
2.5855654724409449
0
LINE
8
BLACK
6
CONTINUOUS
10
1.4751874803149605
20
2.5855654724409449
11
1.4751874803149605
21
2.5935451968503935
0
LINE
8
BLACK
6
CONTINUOUS
10
1.4751874803149605
20
2.5935451968503935
11
1.4738387401574802
21
2.5962426771653542
0
LINE
8
BLACK
6
CONTINUOUS
10
1.4738387401574802
20
2.5962426771653542
11
1.4726416141732284
21
2.5974398031496064
0
LINE
8
BLACK
6
CONTINUOUS
10
1.4726416141732284
20
2.5974398031496064
11
1.4699441338582677
21
2.5987885433070868
0
LINE
8
BLACK
6
CONTINUOUS
10
1.4699441338582677
20
2.5987885433070868
11
1.4638391732283464
21
2.5987885433070868
0
LINE
8
BLACK
6
CONTINUOUS
10
1.4638391732283464
20
2.5987885433070868
11
1.4611416929133858
21
2.5974398031496064
0
LINE
8
BLACK
6
CONTINUOUS
10
1.5068377952755905
20
2.619635433070866
11
1.5069357874015747
21
2.6195948425196849
0
LINE
8
BLACK
6
CONTINUOUS
10
1.5069357874015747
20
2.6195948425196849
11
1.5070416141732283
21
2.6195873228346458
0
LINE
8
BLACK
6
CONTINUOUS
10
1.5070416141732283
20
2.6195873228346458
11
1.5075822440944882
21
2.6193804330708659
0
LINE
8
BLACK
6
CONTINUOUS
10
1.5075822440944882
20
2.6193804330708659
11
1.5113317716535433
21
2.6175056692913383
0
LINE
8
BLACK
6
CONTINUOUS
10
1.5113317716535433
20
2.6175056692913383
11
1.5115797637795276
21
2.6173496062992125
0
LINE
8
BLACK
6
CONTINUOUS
10
1.5115797637795276
20
2.6173496062992125
11
1.5116517322834646
21
2.6173197637795274
0
LINE
8
BLACK
6
CONTINUOUS
10
1.5116517322834646
20
2.6173197637795274
11
1.5117326771653543
21
2.6172533070866142
0
LINE
8
BLACK
6
CONTINUOUS
10
1.5117326771653543
20
2.6172533070866142
11
1.5118216535433071
21
2.6171973228346457
0
LINE
8
BLACK
6
CONTINUOUS
10
1.5118216535433071
20
2.6171973228346457
11
1.5118727952755906
21
2.6171383464566929
0
LINE
8
BLACK
6
CONTINUOUS
10
1.5118727952755906
20
2.6171383464566929
11
1.5120991732283464
21
2.6169525590551181
0
LINE
8
BLACK
6
CONTINUOUS
10
1.5120991732283464
20
2.6169525590551181
11
1.513973937007874
21
2.6150777952755906
0
LINE
8
BLACK
6
CONTINUOUS
10
1.513973937007874
20
2.6150777952755906
11
1.5141596850393702
21
2.6148514566929135
0
LINE
8
BLACK
6
CONTINUOUS
10
1.5141596850393702
20
2.6148514566929135
11
1.5142187007874015
21
2.6148002755905511
0
LINE
8
BLACK
6
CONTINUOUS
10
1.5142187007874015
20
2.6148002755905511
11
1.5142746456692913
21
2.6147113385826772
0
LINE
8
BLACK
6
CONTINUOUS
10
1.5142746456692913
20
2.6147113385826772
11
1.5143411417322834
21
2.6146303543307088
0
LINE
8
BLACK
6
CONTINUOUS
10
1.5143411417322834
20
2.6146303543307088
11
1.5143709448818898
21
2.6145584251968503
0
LINE
8
BLACK
6
CONTINUOUS
10
1.5143709448818898
20
2.6145584251968503
11
1.5145270472440944
21
2.6143103937007872
0
LINE
8
BLACK
6
CONTINUOUS
10
1.5145270472440944
20
2.6143103937007872
11
1.5164018110236219
21
2.6105608661417321
0
LINE
8
BLACK
6
CONTINUOUS
10
1.5164018110236219
20
2.6105608661417321
11
1.5164179133858267
21
2.6105187795275588
0
LINE
8
BLACK
6
CONTINUOUS
10
1.5164179133858267
20
2.6105187795275588
11
1.5164306299212598
21
2.6105016141732285
0
LINE
8
BLACK
6
CONTINUOUS
10
1.5164306299212598
20
2.6105016141732285
11
1.5165169291338583
21
2.6102600393700786
0
LINE
8
BLACK
6
CONTINUOUS
10
1.5165169291338583
20
2.6102600393700786
11
1.5166087007874016
21
2.6100202755905513
0
LINE
8
BLACK
6
CONTINUOUS
10
1.5166087007874016
20
2.6100202755905513
11
1.5166101968503938
21
2.6099990157480315
0
LINE
8
BLACK
6
CONTINUOUS
10
1.5166101968503938
20
2.6099990157480315
11
1.5166253937007874
21
2.609956496062992
0
LINE
8
BLACK
6
CONTINUOUS
10
1.5166253937007874
20
2.609956496062992
11
1.518500157480315
21
2.6024574409448817
0
LINE
8
BLACK
6
CONTINUOUS
10
1.518500157480315
20
2.6024574409448817
11
1.5185149212598426
21
2.602357598425197
0
LINE
8
BLACK
6
CONTINUOUS
10
1.5185149212598426
20
2.602357598425197
11
1.5185315748031496
21
2.6023173622047242
0
LINE
8
BLACK
6
CONTINUOUS
10
1.5185315748031496
20
2.6023173622047242
11
1.5185529133858267
21
2.6021003543307084
0
LINE
8
BLACK
6
CONTINUOUS
10
1.5185529133858267
20
2.6021003543307084
11
1.5185848031496063
21
2.6018848425196848
0
LINE
8
BLACK
6
CONTINUOUS
10
1.5185848031496063
20
2.6018848425196848
11
1.5185783858267716
21
2.6018418503937006
0
LINE
8
BLACK
6
CONTINUOUS
10
1.5185783858267716
20
2.6018418503937006
11
1.5185883070866142
21
2.6017412992125983
0
LINE
8
BLACK
6
CONTINUOUS
10
1.5185883070866142
20
2.6017412992125983
11
1.5185883070866142
21
2.5923674803149606
0
LINE
8
BLACK
6
CONTINUOUS
10
1.5185883070866142
20
2.5923674803149606
11
1.5185783858267716
21
2.592266968503937
0
LINE
8
BLACK
6
CONTINUOUS
10
1.5185783858267716
20
2.592266968503937
11
1.5185848031496063
21
2.5922239370078741
0
LINE
8
BLACK
6
CONTINUOUS
10
1.5185848031496063
20
2.5922239370078741
11
1.5185529133858267
21
2.5920084645669292
0
LINE
8
BLACK
6
CONTINUOUS
10
1.5185529133858267
20
2.5920084645669292
11
1.5185315748031496
21
2.5917914173228347
0
LINE
8
BLACK
6
CONTINUOUS
10
1.5185315748031496
20
2.5917914173228347
11
1.5185149212598426
21
2.5917512204724407
0
LINE
8
BLACK
6
CONTINUOUS
10
1.5185149212598426
20
2.5917512204724407
11
1.518500157480315
21
2.5916513385826772
0
LINE
8
BLACK
6
CONTINUOUS
10
1.518500157480315
20
2.5916513385826772
11
1.5166253937007874
21
2.5841522834645669
0
LINE
8
BLACK
6
CONTINUOUS
10
1.5166253937007874
20
2.5841522834645669
11
1.5166101968503938
21
2.5841098031496061
0
LINE
8
BLACK
6
CONTINUOUS
10
1.5166101968503938
20
2.5841098031496061
11
1.5166087007874016
21
2.5840885039370076
0
LINE
8
BLACK
6
CONTINUOUS
10
1.5166087007874016
20
2.5840885039370076
11
1.5165169291338583
21
2.5838487795275591
0
LINE
8
BLACK
6
CONTINUOUS
10
1.5165169291338583
20
2.5838487795275591
11
1.5164306299212598
21
2.5836071653543304
0
LINE
8
BLACK
6
CONTINUOUS
10
1.5164306299212598
20
2.5836071653543304
11
1.5164179133858267
21
2.5835900393700788
0
LINE
8
BLACK
6
CONTINUOUS
10
1.5164179133858267
20
2.5835900393700788
11
1.5164018110236219
21
2.5835479133858268
0
LINE
8
BLACK
6
CONTINUOUS
10
1.5164018110236219
20
2.5835479133858268
11
1.5145270472440944
21
2.5797983858267717
0
LINE
8
BLACK
6
CONTINUOUS
10
1.5145270472440944
20
2.5797983858267717
11
1.5143709842519684
21
2.5795505118110236
0
LINE
8
BLACK
6
CONTINUOUS
10
1.5143709842519684
20
2.5795505118110236
11
1.5143411811023622
21
2.5794784645669289
0
LINE
8
BLACK
6
CONTINUOUS
10
1.5143411811023622
20
2.5794784645669289
11
1.5142746456692913
21
2.5793974409448817
0
LINE
8
BLACK
6
CONTINUOUS
10
1.5142746456692913
20
2.5793974409448817
11
1.5142187007874015
21
2.5793085039370078
0
LINE
8
BLACK
6
CONTINUOUS
10
1.5142187007874015
20
2.5793085039370078
11
1.5141596850393702
21
2.5792573622047246
0
LINE
8
BLACK
6
CONTINUOUS
10
1.5141596850393702
20
2.5792573622047246
11
1.513973937007874
21
2.5790309842519683
0
LINE
8
BLACK
6
CONTINUOUS
10
1.513973937007874
20
2.5790309842519683
11
1.5120992125984252
21
2.5771562204724408
0
LINE
8
BLACK
6
CONTINUOUS
10
1.5120992125984252
20
2.5771562204724408
11
1.5118728346456694
21
2.5769704724409448
0
LINE
8
BLACK
6
CONTINUOUS
10
1.5118728346456694
20
2.5769704724409448
11
1.5118216535433071
21
2.5769114173228345
0
LINE
8
BLACK
6
CONTINUOUS
10
1.5118216535433071
20
2.5769114173228345
11
1.5117326771653543
21
2.576855433070866
0
LINE
8
BLACK
6
CONTINUOUS
10
1.5117326771653543
20
2.576855433070866
11
1.5116517322834646
21
2.5767889763779528
0
LINE
8
BLACK
6
CONTINUOUS
10
1.5116517322834646
20
2.5767889763779528
11
1.5115797637795276
21
2.5767591732283464
0
LINE
8
BLACK
6
CONTINUOUS
10
1.5115797637795276
20
2.5767591732283464
11
1.5113317716535433
21
2.5766030708661418
0
LINE
8
BLACK
6
CONTINUOUS
10
1.5113317716535433
20
2.5766030708661418
11
1.5075822440944882
21
2.5747283070866143
0
LINE
8
BLACK
6
CONTINUOUS
10
1.5075822440944882
20
2.5747283070866143
11
1.5070416141732283
21
2.5745214173228348
0
LINE
8
BLACK
6
CONTINUOUS
10
1.5070416141732283
20
2.5745214173228348
11
1.5069357874015747
21
2.574513937007874
0
LINE
8
BLACK
6
CONTINUOUS
10
1.5069357874015747
20
2.574513937007874
11
1.5068377952755905
21
2.5744733070866141
0
LINE
8
BLACK
6
CONTINUOUS
10
1.5068377952755905
20
2.5744733070866141
11
1.5062617322834646
21
2.5744165748031493
0
LINE
8
BLACK
6
CONTINUOUS
10
1.5062617322834646
20
2.5744165748031493
11
1.5025122047244095
21
2.5744165748031493
0
LINE
8
BLACK
6
CONTINUOUS
10
1.5025122047244095
20
2.5744165748031493
11
1.5019361417322834
21
2.5744733070866141
0
LINE
8
BLACK
6
CONTINUOUS
10
1.5019361417322834
20
2.5744733070866141
11
1.5018381496062991
21
2.5745138976377953
0
LINE
8
BLACK
6
CONTINUOUS
10
1.5018381496062991
20
2.5745138976377953
11
1.501732283464567
21
2.5745214173228348
0
LINE
8
BLACK
6
CONTINUOUS
10
1.501732283464567
20
2.5745214173228348
11
1.5011916929133857
21
2.5747283070866143
0
LINE
8
BLACK
6
CONTINUOUS
10
1.5011916929133857
20
2.5747283070866143
11
1.4974421653543306
21
2.5766030708661418
0
LINE
8
BLACK
6
CONTINUOUS
10
1.4974421653543306
20
2.5766030708661418
11
1.4971941338582677
21
2.5767591732283464
0
LINE
8
BLACK
6
CONTINUOUS
10
1.4971941338582677
20
2.5767591732283464
11
1.4971222047244095
21
2.5767889763779528
0
LINE
8
BLACK
6
CONTINUOUS
10
1.4971222047244095
20
2.5767889763779528
11
1.4970412204724408
21
2.576855433070866
0
LINE
8
BLACK
6
CONTINUOUS
10
1.4970412204724408
20
2.576855433070866
11
1.496952283464567
21
2.5769114173228345
0
LINE
8
BLACK
6
CONTINUOUS
10
1.496952283464567
20
2.5769114173228345
11
1.496901062992126
21
2.5769704724409448
0
LINE
8
BLACK
6
CONTINUOUS
10
1.496901062992126
20
2.5769704724409448
11
1.4966747244094487
21
2.5771562204724408
0
LINE
8
BLACK
6
CONTINUOUS
10
1.4966747244094487
20
2.5771562204724408
11
1.4947999606299212
21
2.5790310236220471
0
LINE
8
BLACK
6
CONTINUOUS
10
1.4947999606299212
20
2.5790310236220471
11
1.4946142125984252
21
2.5792573622047246
0
LINE
8
BLACK
6
CONTINUOUS
10
1.4946142125984252
20
2.5792573622047246
11
1.4945552362204724
21
2.5793085039370078
0
LINE
8
BLACK
6
CONTINUOUS
10
1.4945552362204724
20
2.5793085039370078
11
1.4944992519685039
21
2.5793974409448817
0
LINE
8
BLACK
6
CONTINUOUS
10
1.4944992519685039
20
2.5793974409448817
11
1.4944327559055117
21
2.5794784645669289
0
LINE
8
BLACK
6
CONTINUOUS
10
1.4944327559055117
20
2.5794784645669289
11
1.4944029133858268
21
2.5795505118110236
0
LINE
8
BLACK
6
CONTINUOUS
10
1.4944029133858268
20
2.5795505118110236
11
1.4942468897637795
21
2.5797983858267717
0
LINE
8
BLACK
6
CONTINUOUS
10
1.4942468897637795
20
2.5797983858267717
11
1.492372125984252
21
2.5835479133858268
0
LINE
8
BLACK
6
CONTINUOUS
10
1.492372125984252
20
2.5835479133858268
11
1.4923559842519685
21
2.5835900393700788
0
LINE
8
BLACK
6
CONTINUOUS
10
1.4923559842519685
20
2.5835900393700788
11
1.4923433070866141
21
2.5836071653543304
0
LINE
8
BLACK
6
CONTINUOUS
10
1.4923433070866141
20
2.5836071653543304
11
1.4922568503937008
21
2.5838491338582679
0
LINE
8
BLACK
6
CONTINUOUS
10
1.4922568503937008
20
2.5838491338582679
11
1.4921652362204725
21
2.5840885433070864
0
LINE
8
BLACK
6
CONTINUOUS
10
1.4921652362204725
20
2.5840885433070864
11
1.4921637007874016
21
2.5841098031496061
0
LINE
8
BLACK
6
CONTINUOUS
10
1.4921637007874016
20
2.5841098031496061
11
1.4921485433070867
21
2.5841522834645669
0
LINE
8
BLACK
6
CONTINUOUS
10
1.4921485433070867
20
2.5841522834645669
11
1.4902737795275591
21
2.5916513385826772
0
LINE
8
BLACK
6
CONTINUOUS
10
1.4902737795275591
20
2.5916513385826772
11
1.4902589763779528
21
2.5917512204724407
0
LINE
8
BLACK
6
CONTINUOUS
10
1.4902589763779528
20
2.5917512204724407
11
1.4902423622047243
21
2.5917914173228347
0
LINE
8
BLACK
6
CONTINUOUS
10
1.4902423622047243
20
2.5917914173228347
11
1.4902209842519685
21
2.5920084645669292
0
LINE
8
BLACK
6
CONTINUOUS
10
1.4902209842519685
20
2.5920084645669292
11
1.4901891338582678
21
2.5922239370078741
0
LINE
8
BLACK
6
CONTINUOUS
10
1.4901891338582678
20
2.5922239370078741
11
1.4901955118110235
21
2.592266968503937
0
LINE
8
BLACK
6
CONTINUOUS
10
1.4901955118110235
20
2.592266968503937
11
1.4901856299212599
21
2.5923674803149606
0
LINE
8
BLACK
6
CONTINUOUS
10
1.4901856299212599
20
2.5923674803149606
11
1.4901856299212599
21
2.6017412992125983
0
LINE
8
BLACK
6
CONTINUOUS
10
1.4901856299212599
20
2.6017412992125983
11
1.4901955118110235
21
2.6018418503937006
0
LINE
8
BLACK
6
CONTINUOUS
10
1.4901955118110235
20
2.6018418503937006
11
1.4901891338582678
21
2.6018848425196848
0
LINE
8
BLACK
6
CONTINUOUS
10
1.4901891338582678
20
2.6018848425196848
11
1.4902209842519685
21
2.6021003543307084
0
LINE
8
BLACK
6
CONTINUOUS
10
1.4902209842519685
20
2.6021003543307084
11
1.4902423622047243
21
2.6023173622047242
0
LINE
8
BLACK
6
CONTINUOUS
10
1.4902423622047243
20
2.6023173622047242
11
1.4902589763779528
21
2.602357598425197
0
LINE
8
BLACK
6
CONTINUOUS
10
1.4902589763779528
20
2.602357598425197
11
1.4902737795275591
21
2.6024574409448817
0
LINE
8
BLACK
6
CONTINUOUS
10
1.4902737795275591
20
2.6024574409448817
11
1.4921485433070867
21
2.609956496062992
0
LINE
8
BLACK
6
CONTINUOUS
10
1.4921485433070867
20
2.609956496062992
11
1.4921637007874016
21
2.6099990157480315
0
LINE
8
BLACK
6
CONTINUOUS
10
1.4921637007874016
20
2.6099990157480315
11
1.4921652362204725
21
2.6100202362204725
0
LINE
8
BLACK
6
CONTINUOUS
10
1.4921652362204725
20
2.6100202362204725
11
1.4922568503937008
21
2.6102596850393702
0
LINE
8
BLACK
6
CONTINUOUS
10
1.4922568503937008
20
2.6102596850393702
11
1.4923433070866141
21
2.6105016141732285
0
LINE
8
BLACK
6
CONTINUOUS
10
1.4923433070866141
20
2.6105016141732285
11
1.4923559842519685
21
2.6105187795275588
0
LINE
8
BLACK
6
CONTINUOUS
10
1.4923559842519685
20
2.6105187795275588
11
1.492372125984252
21
2.6105608661417321
0
LINE
8
BLACK
6
CONTINUOUS
10
1.492372125984252
20
2.6105608661417321
11
1.4942468897637795
21
2.6143103937007872
0
LINE
8
BLACK
6
CONTINUOUS
10
1.4942468897637795
20
2.6143103937007872
11
1.4944029527559055
21
2.6145584251968503
0
LINE
8
BLACK
6
CONTINUOUS
10
1.4944029527559055
20
2.6145584251968503
11
1.4944327952755905
21
2.6146303543307088
0
LINE
8
BLACK
6
CONTINUOUS
10
1.4944327952755905
20
2.6146303543307088
11
1.4944992519685039
21
2.6147113385826772
0
LINE
8
BLACK
6
CONTINUOUS
10
1.4944992519685039
20
2.6147113385826772
11
1.4945552362204724
21
2.6148002755905511
0
LINE
8
BLACK
6
CONTINUOUS
10
1.4945552362204724
20
2.6148002755905511
11
1.4946142125984252
21
2.6148514566929135
0
LINE
8
BLACK
6
CONTINUOUS
10
1.4946142125984252
20
2.6148514566929135
11
1.4947999999999999
21
2.6150777952755906
0
LINE
8
BLACK
6
CONTINUOUS
10
1.4947999999999999
20
2.6150777952755906
11
1.4966747637795275
21
2.6169525590551181
0
LINE
8
BLACK
6
CONTINUOUS
10
1.4966747637795275
20
2.6169525590551181
11
1.4969011023622047
21
2.6171383464566929
0
LINE
8
BLACK
6
CONTINUOUS
10
1.4969011023622047
20
2.6171383464566929
11
1.496952283464567
21
2.6171973228346457
0
LINE
8
BLACK
6
CONTINUOUS
10
1.496952283464567
20
2.6171973228346457
11
1.4970412204724408
21
2.6172533070866142
0
LINE
8
BLACK
6
CONTINUOUS
10
1.4970412204724408
20
2.6172533070866142
11
1.4971222047244095
21
2.6173197637795274
0
LINE
8
BLACK
6
CONTINUOUS
10
1.4971222047244095
20
2.6173197637795274
11
1.4971941338582677
21
2.6173496062992125
0
LINE
8
BLACK
6
CONTINUOUS
10
1.4971941338582677
20
2.6173496062992125
11
1.4974421653543306
21
2.6175056692913383
0
LINE
8
BLACK
6
CONTINUOUS
10
1.4974421653543306
20
2.6175056692913383
11
1.5011916929133857
21
2.6193804330708659
0
LINE
8
BLACK
6
CONTINUOUS
10
1.5011916929133857
20
2.6193804330708659
11
1.501732283464567
21
2.6195873228346458
0
LINE
8
BLACK
6
CONTINUOUS
10
1.501732283464567
20
2.6195873228346458
11
1.5018381496062991
21
2.6195948818897636
0
LINE
8
BLACK
6
CONTINUOUS
10
1.5018381496062991
20
2.6195948818897636
11
1.5019361417322834
21
2.619635433070866
0
LINE
8
BLACK
6
CONTINUOUS
10
1.5019361417322834
20
2.619635433070866
11
1.5025122047244095
21
2.6196921653543308
0
LINE
8
BLACK
6
CONTINUOUS
10
1.5025122047244095
20
2.6196921653543308
11
1.5062617322834646
21
2.6196921653543308
0
LINE
8
BLACK
6
CONTINUOUS
10
1.5062617322834646
20
2.6196921653543308
11
1.5068377952755905
21
2.619635433070866
0
LINE
8
BLACK
6
CONTINUOUS
10
1.5005117716535432
20
2.6124379133858269
11
1.4993146456692914
21
2.6112407874015746
0
LINE
8
BLACK
6
CONTINUOUS
10
1.4993146456692914
20
2.6112407874015746
11
1.4977991338582677
21
2.6082098031496064
0
LINE
8
BLACK
6
CONTINUOUS
10
1.4977991338582677
20
2.6082098031496064
11
1.4960911417322835
21
2.6013777559055118
0
LINE
8
BLACK
6
CONTINUOUS
10
1.4960911417322835
20
2.6013777559055118
11
1.4960911417322835
21
2.5927310236220471
0
LINE
8
BLACK
6
CONTINUOUS
10
1.4960911417322835
20
2.5927310236220471
11
1.4977991338582677
21
2.5858989763779525
0
LINE
8
BLACK
6
CONTINUOUS
10
1.4977991338582677
20
2.5858989763779525
11
1.4993146456692914
21
2.5828679921259843
0
LINE
8
BLACK
6
CONTINUOUS
10
1.4993146456692914
20
2.5828679921259843
11
1.5005117716535432
21
2.5816708267716533
0
LINE
8
BLACK
6
CONTINUOUS
10
1.5005117716535432
20
2.5816708267716533
11
1.5032092519685039
21
2.5803220866141729
0
LINE
8
BLACK
6
CONTINUOUS
10
1.5032092519685039
20
2.5803220866141729
11
1.50556468503937
21
2.5803220866141729
0
LINE
8
BLACK
6
CONTINUOUS
10
1.50556468503937
20
2.5803220866141729
11
1.5082621259842519
21
2.5816708267716533
0
LINE
8
BLACK
6
CONTINUOUS
10
1.5082621259842519
20
2.5816708267716533
11
1.5094592519685039
21
2.5828679921259843
0
LINE
8
BLACK
6
CONTINUOUS
10
1.5094592519685039
20
2.5828679921259843
11
1.5109747637795274
21
2.5858989763779525
0
LINE
8
BLACK
6
CONTINUOUS
10
1.5109747637795274
20
2.5858989763779525
11
1.5126827952755906
21
2.5927310236220471
0
LINE
8
BLACK
6
CONTINUOUS
10
1.5126827952755906
20
2.5927310236220471
11
1.5126827952755906
21
2.6013777559055118
0
LINE
8
BLACK
6
CONTINUOUS
10
1.5126827952755906
20
2.6013777559055118
11
1.5109747637795274
21
2.6082098031496064
0
LINE
8
BLACK
6
CONTINUOUS
10
1.5109747637795274
20
2.6082098031496064
11
1.5094592913385827
21
2.6112407874015746
0
LINE
8
BLACK
6
CONTINUOUS
10
1.5094592913385827
20
2.6112407874015746
11
1.5082621653543307
21
2.6124379133858269
0
LINE
8
BLACK
6
CONTINUOUS
10
1.5082621653543307
20
2.6124379133858269
11
1.50556468503937
21
2.6137866535433072
0
LINE
8
BLACK
6
CONTINUOUS
10
1.50556468503937
20
2.6137866535433072
11
1.5032092519685039
21
2.6137866535433072
0
LINE
8
BLACK
6
CONTINUOUS
10
1.5032092519685039
20
2.6137866535433072
11
1.5005117716535432
21
2.6124379133858269
0
LINE
8
BLACK
6
CONTINUOUS
10
1.5649555118110237
20
2.619635433070866
11
1.5650535039370079
21
2.6195948425196849
0
LINE
8
BLACK
6
CONTINUOUS
10
1.5650535039370079
20
2.6195948425196849
11
1.5651593307086613
21
2.6195873228346458
0
LINE
8
BLACK
6
CONTINUOUS
10
1.5651593307086613
20
2.6195873228346458
11
1.5656999606299211
21
2.6193804330708659
0
LINE
8
BLACK
6
CONTINUOUS
10
1.5656999606299211
20
2.6193804330708659
11
1.5694494881889764
21
2.6175056692913383
0
LINE
8
BLACK
6
CONTINUOUS
10
1.5694494881889764
20
2.6175056692913383
11
1.5696974803149606
21
2.6173496062992125
0
LINE
8
BLACK
6
CONTINUOUS
10
1.5696974803149606
20
2.6173496062992125
11
1.5697694488188976
21
2.6173197637795274
0
LINE
8
BLACK
6
CONTINUOUS
10
1.5697694488188976
20
2.6173197637795274
11
1.5698503937007873
21
2.6172533070866142
0
LINE
8
BLACK
6
CONTINUOUS
10
1.5698503937007873
20
2.6172533070866142
11
1.5699393700787401
21
2.6171973228346457
0
LINE
8
BLACK
6
CONTINUOUS
10
1.5699393700787401
20
2.6171973228346457
11
1.5699905118110236
21
2.6171383464566929
0
LINE
8
BLACK
6
CONTINUOUS
10
1.5699905118110236
20
2.6171383464566929
11
1.5702168897637796
21
2.6169525590551181
0
LINE
8
BLACK
6
CONTINUOUS
10
1.5702168897637796
20
2.6169525590551181
11
1.5720916535433072
21
2.6150777952755906
0
LINE
8
BLACK
6
CONTINUOUS
10
1.5720916535433072
20
2.6150777952755906
11
1.5722774015748031
21
2.6148514566929135
0
LINE
8
BLACK
6
CONTINUOUS
10
1.5722774015748031
20
2.6148514566929135
11
1.5723364173228347
21
2.6148002755905511
0
LINE
8
BLACK
6
CONTINUOUS
10
1.5723364173228347
20
2.6148002755905511
11
1.5723923622047244
21
2.6147113385826772
0
LINE
8
BLACK
6
CONTINUOUS
10
1.5723923622047244
20
2.6147113385826772
11
1.5724588582677166
21
2.6146303543307088
0
LINE
8
BLACK
6
CONTINUOUS
10
1.5724588582677166
20
2.6146303543307088
11
1.5724886614173228
21
2.6145584251968503
0
LINE
8
BLACK
6
CONTINUOUS
10
1.5724886614173228
20
2.6145584251968503
11
1.5726447637795276
21
2.6143103937007872
0
LINE
8
BLACK
6
CONTINUOUS
10
1.5726447637795276
20
2.6143103937007872
11
1.5745195275590551
21
2.6105608661417321
0
LINE
8
BLACK
6
CONTINUOUS
10
1.5745195275590551
20
2.6105608661417321
11
1.5747264173228346
21
2.6100202755905513
0
LINE
8
BLACK
6
CONTINUOUS
10
1.5747264173228346
20
2.6100202755905513
11
1.5747339370078739
21
2.6099144094488187
0
LINE
8
BLACK
6
CONTINUOUS
10
1.5747339370078739
20
2.6099144094488187
11
1.574774527559055
21
2.6098164173228344
0
LINE
8
BLACK
6
CONTINUOUS
10
1.574774527559055
20
2.6098164173228344
11
1.5748312598425196
21
2.6092403543307086
0
LINE
8
BLACK
6
CONTINUOUS
10
1.5748312598425196
20
2.6092403543307086
11
1.5748312598425196
21
2.5942422440944881
0
LINE
8
BLACK
6
CONTINUOUS
10
1.5748312598425196
20
2.5942422440944881
11
1.574821338582677
21
2.5941417322834646
0
LINE
8
BLACK
6
CONTINUOUS
10
1.574821338582677
20
2.5941417322834646
11
1.5748277559055117
21
2.5940987007874017
0
LINE
8
BLACK
6
CONTINUOUS
10
1.5748277559055117
20
2.5940987007874017
11
1.5747958661417323
21
2.5938832283464568
0
LINE
8
BLACK
6
CONTINUOUS
10
1.5747958661417323
20
2.5938832283464568
11
1.574774527559055
21
2.5936661811023622
0
LINE
8
BLACK
6
CONTINUOUS
10
1.574774527559055
20
2.5936661811023622
11
1.574757874015748
21
2.5936259842519687
0
LINE
8
BLACK
6
CONTINUOUS
10
1.574757874015748
20
2.5936259842519687
11
1.5747431102362204
21
2.5935261023622047
0
LINE
8
BLACK
6
CONTINUOUS
10
1.5747431102362204
20
2.5935261023622047
11
1.5728683464566928
21
2.5860270472440945
0
LINE
8
BLACK
6
CONTINUOUS
10
1.5728683464566928
20
2.5860270472440945
11
1.5727470078740158
21
2.5856875590551183
0
LINE
8
BLACK
6
CONTINUOUS
10
1.5727470078740158
20
2.5856875590551183
11
1.5727329133858268
21
2.5856161023622048
0
LINE
8
BLACK
6
CONTINUOUS
10
1.5727329133858268
20
2.5856161023622048
11
1.5726983464566928
21
2.5855513385826772
0
LINE
8
BLACK
6
CONTINUOUS
10
1.5726983464566928
20
2.5855513385826772
11
1.5726735826771654
21
2.585481929133858
0
LINE
8
BLACK
6
CONTINUOUS
10
1.5726735826771654
20
2.585481929133858
11
1.5726300393700787
21
2.5854232283464564
0
LINE
8
BLACK
6
CONTINUOUS
10
1.5726300393700787
20
2.5854232283464564
11
1.572460590551181
21
2.58510531496063
0
LINE
8
BLACK
6
CONTINUOUS
10
1.572460590551181
20
2.58510531496063
11
1.5687110629921259
21
2.5794809842519686
0
LINE
8
BLACK
6
CONTINUOUS
10
1.5687110629921259
20
2.5794809842519686
11
1.5687097244094488
21
2.5794794094488189
0
LINE
8
BLACK
6
CONTINUOUS
10
1.5687097244094488
20
2.5794794094488189
11
1.5687093700787402
21
2.5794784645669289
0
LINE
8
BLACK
6
CONTINUOUS
10
1.5687093700787402
20
2.5794784645669289
11
1.5685308661417323
21
2.5792609842519685
0
LINE
8
BLACK
6
CONTINUOUS
10
1.5685308661417323
20
2.5792609842519685
11
1.5683442913385826
21
2.5790331496062993
0
LINE
8
BLACK
6
CONTINUOUS
10
1.5683442913385826
20
2.5790331496062993
11
1.5683434251968504
21
2.5790325984251967
0
LINE
8
BLACK
6
CONTINUOUS
10
1.5683434251968504
20
2.5790325984251967
11
1.5683421259842518
21
2.5790309842519683
0
LINE
8
BLACK
6
CONTINUOUS
10
1.5683421259842518
20
2.5790309842519683
11
1.566467401574803
21
2.5771562204724408
0
LINE
8
BLACK
6
CONTINUOUS
10
1.566467401574803
20
2.5771562204724408
11
1.5662410236220472
21
2.5769704724409448
0
LINE
8
BLACK
6
CONTINUOUS
10
1.5662410236220472
20
2.5769704724409448
11
1.566189842519685
21
2.5769114173228345
0
LINE
8
BLACK
6
CONTINUOUS
10
1.566189842519685
20
2.5769114173228345
11
1.5661008661417322
21
2.576855433070866
0
LINE
8
BLACK
6
CONTINUOUS
10
1.5661008661417322
20
2.576855433070866
11
1.5660199212598425
21
2.5767889763779528
0
LINE
8
BLACK
6
CONTINUOUS
10
1.5660199212598425
20
2.5767889763779528
11
1.5659479527559055
21
2.5767591732283464
0
LINE
8
BLACK
6
CONTINUOUS
10
1.5659479527559055
20
2.5767591732283464
11
1.5656999606299211
21
2.5766030708661418
0
LINE
8
BLACK
6
CONTINUOUS
10
1.5656999606299211
20
2.5766030708661418
11
1.561950433070866
21
2.5747283070866143
0
LINE
8
BLACK
6
CONTINUOUS
10
1.561950433070866
20
2.5747283070866143
11
1.5614098031496062
21
2.5745214173228348
0
LINE
8
BLACK
6
CONTINUOUS
10
1.5614098031496062
20
2.5745214173228348
11
1.5613039763779528
21
2.574513937007874
0
LINE
8
BLACK
6
CONTINUOUS
10
1.5613039763779528
20
2.574513937007874
11
1.5612059842519685
21
2.5744733070866141
0
LINE
8
BLACK
6
CONTINUOUS
10
1.5612059842519685
20
2.5744733070866141
11
1.5606299212598425
21
2.5744165748031493
0
LINE
8
BLACK
6
CONTINUOUS
10
1.5606299212598425
20
2.5744165748031493
11
1.5531308661417322
21
2.5744165748031493
0
LINE
8
BLACK
6
CONTINUOUS
10
1.5531308661417322
20
2.5744165748031493
11
1.5525548031496064
21
2.5744733070866141
0
LINE
8
BLACK
6
CONTINUOUS
10
1.5525548031496064
20
2.5744733070866141
11
1.5514903937007873
21
2.5749142125984252
0
LINE
8
BLACK
6
CONTINUOUS
10
1.5514903937007873
20
2.5749142125984252
11
1.5506757480314961
21
2.5757288582677167
0
LINE
8
BLACK
6
CONTINUOUS
10
1.5506757480314961
20
2.5757288582677167
11
1.550234842519685
21
2.5767932677165355
0
LINE
8
BLACK
6
CONTINUOUS
10
1.550234842519685
20
2.5767932677165355
11
1.550234842519685
21
2.5779453937007872
0
LINE
8
BLACK
6
CONTINUOUS
10
1.550234842519685
20
2.5779453937007872
11
1.5506757480314961
21
2.579009803149606
0
LINE
8
BLACK
6
CONTINUOUS
10
1.5506757480314961
20
2.579009803149606
11
1.5514903937007873
21
2.5798244488188975
0
LINE
8
BLACK
6
CONTINUOUS
10
1.5514903937007873
20
2.5798244488188975
11
1.5525548031496064
21
2.5802653543307086
0
LINE
8
BLACK
6
CONTINUOUS
10
1.5525548031496064
20
2.5802653543307086
11
1.5531308661417322
21
2.5803220866141729
0
LINE
8
BLACK
6
CONTINUOUS
10
1.5531308661417322
20
2.5803220866141729
11
1.5599328740157481
21
2.5803220866141729
0
LINE
8
BLACK
6
CONTINUOUS
10
1.5599328740157481
20
2.5803220866141729
11
1.56263031496063
21
2.5816708267716533
0
LINE
8
BLACK
6
CONTINUOUS
10
1.56263031496063
20
2.5816708267716533
11
1.5639594488188977
21
2.5829999999999997
0
LINE
8
BLACK
6
CONTINUOUS
10
1.5639594488188977
20
2.5829999999999997
11
1.567263188976378
21
2.5879555511811021
0
LINE
8
BLACK
6
CONTINUOUS
10
1.567263188976378
20
2.5879555511811021
11
1.5679924803149605
21
2.5908727165354328
0
LINE
8
BLACK
6
CONTINUOUS
10
1.5679924803149605
20
2.5908727165354328
11
1.5656999606299211
21
2.5897264566929135
0
LINE
8
BLACK
6
CONTINUOUS
10
1.5656999606299211
20
2.5897264566929135
11
1.5651593307086613
21
2.589519566929134
0
LINE
8
BLACK
6
CONTINUOUS
10
1.5651593307086613
20
2.589519566929134
11
1.5650535039370079
21
2.5895120866141732
0
LINE
8
BLACK
6
CONTINUOUS
10
1.5650535039370079
20
2.5895120866141732
11
1.5649555118110237
21
2.5894714566929133
0
LINE
8
BLACK
6
CONTINUOUS
10
1.5649555118110237
20
2.5894714566929133
11
1.5643794488188976
21
2.589414724409449
0
LINE
8
BLACK
6
CONTINUOUS
10
1.5643794488188976
20
2.589414724409449
11
1.5568803937007873
21
2.589414724409449
0
LINE
8
BLACK
6
CONTINUOUS
10
1.5568803937007873
20
2.589414724409449
11
1.5563043307086615
21
2.5894714566929133
0
LINE
8
BLACK
6
CONTINUOUS
10
1.5563043307086615
20
2.5894714566929133
11
1.5562063385826772
21
2.5895120472440945
0
LINE
8
BLACK
6
CONTINUOUS
10
1.5562063385826772
20
2.5895120472440945
11
1.5561004724409448
21
2.589519566929134
0
LINE
8
BLACK
6
CONTINUOUS
10
1.5561004724409448
20
2.589519566929134
11
1.5555598818897638
21
2.5897264566929135
0
LINE
8
BLACK
6
CONTINUOUS
10
1.5555598818897638
20
2.5897264566929135
11
1.5518103543307087
21
2.591601220472441
0
LINE
8
BLACK
6
CONTINUOUS
10
1.5518103543307087
20
2.591601220472441
11
1.5515623228346456
21
2.5917573228346455
0
LINE
8
BLACK
6
CONTINUOUS
10
1.5515623228346456
20
2.5917573228346455
11
1.5514903937007873
21
2.591787125984252
0
LINE
8
BLACK
6
CONTINUOUS
10
1.5514903937007873
20
2.591787125984252
11
1.5514094094488189
21
2.5918536220472439
0
LINE
8
BLACK
6
CONTINUOUS
10
1.5514094094488189
20
2.5918536220472439
11
1.5513204724409448
21
2.5919095669291337
0
LINE
8
BLACK
6
CONTINUOUS
10
1.5513204724409448
20
2.5919095669291337
11
1.5512692913385826
21
2.5919685826771652
0
LINE
8
BLACK
6
CONTINUOUS
10
1.5512692913385826
20
2.5919685826771652
11
1.5510429527559055
21
2.5921543307086612
0
LINE
8
BLACK
6
CONTINUOUS
10
1.5510429527559055
20
2.5921543307086612
11
1.549168188976378
21
2.5940290944881887
0
LINE
8
BLACK
6
CONTINUOUS
10
1.549168188976378
20
2.5940290944881887
11
1.548982401574803
21
2.594255472440945
0
LINE
8
BLACK
6
CONTINUOUS
10
1.548982401574803
20
2.594255472440945
11
1.5489234251968504
21
2.5943066141732283
0
LINE
8
BLACK
6
CONTINUOUS
10
1.5489234251968504
20
2.5943066141732283
11
1.5488674409448819
21
2.5943955905511809
0
LINE
8
BLACK
6
CONTINUOUS
10
1.5488674409448819
20
2.5943955905511809
11
1.5488009842519685
21
2.594476535433071
0
LINE
8
BLACK
6
CONTINUOUS
10
1.5488009842519685
20
2.594476535433071
11
1.5487711417322834
21
2.5945485039370078
0
LINE
8
BLACK
6
CONTINUOUS
10
1.5487711417322834
20
2.5945485039370078
11
1.5486150787401574
21
2.5947964960629921
0
LINE
8
BLACK
6
CONTINUOUS
10
1.5486150787401574
20
2.5947964960629921
11
1.5467403149606298
21
2.5985460236220472
0
LINE
8
BLACK
6
CONTINUOUS
10
1.5467403149606298
20
2.5985460236220472
11
1.5465334251968503
21
2.5990866535433068
0
LINE
8
BLACK
6
CONTINUOUS
10
1.5465334251968503
20
2.5990866535433068
11
1.546525905511811
21
2.5991924803149606
0
LINE
8
BLACK
6
CONTINUOUS
10
1.546525905511811
20
2.5991924803149606
11
1.5464853149606299
21
2.5992904724409449
0
LINE
8
BLACK
6
CONTINUOUS
10
1.5464853149606299
20
2.5992904724409449
11
1.5464285826771653
21
2.5998665354330708
0
LINE
8
BLACK
6
CONTINUOUS
10
1.5464285826771653
20
2.5998665354330708
11
1.5464285826771653
21
2.6092403543307086
0
LINE
8
BLACK
6
CONTINUOUS
10
1.5464285826771653
20
2.6092403543307086
11
1.5464853149606299
21
2.6098164173228344
0
LINE
8
BLACK
6
CONTINUOUS
10
1.5464853149606299
20
2.6098164173228344
11
1.546525905511811
21
2.6099144488188974
0
LINE
8
BLACK
6
CONTINUOUS
10
1.546525905511811
20
2.6099144488188974
11
1.5465334251968503
21
2.6100202362204725
0
LINE
8
BLACK
6
CONTINUOUS
10
1.5465334251968503
20
2.6100202362204725
11
1.5467403149606298
21
2.6105608661417321
0
LINE
8
BLACK
6
CONTINUOUS
10
1.5467403149606298
20
2.6105608661417321
11
1.5486150787401574
21
2.6143103937007872
0
LINE
8
BLACK
6
CONTINUOUS
10
1.5486150787401574
20
2.6143103937007872
11
1.5487711417322834
21
2.6145584251968503
0
LINE
8
BLACK
6
CONTINUOUS
10
1.5487711417322834
20
2.6145584251968503
11
1.5488009842519685
21
2.6146303543307088
0
LINE
8
BLACK
6
CONTINUOUS
10
1.5488009842519685
20
2.6146303543307088
11
1.5488674409448819
21
2.6147113385826772
0
LINE
8
BLACK
6
CONTINUOUS
10
1.5488674409448819
20
2.6147113385826772
11
1.5489234251968504
21
2.6148002755905511
0
LINE
8
BLACK
6
CONTINUOUS
10
1.5489234251968504
20
2.6148002755905511
11
1.548982401574803
21
2.6148514566929135
0
LINE
8
BLACK
6
CONTINUOUS
10
1.548982401574803
20
2.6148514566929135
11
1.549168188976378
21
2.6150777952755906
0
LINE
8
BLACK
6
CONTINUOUS
10
1.549168188976378
20
2.6150777952755906
11
1.5510429527559055
21
2.6169525590551181
0
LINE
8
BLACK
6
CONTINUOUS
10
1.5510429527559055
20
2.6169525590551181
11
1.5512692913385826
21
2.6171383464566929
0
LINE
8
BLACK
6
CONTINUOUS
10
1.5512692913385826
20
2.6171383464566929
11
1.5513204724409448
21
2.6171973228346457
0
LINE
8
BLACK
6
CONTINUOUS
10
1.5513204724409448
20
2.6171973228346457
11
1.5514094094488189
21
2.6172533070866142
0
LINE
8
BLACK
6
CONTINUOUS
10
1.5514094094488189
20
2.6172533070866142
11
1.5514903937007873
21
2.6173197637795274
0
LINE
8
BLACK
6
CONTINUOUS
10
1.5514903937007873
20
2.6173197637795274
11
1.5515623228346456
21
2.6173496062992125
0
LINE
8
BLACK
6
CONTINUOUS
10
1.5515623228346456
20
2.6173496062992125
11
1.5518103543307087
21
2.6175056692913383
0
LINE
8
BLACK
6
CONTINUOUS
10
1.5518103543307087
20
2.6175056692913383
11
1.5555598818897638
21
2.6193804330708659
0
LINE
8
BLACK
6
CONTINUOUS
10
1.5555598818897638
20
2.6193804330708659
11
1.5561004724409448
21
2.6195873228346458
0
LINE
8
BLACK
6
CONTINUOUS
10
1.5561004724409448
20
2.6195873228346458
11
1.5562063385826772
21
2.6195948818897636
0
LINE
8
BLACK
6
CONTINUOUS
10
1.5562063385826772
20
2.6195948818897636
11
1.5563043307086615
21
2.619635433070866
0
LINE
8
BLACK
6
CONTINUOUS
10
1.5563043307086615
20
2.619635433070866
11
1.5568803937007873
21
2.6196921653543308
0
LINE
8
BLACK
6
CONTINUOUS
10
1.5568803937007873
20
2.6196921653543308
11
1.5643794488188976
21
2.6196921653543308
0
LINE
8
BLACK
6
CONTINUOUS
10
1.5643794488188976
20
2.6196921653543308
11
1.5649555118110237
21
2.619635433070866
0
LINE
8
BLACK
6
CONTINUOUS
10
1.5548799606299213
20
2.6124379133858269
11
1.5536828346456693
21
2.6112407874015746
0
LINE
8
BLACK
6
CONTINUOUS
10
1.5536828346456693
20
2.6112407874015746
11
1.5523340944881889
21
2.608543307086614
0
LINE
8
BLACK
6
CONTINUOUS
10
1.5523340944881889
20
2.608543307086614
11
1.5523340944881889
21
2.6005635826771654
0
LINE
8
BLACK
6
CONTINUOUS
10
1.5523340944881889
20
2.6005635826771654
11
1.5536828346456693
21
2.5978661023622047
0
LINE
8
BLACK
6
CONTINUOUS
10
1.5536828346456693
20
2.5978661023622047
11
1.5548799606299213
21
2.5966689763779529
0
LINE
8
BLACK
6
CONTINUOUS
10
1.5548799606299213
20
2.5966689763779529
11
1.5575774409448819
21
2.5953202362204726
0
LINE
8
BLACK
6
CONTINUOUS
10
1.5575774409448819
20
2.5953202362204726
11
1.5636824015748032
21
2.5953202362204726
0
LINE
8
BLACK
6
CONTINUOUS
10
1.5636824015748032
20
2.5953202362204726
11
1.5663798818897638
21
2.5966689763779529
0
LINE
8
BLACK
6
CONTINUOUS
10
1.5663798818897638
20
2.5966689763779529
11
1.5675770078740157
21
2.5978661023622047
0
LINE
8
BLACK
6
CONTINUOUS
10
1.5675770078740157
20
2.5978661023622047
11
1.568925748031496
21
2.6005635826771654
0
LINE
8
BLACK
6
CONTINUOUS
10
1.568925748031496
20
2.6005635826771654
11
1.568925748031496
21
2.608543307086614
0
LINE
8
BLACK
6
CONTINUOUS
10
1.568925748031496
20
2.608543307086614
11
1.5675770078740157
21
2.6112407874015746
0
LINE
8
BLACK
6
CONTINUOUS
10
1.5675770078740157
20
2.6112407874015746
11
1.5663798818897638
21
2.6124379133858269
0
LINE
8
BLACK
6
CONTINUOUS
10
1.5663798818897638
20
2.6124379133858269
11
1.5636824015748032
21
2.6137866535433072
0
LINE
8
BLACK
6
CONTINUOUS
10
1.5636824015748032
20
2.6137866535433072
11
1.5575774409448819
21
2.6137866535433072
0
LINE
8
BLACK
6
CONTINUOUS
10
1.5575774409448819
20
2.6137866535433072
11
1.5548799606299213
21
2.6124379133858269
0
LINE
8
BLACK
6
CONTINUOUS
10
1.6062003543307086
20
2.619635433070866
11
1.6072647637795274
21
2.6191945275590549
0
LINE
8
BLACK
6
CONTINUOUS
10
1.6072647637795274
20
2.6191945275590549
11
1.6080794094488189
21
2.6183798818897639
0
LINE
8
BLACK
6
CONTINUOUS
10
1.6080794094488189
20
2.6183798818897639
11
1.60852031496063
21
2.6173154724409446
0
LINE
8
BLACK
6
CONTINUOUS
10
1.60852031496063
20
2.6173154724409446
11
1.60852031496063
21
2.6161633464566929
0
LINE
8
BLACK
6
CONTINUOUS
10
1.60852031496063
20
2.6161633464566929
11
1.6080794094488189
21
2.6150989370078741
0
LINE
8
BLACK
6
CONTINUOUS
10
1.6080794094488189
20
2.6150989370078741
11
1.6072647637795274
21
2.6142842913385826
0
LINE
8
BLACK
6
CONTINUOUS
10
1.6072647637795274
20
2.6142842913385826
11
1.6062003543307086
21
2.6138433858267716
0
LINE
8
BLACK
6
CONTINUOUS
10
1.6062003543307086
20
2.6138433858267716
11
1.6056242913385825
21
2.6137866535433072
0
LINE
8
BLACK
6
CONTINUOUS
10
1.6056242913385825
20
2.6137866535433072
11
1.5988222834645669
21
2.6137866535433072
0
LINE
8
BLACK
6
CONTINUOUS
10
1.5988222834645669
20
2.6137866535433072
11
1.5961248031496063
21
2.6124379133858269
0
LINE
8
BLACK
6
CONTINUOUS
10
1.5961248031496063
20
2.6124379133858269
11
1.594795590551181
21
2.6111087401574804
0
LINE
8
BLACK
6
CONTINUOUS
10
1.594795590551181
20
2.6111087401574804
11
1.591491968503937
21
2.6061532677165355
0
LINE
8
BLACK
6
CONTINUOUS
10
1.591491968503937
20
2.6061532677165355
11
1.5907626771653542
21
2.6032360629921261
0
LINE
8
BLACK
6
CONTINUOUS
10
1.5907626771653542
20
2.6032360629921261
11
1.5930551968503937
21
2.6043823228346454
0
LINE
8
BLACK
6
CONTINUOUS
10
1.5930551968503937
20
2.6043823228346454
11
1.5935957874015747
21
2.6045892125984254
0
LINE
8
BLACK
6
CONTINUOUS
10
1.5935957874015747
20
2.6045892125984254
11
1.5937016535433071
21
2.6045967716535432
0
LINE
8
BLACK
6
CONTINUOUS
10
1.5937016535433071
20
2.6045967716535432
11
1.5937996456692913
21
2.6046373228346456
0
LINE
8
BLACK
6
CONTINUOUS
10
1.5937996456692913
20
2.6046373228346456
11
1.5943757086614172
21
2.6046940551181104
0
LINE
8
BLACK
6
CONTINUOUS
10
1.5943757086614172
20
2.6046940551181104
11
1.6018747637795274
21
2.6046940551181104
0
LINE
8
BLACK
6
CONTINUOUS
10
1.6018747637795274
20
2.6046940551181104
11
1.6024508267716535
21
2.6046373228346456
0
LINE
8
BLACK
6
CONTINUOUS
10
1.6024508267716535
20
2.6046373228346456
11
1.6025488188976378
21
2.6045967322834644
0
LINE
8
BLACK
6
CONTINUOUS
10
1.6025488188976378
20
2.6045967322834644
11
1.6026546456692914
21
2.6045892125984254
0
LINE
8
BLACK
6
CONTINUOUS
10
1.6026546456692914
20
2.6045892125984254
11
1.6031952755905512
21
2.6043823228346454
0
LINE
8
BLACK
6
CONTINUOUS
10
1.6031952755905512
20
2.6043823228346454
11
1.6069448031496063
21
2.6025075590551179
0
LINE
8
BLACK
6
CONTINUOUS
10
1.6069448031496063
20
2.6025075590551179
11
1.6071927952755904
21
2.6023514960629921
0
LINE
8
BLACK
6
CONTINUOUS
10
1.6071927952755904
20
2.6023514960629921
11
1.6072647637795274
21
2.6023216535433069
0
LINE
8
BLACK
6
CONTINUOUS
10
1.6072647637795274
20
2.6023216535433069
11
1.6073457086614173
21
2.6022551968503937
0
LINE
8
BLACK
6
CONTINUOUS
10
1.6073457086614173
20
2.6022551968503937
11
1.6074346850393701
21
2.6021992125984252
0
LINE
8
BLACK
6
CONTINUOUS
10
1.6074346850393701
20
2.6021992125984252
11
1.6074858267716534
21
2.6021402362204724
0
LINE
8
BLACK
6
CONTINUOUS
10
1.6074858267716534
20
2.6021402362204724
11
1.6077122047244095
21
2.6019544488188977
0
LINE
8
BLACK
6
CONTINUOUS
10
1.6077122047244095
20
2.6019544488188977
11
1.609586968503937
21
2.6000796850393701
0
LINE
8
BLACK
6
CONTINUOUS
10
1.609586968503937
20
2.6000796850393701
11
1.609772716535433
21
2.5998533464566926
0
LINE
8
BLACK
6
CONTINUOUS
10
1.609772716535433
20
2.5998533464566926
11
1.6098317322834645
21
2.5998021653543306
0
LINE
8
BLACK
6
CONTINUOUS
10
1.6098317322834645
20
2.5998021653543306
11
1.6098876771653543
21
2.5997132283464568
0
LINE
8
BLACK
6
CONTINUOUS
10
1.6098876771653543
20
2.5997132283464568
11
1.6099541732283464
21
2.5996322440944883
0
LINE
8
BLACK
6
CONTINUOUS
10
1.6099541732283464
20
2.5996322440944883
11
1.6099839763779527
21
2.5995603149606299
0
LINE
8
BLACK
6
CONTINUOUS
10
1.6099839763779527
20
2.5995603149606299
11
1.6101400787401574
21
2.5993122834645668
0
LINE
8
BLACK
6
CONTINUOUS
10
1.6101400787401574
20
2.5993122834645668
11
1.612014842519685
21
2.5955627559055117
0
LINE
8
BLACK
6
CONTINUOUS
10
1.612014842519685
20
2.5955627559055117
11
1.6122217322834644
21
2.5950221653543308
0
LINE
8
BLACK
6
CONTINUOUS
10
1.6122217322834644
20
2.5950221653543308
11
1.612229251968504
21
2.5949162992125983
0
LINE
8
BLACK
6
CONTINUOUS
10
1.612229251968504
20
2.5949162992125983
11
1.6122698425196851
21
2.594818307086614
0
LINE
8
BLACK
6
CONTINUOUS
10
1.6122698425196851
20
2.594818307086614
11
1.6123265748031497
21
2.5942422440944881
0
LINE
8
BLACK
6
CONTINUOUS
10
1.6123265748031497
20
2.5942422440944881
11
1.6123265748031497
21
2.5848684251968503
0
LINE
8
BLACK
6
CONTINUOUS
10
1.6123265748031497
20
2.5848684251968503
11
1.6122698425196851
21
2.5842923622047245
0
LINE
8
BLACK
6
CONTINUOUS
10
1.6122698425196851
20
2.5842923622047245
11
1.612229251968504
21
2.584194409448819
0
LINE
8
BLACK
6
CONTINUOUS
10
1.612229251968504
20
2.584194409448819
11
1.6122217322834644
21
2.5840885039370076
0
LINE
8
BLACK
6
CONTINUOUS
10
1.6122217322834644
20
2.5840885039370076
11
1.612014842519685
21
2.5835479133858268
0
LINE
8
BLACK
6
CONTINUOUS
10
1.612014842519685
20
2.5835479133858268
11
1.6101400787401574
21
2.5797983858267717
0
LINE
8
BLACK
6
CONTINUOUS
10
1.6101400787401574
20
2.5797983858267717
11
1.6099840157480314
21
2.5795505118110236
0
LINE
8
BLACK
6
CONTINUOUS
10
1.6099840157480314
20
2.5795505118110236
11
1.6099542125984252
21
2.5794784645669289
0
LINE
8
BLACK
6
CONTINUOUS
10
1.6099542125984252
20
2.5794784645669289
11
1.6098876771653543
21
2.5793974409448817
0
LINE
8
BLACK
6
CONTINUOUS
10
1.6098876771653543
20
2.5793974409448817
11
1.6098317322834645
21
2.5793085039370078
0
LINE
8
BLACK
6
CONTINUOUS
10
1.6098317322834645
20
2.5793085039370078
11
1.609772716535433
21
2.5792573622047246
0
LINE
8
BLACK
6
CONTINUOUS
10
1.609772716535433
20
2.5792573622047246
11
1.609586968503937
21
2.5790309842519683
0
LINE
8
BLACK
6
CONTINUOUS
10
1.609586968503937
20
2.5790309842519683
11
1.6077122440944882
21
2.5771562204724408
0
LINE
8
BLACK
6
CONTINUOUS
10
1.6077122440944882
20
2.5771562204724408
11
1.6074858661417322
21
2.5769704724409448
0
LINE
8
BLACK
6
CONTINUOUS
10
1.6074858661417322
20
2.5769704724409448
11
1.6074346850393701
21
2.5769114173228345
0
LINE
8
BLACK
6
CONTINUOUS
10
1.6074346850393701
20
2.5769114173228345
11
1.6073457086614173
21
2.576855433070866
0
LINE
8
BLACK
6
CONTINUOUS
10
1.6073457086614173
20
2.576855433070866
11
1.6072647637795274
21
2.5767889763779528
0
LINE
8
BLACK
6
CONTINUOUS
10
1.6072647637795274
20
2.5767889763779528
11
1.6071927952755904
21
2.5767591732283464
0
LINE
8
BLACK
6
CONTINUOUS
10
1.6071927952755904
20
2.5767591732283464
11
1.6069448031496063
21
2.5766030708661418
0
LINE
8
BLACK
6
CONTINUOUS
10
1.6069448031496063
20
2.5766030708661418
11
1.6031952755905512
21
2.5747283070866143
0
LINE
8
BLACK
6
CONTINUOUS
10
1.6031952755905512
20
2.5747283070866143
11
1.6026546456692914
21
2.5745214173228348
0
LINE
8
BLACK
6
CONTINUOUS
10
1.6026546456692914
20
2.5745214173228348
11
1.6025488188976378
21
2.574513937007874
0
LINE
8
BLACK
6
CONTINUOUS
10
1.6025488188976378
20
2.574513937007874
11
1.6024508267716535
21
2.5744733070866141
0
LINE
8
BLACK
6
CONTINUOUS
10
1.6024508267716535
20
2.5744733070866141
11
1.6018747637795274
21
2.5744165748031493
0
LINE
8
BLACK
6
CONTINUOUS
10
1.6018747637795274
20
2.5744165748031493
11
1.5943757086614172
21
2.5744165748031493
0
LINE
8
BLACK
6
CONTINUOUS
10
1.5943757086614172
20
2.5744165748031493
11
1.5937996456692913
21
2.5744733070866141
0
LINE
8
BLACK
6
CONTINUOUS
10
1.5937996456692913
20
2.5744733070866141
11
1.5937016535433071
21
2.5745138976377953
0
LINE
8
BLACK
6
CONTINUOUS
10
1.5937016535433071
20
2.5745138976377953
11
1.5935957874015747
21
2.5745214173228348
0
LINE
8
BLACK
6
CONTINUOUS
10
1.5935957874015747
20
2.5745214173228348
11
1.5930551968503937
21
2.5747283070866143
0
LINE
8
BLACK
6
CONTINUOUS
10
1.5930551968503937
20
2.5747283070866143
11
1.5893056692913385
21
2.5766030708661418
0
LINE
8
BLACK
6
CONTINUOUS
10
1.5893056692913385
20
2.5766030708661418
11
1.5890576377952756
21
2.5767591732283464
0
LINE
8
BLACK
6
CONTINUOUS
10
1.5890576377952756
20
2.5767591732283464
11
1.5889857086614172
21
2.5767889763779528
0
LINE
8
BLACK
6
CONTINUOUS
10
1.5889857086614172
20
2.5767889763779528
11
1.5889047244094487
21
2.576855433070866
0
LINE
8
BLACK
6
CONTINUOUS
10
1.5889047244094487
20
2.576855433070866
11
1.5888157874015747
21
2.5769114173228345
0
LINE
8
BLACK
6
CONTINUOUS
10
1.5888157874015747
20
2.5769114173228345
11
1.5887645669291339
21
2.5769704724409448
0
LINE
8
BLACK
6
CONTINUOUS
10
1.5887645669291339
20
2.5769704724409448
11
1.5885382283464566
21
2.5771562204724408
0
LINE
8
BLACK
6
CONTINUOUS
10
1.5885382283464566
20
2.5771562204724408
11
1.5866634645669291
21
2.5790310236220471
0
LINE
8
BLACK
6
CONTINUOUS
10
1.5866634645669291
20
2.5790310236220471
11
1.5864777165354331
21
2.5792573622047246
0
LINE
8
BLACK
6
CONTINUOUS
10
1.5864777165354331
20
2.5792573622047246
11
1.5864187401574803
21
2.5793085039370078
0
LINE
8
BLACK
6
CONTINUOUS
10
1.5864187401574803
20
2.5793085039370078
11
1.5863627559055118
21
2.5793974409448817
0
LINE
8
BLACK
6
CONTINUOUS
10
1.5863627559055118
20
2.5793974409448817
11
1.5862962598425197
21
2.5794784645669289
0
LINE
8
BLACK
6
CONTINUOUS
10
1.5862962598425197
20
2.5794784645669289
11
1.5862664173228347
21
2.5795505118110236
0
LINE
8
BLACK
6
CONTINUOUS
10
1.5862664173228347
20
2.5795505118110236
11
1.5861103937007874
21
2.5797983858267717
0
LINE
8
BLACK
6
CONTINUOUS
10
1.5861103937007874
20
2.5797983858267717
11
1.5842356299212599
21
2.5835479133858268
0
LINE
8
BLACK
6
CONTINUOUS
10
1.5842356299212599
20
2.5835479133858268
11
1.5840287401574802
21
2.5840885433070864
0
LINE
8
BLACK
6
CONTINUOUS
10
1.5840287401574802
20
2.5840885433070864
11
1.5840212204724409
21
2.5841943700787402
0
LINE
8
BLACK
6
CONTINUOUS
10
1.5840212204724409
20
2.5841943700787402
11
1.5839806299212598
21
2.5842923622047245
0
LINE
8
BLACK
6
CONTINUOUS
10
1.5839806299212598
20
2.5842923622047245
11
1.5839238976377952
21
2.5848684251968503
0
LINE
8
BLACK
6
CONTINUOUS
10
1.5839238976377952
20
2.5848684251968503
11
1.5839238976377952
21
2.5998665354330708
0
LINE
8
BLACK
6
CONTINUOUS
10
1.5839238976377952
20
2.5998665354330708
11
1.583933779527559
21
2.5999670866141731
0
LINE
8
BLACK
6
CONTINUOUS
10
1.583933779527559
20
2.5999670866141731
11
1.5839274015748031
21
2.6000100787401572
0
LINE
8
BLACK
6
CONTINUOUS
10
1.5839274015748031
20
2.6000100787401572
11
1.583959251968504
21
2.6002255905511809
0
LINE
8
BLACK
6
CONTINUOUS
10
1.583959251968504
20
2.6002255905511809
11
1.5839806299212598
21
2.6004425984251966
0
LINE
8
BLACK
6
CONTINUOUS
10
1.5839806299212598
20
2.6004425984251966
11
1.5839972440944881
21
2.6004828346456694
0
LINE
8
BLACK
6
CONTINUOUS
10
1.5839972440944881
20
2.6004828346456694
11
1.5840120472440944
21
2.6005826771653542
0
LINE
8
BLACK
6
CONTINUOUS
10
1.5840120472440944
20
2.6005826771653542
11
1.5858868110236219
21
2.6080817322834644
0
LINE
8
BLACK
6
CONTINUOUS
10
1.5858868110236219
20
2.6080817322834644
11
1.5860080708661417
21
2.6084212204724411
0
LINE
8
BLACK
6
CONTINUOUS
10
1.5860080708661417
20
2.6084212204724411
11
1.5860222440944882
21
2.6084927165354328
0
LINE
8
BLACK
6
CONTINUOUS
10
1.5860222440944882
20
2.6084927165354328
11
1.5860568110236219
21
2.6085575984251967
0
LINE
8
BLACK
6
CONTINUOUS
10
1.5860568110236219
20
2.6085575984251967
11
1.5860815748031496
21
2.6086268503937009
0
LINE
8
BLACK
6
CONTINUOUS
10
1.5860815748031496
20
2.6086268503937009
11
1.586125
21
2.608685472440945
0
LINE
8
BLACK
6
CONTINUOUS
10
1.586125
20
2.608685472440945
11
1.5862945669291337
21
2.6090035039370076
0
LINE
8
BLACK
6
CONTINUOUS
10
1.5862945669291337
20
2.6090035039370076
11
1.5900440944881888
21
2.6146277952755903
0
LINE
8
BLACK
6
CONTINUOUS
10
1.5900440944881888
20
2.6146277952755903
11
1.5900454330708662
21
2.6146294881889762
0
LINE
8
BLACK
6
CONTINUOUS
10
1.5900454330708662
20
2.6146294881889762
11
1.5900458267716535
21
2.6146303543307088
0
LINE
8
BLACK
6
CONTINUOUS
10
1.5900458267716535
20
2.6146303543307088
11
1.5902225196850392
21
2.6148456692913387
0
LINE
8
BLACK
6
CONTINUOUS
10
1.5902225196850392
20
2.6148456692913387
11
1.5904108661417322
21
2.6150756299212596
0
LINE
8
BLACK
6
CONTINUOUS
10
1.5904108661417322
20
2.6150756299212596
11
1.5904116929133858
21
2.6150762204724409
0
LINE
8
BLACK
6
CONTINUOUS
10
1.5904116929133858
20
2.6150762204724409
11
1.5904130314960629
21
2.6150777952755906
0
LINE
8
BLACK
6
CONTINUOUS
10
1.5904130314960629
20
2.6150777952755906
11
1.5922877952755905
21
2.6169525590551181
0
LINE
8
BLACK
6
CONTINUOUS
10
1.5922877952755905
20
2.6169525590551181
11
1.5925141338582678
21
2.6171383464566929
0
LINE
8
BLACK
6
CONTINUOUS
10
1.5925141338582678
20
2.6171383464566929
11
1.5925653149606298
21
2.6171973228346457
0
LINE
8
BLACK
6
CONTINUOUS
10
1.5925653149606298
20
2.6171973228346457
11
1.5926542519685039
21
2.6172533070866142
0
LINE
8
BLACK
6
CONTINUOUS
10
1.5926542519685039
20
2.6172533070866142
11
1.5927352362204723
21
2.6173197637795274
0
LINE
8
BLACK
6
CONTINUOUS
10
1.5927352362204723
20
2.6173197637795274
11
1.5928071653543308
21
2.6173496062992125
0
LINE
8
BLACK
6
CONTINUOUS
10
1.5928071653543308
20
2.6173496062992125
11
1.5930551968503937
21
2.6175056692913383
0
LINE
8
BLACK
6
CONTINUOUS
10
1.5930551968503937
20
2.6175056692913383
11
1.5968047244094488
21
2.6193804330708659
0
LINE
8
BLACK
6
CONTINUOUS
10
1.5968047244094488
20
2.6193804330708659
11
1.5973453149606298
21
2.6195873228346458
0
LINE
8
BLACK
6
CONTINUOUS
10
1.5973453149606298
20
2.6195873228346458
11
1.5974511811023622
21
2.6195948818897636
0
LINE
8
BLACK
6
CONTINUOUS
10
1.5974511811023622
20
2.6195948818897636
11
1.5975491732283464
21
2.619635433070866
0
LINE
8
BLACK
6
CONTINUOUS
10
1.5975491732283464
20
2.619635433070866
11
1.5981252362204723
21
2.6196921653543308
0
LINE
8
BLACK
6
CONTINUOUS
10
1.5981252362204723
20
2.6196921653543308
11
1.6056242913385825
21
2.6196921653543308
0
LINE
8
BLACK
6
CONTINUOUS
10
1.6056242913385825
20
2.6196921653543308
11
1.6062003543307086
21
2.619635433070866
0
LINE
8
BLACK
6
CONTINUOUS
10
1.5923752755905511
20
2.5974398031496064
11
1.5911781496062991
21
2.5962426771653542
0
LINE
8
BLACK
6
CONTINUOUS
10
1.5911781496062991
20
2.5962426771653542
11
1.5898294094488188
21
2.5935451968503935
0
LINE
8
BLACK
6
CONTINUOUS
10
1.5898294094488188
20
2.5935451968503935
11
1.5898294094488188
21
2.5855654724409449
0
LINE
8
BLACK
6
CONTINUOUS
10
1.5898294094488188
20
2.5855654724409449
11
1.5911781496062991
21
2.5828679921259843
0
LINE
8
BLACK
6
CONTINUOUS
10
1.5911781496062991
20
2.5828679921259843
11
1.5923752755905511
21
2.5816708267716533
0
LINE
8
BLACK
6
CONTINUOUS
10
1.5923752755905511
20
2.5816708267716533
11
1.5950727559055118
21
2.5803220866141729
0
LINE
8
BLACK
6
CONTINUOUS
10
1.5950727559055118
20
2.5803220866141729
11
1.6011777165354331
21
2.5803220866141729
0
LINE
8
BLACK
6
CONTINUOUS
10
1.6011777165354331
20
2.5803220866141729
11
1.603875157480315
21
2.5816708267716533
0
LINE
8
BLACK
6
CONTINUOUS
10
1.603875157480315
20
2.5816708267716533
11
1.605072283464567
21
2.5828679921259843
0
LINE
8
BLACK
6
CONTINUOUS
10
1.605072283464567
20
2.5828679921259843
11
1.6064210629921261
21
2.5855654724409449
0
LINE
8
BLACK
6
CONTINUOUS
10
1.6064210629921261
20
2.5855654724409449
11
1.6064210629921261
21
2.5935451968503935
0
LINE
8
BLACK
6
CONTINUOUS
10
1.6064210629921261
20
2.5935451968503935
11
1.6050723228346457
21
2.5962426771653542
0
LINE
8
BLACK
6
CONTINUOUS
10
1.6050723228346457
20
2.5962426771653542
11
1.6038751968503937
21
2.5974398031496064
0
LINE
8
BLACK
6
CONTINUOUS
10
1.6038751968503937
20
2.5974398031496064
11
1.6011777165354331
21
2.5987885433070868
0
LINE
8
BLACK
6
CONTINUOUS
10
1.6011777165354331
20
2.5987885433070868
11
1.5950727559055118
21
2.5987885433070868
0
LINE
8
BLACK
6
CONTINUOUS
10
1.5950727559055118
20
2.5987885433070868
11
1.5923752755905511
21
2.5974398031496064
0
LINE
8
BLACK
6
CONTINUOUS
10
1.5334285826771654
20
2.5838724015748031
11
1.5341488976377953
21
2.5835740551181101
0
LINE
8
BLACK
6
CONTINUOUS
10
1.5341488976377953
20
2.5835740551181101
11
1.534148937007874
21
2.5835740157480314
0
LINE
8
BLACK
6
CONTINUOUS
10
1.534148937007874
20
2.5835740157480314
11
1.5345964173228346
21
2.5832067716535434
0
LINE
8
BLACK
6
CONTINUOUS
10
1.5345964173228346
20
2.5832067716535434
11
1.5364711417322834
21
2.5813320078740158
0
LINE
8
BLACK
6
CONTINUOUS
10
1.5364711417322834
20
2.5813320078740158
11
1.5368383858267716
21
2.5808845275590548
0
LINE
8
BLACK
6
CONTINUOUS
10
1.5368383858267716
20
2.5808845275590548
11
1.5372105118110235
21
2.5799861023622048
0
LINE
8
BLACK
6
CONTINUOUS
10
1.5372105118110235
20
2.5799861023622048
11
1.5372792519685039
21
2.579820118110236
0
LINE
8
BLACK
6
CONTINUOUS
10
1.5372792519685039
20
2.579820118110236
11
1.5372792519685039
21
2.5786680314960631
0
LINE
8
BLACK
6
CONTINUOUS
10
1.5372792519685039
20
2.5786680314960631
11
1.5368383464566928
21
2.5776036220472442
0
LINE
8
BLACK
6
CONTINUOUS
10
1.5368383464566928
20
2.5776036220472442
11
1.5364711417322834
21
2.577156181102362
0
LINE
8
BLACK
6
CONTINUOUS
10
1.5364711417322834
20
2.577156181102362
11
1.5345963779527558
21
2.5752814173228344
0
LINE
8
BLACK
6
CONTINUOUS
10
1.5345963779527558
20
2.5752814173228344
11
1.534148937007874
21
2.5749142125984252
0
LINE
8
BLACK
6
CONTINUOUS
10
1.534148937007874
20
2.5749142125984252
11
1.533084527559055
21
2.5744733070866141
0
LINE
8
BLACK
6
CONTINUOUS
10
1.533084527559055
20
2.5744733070866141
11
1.5330844881889762
21
2.5744733070866141
0
LINE
8
BLACK
6
CONTINUOUS
10
1.5330844881889762
20
2.5744733070866141
11
1.5319324409448818
21
2.5744733070866141
0
LINE
8
BLACK
6
CONTINUOUS
10
1.5319324409448818
20
2.5744733070866141
11
1.531932401574803
21
2.5744733070866141
0
LINE
8
BLACK
6
CONTINUOUS
10
1.531932401574803
20
2.5744733070866141
11
1.5308679921259842
21
2.5749142125984252
0
LINE
8
BLACK
6
CONTINUOUS
10
1.5308679921259842
20
2.5749142125984252
11
1.5304205511811024
21
2.5752814173228344
0
LINE
8
BLACK
6
CONTINUOUS
10
1.5304205511811024
20
2.5752814173228344
11
1.5285457874015749
21
2.577156181102362
0
LINE
8
BLACK
6
CONTINUOUS
10
1.5285457874015749
20
2.577156181102362
11
1.5281785826771652
21
2.5776036220472442
0
LINE
8
BLACK
6
CONTINUOUS
10
1.5281785826771652
20
2.5776036220472442
11
1.5279359842519684
21
2.5781893307086614
0
LINE
8
BLACK
6
CONTINUOUS
10
1.5279359842519684
20
2.5781893307086614
11
1.5277376771653544
21
2.5786680314960631
0
LINE
8
BLACK
6
CONTINUOUS
10
1.5277376771653544
20
2.5786680314960631
11
1.5277376771653544
21
2.579820118110236
0
LINE
8
BLACK
6
CONTINUOUS
10
1.5277376771653544
20
2.579820118110236
11
1.5281785433070867
21
2.5808845275590548
0
LINE
8
BLACK
6
CONTINUOUS
10
1.5281785433070867
20
2.5808845275590548
11
1.5285457480314961
21
2.5813319685039371
0
LINE
8
BLACK
6
CONTINUOUS
10
1.5285457480314961
20
2.5813319685039371
11
1.5304205118110237
21
2.5832067716535434
0
LINE
8
BLACK
6
CONTINUOUS
10
1.5304205118110237
20
2.5832067716535434
11
1.5308679921259842
21
2.5835740157480314
0
LINE
8
BLACK
6
CONTINUOUS
10
1.5308679921259842
20
2.5835740157480314
11
1.530868031496063
21
2.5835740551181101
0
LINE
8
BLACK
6
CONTINUOUS
10
1.530868031496063
20
2.5835740551181101
11
1.5315883464566928
21
2.5838724015748031
0
LINE
8
BLACK
6
CONTINUOUS
10
1.5315883464566928
20
2.5838724015748031
11
1.531932401574803
21
2.5840149212598424
0
LINE
8
BLACK
6
CONTINUOUS
10
1.531932401574803
20
2.5840149212598424
11
1.5330844881889762
21
2.5840149212598424
0
LINE
8
BLACK
6
CONTINUOUS
10
1.5330844881889762
20
2.5840149212598424
11
1.533084527559055
21
2.5840149212598424
0
LINE
8
BLACK
6
CONTINUOUS
10
1.533084527559055
20
2.5840149212598424
11
1.5334285826771654
21
2.5838724015748031
0
LINE
8
BLACK
6
CONTINUOUS
10
1.6680676377952754
20
2.6065120866141731
11
1.6681656299212597
21
2.606471496062992
0
LINE
8
BLACK
6
CONTINUOUS
10
1.6681656299212597
20
2.606471496062992
11
1.6682714566929133
21
2.6064639763779529
0
LINE
8
BLACK
6
CONTINUOUS
10
1.6682714566929133
20
2.6064639763779529
11
1.6688120866141731
21
2.606257086614173
0
LINE
8
BLACK
6
CONTINUOUS
10
1.6688120866141731
20
2.606257086614173
11
1.6725616141732282
21
2.6043823228346454
0
LINE
8
BLACK
6
CONTINUOUS
10
1.6725616141732282
20
2.6043823228346454
11
1.6726579527559056
21
2.6043216929133859
0
LINE
8
BLACK
6
CONTINUOUS
10
1.6726579527559056
20
2.6043216929133859
11
1.6727033858267717
21
2.604306535433071
0
LINE
8
BLACK
6
CONTINUOUS
10
1.6727033858267717
20
2.604306535433071
11
1.6727599212598425
21
2.6042575196850395
0
LINE
8
BLACK
6
CONTINUOUS
10
1.6727599212598425
20
2.6042575196850395
11
1.6730514960629921
21
2.6040739763779528
0
LINE
8
BLACK
6
CONTINUOUS
10
1.6730514960629921
20
2.6040739763779528
11
1.6731158661417322
21
2.6039997637795276
0
LINE
8
BLACK
6
CONTINUOUS
10
1.6731158661417322
20
2.6039997637795276
11
1.6731802362204724
21
2.6040739763779528
0
LINE
8
BLACK
6
CONTINUOUS
10
1.6731802362204724
20
2.6040739763779528
11
1.6734717716535432
21
2.6042575196850395
0
LINE
8
BLACK
6
CONTINUOUS
10
1.6734717716535432
20
2.6042575196850395
11
1.6735283464566928
21
2.604306535433071
0
LINE
8
BLACK
6
CONTINUOUS
10
1.6735283464566928
20
2.604306535433071
11
1.6735737401574802
21
2.6043216929133859
0
LINE
8
BLACK
6
CONTINUOUS
10
1.6735737401574802
20
2.6043216929133859
11
1.6736701181102362
21
2.6043823228346454
0
LINE
8
BLACK
6
CONTINUOUS
10
1.6736701181102362
20
2.6043823228346454
11
1.6774196456692914
21
2.606257086614173
0
LINE
8
BLACK
6
CONTINUOUS
10
1.6774196456692914
20
2.606257086614173
11
1.6779602362204724
21
2.6064639763779529
0
LINE
8
BLACK
6
CONTINUOUS
10
1.6779602362204724
20
2.6064639763779529
11
1.6780661023622048
21
2.6064715354330708
0
LINE
8
BLACK
6
CONTINUOUS
10
1.6780661023622048
20
2.6064715354330708
11
1.678164094488189
21
2.6065120866141731
0
LINE
8
BLACK
6
CONTINUOUS
10
1.678164094488189
20
2.6065120866141731
11
1.6787401574803149
21
2.6065688188976379
0
LINE
8
BLACK
6
CONTINUOUS
10
1.6787401574803149
20
2.6065688188976379
11
1.6843644488188976
21
2.6065688188976379
0
LINE
8
BLACK
6
CONTINUOUS
10
1.6843644488188976
20
2.6065688188976379
11
1.6849405118110237
21
2.6065120866141731
0
LINE
8
BLACK
6
CONTINUOUS
10
1.6849405118110237
20
2.6065120866141731
11
1.6850385039370079
21
2.606471496062992
0
LINE
8
BLACK
6
CONTINUOUS
10
1.6850385039370079
20
2.606471496062992
11
1.6851443307086613
21
2.6064639763779529
0
LINE
8
BLACK
6
CONTINUOUS
10
1.6851443307086613
20
2.6064639763779529
11
1.6856849606299211
21
2.606257086614173
0
LINE
8
BLACK
6
CONTINUOUS
10
1.6856849606299211
20
2.606257086614173
11
1.689434527559055
21
2.6043823228346454
0
LINE
8
BLACK
6
CONTINUOUS
10
1.689434527559055
20
2.6043823228346454
11
1.6895308267716536
21
2.6043216929133859
0
LINE
8
BLACK
6
CONTINUOUS
10
1.6895308267716536
20
2.6043216929133859
11
1.6895762992125984
21
2.604306535433071
0
LINE
8
BLACK
6
CONTINUOUS
10
1.6895762992125984
20
2.604306535433071
11
1.689632874015748
21
2.6042574803149607
0
LINE
8
BLACK
6
CONTINUOUS
10
1.689632874015748
20
2.6042574803149607
11
1.6899243700787401
21
2.6040739763779528
0
LINE
8
BLACK
6
CONTINUOUS
10
1.6899243700787401
20
2.6040739763779528
11
1.6901668503937008
21
2.6037943700787403
0
LINE
8
BLACK
6
CONTINUOUS
10
1.6901668503937008
20
2.6037943700787403
11
1.6904466929133859
21
2.6035516929133857
0
LINE
8
BLACK
6
CONTINUOUS
10
1.6904466929133859
20
2.6035516929133857
11
1.6906301968503936
21
2.6032601574803147
0
LINE
8
BLACK
6
CONTINUOUS
10
1.6906301968503936
20
2.6032601574803147
11
1.6906792519685039
21
2.6032035826771653
0
LINE
8
BLACK
6
CONTINUOUS
10
1.6906792519685039
20
2.6032035826771653
11
1.69069437007874
21
2.6031581889763777
0
LINE
8
BLACK
6
CONTINUOUS
10
1.69069437007874
20
2.6031581889763777
11
1.6907550393700788
21
2.6030618110236219
0
LINE
8
BLACK
6
CONTINUOUS
10
1.6907550393700788
20
2.6030618110236219
11
1.6926298031496063
21
2.5993122834645668
0
LINE
8
BLACK
6
CONTINUOUS
10
1.6926298031496063
20
2.5993122834645668
11
1.6928366929133858
21
2.5987716929133859
0
LINE
8
BLACK
6
CONTINUOUS
10
1.6928366929133858
20
2.5987716929133859
11
1.6928442125984251
21
2.5986658267716534
0
LINE
8
BLACK
6
CONTINUOUS
10
1.6928442125984251
20
2.5986658267716534
11
1.6928848031496062
21
2.5985678346456691
0
LINE
8
BLACK
6
CONTINUOUS
10
1.6928848031496062
20
2.5985678346456691
11
1.6929415354330708
21
2.5979917716535432
0
LINE
8
BLACK
6
CONTINUOUS
10
1.6929415354330708
20
2.5979917716535432
11
1.6929415354330708
21
2.5773693307086614
0
LINE
8
BLACK
6
CONTINUOUS
10
1.6929415354330708
20
2.5773693307086614
11
1.6928848031496062
21
2.5767932677165355
0
LINE
8
BLACK
6
CONTINUOUS
10
1.6928848031496062
20
2.5767932677165355
11
1.6924438976377953
21
2.5757288582677167
0
LINE
8
BLACK
6
CONTINUOUS
10
1.6924438976377953
20
2.5757288582677167
11
1.6916292519685039
21
2.5749142125984252
0
LINE
8
BLACK
6
CONTINUOUS
10
1.6916292519685039
20
2.5749142125984252
11
1.6905648425196851
21
2.5744733070866141
0
LINE
8
BLACK
6
CONTINUOUS
10
1.6905648425196851
20
2.5744733070866141
11
1.6894127165354331
21
2.5744733070866141
0
LINE
8
BLACK
6
CONTINUOUS
10
1.6894127165354331
20
2.5744733070866141
11
1.6883483070866141
21
2.5749142125984252
0
LINE
8
BLACK
6
CONTINUOUS
10
1.6883483070866141
20
2.5749142125984252
11
1.6875336614173229
21
2.5757288582677167
0
LINE
8
BLACK
6
CONTINUOUS
10
1.6875336614173229
20
2.5757288582677167
11
1.6870927559055118
21
2.5767932677165355
0
LINE
8
BLACK
6
CONTINUOUS
10
1.6870927559055118
20
2.5767932677165355
11
1.6870360236220472
21
2.5773693307086614
0
LINE
8
BLACK
6
CONTINUOUS
10
1.6870360236220472
20
2.5773693307086614
11
1.6870360236220472
21
2.5972947244094486
0
LINE
8
BLACK
6
CONTINUOUS
10
1.6870360236220472
20
2.5972947244094486
11
1.6859131496062991
21
2.5995404724409448
0
LINE
8
BLACK
6
CONTINUOUS
10
1.6859131496062991
20
2.5995404724409448
11
1.6836674015748032
21
2.6006633070866143
0
LINE
8
BLACK
6
CONTINUOUS
10
1.6836674015748032
20
2.6006633070866143
11
1.6794372047244095
21
2.6006633070866143
0
LINE
8
BLACK
6
CONTINUOUS
10
1.6794372047244095
20
2.6006633070866143
11
1.6771914566929134
21
2.5995404724409448
0
LINE
8
BLACK
6
CONTINUOUS
10
1.6771914566929134
20
2.5995404724409448
11
1.676068622047244
21
2.5972947244094486
0
LINE
8
BLACK
6
CONTINUOUS
10
1.676068622047244
20
2.5972947244094486
11
1.676068622047244
21
2.5773693307086614
0
LINE
8
BLACK
6
CONTINUOUS
10
1.676068622047244
20
2.5773693307086614
11
1.6760118897637795
21
2.5767932677165355
0
LINE
8
BLACK
6
CONTINUOUS
10
1.6760118897637795
20
2.5767932677165355
11
1.6755709842519684
21
2.5757288582677167
0
LINE
8
BLACK
6
CONTINUOUS
10
1.6755709842519684
20
2.5757288582677167
11
1.6747563385826771
21
2.5749142125984252
0
LINE
8
BLACK
6
CONTINUOUS
10
1.6747563385826771
20
2.5749142125984252
11
1.6736919291338583
21
2.5744733070866141
0
LINE
8
BLACK
6
CONTINUOUS
10
1.6736919291338583
20
2.5744733070866141
11
1.6725398031496062
21
2.5744733070866141
0
LINE
8
BLACK
6
CONTINUOUS
10
1.6725398031496062
20
2.5744733070866141
11
1.6714753937007873
21
2.5749142125984252
0
LINE
8
BLACK
6
CONTINUOUS
10
1.6714753937007873
20
2.5749142125984252
11
1.6706607480314961
21
2.5757288582677167
0
LINE
8
BLACK
6
CONTINUOUS
10
1.6706607480314961
20
2.5757288582677167
11
1.670219842519685
21
2.5767932677165355
0
LINE
8
BLACK
6
CONTINUOUS
10
1.670219842519685
20
2.5767932677165355
11
1.6701631102362204
21
2.5773693307086614
0
LINE
8
BLACK
6
CONTINUOUS
10
1.6701631102362204
20
2.5773693307086614
11
1.6701631102362204
21
2.5972947244094486
0
LINE
8
BLACK
6
CONTINUOUS
10
1.6701631102362204
20
2.5972947244094486
11
1.6690402362204724
21
2.5995404724409448
0
LINE
8
BLACK
6
CONTINUOUS
10
1.6690402362204724
20
2.5995404724409448
11
1.666794527559055
21
2.6006633070866143
0
LINE
8
BLACK
6
CONTINUOUS
10
1.666794527559055
20
2.6006633070866143
11
1.6625643307086613
21
2.6006633070866143
0
LINE
8
BLACK
6
CONTINUOUS
10
1.6625643307086613
20
2.6006633070866143
11
1.6598668503937009
21
2.599314566929134
0
LINE
8
BLACK
6
CONTINUOUS
10
1.6598668503937009
20
2.599314566929134
11
1.6591957480314961
21
2.598643464566929
0
LINE
8
BLACK
6
CONTINUOUS
10
1.6591957480314961
20
2.598643464566929
11
1.6591957480314961
21
2.5773693307086614
0
LINE
8
BLACK
6
CONTINUOUS
10
1.6591957480314961
20
2.5773693307086614
11
1.6591390157480315
21
2.5767932677165355
0
LINE
8
BLACK
6
CONTINUOUS
10
1.6591390157480315
20
2.5767932677165355
11
1.6586981102362204
21
2.5757288582677167
0
LINE
8
BLACK
6
CONTINUOUS
10
1.6586981102362204
20
2.5757288582677167
11
1.6578834645669291
21
2.5749142125984252
0
LINE
8
BLACK
6
CONTINUOUS
10
1.6578834645669291
20
2.5749142125984252
11
1.6568190551181101
21
2.5744733070866141
0
LINE
8
BLACK
6
CONTINUOUS
10
1.6568190551181101
20
2.5744733070866141
11
1.6556669291338582
21
2.5744733070866141
0
LINE
8
BLACK
6
CONTINUOUS
10
1.6556669291338582
20
2.5744733070866141
11
1.6546025196850394
21
2.5749142125984252
0
LINE
8
BLACK
6
CONTINUOUS
10
1.6546025196850394
20
2.5749142125984252
11
1.6537878740157479
21
2.5757288582677167
0
LINE
8
BLACK
6
CONTINUOUS
10
1.6537878740157479
20
2.5757288582677167
11
1.653346968503937
21
2.5767932677165355
0
LINE
8
BLACK
6
CONTINUOUS
10
1.653346968503937
20
2.5767932677165355
11
1.6532902362204724
21
2.5773693307086614
0
LINE
8
BLACK
6
CONTINUOUS
10
1.6532902362204724
20
2.5773693307086614
11
1.6532902362204724
21
2.6036160629921259
0
LINE
8
BLACK
6
CONTINUOUS
10
1.6532902362204724
20
2.6036160629921259
11
1.653346968503937
21
2.6041921259842518
0
LINE
8
BLACK
6
CONTINUOUS
10
1.653346968503937
20
2.6041921259842518
11
1.6537878740157479
21
2.605256535433071
0
LINE
8
BLACK
6
CONTINUOUS
10
1.6537878740157479
20
2.605256535433071
11
1.6546025196850394
21
2.606071181102362
0
LINE
8
BLACK
6
CONTINUOUS
10
1.6546025196850394
20
2.606071181102362
11
1.6556669291338582
21
2.6065120866141731
0
LINE
8
BLACK
6
CONTINUOUS
10
1.6556669291338582
20
2.6065120866141731
11
1.6568190551181101
21
2.6065120866141731
0
LINE
8
BLACK
6
CONTINUOUS
10
1.6568190551181101
20
2.6065120866141731
11
1.6578834645669291
21
2.606071181102362
0
LINE
8
BLACK
6
CONTINUOUS
10
1.6578834645669291
20
2.606071181102362
11
1.6586472834645669
21
2.6053073622047243
0
LINE
8
BLACK
6
CONTINUOUS
10
1.6586472834645669
20
2.6053073622047243
11
1.6605467716535434
21
2.606257086614173
0
LINE
8
BLACK
6
CONTINUOUS
10
1.6605467716535434
20
2.606257086614173
11
1.6610873622047244
21
2.6064639763779529
0
LINE
8
BLACK
6
CONTINUOUS
10
1.6610873622047244
20
2.6064639763779529
11
1.6611932283464566
21
2.6064715354330708
0
LINE
8
BLACK
6
CONTINUOUS
10
1.6611932283464566
20
2.6064715354330708
11
1.6612912204724408
21
2.6065120866141731
0
LINE
8
BLACK
6
CONTINUOUS
10
1.6612912204724408
20
2.6065120866141731
11
1.6618672834645669
21
2.6065688188976379
0
LINE
8
BLACK
6
CONTINUOUS
10
1.6618672834645669
20
2.6065688188976379
11
1.6674915748031496
21
2.6065688188976379
0
LINE
8
BLACK
6
CONTINUOUS
10
1.6674915748031496
20
2.6065688188976379
11
1.6680676377952754
21
2.6065120866141731
0
LINE
8
BLACK
6
CONTINUOUS
10
1.720561062992126
20
2.6065120866141731
11
1.7206590551181102
21
2.606471496062992
0
LINE
8
BLACK
6
CONTINUOUS
10
1.7206590551181102
20
2.606471496062992
11
1.7207648818897638
21
2.6064639763779529
0
LINE
8
BLACK
6
CONTINUOUS
10
1.7207648818897638
20
2.6064639763779529
11
1.7213055118110236
21
2.606257086614173
0
LINE
8
BLACK
6
CONTINUOUS
10
1.7213055118110236
20
2.606257086614173
11
1.7250550393700788
21
2.6043823228346454
0
LINE
8
BLACK
6
CONTINUOUS
10
1.7250550393700788
20
2.6043823228346454
11
1.7251513779527559
21
2.6043216929133859
0
LINE
8
BLACK
6
CONTINUOUS
10
1.7251513779527559
20
2.6043216929133859
11
1.725196811023622
21
2.604306535433071
0
LINE
8
BLACK
6
CONTINUOUS
10
1.725196811023622
20
2.604306535433071
11
1.7252533464566928
21
2.6042575196850395
0
LINE
8
BLACK
6
CONTINUOUS
10
1.7252533464566928
20
2.6042575196850395
11
1.7255449212598424
21
2.6040739763779528
0
LINE
8
BLACK
6
CONTINUOUS
10
1.7255449212598424
20
2.6040739763779528
11
1.7256092913385825
21
2.6039997637795276
0
LINE
8
BLACK
6
CONTINUOUS
10
1.7256092913385825
20
2.6039997637795276
11
1.7256736614173227
21
2.6040739763779528
0
LINE
8
BLACK
6
CONTINUOUS
10
1.7256736614173227
20
2.6040739763779528
11
1.7259651968503937
21
2.6042575196850395
0
LINE
8
BLACK
6
CONTINUOUS
10
1.7259651968503937
20
2.6042575196850395
11
1.7260217716535433
21
2.604306535433071
0
LINE
8
BLACK
6
CONTINUOUS
10
1.7260217716535433
20
2.604306535433071
11
1.7260671653543307
21
2.6043216929133859
0
LINE
8
BLACK
6
CONTINUOUS
10
1.7260671653543307
20
2.6043216929133859
11
1.7261635433070865
21
2.6043823228346454
0
LINE
8
BLACK
6
CONTINUOUS
10
1.7261635433070865
20
2.6043823228346454
11
1.7299130708661417
21
2.606257086614173
0
LINE
8
BLACK
6
CONTINUOUS
10
1.7299130708661417
20
2.606257086614173
11
1.7304536614173227
21
2.6064639763779529
0
LINE
8
BLACK
6
CONTINUOUS
10
1.7304536614173227
20
2.6064639763779529
11
1.7305595275590551
21
2.6064715354330708
0
LINE
8
BLACK
6
CONTINUOUS
10
1.7305595275590551
20
2.6064715354330708
11
1.7306575196850393
21
2.6065120866141731
0
LINE
8
BLACK
6
CONTINUOUS
10
1.7306575196850393
20
2.6065120866141731
11
1.7312335826771652
21
2.6065688188976379
0
LINE
8
BLACK
6
CONTINUOUS
10
1.7312335826771652
20
2.6065688188976379
11
1.7368578740157481
21
2.6065688188976379
0
LINE
8
BLACK
6
CONTINUOUS
10
1.7368578740157481
20
2.6065688188976379
11
1.737433937007874
21
2.6065120866141731
0
LINE
8
BLACK
6
CONTINUOUS
10
1.737433937007874
20
2.6065120866141731
11
1.7375319291338582
21
2.606471496062992
0
LINE
8
BLACK
6
CONTINUOUS
10
1.7375319291338582
20
2.606471496062992
11
1.7376377559055118
21
2.6064639763779529
0
LINE
8
BLACK
6
CONTINUOUS
10
1.7376377559055118
20
2.6064639763779529
11
1.7381783858267716
21
2.606257086614173
0
LINE
8
BLACK
6
CONTINUOUS
10
1.7381783858267716
20
2.606257086614173
11
1.7419279527559055
21
2.6043823228346454
0
LINE
8
BLACK
6
CONTINUOUS
10
1.7419279527559055
20
2.6043823228346454
11
1.7420242519685039
21
2.6043216929133859
0
LINE
8
BLACK
6
CONTINUOUS
10
1.7420242519685039
20
2.6043216929133859
11
1.7420697244094487
21
2.604306535433071
0
LINE
8
BLACK
6
CONTINUOUS
10
1.7420697244094487
20
2.604306535433071
11
1.7421262992125983
21
2.6042574803149607
0
LINE
8
BLACK
6
CONTINUOUS
10
1.7421262992125983
20
2.6042574803149607
11
1.7424177952755906
21
2.6040739763779528
0
LINE
8
BLACK
6
CONTINUOUS
10
1.7424177952755906
20
2.6040739763779528
11
1.7426602755905511
21
2.6037943700787403
0
LINE
8
BLACK
6
CONTINUOUS
10
1.7426602755905511
20
2.6037943700787403
11
1.7429401181102362
21
2.6035516929133857
0
LINE
8
BLACK
6
CONTINUOUS
10
1.7429401181102362
20
2.6035516929133857
11
1.7431236220472441
21
2.6032601574803147
0
LINE
8
BLACK
6
CONTINUOUS
10
1.7431236220472441
20
2.6032601574803147
11
1.7431726771653544
21
2.6032035826771653
0
LINE
8
BLACK
6
CONTINUOUS
10
1.7431726771653544
20
2.6032035826771653
11
1.7431877952755905
21
2.6031581889763777
0
LINE
8
BLACK
6
CONTINUOUS
10
1.7431877952755905
20
2.6031581889763777
11
1.7432484645669291
21
2.6030618110236219
0
LINE
8
BLACK
6
CONTINUOUS
10
1.7432484645669291
20
2.6030618110236219
11
1.7451232283464566
21
2.5993122834645668
0
LINE
8
BLACK
6
CONTINUOUS
10
1.7451232283464566
20
2.5993122834645668
11
1.7453301181102361
21
2.5987716929133859
0
LINE
8
BLACK
6
CONTINUOUS
10
1.7453301181102361
20
2.5987716929133859
11
1.7453376377952756
21
2.5986658267716534
0
LINE
8
BLACK
6
CONTINUOUS
10
1.7453376377952756
20
2.5986658267716534
11
1.7453782283464567
21
2.5985678346456691
0
LINE
8
BLACK
6
CONTINUOUS
10
1.7453782283464567
20
2.5985678346456691
11
1.7454349606299213
21
2.5979917716535432
0
LINE
8
BLACK
6
CONTINUOUS
10
1.7454349606299213
20
2.5979917716535432
11
1.7454349606299213
21
2.5773693307086614
0
LINE
8
BLACK
6
CONTINUOUS
10
1.7454349606299213
20
2.5773693307086614
11
1.7453782283464567
21
2.5767932677165355
0
LINE
8
BLACK
6
CONTINUOUS
10
1.7453782283464567
20
2.5767932677165355
11
1.7449373228346456
21
2.5757288582677167
0
LINE
8
BLACK
6
CONTINUOUS
10
1.7449373228346456
20
2.5757288582677167
11
1.7441226771653542
21
2.5749142125984252
0
LINE
8
BLACK
6
CONTINUOUS
10
1.7441226771653542
20
2.5749142125984252
11
1.7430582677165354
21
2.5744733070866141
0
LINE
8
BLACK
6
CONTINUOUS
10
1.7430582677165354
20
2.5744733070866141
11
1.7419061417322834
21
2.5744733070866141
0
LINE
8
BLACK
6
CONTINUOUS
10
1.7419061417322834
20
2.5744733070866141
11
1.7408417322834646
21
2.5749142125984252
0
LINE
8
BLACK
6
CONTINUOUS
10
1.7408417322834646
20
2.5749142125984252
11
1.7400270866141732
21
2.5757288582677167
0
LINE
8
BLACK
6
CONTINUOUS
10
1.7400270866141732
20
2.5757288582677167
11
1.7395861811023621
21
2.5767932677165355
0
LINE
8
BLACK
6
CONTINUOUS
10
1.7395861811023621
20
2.5767932677165355
11
1.7395294488188977
21
2.5773693307086614
0
LINE
8
BLACK
6
CONTINUOUS
10
1.7395294488188977
20
2.5773693307086614
11
1.7395294488188977
21
2.5972947244094486
0
LINE
8
BLACK
6
CONTINUOUS
10
1.7395294488188977
20
2.5972947244094486
11
1.7384065748031496
21
2.5995404724409448
0
LINE
8
BLACK
6
CONTINUOUS
10
1.7384065748031496
20
2.5995404724409448
11
1.7361608267716535
21
2.6006633070866143
0
LINE
8
BLACK
6
CONTINUOUS
10
1.7361608267716535
20
2.6006633070866143
11
1.7319306299212598
21
2.6006633070866143
0
LINE
8
BLACK
6
CONTINUOUS
10
1.7319306299212598
20
2.6006633070866143
11
1.7296848818897637
21
2.5995404724409448
0
LINE
8
BLACK
6
CONTINUOUS
10
1.7296848818897637
20
2.5995404724409448
11
1.7285620472440943
21
2.5972947244094486
0
LINE
8
BLACK
6
CONTINUOUS
10
1.7285620472440943
20
2.5972947244094486
11
1.7285620472440943
21
2.5773693307086614
0
LINE
8
BLACK
6
CONTINUOUS
10
1.7285620472440943
20
2.5773693307086614
11
1.72850531496063
21
2.5767932677165355
0
LINE
8
BLACK
6
CONTINUOUS
10
1.72850531496063
20
2.5767932677165355
11
1.7280644094488189
21
2.5757288582677167
0
LINE
8
BLACK
6
CONTINUOUS
10
1.7280644094488189
20
2.5757288582677167
11
1.7272497637795274
21
2.5749142125984252
0
LINE
8
BLACK
6
CONTINUOUS
10
1.7272497637795274
20
2.5749142125984252
11
1.7261853543307086
21
2.5744733070866141
0
LINE
8
BLACK
6
CONTINUOUS
10
1.7261853543307086
20
2.5744733070866141
11
1.7250332283464567
21
2.5744733070866141
0
LINE
8
BLACK
6
CONTINUOUS
10
1.7250332283464567
20
2.5744733070866141
11
1.7239688188976379
21
2.5749142125984252
0
LINE
8
BLACK
6
CONTINUOUS
10
1.7239688188976379
20
2.5749142125984252
11
1.7231541732283464
21
2.5757288582677167
0
LINE
8
BLACK
6
CONTINUOUS
10
1.7231541732283464
20
2.5757288582677167
11
1.7227132677165353
21
2.5767932677165355
0
LINE
8
BLACK
6
CONTINUOUS
10
1.7227132677165353
20
2.5767932677165355
11
1.7226565354330707
21
2.5773693307086614
0
LINE
8
BLACK
6
CONTINUOUS
10
1.7226565354330707
20
2.5773693307086614
11
1.7226565354330707
21
2.5972947244094486
0
LINE
8
BLACK
6
CONTINUOUS
10
1.7226565354330707
20
2.5972947244094486
11
1.7215336614173229
21
2.5995404724409448
0
LINE
8
BLACK
6
CONTINUOUS
10
1.7215336614173229
20
2.5995404724409448
11
1.7192879527559055
21
2.6006633070866143
0
LINE
8
BLACK
6
CONTINUOUS
10
1.7192879527559055
20
2.6006633070866143
11
1.7150577559055118
21
2.6006633070866143
0
LINE
8
BLACK
6
CONTINUOUS
10
1.7150577559055118
20
2.6006633070866143
11
1.7123602755905512
21
2.599314566929134
0
LINE
8
BLACK
6
CONTINUOUS
10
1.7123602755905512
20
2.599314566929134
11
1.7116891732283464
21
2.598643464566929
0
LINE
8
BLACK
6
CONTINUOUS
10
1.7116891732283464
20
2.598643464566929
11
1.7116891732283464
21
2.5773693307086614
0
LINE
8
BLACK
6
CONTINUOUS
10
1.7116891732283464
20
2.5773693307086614
11
1.7116324409448818
21
2.5767932677165355
0
LINE
8
BLACK
6
CONTINUOUS
10
1.7116324409448818
20
2.5767932677165355
11
1.7111915354330709
21
2.5757288582677167
0
LINE
8
BLACK
6
CONTINUOUS
10
1.7111915354330709
20
2.5757288582677167
11
1.7103768897637794
21
2.5749142125984252
0
LINE
8
BLACK
6
CONTINUOUS
10
1.7103768897637794
20
2.5749142125984252
11
1.7093124803149606
21
2.5744733070866141
0
LINE
8
BLACK
6
CONTINUOUS
10
1.7093124803149606
20
2.5744733070866141
11
1.7081603543307087
21
2.5744733070866141
0
LINE
8
BLACK
6
CONTINUOUS
10
1.7081603543307087
20
2.5744733070866141
11
1.7070959448818896
21
2.5749142125984252
0
LINE
8
BLACK
6
CONTINUOUS
10
1.7070959448818896
20
2.5749142125984252
11
1.7062812992125984
21
2.5757288582677167
0
LINE
8
BLACK
6
CONTINUOUS
10
1.7062812992125984
20
2.5757288582677167
11
1.7058403937007873
21
2.5767932677165355
0
LINE
8
BLACK
6
CONTINUOUS
10
1.7058403937007873
20
2.5767932677165355
11
1.7057836614173227
21
2.5773693307086614
0
LINE
8
BLACK
6
CONTINUOUS
10
1.7057836614173227
20
2.5773693307086614
11
1.7057836614173227
21
2.6036160629921259
0
LINE
8
BLACK
6
CONTINUOUS
10
1.7057836614173227
20
2.6036160629921259
11
1.7058403937007873
21
2.6041921259842518
0
LINE
8
BLACK
6
CONTINUOUS
10
1.7058403937007873
20
2.6041921259842518
11
1.7062812992125984
21
2.605256535433071
0
LINE
8
BLACK
6
CONTINUOUS
10
1.7062812992125984
20
2.605256535433071
11
1.7070959448818896
21
2.606071181102362
0
LINE
8
BLACK
6
CONTINUOUS
10
1.7070959448818896
20
2.606071181102362
11
1.7081603543307087
21
2.6065120866141731
0
LINE
8
BLACK
6
CONTINUOUS
10
1.7081603543307087
20
2.6065120866141731
11
1.7093124803149606
21
2.6065120866141731
0
LINE
8
BLACK
6
CONTINUOUS
10
1.7093124803149606
20
2.6065120866141731
11
1.7103768897637794
21
2.606071181102362
0
LINE
8
BLACK
6
CONTINUOUS
10
1.7103768897637794
20
2.606071181102362
11
1.7111407086614172
21
2.6053073622047243
0
LINE
8
BLACK
6
CONTINUOUS
10
1.7111407086614172
20
2.6053073622047243
11
1.7130401968503937
21
2.606257086614173
0
LINE
8
BLACK
6
CONTINUOUS
10
1.7130401968503937
20
2.606257086614173
11
1.7135807874015747
21
2.6064639763779529
0
LINE
8
BLACK
6
CONTINUOUS
10
1.7135807874015747
20
2.6064639763779529
11
1.7136866535433071
21
2.6064715354330708
0
LINE
8
BLACK
6
CONTINUOUS
10
1.7136866535433071
20
2.6064715354330708
11
1.7137846456692913
21
2.6065120866141731
0
LINE
8
BLACK
6
CONTINUOUS
10
1.7137846456692913
20
2.6065120866141731
11
1.7143607086614172
21
2.6065688188976379
0
LINE
8
BLACK
6
CONTINUOUS
10
1.7143607086614172
20
2.6065688188976379
11
1.7199849999999999
21
2.6065688188976379
0
LINE
8
BLACK
6
CONTINUOUS
10
1.7199849999999999
20
2.6065688188976379
11
1.720561062992126
21
2.6065120866141731
0
CIRCLE
8
BLACK
10
0.4
20
2.
40
0.0068897637795276
0
CIRCLE
8
BLACK
10
2.7999999999999998
20
2.
40
0.0068897637795276
0
CIRCLE
8
BLACK
10
0.4
20
0.4
40
0.0068897637795276
0
CIRCLE
8
BLACK
10
2.7999999999999998
20
0.4
40
0.0068897637795276
0
CIRCLE
8
BLACK
10
2.3395433070866143
20
0.9159999999999999
40
0.0068897637795276
0
CIRCLE
8
BLACK
10
2.3395433070866143
20
1.1128503937007874
40
0.0068897637795276
0
CIRCLE
8
BLACK
10
0.9
20
2.1000000000000001
40
0.0068897637795276
0
CIRCLE
8
BLACK
10
0.9
20
2.
40
0.0068897637795276
0
CIRCLE
8
BLACK
10
1.
20
2.1000000000000001
40
0.0068897637795276
0
CIRCLE
8
BLACK
10
1.
20
2.
40
0.0068897637795276
0
CIRCLE
8
BLACK
10
1.0999999999999999
20
2.1000000000000001
40
0.0068897637795276
0
CIRCLE
8
BLACK
10
1.0999999999999999
20
2.
40
0.0068897637795276
0
CIRCLE
8
BLACK
10
1.2
20
2.1000000000000001
40
0.0068897637795276
0
CIRCLE
8
BLACK
10
1.2
20
2.
40
0.0068897637795276
0
CIRCLE
8
BLACK
10
1.3
20
2.1000000000000001
40
0.0068897637795276
0
CIRCLE
8
BLACK
10
1.3
20
2.
40
0.0068897637795276
0
CIRCLE
8
BLACK
10
1.3999999999999999
20
2.1000000000000001
40
0.0068897637795276
0
CIRCLE
8
BLACK
10
1.3999999999999999
20
2.
40
0.0068897637795276
0
CIRCLE
8
BLACK
10
1.5
20
2.1000000000000001
40
0.0068897637795276
0
CIRCLE
8
BLACK
10
1.5
20
2.
40
0.0068897637795276
0
CIRCLE
8
BLACK
10
1.5999999999999999
20
2.1000000000000001
40
0.0068897637795276
0
CIRCLE
8
BLACK
10
1.5999999999999999
20
2.
40
0.0068897637795276
0
CIRCLE
8
BLACK
10
1.7
20
2.1000000000000001
40
0.0068897637795276
0
CIRCLE
8
BLACK
10
1.7
20
2.
40
0.0068897637795276
0
CIRCLE
8
BLACK
10
1.8
20
2.1000000000000001
40
0.0068897637795276
0
CIRCLE
8
BLACK
10
1.8
20
2.
40
0.0068897637795276
0
CIRCLE
8
BLACK
10
1.8999999999999999
20
2.1000000000000001
40
0.0068897637795276
0
CIRCLE
8
BLACK
10
1.8999999999999999
20
2.
40
0.0068897637795276
0
CIRCLE
8
BLACK
10
2.
20
2.1000000000000001
40
0.0068897637795276
0
CIRCLE
8
BLACK
10
2.
20
2.
40
0.0068897637795276
0
CIRCLE
8
BLACK
10
2.1000000000000001
20
2.1000000000000001
40
0.0068897637795276
0
CIRCLE
8
BLACK
10
2.1000000000000001
20
2.
40
0.0068897637795276
0
CIRCLE
8
BLACK
10
2.1999999999999997
20
2.1000000000000001
40
0.0068897637795276
0
CIRCLE
8
BLACK
10
2.1999999999999997
20
2.
40
0.0068897637795276
0
CIRCLE
8
BLACK
10
2.2999999999999998
20
2.1000000000000001
40
0.0068897637795276
0
CIRCLE
8
BLACK
10
2.2999999999999998
20
2.
40
0.0068897637795276
0
CIRCLE
8
BLACK
10
0.4
20
2.
40
0.0068897637795276
0
CIRCLE
8
BLACK
10
2.7999999999999998
20
2.
40
0.0068897637795276
0
CIRCLE
8
BLACK
10
0.4
20
0.4
40
0.0068897637795276
0
CIRCLE
8
BLACK
10
2.7999999999999998
20
0.4
40
0.0068897637795276
0
CIRCLE
8
BLACK
10
2.3395433070866143
20
0.9159999999999999
40
0.0068897637795276
0
CIRCLE
8
BLACK
10
2.3395433070866143
20
1.1128503937007874
40
0.0068897637795276
0
CIRCLE
8
BLACK
10
0.9
20
2.1000000000000001
40
0.0068897637795276
0
CIRCLE
8
BLACK
10
0.9
20
2.
40
0.0068897637795276
0
CIRCLE
8
BLACK
10
1.
20
2.1000000000000001
40
0.0068897637795276
0
CIRCLE
8
BLACK
10
1.
20
2.
40
0.0068897637795276
0
CIRCLE
8
BLACK
10
1.0999999999999999
20
2.1000000000000001
40
0.0068897637795276
0
CIRCLE
8
BLACK
10
1.0999999999999999
20
2.
40
0.0068897637795276
0
CIRCLE
8
BLACK
10
1.2
20
2.1000000000000001
40
0.0068897637795276
0
CIRCLE
8
BLACK
10
1.2
20
2.
40
0.0068897637795276
0
CIRCLE
8
BLACK
10
1.3
20
2.1000000000000001
40
0.0068897637795276
0
CIRCLE
8
BLACK
10
1.3
20
2.
40
0.0068897637795276
0
CIRCLE
8
BLACK
10
1.3999999999999999
20
2.1000000000000001
40
0.0068897637795276
0
CIRCLE
8
BLACK
10
1.3999999999999999
20
2.
40
0.0068897637795276
0
CIRCLE
8
BLACK
10
1.5
20
2.1000000000000001
40
0.0068897637795276
0
CIRCLE
8
BLACK
10
1.5
20
2.
40
0.0068897637795276
0
CIRCLE
8
BLACK
10
1.5999999999999999
20
2.1000000000000001
40
0.0068897637795276
0
CIRCLE
8
BLACK
10
1.5999999999999999
20
2.
40
0.0068897637795276
0
CIRCLE
8
BLACK
10
1.7
20
2.1000000000000001
40
0.0068897637795276
0
CIRCLE
8
BLACK
10
1.7
20
2.
40
0.0068897637795276
0
CIRCLE
8
BLACK
10
1.8
20
2.1000000000000001
40
0.0068897637795276
0
CIRCLE
8
BLACK
10
1.8
20
2.
40
0.0068897637795276
0
CIRCLE
8
BLACK
10
1.8999999999999999
20
2.1000000000000001
40
0.0068897637795276
0
CIRCLE
8
BLACK
10
1.8999999999999999
20
2.
40
0.0068897637795276
0
CIRCLE
8
BLACK
10
2.
20
2.1000000000000001
40
0.0068897637795276
0
CIRCLE
8
BLACK
10
2.
20
2.
40
0.0068897637795276
0
CIRCLE
8
BLACK
10
2.1000000000000001
20
2.1000000000000001
40
0.0068897637795276
0
CIRCLE
8
BLACK
10
2.1000000000000001
20
2.
40
0.0068897637795276
0
CIRCLE
8
BLACK
10
2.1999999999999997
20
2.1000000000000001
40
0.0068897637795276
0
CIRCLE
8
BLACK
10
2.1999999999999997
20
2.
40
0.0068897637795276
0
CIRCLE
8
BLACK
10
2.2999999999999998
20
2.1000000000000001
40
0.0068897637795276
0
CIRCLE
8
BLACK
10
2.2999999999999998
20
2.
40
0.0068897637795276
  0
ENDSEC
  0
EOF
